step,elapsed_seconds,loss,learning_rate
1,30.620651404000455,11.2001,0.0
2,30.80491077700026,11.2067,1.700591890222212e-05
3,32.01914691999991,11.1579,1.7106701112777754e-05
4,32.2007195540009,11.175,1.7781501576110816e-05
5,32.38068659900091,11.1729,1.78822288327774e-05
6,32.557532875000106,11.1659,1.798218621444499e-05
7,32.73653155899956,11.1122,1.808050069333351e-05
8,32.91612701200029,11.0832,1.8179969018888693e-05
9,33.09559568400073,11.0675,1.8279714042222016e-05
10,33.27223587899971,11.0949,1.8379454647221995e-05
11,33.45318702400073,11.0264,1.847754350055564e-05
12,33.63467975700041,11.0646,1.8577948467778294e-05
13,33.813235931000236,11.0587,1.867880109222218e-05
14,33.994605207999484,11.0309,1.8778068285555493e-05
15,34.17023067000082,11.0649,1.8878815419999834e-05
16,34.34876600899952,10.8721,1.8976452330000234e-05
17,34.528940599000634,10.9288,1.907566330333389e-05
18,34.707020341000316,10.9913,1.9175690622778348e-05
19,34.88721996200002,10.9323,1.9274582028888795e-05
20,35.06753542400111,10.9119,1.9374785290555237e-05
21,35.24535671400008,10.7964,1.9474891227777738e-05
22,35.423595749000015,10.8446,1.9573723447221912e-05
23,35.59939807500086,10.888,1.9672712669444082e-05
24,35.77833121900039,10.8418,1.9770421886667263e-05
25,35.953386741999566,10.8317,1.9869917147778122e-05
26,36.129261193000275,10.8827,1.9967183844444463e-05
27,36.308527182000034,10.7413,2.0064721123333383e-05
28,36.48886110100102,10.7422,2.0164410815555635e-05
29,36.66594000999976,10.8309,2.026454817277833e-05
30,36.84335241000008,10.7708,2.036298573000042e-05
31,37.02166223899985,10.5096,2.0461540903333015e-05
32,37.70959153600052,10.5633,2.0560598872222425e-05
33,37.888643205000335,10.5507,2.094275531833369e-05
34,38.06679903999975,10.4801,2.1042140776110807e-05
35,38.246995043000425,10.4858,2.1141194311111475e-05
36,38.42766256399955,10.3317,2.124124715444446e-05
37,38.60802048200094,10.3986,2.1341563044444328e-05
38,38.785834083000736,10.3463,2.144182866111098e-05
39,38.963714993000394,10.3977,2.154071060833303e-05
40,39.14137101000051,10.2321,2.1639493522222134e-05
41,39.320124466999914,10.1605,2.1738152753333553e-05
42,39.500264108999545,10.2476,2.183743668777829e-05
43,39.6815094070007,10.121,2.1937493873333048e-05
44,39.85951320000095,10.1994,2.203816743666721e-05
45,40.036859211000774,9.9869,2.2137228534444757e-05
46,40.21422090499982,10.085,2.2235720532221927e-05
47,40.38956776499981,10.0563,2.2334158255000352e-05
48,40.56155326299995,10.0475,2.2431682726111023e-05
49,40.73995299700073,10.0185,2.252716574999997e-05
50,40.918053897999926,10.095,2.262623118833391e-05
51,41.09689818200059,9.7531,2.2725242062778208e-05
52,41.27399247100038,9.8916,2.2824606367778163e-05
53,41.45267834700098,9.5686,2.2922958156110933e-05
54,41.63027107800008,9.6986,2.302227339666691e-05
55,41.811337275999904,9.7103,2.312086679722193e-05
56,41.99141136900107,9.5826,2.32214381755552e-05
57,42.17078244100048,9.7147,2.33214348727779e-05
58,42.34895930200037,9.6007,2.3421254887222556e-05
59,42.52650768000058,9.2797,2.3520246923333412e-05
60,42.70583847499984,9.4987,2.3618889215555707e-05
61,42.88398129900088,9.457,2.3718450925000273e-05
62,43.06006664199958,9.3397,2.381738053888916e-05
63,43.237454260999584,9.3635,2.391531361944443e-05
64,43.41576393200012,9.3713,2.4013817356111154e-05
65,43.59739886399984,9.407,2.4112977805000104e-05
66,43.7751072530009,9.1946,2.421377424166672e-05
67,43.95058344000063,9.1641,2.4312503144999734e-05
68,44.12697411100089,9.4106,2.440997336666644e-05
69,44.30550133500037,9.161,2.45080067100005e-05
70,44.48489644499932,9.3378,2.460720884500006e-05
71,44.66525835399989,9.1473,2.4706897162221948e-05
72,44.84591550799996,9.1218,2.4807070861110736e-05
73,45.02938742600054,9.0796,2.4907513000000312e-05
74,45.21154689600007,8.9069,2.500934501333379e-05
75,45.389697840000736,8.935,2.5110535778888637e-05
76,45.570609114000035,9.0131,2.520952121055517e-05
77,45.750317586000165,8.7923,2.531018532555613e-05
78,45.92301348699948,9.0445,2.540981960833354e-05
79,46.097525969000344,8.7615,2.5505777128889046e-05
80,46.2770602920009,8.8954,2.56027339122223e-05
81,46.454146337000566,8.7572,2.5702501774999798e-05
82,46.63139962900095,8.7674,2.5800913226111235e-05
83,46.81054768800095,8.8384,2.589935455833357e-05
84,46.98835777200111,8.9094,2.5998872660000218e-05
85,47.16482508499939,8.7851,2.6097639248888904e-05
86,47.341245999999956,8.7333,2.619565698222282e-05
87,47.51779386199996,8.8038,2.6293773031111413e-05
88,47.69671971800017,8.806,2.639175903444488e-05
89,47.87277197900039,8.7207,2.6491192011111103e-05
90,48.05211171799965,8.8662,2.6589027878889182e-05
91,48.227918922000754,8.3307,2.6688588994444823e-05
92,48.40744457300025,8.576,2.67863633572223e-05
93,48.58425659000022,8.649,2.6885935017777834e-05
94,48.76554890999978,8.5244,2.698424775944457e-05
95,48.947110299001,8.5049,2.7084869806666475e-05
96,49.12464160499985,8.5178,2.7185750649444646e-05
97,49.302052797000215,8.4448,2.7284432795000208e-05
98,49.48030952100089,8.2488,2.7383019998333114e-05
99,49.6566479560006,8.2417,2.748217465555576e-05
100,49.836098181000125,8.3309,2.7579993327222435e-05
101,50.01231050299975,8.3555,2.767963349999971e-05
102,50.19503581600111,8.6095,2.777763356111084e-05
103,50.372563627999625,8.2296,2.7879076747221915e-05
104,50.55061542099975,8.4598,2.797782869611082e-05
105,50.73035572399931,8.7474,2.807670181722238e-05
106,50.902050378999775,8.7175,2.8176525122221896e-05
107,51.080176622999716,8.1803,2.8272048171111237e-05
108,51.25670623000042,8.2034,2.837084073722205e-05
109,51.43407183800082,8.5463,2.8469027164444723e-05
110,51.61500871899989,8.3638,2.856746272000035e-05
111,51.791382333,8.2696,2.866803116555578e-05
112,51.96970798300026,8.4222,2.876598356000007e-05
113,52.14818704800018,8.8298,2.8864977604999797e-05
114,52.327213197000674,8.4292,2.896411115944425e-05
115,52.5078349129999,8.5585,2.9063660472778187e-05
116,52.686536413000795,8.3248,2.9163985572778173e-05
117,52.86165780900046,8.0279,2.9263407821111595e-05
118,53.0390919750007,8.2033,2.936059117166628e-05
119,53.217144625999936,8.4524,2.9459111742777775e-05
120,53.39726423100001,8.2044,2.9558003765555946e-05
121,53.57548806600062,8.2076,2.965814006833373e-05
122,53.75543172700054,8.3658,2.9757126277777897e-05
123,53.936889517000964,8.0454,2.9857208417222664e-05
124,54.111943996000264,8.4295,2.9957916052777973e-05
125,54.28641800100013,8.3181,3.0055159963888706e-05
126,54.466815809000764,8.2974,3.0152097978333487e-05
127,54.64674553700024,8.5243,3.0252280967222555e-05
128,54.82307832399965,8.134,3.0352303696666546e-05
129,54.99963079900044,8.3014,3.045022400277756e-05
130,55.17673633800041,8.2119,3.054837695499979e-05
131,55.3578401499999,8.5583,3.0646690701667266e-05
132,55.53268329000093,7.9958,3.0747370640555244e-05
133,55.712910210999325,8.0566,3.084457470444452e-05
134,55.89191042099992,8.332,3.0944574076111166e-05
135,56.07147367400103,8.3478,3.104401610222238e-05
136,56.25036131700108,8.1417,3.1143822128333344e-05
137,56.42670094499954,8.328,3.124329612444449e-05
138,56.60649525400004,8.1725,3.134120759500042e-05
139,56.78609789000075,8.3318,3.144103086666696e-05
140,56.966725284999484,7.9972,3.154073805777747e-05
141,57.144981343000836,8.1822,3.164112300611123e-05
142,57.32120817199939,7.8919,3.1740190783333065e-05
143,57.50003674199979,8.1317,3.183816771722276e-05
144,57.673516192000534,8.1653,3.1937444497778214e-05
145,57.85562887100059,8.0534,3.20339087338895e-05
146,58.03217244299958,8.0664,3.213496279222252e-05
147,58.20681183300076,8.2365,3.223317534777784e-05
148,58.38559699899997,8.256,3.2330065633889014e-05
149,58.56573791499977,8.0093,3.242953814611105e-05
150,58.743946734999554,8.3316,3.252946877500007e-05
151,58.92145545499989,8.2554,3.2628495409444445e-05
152,59.09671141900071,8.3987,3.272722623666697e-05
153,59.27496795499974,7.7895,3.282457532722219e-05
154,59.45357281100041,8.2758,3.2923557250555355e-05
155,59.63415249699938,8.076,3.3022728601111644e-05
156,59.81140632499955,8.1295,3.312310309888946e-05
157,59.984320517000015,7.903,3.3221662256111006e-05
158,60.1622668960008,8.2149,3.331766061222273e-05
159,60.34153525700094,7.8744,3.3416496299999686e-05
160,60.52605193800082,8.2692,3.3516135661111545e-05
161,60.704331242999615,8.2439,3.3618563440000395e-05
162,60.88282296299985,7.8277,3.37176925805559e-05
163,61.063249609000195,8.0672,3.381684932388857e-05
164,61.24264967800082,8.1694,3.3917018617222416e-05
165,61.42109965000054,8.1635,3.401678206833316e-05
166,61.599318075001065,8.4312,3.4115818022222206e-05
167,61.780209676000595,8.0688,3.421479432277819e-05
168,61.960345674000564,8.0686,3.431523732500055e-05
169,62.13711613899977,8.1347,3.4415335747777746e-05
170,62.31501883999954,8.4951,3.451360636055547e-05
171,62.49476086300092,8.1175,3.461243166500026e-05
172,62.67203076300029,7.9272,3.471236409611164e-05
173,62.85062651699991,8.0138,3.481074818e-05
174,63.029069270000036,7.8561,3.490992044444485e-05
175,63.20595378500002,7.7825,3.50091821955559e-05
176,63.38376523400075,7.9357,3.510749222777829e-05
177,63.56135924500086,7.8588,3.520617314333322e-05
178,63.73813404300017,8.0651,3.530478928444407e-05
179,63.915911182000855,8.1227,3.540311864722248e-05
180,64.0944194420008,7.8724,3.5501827131666786e-05
181,64.27013161099967,7.9265,3.5601014938889014e-05
182,64.4509019699999,7.658,3.5698664522222117e-05
183,64.63080339000044,7.9091,3.579910025777786e-05
184,64.80951606300005,8.11,3.589895422944412e-05
185,64.98625205000099,8.1358,3.5998266322777555e-05
186,65.1637120079995,7.9825,3.609653244055557e-05
187,65.33945247200063,8.2404,3.6194967673333545e-05
188,65.52007305299958,8.3171,3.6292761696111286e-05
189,65.69856062399958,7.772,3.6393028110555356e-05
190,65.87590523499966,8.0076,3.649233022055544e-05
191,66.05452750699988,8.1124,3.6590693392221916e-05
192,66.23263850600051,8.0367,3.668992912777766e-05
193,66.41207186500105,8.1381,3.6788925424444745e-05
194,66.5889119780004,7.7338,3.6888535759444496e-05
195,66.77098831900003,8.2185,3.698683058888896e-05
196,66.94988280799953,8.0655,3.708806350277781e-05
197,67.12860035199992,7.9926,3.718746510555523e-05
198,67.3096394180011,8.0904,3.7286681992222334e-05
199,67.4893303530007,7.9056,3.738718726500035e-05
200,67.66856058099984,7.9783,3.748713510444456e-05
201,67.84630500200001,7.7591,3.758675339388901e-05
202,68.01753861200086,7.7281,3.76854432322226e-05
203,68.19955111499985,7.909,3.778037289666726e-05
204,68.37794536799993,7.811,3.7881527575556096e-05
205,68.55991518300107,7.919,3.798078330833353e-05
206,68.73829216900049,7.824,3.808182090333301e-05
207,68.91796602999966,7.7451,3.8180907332778386e-05
208,69.09506272500039,7.8594,3.828084788111078e-05
209,69.27217478199964,8.0082,3.837916280833371e-05
210,69.44923008899968,7.5757,3.84775850799997e-05
211,69.62642530999983,7.8683,3.857583990666677e-05
212,69.80387644900111,7.8922,3.867432702222282e-05
213,69.98215986499963,8.315,3.877294914111089e-05
214,70.16029276900008,7.8091,3.887195857388886e-05
215,70.33789812599935,7.6365,3.897094793555577e-05
216,70.51588727499984,7.6892,3.906963365277787e-05
217,70.69853426600093,8.1476,3.916858033777822e-05
218,70.87697228800062,7.8717,3.927002487833306e-05
219,71.05676458500056,7.7104,3.936913126500056e-05
220,71.23569537399999,7.7963,3.946904337222198e-05
221,71.41316306199951,7.872,3.95683959288888e-05
222,71.59294009699988,7.8544,3.966696966166637e-05
223,71.77316717199938,7.96,3.976683431000007e-05
224,71.955524504001,7.9506,3.9866967392777546e-05
225,72.13638894500036,8.1227,3.9968282511666385e-05
226,72.31559189200016,8.1203,4.006871826777772e-05
227,72.49231773000065,7.9479,4.016842970111106e-05
228,72.67160732400043,8.2438,4.0266482448333694e-05
229,72.84689273600088,7.8233,4.036613779000012e-05
230,73.02275327000098,7.722,4.0463587331667244e-05
231,73.20306139900094,7.5989,4.0561311985556035e-05
232,73.38246221699956,7.8855,4.066141815777782e-05
233,73.5618186369993,7.7216,4.076104213333363e-05
234,73.73711751700102,7.3655,4.086066888000056e-05
235,73.91573652700026,7.5895,4.095808235000024e-05
236,74.0944673440008,7.6537,4.105727969722264e-05
237,74.27401376200032,8.1033,4.115659586611097e-05
238,74.4473460499994,7.8268,4.125639072166653e-05
239,74.62701136500073,8.1004,4.1352516185000545e-05
240,74.80833945999984,7.8434,4.145244964722224e-05
241,74.98640945199986,7.7067,4.1553230183889256e-05
242,75.16602188300021,7.7977,4.1652176656667105e-05
243,75.34651066399965,7.7401,4.1751898995000574e-05
244,75.51962081800048,7.8105,4.185213191611082e-05
245,75.69869588999973,7.7598,4.194846170722283e-05
246,75.88032141499934,7.8612,4.204790846888904e-05
247,76.05839293700046,7.7551,4.214872829666698e-05
248,76.23456980599985,7.4203,4.224771566388882e-05
249,76.40772375500092,7.7193,4.2345555429444884e-05
250,76.5893090110003,7.6175,4.244165493999996e-05
251,76.76824088800095,7.9908,4.2542613578333555e-05
252,76.94484227300018,7.824,4.2642146722777804e-05
253,77.12488269599999,7.7659,4.274014207000013e-05
254,77.30285538499993,8.0146,4.2840121919999646e-05
255,77.47638814200036,8.13,4.2939053280555935e-05
256,77.65543959699971,7.9681,4.303539225333326e-05
257,77.83537679300025,7.493,4.313493719722222e-05
258,78.01354544999958,7.687,4.323490934388853e-05
259,78.18718189500032,7.897,4.333390570500039e-05
260,78.36531309800012,8.0109,4.343019318944446e-05
261,78.54191694899964,7.6138,4.352931590111136e-05
262,78.71902573499938,8.1179,4.362750125777793e-05
263,78.89683663100004,7.746,4.3725790813333437e-05
264,79.0727107799994,7.5337,4.382461500055595e-05
265,79.24994499199966,7.8913,4.392231380444477e-05
266,79.42749377000109,7.6233,4.402076543777791e-05
267,79.60717078400012,7.7695,4.4119375448889415e-05
268,79.78659501699985,7.8942,4.4219152803889304e-05
269,79.96529095200094,7.6866,4.4318980511110975e-05
270,80.14431952099949,7.803,4.441821003111121e-05
271,80.32324303099995,7.8594,4.451764900333325e-05
272,80.5021963220006,7.6813,4.461708688944479e-05
273,80.68131279699992,7.811,4.471655011333395e-05
274,80.85749313000088,7.7768,4.4815982681666356e-05
275,81.03807080700062,8.126,4.491389415111169e-05
276,81.21804993800106,8.125,4.5014150230000375e-05
277,81.39937505499984,8.0682,4.511405493666644e-05
278,81.5782797110005,7.8193,4.521493948111129e-05
279,81.75590723200003,7.7341,4.5314336560555196e-05
280,81.93484542400074,7.7531,4.541292433500025e-05
281,82.10880873399947,7.7552,4.5512379929444554e-05
282,82.291325401,8.0157,4.560909834722225e-05
283,82.4704321549998,7.5098,4.5710464289999846e-05
284,82.64949907099981,7.585,4.58099823655559e-05
285,82.83036339499995,7.6575,4.59094590449998e-05
286,83.01295901599951,7.9796,4.6009946850000335e-05
287,83.18916943300064,7.6593,4.611128746222271e-05
288,83.36931139899934,7.6762,4.6209254213333934e-05
289,83.54998049400092,7.7784,4.6309322131111106e-05
290,83.73185877000105,7.767,4.6409669767777415e-05
291,83.91015729399987,7.7507,4.651065291833321e-05
292,84.09009528199931,8.0255,4.660986048722205e-05
293,84.26360330900025,7.8837,4.670965452333298e-05
294,84.44464712300032,7.7,4.6806001929444396e-05
295,84.62285997700019,7.549,4.690667856833392e-05
296,84.8038000460001,7.6306,4.700577756722245e-05
297,84.98095760599972,7.6652,4.7106308177222266e-05
298,85.1603844250003,7.7518,4.7204639359999626e-05
299,85.33943926000029,7.5869,4.73043543794443e-05
300,85.52044949499941,7.7409,4.74037530150003e-05
301,85.69838304599944,7.6094,4.750430775388951e-05
302,85.87758806199963,7.3052,4.760337093444428e-05
303,86.05718119000085,7.5298,4.770283285555606e-05
304,86.23546617200009,7.6058,4.780257261055542e-05
305,86.41123699700074,7.428,4.790157204555524e-05
306,86.5891741510004,7.9533,4.799929821333333e-05
307,86.76821988399934,7.8913,4.809802409444476e-05
308,86.94624235300034,7.4914,4.819753986111108e-05
309,87.12901806400077,7.5745,4.8296485436111555e-05
310,87.30893574699985,7.6367,4.839794850500059e-05
311,87.49030784500064,7.4758,4.849800323777749e-05
312,87.67378912999993,8.0645,4.859881886611119e-05
313,87.85402451399932,7.3955,4.870064761611098e-05
314,88.03203546400073,7.5182,4.880083615944487e-05
315,88.20879060799962,7.348,4.889967028055556e-05
316,88.38893866000035,7.7425,4.899790915222184e-05
317,88.57067394499973,7.6712,4.9098038671110974e-05
318,88.75166348899984,7.6325,4.919893235666678e-05
319,88.93269492299987,7.8076,4.9299476100000505e-05
320,89.10539541000071,7.81,4.940000170444465e-05
321,89.28630156799954,7.4491,4.9495843176666515e-05
322,89.46623404800084,8.1396,4.959648905388854e-05
323,89.64837224199982,7.7349,4.9696448593333324e-05
324,89.82905132700034,7.6732,4.979761411666712e-05
325,90.00915845700001,7.6421,4.989806433500033e-05
326,90.18925130199932,7.6927,4.99981062416666e-05
327,90.36937639999996,7.5816,4.998909486691356e-05
328,90.54898210099964,7.6786,4.9977966907160444e-05
329,90.72786668899971,7.8204,4.996688618537036e-05
330,90.90939015000004,7.6168,4.995585301648146e-05
331,91.0866973810007,7.6189,4.9944646011604896e-05
332,91.26660644000003,7.9518,4.9933692008642004e-05
333,91.44566171800034,7.9364,4.992259028240739e-05
334,91.62684104599975,7.6318,4.991153114111108e-05
335,91.80752265000046,7.5127,4.990035982975304e-05
336,91.98856845900082,7.7383,4.988920817493827e-05
337,92.16819153399956,7.5098,4.987803076185179e-05
338,92.34695649400055,7.4309,4.986694180969136e-05
339,92.51957008600039,7.7059,4.985590412111109e-05
340,92.69815601200025,7.8307,4.984524309981478e-05
341,92.87909202999981,7.8153,4.9834222302654296e-05
342,93.06214179699964,7.9643,4.9823050787777725e-05
343,93.24369026400018,7.6258,4.981176045043205e-05
344,93.4259131609997,7.6541,4.9800548989444424e-05
345,93.60672662199977,7.9612,4.978930117475304e-05
346,93.78622331000042,7.5417,4.97781451131481e-05
347,93.96448672199949,7.5636,4.976705766135806e-05
348,94.14206848899994,7.5522,4.9756055178950645e-05
349,94.32328742699974,7.8099,4.974508998598769e-05
350,94.50188378600069,7.6527,4.973391326814815e-05
351,94.68036180300078,7.4808,4.9722889134197464e-05
352,94.86170249300085,7.5566,4.971185644641969e-05
353,95.04562614600036,7.5102,4.9700671029259294e-05
354,95.22491462499966,7.7222,4.968932504475303e-05
355,95.40512822100027,7.256,4.967824808345675e-05
356,95.58112528499987,7.9053,4.966711174141971e-05
357,95.75588138400053,7.0081,4.965626178166666e-05
358,95.93425223399936,6.9742,4.964546949067903e-05
359,96.11478933699982,7.6093,4.9634466603209845e-05
360,96.29848630900051,7.4425,4.962332357092596e-05
361,96.48034169700077,7.5535,4.961198257135802e-05
362,96.66283616799956,7.985,4.9600753034506116e-05
363,96.84409779400085,7.3169,4.9589499848950624e-05
364,97.02352014499957,7.8446,4.957830453432103e-05
365,97.20360887500101,7.6124,4.956722466179015e-05
366,97.38375855199956,7.2391,4.955611658265433e-05
367,97.56762238900046,7.7114,4.954498490537036e-05
368,97.74654305399963,7.1732,4.9533637396728376e-05
369,97.9255327539995,7.5304,4.952259099246914e-05
370,98.1053256310006,7.5931,4.951154824148146e-05
371,98.28573857499941,7.4386,4.9500444344444476e-05
372,98.46626265399937,7.7278,4.948931594604936e-05
373,98.64924146399972,7.2616,4.947816533024695e-05
374,98.82820271899982,7.6387,4.946688533469132e-05
375,99.01273532599953,7.4399,4.9455835313888934e-05
376,99.1932150470002,7.3557,4.9444437923703725e-05
377,99.37320901800013,7.6219,4.943330000358019e-05
378,99.55430014600097,7.3075,4.9422173614938305e-05
379,99.73480532800022,7.557,4.941098060771608e-05
380,99.91408525000043,7.3537,4.93998632080864e-05
381,100.09197173299981,7.7285,4.938879019851856e-05
382,100.26974055500068,7.2693,4.937781736703702e-05
383,100.44807008300086,6.8637,4.936684114913583e-05
384,100.62822919999962,7.4414,4.9355828916296325e-05
385,100.80650174199945,7.6226,4.934469809432094e-05
386,100.9852156729994,7.4686,4.933369852703705e-05
387,101.16761583200059,7.6199,4.932268061185184e-05
388,101.34590522700091,6.9578,4.9311416672901236e-05
389,101.52409088599961,7.6155,4.930041000450616e-05
390,101.7039332660006,7.7463,4.928941414129631e-05
391,101.88573232199997,7.5118,4.927831613956793e-05
392,102.06209651599966,7.0678,4.926708436141971e-05
393,102.24102938900069,7.5285,4.925619941796295e-05
394,102.42206249499941,7.6988,4.924517119061723e-05
395,102.60176842300098,7.3812,4.923398073802471e-05
396,102.78388735800036,7.1703,4.922289337234563e-05
397,102.96263149399965,6.9927,4.921165067302467e-05
398,103.14344802699998,7.3876,4.920061451179007e-05
399,103.32091134300026,6.892,4.918944945543209e-05
400,103.50093963200015,7.2151,4.9178491297839457e-05
401,103.68402150499969,8.0128,4.916738182987659e-05
402,103.8672107149996,7.5856,4.91560827992592e-05
403,104.05055050699957,7.6107,4.914476455141972e-05
404,104.23276758800057,7.6718,4.9133458531296244e-05
405,104.41433163500005,7.2427,4.9122204637407424e-05
406,104.59675470100046,7.3643,4.91109916640123e-05
407,104.77894915800061,7.5111,4.909973260333337e-05
408,104.9618814000005,7.7025,4.908848564469129e-05
409,105.14109819400073,7.4924,4.907718815030859e-05
410,105.32291998099936,7.4595,4.90661317024074e-05
411,105.50370669100084,7.6477,4.905490168216052e-05
412,105.68352802499976,7.3645,4.904374425456786e-05
413,105.86586801200065,7.4737,4.903265681858024e-05
414,106.04698014300084,7.4377,4.902139825518516e-05
415,106.22769963500104,7.2295,4.9010221548827156e-05
416,106.41119767000055,7.9041,4.8999071153888916e-05
417,106.59126676999949,6.9874,4.898774003345678e-05
418,106.77225696499954,7.5953,4.897661982506168e-05
419,106.95515430500018,7.3375,4.896545082172834e-05
420,107.1341381809998,7.3078,4.8954171091296234e-05
421,107.31438144800086,7.6416,4.894311357685183e-05
422,107.49480340199989,7.133,4.8931986345555575e-05
423,107.67501540600097,7.3708,4.892084716222217e-05
424,107.85584166199988,7.6356,4.890972977648149e-05
425,108.03911362500003,7.5794,4.889857051469133e-05
426,108.21786429299937,7.545,4.8887251607530846e-05
427,108.39919546400051,7.515,4.887620795549387e-05
428,108.58207756500087,7.5409,4.886502593117279e-05
429,108.76364423800078,7.5832,4.8853728009444464e-05
430,108.94513451400053,7.4359,4.884252888246909e-05
431,109.12162400899979,7.6769,4.883131728672837e-05
432,109.30106374800016,7.4993,4.8820438709753045e-05
433,109.47922213899983,7.2685,4.8809346119814795e-05
434,109.66088517900062,7.2256,4.879835184691358e-05
435,109.83795183700022,7.6897,4.878714788253081e-05
436,110.01800283600096,7.2383,4.877620074499994e-05
437,110.1989330510005,7.1481,4.8765094735061685e-05
438,110.37703106300069,7.1176,4.875392214654323e-05
439,110.5537739120009,7.4052,4.8742923091728396e-05
440,110.73727949400018,7.9321,4.8732007714999985e-05
441,110.91706151200015,7.2568,4.8720703267222175e-05
442,111.09765408800013,7.3547,4.870959407833327e-05
443,111.27891669000019,7.5068,4.869844762469133e-05
444,111.45619081599943,7.6736,4.868726596660492e-05
445,111.6366243020002,7.3758,4.867631805061732e-05
446,111.81473401699986,7.7768,4.866518810265433e-05
447,111.99511782400077,7.2629,4.865418807814815e-05
448,112.17547230899982,7.3119,4.8643052143518475e-05
449,112.35169211500033,7.311,4.863192353493823e-05
450,112.53021316900049,7.0065,4.862105086950612e-05
451,112.70381760700002,7.0849,4.8610020675493764e-05
452,112.8855504130006,7.0811,4.859928966222223e-05
453,113.0642819700006,7.4429,4.8588087432098755e-05
454,113.2467873250007,7.7654,4.8577067631913564e-05
455,113.425041298,7.1453,4.856579133104934e-05
456,113.60310374000073,6.8293,4.855479212740737e-05
457,113.78118803799953,7.1769,4.854378919512345e-05
458,113.95916631399996,6.9929,4.853279355462965e-05
459,114.13840490400071,7.1333,4.852180674253086e-05
460,114.32032527299998,7.3961,4.8510746873518524e-05
461,114.50179531600043,7.1426,4.849952496333336e-05
462,114.68698265400053,7.532,4.8488327173518536e-05
463,114.86573572899943,7.262,4.8476890228703716e-05
464,115.04515906100096,7.3353,4.846585810956786e-05
465,115.22392536900043,7.3739,4.8454768355617216e-05
466,115.40769621199979,7.025,4.844374487462961e-05
467,115.58933372899992,7.7811,4.8432394994259224e-05
468,115.76947434100111,7.5117,4.8421190193148167e-05
469,115.94621447700047,7.4534,4.8410066709814795e-05
470,116.12863882199963,7.651,4.839914578679007e-05
471,116.30815712500043,7.6217,4.8387898271419794e-05
472,116.48693178800022,7.0883,4.8376801694691304e-05
473,116.66544445900035,7.0602,4.836577488388887e-05
474,116.84913104400039,8.127,4.8354752013518485e-05
475,117.03069991399934,7.426,4.834342506104939e-05
476,117.20961867200094,7.5167,4.833222545376548e-05
477,117.38406381300047,7.9268,4.832116545123461e-05
478,117.56534095800089,7.5525,4.831041608876542e-05
479,117.74686102799933,7.4526,4.829920878037037e-05
480,117.9265178959995,7.3394,4.828800975956784e-05
481,118.10461671300072,7.3183,4.827691458197534e-05
482,118.28253042399956,6.9001,4.826593272185187e-05
483,118.45843771100044,7.2999,4.825493966746908e-05
484,118.63906620399939,7.4947,4.8244079568703684e-05
485,118.8223517410006,7.7386,4.8232925170308665e-05
486,119.00467546900109,7.4734,4.822162552444449e-05
487,119.18151563299944,7.2247,4.8210369699876494e-05
488,119.36092967300101,6.9392,4.8199435298456816e-05
489,119.53893796299963,6.7991,4.8188373216358e-05
490,119.71362395100005,6.9414,4.8177369197469095e-05
491,119.89262038900051,7.162,4.816660791172839e-05
492,120.06484510600058,7.566,4.815555326950621e-05
493,120.2445979439999,6.9525,4.8144929435370334e-05
494,120.42791885500083,7.759,4.813383559827164e-05
495,120.60718276499938,7.5555,4.8122512817962964e-05
496,120.7817139939998,7.5037,4.8111445982962956e-05
497,120.96459344100003,7.0727,4.8100683584135806e-05
498,121.14490656400085,7.3338,4.8089385624012316e-05
499,121.32167283700073,7.1357,4.8078251070987625e-05
500,121.50039583500075,7.2617,4.8067341565061776e-05
501,121.68145267,7.1635,4.8056305382098775e-05
502,121.86618086599992,7.1687,4.804512330672833e-05
503,122.04467220900005,7.5756,4.803373378320991e-05
504,122.21877966700049,7.1258,4.8022713154629665e-05
505,122.4007542950003,7.5428,4.801196777907412e-05
506,122.5782553099998,6.96,4.8000728557962936e-05
507,122.75378457400075,6.9607,4.798977980753091e-05
508,122.93462317600097,7.4178,4.79789351011111e-05
509,123.11525508200066,7.0645,4.796778423265433e-05
510,123.29649700600021,7.2446,4.79566305529629e-05
511,123.47984837500007,7.2333,4.794544246222223e-05
512,123.66065122799955,7.292,4.793412558598768e-05
513,123.84076439000091,7.322,4.792296483259263e-05
514,124.01904609399935,7.5398,4.791184987283947e-05
515,124.19821223200051,7.3265,4.7900839259321035e-05
516,124.38107694000064,7.6685,4.7889786799135747e-05
517,124.56340312500106,7.2602,4.787849478469138e-05
518,124.7380005340001,6.7745,4.786724367802464e-05
519,124.91855225000108,7.3964,4.785644722129628e-05
520,125.09942748300091,7.3912,4.784530758876546e-05
521,125.28040527700068,7.1356,4.7834156399567854e-05
522,125.45915572600097,7.2992,4.782297863839508e-05
523,125.64147887299987,7.5998,4.7811931160864154e-05
524,125.82078255600027,7.4404,4.780068725370369e-05
525,125.99544256599984,6.2406,4.7789609807839525e-05
526,126.17238247400019,6.5458,4.7778837075246895e-05
527,126.35696287199971,7.4673,4.776791035765436e-05
528,126.53548244200101,6.972,4.775653442000004e-05
529,126.71671709000111,6.9852,4.774549622191354e-05
530,126.90172199100016,7.2295,4.7734314915370406e-05
531,127.08483979000084,7.036,4.77228950369753e-05
532,127.26516686499963,7.1031,4.7711603442098805e-05
533,127.44336058299996,6.6786,4.7700468681851806e-05
534,127.62054088600053,6.8873,4.7689450955432105e-05
535,127.79779334399973,7.1378,4.767850951302468e-05
536,127.97790073599936,7.4757,4.766758114129629e-05
537,128.16315585099983,6.9722,4.7656462509506204e-05
538,128.34087338300014,7.5754,4.7645035421666626e-05
539,128.51939829799994,7.1788,4.763406328203703e-05
540,128.70349512599932,7.0829,4.762303549246907e-05
541,128.885051493,7.1953,4.761167528104933e-05
542,129.0648433589995,7.5439,4.7600479663580236e-05
543,129.24539301699951,7.2898,4.758937679734567e-05
544,129.4276271969993,7.5448,4.757821945117288e-05
545,129.60704553600044,7.3223,4.756697021685189e-05
546,129.78508079499989,7.185,4.7555899048086386e-05
547,129.9654478070006,7.3495,4.754490602833335e-05
548,130.14541719599947,6.4628,4.753376940697533e-05
549,130.32678293299978,7.2879,4.7522666517839466e-05
550,130.50762704599947,7.5413,4.751147797975305e-05
551,130.68968743000005,7.1581,4.7500302916790104e-05
552,130.8678980980003,6.2417,4.7489065696913545e-05
553,131.0469473360008,5.9792,4.7478075824074045e-05
554,131.23043700900052,7.2705,4.746700571765427e-05
555,131.41016062600102,7.3045,4.745568158567904e-05
556,131.59068100900004,7.4146,4.744459475518515e-05
557,131.7710811470006,7.2517,4.7433450696913544e-05
558,131.95189931700043,6.8281,4.742230585388892e-05
559,132.1299506079995,7.4785,4.7411160171049354e-05
560,132.307640473,7.5367,4.740015803783951e-05
561,132.4873808329994,6.9427,4.7389190684753086e-05
562,132.66329215500082,7.7721,4.73781034152469e-05
563,132.84215577000032,7.2898,4.736724841530866e-05
564,133.02199651199953,6.8744,4.735619426734564e-05
565,133.20208816500053,6.9395,4.734510012055557e-05
566,133.3807759150004,6.9245,4.733397969932097e-05
567,133.55947009400006,7.1536,4.7322937983703646e-05
568,133.7321402510006,7.1996,4.731191868604942e-05
569,133.91634463599985,7.3955,4.7301273332345717e-05
570,134.09494590400027,7.3544,4.728989206561723e-05
571,134.27580465400024,6.9979,4.7278868942469076e-05
572,134.45535840999946,7.2195,4.726771377901239e-05
573,134.63504298999942,7.1844,4.72566086857407e-05
574,134.8162692040005,7.211,4.724553406413583e-05
575,134.9982960769994,6.6528,4.7234339006172827e-05
576,135.17302627699974,7.1532,4.722310596598764e-05
577,135.35319825499937,7.1855,4.721231286327162e-05
578,135.53630898700067,7.6434,4.7201188109444434e-05
579,135.7221903080008,7.2947,4.7189893193827174e-05
580,135.90328321299967,7.5871,4.717841864895064e-05
581,136.08610385599968,7.0142,4.716724121074078e-05
582,136.26642445000107,7.0553,4.715597049950612e-05
583,136.45009725599994,7.1772,4.714482239253082e-05
584,136.628781419,6.9147,4.7133486374876515e-05
585,136.81076808000034,6.7201,4.712244994506173e-05
586,136.98689325099986,7.0289,4.7111224474691334e-05
587,137.16979843199988,7.4725,4.710034880469137e-05
588,137.35136614600015,7.3226,4.708906667586414e-05
589,137.53372180100087,7.1901,4.707785374771605e-05
590,137.71238964300028,6.5138,4.706659942913575e-05
591,137.89200111799983,7.0165,4.705556645179013e-05
592,138.07407860000058,7.0051,4.704448890666664e-05
593,138.24918759499997,7.1326,4.703324831740741e-05
594,138.4296553690001,7.5808,4.702244344537037e-05
595,138.6086413339999,7.2398,4.701128249999997e-05
596,138.78735187299935,6.8232,4.700024043802471e-05
597,138.96606495500055,7.1889,4.698920268506176e-05
598,139.14891937799985,7.3895,4.6978186647777735e-05
599,139.3286388409997,6.9789,4.696689220654325e-05
600,139.51054414300052,7.0691,4.695579648364199e-05
601,139.69113843600098,6.4588,4.694457594203705e-05
602,139.86954730300022,7.1065,4.6933430087654326e-05
603,140.04670589600028,7.0295,4.6922401650432046e-05
604,140.225997896001,7.2731,4.6911473671604915e-05
605,140.40595271600068,7.3588,4.690041008e-05
606,140.589826292,7.4443,4.6889300625864146e-05
607,140.77225915300005,6.9254,4.687794682635802e-05
608,140.95450293700014,7.0436,4.6866697113950585e-05
609,141.1279499960001,7.592,4.685543405327162e-05
610,141.3057159559994,7.0413,4.684472391438271e-05
611,141.48945900699982,6.8502,4.6833752385000036e-05
612,141.66665817899957,7.0281,4.682241768246912e-05
613,141.85150358200008,6.9633,4.681147589586421e-05
614,142.03567085500072,7.5223,4.6800072843148145e-05
615,142.2156223940001,6.8942,4.678870979814814e-05
616,142.40004466100072,6.7228,4.677760216049384e-05
617,142.57853913500003,7.2474,4.676621251870372e-05
618,142.7590251090005,6.9719,4.675518334197533e-05
619,142.9406977029994,7.1826,4.6744046068148176e-05
620,143.12056243699953,6.9101,4.673283792024685e-05
621,143.29855403799957,7.3686,4.672172848580246e-05
622,143.47507835100078,6.1407,4.671073969080243e-05
623,143.65004303500064,7.3358,4.669984179172838e-05
624,143.82986991100006,7.4097,4.668903587376547e-05
625,144.00965628199992,7.1461,4.6677945399567897e-05
626,144.1916284029994,6.7253,4.666684609376537e-05
627,144.3722347389994,7.4445,4.665561549876544e-05
628,144.55155816800107,6.4891,4.664445896907401e-05
629,144.72853402500004,6.7004,4.6633400893580294e-05
630,144.90664621699943,7.4563,4.662247331518515e-05
631,145.0887358630007,6.9911,4.661148767530859e-05
632,145.26980805499988,7.1429,4.660024181462963e-05
633,145.45066332900024,7.0625,4.658907378043206e-05
634,145.63001957500092,6.4598,4.6577900037222165e-05
635,145.80725424699995,7.3133,4.656682001154316e-05
636,145.98382292399947,7.0749,4.6555882812036985e-05
637,146.16521608199946,6.8246,4.654499799895056e-05
638,146.34682999100005,7.3906,4.6533797880678956e-05
639,146.53007419499954,7.2148,4.652257880049378e-05
640,146.71307202000025,6.8051,4.6511262509691314e-05
641,146.8892022559994,6.7922,4.649996794870366e-05
642,147.06709822800076,7.3884,4.6489099608641954e-05
643,147.24264129999938,6.6841,4.6478115508888896e-05
644,147.4215078420002,7.1569,4.646728397543204e-05
645,147.59965771300085,7.1412,4.645623621055558e-05
646,147.77988338700015,6.6157,4.64452411542592e-05
647,147.9612166299994,7.1109,4.643411579580241e-05
648,148.14096717100074,6.8449,4.642291849395058e-05
649,148.3232635380009,7.5958,4.641182729302463e-05
650,148.5013772910006,6.8325,4.640058018345674e-05
651,148.68241002700051,7.4741,4.638957176876537e-05
652,148.86273901200002,7.2723,4.637840427660497e-05
653,149.04297621700061,7.2403,4.63672464997531e-05
654,149.21980991300006,5.9311,4.63561505129012e-05
655,149.40312514800098,7.0256,4.634522543345673e-05
656,149.58378030399945,6.9214,4.633392486888883e-05
657,149.76768893699955,7.1783,4.632277111376537e-05
658,149.9499674409999,7.0347,4.631141081320987e-05
659,150.13055149899992,7.12,4.63001553191975e-05
660,150.3102562919994,7.4583,4.628902543018515e-05
661,150.49383512299937,7.3217,4.62779272260494e-05
662,150.67695224499948,7.2958,4.626659169611107e-05
663,150.85881013000107,7.0837,4.625529069203704e-05
664,151.0407931259997,6.9985,4.624405621092592e-05
665,151.22255340300035,6.9854,4.623282385845672e-05
666,151.404011998,6.7435,4.622160062895057e-05
667,151.58583368600011,7.5815,4.6210416903518475e-05
668,151.76646247499957,7.4368,4.619917637574075e-05
669,151.94759016600074,7.5183,4.618801936629625e-05
670,152.12900208700012,6.4911,4.6176862195555565e-05
671,152.31291252399933,7.547,4.616564910277782e-05
672,152.49427114699938,6.9807,4.615430198395065e-05
673,152.67446951700003,7.3948,4.6143109074012357e-05
674,152.8565558980008,6.6953,4.613198644296298e-05
675,153.03744590799943,7.3759,4.612074198024688e-05
676,153.21896068500064,7.2336,4.6109580989567926e-05
677,153.39935283500017,6.5084,4.6098378945802504e-05
678,153.58412682699964,6.901,4.6087220528827155e-05
679,153.76309236999987,6.5963,4.60758416045062e-05
680,153.94563452399962,6.6661,4.6064785015185206e-05
681,154.1297606349999,7.4284,4.6053516902469105e-05
682,154.30821819099947,7.5947,4.604214700666669e-05
683,154.48646329199983,6.7865,4.6031132944320985e-05
684,154.66208621700025,6.9474,4.6020121185246926e-05
685,154.84462828300093,7.003,4.6009292840679026e-05
686,155.02579853600037,6.9187,4.599802398401231e-05
687,155.20864883300055,7.183,4.598682995061732e-05
688,155.38516256600087,7.4556,4.5975555250000044e-05
689,155.5678725279995,6.2359,4.596466303740744e-05
690,155.75082856600056,6.5905,4.595337686530866e-05
691,155.93356425300044,7.0644,4.5942083483086446e-05
692,156.1167380379993,7.6358,4.5930808936790094e-05
693,156.29721182899993,7.1184,4.591950223203707e-05
694,156.47858635400007,7.2656,4.590835248845682e-05
695,156.65882699199938,7.1244,4.589717107327162e-05
696,156.83988817099998,7.2441,4.5886032938395054e-05
697,157.02077800200095,7.1353,4.5874853937962986e-05
698,157.19649550900067,7.4712,4.586370191950619e-05
699,157.3781720679999,6.753,4.585285366432092e-05
700,157.55751483399945,6.9971,4.584162081135803e-05
701,157.73980033000043,6.8183,4.583055898641973e-05
702,157.92458136000096,6.7868,4.5819302231049374e-05
703,158.1056878060008,7.0952,4.5807906352469175e-05
704,158.28512846000012,7.2697,4.579671957339503e-05
705,158.46716663900042,7.4173,4.5785649941666705e-05
706,158.651848513,7.4733,4.577440571246909e-05
707,158.82978036500026,7.1772,4.5763014279629585e-05
708,159.00451582300047,7.4131,4.575202078827154e-05
709,159.18697842300026,7.084,4.5741237396975336e-05
710,159.3684404710002,6.8162,4.572998324604939e-05
711,159.5473024969997,6.3432,4.5718787591296277e-05
712,159.72879902900058,6.2193,4.5707721715432095e-05
713,159.90950215700104,6.9975,4.5696531914876536e-05
714,160.08580110500043,6.8476,4.5685383780123465e-05
715,160.26515364400075,7.2261,4.567450621685185e-05
716,160.4423925989995,6.6501,4.566341231672843e-05
717,160.61851423400003,7.1454,4.565248757172839e-05
718,160.8015863290002,7.2634,4.564161703191362e-05
719,160.97918863999985,7.046,4.563031293907409e-05
720,161.15929675299958,6.9659,4.561934758962965e-05
721,161.33828203700068,6.6963,4.560822856919756e-05
722,161.52015534299971,7.4339,4.559716795395066e-05
723,161.69807294299972,6.4599,4.558595176018515e-05
724,161.87479136799993,6.887,4.5574968845308655e-05
725,162.05170739700043,7.3361,4.556407005790126e-05
726,162.2263236990002,7.7659,4.55531284129012e-05
727,162.40670400700037,7.1233,4.5542363361296284e-05
728,162.58953755100083,7.1759,4.5531236229999986e-05
729,162.7676851920005,7.2532,4.5519946199197474e-05
730,162.94991896600004,7.2188,4.550895266518514e-05
731,163.12930839,6.844,4.549770162413574e-05
732,163.30430639100086,6.6017,4.548661452820987e-05
733,163.48259829900053,7.4304,4.5475746985679015e-05
734,163.6646339300005,7.005,4.546481500043206e-05
735,163.84958384600031,7.1374,4.545358688777778e-05
736,164.02870760000042,6.3688,4.544217168141979e-05
737,164.21108457300033,6.6528,4.5431111175e-05
738,164.38976320599977,7.2364,4.541984907833332e-05
739,164.57003673700092,7.0517,4.54088172999383e-05
740,164.74866202799967,6.8531,4.5397692155432056e-05
741,164.93010966400107,7.1057,4.538665613938267e-05
742,165.11123291200056,7.1266,4.537546351277781e-05
743,165.28797097999995,6.8668,4.536428660660493e-05
744,165.46736731599958,6.6674,4.535337475827155e-05
745,165.64479034299984,6.8036,4.5342284837654325e-05
746,165.82758884500072,7.0872,4.53313565465432e-05
747,166.00922020399958,7.1546,4.532007319580243e-05
748,166.1878920020008,6.6778,4.530885239024687e-05
749,166.36840622199998,7.297,4.5297815305740736e-05
750,166.55104146899976,7.1459,4.528667391160491e-05
751,166.73817008200058,6.9908,4.52754109012346e-05
752,166.91506207299972,7.2245,4.526385586172834e-05
753,167.0965132800011,7.3676,4.525293466290126e-05
754,167.277507195,6.8936,4.524173387802471e-05
755,167.45809725099934,6.5883,4.5230554526419783e-05
756,167.63942159100043,6.8913,4.52194147412963e-05
757,167.82147848500063,6.7045,4.520821305351856e-05
758,168.00122344900046,7.0937,4.519697173845672e-05
759,168.1815189200006,7.5697,4.518588393530867e-05
760,168.35959699700106,7.1703,4.517476075827155e-05
761,168.54550046400072,7.0637,4.51637676054938e-05
762,168.72790715799965,6.9547,4.515228911820992e-05
763,168.91115213000012,6.7923,4.5141035270308626e-05
764,169.09514188899993,6.8329,4.512972104975312e-05
765,169.27591486799975,7.1697,4.511835841839501e-05
766,169.4540299679993,6.2697,4.510720587623455e-05
767,169.63504125500003,7.2919,4.5096205688456776e-05
768,169.81787946999975,6.7466,4.50850307092593e-05
769,169.9922620489997,5.7671,4.507375180956786e-05
770,170.16966961800063,5.8147,4.5062978005617304e-05
771,170.3516243160011,6.9104,4.505202853728395e-05
772,170.53416118799942,7.2337,4.504079795876542e-05
773,170.71519968599932,6.1441,4.502953083487654e-05
774,170.89900190499975,6.5374,4.50183590002469e-05
775,171.07817971400073,6.0053,4.500701727376543e-05
776,171.2539409029996,6.6693,4.499594216222215e-05
777,171.43241209000007,6.4333,4.498508900339504e-05
778,171.6154057799995,6.4355,4.4974077933827096e-05
779,171.80065797899988,6.5924,4.496279250395056e-05
780,171.98193353900024,7.2684,4.4951359652407374e-05
781,172.16245913199964,7.3186,4.49401540049383e-05
782,172.33241745799933,7.0355,4.492902014240737e-05
783,172.51170742900104,6.9748,4.491853439123454e-05
784,172.69234521200087,6.5024,4.4907464107592535e-05
785,172.8765465430006,7.4669,4.4896305647036996e-05
786,173.05972934700003,6.5359,4.488494295339501e-05
787,173.24242342400066,7.2652,4.487362763925926e-05
788,173.4248682640009,7.2506,4.486236740734562e-05
789,173.60795265700108,6.8911,4.4851106993395055e-05
790,173.7887920789999,7.0197,4.48397917255555e-05
791,173.96666604200072,6.9749,4.482864604425927e-05
792,174.1482933059997,6.9069,4.4817658005740784e-05
793,174.32780091099994,6.8993,4.480644465444444e-05
794,174.50786417600102,6.9688,4.47953512433333e-05
795,174.6900889030003,6.7544,4.478423666259263e-05
796,174.87507270999959,7.0994,4.477298386895065e-05
797,175.05683286900057,6.8507,4.4761555678333365e-05
798,175.23722501799966,6.6358,4.475036324185185e-05
799,175.41982643600022,7.2233,4.4739206942037e-05
800,175.60464016600054,7.0048,4.4727949464382666e-05
801,175.78816927700063,6.9852,4.471653670030865e-05
802,175.96678474100008,6.9682,4.4705219323271614e-05
803,176.1493962149998,6.3919,4.4694179662283995e-05
804,176.32551620199956,6.8781,4.468291179746909e-05
805,176.50398970199967,6.5639,4.467203752654325e-05
806,176.68700430600074,7.1948,4.4661027101234524e-05
807,176.86777435099975,6.8556,4.464972761203699e-05
808,177.0465693160004,6.3924,4.4638569686913564e-05
809,177.23050929199962,7.154,4.462752972987655e-05
810,177.41078032199948,5.9503,4.461618197098766e-05
811,177.59290498200062,6.9776,4.460504601740737e-05
812,177.77453128700108,6.2542,4.459380362956791e-05
813,177.95652585300013,7.082,4.45825970633951e-05
814,178.13783878399954,6.9642,4.45713669242593e-05
815,178.31870846399943,6.2631,4.456017606314814e-05
816,178.49769286099945,7.0522,4.4549005495555545e-05
817,178.67833281599997,7.1624,4.4537962952777715e-05
818,178.86235112900067,6.1738,4.452680020432093e-05
819,179.04738742799964,6.9946,4.4515444010308606e-05
820,179.22501728399948,6.7558,4.45040317960494e-05
821,179.4042819690003,6.5468,4.449304281370368e-05
822,179.58537101000002,6.4965,4.448199115629624e-05
823,179.76989992500057,6.9273,4.447080231555559e-05
824,179.94918265200067,6.379,4.445941022876547e-05
825,180.1286102590002,6.4764,4.444834496691362e-05
826,180.30751715500082,6.906,4.443726980765433e-05
827,180.49252705900108,6.249,4.442623995679006e-05
828,180.6741099690007,6.5744,4.441482597759261e-05
829,180.8538126229996,7.0635,4.440361284660496e-05
830,181.03338559499934,6.6236,4.4392525979321e-05
831,181.2140017189995,6.7337,4.438142401160489e-05
832,181.39394728499974,6.0002,4.437027991185179e-05
833,181.57411665200016,6.5031,4.435918497092588e-05
834,181.75505028999942,7.5183,4.434805554888886e-05
835,181.93940450400078,6.8277,4.4336885811666616e-05
836,182.1168425270007,6.3704,4.43255208346296e-05
837,182.30066138800066,7.0694,4.431454869191356e-05
838,182.4759499360007,6.2879,4.430321070432102e-05
839,182.65259634200083,6.2624,4.429237452401229e-05
840,182.83117896600015,6.6912,4.42814816927778e-05
841,183.01269118299933,7.0657,4.4270463482654337e-05
842,183.19042394999997,6.5554,4.425925439722219e-05
843,183.36753826300082,6.9953,4.424828352567904e-05
844,183.54901023899947,7.0598,4.423736038543211e-05
845,183.73006278600042,6.4007,4.4226140776604945e-05
846,184.231499204001,6.8196,4.421496510499995e-05
847,184.41080517299997,7.0184,4.418401095938267e-05
848,184.58583630400062,6.7293,4.417294972327157e-05
849,184.76903907400083,7.0674,4.416213573814814e-05
850,184.95477014400058,6.6691,4.415083618592588e-05
851,185.13264064500072,6.7644,4.413938395074071e-05
852,185.3138788489996,6.3941,4.412839089734568e-05
853,185.49648531099956,6.6547,4.411720007993822e-05
854,185.67483127500054,6.4165,4.4105942929321e-05
855,185.8557778150007,6.1325,4.409491805364201e-05
856,186.03715453699988,6.8726,4.4083753313209824e-05
857,186.21680654299962,6.8563,4.407255800876545e-05
858,186.39763798000058,7.3566,4.406146682740745e-05
859,186.5709533120007,6.706,4.4050310531111106e-05
860,186.75175155999932,6.4225,4.4039611010185125e-05
861,186.93544615700011,6.9551,4.4028451100679e-05
862,187.11727478899957,6.8434,4.401711192382714e-05
863,187.30103682499976,7.212,4.400588807240739e-05
864,187.48248056299963,6.7194,4.399454737919758e-05
865,187.65825663500073,7.1723,4.398334959055555e-05
866,187.84024371099986,7.4019,4.397249019740735e-05
867,188.02027081599954,6.8739,4.396125470382719e-05
868,188.20166740599961,6.1239,4.3950145108950624e-05
869,188.38556731300014,7.1707,4.3938947891111074e-05
870,188.56717938300062,6.8001,4.392759181932102e-05
871,188.74543908600026,6.513,4.391638149432103e-05
872,188.91877619499974,6.7574,4.390537744246912e-05
873,189.0992405750003,7.1646,4.389467972160494e-05
874,189.27980675300023,6.7433,4.388354422617284e-05
875,189.46393878900017,7.064,4.3872390426111135e-05
876,189.6449075189994,6.6516,4.386102757845678e-05
877,189.8250621770003,7.0358,4.384987399574073e-05
878,190.006805084,5.8601,4.383873003277777e-05
879,190.18943865800065,6.9753,4.3827520102098744e-05
880,190.36932667400106,7.0284,4.3816251505555486e-05
881,190.55220672200085,6.4982,4.3805133335123444e-05
882,190.73650624699985,6.5539,4.3793820868703745e-05
883,190.9158797830005,6.6135,4.3782475888148145e-05
884,191.10150478800097,6.9856,4.3771385380123435e-05
885,191.28207717999976,6.1121,4.3759945631419766e-05
886,191.46054105900112,5.4332,4.3748796171913556e-05
887,191.64155641900106,7.2584,4.373776438716049e-05
888,191.82356247000098,5.973,4.37265979933333e-05
889,192.00581480599976,7.0847,4.37153648596296e-05
890,192.1926025390003,6.7565,4.370412549049378e-05
891,192.3757238720009,6.7426,4.369259377827163e-05
892,192.55633344799935,6.7003,4.368128513302464e-05
893,192.73734747600065,6.2222,4.3670128002160466e-05
894,192.91921865100085,6.2637,4.365895139845679e-05
895,193.09919139900012,6.5964,4.3647733512592555e-05
896,193.2737588580003,6.9124,4.363662581999995e-05
897,193.45768911699997,6.999,4.3625859610617256e-05
898,193.64055560899942,6.7167,4.361449339746916e-05
899,193.82448416499938,6.582,4.360321343395063e-05
900,194.00759837999976,7.2108,4.359186034388889e-05
901,194.19018666900047,7.0453,4.358054962043214e-05
902,194.37047127000005,6.3717,4.3569281606913606e-05
903,194.5546489389999,6.7638,4.3558149958456804e-05
904,194.7355498020006,6.3811,4.354677458401236e-05
905,194.91690891399958,6.7227,4.3535615890185134e-05
906,195.09599070700096,5.9122,4.3524419464444386e-05
907,195.27970048499992,5.8313,4.351337201191357e-05
908,195.4609885539994,6.9454,4.350201980944444e-05
909,195.64519130699955,6.8634,4.349083895234563e-05
910,195.83119967700077,7.3046,4.3479472550185216e-05
911,196.01514922500064,6.5069,4.3467984212222154e-05
912,196.1934061539996,6.3997,4.345662638746911e-05
913,196.3766803870003,7.025,4.3445605871604895e-05
914,196.55608856300023,6.4798,4.343430470000003e-05
915,196.74045158099943,6.6411,4.342322948104937e-05
916,196.92312418099937,6.2002,4.341185570419749e-05
917,197.09920124400014,6.1654,4.340058078425927e-05
918,197.27985218200047,6.8135,4.3389703073765386e-05
919,197.45992766200106,6.7809,4.337855880820983e-05
920,197.64326379500017,6.927,4.336744206975305e-05
921,197.82135097799983,6.6149,4.335612208240738e-05
922,198.00486872200054,6.9324,4.334514888543203e-05
923,198.18541343000106,7.0097,4.333380978654319e-05
924,198.3648952019994,5.7954,4.332266065530865e-05
925,198.54990700500093,6.7128,4.331157926518514e-05
926,198.7313186499996,5.6624,4.330017092845678e-05
927,198.9149447990003,6.7313,4.328896227327154e-05
928,199.09420928500003,6.3139,4.327763522135807e-05
929,199.27732409700002,6.8138,4.326656141339501e-05
930,199.45810912600064,6.5085,4.325526443296294e-05
931,199.64201452000088,6.4115,4.324410283814808e-05
932,199.82837378600016,7.0853,4.323274735481481e-05
933,200.01429695800107,6.8723,4.3221242085555566e-05
934,200.19469427500007,6.133,4.3209769974012344e-05
935,200.37975992999964,7.1599,4.319863233179009e-05
936,200.56204450900077,6.0649,4.318721228419752e-05
937,200.7447542940008,7.2668,4.317595323987658e-05
938,200.92690504600068,6.8233,4.316468318833336e-05
939,201.11023980600112,6.9212,4.315343481092593e-05
940,201.29440103600064,6.941,4.3142119847098786e-05
941,201.47478251599932,6.3744,4.313075109160489e-05
942,201.65646174500034,6.8737,4.3119610311419754e-05
943,201.83282498100016,6.5241,4.310839895012342e-05
944,202.01575636500093,6.9489,4.309751338969139e-05
945,202.20148639000035,7.0666,4.308623327370371e-05
946,202.3884362459994,6.9888,4.307476434641979e-05
947,202.56535622500087,5.617,4.306321631500003e-05
948,202.74192980800035,6.7224,4.305228748055554e-05
949,202.92433413500112,6.6053,4.3041407457345645e-05
950,203.09874038700036,6.9817,4.3030138410678975e-05
951,203.2827101820003,6.3407,4.3019377611358045e-05
952,203.4607384989995,6.7015,4.3008025851357966e-05
953,203.6404671550008,6.8782,4.29970183361728e-05
954,203.81843833899984,6.6982,4.298593066932095e-05
955,203.9986499709994,6.8188,4.297495149456794e-05
956,204.17918053299945,7.1714,4.2963831697530895e-05
957,204.36282045699954,6.4945,4.295267778308643e-05
958,204.54559767300088,6.7497,4.294134394771604e-05
959,204.72657698200055,7.0416,4.293006092981485e-05
960,204.90920865299995,7.352,4.2918891165617325e-05
961,205.0862037549996,6.9105,4.290762008987651e-05
962,205.27040722700076,6.2313,4.289669969641979e-05
963,205.45165352600088,6.1229,4.288527109629634e-05
964,205.63541715500105,6.9394,4.2874131558827136e-05
965,205.81888266200076,6.8626,4.2862787859506134e-05
966,206.00473311600035,7.5376,4.2851462047160515e-05
967,206.18586365100055,7.1453,4.283999481561722e-05
968,206.3680826939999,6.726,4.2828816240185174e-05
969,206.55036907199974,6.3789,4.281756141895063e-05
970,206.7311596159998,6.3226,4.2806311362777774e-05
971,206.90965444299945,6.2291,4.279515539333328e-05
972,207.09328604000075,6.6534,4.278412783969139e-05
973,207.2746615169999,6.775,4.277280356407405e-05
974,207.45622270100102,6.6139,4.276160526037035e-05
975,207.63689396799964,6.7476,4.275039976487649e-05
976,207.81727377900097,6.4869,4.273922239376544e-05
977,207.99673347799944,6.7564,4.2728115518580184e-05
978,208.1768173950004,5.959,4.2717032945555515e-05
979,208.361493108001,7.141,4.27059002797531e-05
980,208.5437262609994,6.414,4.269451152277781e-05
981,208.7224727619996,6.2186,4.268326302858026e-05
982,208.90077134199964,5.9553,4.267221650709871e-05
983,209.08123233399965,6.3828,4.2661213403024713e-05
984,209.2634510530006,7.0075,4.265008849475309e-05
985,209.44821304200013,6.1931,4.263883491932103e-05
986,209.62858150800093,6.0747,4.2627425267345654e-05
987,209.80991331599944,6.426,4.261629211222218e-05
988,209.98812105700017,6.4642,4.260510399055555e-05
989,210.16955969000082,5.9252,4.259409440296297e-05
990,210.35192072100108,6.6263,4.258289815259256e-05
991,210.53233010999975,5.828,4.257164720067903e-05
992,210.71596484700058,6.2044,4.256050711456794e-05
993,210.9003498889997,6.9507,4.2549173604691334e-05
994,211.08133886699943,6.2463,4.2537787934259223e-05
995,211.26120178600104,6.3768,4.2526620692839444e-05
996,211.44216158500058,6.9417,4.2515511556790155e-05
997,211.6229192160008,5.5568,4.250434802728391e-05
998,211.80763798999942,7.0662,4.249319266450618e-05
999,211.99206314200092,6.7911,4.248179204302463e-05
1000,212.1733845100007,6.2014,4.247039461722226e-05
1001,212.35749162399952,6.8515,4.245921356864191e-05
1002,212.53998948499975,6.5714,4.244783935462962e-05
1003,212.72186858699934,6.238,4.2436569169876525e-05
1004,212.9036876579994,6.687,4.2425341166296265e-05
1005,213.08476229100052,5.889,4.241412193759263e-05
1006,213.26848186999996,6.7087,4.2402939909197475e-05
1007,213.4466370680002,6.8766,4.23916120324691e-05
1008,213.6300966460003,7.0684,4.238061491919752e-05
1009,213.81543487400086,7.1165,4.236928390160498e-05
1010,213.99992277899946,6.1437,4.235784118283947e-05
1011,214.18049688199972,6.2935,4.2346465336604974e-05
1012,214.3607493340005,6.6371,4.233531134567896e-05
1013,214.5375357590001,6.9341,4.232418378320986e-05
1014,214.7242526150003,6.5908,4.2313271383888865e-05
1015,214.90530050900088,6.2882,4.230175494493823e-05
1016,215.0879742569996,6.3516,4.2290562692962995e-05
1017,215.26977853000062,6.5252,4.227928820425921e-05
1018,215.44906922700102,6.6752,4.226807488228396e-05
1019,215.62657764600044,5.8877,4.225701007932092e-05
1020,215.8099969670002,6.4732,4.2246041086234555e-05
1021,215.99248178800008,6.6909,4.223472016543203e-05
1022,216.1763707200007,7.1601,4.222346743475302e-05
1023,216.35769297800107,6.37,4.221211499172838e-05
1024,216.54028549000031,6.937,4.2200927772839446e-05
1025,216.7217873360005,7.1455,4.2189655522036973e-05
1026,216.90072229200086,6.2586,4.2178431855123495e-05
1027,217.0746776720007,6.39,4.2167405416604975e-05
1028,217.24902010699952,7.0536,4.2156668490617314e-05
1029,217.4273508790011,6.8305,4.214589626246908e-05
1030,217.60969104600008,6.633,4.2134890595432044e-05
1031,217.79380712199963,5.958,4.212362757808636e-05
1032,217.9754614980011,6.8561,4.2112273899074014e-05
1033,218.15532085999985,6.7992,4.21010663814815e-05
1034,218.3305861530007,6.8125,4.208994873154316e-05
1035,218.5117074030004,6.8469,4.207912749370364e-05
1036,218.69375737200062,6.3902,4.206794666345683e-05
1037,218.87405155499982,6.1214,4.205671414969132e-05
1038,219.05293384800098,6.31,4.2045578665308685e-05
1039,219.2309032409994,6.6274,4.20345327046913e-05
1040,219.40739868700075,6.1374,4.20235662283333e-05
1041,219.5918920540007,6.8049,4.201267175808639e-05
1042,219.77536124200014,5.8892,4.2001282514259253e-05
1043,219.95523441099976,5.6706,4.1989956505925945e-05
1044,220.13630305200059,6.7583,4.1978842149320924e-05
1045,220.31653621700025,6.4772,4.196766573999996e-05
1046,220.49544251100087,6.0477,4.195654482314813e-05
1047,220.67797690500083,6.9007,4.19454979628395e-05
1048,220.85406735700053,6.6882,4.1934228903456745e-05
1049,221.0352262260003,5.8001,4.192337619290126e-05
1050,221.21196121600042,6.9769,4.191218125271602e-05
1051,221.39655943900107,6.4243,4.190128003006167e-05
1052,221.57596951400046,6.0758,4.188989467296296e-05
1053,221.75992761999987,6.6652,4.187881095388885e-05
1054,221.94015754700013,6.1147,4.186745918679012e-05
1055,222.11983985799998,7.1017,4.185631372395058e-05
1056,222.29967760200088,6.038,4.184522887234571e-05
1057,222.4780317269997,6.8571,4.183412244074078e-05
1058,222.6562008210003,5.6468,4.182311889074075e-05
1059,222.83780419600043,6.9526,4.1812122457777715e-05
1060,223.01056207700094,6.8582,4.180091985086417e-05
1061,223.18761593400086,6.2293,4.179026431524692e-05
1062,223.36545980399933,6.6325,4.1779325080555574e-05
1063,223.53841173799992,6.8219,4.176834663216051e-05
1064,223.720868796001,6.6367,4.17576782655556e-05
1065,223.8982727349994,6.319,4.174640806648145e-05
1066,224.07761346000007,7.059,4.173545207956791e-05
1067,224.25964265199946,7.0721,4.1724373937407415e-05
1068,224.4367984569999,6.6876,4.1713151625925904e-05
1069,224.61585790699974,5.7552,4.170220212567905e-05
1070,224.7968807819998,6.3382,4.1691149704320986e-05
1071,224.9774810479994,6.886,4.167998559055557e-05
1072,225.15984058899994,6.7422,4.166883921135802e-05
1073,225.34115535899946,6.1134,4.165758244950622e-05
1074,225.51700920700023,6.3613,4.164637800043204e-05
1075,225.69465047199992,6.5695,4.163551945524685e-05
1076,225.8701230789993,6.1846,4.162456678734571e-05
1077,226.0488722049995,6.7735,4.161372902265433e-05
1078,226.23106708399973,6.4837,4.1602695952777727e-05
1079,226.41224818699993,6.4111,4.1591458359320946e-05
1080,226.59089152600063,6.7622,4.15802706540741e-05
1081,226.7691753600011,6.4101,4.156924044475304e-05
1082,226.948585782,6.2503,4.155823900611104e-05
1083,227.1281947210009,6.47,4.154715622969136e-05
1084,227.3023018469994,5.2246,4.153607667512343e-05
1085,227.47649116600041,6.3558,4.152532624567896e-05
1086,227.65645315000074,7.3789,4.151456581450621e-05
1087,227.8332042840011,6.4276,4.150346428771605e-05
1088,228.0106972550002,7.1601,4.1492549612777777e-05
1089,228.1901441200007,6.3442,4.14815956587037e-05
1090,228.36913843100047,6.5024,4.147052590641972e-05
1091,228.5466893520006,6.3911,4.14594733596914e-05
1092,228.7297746059994,6.8357,4.1448509824382696e-05
1093,228.912847779,6.3187,4.1437207865432085e-05
1094,229.09112822600036,5.9525,4.1425915898086415e-05
1095,229.2716475670004,6.4208,4.1414905609567934e-05
1096,229.45084742499967,6.7852,4.140375669296292e-05
1097,229.62980924800104,6.4765,4.139269632999997e-05
1098,229.8107460200008,6.8592,4.138165588185187e-05
1099,229.99274834300013,6.5714,4.137049125956787e-05
1100,230.16877734300033,6.6331,4.135926044450616e-05
1101,230.34678710499975,7.05,4.1348400080678965e-05
1102,230.5256807879996,6.1772,4.13373891100617e-05
1103,230.69939153000087,6.3945,4.13263349985802e-05
1104,230.88031929799945,6.3216,4.1315631666296295e-05
1105,231.06304180900042,6.4877,4.130445706604933e-05
1106,231.24025137100034,6.1414,4.129319485129634e-05
1107,231.41919129000053,6.4232,4.128224083055551e-05
1108,231.59917994100033,6.0624,4.127119661018517e-05
1109,231.77961889200014,6.8076,4.1260081251049415e-05
1110,231.96038493200103,6.7341,4.124894279790125e-05
1111,232.13781064500108,6.9663,4.123780680580251e-05
1112,232.3178620180006,6.2352,4.1226844142283995e-05
1113,232.49885126499976,6.2608,4.121573400209877e-05
1114,232.67756771099994,6.0667,4.1204555180308634e-05
1115,232.8587305050005,6.9216,4.119352075296292e-05
1116,233.04036263200032,6.2303,4.118233466283955e-05
1117,233.21953453900096,6.8482,4.1171123004938235e-05
1118,233.39900970599956,6.5349,4.116006802487649e-05
1119,233.5755351200005,6.6186,4.114898854654319e-05
1120,233.75406535900038,6.5974,4.113808793580249e-05
1121,233.93333377800082,6.675,4.11270772468518e-05
1122,234.11054049800077,6.721,4.1116002796790086e-05
1123,234.28793126500022,5.7702,4.110506365222227e-05
1124,234.46819904999938,6.9187,4.1094120765246886e-05
1125,234.65310656400106,6.8053,4.1082992148765383e-05
1126,234.83223635600007,6.3459,4.107158051839504e-05
1127,235.0127978920009,6.1474,4.1060522475432036e-05
1128,235.19279030399957,6.59,4.104937173543207e-05
1129,235.36930906599991,6.4467,4.103825868876542e-05
1130,235.55032129000028,6.3889,4.102735422851855e-05
1131,235.72825714700048,7.1083,4.10161916465432e-05
1132,235.9062569079997,6.2819,4.100521259672837e-05
1133,236.08420569400005,6.8708,4.0994228418333335e-05
1134,236.2606619899998,6.926,4.098324352493825e-05
1135,236.440640619001,6.2721,4.097235035148144e-05
1136,236.61890913000025,5.8198,4.096123732512347e-05
1137,236.79765309600043,6.3432,4.095023031555549e-05
1138,236.97607741499996,6.4544,4.093919802901231e-05
1139,237.15468637100093,6.1264,4.092818569271598e-05
1140,237.32938147499954,6.4501,4.091714844098769e-05
1141,237.50719915899936,6.9137,4.090637420919747e-05
1142,237.68758965500092,6.3877,4.089540445734572e-05
1143,237.8621938159995,5.1197,4.0884264469444435e-05
1144,238.0408306370009,6.6899,4.087347908679016e-05
1145,238.222912489,6.9494,4.08624591677778e-05
1146,238.40127717200085,7.2822,4.085122080037034e-05
1147,238.58492498600026,6.5849,4.0840208271851854e-05
1148,238.76391677299944,7.0401,4.082887865555553e-05
1149,238.94152323299932,6.8016,4.081782083246915e-05
1150,239.12107812199974,6.4687,4.0806861083642e-05
1151,239.30169191099958,6.0514,4.0795779557098776e-05
1152,239.47759695100103,6.3286,4.078462638660492e-05
1153,239.66182956100056,6.9782,4.0773754240185164e-05
1154,239.8432545930009,6.8271,4.076238235037041e-05
1155,240.02388482900096,6.336,4.0751190503271554e-05
1156,240.20331363700097,6.7779,4.0740043397530896e-05
1157,240.3804318069997,6.3868,4.0728960759444455e-05
1158,240.5646817500001,6.9908,4.071802286388885e-05
1159,240.74806126899966,6.9093,4.070665452753086e-05
1160,240.92554634299995,5.7375,4.0695351722345634e-05
1161,241.1084050419995,6.5528,4.0684374300123447e-05
1162,241.29052486100045,6.8148,4.0673105367037064e-05
1163,241.46832538799936,6.2708,4.066186696197528e-05
1164,241.6472899649998,6.2438,4.065088848444439e-05
1165,241.82529887300007,6.4544,4.063982733382714e-05
1166,242.00206507999974,6.4071,4.062884546703707e-05
1167,242.18119565100096,6.1968,4.061793556580248e-05
1168,242.3632896069994,7.0308,4.060687709919752e-05
1169,242.54392708700107,5.9942,4.05956421561728e-05
1170,242.72529930400015,6.5291,4.05844898797531e-05
1171,242.90875114700066,6.6017,4.057329469740737e-05
1172,243.08604684800048,5.7121,4.0561977310493784e-05
1173,243.2661441470009,6.8092,4.055101938944444e-05
1174,243.4474066340008,6.7527,4.053990010345674e-05
1175,243.6272198530005,6.9716,4.052870961018521e-05
1176,243.81182047999937,6.517,4.051760828851855e-05
1177,243.98924404600075,6.2388,4.050622806425929e-05
1178,244.16399101299976,5.3735,4.0495260425740764e-05
1179,244.3458587540008,6.5681,4.0484489382962906e-05
1180,244.52805496499968,6.7287,4.047326096740737e-05
1181,244.7070378089993,6.5608,4.046201981283946e-05
1182,244.88805841800058,6.6303,4.045095317030863e-05
1183,245.06872627700068,6.0329,4.0439801808456825e-05
1184,245.24142452600063,6.5123,4.0428640370432116e-05
1185,245.4225606300006,6.2828,4.041798481882718e-05
1186,245.60489158699966,5.9578,4.040678635382717e-05
1187,245.7838510239999,6.5141,4.0395536006851814e-05
1188,245.96459989300092,6.8995,4.0384484503271594e-05
1189,246.14243819700096,6.813,4.03733418669753e-05
1190,246.32566882900028,6.8203,4.036236068574077e-05
1191,246.50580606900076,6.035,4.035106009814817e-05
1192,246.68682132899994,6.2205,4.0339937783148094e-05
1193,246.86996288699993,6.3898,4.032874383580242e-05
1194,247.05221567300032,6.5602,4.031745173790125e-05
1195,247.23411516799933,6.3515,4.030619959339506e-05
1196,247.41486623899982,6.714,4.0294975681604964e-05
1197,247.5961416150003,6.238,4.0283813505000045e-05
1198,247.77453998700003,6.3975,4.027261181567896e-05
1199,247.94748512300066,6.7319,4.026159818660498e-05
1200,248.1279543920009,6.2198,4.025093241456792e-05
1201,248.3071890480005,5.9427,4.0239791463827154e-05
1202,248.4890267589999,6.5725,4.0228733758395036e-05
1203,248.66827443799957,6.5815,4.021750793975307e-05
1204,248.84617956200054,5.9596,4.020644603895057e-05
1205,249.02802654600055,7.0126,4.0195457789320954e-05
1206,249.20484792000025,6.4287,4.0184234837839476e-05
1207,249.3846607939995,6.8779,4.0173315722469154e-05
1208,249.5663241300008,6.1475,4.0162223256296296e-05
1209,249.74712148500112,6.6656,4.0151015152469085e-05
1210,249.9292595549996,6.4094,4.0139845882469094e-05
1211,250.10903384199992,6.4154,4.012860869407408e-05
1212,250.288307068,6.0523,4.011749988635799e-05
1213,250.47243782000078,6.5569,4.010643413617283e-05
1214,250.65524770199954,6.2538,4.009508358327164e-05
1215,250.83919648399933,5.8444,4.008379392746907e-05
1216,251.01928539999972,6.7463,4.007243254425927e-05
1217,251.19941799499975,6.3288,4.0061312794321025e-05
1218,251.37597664399982,6.0563,4.005020141845678e-05
1219,251.55700402799994,6.1718,4.0039295981172874e-05
1220,251.7345334239999,6.058,4.00281208265432e-05
1221,251.91586684499998,6.1719,4.001716163129627e-05
1222,252.0926796370004,6.5794,4.000598055043212e-05
1223,252.27442721999978,6.6514,3.99950484977778e-05
1224,252.45464499400077,6.5641,3.9983827877160454e-05
1225,252.63407218900102,6.041,3.9972718928333345e-05
1226,252.8117858149999,6.1633,3.996163622111105e-05
1227,252.9912807510009,6.4052,3.995067086395061e-05
1228,253.1724998789996,6.6977,3.99395792622839e-05
1229,253.35190905200034,5.1623,3.9928405123209815e-05
1230,253.53461419000087,6.7578,3.9917321212592526e-05
1231,253.7159823439997,6.2188,3.990604407987649e-05
1232,253.8967270810008,6.6832,3.989484367938272e-05
1233,254.08298279799965,6.909,3.988369914845682e-05
1234,254.26298770500034,6.7356,3.9872196655061756e-05
1235,254.4499742349999,6.8866,3.986108772543206e-05
1236,254.63178307599992,6.8447,3.984954457796291e-05
1237,254.81450107400087,6.6539,3.983832181462961e-05
1238,254.99475630500092,6.2853,3.982704226975307e-05
1239,255.17662715900042,6.6362,3.981590184827164e-05
1240,255.3595116180004,6.1349,3.980468277808642e-05
1241,255.5420311930011,6.6822,3.979339335462965e-05
1242,255.71785456699945,6.4444,3.978212703351851e-05
1243,255.90256371000032,6.7702,3.977127425660495e-05
1244,256.0811130759994,5.9869,3.975987993203703e-05
1245,256.263332732,6.5137,3.974885233234562e-05
1246,256.4428150799995,6.0721,3.973760958567895e-05
1247,256.6255727349999,6.3396,3.9726512262654366e-05
1248,256.80823615699956,5.9929,3.9715240008765454e-05
1249,256.9917813909997,6.9328,3.970398322104942e-05
1250,257.1705920000004,6.2671,3.9692648955555525e-05
1251,257.352461931001,7.0498,3.968159677549381e-05
1252,257.53135610199934,6.4321,3.967036473635801e-05
1253,257.7149302710004,7.361,3.965932406845679e-05
1254,257.8955205220009,6.6071,3.9647997780123405e-05
1255,258.0748069199999,6.2757,3.963685255290127e-05
1256,258.2568416129998,6.4951,3.962578037635804e-05
1257,258.4374016090005,6.277,3.961455441160497e-05
1258,258.62177329299993,6.8566,3.9603395966913595e-05
1259,258.7942835249996,6.8157,3.959202389864195e-05
1260,258.97926693999943,7.1667,3.9581391280061675e-05
1261,259.15819320099945,6.426,3.9569957874320925e-05
1262,259.33857791599985,6.323,3.955891282209877e-05
1263,259.52081897100106,6.845,3.9547772681851844e-05
1264,259.7011987170008,6.5383,3.9536527817839513e-05
1265,259.8831091390002,5.998,3.9525387195185153e-05
1266,260.0685625269998,7.1163,3.951414340543214e-05
1267,260.251062157,6.3709,3.950272842629624e-05
1268,260.43489599200075,6.5534,3.949145362413579e-05
1269,260.61855411000033,6.321,3.9480109941296296e-05
1270,260.8007333099995,6.8678,3.946876240456788e-05
1271,260.9881141200003,6.3734,3.945752147475307e-05
1272,261.1747849399999,6.3175,3.944596031802463e-05
1273,261.3557885850005,5.6042,3.9434424324012364e-05
1274,261.5369618519999,6.5694,3.942325011074069e-05
1275,261.7240950150008,6.5615,3.941206830259259e-05
1276,261.9038746660008,6.6217,3.940052338067896e-05
1277,262.088015274001,6.2371,3.938941819351845e-05
1278,262.27123273399957,6.5872,3.937805616611109e-05
1279,262.45414349400016,6.2956,3.93667436395062e-05
1280,262.635379243,6.0285,3.935545390623455e-05
1281,262.81976028200006,6.2696,3.934426582660488e-05
1282,263.0028164340001,6.5388,3.93328940143827e-05
1283,263.1855700470005,6.6289,3.932160264759255e-05
1284,263.3669743980008,6.2554,3.931031260030865e-05
1285,263.55035214500094,6.6309,3.9299115385740694e-05
1286,263.7319972000005,5.899,3.9287793291481494e-05
1287,263.91217875300026,6.4774,3.927658022382713e-05
1288,264.0966370090009,6.5971,3.9265450530987616e-05
1289,264.28442947700023,6.9221,3.925407419851851e-05
1290,264.4659054519998,6.1562,3.92424884853086e-05
1291,264.65388747699944,6.8211,3.9231274331111116e-05
1292,264.83885653700054,6.2055,3.9219655431790085e-05
1293,265.0321659580004,5.931,3.920817463833328e-05
1294,265.2161024670004,6.392,3.9196321735864196e-05
1295,265.39714170499974,5.897,3.91849705961111e-05
1296,265.58073853300084,6.3238,3.917377889802465e-05
1297,265.76097024500086,7.0452,3.916245117993831e-05
1298,265.9447136809995,6.4534,3.915132267685182e-05
1299,266.1302672340007,6.9761,3.913997071777773e-05
1300,266.31450266200045,6.0276,3.912853664740744e-05
1301,266.4956075480004,6.0015,3.911716048388888e-05
1302,266.6777994950007,6.3518,3.910598048481478e-05
1303,266.859836384001,6.5253,3.9094726764444404e-05
1304,267.04407202199945,7.0768,3.908349124537033e-05
1305,267.2241788780011,5.9637,3.90721333368518e-05
1306,267.4060903030004,6.7399,3.906100531672834e-05
1307,267.58712419100084,6.3615,3.904977335499996e-05
1308,267.77021177200004,6.3573,3.903859260611114e-05
1309,267.95389620100104,6.0543,3.9027300536419696e-05
1310,268.133548967,7.0302,3.9015962529074055e-05
1311,268.3217122320002,6.7015,3.900487177858019e-05
1312,268.5026391480005,6.8062,3.899326251820988e-05
1313,268.6862140249996,6.0791,3.898207899864202e-05
1314,268.8655838659997,6.7818,3.897075236172839e-05
1315,269.0456233950008,5.4199,3.895967713783951e-05
1316,269.22221447000084,6.8712,3.8948561857654295e-05
1317,269.40629410400106,6.6907,3.893768595709878e-05
1318,269.5869892289993,6.1883,3.892630505487657e-05
1319,269.76769172400054,6.0226,3.891514832518523e-05
1320,269.95212145500045,6.8006,3.8903991101172855e-05
1321,270.13615832399955,7.0063,3.889262082648146e-05
1322,270.3186019349996,5.9178,3.888126121660488e-05
1323,270.50070018599945,6.5536,3.8869992602777746e-05
1324,270.68387955099934,5.6257,3.885874500265435e-05
1325,270.8643775090004,5.915,3.884743937092587e-05
1326,271.0485678650002,5.4504,3.883630124413584e-05
1327,271.2269300070002,6.0191,3.882493002358028e-05
1328,271.4124696180006,6.463,3.8813914477962914e-05
1329,271.5969094150005,6.2534,3.880246766253089e-05
1330,271.7807052669996,6.5056,3.879108136543213e-05
1331,271.9654644229995,6.1272,3.877973028716053e-05
1332,272.14930989000095,7.0881,3.876833359648151e-05
1333,272.3319920979993,6.1797,3.875699569796297e-05
1334,272.5096303749997,6.9739,3.8745710828395015e-05
1335,272.6927687360003,6.3005,3.873474205500001e-05
1336,272.8710381410001,6.0437,3.872344238197529e-05
1337,273.0540738790005,6.5975,3.87124276395062e-05
1338,273.23511276799945,6.6681,3.8701142715185204e-05
1339,273.4189509860007,6.4204,3.868996795339503e-05
1340,273.5995847710001,6.023,3.867861015061728e-05
1341,273.7806923429998,6.8736,3.866746221901232e-05
1342,273.9612080450006,6.2671,3.8656280340123495e-05
1343,274.1446557950003,6.9276,3.864513575962957e-05
1344,274.3226825340007,6.1845,3.8633815917716034e-05
1345,274.5006996920001,6.4325,3.862281972364201e-05
1346,274.6840725010006,5.6298,3.86118323312345e-05
1347,274.86719990299935,6.5287,3.8600526370000026e-05
1348,275.05090121899957,6.8882,3.858920600216051e-05
1349,275.230223292001,6.7819,3.857787631450613e-05
1350,275.4121438210004,5.9316,3.856679576432097e-05
1351,275.59369566200075,5.6378,3.855557200080242e-05
1352,275.7763312629995,5.9076,3.8544364043024684e-05
1353,275.9588307310005,6.2995,3.853310419425927e-05
1354,276.14427766799963,6.8988,3.852183091179013e-05
1355,276.32449294400067,6.0734,3.8510385907283995e-05
1356,276.50811302799957,6.3196,3.8499261918641986e-05
1357,276.69186280100075,6.5641,3.8487923199876564e-05
1358,276.8767426230006,6.3744,3.8476588905308595e-05
1359,277.058277868,6.1845,3.8465173591543204e-05
1360,277.24135599700094,6.5906,3.8453970100864235e-05
1361,277.4249576450002,6.5434,3.844266152746912e-05
1362,277.60933157100044,5.292,3.8431336456728396e-05
1363,277.79519806499957,6.7851,3.841994768987656e-05
1364,277.9772055230005,6.3775,3.84084817765432e-05
1365,278.1612758980009,6.5256,3.839723454499995e-05
1366,278.3490185209994,7.0362,3.838587533030859e-05
1367,278.5332362629997,6.6724,3.837428922734562e-05
1368,278.71763348100103,6.6574,3.8362908896913525e-05
1369,278.89927169099974,6.4163,3.835153205358022e-05
1370,279.0856505840002,6.7343,3.834032010283948e-05
1371,279.26820242100075,7.0936,3.832882979129627e-05
1372,279.4528536580001,6.938,3.831754465123461e-05
1373,279.6346990840011,6.6699,3.8306163297469157e-05
1374,279.8147834880001,6.1785,3.829492116759259e-05
1375,279.99815273400054,6.165,3.8283806275370314e-05
1376,280.17870090200086,6.1195,3.827249606895063e-05
1377,280.35593525399963,6.5187,3.826134486623457e-05
1378,280.53474509700027,6.35,3.825039928067905e-05
1379,280.71542964199944,6.2209,3.82393587569753e-05
1380,280.89903609199973,6.8238,3.822820473783945e-05
1381,281.0783769059999,6.4154,3.821687810450621e-05
1382,281.2634511899996,6.3429,3.820580072080242e-05
1383,281.4436804020006,6.4398,3.819439429555559e-05
1384,281.6259978880007,5.8665,3.818326036993829e-05
1385,281.8085426640009,6.5034,3.8172008100678954e-05
1386,281.9902235720001,6.3378,3.816073988191353e-05
1387,282.174559426001,6.2079,3.814951891524692e-05
1388,282.3585927860004,6.81,3.813813725160496e-05
1389,282.54317747499954,6.8782,3.812678938623456e-05
1390,282.7288031219996,7.0155,3.8115393223456804e-05
1391,282.9141944900002,6.562,3.810393120555551e-05
1392,283.10001903400007,6.512,3.809250047154325e-05
1393,283.2823107690001,6.6783,3.808102379697529e-05
1394,283.4677553540005,6.6109,3.806975736222223e-05
1395,283.6512795439994,6.0399,3.805831412246907e-05
1396,283.83597447800094,6.2015,3.804699249216053e-05
1397,284.0179925709999,5.9092,3.803559082969133e-05
1398,284.2012916120002,6.7591,3.802435455925919e-05
1399,284.3885716549994,6.7159,3.801303717179014e-05
1400,284.5720682810006,6.6819,3.800148294524695e-05
1401,284.76062891900074,5.7722,3.7990147571851854e-05
1402,284.94620079299966,6.4692,3.797851569179015e-05
1403,285.1521838259996,6.4954,3.796698997067897e-05
1404,285.3349760580004,6.6256,3.7954338128271546e-05
1405,285.51936046800074,6.5727,3.794298265141971e-05
1406,285.7029119960007,6.5837,3.793166959629633e-05
1407,285.88439924700106,5.9773,3.7920343277962984e-05
1408,286.0692129119998,6.1922,3.7909145090740745e-05
1409,286.2545013069994,5.9316,3.789774064703697e-05
1410,286.4388236390005,5.6772,3.788630097024694e-05
1411,286.62020705800023,6.5134,3.7874918218456765e-05
1412,286.8042765179998,6.5474,3.786371503938269e-05
1413,286.9881246690002,6.7739,3.78523635838271e-05
1414,287.1721132820003,5.8775,3.784101233320986e-05
1415,287.35281391100034,6.049,3.782965991419756e-05
1416,287.5419088210001,6.7273,3.781849934086416e-05
1417,287.72634161099995,6.4136,3.780682896012349e-05
1418,287.9130728050004,6.2224,3.779545200567903e-05
1419,288.09427847699953,6.5066,3.7783914945000033e-05
1420,288.27645177700106,6.1584,3.777273440993825e-05
1421,288.46004147200074,6.9451,3.776148156611113e-05
1422,288.6441489930003,6.4706,3.775015663277777e-05
1423,288.82749367500037,6.4787,3.7738789843456796e-05
1424,289.0093475630001,5.9636,3.772746229098765e-05
1425,289.1920198050011,5.9052,3.771623125117284e-05
1426,289.38102510499994,6.3642,3.7704972246172836e-05
1427,289.56618560100105,6.1756,3.769331028555556e-05
1428,289.7498233469996,6.5071,3.768187001870367e-05
1429,289.9340404300001,6.8053,3.7670541022345654e-05
1430,290.1163537480006,6.8618,3.765917447537032e-05
1431,290.30166312599977,6.6766,3.764791680086417e-05
1432,290.4877257419994,6.874,3.763647341296297e-05
1433,290.66823314999965,5.8358,3.762499193759253e-05
1434,290.8503159760003,6.0159,3.7613827091358036e-05
1435,291.0264296990008,6.8584,3.760258543870367e-05
1436,291.2059231059993,5.9012,3.7591726619629645e-05
1437,291.39062290400034,6.414,3.758065510166668e-05
1438,291.57150859099966,5.8185,3.756925743790121e-05
1439,291.75506051999946,6.0919,3.755809070018519e-05
1440,291.9321280160002,6.0394,3.754677214901238e-05
1441,292.11645480900006,6.6045,3.7535827194321014e-05
1442,292.30274847799956,6.9736,3.752445529753088e-05
1443,292.4878876980001,6.7452,3.751294712043203e-05
1444,292.6665116389995,5.7507,3.750151997141973e-05
1445,292.84956965499987,6.3996,3.749045463191354e-05
1446,293.03461941500063,6.3655,3.747920344364198e-05
1447,293.2189214579994,6.6343,3.746777662907401e-05
1448,293.40116260000104,6.0372,3.745639508413582e-05
1449,293.5870663019996,6.7763,3.7445152894876554e-05
1450,293.7660182180007,6.5107,3.743367238049382e-05
1451,293.9495538480005,6.3739,3.7422618909567864e-05
1452,294.13570949399946,5.9204,3.741130128358023e-05
1453,294.3169714150008,6.5701,3.739981160265427e-05
1454,294.50004479200106,6.8457,3.7388621420185155e-05
1455,294.68509764699957,6.6203,3.73773138385802e-05
1456,294.86507328900007,6.0381,3.7365896643456754e-05
1457,295.04705715899945,6.8062,3.735477748425924e-05
1458,295.22890466600074,6.9018,3.734355476395065e-05
1459,295.408619971,6.3417,3.7332328573827144e-05
1460,295.5910592680011,6.7702,3.732123227709873e-05
1461,295.77373104099934,6.4917,3.730996847098769e-05
1462,295.95498988300096,6.8943,3.72986845911111e-05
1463,296.13160991900077,6.6463,3.7287506817345637e-05
1464,296.31262062300084,5.1887,3.7276599459999964e-05
1465,296.4893301280008,6.586,3.726542385592596e-05
1466,296.66883684300046,5.6395,3.725453476030868e-05
1467,296.85170276400095,6.5699,3.724343399271607e-05
1468,297.0326734150003,6.7479,3.723214906518512e-05
1469,297.21241726399967,6.1363,3.722098485802471e-05
1470,297.39554682699963,6.1762,3.720988233716043e-05
1471,297.5798856399997,6.2531,3.7198584178209826e-05
1472,297.76225517999956,5.9269,3.718720678913581e-05
1473,297.94171073300095,6.3101,3.717594844012346e-05
1474,298.1207832960008,6.3261,3.7164877185555555e-05
1475,298.30317671600096,6.3661,3.715381915537038e-05
1476,298.48653795000064,6.1244,3.714255318111111e-05
1477,298.66823335700064,6.2321,3.7131223123765436e-05
1478,298.8515069160003,5.4427,3.712001481506175e-05
1479,299.04094749400065,6.5834,3.710869949098769e-05
1480,299.2250312239994,6.2115,3.709702331450618e-05
1481,299.40579253299984,6.1707,3.708565013697527e-05
1482,299.58912544399936,7.0051,3.707448580802464e-05
1483,299.77261681600066,6.0514,3.706317329790126e-05
1484,299.9562290699996,6.3172,3.705184241604934e-05
1485,300.1441087429994,6.1092,3.70405074990123e-05
1486,300.32884069600004,6.0552,3.702892276067898e-05
1487,300.50548990400057,6.3826,3.701751843580249e-05
1488,300.68990915200084,5.9478,3.700659873753084e-05
1489,300.8729315519995,6.0465,3.699522067660489e-05
1490,301.0524507179998,4.3812,3.698392712061731e-05
1491,301.2372192849998,6.7004,3.6972840995185165e-05
1492,301.4229051759994,6.0077,3.696144660993822e-05
1493,301.6076701080001,6.604,3.6949976421913526e-05
1494,301.79203592500016,6.2029,3.693857766876539e-05
1495,301.9764459580001,5.8983,3.692720133932097e-05
1496,302.154650677001,6.6596,3.691581291987657e-05
1497,302.33695955999974,6.2871,3.6904810341666684e-05
1498,302.5159552549994,6.4576,3.689355786808645e-05
1499,302.698906611,6.4128,3.688250900067897e-05
1500,302.8842622310003,6.5128,3.6871207233765474e-05
1501,303.0637516019997,6.4398,3.6859776035370385e-05
1502,303.2487878369993,6.3078,3.684869303327161e-05
1503,303.43059589599943,6.1921,3.683727520111113e-05
1504,303.6142936649994,6.31,3.6826042166234584e-05
1505,303.8006132949995,6.4804,3.681470447999997e-05
1506,303.985595696,6.502,3.680321107827156e-05
1507,304.1697965309995,6.8211,3.679178354216045e-05
1508,304.3509242599994,6.7504,3.6780419605617264e-05
1509,304.533983831001,6.1121,3.676923070345676e-05
1510,304.71815160299957,6.5776,3.67579335754321e-05
1511,304.90078886099946,5.9195,3.6746566713456765e-05
1512,305.0803777780002,5.8362,3.673529193580248e-05
1513,305.2648019919998,6.1969,3.672419982623451e-05
1514,305.44585524099966,5.6172,3.671281898030867e-05
1515,305.6288642090003,5.904,3.6701642566172776e-05
1516,305.81224239100084,6.5087,3.6690346986851865e-05
1517,305.99327000300036,6.3836,3.667902892191357e-05
1518,306.1749542260004,6.4198,3.666784439043214e-05
1519,306.35516789400026,5.1976,3.6656644444567944e-05
1520,306.5379031369994,5.8033,3.664552329543206e-05
1521,306.71946384700095,6.3321,3.663423132604934e-05
1522,306.89756919499996,6.0704,3.6623020482716073e-05
1523,307.07908980200045,6.6869,3.661202319049377e-05
1524,307.25795446200027,5.2135,3.660082185833329e-05
1525,307.43992750300094,5.514,3.658972291635806e-05
1526,307.62385178099976,6.8146,3.6578557290308655e-05
1527,307.8072224509997,6.3234,3.656720089969131e-05
1528,307.9914310380009,6.192,3.655588556703701e-05
1529,308.17480054000043,5.873,3.654451355660496e-05
1530,308.35826890300086,7.1657,3.6533186716728386e-05
1531,308.5391786050004,6.4831,3.652185439537036e-05
1532,308.7195424519996,5.9026,3.651069882771604e-05
1533,308.89655177500026,6.3727,3.649955509018515e-05
1534,309.0807807729998,6.4831,3.6488652419753124e-05
1535,309.2643585530004,6.3056,3.6477279093333313e-05
1536,309.45109382400005,6.3557,3.6465932027839486e-05
1537,309.6298743999996,6.7059,3.645440884092593e-05
1538,309.81226204000086,6.5141,3.64433731089506e-05
1539,309.9959127639995,6.162,3.643210802672844e-05
1540,310.1762261189997,6.0315,3.642078587679009e-05
1541,310.3587526200008,6.1188,3.6409647120123434e-05
1542,310.54169721700055,6.2138,3.6398309587345613e-05
1543,310.72441020599945,6.5187,3.6387077340987614e-05
1544,310.9049433880009,6.3998,3.6375816107345626e-05
1545,311.08998018700004,6.334,3.636466131876547e-05
1546,311.2762240009997,6.635,3.635322845512342e-05
1547,311.4583209930006,6.3051,3.634174660129629e-05
1548,311.6401679619994,5.5004,3.633050457030864e-05
1549,311.82257055899936,6.9884,3.631927716197525e-05
1550,312.00463949000005,5.4297,3.63080184487654e-05
1551,312.1870344800009,6.7755,3.629678448592592e-05
1552,312.3693676940002,5.6051,3.628551624141976e-05
1553,312.5511238250001,6.0453,3.62742643290741e-05
1554,312.73737592399993,6.5835,3.6263055429197516e-05
1555,312.9184501590007,5.5136,3.625156087197529e-05
1556,313.10350379900046,6.1232,3.624035743345673e-05
1557,313.2833171000002,6.1425,3.622896190271604e-05
1558,313.462868427001,6.2589,3.621785866006172e-05
1559,313.6420907520005,6.2865,3.620676014895062e-05
1560,313.8221685110002,5.4657,3.619569861771601e-05
1561,314.00103053100065,5.6306,3.618457895808643e-05
1562,314.1847779689997,7.0253,3.6173540322222187e-05
1563,314.3686331259996,5.7425,3.6162211551975336e-05
1564,314.5507768469997,6.6065,3.615086034901236e-05
1565,314.73025129800044,6.7981,3.613960790074077e-05
1566,314.910291614,5.0106,3.612852801154324e-05
1567,315.09328323500085,6.4145,3.611741679265429e-05
1568,315.2733723399997,6.3685,3.6106131476234525e-05
1569,315.45367680900017,6.2103,3.609500550993828e-05
1570,315.636990985,5.791,3.6083874642530826e-05
1571,315.82051500300076,5.9857,3.607257370932103e-05
1572,316.0025248799993,6.0589,3.606123418851849e-05
1573,316.18688849499995,6.5927,3.6050002028950645e-05
1574,316.3661326269994,6.1433,3.6038622151234586e-05
1575,316.55157287400107,6.383,3.602755403296293e-05
1576,316.7353823659996,6.0218,3.601611154882718e-05
1577,316.9177758629994,5.6616,3.6004761684135804e-05
1578,317.1019169200008,6.9491,3.5993491852407346e-05
1579,317.28549481499977,6.5393,3.5982140210802484e-05
1580,317.4636441929997,6.7932,3.597079407024692e-05
1581,317.64578583100047,5.7838,3.595980880555555e-05
1582,317.8307821090002,6.6756,3.594856015320989e-05
1583,318.0124386440002,6.5531,3.593714418148145e-05
1584,318.19165900900043,5.9321,3.592592803987648e-05
1585,318.36923758299963,6.6795,3.591486798518519e-05
1586,318.55390421800075,6.2352,3.590389446925925e-05
1587,318.7378816420005,6.409,3.589249724876543e-05
1588,318.92338696300067,6.6773,3.588110828888883e-05
1589,319.1084364500002,6.2531,3.5869692073518555e-05
1590,319.29094161600005,6.1284,3.585828301851855e-05
1591,319.47574136299954,5.7919,3.584702244253083e-05
1592,319.6573428390002,6.5045,3.583561395043214e-05
1593,319.84043761000066,5.9971,3.5824402176975263e-05
1594,320.02259530000083,7.005,3.581309251876541e-05
1595,320.20468784200057,5.8023,3.5801846437839515e-05
1596,320.38889279700015,6.7565,3.5790614813827176e-05
1597,320.57254591700075,6.2818,3.577924383339507e-05
1598,320.75392189299964,6.6831,3.5767901028641934e-05
1599,320.9367732240007,6.2009,3.575669784086423e-05
1600,321.1169635389997,6.2038,3.574541641320992e-05
1601,321.29819450099967,5.7536,3.573429365623461e-05
1602,321.4814622489994,6.5212,3.5723114425493776e-05
1603,321.6635860259994,6.1079,3.571179288111114e-05
1604,321.8472312009999,6.1326,3.5700555869259267e-05
1605,322.0323836110001,5.6042,3.5689207420185164e-05
1606,322.21470102900093,6.3247,3.56777892122839e-05
1607,322.3994808749994,5.8427,3.566653324543209e-05
1608,322.57717422899987,6.5468,3.565512306358027e-05
1609,322.76067780800076,6.2418,3.5644168852963004e-05
1610,322.9414305350001,6.2169,3.5632838893765394e-05
1611,323.1186012649996,6.9106,3.5621663197901256e-05
1612,323.30131931100004,5.9671,3.56107424451235e-05
1613,323.4841145909995,6.3761,3.559946162845673e-05
1614,323.66697507500066,6.3496,3.558817269475309e-05
1615,323.8493371580007,6.6488,3.5576884313888826e-05
1616,324.0405936339994,6.4467,3.556562775086414e-05
1617,324.2243147570007,5.9137,3.5553814632530815e-05
1618,324.40792336699997,5.8522,3.5542489820493844e-05
1619,324.5910973930004,6.1311,3.5531154640617324e-05
1620,324.77192477300014,6.7394,3.5519853824506204e-05
1621,324.95403298100064,6.5026,3.550867634518516e-05
1622,325.1323824610008,5.7982,3.549744444962959e-05
1623,325.31745151500036,6.5168,3.548642215870368e-05
1624,325.4933991359994,6.2609,3.547500916425925e-05
1625,325.67670968700077,6.7142,3.546414963783954e-05
1626,325.85850111699983,6.8248,3.545282429203708e-05
1627,326.04162716300016,5.7023,3.5441602919629615e-05
1628,326.2248768360005,6.514,3.543031180839501e-05
1629,326.4038679559999,6.1902,3.541900269024693e-05
1630,326.5846232639997,5.9052,3.540793641919753e-05
1631,326.7640708300005,5.7621,3.539678143925924e-05
1632,326.94511813400095,5.9652,3.538570669302463e-05
1633,327.1237600679997,6.2433,3.537452984518518e-05
1634,327.31067125700065,6.3496,3.5363504525925866e-05
1635,327.49284766600067,6.1829,3.535197454814818e-05
1636,327.6736666359993,6.4885,3.534072486203704e-05
1637,327.8575470279993,5.7567,3.532955118092587e-05
1638,328.04192064200106,6.2141,3.531820515734569e-05
1639,328.2227135100002,6.2897,3.530683183753084e-05
1640,328.4059099799997,5.5632,3.529566606641973e-05
1641,328.59284922699953,6.2291,3.528436654728399e-05
1642,328.77750580300017,6.0413,3.527282569950611e-05
1643,328.9611910759995,6.2712,3.526143135506168e-05
1644,329.1427098690001,6.4419,3.5250093327469115e-05
1645,329.32653115799985,6.5627,3.5238892310432036e-05
1646,329.50651610299974,6.7817,3.522753851333327e-05
1647,329.682691162001,6.008,3.521642245098766e-05
1648,329.8640665769999,5.961,3.520553105339506e-05
1649,330.0433889449996,5.8583,3.519434629814817e-05
1650,330.22284137600036,5.581,3.518326440962966e-05
1651,330.40521259600064,6.1498,3.517219229530866e-05
1652,330.5876176090005,7.0207,3.5160953158024705e-05
1653,330.77362202400036,5.8516,3.5149678246975285e-05
1654,330.9548620450005,6.0459,3.513819996555553e-05
1655,331.1388781980004,5.9423,3.5127019223024645e-05
1656,331.3232700089993,6.0443,3.511565764888889e-05
1657,331.50550516300063,6.3131,3.510427899549383e-05
1658,331.6826144250008,6.2102,3.509302080759263e-05
1659,331.86085810700024,6.1874,3.508208500635798e-05
1660,332.04090923200056,5.9837,3.5071091703580185e-05
1661,332.22183146099997,5.7298,3.5059988443271566e-05
1662,332.40086586100006,6.4036,3.5048814338271634e-05
1663,332.5841429400007,6.5691,3.50377594483333e-05
1664,332.7674016300007,6.3303,3.5026458243456764e-05
1665,332.9465937090008,6.6492,3.501514249586414e-05
1666,333.12647068300066,5.8701,3.500408864117286e-05
1667,333.3052075989999,6.3966,3.4992972445493874e-05
1668,333.48440123900036,6.0982,3.498193440697529e-05
1669,333.6621210630001,6.5689,3.497086982345682e-05
1670,333.84649574499963,6.4125,3.495988788555549e-05
1671,334.0312395740002,6.6573,3.494852606117284e-05
1672,334.2113363030003,6.1234,3.4937125459506134e-05
1673,334.38929115000064,6.5422,3.492600761006172e-05
1674,334.57023614399986,6.0958,3.491501087549385e-05
1675,334.74577370500083,6.3536,3.490384143765436e-05
1676,334.92778916600037,5.4327,3.4893025189074045e-05
1677,335.1091735579994,6.4376,3.488178217895056e-05
1678,335.28929789299946,6.538,3.487057943734569e-05
1679,335.4645882010009,6.2406,3.4859452127407446e-05
1680,335.6445729570005,5.9068,3.4848648329567863e-05
1681,335.8247629279995,6.3637,3.483752056666668e-05
1682,336.0055810020003,6.3292,3.4826409017530886e-05
1683,336.18579365500045,6.2505,3.48152483718518e-05
1684,336.3679699589993,7.0322,3.480412309074078e-05
1685,336.5521177030005,6.3656,3.479287714135802e-05
1686,336.7375926099994,5.7834,3.478150974697526e-05
1687,336.91805300799933,6.343,3.477007017265429e-05
1688,337.09818975800044,5.8946,3.4758923802530805e-05
1689,337.28260557999965,6.8357,3.4747805655185216e-05
1690,337.46545804299967,5.7321,3.473642480913575e-05
1691,337.64951251599996,6.2377,3.472514021870374e-05
1692,337.8311109740007,6.062,3.471376868228393e-05
1693,338.0119659970005,6.7787,3.4702558914444424e-05
1694,338.19858114400085,6.4582,3.469138837487651e-05
1695,338.3850300160011,6.3385,3.467982269277776e-05
1696,338.56690694899953,6.1937,3.466837625320991e-05
1697,338.7500275729999,6.3618,3.465713935882714e-05
1698,338.9324556699994,6.2049,3.464582886395066e-05
1699,339.1106750079998,6.3765,3.463457216240745e-05
1700,339.2952831599996,6.1878,3.462359201067905e-05
1701,339.4804832730006,6.5988,3.4612173630246865e-05
1702,339.6556881360011,6.2853,3.460074506012349e-05
1703,339.83752729700063,6.409,3.4589946553024665e-05
1704,340.0212670689998,5.4609,3.457871078148148e-05
1705,340.2047348140004,6.5525,3.456736857654315e-05
1706,340.38747549599975,6.5951,3.455604006518519e-05
1707,340.5667518169994,6.0762,3.454476451283949e-05
1708,340.75003492200085,6.1586,3.4533684582407367e-05
1709,340.92708430700077,6.1548,3.452239643030866e-05
1710,341.1053752650005,6.8268,3.451145897098769e-05
1711,341.2929120400004,6.6674,3.450046126469131e-05
1712,341.477931677,7.0482,3.448887949845677e-05
1713,341.66004952500043,6.0872,3.447745850179009e-05
1714,341.8432086550001,6.4185,3.446621078864199e-05
1715,342.0292827020003,6.4046,3.4454904489814764e-05
1716,342.21031659300024,5.4493,3.4443424473086416e-05
1717,342.3902082860004,5.0727,3.443222537438274e-05
1718,342.57352039800026,5.3983,3.4421134221049424e-05
1719,342.7536699070006,6.3427,3.44098241347531e-05
1720,342.9342274169994,5.5728,3.4398696461357985e-05
1721,343.1184268880006,6.5369,3.438754600790117e-05
1722,343.29919121900093,5.8066,3.437618393783952e-05
1723,343.4795347670006,6.7232,3.436502384401239e-05
1724,343.661599082001,6.8157,3.435389071339508e-05
1725,343.84687617800046,6.5177,3.4342653701111136e-05
1726,344.0243351019999,6.7014,3.433123179259259e-05
1727,344.21039950200066,5.9123,3.4320267642654326e-05
1728,344.3921634899998,6.4361,3.430878205574073e-05
1729,344.57807676000084,6.4195,3.42975453991358e-05
1730,344.7572331820011,4.3127,3.428608239611105e-05
1731,344.93874438400053,6.445,3.427502272135803e-05
1732,345.1214653139996,5.911,3.426382703179014e-05
1733,345.3011505710001,6.0556,3.42525433394444e-05
1734,345.48332212199966,6.3324,3.42414423811111e-05
1735,345.6676639489997,6.4624,3.423020338962959e-05
1736,345.85179058799986,6.6899,3.4218829717098775e-05
1737,346.0308169180007,6.097,3.420745556148143e-05
1738,346.2120986539994,5.8285,3.41964145576543e-05
1739,346.3967761740005,6.3128,3.418521454975302e-05
1740,346.5779998039998,5.6732,3.417382286438276e-05
1741,346.7633796610007,6.1116,3.416262429808639e-05
1742,346.9455879489997,6.4595,3.415118579123452e-05
1743,347.12827389499944,6.4133,3.413992837567902e-05
1744,347.3097915590006,6.2325,3.412865793246909e-05
1745,347.48899694099964,5.6441,3.411745315512347e-05
1746,347.6704044039998,6.204,3.410639943290121e-05
1747,347.84913103100007,5.8848,3.409519312462966e-05
1748,348.0278360400007,5.5587,3.408416983629627e-05
1749,348.20801099100026,5.9278,3.407313474179015e-05
1750,348.3860499700004,6.6005,3.406201403314815e-05
1751,348.57028319100027,6.2456,3.405102588135805e-05
1752,348.754926693,6.5811,3.403964135604939e-05
1753,348.93144537899934,6.5148,3.402826224148146e-05
1754,349.1142411510009,6.9494,3.401736734746908e-05
1755,349.29490448700017,6.5556,3.4006072052901195e-05
1756,349.4736358509999,6.2205,3.399491630388891e-05
1757,349.6572139020009,6.8773,3.3983880116172856e-05
1758,349.8421682730004,6.1808,3.3972555545925946e-05
1759,350.02541671499966,5.9934,3.3961131547345684e-05
1760,350.2052813749997,5.4009,3.39498284185802e-05
1761,350.38662221199957,5.9273,3.3938723102036994e-05
1762,350.56507034100105,6.2271,3.392751770956788e-05
1763,350.7493095690006,6.6548,3.391650860061732e-05
1764,350.92698488600035,5.6705,3.390515069018516e-05
1765,351.11155070099994,5.8791,3.3894170442777796e-05
1766,351.2934368589995,6.196,3.388278804537033e-05
1767,351.4769037389997,6.6193,3.387155563691353e-05
1768,351.65984190900053,5.7169,3.386023057833332e-05
1769,351.8403164240008,4.8935,3.384894026246911e-05
1770,352.02387284500037,6.1334,3.3837793375370305e-05
1771,352.2065084759997,6.3001,3.382645852172842e-05
1772,352.3892014060002,6.8262,3.381517902185188e-05
1773,352.57091442800083,5.2303,3.3803915047407415e-05
1774,352.7532973939997,6.4437,3.379269495728396e-05
1775,352.93561320200024,6.3866,3.378143678339504e-05
1776,353.1160129250002,6.4693,3.377018498555555e-05
1777,353.298077716001,6.3441,3.375905302586416e-05
1778,353.47796930000004,4.8314,3.3747806253888916e-05
1779,353.66081044900056,6.5511,3.373670246197524e-05
1780,353.83736872100053,6.7044,3.372542082604935e-05
1781,354.0183786890011,5.4004,3.3714522597037005e-05
1782,354.2025032349993,5.9752,3.3703348246049415e-05
1783,354.38094741200075,5.7463,3.3691984218086405e-05
1784,354.56531429200004,6.0133,3.368094882086418e-05
1785,354.7487302919999,6.1711,3.366958465654321e-05
1786,354.92962070700014,6.3559,3.365824727135796e-05
1787,355.11015878800026,5.0645,3.3647087704382695e-05
1788,355.2915338349994,6.4153,3.363593753148142e-05
1789,355.4756635499998,6.8683,3.362475693469134e-05
1790,355.66091071399933,6.3857,3.361339592154315e-05
1791,355.8462612960011,6.7078,3.3601961439814805e-05
1792,356.02298164900094,6.3788,3.3590508395370346e-05
1793,356.20844671899977,6.3517,3.357961908364197e-05
1794,356.3940368519998,6.3168,3.35681559023457e-05
1795,356.5700247999994,5.3713,3.355669101234571e-05
1796,356.7527004370004,6.4613,3.354584720641974e-05
1797,356.937694405,6.6034,3.353455781709878e-05
1798,357.11876104800103,6.0083,3.352313834913584e-05
1799,357.30192110999997,6.2443,3.351196627395057e-05
1800,357.48437407500023,5.3735,3.3500650321728374e-05
1801,357.67305655400014,6.0949,3.34893973087037e-05
1802,357.85473071900014,5.4159,3.347774779401233e-05
1803,358.03701847400043,6.5312,3.346653680932102e-05
1804,358.2220764220001,4.5051,3.345521087506167e-05
1805,358.4068059929996,6.7823,3.344386542358027e-05
1806,358.5911567719995,6.4305,3.3432449481111064e-05
1807,358.7781556480004,6.2266,3.342106948845676e-05
1808,358.96333439000045,6.4065,3.3409528231172824e-05
1809,359.14683486600006,6.4108,3.3398105349567944e-05
1810,359.3288873479996,6.5956,3.33867689956173e-05
1811,359.5110451340006,6.664,3.337552758209874e-05
1812,359.6960330559996,6.0562,3.336427712697525e-05
1813,359.8825073379994,6.3548,3.3352869040370396e-05
1814,360.07205636300023,6.5303,3.334135941567902e-05
1815,360.25365688700003,5.8199,3.3329658986296276e-05
1816,360.4374902840009,6.3121,3.331844861635804e-05
1817,360.61649390099956,5.4332,3.330711500512341e-05
1818,360.79469765000067,5.6261,3.329605030790126e-05
1819,360.981523202001,5.8613,3.3285040819629656e-05
1820,361.16620356100066,6.2728,3.32735232482099e-05
1821,361.34959507500025,6.1786,3.326212582802474e-05
1822,361.5331804030011,6.3355,3.325080676308646e-05
1823,361.71099523700104,6.9042,3.3239467444629646e-05
1824,361.89608309399955,6.2017,3.3228503837654324e-05
1825,362.08024872699934,6.2055,3.321708182635805e-05
1826,362.2588352210005,6.3552,3.3205696397283947e-05
1827,362.44244176699976,6.5395,3.319467415734565e-05
1828,362.6214753200002,6.1169,3.318334663462966e-05
1829,362.8012828760002,6.0196,3.3172291171975325e-05
1830,362.9838983509999,6.9171,3.3161189512469116e-05
1831,363.1618271240004,6.0878,3.31499217414815e-05
1832,363.3422079000011,5.732,3.313892704043206e-05
1833,363.5243475410007,6.6488,3.3127801921543245e-05
1834,363.7063444180003,6.2098,3.311655998296295e-05
1835,363.88681710700075,6.4917,3.310531794833328e-05
1836,364.0726113710007,6.6323,3.309418557265428e-05
1837,364.25318276100006,6.3405,3.308271853598763e-05
1838,364.43631012100013,6.5512,3.307157475814817e-05
1839,364.61874000699936,6.414,3.306026444987653e-05
1840,364.802150290001,6.3346,3.3048999949259286e-05
1841,364.9863358019993,6.8537,3.303767002944448e-05
1842,365.16473305,5.7565,3.3026308914444445e-05
1843,365.3414044220008,6.592,3.301529297845679e-05
1844,365.5233293220008,6.575,3.300439610172833e-05
1845,365.70681461000095,6.0849,3.2993165433950644e-05
1846,365.88904356199964,5.6109,3.298184491450611e-05
1847,366.06642887199996,5.3874,3.297058128080248e-05
1848,366.2488905930004,6.4935,3.295963810858026e-05
1849,366.42796552599975,6.8528,3.294838161506173e-05
1850,366.61064411500047,6.2081,3.293731944555554e-05
1851,366.7895389589994,6.0405,3.2926045768024695e-05
1852,366.97328641199965,6.2397,3.291499114567901e-05
1853,367.15400084500106,6.4261,3.290365751425921e-05
1854,367.3355136700011,6.1063,3.2892493556111145e-05
1855,367.51632402200084,6.1176,3.2881295560000023e-05
1856,367.693558723,6.5361,3.28701341272222e-05
1857,367.87540133100083,6.8239,3.285919323234563e-05
1858,368.05799437399946,6.1523,3.284797205913582e-05
1859,368.2422711899999,6.3105,3.2836710427901256e-05
1860,368.417830710001,6.1042,3.282533918895055e-05
1861,368.60093684000094,6.2289,3.281448987209876e-05
1862,368.778422333,6.3948,3.280319003265425e-05
1863,368.95965909500046,6.4672,3.279222849191358e-05
1864,369.143922356001,6.0684,3.278104020456789e-05
1865,369.32744571500007,6.4706,3.2769669892777755e-05
1866,369.50774780400025,6.4822,3.275835041660494e-05
1867,369.69156819599993,6.2699,3.274721494827162e-05
1868,369.8765286350008,6.2845,3.273586437777778e-05
1869,370.0579078310002,5.2648,3.2724449986666697e-05
1870,370.2449880059994,6.1424,3.2713257214629577e-05
1871,370.42677616699984,5.8255,3.270170110506171e-05
1872,370.6095422159997,6.4914,3.269047794364202e-05
1873,370.79195413100024,5.5379,3.267919089604939e-05
1874,370.9742775150007,6.6868,3.266794468759257e-05
1875,371.15436615100043,6.4264,3.265668321882711e-05
1876,371.3378307950006,6.1537,3.264555873104936e-05
1877,371.5146819349993,6.472,3.263424626308644e-05
1878,371.69854706800106,6.1471,3.2623339707654255e-05
1879,371.88014396499966,6.6472,3.261197363012349e-05
1880,372.0612001160007,6.691,3.260076019444445e-05
1881,372.2436875149997,5.8259,3.258958309191358e-05
1882,372.4220750650002,6.0499,3.257833557506173e-05
1883,372.5991600230009,5.7819,3.256730752956791e-05
1884,372.7832559990002,6.4324,3.255637300944446e-05
1885,372.9642441070009,5.8202,3.254502441956789e-05
1886,373.14884317500037,6.0082,3.2533847713950626e-05
1887,373.32455757299977,6.1006,3.252245682043203e-05
1888,373.5089600749998,6.211,3.251161619006173e-05
1889,373.68975037900054,5.6973,3.250023718419751e-05
1890,373.875372343,5.9474,3.2489057100864225e-05
1891,374.0541576329997,6.1745,3.247760747030862e-05
1892,374.23708975299996,7.0894,3.2466576648518565e-05
1893,374.41883982299987,6.7926,3.245527638611108e-05
1894,374.60151159999987,6.785,3.2444058654259214e-05
1895,374.78193782200105,5.8414,3.243277768975307e-05
1896,374.958257409,6.9618,3.2421636887283966e-05
1897,375.13840938700014,6.0269,3.241077393574078e-05
1898,375.31915483600096,5.7666,3.239964238987655e-05
1899,375.5010091380009,6.2043,3.238847213450619e-05
1900,375.68346867500077,6.3417,3.2377263846419734e-05
1901,375.8658562370001,5.7343,3.2366003044753036e-05
1902,376.04748477999965,6.1308,3.235473011864199e-05
1903,376.22898787099984,6.3566,3.234352447598762e-05
1904,376.4081725770011,5.1037,3.2332309979691344e-05
1905,376.5875415320006,6.701,3.2321263004197574e-05
1906,376.76869954799986,6.0755,3.231018212395061e-05
1907,376.9433472180008,6.3391,3.2299000126543175e-05
1908,377.1249285770009,5.8234,3.228823351141975e-05
1909,377.3046191779995,5.9809,3.2277023388024633e-05
1910,377.4866569040005,6.9494,3.2265927195617285e-05
1911,377.66763684000034,5.6027,3.2254652082962964e-05
1912,377.84848827300084,6.2149,3.22435136066667e-05
1913,378.02296514999944,6.7418,3.2232350227407404e-05
1914,378.2013029789996,6.6731,3.22215918080247e-05
1915,378.3839793549996,6.7677,3.221057218308645e-05
1916,378.56542773600086,6.6567,3.2199305047469145e-05
1917,378.7473325970004,6.5901,3.2188087771790064e-05
1918,378.9290271989994,5.7584,3.217687023611104e-05
1919,379.1039433019996,6.7225,3.2165652208148147e-05
1920,379.2876866309998,6.3405,3.2154863392592525e-05
1921,379.4686630590004,6.74,3.214351375530863e-05
1922,379.6470190149994,6.0563,3.2132348233148104e-05
1923,379.8301674200011,6.655,3.212132967030868e-05
1924,380.0114132100007,5.5866,3.211003215654318e-05
1925,380.1929071630002,6.1875,3.209884111722227e-05
1926,380.3755155380004,6.4039,3.20876341508025e-05
1927,380.5587892950007,6.572,3.207635945882711e-05
1928,380.738798417,6.4141,3.2065048845308615e-05
1929,380.9220298229993,6.4428,3.2053932062592566e-05
1930,381.1047522360004,6.7442,3.204261869018522e-05
1931,381.2862098980004,6.4475,3.2031346475308586e-05
1932,381.4680311560005,6.0237,3.202015205771608e-05
1933,381.6486339540006,6.3212,3.2008921726975346e-05
1934,381.8317059380006,6.0667,3.1997765184259276e-05
1935,382.0159283360008,5.8771,3.1986473255802475e-05
1936,382.2011456910004,6.2697,3.197510186876537e-05
1937,382.38220862600065,5.3478,3.196366595061725e-05
1938,382.5608417149997,6.1697,3.1952492029321e-05
1939,382.7393044420005,5.7781,3.194145622080248e-05
1940,382.9200861600002,5.9896,3.19304409161728e-05
1941,383.1008471059995,5.352,3.191928628197533e-05
1942,383.2828837500001,6.6755,3.190813709259253e-05
1943,383.46540182100034,6.6508,3.189689221030867e-05
1944,383.6450204829998,6.4108,3.188561600666662e-05
1945,383.8253265429994,6.1269,3.187453571487654e-05
1946,384.007735874,6.5042,3.186340177216052e-05
1947,384.18671870400067,5.6186,3.185215575209879e-05
1948,384.36587009399955,5.9182,3.184109809703707e-05
1949,384.54870120799933,6.3457,3.1830033559012304e-05
1950,384.72886137000023,6.0174,3.181876749401229e-05
1951,384.9075737540006,5.6341,3.180762929358025e-05
1952,385.0882105920009,6.0109,3.179660337876539e-05
1953,385.2659362129998,6.2721,3.1785455958765456e-05
1954,385.44449366499975,6.0939,3.1774481533827194e-05
1955,385.62881243000083,6.4225,3.176346463666668e-05
1956,385.8127762690001,5.822,3.175207718882716e-05
1957,385.99662675199943,5.7586,3.174072072345676e-05
1958,386.1791566230004,6.5644,3.1729384252345695e-05
1959,386.35705155300093,5.5194,3.171811598876542e-05
1960,386.5360783360011,6.9538,3.170713153049382e-05
1961,386.7142350590002,5.2662,3.1696072449074026e-05
1962,386.8913952319999,5.1474,3.168507575648148e-05
1963,387.0704558640009,6.2391,3.167414293388891e-05
1964,387.2487154800001,6.0951,3.166308983987653e-05
1965,387.4259710999995,5.7154,3.165208702827155e-05
1966,387.6107369910005,6.4835,3.164115022061725e-05
1967,387.7908136490005,5.0655,3.16297376458642e-05
1968,387.9750673079998,6.0276,3.1618615491790125e-05
1969,388.15411536899956,5.8427,3.1607262900246905e-05
1970,388.33565608699973,6.0636,3.159620227592594e-05
1971,388.5167808080005,6.316,3.158499470635804e-05
1972,388.69642956200005,6.7743,3.157380539962959e-05
1973,388.8797225849994,6.2876,3.156272778907401e-05
1974,389.06089229899953,5.7784,3.1551408859691325e-05
1975,389.24555104499996,5.6228,3.15402326882716e-05
1976,389.4271187350005,6.1519,3.1528829277654325e-05
1977,389.60895412600075,5.6705,3.151762599697532e-05
1978,389.79062385,5.0522,3.150639488709877e-05
1979,389.9692623150004,6.9441,3.1495172825987675e-05
1980,390.1483017869996,5.1969,3.1484161232098736e-05
1981,390.3288327760001,6.1763,3.1473098826111115e-05
1982,390.5057797410009,6.3192,3.146196303345682e-05
1983,390.687183424001,4.987,3.145103595870369e-05
1984,390.86674818699976,4.6081,3.143983363969137e-05
1985,391.0492165989999,6.1569,3.1428755341851876e-05
1986,391.22915323300003,6.2475,3.1417494519629586e-05
1987,391.4129814179996,5.8683,3.1406371396049416e-05
1988,391.59402512499946,6.3762,3.1395045093641996e-05
1989,391.77561514099943,6.548,3.138379256351848e-05
1990,391.9563039450004,6.0263,3.137264946438269e-05
1991,392.13951059400097,6.5231,3.136150845672844e-05
1992,392.31951554400075,6.0629,3.1350185310185216e-05
1993,392.4959689389998,6.2219,3.1339075424382735e-05
1994,392.6797136969999,6.3346,3.132818116259257e-05
1995,392.8616066659997,5.8387,3.131684582456784e-05
1996,393.0435943200009,6.5439,3.1305602894629564e-05
1997,393.2234741000011,6.1198,3.1294384955802426e-05
1998,393.403687592001,6.7534,3.128327343308644e-05
1999,393.58439000600083,5.6596,3.127215091648148e-05
2000,393.7666314520011,6.5736,3.12609935243827e-05
2001,393.9469145029998,6.8446,3.1249757798580246e-05
2002,394.12736871000016,6.2432,3.1238619888456776e-05
2003,394.30222948499977,6.3044,3.1227483681357984e-05
2004,394.4832402989996,6.1796,3.1216697399382656e-05
2005,394.6677604640008,5.7126,3.120551989506174e-05
2006,394.8501889500003,5.8806,3.1194132395123436e-05
2007,395.03531953499987,6.1421,3.118286104740744e-05
2008,395.2200868109994,6.0413,3.117144553320986e-05
2009,395.4012248279996,5.4912,3.116003608549386e-05
2010,395.5855468160007,6.2844,3.1148845016666687e-05
2011,395.7704748619999,5.8979,3.1137473119567887e-05
2012,395.9545932740002,5.7373,3.1126056461049343e-05
2013,396.13650767299987,6.3083,3.1114692011543175e-05
2014,396.31748404500104,5.974,3.1103468536481426e-05
2015,396.50214935499935,5.8065,3.1092288006728404e-05
2016,396.68796904600094,6.5882,3.108088279345681e-05
2017,396.8701700239999,6.1682,3.1069430924814844e-05
2018,397.0520621220003,5.9622,3.105817531876541e-05
2019,397.2372192260009,5.9786,3.104694555098764e-05
2020,397.4205129010006,6.2237,3.103552322339505e-05
2021,397.60207616200023,6.2627,3.102420981339503e-05
2022,397.7831493850008,6.2641,3.1012986848271585e-05
2023,397.9652940070009,6.519,3.100180553388883e-05
2024,398.1492929020005,6.4165,3.099057290592594e-05
2025,398.3312522920005,6.1781,3.097922405419754e-05
2026,398.51409424399935,5.9098,3.096798485450619e-05
2027,398.7000077089997,6.7749,3.09566976232099e-05
2028,398.8829000330006,5.6871,3.094522637401238e-05
2029,399.06599531699976,5.4819,3.093390183104941e-05
2030,399.2465009410007,6.239,3.09225630556173e-05
2031,399.4291976220011,6.2173,3.0911481040000045e-05
2032,399.61130572,5.7354,3.09002053664197e-05
2033,399.79532132500026,6.0384,3.088896554203698e-05
2034,399.9780196190004,6.1266,3.0877613656543145e-05
2035,400.15932851599973,6.0815,3.0866327184629676e-05
2036,400.3434589820008,6.2469,3.085514674907402e-05
2037,400.52621170100065,6.3392,3.0843777286604956e-05
2038,400.7082484220009,5.4206,3.083247902493828e-05
2039,400.8902078459996,7.0595,3.082125642697525e-05
2040,401.0733761520005,5.8155,3.081001584450613e-05
2041,401.2485071030005,6.0822,3.0798713110678945e-05
2042,401.42727283600107,5.8204,3.078791748666665e-05
2043,401.6107455040001,6.3224,3.077687344086416e-05
2044,401.79368609800076,6.042,3.076554992067896e-05
2045,401.9747050770002,6.5513,3.075425272160491e-05
2046,402.15911017300095,5.9004,3.074308243944444e-05
2047,402.3364984510008,5.9903,3.073169635166666e-05
2048,402.519267914,5.9809,3.072073365487658e-05
2049,402.7001173130011,5.9738,3.0709476228703696e-05
2050,402.87825691999933,5.636,3.069828959944443e-05
2051,403.05857348500103,6.1002,3.0687289286419695e-05
2052,403.2389719269995,5.7686,3.0676166986543166e-05
2053,403.4207753169994,6.3698,3.066504110197524e-05
2054,403.6032808780001,6.3413,3.065381069759261e-05
2055,403.7859336420006,6.0714,3.064255438802466e-05
2056,403.969514108001,6.3877,3.063126603141977e-05
2057,404.15093452400106,6.5,3.0619939541851816e-05
2058,404.3309009509994,5.4447,3.0608735084012366e-05
2059,404.5075585979994,5.0009,3.059762757901236e-05
2060,404.6913011609995,5.8045,3.0586724958024725e-05
2061,404.86665652600095,6.1402,3.057538685185182e-05
2062,405.04694847599967,6.3125,3.0564576720925865e-05
2063,405.2316832970009,5.9688,3.055344797388887e-05
2064,405.4078972669995,6.8634,3.054203385895057e-05
2065,405.5877581959994,5.5079,3.0531152728086386e-05
2066,405.76775421300044,5.0675,3.0520051665802454e-05
2067,405.9487286300009,5.7829,3.050894305586418e-05
2068,406.1283871710002,5.3474,3.0497766722654343e-05
2069,406.30682883900045,5.8173,3.0486677162654342e-05
2070,406.48583249700096,6.3479,3.0475669409938246e-05
2071,406.6671355420003,6.2299,3.046460775413576e-05
2072,406.85108700300043,6.0452,3.0453416765678956e-05
2073,407.03066366500025,5.8747,3.044206441746913e-05
2074,407.2123153369994,6.163,3.0430981851357977e-05
2075,407.3896060679999,5.8654,3.0419773727592627e-05
2076,407.5739048300002,5.9816,3.0408821067777794e-05
2077,407.7584575660003,5.4133,3.0397441380679016e-05
2078,407.93869056100084,6.3977,3.0386059552530906e-05
2079,408.11244905199965,6.2584,3.037492552981483e-05
2080,408.2896067790007,6.9207,3.03642150955555e-05
2081,408.4685074680001,6.1382,3.0353275610185182e-05
2082,408.6503440560009,6.4089,3.034222323179008e-05
2083,408.8357202829993,6.8813,3.0330992708209854e-05
2084,409.0173770170004,6.0954,3.0319568316666692e-05
2085,409.2000572750003,6.6146,3.0308340062777764e-05
2086,409.3829167439999,5.8985,3.029707460598763e-05
2087,409.5655600280006,6.5755,3.0285776383024665e-05
2088,409.74591732299996,6.714,3.0274506267530822e-05
2089,409.9247567950006,6.1497,3.026337199858029e-05
2090,410.0969304099999,6.1908,3.025233268975306e-05
2091,410.2765399529999,6.2205,3.0241718516728368e-05
2092,410.4590931439998,6.249,3.0230615790617296e-05
2093,410.64183558399964,6.2034,3.0219355595370335e-05
2094,410.82345221000105,6.152,3.0208076414259224e-05
2095,410.9984628050006,6.2876,3.019686292450612e-05
2096,411.1813724879994,6.1473,3.0186053661975256e-05
2097,411.36655262299973,6.1031,3.0174768189629586e-05
2098,411.5480760450009,5.9309,3.0163344477654347e-05
2099,411.7301479380003,6.3573,3.0152137295678954e-05
2100,411.9117432919993,6.4131,3.014089081993826e-05
2101,412.09373548000076,6.2572,3.0129684922037003e-05
2102,412.27114149000045,5.3388,3.01184484578395e-05
2103,412.77115523000066,5.9075,3.010748585962967e-05
2104,412.9536050530005,6.3828,3.0076627663024682e-05
2105,413.13238661499963,6.701,3.0065375998518464e-05
2106,413.312962942,5.7133,3.0054338880185195e-05
2107,413.4950265759999,6.2455,3.0043175937098793e-05
2108,413.67647109599966,6.4263,3.003194885549386e-05
2109,413.8591675480002,6.0123,3.0020737120617292e-05
2110,414.03886375,5.9629,3.0009466710617283e-05
2111,414.2191537859999,6.0686,2.9998364955123447e-05
2112,414.40122630100086,6.2296,2.998725579888888e-05
2113,414.5850514169997,6.4893,2.997601496376538e-05
2114,414.7692762679999,6.343,2.996466801401239e-05
2115,414.94855950999954,6.0738,2.9953292232469126e-05
2116,415.13241741800084,6.7655,2.9942220762222185e-05
2117,415.31235446199935,6.2346,2.9930881018765462e-05
2118,415.49202787800095,6.7008,2.9919763410432132e-05
2119,415.6710575649995,6.3482,2.9908670692530894e-05
2120,415.8516943150007,6.1962,2.9897625651172822e-05
2121,416.03377516900036,6.7729,2.9886476771975325e-05
2122,416.21431429100085,6.2264,2.9875243188765435e-05
2123,416.3966190829997,6.3675,2.9864088309753096e-05
2124,416.57921665200047,6.3144,2.9852837026296305e-05
2125,416.7615178390006,5.6188,2.984157411111112e-05
2126,416.9452965780001,6.4992,2.9830322478641908e-05
2127,417.1264458229998,5.7125,2.981897748876544e-05
2128,417.30481813500046,6.3192,2.9807789358456818e-05
2129,417.4889746690005,5.9251,2.9796767841975292e-05
2130,417.6712878220005,6.4581,2.978541748166669e-05
2131,417.8515072860009,6.662,2.9774148334382734e-05
2132,418.03474399399965,5.7959,2.9763030824074067e-05
2133,418.2072063730011,5.9135,2.9751719824506174e-05
2134,418.3873052529998,5.5354,2.9741064689382657e-05
2135,418.5644475230001,5.6718,2.9729943231604923e-05
2136,418.741448666,6.0253,2.9719014181296245e-05
2137,418.9200202360007,5.3251,2.970808489092588e-05
2138,419.09645347900005,6.2184,2.969706825043207e-05
2139,419.27844884300066,5.9667,2.968618784302466e-05
2140,419.4575372149993,6.322,2.9674946575864238e-05
2141,419.6404074490001,6.1985,2.966388646592597e-05
2142,419.82235164899976,5.9876,2.9652593990617282e-05
2143,420.0013720900006,5.6209,2.964136183586415e-05
2144,420.18264539399934,6.3382,2.9630313071851855e-05
2145,420.3624891750005,5.8249,2.961913640450612e-05
2146,420.5450106820008,6.2113,2.960802248907407e-05
2147,420.7280434559998,6.5663,2.959676325185189e-05
2148,420.9117186050007,6.1896,2.9585466657530854e-05
2149,421.093860631001,6.4093,2.957412801666668e-05
2150,421.2732355749995,6.1696,2.9562884335123443e-05
2151,421.45425483100007,6.1286,2.9551804855370314e-05
2152,421.63481582200075,5.9524,2.954064578987651e-05
2153,421.8166681570001,6.1784,2.952948386104939e-05
2154,421.9981195929995,6.0322,2.9518265519753097e-05
2155,422.1769949589998,5.3835,2.950706852506177e-05
2156,422.3587699039999,6.3858,2.9496021259691375e-05
2157,422.53996228399956,6.2253,2.9484799157530855e-05
2158,422.7219797889993,6.2891,2.947361709746912e-05
2159,422.9064911969999,6.5162,2.946237241530868e-05
2160,423.0903480350007,6.1972,2.9450992844074025e-05
2161,423.27290073900076,6.4833,2.943965087858027e-05
2162,423.4582151480008,6.6962,2.942838521074076e-05
2163,423.6403018380006,5.4531,2.941693438419749e-05
2164,423.8242898469998,6.3274,2.9405694174012276e-05
2165,424.00721072600027,6.3034,2.9394339797716074e-05
2166,424.18695867300085,5.6908,2.9383055845679047e-05
2167,424.3695735350011,5.6593,2.9371949569444445e-05
2168,424.550877949001,5.7888,2.9360684999197518e-05
2169,424.7329431529997,6.3596,2.9349478311419765e-05
2170,424.9175470989994,6.3534,2.933825386320992e-05
2171,425.1014414830006,6.2909,2.9326853759506167e-05
2172,425.2852622720002,5.9388,2.9315512768827138e-05
2173,425.4676255930008,6.1281,2.9304160980555583e-05
2174,425.6511061199999,6.4532,2.9292892392098755e-05
2175,425.8324523400006,6.3022,2.9281574450185225e-05
2176,426.0140883839995,5.3553,2.927038126771605e-05
2177,426.19460344599975,6.0015,2.9259161077654296e-05
2178,426.3775607690004,6.1706,2.9248017816111046e-05
2179,426.5605505200001,6.0191,2.9236729484938214e-05
2180,426.7453580450001,5.8651,2.9225433457283913e-05
2181,426.926007252001,5.9525,2.921403104407411e-05
2182,427.10805086599976,6.2316,2.9202870190308573e-05
2183,427.29148630000054,6.2808,2.9191641087777776e-05
2184,427.475043759001,6.4765,2.9180318453456813e-05
2185,427.6597700990005,6.1646,2.916898248388884e-05
2186,427.84363119500085,6.5243,2.9157582584814773e-05
2187,428.0246919649999,6.2779,2.914622490808636e-05
2188,428.20545009300076,6.1141,2.9135058111666613e-05
2189,428.3843991369995,6.5765,2.9123905584814858e-05
2190,428.56539425700066,5.9174,2.9112846881975268e-05
2191,428.74277161899954,6.1202,2.910167651067903e-05
2192,428.92899326800034,5.9272,2.9090723319938244e-05
2193,429.10394107200045,6.7603,2.907924472530862e-05
2194,429.2845696330005,5.4505,2.9068440475802517e-05
2195,429.4640294889996,6.7865,2.9057273650802515e-05
2196,429.6469024350008,5.9225,2.9046208241357974e-05
2197,429.8307192270004,6.2309,2.9034924853271556e-05
2198,430.0134652830002,5.2197,2.9023572566481484e-05
2199,430.193281150001,6.009,2.9012286217283885e-05
2200,430.37904489500033,6.7187,2.9001195437654306e-05
2201,430.56006445300045,6.3247,2.898972818209878e-05
2202,430.74332811600107,6.6843,2.897854105166662e-05
2203,430.92733081699953,6.2015,2.8967168587222225e-05
2204,431.10820747900107,6.1354,2.8955877401790138e-05
2205,431.2892104060011,6.2547,2.894470617555552e-05
2206,431.47134717799963,5.9104,2.8933539410678958e-05
2207,431.652964678,6.5772,2.8922297748888894e-05
2208,431.8349546270001,5.9314,2.8911093277592615e-05
2209,432.0177887509999,6.5143,2.8899846231975348e-05
2210,432.19998439700066,5.4976,2.8888576820925912e-05
2211,432.382345901,6.044,2.887732268086416e-05
2212,432.56378669100013,5.6698,2.8866067078518512e-05
2213,432.74835767399964,6.6926,2.885484830104933e-05
2214,432.93230855600086,6.1045,2.8843475850617324e-05
2215,433.1129894629994,6.1598,2.8832119268456803e-05
2216,433.2950131859998,5.7939,2.8820968978086427e-05
2217,433.47351000600065,5.9369,2.8809734372777746e-05
2218,433.65596426699994,6.159,2.879871265018519e-05
2219,433.8401383880009,6.5391,2.8787441464999933e-05
2220,434.0216419570006,6.6676,2.8776078727283946e-05
2221,434.20453226000063,5.9963,2.876487069919755e-05
2222,434.3884118570004,5.9917,2.8753581319999933e-05
2223,434.57145230100105,6.5954,2.8742237445987684e-05
2224,434.74869000800027,6.5555,2.8730935740925898e-05
2225,434.9308885190003,5.5498,2.871998918870371e-05
2226,435.11382145100106,5.7493,2.8708747438456753e-05
2227,435.2978899660011,5.9728,2.869743652401229e-05
2228,435.4773059700001,6.7792,2.8686093126913573e-05
2229,435.6598112470001,5.738,2.8675002453024653e-05
2230,435.8414755070007,6.0995,2.8663752527283895e-05
2231,436.0248813729995,6.4517,2.865254151975304e-05
2232,436.205039126,5.6922,2.8641224340802485e-05
2233,436.38670112399996,6.4066,2.86300330642593e-05
2234,436.56953551399965,5.6137,2.8618880415185156e-05
2235,436.7441385330003,6.1233,2.8607596588456736e-05
2236,436.92347878700093,5.3384,2.85968250193827e-05
2237,437.1065442950003,6.4055,2.8585743590123417e-05
2238,437.2896345429999,5.8179,2.857445547567901e-05
2239,437.47275195600014,6.391,2.8563136504629673e-05
2240,437.65293920099975,6.0257,2.8551847588950643e-05
2241,437.83598916700066,6.6498,2.8540708842222184e-05
2242,438.011647663001,6.4827,2.8529424931851812e-05
2243,438.192865297,5.8538,2.8518575599012332e-05
2244,438.3717036830003,5.773,2.8507397189629653e-05
2245,438.5512216240004,5.5072,2.8496359745864133e-05
2246,438.7293738570006,6.3505,2.848527022814812e-05
2247,438.9111750709999,6.1604,2.847426783543204e-05
2248,439.0907557869996,5.7939,2.8463055920123406e-05
2249,439.27270440199936,6.0356,2.845196856543214e-05
2250,439.4571645070009,6.8674,2.844073749888886e-05
2251,439.63814236600047,5.5793,2.842934847592589e-05
2252,439.82115970700033,5.711,2.8418182265061745e-05
2253,439.9988904820002,5.7646,2.840688487537041e-05
2254,440.17680968400055,5.4871,2.8395907795061756e-05
2255,440.3576201369997,6.1296,2.8384920943456757e-05
2256,440.535656768001,4.7866,2.837376191462962e-05
2257,440.7142592630007,5.772,2.836276478975311e-05
2258,440.8955005330008,5.6402,2.835174179364194e-05
2259,441.07710175300053,5.9598,2.834055595660489e-05
2260,441.2585935570005,6.3141,2.832935254592586e-05
2261,441.4392620620001,6.9451,2.8318148322962964e-05
2262,441.6210063519993,5.3237,2.8307003440802448e-05
2263,441.8010765939998,5.8642,2.829577893104934e-05
2264,441.9848294420008,6.2665,2.8284668787345713e-05
2265,442.1670012710001,6.4857,2.8273330791851798e-05
2266,442.34827616999974,6.0002,2.8262084649567898e-05
2267,442.53059652400043,6.4699,2.8250883798641946e-05
2268,442.7106539340002,6.2136,2.8239635893950562e-05
2269,442.89227544499954,6.7674,2.8228513922654258e-05
2270,443.0732772730007,6.0755,2.821731567166667e-05
2271,443.2560091329997,6.7251,2.820613670685187e-05
2272,443.4368202120004,5.6417,2.8194861794876558e-05
2273,443.61789071100065,6.0434,2.818368669703707e-05
2274,443.8011829780007,6.3497,2.8172501439567888e-05
2275,443.9804480719995,6.3128,2.8161197218765374e-05
2276,444.158087799,5.218,2.8150122777160505e-05
2277,444.3412507310004,6.2865,2.813915937141976e-05
2278,444.52180430800036,6.5535,2.812785742438275e-05
2279,444.69766999900094,5.3815,2.8116704885802437e-05
2280,444.88118007199955,6.132,2.8105848870555512e-05
2281,445.059675464001,6.2655,2.8094529058456786e-05
2282,445.2395907320006,6.3496,2.8083515303642007e-05
2283,445.42051592400094,6.3386,2.8072405785432137e-05
2284,445.60343589399963,6.2301,2.8061236617592535e-05
2285,445.78787588900013,5.6791,2.8049951622716085e-05
2286,445.96811547499965,5.8398,2.8038566185246895e-05
2287,446.14226479600075,6.5192,2.8027441623395067e-05
2288,446.31827359199997,6.1393,2.801669630203698e-05
2289,446.49857957600034,5.778,2.800582777728396e-05
2290,446.678715217,5.7793,2.7994692628765472e-05
2291,446.8607593910001,6.2239,2.7983571146851882e-05
2292,447.0427537600008,6.0368,2.797233388388886e-05
2293,447.2213238210006,6.6209,2.796110004246915e-05
2294,447.4031775140011,5.999,2.79500805305555e-05
2295,447.5841065269997,5.9572,2.7938852956049343e-05
2296,447.7710304480006,6.155,2.7927680734444412e-05
2297,447.95340401000067,5.9098,2.791614767320987e-05
2298,448.13396393199946,5.425,2.7904886892036996e-05
2299,448.31476904900046,5.7348,2.789374422956792e-05
2300,448.4917599830005,5.7579,2.788251203351856e-05
2301,448.67399445000046,6.4304,2.7871662353148133e-05
2302,448.853238048001,5.9396,2.7860404761172788e-05
2303,449.0330744410003,5.0173,2.784933601376547e-05
2304,449.2157422649998,6.329,2.783824013870372e-05
2305,449.399004025001,5.7831,2.78269633411111e-05
2306,449.580231164,5.5943,2.7815639904876528e-05
2307,449.75708593499985,6.5923,2.780446561660489e-05
2308,449.94054667599994,6.1737,2.7793551368888836e-05
2309,450.118826797001,6.4373,2.778223051987655e-05
2310,450.30133608600045,6.3812,2.7771220556604944e-05
2311,450.4833397900002,6.1074,2.7759946421543243e-05
2312,450.6673244859994,5.9398,2.7748722395864196e-05
2313,450.84849885199947,6.2242,2.7737367186481506e-05
2314,451.0310664669996,6.2426,2.7726169062654306e-05
2315,451.21180077400095,5.8305,2.77149003825926e-05
2316,451.3967903970006,5.953,2.7703745108024626e-05
2317,451.5693751489998,6.3506,2.769233893240737e-05
2318,451.75238839099984,5.9182,2.768169277759255e-05
2319,451.93424049200075,6.1824,2.7670387683024668e-05
2320,452.11849614200037,6.764,2.7659158659567923e-05
2321,452.29892274600024,5.7782,2.7647789569876486e-05
2322,452.4825284210001,6.3113,2.7636639343518476e-05
2323,452.6648778409999,6.2384,2.7625309003518472e-05
2324,452.8492107719994,6.4547,2.76140538230864e-05
2325,453.02771417700023,6.2199,2.7602680071543175e-05
2326,453.20966660500017,5.6544,2.7591656739135785e-05
2327,453.3900456800002,6.0659,2.758042665302465e-05
2328,453.5739827920006,5.8451,2.756929693598764e-05
2329,453.75405565599976,5.737,2.755793689925926e-05
2330,453.9317808420001,5.6144,2.754683155364198e-05
2331,454.11146883999936,5.9993,2.7535845517901228e-05
2332,454.2905634580002,6.0126,2.752476031382718e-05
2333,454.4715223540006,6.1875,2.75136981906173e-05
2334,454.64816585100016,6.126,2.750253796549383e-05
2335,454.8286450790001,5.9469,2.7491622344938304e-05
2336,455.0080589139998,4.8378,2.748050136475308e-05
2337,455.1890699840005,6.5271,2.746941052765433e-05
2338,455.3757093280001,6.1068,2.7458240189074068e-05
2339,455.55741661700085,6.5633,2.7446722160493776e-05
2340,455.74124246300016,6.2422,2.7435509322037017e-05
2341,455.9218931560008,6.4893,2.7424161580432123e-05
2342,456.1019494560005,5.9125,2.7413005841728346e-05
2343,456.28204534699944,5.6526,2.7401899110493866e-05
2344,456.4625891249998,6.4844,2.739077691913578e-05
2345,456.6481294559999,6.57,2.7379623357037083e-05
2346,456.8270376140008,5.7073,2.7368185783209888e-05
2347,457.0040427069998,6.3074,2.7357129561604906e-05
2348,457.18658950400095,6.3066,2.73462041019136e-05
2349,457.3685062879995,5.6968,2.733494735932097e-05
2350,457.5481067670007,5.8976,2.732370849419747e-05
2351,457.7317451220006,6.4643,2.7312613587345716e-05
2352,457.91084429200055,5.9522,2.730128568203697e-05
2353,458.09379314500075,5.7568,2.7290233270123393e-05
2354,458.27783479199934,6.3594,2.7278939132901215e-05
2355,458.4572747790007,5.7845,2.7267575013642006e-05
2356,458.6378632420001,5.145,2.725649141351846e-05
2357,458.8216471449996,6.6562,2.7245352748271637e-05
2358,458.99750718200085,6.3949,2.7234013607592623e-05
2359,459.17601953600024,5.6853,2.7223158178024695e-05
2360,459.35465321000083,5.6666,2.7212130455555544e-05
2361,459.5325931210009,5.86,2.7201101867777755e-05
2362,459.71102204199997,6.4675,2.7190118359382756e-05
2363,459.8945046080007,6.0799,2.717909771061723e-05
2364,460.0747394480004,5.7832,2.716777627382715e-05
2365,460.2513371519999,5.133,2.715665750654325e-05
2366,460.43018191400006,6.1989,2.7145750332407414e-05
2367,460.6151791600005,6.5153,2.713471033228393e-05
2368,460.79939001099956,6.0799,2.7123308034197516e-05
2369,460.98304232600094,6.1575,2.71119330059876e-05
2370,461.16267481999967,6.4489,2.7100593010987657e-05
2371,461.3438426060002,6.6535,2.7089500718395e-05
2372,461.5268471849995,6.55,2.7078308360617226e-05
2373,461.70877341400046,5.9432,2.706703259919755e-05
2374,461.8922259970004,5.7498,2.705579016074078e-05
2375,462.0733403030008,6.5458,2.704447038104937e-05
2376,462.2545641609995,5.7876,2.7033296777037075e-05
2377,462.43849206400046,6.9141,2.7022103337901207e-05
2378,462.6165246670007,5.7264,2.701074949901228e-05
2379,462.7999253380003,6.1489,2.6999753970308628e-05
2380,462.98152831900006,6.0949,2.6988441970185174e-05
2381,463.1659097009997,6.1472,2.6977224820246895e-05
2382,463.3445433649995,5.926,2.6965845275555557e-05
2383,463.52181690399993,6.284,2.6954811710493792e-05
2384,463.7050015679997,6.5652,2.6943874838641958e-05
2385,463.884523353001,5.8582,2.6932562955493784e-05
2386,464.0655048860008,6.0214,2.6921484590740743e-05
2387,464.24749741400046,6.738,2.6910310070617228e-05
2388,464.4305732490011,6.1086,2.6899062329197543e-05
2389,464.611668249001,6.2925,2.6887780676604872e-05
2390,464.79447245700067,5.8531,2.687659871858025e-05
2391,464.97509733900006,5.9745,2.6865315668765444e-05
2392,465.1579236430007,6.9235,2.685416896413575e-05
2393,465.3429398669996,5.7578,2.6842879842716002e-05
2394,465.52217693199964,6.0512,2.6831460294012383e-05
2395,465.7004354029996,5.1136,2.6820398110308636e-05
2396,465.88240342500103,6.611,2.68093847218518e-05
2397,466.06682611500037,6.1922,2.6798159618888853e-05
2398,466.2493582700008,6.1316,2.6786781683641932e-05
2399,466.43208973000037,5.7981,2.6775511922530794e-05
2400,466.61405683200064,5.6888,2.676422353851846e-05
2401,466.7936268270005,6.3223,2.6752994097592527e-05
2402,466.97391159499966,6.7057,2.674190115203702e-05
2403,467.15409485500095,5.8237,2.6730782312654327e-05
2404,467.3354541200006,6.4786,2.6719661734074115e-05
2405,467.5194227480006,6.4349,2.6708474248827186e-05
2406,467.7050575230005,6.0975,2.6697098050864146e-05
2407,467.88839966200067,6.3466,2.6685648301728395e-05
2408,468.0728684780006,5.9848,2.6674327037283965e-05
2409,468.25480541900106,5.3945,2.6662952952777764e-05
2410,468.4363282310005,6.6778,2.665171642438273e-05
2411,468.62181233000047,6.4792,2.664051395111113e-05
2412,468.8070068090001,5.9078,2.662906100870366e-05
2413,468.9853440480001,6.1593,2.6617622629506112e-05
2414,469.1655574790002,5.6373,2.660661398296298e-05
2415,469.34407102099976,6.1814,2.659549660524685e-05
2416,469.52619356499963,5.7731,2.6584475285061682e-05
2417,469.7076160260003,6.0027,2.6573226566172786e-05
2418,469.8877862930003,5.8601,2.6562030878024724e-05
2419,470.06912482000007,6.4321,2.6550912764444402e-05
2420,470.2449766720001,5.6956,2.6539728845432088e-05
2421,470.425264513,5.3846,2.6528868935000018e-05
2422,470.6090155799993,6.3921,2.6517722108641986e-05
2423,470.7912749370007,6.2473,2.6506397761913603e-05
2424,470.9680655840002,5.8751,2.6495149027469096e-05
2425,471.1467747099996,6.0477,2.6484219781790063e-05
2426,471.3227615150008,6.0329,2.6473196319999982e-05
2427,471.50021802300034,5.1044,2.6462316031913565e-05
2428,471.6819926440003,5.9396,2.645138651290117e-05
2429,471.86384548800015,5.7835,2.6440159554197492e-05
2430,472.0444020390005,6.5617,2.642892682722218e-05
2431,472.22474591900027,6.1848,2.6417793619753127e-05
2432,472.4050701619999,6.8305,2.640665950006167e-05
2433,472.58789211600015,6.2534,2.6395527000617293e-05
2434,472.7694944630002,5.7739,2.638424023222224e-05
2435,472.94935648499995,6.1314,2.637302983117288e-05
2436,473.1318990740001,6.4174,2.6361932375679048e-05
2437,473.31392200200025,6.0799,2.6350589794135795e-05
2438,473.4889081330002,6.3177,2.633943142030867e-05
2439,473.6702833039999,5.8162,2.6328627325308642e-05
2440,473.8524425659998,6.9395,2.631743555481484e-05
2441,474.0339910470011,5.8942,2.6306187519814762e-05
2442,474.217286309,6.1951,2.6294983800555516e-05
2443,474.3959394379999,6.2259,2.6283672824938212e-05
2444,474.576200857,6.1021,2.627262831833327e-05
2445,474.7524750859993,6.3091,2.6261510085555586e-05
2446,474.93137921200105,5.801,2.625063778765432e-05
2447,475.11200613300025,5.6409,2.623958386246911e-05
2448,475.29625560800014,6.3908,2.6228432076481517e-05
2449,475.4827274170002,6.0759,2.6217003367469094e-05
2450,475.6654806940005,6.2491,2.6205549271543207e-05
2451,475.8472939160001,6.1813,2.6194264908827103e-05
2452,476.02697279099993,4.3296,2.618304273456791e-05
2453,476.2096711949998,6.0089,2.617195084716053e-05
2454,476.39079278700046,6.3123,2.6160676629444403e-05
2455,476.5679729929998,5.5271,2.614948792401231e-05
2456,476.7470564739997,5.9652,2.613854951432092e-05
2457,476.9249236630003,5.6842,2.6127493857530895e-05
2458,477.1035519239995,5.3403,2.6116518190246896e-05
2459,477.2851595280008,5.9089,2.6105485535987594e-05
2460,477.4658932860002,6.2169,2.609428911092594e-05
2461,477.64818234999984,6.443,2.6083134220864147e-05
2462,477.82994519299973,6.1334,2.607187183802473e-05
2463,478.0128692729995,4.5042,2.6060650820678956e-05
2464,478.1985887999999,6.6547,2.6049367402160508e-05
2465,478.3834494879993,5.9277,2.6037907286419772e-05
2466,478.56611626000085,5.9883,2.6026478614197534e-05
2467,478.7485487499998,5.8922,2.6015221530987677e-05
2468,478.93136063600105,6.5704,2.60039442821605e-05
2469,479.1133594160001,5.5826,2.5992661684814817e-05
2470,479.2947975730003,6.4301,2.598143779518517e-05
2471,479.47922622400074,5.5042,2.5970229095123443e-05
2472,479.6604720430005,5.8013,2.595884125376544e-05
2473,479.8374200399994,4.2166,2.5947666176975255e-05
2474,480.01768907800033,5.0277,2.593672537938273e-05
2475,480.1976836360009,6.3941,2.5925607845123478e-05
2476,480.3793731580008,5.8639,2.591449364302465e-05
2477,480.56075697400047,5.9178,2.590329056833329e-05
2478,480.74441021200073,5.8117,2.5892080001481472e-05
2479,480.92394653500014,5.5863,2.5880757152777778e-05
2480,481.108300969001,6.7336,2.5869663389382736e-05
2481,481.28790104499967,6.0627,2.585828808722224e-05
2482,481.4688006239994,6.2175,2.5847200869753063e-05
2483,481.6523278509994,6.3084,2.583603824222225e-05
2484,481.82976021600007,5.2037,2.582470917999997e-05
2485,482.0136861339997,6.1461,2.5813733201851807e-05
2486,482.19695084900013,6.2114,2.5802409381296323e-05
2487,482.3805381330003,6.5749,2.5791086601172798e-05
2488,482.55847275400083,6.1969,2.5779748121234502e-05
2489,482.7397911999997,6.3343,2.576875613043212e-05
2490,482.92315022,5.9242,2.5757589367716002e-05
2491,483.1054509229998,5.8385,2.574625756055552e-05
2492,483.2863333690002,6.01,2.5735014458888917e-05
2493,483.4622474530006,6.3121,2.5723835143209817e-05
2494,483.64179316099944,5.7758,2.5712987203209825e-05
2495,483.8237408919995,5.9046,2.5701902559567882e-05
2496,484.00589943200066,6.0964,2.5690670131419736e-05
2497,484.18858111400004,6.5222,2.5679420467098746e-05
2498,484.36858872800076,6.2744,2.56681548750617e-05
2499,484.55118214200047,6.2305,2.56570350427778e-05
2500,484.7331971250005,6.0137,2.5645769423888876e-05
2501,484.91330541299976,6.2127,2.5634523303209856e-05
2502,485.0944391280009,6.0238,2.5623412505864185e-05
2503,485.27590145199974,6.4447,2.5612228206296262e-05
2504,485.45086412599994,6.2976,2.56010323374691e-05
2505,485.6352245680009,6.3277,2.5590240701543245e-05
2506,485.82034479899994,5.8519,2.5578848494506137e-05
2507,486.00197998800104,6.4546,2.5567411960123476e-05
2508,486.1830358719999,6.5345,2.5556209192345704e-05
2509,486.3666754120004,6.6282,2.5545028075185196e-05
2510,486.54711474299984,5.3112,2.5533692772530827e-05
2511,486.730999976,6.7642,2.5522551059999993e-05
2512,486.9135603369996,6.1101,2.5511211398765413e-05
2513,487.0978178589994,5.566,2.5499925455185153e-05
2514,487.2814597249999,6.2181,2.5488567699444444e-05
2515,487.46084062800037,5.5529,2.547722780481477e-05
2516,487.6422109699997,6.279,2.5466149351172874e-05
2517,487.82318160199975,5.6537,2.5454954380061675e-05
2518,488.0024149870005,5.0097,2.544377434024693e-05
2519,488.18273930100077,6.4455,2.5432724096728388e-05
2520,488.36448216899953,6.1172,2.542159169401236e-05
2521,488.54710710200015,6.612,2.541037661635798e-05
2522,488.73165518399946,6.4801,2.5399097471419714e-05
2523,488.9150170459998,6.4307,2.53877167501234e-05
2524,489.0921771550002,5.8021,2.5376392491481494e-05
2525,489.27281784300067,6.5402,2.5365449430617242e-05
2526,489.452241807001,6.0156,2.535428897129631e-05
2527,489.62795982600073,5.9356,2.5343236131419774e-05
2528,489.8113591100009,6.027,2.5332377033703748e-05
2529,489.99518107199947,6.0786,2.5321049724814795e-05
2530,490.1775338419993,6.2693,2.5309724784197497e-05
2531,490.35645135699997,6.5046,2.529845992456788e-05
2532,490.53873577500053,6.4752,2.5287412414691404e-05
2533,490.7221727840006,5.7544,2.5276156531604945e-05
2534,490.9012296889996,6.0207,2.5264839585185128e-05
2535,491.0838217119999,5.9507,2.5253787429382675e-05
2536,491.2638876149995,5.8393,2.5242513690308677e-05
2537,491.44583311300084,6.4426,2.5231409418518547e-05
2538,491.6253376549994,6.5312,2.5220170262777804e-05
2539,491.80310025400104,6.5784,2.5209083379074094e-05
2540,491.98069451800075,6.3328,2.5198116895925873e-05
2541,492.16123631700066,6.4201,2.5187161948641924e-05
2542,492.3422317910008,5.9326,2.517601820956793e-05
2543,492.5215451889999,5.4498,2.5164839596234542e-05
2544,492.70302982199973,5.9313,2.5153763963641986e-05
2545,492.88244238900006,5.8327,2.5142558254629645e-05
2546,493.06241420600054,4.9546,2.5131486663642e-05
2547,493.24086968399934,5.6161,2.5120382040925923e-05
2548,493.41994568799964,5.8552,2.510936778876542e-05
2549,493.6010120209994,6.3157,2.509832332734563e-05
2550,493.78201722999984,6.6442,2.508714569635804e-05
2551,493.96171182500075,6.1776,2.5075965657530826e-05
2552,494.1431305120004,5.4617,2.5064874587345643e-05
2553,494.32410365100077,5.9147,2.5053672198086424e-05
2554,494.50829386499936,6.7328,2.5042487764691303e-05
2555,494.69069895100074,5.7838,2.503113283129624e-05
2556,494.8737606089999,6.06,2.50198669277778e-05
2557,495.0525440229994,6.2629,2.5008565802037077e-05
2558,495.2365413139996,6.4197,2.4997527848271614e-05
2559,495.41711119700085,6.2098,2.4986175561728344e-05
2560,495.6009218020008,5.8271,2.4975000792654347e-05
2561,495.78150843500043,6.0223,2.4963680766728364e-05
2562,495.965098517001,5.9901,2.4952524686975305e-05
2563,496.14421774699986,6.1875,2.4941207485679026e-05
2564,496.3203845000007,5.7458,2.4930143101172815e-05
2565,496.499564265001,5.2179,2.4919266748518476e-05
2566,496.68205121699975,5.8013,2.4908208647098767e-05
2567,496.86391370899946,5.9989,2.4896934066296295e-05
2568,497.04547915700095,6.1639,2.4885728561666617e-05
2569,497.22618302500086,6.1797,2.4874516372407398e-05
2570,497.4092481360003,5.7693,2.486336760777771e-05
2571,497.5917470330005,6.7945,2.4852061103148107e-05
2572,497.77845390900075,6.1376,2.4840794937839478e-05
2573,497.95941856100035,5.2776,2.4829269316172783e-05
2574,498.1420262360007,5.7596,2.4818098997592542e-05
2575,498.32380147799995,6.4843,2.4806832524259278e-05
2576,498.5040991599999,5.2078,2.4795610094197512e-05
2577,498.6879142760008,6.612,2.478447615820984e-05
2578,498.8689351240009,5.9781,2.477313375271602e-05
2579,499.0493227420011,5.6675,2.4761963456234595e-05
2580,499.23046378800063,4.959,2.4750819340925874e-05
2581,499.4096307630007,6.066,2.4739631719753058e-05
2582,499.5934159890003,6.3127,2.4728578913827172e-05
2583,499.7741019940004,6.2731,2.471723947654319e-05
2584,499.95868226899984,6.0247,2.4706065516481465e-05
2585,500.1368774980001,5.7169,2.4694679784382703e-05
2586,500.31919699600076,6.1548,2.4683675998086397e-05
2587,500.4976118079994,5.9826,2.467242139351853e-05
2588,500.6777544230008,5.5307,2.466140454623459e-05
2589,500.85820862199944,6.8679,2.4650292570493795e-05
2590,501.0406172029998,5.9663,2.463917471259254e-05
2591,501.2182779100003,5.5156,2.462789485203701e-05
2592,501.3992107079994,5.8747,2.461693003351852e-05
2593,501.5853237810006,6.1087,2.4605759755987594e-05
2594,501.7689321830003,6.3223,2.4594282673086376e-05
2595,501.9486427699994,5.8174,2.458295039333336e-05
2596,502.1327564309995,5.7225,2.457184186543207e-05
2597,502.31757462899986,6.4105,2.4560491925185152e-05
2598,502.49708590500086,6.5835,2.4549077238765407e-05
2599,502.6745186320004,5.6596,2.4537990593518524e-05
2600,502.85347020600057,6.2178,2.4527039728827173e-05
2601,503.03676712000015,6.0481,2.4515983103765396e-05
2602,503.2204304280003,6.0372,2.450468699543207e-05
2603,503.39847582699986,5.8388,2.4493345250740717e-05
2604,503.57901304200095,6.6238,2.4482353014444486e-05
2605,503.76316932100053,6.6589,2.447119739907403e-05
2606,503.9475858370006,6.443,2.4459838440617306e-05
2607,504.1274607680007,6.0193,2.4448455927962932e-05
2608,504.31051981900055,6.5009,2.4437347162530826e-05
2609,504.48961091099955,6.3556,2.442605844222226e-05
2610,504.6698550510009,6.2438,2.4414992866728358e-05
2611,504.853613786001,5.9406,2.440386652104943e-05
2612,505.0330142420007,6.221,2.4392529261358054e-05
2613,505.21317121500033,6.4275,2.438145204870372e-05
2614,505.3914408130004,6.6887,2.437033668302466e-05
2615,505.56839743599994,5.7186,2.435932723086415e-05
2616,505.7493632509995,6.1704,2.4348404909197474e-05
2617,505.9282371049994,6.0147,2.4337230988333286e-05
2618,506.1031297539994,6.4163,2.4326197158950577e-05
2619,506.2842901820004,5.9694,2.4315415181049334e-05
2620,506.46574017199964,5.7339,2.4304225025802408e-05
2621,506.64677380899957,6.3908,2.429302089845682e-05
2622,506.8288492009997,6.2969,2.4281835702592536e-05
2623,507.0101502910002,5.4509,2.42705955804938e-05
2624,507.1938247300004,5.4699,2.4259416334197467e-05
2625,507.3766173370004,6.604,2.4248066609938247e-05
2626,507.55364209599975,6.2831,2.423679039104936e-05
2627,507.7366302499995,6.1664,2.422585814240735e-05
2628,507.91628271099944,5.4551,2.4214563776543142e-05
2629,508.0964311839998,6.1557,2.4203469232963e-05
2630,508.27867805000096,6.2488,2.419234594092589e-05
2631,508.45615564199943,5.8496,2.4181105623456797e-05
2632,508.63813426100023,6.4641,2.4170165926913608e-05
2633,508.8212650959995,5.8454,2.4158920326666657e-05
2634,509.00265829599994,5.2721,2.414761175444446e-05
2635,509.185285087,5.9035,2.4136408850555524e-05
2636,509.3693980469998,6.2138,2.4125146152654354e-05
2637,509.54942352299986,5.075,2.411376693203698e-05
2638,509.7299619389996,5.0811,2.4102655012160495e-05
2639,509.91250626700094,5.8298,2.4091519765493836e-05
2640,510.09580035,5.6973,2.4080243939753122e-05
2641,510.27853574599976,6.2238,2.4068940548024644e-05
2642,510.45683884400023,5.9095,2.405765519487656e-05
2643,510.6412409860004,6.5353,2.404664657179009e-05
2644,510.8222254850007,6.1254,2.4035272224444405e-05
2645,511.0009715739998,6.2795,2.40240920079629e-05
2646,511.18419741099933,5.2558,2.401306183561729e-05
2647,511.3661227550001,5.9669,2.4001751471234546e-05
2648,511.5494469610003,5.3812,2.3990522224876484e-05
2649,511.731322130001,6.5451,2.397920961814814e-05
2650,511.91290125399973,5.5809,2.3967981049012294e-05
2651,512.094389938,6.1152,2.3956776678518468e-05
2652,512.2780258820003,5.6464,2.394556031345681e-05
2653,512.4573653320003,6.2404,2.3934227392160492e-05
2654,512.638456011,6.2638,2.39231632558025e-05
2655,512.8169330889996,5.9212,2.3911993323765474e-05
2656,512.9971921010001,6.0084,2.3900968692037e-05
2657,513.1760805949998,4.6435,2.3889842891666614e-05
2658,513.3523226050002,5.988,2.387879095654317e-05
2659,513.5319031350009,5.5897,2.3867926865370333e-05
2660,513.712193581001,5.9669,2.3856837435246853e-05
2661,513.8928885559999,5.8355,2.384570560351856e-05
2662,514.0716412410002,5.4518,2.3834559740246926e-05
2663,514.2481903059997,5.91,2.382351564475312e-05
2664,514.433576808,6.3442,2.3812606010432108e-05
2665,514.6172879460009,6.3006,2.3801182921604914e-05
2666,514.79859941,6.7952,2.3789841836296323e-05
2667,514.9811517140006,5.5488,2.3778639297716038e-05
2668,515.1594129969999,5.6931,2.3767379150555524e-05
2669,515.3398591360001,5.2523,2.3756360155493784e-05
2670,515.5197383180002,6.3269,2.374522965814816e-05
2671,515.6992755669999,6.5169,2.3734120740802475e-05
2672,515.8799330990005,6.252,2.3723030885802484e-05
2673,516.0573535530002,6.7648,2.3711878448024727e-05
2674,516.2442253110003,5.8562,2.370094612e-05
2675,516.4261171399994,5.1139,2.368941360537031e-05
2676,516.6087665169998,6.0855,2.367816330308639e-05
2677,516.7914715610004,5.0851,2.3666902777962897e-05
2678,516.9712998989999,6.0756,2.3655623387716064e-05
2679,517.1526371519994,5.5585,2.364452022888886e-05
2680,517.3355309279996,6.3287,2.3633330938950572e-05
2681,517.5159739999999,5.6134,2.3622035548765376e-05
2682,517.6990854030009,6.2213,2.3610892923024724e-05
2683,517.881063316001,5.5136,2.3599594715555508e-05
2684,518.0633444300001,6.0083,2.358835495302471e-05
2685,518.2456356340008,5.7615,2.357710728845677e-05
2686,518.4255086810008,5.2042,2.3565857993271607e-05
2687,518.6092829999998,5.4365,2.3554748077469167e-05
2688,518.7907590920004,6.1569,2.354340849438274e-05
2689,518.973556551,6.228,2.3532211163395086e-05
2690,519.1582342900001,6.3611,2.3520924530555505e-05
2691,519.3386738299996,5.5795,2.350953974660497e-05
2692,519.5171853789998,6.1812,2.3498393310246907e-05
2693,519.697251216001,6.2902,2.348737288444446e-05
2694,519.8815383700003,5.8469,2.347625977555557e-05
2695,520.0620040770009,5.9256,2.3464886971357968e-05
2696,520.2422157359997,5.8533,2.3453741529938273e-05
2697,520.4243004729997,6.1585,2.3442611963456767e-05
2698,520.6060375950001,5.666,2.3431367875802473e-05
2699,520.7875682030008,6.569,2.3420157841666633e-05
2700,520.9680518229998,5.6186,2.3408956936913523e-05
2701,521.1452858430002,5.3464,2.3397809367839547e-05
2702,521.3249260009998,6.0403,2.3386868672901243e-05
2703,521.5056344019995,6.6681,2.3375779221481443e-05
2704,521.6881988320001,6.1527,2.336462710987656e-05
2705,521.8742458960005,6.0865,2.3353364374320953e-05
2706,522.0572667310007,6.612,2.334186991141973e-05
2707,522.2413537499997,6.087,2.3330572651790067e-05
2708,522.4239382190008,6.0145,2.3319204006604963e-05
2709,522.6042061179996,5.6873,2.3307930219999986e-05
2710,522.7895293910005,5.8276,2.329680033209879e-05
2711,522.9693283329998,5.7206,2.3285367767963e-05
2712,523.1527535629994,6.2707,2.3274268984259272e-05
2713,523.335298766,5.9074,2.3262942049938303e-05
2714,523.5182593900008,6.4552,2.325167478080245e-05
2715,523.699296584,5.9182,2.324038304777776e-05
2716,523.881752360001,5.534,2.322920004777772e-05
2717,524.0609270010009,6.17,2.321794085975303e-05
2718,524.2437327460011,6.3123,2.3206879763888934e-05
2719,524.4259966250011,6.0317,2.3195595989444446e-05
2720,524.609777773001,6.5533,2.3184351916790075e-05
2721,524.7911049909999,5.7931,2.3173013598395e-05
2722,524.975647878,6.4341,2.3161817976790055e-05
2723,525.1575301850007,6.0431,2.315041899913574e-05
2724,525.3433795300007,7.0239,2.3139189166111154e-05
2725,525.5264379910004,6.0339,2.3127731929074082e-05
2726,525.7112693279996,6.2054,2.3116430630740675e-05
2727,525.8955801669999,5.6776,2.3105011674567918e-05
2728,526.075728971,5.9525,2.309364164555552e-05
2729,526.2566998519997,6.4889,2.3082512333333368e-05
2730,526.4413730590004,6.1507,2.3071335853395076e-05
2731,526.6247428830011,5.7266,2.30599452662345e-05
2732,526.8106862959994,5.9123,2.3048625553827173e-05
2733,526.990719626001,5.9913,2.3037148018148163e-05
2734,527.1723419810005,5.7942,2.3026032826049427e-05
2735,527.3571233879993,5.8555,2.3014826418580182e-05
2736,527.5427704260001,6.4538,2.3003417116481468e-05
2737,527.7248004840003,5.9967,2.2991962593086448e-05
2738,527.904497032001,5.4273,2.2980716083086433e-05
2739,528.0852999560011,5.8466,2.2969618706234584e-05
2740,528.2652166749995,5.8912,2.2958468053703647e-05
2741,528.4502590690008,6.0043,2.2947359180185163e-05
2742,528.6293985320008,5.4471,2.293594324851851e-05
2743,528.8099092949997,6.026,2.2924872539321017e-05
2744,528.9951897419996,5.721,2.291373635351855e-05
2745,529.1724019339999,6.1888,2.2902307954814822e-05
2746,529.3528911819994,5.2766,2.289136306222218e-05
2747,529.5367677230006,5.428,2.2880222717098783e-05
2748,529.7177000020001,6.3244,2.2868879284629592e-05
2749,529.9030927820004,5.7856,2.2857701039938212e-05
2750,530.0845106569996,6.3174,2.2846272694012354e-05
2751,530.263074904,5.8801,2.2835060011111075e-05
2752,530.4476162379997,6.4062,2.282403544703699e-05
2753,530.6330285290005,6.4122,2.2812653815740698e-05
2754,530.8146831699996,6.3818,2.2801217172777738e-05
2755,530.9975117079994,6.149,2.2789979688024666e-05
2756,531.1783381589994,5.9985,2.2778703607901202e-05
2757,531.3619744019998,6.5744,2.2767541762407374e-05
2758,531.5459579939998,6.7191,2.275619646277779e-05
2759,531.7315478479995,6.3844,2.274484213561731e-05
2760,531.911517427001,5.5567,2.273339776524693e-05
2761,532.0942632139995,6.051,2.272227417975304e-05
2762,532.2774818010002,6.0446,2.2710998608333318e-05
2763,532.4586139929997,5.927,2.2699682841666685e-05
2764,532.6397731960005,5.8812,2.26885120065432e-05
2765,532.8193458040005,5.3448,2.2677340563333343e-05
2766,533.0018077919995,6.5095,2.266623277327154e-05
2767,533.1848656679995,5.7989,2.265498494771607e-05
2768,533.3669379500006,6.2347,2.264368335802469e-05
2769,533.5507536469995,5.5751,2.2632447067962968e-05
2770,533.7307718060001,5.1884,2.2621095568086352e-05
2771,533.9111039470008,6.7145,2.2609985821851794e-05
2772,534.0931474879999,5.5029,2.2598856304012313e-05
2773,534.2771498319998,6.6329,2.2587616447283917e-05
2774,534.4577634079997,5.9948,2.2576257399876477e-05
2775,534.6391889660008,5.7186,2.2565111024876523e-05
2776,534.8154670929998,6.6449,2.2553899750185194e-05
2777,534.992428861,5.8769,2.254304003919756e-05
2778,535.1743549969997,6.555,2.2532110074321e-05
2779,535.3561942840006,6.2054,2.2520878302469177e-05
2780,535.5372265259994,6.332,2.250964410438271e-05
2781,535.7183805940003,5.6493,2.2498474137283994e-05
2782,535.8956894519997,5.3032,2.248728960246909e-05
2783,536.0742841209994,6.7049,2.2476339713641975e-05
2784,536.2546767780004,6.3183,2.2465334278518463e-05
2785,536.4358328760009,6.0616,2.2454191718827112e-05
2786,536.6156804479997,6.6867,2.2442997164814783e-05
2787,536.7965338110007,6.5239,2.243190037777777e-05
2788,536.979626788001,5.765,2.2420737968580252e-05
2789,537.1588992809993,5.1624,2.2409443585432056e-05
2790,537.3393299300005,5.8522,2.2398365480493798e-05
2791,537.5209352580005,6.4388,2.2387226910061688e-05
2792,537.701618391,6.3014,2.237601545962959e-05
2793,537.8806120900008,5.8834,2.2364869242901255e-05
2794,538.0609709609998,5.841,2.2353816144074056e-05
2795,538.2414961440008,6.5135,2.2342690952345612e-05
2796,538.4214106319996,6.1605,2.2331549371604943e-05
2797,538.6044364009995,6.2159,2.232044319160487e-05
2798,538.7796258110011,5.9773,2.2309140334197577e-05
2799,538.9594796269994,6.513,2.2298320834938246e-05
2800,539.141003621,6.2638,2.2287220090308586e-05
2801,539.3218087530004,5.7359,2.2276004065987667e-05
2802,539.5012971520009,5.8877,2.226486143117284e-05
2803,539.6860203920005,6.4962,2.2253760540493822e-05
2804,539.8689817440008,6.1795,2.2242375261728428e-05
2805,540.0519246509994,6.053,2.2231083594629633e-05
2806,540.2329103779994,6.0782,2.2219787159506212e-05
2807,540.4167513310003,5.8722,2.2208613655617272e-05
2808,540.6024286510001,5.9876,2.2197272093950616e-05
2809,540.7841129890003,6.019,2.2185804289691324e-05
2810,540.9652443199993,5.9455,2.217458974382714e-05
2811,541.1395771309999,6.4352,2.21634021629629e-05
2812,541.3264445919995,6.3141,2.2152665996975292e-05
2813,541.5125616389996,6.8223,2.214111255574069e-05
2814,541.6946961539998,6.9257,2.212962724716043e-05
2815,541.878365605,6.0093,2.2118382598086395e-05
2816,542.0549658710006,6.1896,2.2107046950432054e-05
2817,542.2378567819997,5.8642,2.2096150317777726e-05
2818,542.4178969509994,5.9144,2.2084853076481455e-05
2819,542.6019455759997,5.9412,2.2073737523086392e-05
2820,542.7843580130011,6.0489,2.206238365098766e-05
2821,542.9630556709999,6.1219,2.2051118026913603e-05
2822,543.1473636770006,6.4024,2.204007935586414e-05
2823,543.3331511659999,6.121,2.202870876691358e-05
2824,543.5130014999995,5.9259,2.20172408772222e-05
2825,543.698402547001,6.3106,2.200614990771606e-05
2826,543.885054145001,6.3395,2.1994701351975238e-05
2827,544.0680989900011,6.1,2.1983175688209833e-05
2828,544.2538150740002,5.9928,2.1971886853518503e-05
2829,544.437785782,6.315,2.196041479339508e-05
2830,544.6188434030009,5.5937,2.1949056586481455e-05
2831,544.8015915529995,6.2446,2.1937878296111092e-05
2832,544.9831273050004,5.8327,2.19265962579012e-05
2833,545.162983278,5.9196,2.191538848024687e-05
2834,545.3470256130004,6.5753,2.1904290433950553e-05
2835,545.5270483040003,5.5748,2.1892936859320922e-05
2836,545.7102160750001,5.8099,2.1881805842901183e-05
2837,545.89441696,6.2348,2.1870507644197473e-05
2838,546.0760280089999,6.3404,2.1859146124382697e-05
2839,546.2545215629998,6.3403,2.1847939332407392e-05
2840,546.4379016790008,5.751,2.1836920920123467e-05
2841,546.6192765569995,5.6581,2.1825593852345715e-05
2842,546.8046273849995,6.3784,2.181439573956786e-05
2843,546.9898660439994,6.5336,2.1802949471543182e-05
2844,547.1737544839998,6.1714,2.1791526044382725e-05
2845,547.350626376001,6.288,2.1780170139444422e-05
2846,547.5334768430002,5.3395,2.1769255806172883e-05
2847,547.7195145570004,6.234,2.1757959170123442e-05
2848,547.9012335690004,5.4947,2.1746479449567895e-05
2849,548.0821279820011,5.9035,2.1735255936790076e-05
2850,548.2652094240002,5.8204,2.172408964277779e-05
2851,548.4490388630002,5.643,2.1712788062962958e-05
2852,548.631743553,6.6596,2.170144480858024e-05
2853,548.8141375800005,5.8237,2.1690172957530904e-05
2854,548.9967713940005,5.9575,2.1678899774938315e-05
2855,549.1770500870007,5.5719,2.166764306308638e-05
2856,549.3590024109999,5.135,2.1656507383827096e-05
2857,549.543816161,5.9446,2.1645269921913563e-05
2858,549.7256635480007,5.5732,2.1633876473765386e-05
2859,549.9068928279994,5.895,2.162263333783947e-05
2860,550.086853443001,5.7077,2.1611449019876518e-05
2861,550.2692752370003,5.3892,2.1600349745123467e-05
2862,550.4538582959995,6.5085,2.1589083321111088e-05
2863,550.6309561800008,6.1617,2.1577697990802492e-05
2864,550.8111015260001,5.6855,2.1566773687160474e-05
2865,550.988083839,6.7505,2.1555637644012362e-05
2866,551.1691736289995,4.9142,2.1544732286851805e-05
2867,551.3460889939997,6.3784,2.153354168148146e-05
2868,551.527444284,6.2685,2.152263203537036e-05
2869,551.7110290790006,5.7246,2.1511427516419714e-05
2870,551.8940035110008,6.0943,2.1500095049814828e-05
2871,552.0757353379995,5.9423,2.1488792165308625e-05
2872,552.2589440379998,6.2643,2.1477571036357968e-05
2873,552.4421352900008,5.3083,2.1466277904629567e-05
2874,552.6247716670005,5.9056,2.1454956484753053e-05
2875,552.8054254689996,5.2864,2.1443693425555557e-05
2876,552.9885031699996,5.7604,2.1432534642716083e-05
2877,553.175644672001,6.6565,2.1421242374691346e-05
2878,553.3556232789997,5.5311,2.1409691133888904e-05
2879,553.5361511009996,6.5072,2.1398575754135802e-05
2880,553.7177732550008,5.6418,2.1387436827592606e-05
2881,553.8997721300002,5.9412,2.1376225245493864e-05
2882,554.0770796340003,6.1285,2.1364986585246954e-05
2883,554.2617189680004,5.6918,2.1354051112407376e-05
2884,554.4456284900007,6.155,2.1342649875740688e-05
2885,554.6282601029998,5.9394,2.1331290352962942e-05
2886,554.8121369100008,6.2873,2.1320010456357964e-05
2887,554.9952798810009,5.9048,2.130866114876544e-05
2888,555.178128865,6.3722,2.1297362242530876e-05
2889,555.3625097210006,6.0899,2.1286068860493817e-05
2890,555.5460722219996,6.4272,2.1274697028950614e-05
2891,555.7278901320005,6.3711,2.1263356591481498e-05
2892,555.909252247,5.8653,2.1252137924567918e-05
2893,556.0936287269997,5.8736,2.124093911067901e-05
2894,556.2699746720009,5.981,2.1229563626790127e-05
2895,556.4515971649998,6.1336,2.121866478240738e-05
2896,556.6328897410003,5.8594,2.1207461985864195e-05
2897,556.8148180130011,6.4163,2.119627211987656e-05
2898,556.9991116330002,5.6924,2.118504650024685e-05
2899,557.1805491480009,5.9261,2.1173674234567915e-05
2900,557.3566188770001,5.678,2.1162466415987665e-05
2901,557.5319704720005,6.1866,2.115160058839508e-05
2902,557.7134649899999,5.0669,2.114076256160495e-05
2903,557.8934925619997,6.2914,2.1129571561790122e-05
2904,558.0753720800003,6.4296,2.1118453255123406e-05
2905,558.2581996009994,6.0696,2.110722958592586e-05
2906,558.4410463370004,6.3347,2.1095940790246908e-05
2907,558.619428729,6.1941,2.108465273574068e-05
2908,558.8015035900007,5.9519,2.107365383351851e-05
2909,558.9782146500002,5.8633,2.1062420215740747e-05
2910,559.1604879189999,5.7228,2.105150308129626e-05
2911,559.341312478,6.0809,2.1040249339629566e-05
2912,559.5257070869993,6.3492,2.1029081265555596e-05
2913,559.7095958490008,5.8102,2.10177027124074e-05
2914,559.8887344270006,6.1658,2.1006358690802465e-05
2915,560.0692832549994,4.7321,2.0995290667592542e-05
2916,560.2472840800001,5.7207,2.0984148640925947e-05
2917,560.4275508770006,6.4556,2.0973156291111086e-05
2918,560.6097583110004,6.0365,2.096203356e-05
2919,560.7844356669993,5.9213,2.09507868593827e-05
2920,560.9654781589998,5.865,2.0940000356172783e-05
2921,561.1466370609996,5.9263,2.092881883913575e-05
2922,561.3325286840009,6.0143,2.0917653119691345e-05
2923,561.5111111330007,6.0016,2.0906177995987686e-05
2924,561.6946657839999,6.6228,2.0895137520802443e-05
2925,561.8762473320003,5.9147,2.0883812848271615e-05
2926,562.0577056279999,5.1978,2.087259160808639e-05
2927,562.2368939120006,5.5734,2.086140304765436e-05
2928,562.4199156270006,6.2698,2.0850335404074044e-05
2929,562.6015893330004,5.5425,2.0839051193086362e-05
2930,562.7849087630002,5.5498,2.0827831730493813e-05
2931,562.9671409420007,6.1366,2.081652439938268e-05
2932,563.1482518940011,5.8263,2.0805269690123442e-05
2933,563.3238723800005,6.6131,2.079409126098766e-05
2934,563.5048334540006,6.3879,2.0783253612407412e-05
2935,563.6883288270001,6.3319,2.077207609339501e-05
2936,563.8714397620006,6.3365,2.0760755674506115e-05
2937,564.0548557490001,5.2384,2.074945081253084e-05
2938,564.2323676350006,6.3413,2.073812764395056e-05
2939,564.418418909001,6.3131,2.0727188384567897e-05
2940,564.5994702799999,5.5908,2.0715689062839445e-05
2941,564.7795850990005,5.6288,2.0704516176049393e-05
2942,564.9609926579997,5.9055,2.0693381482283984e-05
2943,565.1412020030002,5.6453,2.0682207665802505e-05
2944,565.3234569760007,5.9101,2.067106694012339e-05
2945,565.5065318790002,6.1321,2.0659808658703672e-05
2946,565.6892328459999,5.8213,2.064851978320983e-05
2947,565.8725880130005,5.9339,2.0637225929012294e-05
2948,566.0520442300003,5.2416,2.0625920544691303e-05
2949,566.2349518770006,5.7197,2.0614850292469084e-05
2950,566.4155877470002,5.7359,2.0603554977716034e-05
2951,566.594545072001,5.3554,2.0592410478950654e-05
2952,566.7765058099994,5.5427,2.058134514808646e-05
2953,566.9558972100003,5.875,2.0570118102962927e-05
2954,567.1340297740007,5.9685,2.0559049401666657e-05
2955,567.3177483710006,6.6915,2.0548041123148087e-05
2956,567.500536947,5.5987,2.0536720688950606e-05
2957,567.6818747910002,6.0225,2.0525434207839444e-05
2958,567.8660263830006,6.1221,2.051423641395065e-05
2959,568.0466312839999,6.3153,2.0502865874691396e-05
2960,568.2287388090008,6.5066,2.049172879327154e-05
2961,568.4059998550001,6.0955,2.0480474947777718e-05
2962,568.588966274001,5.7768,2.046954769870365e-05
2963,568.769331843001,5.4339,2.0458246771172808e-05
2964,568.9498570659998,5.5162,2.0447111955987615e-05
2965,569.1335182620005,6.3419,2.043596293450618e-05
2966,569.3180824370011,6.2778,2.042463318216045e-05
2967,569.4990258060006,5.188,2.0413239013827094e-05
2968,569.6817488750003,5.9109,2.040205954092589e-05
2969,569.8587595179997,6.1421,2.0390795268395092e-05
2970,570.0406869760009,5.2098,2.0379874699321006e-05
2971,570.2235006490009,5.7587,2.0368624015123423e-05
2972,570.4057749229996,5.8046,2.035734410172839e-05
2973,570.5872202699993,5.5652,2.0346092080864182e-05
2974,570.765689979,5.4934,2.0334888805555575e-05
2975,570.9453646389993,4.8979,2.0323867094938255e-05
2976,571.1228636819997,6.2055,2.0312779679629617e-05
2977,571.3011414680004,6.015,2.0301831976419772e-05
2978,571.4850105330006,5.8779,2.02908163868518e-05
2979,571.6692655759998,6.2414,2.0279469744753126e-05
2980,571.8508661770011,6.3671,2.026809393234566e-05
2981,572.0318036040007,5.5539,2.025689056425928e-05
2982,572.214764327,5.6389,2.024572216728392e-05
2983,572.3911681879999,5.65,2.0234430087407362e-05
2984,572.5757486660004,5.7821,2.022353107567905e-05
2985,572.7555591780001,5.748,2.021215549234568e-05
2986,572.9369966579998,6.7309,2.02010444567901e-05
2987,573.115669879,6.2823,2.0189841576049374e-05
2988,573.2907688960004,6.1523,2.0178824239506128e-05
2989,573.4707894149997,5.7584,2.0168028877407417e-05
2990,573.6514447040008,6.2026,2.0156902834999945e-05
2991,573.8338269670003,6.0421,2.0145760264753067e-05
2992,574.0168131400005,6.4259,2.0134499551851817e-05
2993,574.1944139339994,4.6015,2.0123202442901175e-05
2994,574.3737029610002,6.5243,2.0112233418580285e-05
2995,574.5564930750006,5.7647,2.0101167624629573e-05
2996,574.74002879,6.3111,2.0089882723641944e-05
2997,574.9172580230006,6.6554,2.00785623759876e-05
2998,575.0974064309994,5.7093,2.0067598715555553e-05
2999,575.276069046,5.877,2.0056437718950616e-05
3000,575.4596718190005,5.8881,2.004546295253089e-05
3001,575.6545511019995,6.1654,2.0034137138456778e-05
3002,575.8549356149997,5.57,2.0022096320308604e-05
3003,576.0721243909993,5.7226,2.0010504723765434e-05
3004,576.259005205,5.9814,1.9996317881975333e-05
3005,576.4480194860007,5.1428,1.998472538283952e-05
3006,576.6319023529995,5.5779,1.997312257827156e-05
3007,576.8133917310006,5.3188,1.9961773664938254e-05
3008,576.9972881459998,6.1832,1.9950571335678963e-05
3009,577.1797860629995,5.8362,1.9939204100432064e-05
3010,577.3635623730006,5.9818,1.992795284962961e-05
3011,577.5456631039997,6.1124,1.991660047438276e-05
3012,577.7295724539999,5.2908,1.9905367737283987e-05
3013,577.9039034340003,6.1933,1.989401204679016e-05
3014,578.0860842189995,4.9224,1.9883260931851795e-05
3015,578.2697979990007,5.8823,1.9871999782345694e-05
3016,578.4553072119998,6.5147,1.9860667036604875e-05
3017,578.6384197429998,5.9842,1.984921433666667e-05
3018,578.8218838070006,5.9936,1.983791490104938e-05
3019,579.0045523130011,6.0428,1.982657152320983e-05
3020,579.1890130110005,5.6536,1.981530705283946e-05
3021,579.3735345069999,5.7794,1.9803920215679034e-05
3022,579.5579730949994,5.9957,1.9792530176481492e-05
3023,579.7392018640003,5.9663,1.9781140897469157e-05
3024,579.9196235510008,5.7482,1.9769949932345715e-05
3025,580.1021075230001,5.9348,1.9758817094567845e-05
3026,580.2884735740008,6.0544,1.9747550736419728e-05
3027,580.4728638970009,6.411,1.9736050778456833e-05
3028,580.6520796719997,6.1941,1.9724678433271553e-05
3029,580.8330043210008,6.2502,1.9713600801975345e-05
3030,581.0182243119998,6.1628,1.970243447499994e-05
3031,581.2040718059998,6.6557,1.9691006197283936e-05
3032,581.3886144099997,5.8858,1.967952903117282e-05
3033,581.5719239120008,5.6095,1.966814482493826e-05
3034,581.7562281179999,5.5741,1.965681866722224e-05
3035,581.9412402889993,6.4956,1.9645448405370325e-05
3036,582.1234611920008,6.6466,1.9634028893395023e-05
3037,582.3059665929995,6.1121,1.9622749159197506e-05
3038,582.4890009459996,6.2293,1.9611506513333272e-05
3039,582.6727873780001,5.7339,1.960021688783944e-05
3040,582.8564130249997,6.0226,1.9588867589876558e-05
3041,583.0416840760008,6.308,1.9577534022592537e-05
3042,583.2227640590008,5.5704,1.9566107506728338e-05
3043,583.3998643520008,5.6,1.955492252790127e-05
3044,583.5835987730006,5.8173,1.954398535722226e-05
3045,583.7675126989998,6.2952,1.9532642541172875e-05
3046,583.9545881930007,5.3341,1.952130342586416e-05
3047,584.1396128460001,5.6225,1.9509752315617323e-05
3048,584.3168693429998,6.0372,1.949832755987655e-05
3049,584.4982135700011,6.3218,1.948738403246914e-05
3050,584.6847316450003,6.1866,1.9476190226296244e-05
3051,584.8715760329997,5.1534,1.946468305796299e-05
3052,585.0565469060002,6.3774,1.9453144095061676e-05
3053,585.2378076120003,5.596,1.9441731026851844e-05
3054,585.4189580130005,6.2992,1.943053829740738e-05
3055,585.6039757369999,5.909,1.9419351697469113e-05
3056,585.7903420750008,5.9706,1.940794073438268e-05
3057,585.9749850339995,5.858,1.939643545302468e-05
3058,586.1565568990009,5.6599,1.93850397283951e-05
3059,586.3404273819997,6.6089,1.9373820509506153e-05
3060,586.5263196270007,5.6813,1.9362474948333285e-05
3061,586.708186418,5.7427,1.9350992601358027e-05
3062,586.8920654939993,6.8228,1.933976937709876e-05
3063,587.0727813980011,5.5874,1.932842430808638e-05
3064,587.2530565460002,5.6575,1.9317270445987594e-05
3065,587.4369668620002,6.0269,1.9306151561172837e-05
3066,587.6226365780003,6.2145,1.9294796497962903e-05
3067,587.8066673829999,6.2131,1.928325699746915e-05
3068,587.9928553919999,6.2924,1.9271967205802437e-05
3069,588.1809172230005,5.8552,1.9260475334691298e-05
3070,588.3662153679998,5.9827,1.9248862202469098e-05
3071,588.5493054350009,6.3761,1.92374348211111e-05
3072,588.7343196050006,6.5764,1.9226131367901236e-05
3073,588.9150880859997,5.5987,1.9214703324506212e-05
3074,589.0945961449997,5.6076,1.9203535777777815e-05
3075,589.2764366530009,5.9847,1.919246025981482e-05
3076,589.4610983889997,6.3401,1.918124689820986e-05
3077,589.6431658609999,6.4934,1.9169844660802462e-05
3078,589.8270799790007,6.791,1.91586049441358e-05
3079,590.0055372580009,5.01,1.9147256929567853e-05
3080,590.18925261,5.2305,1.9136231777160508e-05
3081,590.3703998370002,5.645,1.9124889426234572e-05
3082,590.5550834370006,6.2029,1.9113698095864235e-05
3083,590.7390124730009,5.4675,1.910231032703697e-05
3084,590.9200950350005,6.3289,1.9090947997345682e-05
3085,591.1015608449998,6.1868,1.9079782193888895e-05
3086,591.2829135419997,6.3148,1.9068574369074005e-05
3087,591.4660198599995,6.0486,1.9057390854876544e-05
3088,591.6487758990006,6.1542,1.9046088488765374e-05
3089,591.8250358240002,5.9174,1.9034808070925946e-05
3090,592.0112410840011,5.586,1.9023873264938213e-05
3091,592.1976562880009,6.517,1.90124289279629e-05
3092,592.3772079700011,5.8887,1.9000910541975336e-05
3093,592.5573011769993,4.7502,1.898982504586423e-05
3094,592.7418976900008,5.7649,1.897871372382713e-05
3095,592.9250351040009,5.9207,1.8967256612037026e-05
3096,593.1065911999995,5.7894,1.895601418203698e-05
3097,593.2903299860009,6.1027,1.8944807417283976e-05
3098,593.4760712669995,6.0804,1.8933464371543165e-05
3099,593.659894028,6.3344,1.8922000735925887e-05
3100,593.8365539759998,5.7662,1.891065023530863e-05
3101,594.0214907570007,6.1392,1.8899748302839482e-05
3102,594.2054586520007,6.6873,1.888833301981479e-05
3103,594.3910840360004,5.9611,1.8876968642222252e-05
3104,594.5741929720007,6.1526,1.8865521556790106e-05
3105,594.7586585620011,6.0429,1.8854213888333354e-05
3106,594.9420600789999,5.8802,1.8842830702716006e-05
3107,595.1234410569996,6.034,1.8831508110617257e-05
3108,595.3083521930002,5.6922,1.8820313195555522e-05
3109,595.4926824890008,5.7012,1.880890311055557e-05
3110,595.6767181260002,6.0955,1.8797532125617305e-05
3111,595.8597027350006,5.6832,1.8786163399938212e-05
3112,596.040340167001,5.5149,1.877485528419747e-05
3113,596.223473031001,5.6792,1.8763717488518522e-05
3114,596.408916757,5.9273,1.875240404067904e-05
3115,596.5935922120007,6.3513,1.8740960430308586e-05
3116,596.7803888380004,5.7288,1.8729559610740773e-05
3117,596.9667506059996,6.2841,1.8718033766234515e-05
3118,597.1532602999996,6.5289,1.8706539332716027e-05
3119,597.3357007060004,5.7535,1.869501800543214e-05
3120,597.5172606630003,5.6353,1.868374780358021e-05
3121,597.7023058510003,5.9771,1.867253525901229e-05
3122,597.8857384960011,5.8443,1.8661122838703693e-05
3123,598.0734085610002,6.5479,1.864980596432102e-05
3124,598.2587429470004,6.1674,1.863822064117285e-05
3125,598.4415707429998,5.6266,1.8626783537654346e-05
3126,598.6240866139997,5.621,1.8615482946666633e-05
3127,598.8041246049997,5.9879,1.8604226112962958e-05
3128,598.9867721400005,5.685,1.8593108800555513e-05
3129,599.1732366350006,6.896,1.8581832109629665e-05
3130,599.357706529001,6.1025,1.857033105283953e-05
3131,599.5438047919997,6.0229,1.8558944857407444e-05
3132,599.7270795420009,6.1962,1.8547440600185172e-05
3133,599.9093143640002,5.7007,1.853614177401231e-05
3134,600.0953688179998,5.8245,1.8524877240370413e-05
3135,600.2777325610004,6.4427,1.851340329802469e-05
3136,600.4570675079995,5.8041,1.8502152444691294e-05
3137,600.6329892840004,6.0587,1.8491068655493792e-05
3138,600.8157614510001,6.8271,1.848022875388891e-05
3139,600.9973148839999,6.4324,1.8468930732283917e-05
3140,601.1806323559995,6.4159,1.845772124574069e-05
3141,601.36840983,6.4326,1.8446416605864236e-05
3142,601.5522643870008,5.3238,1.8434757794444457e-05
3143,601.7343949309998,6.534,1.842346187648151e-05
3144,601.9108651919996,6.0921,1.841221983320984e-05
3145,602.0966507850007,6.6006,1.840132655623457e-05
3146,602.2835610750008,6.1073,1.8389866447222194e-05
3147,602.4681272359994,5.947,1.8378321351049377e-05
3148,602.6569998560008,6.4958,1.836693719351848e-05
3149,602.840911225001,5.5163,1.835527516469135e-05
3150,603.0264109700001,5.9367,1.834391948290117e-05
3151,603.2100848280006,5.1299,1.8332470898765365e-05
3152,603.3962843480003,6.2738,1.8321133879259193e-05
3153,603.5832425099998,5.7092,1.830964110543212e-05
3154,603.7648537360001,5.8692,1.8298101539197504e-05
3155,603.9431969409998,6.0644,1.8286886432654317e-05
3156,604.1268059560007,6.7235,1.8275892284814795e-05
3157,604.3051566710001,6.4138,1.826453873203707e-05
3158,604.4903794540005,6.0701,1.825353131493821e-05
3159,604.6795038929995,6.5931,1.8242096073642e-05
3160,604.862957917001,6.1617,1.8230438588703736e-05
3161,605.0452601540001,5.8575,1.8219112205123468e-05
3162,605.2261079790005,4.7654,1.820785114216051e-05
3163,605.4078055230002,6.2888,1.8196686277283953e-05
3164,605.5946262750003,6.3002,1.818548317290118e-05
3165,605.7816056640004,6.007,1.8173950875617256e-05
3166,605.9700705790001,6.0095,1.8162402658641937e-05
3167,606.1551639440004,5.7393,1.8150774994629605e-05
3168,606.3411387630003,5.6926,1.8139339874999984e-05
3169,606.521482913,6.3125,1.812785690030866e-05
3170,606.7094163279999,6.4578,1.8116740022037055e-05
3171,606.8874685520004,5.7911,1.8105129251111137e-05
3172,607.0713173059994,5.5089,1.8094133894999932e-05
3173,607.2569475159999,6.2092,1.8082792991296326e-05
3174,607.4365397860001,5.9982,1.8071337089876476e-05
3175,607.6200411690006,6.4105,1.806025107728399e-05
3176,607.804137561001,5.6393,1.8048921701172868e-05
3177,607.9893661540009,5.5502,1.803755877253081e-05
3178,608.1717608470008,5.6272,1.8026116058518478e-05
3179,608.3538853760001,6.0121,1.8014856719135782e-05
3180,608.535173014001,6.3575,1.800361005734571e-05
3181,608.7186149070003,5.8631,1.7992421729506175e-05
3182,608.9007799440005,6.3911,1.7981103848086393e-05
3183,609.0802588660008,6.0828,1.7969855377160443e-05
3184,609.2637233210007,6.2789,1.795877724117283e-05
3185,609.451535305001,5.9792,1.7947456415246884e-05
3186,609.6360691450009,5.9704,1.7935870954012375e-05
3187,609.8208441780007,6.6216,1.7924479545123446e-05
3188,610.0028118459995,5.8529,1.7913063433703697e-05
3189,610.1831722669995,5.7513,1.790183040925928e-05
3190,610.367098486,5.4708,1.7890693311049366e-05
3191,610.550654912,6.0712,1.7879341909197534e-05
3192,610.7294180869994,6.3975,1.7868006210864236e-05
3193,610.9136621420002,6.5899,1.7856993272592566e-05
3194,611.0985360049999,5.6227,1.784561710006169e-05
3195,611.2871762539999,5.5131,1.7834194014197542e-05
3196,611.4711427500006,6.2698,1.7822549454938243e-05
3197,611.6543597710006,5.9022,1.7811194021604944e-05
3198,611.8397208330007,6.0923,1.779987912993824e-05
3199,612.0229528439995,6.2102,1.778844108604938e-05
3200,612.2102045820011,5.9368,1.7777131814382752e-05
3201,612.3932559639998,5.3948,1.7765572664259227e-05
3202,612.575044964,5.4481,1.7754272295679013e-05
3203,612.7620380860008,5.7158,1.774305089407408e-05
3204,612.9466063260006,6.5401,1.773150062179007e-05
3205,613.1302166589994,5.8632,1.7720111057222222e-05
3206,613.3148278789995,6.5779,1.770878364117279e-05
3207,613.4967686929995,6.1779,1.7697392362530802e-05
3208,613.6811777679995,6.2325,1.7686157113580243e-05
3209,613.8604966130006,6.2209,1.7674773000555523e-05
3210,614.0443905209995,6.4543,1.7663712482654316e-05
3211,614.2284762300005,6.9163,1.765236043987651e-05
3212,614.4131653229997,6.0742,1.7641005174567866e-05
3213,614.5964763949996,6.6029,1.7629594474074113e-05
3214,614.7804743769993,6.4611,1.7618275009444467e-05
3215,614.9670350209999,6.1196,1.7606924178148188e-05
3216,615.1487638050003,6.1876,1.759540167808637e-05
3217,615.331172825001,5.8372,1.7584183010678968e-05
3218,615.5129470160009,5.8602,1.757291449203708e-05
3219,615.6996019340004,6.376,1.7561704414753128e-05
3220,615.8804364940006,5.2026,1.7550181580061713e-05
3221,616.0647980350004,6.3319,1.7539003970000018e-05
3222,616.2489721410002,6.1106,1.7527637433950638e-05
3223,616.4288416800009,5.0287,1.7516273803765464e-05
3224,616.6060321320001,5.8713,1.7505165135925956e-05
3225,616.7914155359995,6.4331,1.749421235999998e-05
3226,616.9736614770009,5.6443,1.7482788114938233e-05
3227,617.1527219199997,6.1838,1.7471524693827197e-05
3228,617.3325508279995,6.1312,1.746048204833327e-05
3229,617.5118377359995,6.377,1.7449379481296306e-05
3230,617.6940543580004,5.2736,1.7438303980123484e-05
3231,617.8741927940009,6.1251,1.7427064458580266e-05
3232,618.0584820149998,6.3506,1.7415946848209892e-05
3233,618.2421948070005,6.1169,1.7404573799382694e-05
3234,618.4217903299996,5.5785,1.7393225917716068e-05
3235,618.6030243469995,6.434,1.7382131005802473e-05
3236,618.7887009759997,5.9558,1.737095686012343e-05
3237,618.9676430109994,6.7314,1.7359505482839462e-05
3238,619.1520212220003,5.876,1.734844589117282e-05
3239,619.3311393450003,5.0896,1.7337073829074053e-05
3240,619.508124895001,6.2033,1.73260063138889e-05
3241,619.6904040879999,5.6886,1.7315089040925904e-05
3242,619.8780406269998,6.4768,1.7303839691604917e-05
3243,620.0616002420011,6.1268,1.729225422524692e-05
3244,620.2454447060009,5.5002,1.7280926624259257e-05
3245,620.4301735490008,5.9428,1.726956921697528e-05
3246,620.6131955599994,6.2485,1.7258171480246875e-05
3247,620.7966381269998,5.7809,1.7246865669012324e-05
3248,620.983007881001,6.1525,1.7235555106851876e-05
3249,621.1623597430007,6.2841,1.722404664333327e-05
3250,621.3442956130002,5.976,1.7212982480617225e-05
3251,621.5285452240005,5.6223,1.7201740490555595e-05
3252,621.7148291789999,6.1056,1.719036698296299e-05
3253,621.8956628300002,5.6045,1.717886980549383e-05
3254,622.0782567690003,4.9822,1.7167700247098787e-05
3255,622.2604784899995,5.8536,1.7156439117345685e-05
3256,622.444138461,6.1308,1.7145195196234575e-05
3257,622.6298949030006,6.0595,1.7133859877654286e-05
3258,622.8156663499994,5.9989,1.7122387206234547e-05
3259,622.9968195450001,5.8167,1.7110915737839494e-05
3260,623.1794001050002,5.8797,1.7099719402592575e-05
3261,623.3622928780005,5.8798,1.708846330567897e-05
3262,623.549645043,6.2057,1.707716839592593e-05
3263,623.7321017630002,6.0185,1.706561864487648e-05
3264,623.9153187310003,6.6478,1.705434604962962e-05
3265,624.0964959280009,6.0716,1.7043035418888887e-05
3266,624.2810831420011,6.3797,1.7031850186111138e-05
3267,624.4666733360009,6.4665,1.702046190049383e-05
3268,624.6517595599998,6.6124,1.7009012053765368e-05
3269,624.8326338839997,5.9306,1.6997578062037067e-05
3270,625.0125639430007,6.416,1.698640867549386e-05
3271,625.1917468770007,5.8443,1.6975310591419712e-05
3272,625.376580645001,6.2742,1.6964232119814854e-05
3273,625.5588594250003,5.8181,1.6952841288518507e-05
3274,625.7446449899999,5.4769,1.694158169475306e-05
3275,625.9296916080002,6.1853,1.6930119093580242e-05
3276,626.1119590270009,5.8898,1.691870198129627e-05
3277,626.2971321690002,5.9288,1.6907440633518533e-05
3278,626.4822098740005,6.0735,1.6896012270123416e-05
3279,626.6666577770011,6.1972,1.68845878510494e-05
3280,626.8504465990009,6.7645,1.6873205658765435e-05
3281,627.033605431001,5.7774,1.6861856884259196e-05
3282,627.216184930001,5.5019,1.685055549851852e-05
3283,627.4017002750006,4.9074,1.6839283493641962e-05
3284,627.5849449130001,6.0384,1.6827834422160497e-05
3285,627.76897551,5.5896,1.681650346018513e-05
3286,627.9529879540005,5.6726,1.6805168226481467e-05
3287,628.1346415940006,5.8838,1.6793821351913586e-05
3288,628.3182296949999,6.2479,1.6782596406481526e-05
3289,628.5031491280006,5.5099,1.6771262527345694e-05
3290,628.6875340810002,6.2425,1.6759847269567904e-05
3291,628.8674774600004,6.0868,1.6748466148765373e-05
3292,629.05184955,6.3716,1.6737360908209892e-05
3293,629.2319668729997,5.8037,1.6725984010000046e-05
3294,629.4093912190001,6.3525,1.6714846453888856e-05
3295,629.5923888199995,5.9323,1.67039065596296e-05
3296,629.7763451640003,6.6213,1.6692609633086433e-05
3297,629.9623507329998,6.3573,1.6681260893271578e-05
3298,630.1491999770005,6.1466,1.6669773926543243e-05
3299,630.334721221001,5.8413,1.665822644481478e-05
3300,630.5176476510005,6.2233,1.664678498395062e-05
3301,630.7015085960011,6.2757,1.6635486631851866e-05
3302,630.8811473490005,5.8083,1.6624131639444407e-05
3303,631.0563230709995,5.7054,1.6613037583518483e-05
3304,631.2398648079998,6.1848,1.6602252891049415e-05
3305,631.423235055001,5.3298,1.659089980969131e-05
3306,631.602884715001,5.9034,1.657958560043207e-05
3307,631.7853935149997,6.0135,1.656850427425929e-05
3308,631.9680444229998,6.3918,1.6557239462716008e-05
3309,632.1485877070008,5.966,1.6545957756296294e-05
3310,632.3293920119995,5.3517,1.6534816828271564e-05
3311,632.5146054249999,6.078,1.6523652457160464e-05
3312,632.6957656720006,6.4461,1.651222661975304e-05
3313,632.8773737310003,4.8197,1.650104169425919e-05
3314,633.0614285970005,6.1837,1.648983629395057e-05
3315,633.2416754559999,5.3,1.647846920777772e-05
3316,633.4251389239998,6.536,1.6467340030123392e-05
3317,633.6101785770006,6.2292,1.6456009494814785e-05
3318,633.7900169660006,5.4618,1.6444597728827097e-05
3319,633.9728002800002,5.4201,1.6433494559012304e-05
3320,634.1538582240009,5.7546,1.6422219156296324e-05
3321,634.3328481499993,4.7135,1.6411027036728355e-05
3322,634.5141427970011,5.8151,1.6399977466666605e-05
3323,634.6926643360002,6.1065,1.638879843395062e-05
3324,634.8742582110008,5.8658,1.637775835253088e-05
3325,635.0553430689997,5.6497,1.6366556949321005e-05
3326,635.2359233059997,5.5372,1.635538162759256e-05
3327,635.4164631349995,5.8195,1.634423938987648e-05
3328,635.5968435850009,6.5625,1.6333088165617294e-05
3329,635.7826340400006,5.9603,1.632196587802467e-05
3330,635.9629519730006,5.9969,1.6310492644691373e-05
3331,636.1466269440007,5.6086,1.629935222685185e-05
3332,636.3298050230005,6.1787,1.6288017918827176e-05
3333,636.5124488769998,5.8808,1.627670826777774e-05
3334,636.6927499360008,5.6412,1.6265445934444377e-05
3335,636.876549509001,6.3172,1.6254305463086368e-05
3336,637.0572299039995,5.9306,1.6242966038703738e-05
3337,637.2428224529995,6.2964,1.623181146981484e-05
3338,637.427367884,5.1225,1.6220364400308617e-05
3339,637.610724866001,5.6113,1.6208967029074023e-05
3340,637.7961430730011,5.4925,1.6197633825679053e-05
3341,637.9766845970007,5.9376,1.6186201629074006e-05
3342,638.1541135610005,6.455,1.617505223283955e-05
3343,638.3349508200008,6.3702,1.616411080271603e-05
3344,638.5180309040006,6.603,1.6152939549999956e-05
3345,638.6978776760006,5.8352,1.6141629258827157e-05
3346,638.878591015,6.1756,1.6130537661975265e-05
3347,639.057396147,6.1811,1.6119386635370383e-05
3348,639.2358442679997,5.6724,1.610835409074068e-05
3349,639.4162705969993,6.1556,1.6097327310679044e-05
3350,639.6004120220005,5.5971,1.6086197548456768e-05
3351,639.7818220190002,6.107,1.6074826956358008e-05
3352,639.9669065020007,6.0953,1.6063623350185226e-05
3353,640.148553604,5.6792,1.6052211377283903e-05
3354,640.3319114860005,5.7007,1.604098994783945e-05
3355,640.5118873339998,5.6093,1.6029669816975297e-05
3356,640.696533104001,5.9595,1.6018552604135734e-05
3357,640.8799042930004,4.8408,1.6007154947777808e-05
3358,641.0642573990008,6.4658,1.599584074222223e-05
3359,641.2439774329996,5.1491,1.598446791827164e-05
3360,641.4251930209994,5.2604,1.5973383179506202e-05
3361,641.6095288369997,6.4194,1.5962180367160488e-05
3362,641.7910572269993,5.9594,1.5950799019629576e-05
3363,641.9734443939997,5.8804,1.5939598485555518e-05
3364,642.1583518759999,6.1407,1.5928343206049383e-05
3365,642.3374826170002,5.5121,1.591693257240742e-05
3366,642.8356188460002,6.5297,1.5905862760061758e-05
3367,643.018841047,5.8751,1.5875119571111092e-05
3368,643.1978719220006,6.0664,1.5863810121913563e-05
3369,643.3787411030007,5.0135,1.5852753498086452e-05
3370,643.5591309749998,5.5939,1.5841588321851796e-05
3371,643.7418497729996,6.1003,1.5830444846419767e-05
3372,643.9248872709995,6.7498,1.581916928858026e-05
3373,644.1081269759998,5.68,1.580788043382716e-05
3374,644.2931105910011,5.762,1.5796565878765452e-05
3375,644.474743109,5.7377,1.57851598898148e-05
3376,644.6582725040007,6.1867,1.5773937515308675e-05
3377,644.835445269,5.2175,1.576260857135799e-05
3378,645.0174084299997,5.6225,1.575166754407404e-05
3379,645.1987643659995,6.043,1.574042974827164e-05
3380,645.38117934,6.03,1.5729242395987676e-05
3381,645.5638987639995,6.1766,1.5717970982345663e-05
3382,645.7463257060008,5.5208,1.5706705411666693e-05
3383,645.9279142899995,5.5442,1.5695449908518506e-05
3384,646.110723967,6.7148,1.568423672604942e-05
3385,646.2925449850009,5.7563,1.567294884981482e-05
3386,646.4760494109996,5.9933,1.5661726404074036e-05
3387,646.6558645980003,5.9466,1.5650405555123393e-05
3388,646.8365786350005,6.0762,1.5639296251419755e-05
3389,647.016208766001,5.8354,1.5628145214135838e-05
3390,647.1982272820005,6.3229,1.5617068780987626e-05
3391,647.383626062001,6.1823,1.5605820550678945e-05
3392,647.5688171780002,5.7411,1.5594379362530813e-05
3393,647.7478366880005,5.9517,1.5582937945185188e-05
3394,647.9260476319996,4.1551,1.5571889922716038e-05
3395,648.1088263519996,6.1586,1.5560895898394994e-05
3396,648.292547821,6.2622,1.554962325543211e-05
3397,648.4744699080002,5.4431,1.5538281723827168e-05
3398,648.6586228289998,5.5975,1.5527038863395062e-05
3399,648.8412366430002,6.3593,1.551567498376547e-05
3400,649.0251945290001,5.8547,1.550440650543205e-05
3401,649.2052319720005,6.2958,1.5493052571666654e-05
3402,649.3856554129998,6.1211,1.548193512561727e-05
3403,649.5678195710007,6.2865,1.547079753833332e-05
3404,649.749429638001,5.9641,1.5459561381975295e-05
3405,649.9301286160007,5.6404,1.544834791956789e-05
3406,650.1112408629997,5.6655,1.5437195414012345e-05
3407,650.2897442190006,5.4767,1.5426014046481417e-05
3408,650.4710275289999,5.9696,1.5414987211790145e-05
3409,650.6498076259995,5.8815,1.54038059533951e-05
3410,650.8288594650003,6.0723,1.5392760070370305e-05
3411,651.0099937060004,5.6716,1.538170957999997e-05
3412,651.1915904319994,5.6109,1.5370527390864202e-05
3413,651.3753008590011,6.478,1.5359319048148106e-05
3414,651.558767935001,6.0251,1.5347988150679043e-05
3415,651.7429549930002,6.2368,1.5336663998333266e-05
3416,651.9290547260007,6.2052,1.5325291549320974e-05
3417,652.113407877001,5.8531,1.5313805705987693e-05
3418,652.2965500129994,6.3812,1.5302415754691355e-05
3419,652.4780657760002,5.6733,1.5291119393209837e-05
3420,652.6622544279999,5.4834,1.527991407043205e-05
3421,652.8485190669999,6.1972,1.5268541822530812e-05
3422,653.030745823,5.6406,1.5257041361049424e-05
3423,653.2081822660002,6.0311,1.5245756588888915e-05
3424,653.3906305260007,6.1515,1.5234838417283959e-05
3425,653.5710053980001,5.9944,1.5223579861357967e-05
3426,653.7466641419996,5.7127,1.5212440851604875e-05
3427,653.922686281001,5.6745,1.520160350308636e-05
3428,654.106894980001,5.8139,1.5190729505617284e-05
3429,654.2893554189995,6.0209,1.5179371402222231e-05
3430,654.4722925620008,5.72,1.5168103930987676e-05
3431,654.6564516439994,5.5823,1.5156812839876483e-05
3432,654.8411867560008,6.2142,1.5145443331975351e-05
3433,655.0180150380002,6.0631,1.5134034173641926e-05
3434,655.2001947980007,6.1873,1.5123125330617226e-05
3435,655.3846709049994,6.404,1.5111876908395061e-05
3436,655.5649574279996,5.754,1.5100494949382677e-05
3437,655.7436348459996,5.6346,1.5089351084382736e-05
3438,655.9262790930006,6.161,1.5078329813456809e-05
3439,656.1044807460003,5.4367,1.506706766765429e-05
3440,656.2884665069996,5.8956,1.5056051907036977e-05
3441,656.4727872870008,5.6239,1.5044699505617221e-05
3442,656.6597551190007,6.1034,1.50333181270987e-05
3443,656.8451814689997,5.9943,1.5021785118518512e-05
3444,657.0274241349998,6.1905,1.501033914808645e-05
3445,657.2072570319997,5.973,1.4999076967098718e-05
3446,657.389971265,6.1105,1.4987991612036995e-05
3447,657.5740128750003,5.8765,1.4976701318148095e-05
3448,657.7576988599994,6.0092,1.4965341541296262e-05
3449,657.9364742790003,5.4232,1.4954009519259233e-05
3450,658.1165898849995,5.0468,1.4942968070987646e-05
3451,658.2973618169999,6.1214,1.4931853451296235e-05
3452,658.4824238260007,6.2276,1.4920692016604887e-05
3453,658.6693802040008,6.3683,1.4909282218703669e-05
3454,658.8505323400004,6.2915,1.4897734822530813e-05
3455,659.0322431660006,5.2285,1.4886553823333339e-05
3456,659.2177789409998,6.0226,1.4875336490061686e-05
3457,659.4020162329998,6.1576,1.486387878722219e-05
3458,659.5865273210002,6.2773,1.4852505173333347e-05
3459,659.768754656001,5.8679,1.484111143469133e-05
3460,659.9544475849998,5.9794,1.48298561368518e-05
3461,660.1388518690001,5.4602,1.4818408128580197e-05
3462,660.3209698800001,5.9317,1.480702330129628e-05
3463,660.504220705001,5.3824,1.4795780762222222e-05
3464,660.6867539329996,6.0474,1.478446782327163e-05
3465,660.8725356739997,5.9375,1.4773203010555548e-05
3466,661.0572694380007,6.0081,1.4761739339691316e-05
3467,661.233992378,6.0212,1.4750334301604907e-05
3468,661.4141357949993,5.654,1.4739408823456814e-05
3469,661.596503367,5.6385,1.4728306097777811e-05
3470,661.7783997410006,5.7712,1.471705102401229e-05
3471,661.9576527160007,5.8066,1.4705811438888877e-05
3472,662.1369804900005,5.0642,1.4694742406666673e-05
3473,662.3201045179994,5.4492,1.4683670187962966e-05
3474,662.504055106001,5.5906,1.4672375389506143e-05
3475,662.6860012609995,6.0584,1.4661018761851802e-05
3476,662.8681323050005,6.1507,1.4649779117592594e-05
3477,663.0529708779995,5.9078,1.463847396864198e-05
3478,663.2342238620004,5.6936,1.46271443346296e-05
3479,663.4170660899999,6.397,1.4615944265246923e-05
3480,663.5978742919997,5.9549,1.4604657349691369e-05
3481,663.7814810910004,6.4674,1.4593497792222233e-05
3482,663.9657163030006,5.6756,1.4582099960617251e-05
3483,664.1484725009996,5.8662,1.4570794918395053e-05
3484,664.334928069,6.0347,1.4559527750123404e-05
3485,664.5158072209997,5.5499,1.4548008304382727e-05
3486,664.6931327380007,5.6011,1.4536842715246907e-05
3487,664.8759956030008,6.1279,1.452588676555552e-05
3488,665.0644728930001,6.3779,1.451460619722223e-05
3489,665.2455208320007,5.521,1.4502980921234543e-05
3490,665.4211844780002,6.3043,1.449179212216043e-05
3491,665.6069501820002,6.2291,1.4480945609444397e-05
3492,665.7872796779993,5.3209,1.4469490685185206e-05
3493,665.9676508110006,6.0273,1.4458344817222264e-05
3494,666.1524082560009,6.084,1.4447229770123471e-05
3495,666.3329897059994,5.9111,1.4435818564259218e-05
3496,666.5156499450004,5.5211,1.442466117172837e-05
3497,666.6907464720007,6.0998,1.4413383319629641e-05
3498,666.8699440460005,5.376,1.4402582155740718e-05
3499,667.048716071,5.3408,1.4391514958148084e-05
3500,667.2338593380009,6.1633,1.4380470029567911e-05
3501,667.4152121460011,5.8857,1.4369049982469173e-05
3502,667.5944926110005,6.3405,1.435786397518516e-05
3503,667.7786298070005,5.532,1.4346782323642e-05
3504,667.9601502370006,6.2836,1.433542524351853e-05
3505,668.1406008110007,5.9917,1.432423438888893e-05
3506,668.3209521389999,5.5315,1.4313078842777728e-05
3507,668.4964034240002,6.3803,1.4301956602777728e-05
3508,668.6775465150004,5.8488,1.4291138878580224e-05
3509,668.8625950919995,6.2425,1.4279940313086448e-05
3510,669.041269536001,5.6896,1.4268525660061665e-05
3511,669.2241254159999,5.9388,1.4257487995555497e-05
3512,669.4052413930003,6.0723,1.4246209995987591e-05
3513,669.5869359000008,6.4983,1.4235023369567862e-05
3514,669.769531842001,6.0043,1.4223806933703738e-05
3515,669.9504249330002,6.1648,1.4212530137037005e-05
3516,670.1330605870007,6.1458,1.4201369810555515e-05
3517,670.3120639869994,6.2041,1.4190101560432056e-05
3518,670.5018150840006,6.3762,1.4179037063950651e-05
3519,670.6860050409996,5.5959,1.4167341556975333e-05
3520,670.8681484709996,5.3467,1.4155963700370395e-05
3521,671.0504990280006,6.5507,1.4144721976419733e-05
3522,671.233062624,6.9527,1.4133449784876573e-05
3523,671.4120090859997,5.6408,1.4122197557839467e-05
3524,671.5933396410001,5.9945,1.4111150368456789e-05
3525,671.7751732209999,6.019,1.409996370425924e-05
3526,671.9559748739994,6.1896,1.4088717034876564e-05
3527,672.1375458260009,6.0108,1.4077576999629577e-05
3528,672.3190625309999,6.3454,1.406635511172838e-05
3529,672.5008481280001,5.8313,1.4055148075678943e-05
3530,672.6814712989999,6.1643,1.4043931302592594e-05
3531,672.8587479739999,5.7922,1.40327715069753e-05
3532,673.0413607259998,5.1867,1.4021822568703652e-05
3533,673.2189745340002,5.616,1.4010568686975333e-05
3534,673.4009536470003,6.3637,1.3999610585678968e-05
3535,673.5825074389995,6.0895,1.3988369533950662e-05
3536,673.7665213130003,6.5053,1.3977165869506215e-05
3537,673.9471281160004,5.576,1.3965815500123425e-05
3538,674.1282183340008,6.5652,1.3954658215432038e-05
3539,674.3115151929997,5.9655,1.3943490038765371e-05
3540,674.4964956929998,6.2239,1.3932167711543148e-05
3541,674.6771824730004,5.963,1.3920757345308571e-05
3542,674.8617699999995,6.2672,1.390958613555557e-05
3543,675.0444629470003,5.7789,1.3898195270987658e-05
3544,675.2260614339993,6.0868,1.3886924271357965e-05
3545,675.4078264609998,5.9542,1.3875711385555496e-05
3546,675.5895712960009,5.8714,1.3864486777839475e-05
3547,675.7717077319994,5.4631,1.3853278765370341e-05
3548,675.9525467580006,5.633,1.3842032383580222e-05
3549,676.1354919620007,6.3506,1.3830868699259231e-05
3550,676.3161889000003,6.5575,1.381957208549387e-05
3551,676.4982310859996,5.2632,1.3808418691111047e-05
3552,676.6810427569999,6.0625,1.3797187566234571e-05
3553,676.8627013589994,6.3535,1.3785889800061724e-05
3554,677.044084004001,5.2153,1.3774680984938248e-05
3555,677.226299987,6.2509,1.3763497271975323e-05
3556,677.4070813399994,6.4046,1.3752252013394995e-05
3557,677.586220141,5.6453,1.3741081064382665e-05
3558,677.7663665960008,6.3431,1.3730011627839539e-05
3559,677.9477882589999,4.5936,1.3718899752345722e-05
3560,678.1238383790005,6.0699,1.3707713296172852e-05
3561,678.3053717950006,5.8929,1.3696844569753081e-05
3562,678.4895294710004,6.0531,1.368563497962963e-05
3563,678.6703022359998,6.0468,1.3674271949506156e-05
3564,678.8511146290002,6.0155,1.3663105872777765e-05
3565,679.0299668360003,5.7448,1.365194468481481e-05
3566,679.2123931509996,5.9428,1.364090376740742e-05
3567,679.3869356380001,6.1643,1.3629644724320922e-05
3568,679.5707288640006,6.0174,1.3618879531357964e-05
3569,679.7547837359998,6.2567,1.360752522395059e-05
3570,679.9389520660006,5.5762,1.3596163721543204e-05
3571,680.1178872590008,5.8799,1.3584786033271585e-05
3572,680.3008444469997,6.2102,1.3573740860185219e-05
3573,680.4797231440007,5.4229,1.356245451172835e-05
3574,680.6617963890003,5.6498,1.3551415367283982e-05
3575,680.8427106359995,6.3217,1.3540173158395014e-05
3576,681.0221205489997,5.8928,1.3529006640740782e-05
3577,681.201332083001,6.5372,1.3517931704753123e-05
3578,681.3812612940001,5.6732,1.3506871045740777e-05
3579,681.5595562460003,6.7013,1.349575214512349e-05
3580,681.7392486930003,6.0226,1.3484749097036981e-05
3581,681.9187331760004,5.6996,1.3473652269197567e-05
3582,682.1015092840007,6.2501,1.346257266086423e-05
3583,682.2820221750007,6.1684,1.345129137061728e-05
3584,682.4631687929996,6.3686,1.3440157422530857e-05
3585,682.6459178610003,5.5244,1.3428981313827199e-05
3586,682.8289134200004,5.5612,1.34176867166667e-05
3587,683.0037408459993,6.3529,1.3406399851234519e-05
3588,683.1832801979999,5.8445,1.3395626365061753e-05
3589,683.3595976649995,5.9352,1.3384523704691315e-05
3590,683.5429329090002,6.1749,1.337364177370366e-05
3591,683.7203021730002,5.509,1.3362328314876582e-05
3592,683.9007614929997,5.7927,1.3351370301296262e-05
3593,684.0809277990011,5.1665,1.334023282123455e-05
3594,684.2622953789996,5.8631,1.332911210432098e-05
3595,684.4443692250006,5.9916,1.3317919157901165e-05
3596,684.6253202999997,5.8908,1.3306688932469135e-05
3597,684.8065384660003,5.7235,1.3295512067901273e-05
3598,684.9835353270009,6.429,1.3284327467407381e-05
3599,685.1647048350005,6.0705,1.3273412444506206e-05
3600,685.3490877059994,5.3897,1.3262224896172798e-05
3601,685.5326774799996,5.788,1.3250841837407391e-05
3602,685.7146926210007,5.1811,1.323949945716047e-05
3603,685.8969977850011,5.9079,1.322826076425922e-05
3604,686.0755212969998,5.0122,1.3217012566975307e-05
3605,686.255845877,5.9402,1.3205996063086363e-05
3606,686.4393543919996,6.2934,1.3194867016604972e-05
3607,686.6197089020006,4.7554,1.3183546354012371e-05
3608,686.8009838739999,5.6617,1.3172394772160528e-05
3609,686.9853866120011,5.8373,1.3161209133271613e-05
3610,687.1651916980009,5.7224,1.314983259561724e-05
3611,687.3504363470001,5.6496,1.3138723818456805e-05
3612,687.5279695610006,6.2676,1.3127300409506116e-05
3613,687.7101053790011,6.5096,1.3116341130000003e-05
3614,687.8945044880002,5.894,1.3105091404629577e-05
3615,688.0764456100005,6.051,1.309371807907402e-05
3616,688.255832963001,5.8723,1.3082474559567932e-05
3617,688.4354633799994,5.196,1.3071412149320956e-05
3618,688.6169392009997,5.9989,1.3060307768518448e-05
3619,688.799402183,5.6797,1.3049110728456814e-05
3620,688.979768737001,5.5215,1.3037849295555538e-05
3621,689.1618941600009,6.2956,1.302671678376538e-05
3622,689.3434538210004,5.9397,1.3015466333209913e-05
3623,689.5240500159998,5.3742,1.300426920666667e-05
3624,689.7046931540008,5.794,1.2993117614320942e-05
3625,689.8885503010006,6.4124,1.2981965242777755e-05
3626,690.0703812430002,6.203,1.2970606762654275e-05
3627,690.2504833260009,6.6137,1.2959392442963003e-05
3628,690.4338451500007,5.8238,1.294828198111106e-05
3629,690.6132076680005,5.1735,1.2936965089259245e-05
3630,690.794451062,6.1196,1.2925876006975274e-05
3631,690.9790466430004,4.9359,1.291470492166663e-05
3632,691.15594298,5.6017,1.290330478493823e-05
3633,691.3401150410009,5.51,1.2892389249567894e-05
3634,691.5214150169995,6.2519,1.288101864858023e-05
3635,691.6973542510004,6.0478,1.2869819171234587e-05
3636,691.8779008410002,5.081,1.2858975501481435e-05
3637,692.0565844770008,5.9503,1.2847820436481477e-05
3638,692.2394644320011,6.3029,1.2836786100493826e-05
3639,692.421244213001,6.2203,1.282550622685179e-05
3640,692.6010662669996,5.8762,1.2814277141234566e-05
3641,692.782084542001,5.9372,1.2803177693518526e-05
3642,692.9617769899996,5.7577,1.2791996264753114e-05
3643,693.1423684849997,6.3761,1.2780904624074019e-05
3644,693.3196520870006,5.9326,1.276977021000002e-05
3645,693.5023393680003,6.1968,1.2758832119320969e-05
3646,693.6851441710005,6.2184,1.2747546025987695e-05
3647,693.8652266879999,5.3782,1.2736252602345628e-05
3648,694.0444627769994,5.7076,1.2725138674814835e-05
3649,694.2245849459996,6.1623,1.2714075840678991e-05
3650,694.4100575329994,6.1823,1.2702957795617305e-05
3651,694.5905885810007,6.0851,1.2691527537160513e-05
3652,694.7699366840006,5.6811,1.2680365100308627e-05
3653,694.9466570269997,6.3579,1.2669289309382698e-05
3654,695.1309449260007,6.2499,1.265837858413581e-05
3655,695.3156394319994,5.8955,1.2647002155308658e-05
3656,695.4970637210008,5.7538,1.2635603523456801e-05
3657,695.6814697560003,6.075,1.262440772956785e-05
3658,695.8645942200001,5.9888,1.261301847191359e-05
3659,696.0460218589997,6.8856,1.2601721267160487e-05
3660,696.2285049540005,6.1993,1.2590520507530845e-05
3661,696.4047779890006,6.1629,1.2579263265123486e-05
3662,696.5872686429993,5.4386,1.2568388775493817e-05
3663,696.7647772,5.8652,1.2557111399197469e-05
3664,696.9501098820001,6.2841,1.2546156548333326e-05
3665,697.131882478001,5.5195,1.2534730561604946e-05
3666,697.3147602610006,5.7871,1.2523500193827115e-05
3667,697.4954153870003,5.3831,1.2512207197345627e-05
3668,697.6808203830005,5.7928,1.250106119333328e-05
3669,697.8619714409997,5.5897,1.248961733709879e-05
3670,698.0424367920004,6.0289,1.2478424307469083e-05
3671,698.2230824950002,6.2354,1.2467297608950561e-05
3672,698.4085050590002,5.5726,1.2456142311481512e-05
3673,698.5938420969997,6.065,1.2444700051111096e-05
3674,698.7739681969997,5.614,1.2433261108333366e-05
3675,698.9543349579999,4.9942,1.2422134318333373e-05
3676,699.1356202370007,5.7337,1.2411009502222192e-05
3677,699.3192704329995,5.7781,1.2399813617407352e-05
3678,699.5022292220001,5.8028,1.2388474790802467e-05
3679,699.6854189810001,4.9365,1.2377187875864133e-05
3680,699.8646974490002,6.1062,1.2365872882839518e-05
3681,700.0482853280009,6.0587,1.23548237291358e-05
3682,700.2327434150011,6.4775,1.234347641320991e-05
3683,700.4125022490007,5.3503,1.2332090528950657e-05
3684,700.5953624409995,5.4955,1.2320991718333297e-05
3685,700.7791746750008,6.4944,1.2309705889814788e-05
3686,700.9556448029998,5.793,1.2298364026913605e-05
3687,701.1415906279999,5.6877,1.2287458846728362e-05
3688,701.322818826,5.6711,1.2275996103271609e-05
3689,701.5105667570006,5.7178,1.2264802629938288e-05
3690,701.6953062970006,5.6973,1.225315585111107e-05
3691,701.8756849630008,6.139,1.2241812869999957e-05
3692,702.0592576409999,6.2049,1.223067148018513e-05
3693,702.2404357710002,6.3021,1.2219338553456766e-05
3694,702.4225355519993,6.387,1.2208161864321e-05
3695,702.6049280850002,5.6581,1.219692041407401e-05
3696,702.7813315300009,5.803,1.218566720790118e-05
3697,702.9638558580009,6.6578,1.217478472265432e-05
3698,703.1447483789998,6.0658,1.2163506469938219e-05
3699,703.3245987659993,5.2737,1.2152336212222259e-05
3700,703.5094537679997,5.8722,1.2141238701358055e-05
3701,703.6914548170007,6.3284,1.2129826670185185e-05
3702,703.8727295520002,6.0831,1.2118579600246898e-05
3703,704.0546922520007,6.5266,1.2107401969876524e-05
3704,704.2383096289996,6.0269,1.2096166447777757e-05
3705,704.4235203700009,6.0438,1.208482883611115e-05
3706,704.6076135460007,5.9686,1.2073413291172869e-05
3707,704.7922696410005,6.8644,1.2062030794382668e-05
3708,704.9728873790009,6.0714,1.205064144302463e-05
3709,705.1495406819995,6.2632,1.2039485573765474e-05
3710,705.3288922000011,5.9727,1.2028595264197562e-05
3711,705.5082880829996,6.0476,1.2017515676728375e-05
3712,705.6889879280006,6.2844,1.200643994487648e-05
3713,705.8711098759995,5.9968,1.1995276211234602e-05
3714,706.0524141610003,5.6498,1.1984048212160493e-05
3715,706.2370989629999,6.0509,1.1972864349938257e-05
3716,706.4185037490006,5.8644,1.196144955030865e-05
3717,706.6006295890002,5.263,1.1950253891419704e-05
3718,706.7859919149996,6.1299,1.1939009940802459e-05
3719,706.9695018069997,5.5168,1.1927567158456755e-05
3720,707.152107281001,6.4231,1.1916248343580234e-05
3721,707.335015824001,6.559,1.1904971271358051e-05
3722,707.5181916180009,6.2078,1.1893679338333335e-05
3723,707.6966539109999,5.799,1.1882366862654309e-05
3724,707.8779771980007,5.4579,1.1871349642037056e-05
3725,708.0620870349994,6.2754,1.186016762685181e-05
3726,708.2434188240004,6.3718,1.184879929506173e-05
3727,708.426832987001,5.8211,1.1837605306357963e-05
3728,708.6111744310001,6.3506,1.1826280896790127e-05
3729,708.7921644409998,5.7004,1.181490754938267e-05
3730,708.9778509210009,6.0415,1.1803739571666627e-05
3731,709.1612954650009,5.5218,1.1792271611666699e-05
3732,709.342010024,5.8391,1.1780950316111155e-05
3733,709.5234301679993,5.4553,1.176978219111109e-05
3734,709.7052515960004,5.8944,1.1758588243518503e-05
3735,709.8872037439996,6.0797,1.1747365525308607e-05
3736,710.0705248909999,6.193,1.1736133506357966e-05
3737,710.2506908569994,5.1624,1.1724822440802414e-05
3738,710.4329401039995,6.5722,1.1713696860370416e-05
3739,710.6157892600004,6.1458,1.1702449750740769e-05
3740,710.7990743150003,5.424,1.1691164931666615e-05
3741,710.9804458649996,5.6656,1.167984956148151e-05
3742,711.1623329489994,5.934,1.1668651162716083e-05
3743,711.3457005649998,6.0658,1.1657416751234529e-05
3744,711.529716246001,5.7542,1.164611227746909e-05
3745,711.7109353489996,6.1442,1.1634745872962966e-05
3746,711.8895907759997,6.322,1.1623556826666631e-05
3747,712.071886193,6.202,1.1612532512839452e-05
3748,712.2581735450003,5.9219,1.1601293710123457e-05
3749,712.4443435419998,6.1007,1.158977969067901e-05
3750,712.6272076290006,5.7471,1.1578289158148131e-05
3751,712.8086665629999,5.9017,1.1566993892777723e-05
3752,712.9886794800004,5.0083,1.1555792138642012e-05
3753,713.1680515389999,5.6033,1.1544680988148192e-05
3754,713.3525064059995,5.9953,1.1533612250123493e-05
3755,713.5365941050004,5.8669,1.1522226385740741e-05
3756,713.7169742469996,6.1756,1.1510864872160498e-05
3757,713.9005995839998,6.1372,1.1499720365555494e-05
3758,714.0808781609994,6.5792,1.148839419635806e-05
3759,714.2658762200008,5.4704,1.1477258206172854e-05
3760,714.4499770519997,6.5083,1.1465842664938242e-05
3761,714.6305304830003,5.6585,1.1454477670370324e-05
3762,714.8162480299998,5.9577,1.144333341216045e-05
3763,714.998243,6.8077,1.1431876439444433e-05
3764,715.1775556339999,4.8597,1.1420631496666607e-05
3765,715.3644136330004,5.595,1.140957220561727e-05
3766,715.5511015249995,6.2116,1.1398041435740769e-05
3767,715.7333201479996,5.2257,1.1386521018333346e-05
3768,715.9159024740002,5.879,1.1375260793148179e-05
3769,716.0987383669999,5.8041,1.1363994818271568e-05
3770,716.2837434630001,6.3882,1.1352707724629652e-05
3771,716.4651317660009,6.3127,1.1341293754012328e-05
3772,716.6484400720001,5.9005,1.1330084878765419e-05
3773,716.8322882909997,5.9358,1.1318779035370348e-05
3774,717.0139968500007,5.8023,1.1307428911790069e-05
3775,717.1945134279995,6.0761,1.1296204064753097e-05
3776,717.3778536259997,5.9575,1.1285070204938303e-05
3777,717.5609249549998,5.7685,1.1273742670185206e-05
3778,717.7384315889994,5.8503,1.1262447512098796e-05
3779,717.9215129090007,6.0821,1.1251498481111123e-05
3780,718.1033661140009,5.3424,1.124018446641974e-05
3781,718.2854346980002,6.3506,1.12289572224691e-05
3782,718.4698450079995,5.8396,1.1217719664876502e-05
3783,718.6508350549993,6.1056,1.1206338290246916e-05
3784,718.8339235809999,5.9286,1.1195175602901215e-05
3785,719.0188059150005,5.7386,1.1183877189444469e-05
3786,719.1981018679999,5.742,1.1172459599753027e-05
3787,719.3786219899994,4.9959,1.1161372052839497e-05
3788,719.5630717990007,5.8091,1.1150238820555498e-05
3789,719.7430172660006,5.4115,1.1138865161728412e-05
3790,719.9255731430003,5.8778,1.1127738062716026e-05
3791,720.1111469509997,6.0864,1.111647292913583e-05
3792,720.2956004460011,6.0449,1.1105034645246925e-05
3793,720.4775054620004,6.3601,1.1093636938148171e-05
3794,720.6600715000004,5.0539,1.1082411459567848e-05
3795,720.8381347240011,4.9685,1.107114245938265e-05
3796,721.0207997500002,5.8785,1.1060145426419782e-05
3797,721.2052267079998,5.9684,1.1048873314382746e-05
3798,721.3887094269994,6.5404,1.1037496602530829e-05
3799,721.5686346180009,6.1028,1.1026172762283887e-05
3800,721.7512432330004,6.1404,1.1015060579506164e-05
3801,721.9297419440009,5.2223,1.100380233030861e-05
3802,722.1106016369995,6.425,1.0992757533765403e-05
3803,722.2898273539995,5.6078,1.0981601710987599e-05
3804,722.4719488949995,5.9428,1.0970536097716089e-05
3805,722.6516315850004,5.6163,1.0959307038765477e-05
3806,722.8357837599997,6.4785,1.0948205954382728e-05
3807,723.0187202050001,6.0696,1.0936846888518498e-05
3808,723.1970130690006,6.4913,1.0925549819876546e-05
3809,723.3763895669999,5.8165,1.0914544337407434e-05
3810,723.558666117,6.0657,1.0903470462592592e-05
3811,723.7378547629996,6.4254,1.0892220459197494e-05
3812,723.9187661729993,6.301,1.0881155284074046e-05
3813,724.0961766679993,5.3702,1.0869997255185133e-05
3814,724.2749960599995,6.1009,1.0859034914629651e-05
3815,724.4593732310004,6.0972,1.084800825141979e-05
3816,724.6399324640006,5.8,1.0836626838456793e-05
3817,724.8211230020006,5.2518,1.0825482420185173e-05
3818,725.0029423489996,5.5026,1.081429295537037e-05
3819,725.1853724110006,5.8596,1.0803062377962992e-05
3820,725.363560238,5.3985,1.0791808692345645e-05
3821,725.5452572140002,6.6287,1.0780741620987616e-05
3822,725.7298919040004,6.5974,1.0769584113456776e-05
3823,725.9139565120004,6.0425,1.0758190688148146e-05
3824,726.0997820940011,6.625,1.0746837225864132e-05
3825,726.2842936020006,6.2775,1.0735373345679018e-05
3826,726.4673187820008,6.3899,1.0723976174506196e-05
3827,726.6533221169993,5.9645,1.0712682422222259e-05
3828,726.8362630440006,5.7964,1.070118708024691e-05
3829,727.0206591820006,6.5799,1.0689896961543194e-05
3830,727.2015837140007,5.4882,1.0678514283950609e-05
3831,727.3789648969996,6.3662,1.0667347052160464e-05
3832,727.562848208001,5.3701,1.0656397877839458e-05
3833,727.7455049140008,6.0375,1.0645037559691301e-05
3834,727.9253470650001,5.7617,1.0633769876851802e-05
3835,728.1073748470008,6.3861,1.062267930728394e-05
3836,728.2866921730001,6.2476,1.0611433388456831e-05
3837,728.4666302629994,6.181,1.0600364185678991e-05
3838,728.6483286559996,5.8901,1.0589257617962905e-05
3839,728.8310392940002,6.258,1.057803577160496e-05
3840,729.016062349001,6.3591,1.0566758261851828e-05
3841,729.1961180430008,6.2252,1.0555356119567916e-05
3842,729.3795916190011,5.6893,1.054424015932095e-05
3843,729.5612800990002,5.9092,1.0532909506049421e-05
3844,729.7387308020006,5.6227,1.0521696483024635e-05
3845,729.9201021450008,6.0774,1.0510715518827103e-05
3846,730.1029837280003,6.1396,1.0499537721419716e-05
3847,730.2867398319995,6.3273,1.048825205740735e-05
3848,730.4665417649994,6.0506,1.0476913052098774e-05
3849,730.6487623659996,5.5056,1.0465801547283893e-05
3850,730.8291247319994,6.5431,1.0454562585370391e-05
3851,731.0135013990002,6.8392,1.0443412690123477e-05
3852,731.1971363249995,6.5267,1.043204830012341e-05
3853,731.3737286039996,6.6363,1.0420715799506114e-05
3854,731.5571258620002,6.2068,1.0409801560555577e-05
3855,731.7410201740004,5.7157,1.0398491145123457e-05
3856,731.9236979420002,5.4605,1.0387140761419723e-05
3857,732.1066689359996,4.8933,1.0375859249320963e-05
3858,732.2858476420006,6.029,1.0364560263827195e-05
3859,732.4689222279994,6.4391,1.0353497313888872e-05
3860,732.652827807,6.1283,1.0342205180925896e-05
3861,732.8336211759997,6.5356,1.033085109530868e-05
3862,733.0161205479999,5.9078,1.0319704373518512e-05
3863,733.1994334579995,6.1392,1.0308435220925917e-05
3864,733.3819389239998,5.9642,1.0297107510246905e-05
3865,733.5649245950008,5.8757,1.028584078135798e-05
3866,733.747861359001,5.8091,1.0274557597160512e-05
3867,733.9278599419995,5.7534,1.0263253659999984e-05
3868,734.1066503130005,5.7937,1.0252145385925866e-05
3869,734.2904869020003,5.6799,1.0241106048271587e-05
3870,734.4738190049993,5.8328,1.0229765067530856e-05
3871,734.6579735270006,5.996,1.0218449598703639e-05
3872,734.839296401,5.6588,1.0207084643703685e-05
3873,735.0226835020003,6.4219,1.0195881001419693e-05
3874,735.2075749600008,6.3166,1.0184569330555554e-05
3875,735.3874073480001,5.6013,1.017315427061723e-05
3876,735.5600776810006,6.2058,1.0162046044012336e-05
3877,735.7424876610003,6.23,1.015140476524687e-05
3878,735.9219589109998,5.8402,1.014013820987651e-05
3879,736.1025509600004,6.527,1.0129041068148132e-05
3880,736.2844903309997,5.8058,1.0117909131296288e-05
3881,736.4667685370005,5.8794,1.0106670542777746e-05
3882,736.6512842619995,6.002,1.0095424116296293e-05
3883,736.8332126000005,5.3497,1.0084037085370379e-05
3884,737.0126086439996,5.7333,1.0072791713395036e-05
3885,737.1962292629996,6.329,1.0061733539567869e-05
3886,737.377451327,5.8951,1.0050397152839492e-05
3887,737.5623906569999,6.4478,1.0039209097037011e-05
3888,737.7392908250004,6.3928,1.0027785974753101e-05
3889,737.9224074360009,5.6933,1.0016879344506107e-05
3890,738.102920147001,5.2062,1.0005548736172827e-05
3891,738.2847295520005,6.5197,9.994412499135824e-06
3892,738.4661321429994,6.1524,9.983212158086408e-06
3893,738.6462912429997,5.4678,9.972002023703703e-06
3894,738.8263841660009,5.4625,9.960877876111102e-06
3895,739.0097389429993,4.689,9.949759142098764e-06
3896,739.1931965450003,6.2023,9.938443186543222e-06
3897,739.376094968,6.6057,9.927130548950558e-06
3898,739.5579845020002,6.1338,9.915839715432063e-06
3899,739.7376143700003,6.1874,9.904610719321017e-06
3900,739.9120174439995,6.2033,9.893518760246917e-06
3901,740.0946753950011,4.7809,9.882739134012314e-06
3902,740.2728954449994,5.759,9.871483315061742e-06
3903,740.4546049689998,5.7629,9.860487330308588e-06
3904,740.638286835001,5.7078,9.849257324012345e-06
3905,740.819645177,6.1825,9.837920635802423e-06
3906,741.0064347059997,5.8282,9.826734806234572e-06
3907,741.1887035039999,5.9331,9.815189223580229e-06
3908,741.3697600830001,6.3104,9.803949728888883e-06
3909,741.5514212670005,5.6987,9.792763286049317e-06
3910,741.7350287150002,6.4085,9.781553641049318e-06
3911,741.9179465020006,6.3535,9.770217547839472e-06
3912,742.1018072730003,5.6782,9.758920147160433e-06
3913,742.285336465,5.1589,9.747578142777803e-06
3914,742.4653867279994,5.5514,9.736245516172815e-06
3915,742.6492319669997,5.7569,9.725123715555545e-06
3916,742.8338872530003,5.6462,9.713793383703707e-06
3917,743.0158249310007,5.6154,9.702388705802468e-06
3918,743.1993267079997,5.7151,9.691158184691351e-06
3919,743.3808532599996,5.2927,9.679841674074109e-06
3920,743.5607433980003,6.4227,9.66863353802463e-06
3921,743.7454025780007,6.1869,9.657517466419697e-06
3922,743.9255910249994,6.1216,9.646123083765379e-06
3923,744.1070888060003,6.2267,9.6349929417901e-06
3924,744.290061822001,5.0976,9.623802444259218e-06
3925,744.4700446629995,6.1163,9.612503964135838e-06
3926,744.6519874450005,5.9992,9.601398784444416e-06
3927,744.8333094480004,5.4407,9.590171683518557e-06
3928,745.0151044539998,6.4532,9.578969178703656e-06
3929,745.1990264979995,5.8014,9.567740361358063e-06
3930,745.3803550459997,5.9826,9.556390636172846e-06
3931,745.5602716949998,4.9995,9.545201391851894e-06
3932,745.7423726369998,5.7978,9.534086936049407e-06
3933,745.926369570001,5.3802,9.522841172592628e-06
3934,746.1075727400003,5.4899,9.511497950925896e-06
3935,746.2865021239995,5.8319,9.500309849259276e-06
3936,746.4699522289993,6.2397,9.489266148827181e-06
3937,746.6526987480011,6.632,9.477931107098754e-06
3938,746.8327313169993,5.7804,9.46666234197527e-06
3939,747.0165037940005,5.9944,9.455552092469117e-06
3940,747.1998641640002,6.2368,9.444208225493773e-06
3941,747.3839010280008,6.2757,9.432815994753103e-06
3942,747.5655030950002,6.426,9.421532129753035e-06
3943,747.7502952100003,6.2011,9.410317762160475e-06
3944,747.9375849950011,5.7727,9.398914189382651e-06
3945,748.1178883110006,6.1569,9.38734550820985e-06
3946,748.2992027649998,6.1219,9.376224195123395e-06
3947,748.4838320430008,6.0719,9.36502440679008e-06
3948,748.6682964690008,6.1506,9.353628426358035e-06
3949,748.8500432060009,6.0793,9.34225003629628e-06
3950,749.0318895979999,6.3162,9.331022935678973e-06
3951,749.2164121690003,5.6554,9.319810421604958e-06
3952,749.4024664419994,6.2588,9.308406474444415e-06
3953,749.5860358139998,6.5917,9.296916844135767e-06
3954,749.7689060379998,6.1063,9.285581268888877e-06
3955,749.9451863049999,5.7238,9.274304147160434e-06
3956,750.1267714759997,5.8397,9.263411495925944e-06
3957,750.3010173879993,6.6201,9.2522169011111e-06
3958,750.4822417609994,5.7762,9.241473157962899e-06
3959,750.664079229,5.5544,9.23025731419756e-06
3960,750.8498488000005,6.1265,9.219055129629673e-06
3961,751.0339362840004,5.5842,9.207581037716084e-06
3962,751.2171641130008,5.7481,9.19621299209874e-06
3963,751.3993035599997,5.7223,9.184900541604968e-06
3964,751.5824785719997,6.1122,9.17364800191356e-06
3965,751.769282923,5.4686,9.162352725432044e-06
3966,751.9539051070005,6.5558,9.150824099012345e-06
3967,752.1356098319993,6.244,9.139430249197511e-06
3968,752.318110440001,5.638,9.12820009339505e-06
3969,752.5035179660008,6.1547,9.116938509444446e-06
3970,752.683513248001,6.4767,9.105506686975319e-06
3971,752.8628661950006,5.4743,9.094395959197565e-06
3972,753.0431324180008,5.6265,9.083308395000039e-06
3973,753.225479494,5.9956,9.072189306728402e-06
3974,753.4075106109995,5.7611,9.060934097407408e-06
3975,753.5897828270008,5.7423,9.04969693290123e-06
3976,753.7729127990006,5.7334,9.03842821425921e-06
3977,753.9508345600007,4.8188,9.027144336666681e-06
3978,754.1351371090004,6.1309,9.016153362037e-06
3979,754.3177469969996,6.089,9.004791190925883e-06
3980,754.5010652689998,6.1509,8.993517295246889e-06
3981,754.6842179699997,5.9692,8.982200281666619e-06
3982,754.866340261,5.8306,8.970896235987646e-06
3983,755.0484262700011,5.9088,8.959643164444398e-06
3984,755.2289064699999,4.8066,8.94840648154317e-06
3985,755.4098320390003,5.2385,8.937254536666629e-06
3986,755.5907098179996,5.8855,8.92609148851854e-06
3987,755.7720024959999,5.7406,8.914929663950617e-06
3988,755.9498186010005,5.6723,8.90373363203702e-06
3989,756.1322157400009,4.9015,8.892758273148189e-06
3990,756.3149174320006,6.4109,8.881507630864161e-06
3991,756.4919095179994,6.1437,8.870228027160493e-06
3992,756.6766024320004,5.9075,8.859323174135764e-06
3993,756.8619198369997,5.9635,8.847888262469067e-06
3994,757.0434078630005,5.8404,8.83645830358018e-06
3995,757.2255114649997,5.9726,8.825257550000027e-06
3996,757.4045245769994,5.9436,8.814021602716083e-06
3997,757.5805022830009,5.8532,8.802968821111096e-06
3998,757.7591675799995,5.957,8.79211147098768e-06
3999,757.9390270210006,6.1545,8.781089214506121e-06
4000,758.1198130930006,6.2483,8.76996634679006e-06
4001,758.3003175220001,5.5434,8.758805069259279e-06
4002,758.4829736009997,6.237,8.747662410555508e-06
4003,758.6625987019997,5.755,8.736385371604894e-06
4004,758.839685926001,5.2618,8.725297114506137e-06
4005,759.0216906280002,6.2265,8.714374048888858e-06
4006,759.2050109030006,6.0,8.703150714567931e-06
4007,759.3894813290008,6.1045,8.691830434012288e-06
4008,759.5730317270009,5.7819,8.680436470493774e-06
4009,759.7571576659993,5.1914,8.669112686975273e-06
4010,759.9364970839997,6.4175,8.657738388888836e-06
4011,760.1182598560008,5.8305,8.646678953641923e-06
4012,760.2979165569996,6.042,8.635444344259264e-06
4013,760.4802343930005,5.8023,8.624354054444456e-06
4014,760.6623726340003,5.7522,8.613101924197564e-06
4015,760.8442951899997,5.4823,8.601850401049394e-06
4016,761.028849716,5.7251,8.59063471395058e-06
4017,761.2053839559994,6.0877,8.57924839271607e-06
4018,761.3891998190011,5.7441,8.568353972407378e-06
4019,761.5723769760007,6.4756,8.55699702987654e-06
4020,761.7558243370004,5.7732,8.5457105238889e-06
4021,761.937716755001,5.6944,8.534377618580263e-06
4022,762.1190594830005,5.6363,8.523147122345625e-06
4023,762.30052574,6.2092,8.511944748518514e-06
4024,762.4806732890011,5.692,8.500746256357971e-06
4025,762.6602743109997,5.3108,8.489625699814812e-06
4026,762.8434788390005,6.2659,8.478539453333296e-06
4027,763.0242824100005,5.8869,8.46723022567903e-06
4028,763.2010387150003,6.7786,8.456066501543164e-06
4029,763.3792212669996,5.6145,8.44517135759254e-06
4030,763.5609854979994,6.3636,8.434156895432072e-06
4031,763.7447488790003,5.8869,8.42293072191358e-06
4032,763.9245107890001,6.2888,8.411596418888878e-06
4033,764.1102714560002,6.0817,8.40050186123459e-06
4034,764.2926726570004,6.409,8.389042432777783e-06
4035,764.4735991350008,4.5024,8.377764736481447e-06
4036,764.6586489000001,5.9229,8.366593732777723e-06
4037,764.839511532,5.2546,8.355175545493805e-06
4038,765.0163422799997,5.5668,8.344019250061713e-06
4039,765.1986083869997,6.1443,8.333095402901258e-06
4040,765.3796464959996,6.1512,8.321853627345644e-06
4041,765.559841499,5.9018,8.310673057777746e-06
4042,765.742299001,5.6529,8.299544810802501e-06
4043,765.9242287119996,6.3276,8.288300049197473e-06
4044,766.1065737499994,5.7474,8.277055072839524e-06
4045,766.2869244009999,6.2047,8.265808447037032e-06
4046,766.4707988520004,5.8009,8.254675326296269e-06
4047,766.6530062620004,6.2512,8.243323145432124e-06
4048,766.8395685979995,6.056,8.232070717716022e-06
4049,767.0241870040009,6.2399,8.220553784074042e-06
4050,767.2062377080001,5.923,8.209162530061736e-06
4051,767.3866368790004,5.813,8.197927408518475e-06
4052,767.5721715090003,6.3774,8.186784316666612e-06
4053,767.75719613,5.9059,8.175332477037079e-06
4054,767.9430891640004,6.3613,8.163907503641983e-06
4055,768.1258482539997,5.4038,8.152438576975285e-06
4056,768.3055933380001,5.5717,8.141150630987605e-06
4057,768.4861814569995,6.1739,8.130055717530899e-06
4058,768.6685607790005,6.1865,8.118915787592617e-06
4059,768.8501488140009,4.9284,8.10765808641974e-06
4060,769.0326948020011,6.7691,8.096430242777715e-06
4061,769.212517977001,6.1996,8.0851699748765e-06
4062,769.3937732270006,6.381,8.07407472148144e-06
4063,769.5753287139996,5.6146,8.062882162283941e-06
4064,769.7585131819997,5.7361,8.051687692716059e-06
4065,769.9385348920005,5.5722,8.040385760185154e-06
4066,770.119493866001,6.1394,8.029262695740786e-06
4067,770.2985437509997,5.8147,8.01809763654316e-06
4068,770.4779481109999,4.453,8.007048085679052e-06
4069,770.66168062,5.6226,7.995953156111153e-06
4070,770.8434115710006,5.5437,7.984627213209811e-06
4071,771.0213691509998,4.9856,7.973409625185213e-06
4072,771.2010477969998,6.2016,7.962405941296336e-06
4073,771.3809927050006,5.2732,7.951325829753053e-06
4074,771.5644069589998,6.266,7.940228028518516e-06
4075,771.7450438390006,6.1365,7.928902417037043e-06
4076,771.9225129290007,5.9607,7.917749870802487e-06
4077,772.1050556549999,4.8937,7.906801858580254e-06
4078,772.2898529710001,5.1783,7.895524646172831e-06
4079,772.474368733001,6.275,7.884125325432074e-06
4080,772.6552359640009,5.9356,7.872725628518467e-06
4081,772.839573153,6.3646,7.861562506172793e-06
4082,773.0227390649998,6.022,7.850190382037054e-06
4083,773.2036149489995,6.1908,7.83888246981484e-06
4084,773.3819717850001,5.2248,7.827709860864197e-06
4085,773.5620235679999,6.4043,7.816705060123452e-06
4086,773.7446638340007,6.4885,7.805587737098724e-06
4087,773.9247110430006,5.7965,7.794319886049412e-06
4088,774.0988763450005,6.0431,7.78320364574074e-06
4089,774.2815619419998,6.4806,7.772464990246947e-06
4090,774.4614772959994,5.3979,7.761175131419785e-06
4091,774.6439137939997,6.0397,7.750059101172829e-06
4092,774.8253827230001,4.999,7.738810953518467e-06
4093,775.0070708900003,5.8039,7.727616145432055e-06
4094,775.1921064060007,6.4888,7.716397445432067e-06
4095,775.3752879090007,4.8776,7.704971071604888e-06
4096,775.5586343529994,6.1487,7.693657894012323e-06
4097,775.7388856220005,6.2451,7.682345321481427e-06
4098,775.921710441,6.1796,7.671221777098725e-06
4099,776.1026026,6.2001,7.65993333574072e-06
4100,776.2820837350009,5.6678,7.648760471172772e-06
4101,776.464627450001,6.6191,7.637683954629626e-06
4102,776.6469911429995,6.3489,7.626420189567901e-06
4103,776.8325125259998,6.0484,7.615164754814841e-06
4104,777.0139105140006,5.6017,7.603719068456822e-06
4105,777.1942219819994,5.7078,7.592509842037049e-06
4106,777.3739474770009,5.3376,7.581390753888918e-06
4107,777.5603655739997,5.7983,7.570296718209918e-06
4108,777.7419703030009,5.4956,7.55878443024689e-06
4109,777.9213738369999,6.1169,7.54756732290125e-06
4110,778.0985948079997,6.5109,7.536500082716075e-06
4111,778.2759541220003,5.9804,7.5255471847530905e-06
4112,778.4585289900006,6.4288,7.514598773641974e-06
4113,778.6380332629997,6.0057,7.503337091049367e-06
4114,778.8214219820002,6.0108,7.492245670740728e-06
4115,779.0046278629998,5.9551,7.480924265864142e-06
4116,779.1876133280002,5.9458,7.469633865061671e-06
4117,779.3686960489995,6.3446,7.458337468395055e-06
4118,779.5511504990009,5.6825,7.447156075370321e-06
4119,779.7340845100007,6.2364,7.435886959382749e-06
4120,779.9124148330011,5.1218,7.424596637963e-06
4121,780.0936039900007,5.804,7.413595659259215e-06
4122,780.2757680930008,6.643,7.402411743703652e-06
4123,780.4567044800006,6.1259,7.391166667839461e-06
4124,780.6409188930011,6.4553,7.3800023538888705e-06
4125,780.8209583509997,6.6481,7.368628247839543e-06
4126,781.0038343659999,5.7954,7.3575094320370185e-06
4127,781.1853056439995,6.0132,7.346222077036979e-06
4128,781.367692236001,6.2722,7.335029175432123e-06
4129,781.5491251290005,6.177,7.323763478086365e-06
4130,781.7240515129997,6.2194,7.312555301666663e-06
4131,781.9017243910002,6.5736,7.301757350987604e-06
4132,782.0857885669993,5.4391,7.290807898024704e-06
4133,782.2682768930008,5.387,7.279431609382681e-06
4134,782.4484056359997,5.5606,7.2681721196296406e-06
4135,782.6259907040003,5.6919,7.2570571990740135e-06
4136,782.8073651350005,6.2215,7.246082813518551e-06
4137,782.9888080990004,5.4864,7.23489336141972e-06
4138,783.1719537429999,5.7551,7.223683458086395e-06
4139,783.3527423899995,5.9566,7.212388291172828e-06
4140,783.5329150060006,6.0191,7.201226876296336e-06
4141,783.7070350390004,6.876,7.190106776172878e-06
4142,783.8899175810002,6.0254,7.179357604506132e-06
4143,784.0650926920007,5.9067,7.1680734340123015e-06
4144,784.2430580439996,4.8676,7.157269169444397e-06
4145,784.4256841639999,6.2714,7.146265761666654e-06
4146,784.6051525120001,4.4732,7.135003106481414e-06
4147,784.7866311849994,5.926,7.123911432160446e-06
4148,784.9706133319996,5.8514,7.112712752407419e-06
4149,785.1497501930007,6.2791,7.101356614876515e-06
4150,785.3224242360011,5.7983,7.090302603765392e-06
4151,785.5017901030005,5.7232,7.079652649629648e-06
4152,785.6799592860007,5.5059,7.068568837777756e-06
4153,785.8628475269998,6.5377,7.057563791666682e-06
4154,786.0413691230005,5.7599,7.046276835555521e-06
4155,786.223331647001,5.6695,7.035261367283941e-06
4156,786.4062783299996,6.2715,7.024032685246907e-06
4157,786.5883927939994,6.1775,7.012743598518534e-06
4158,786.7675825240003,6.1289,7.001487869506213e-06
4159,786.9497864780005,6.4727,6.99042650080246e-06
4160,787.1314552210006,5.5124,6.9791837206789615e-06
4161,787.3111511789994,5.4263,6.967969446975337e-06
4162,787.4895294159996,5.1554,6.956879203950656e-06
4163,787.6734479990009,6.2493,6.945862684012388e-06
4164,787.855760501001,5.7671,6.934520708333298e-06
4165,788.02967498,6.2695,6.923272715740709e-06
4166,788.2131680750008,5.567,6.912537111357992e-06
4167,788.3902201300007,6.2671,6.901207355987688e-06
4168,788.5717280539993,6.4096,6.890268266913524e-06
4169,788.7512943359998,6.3002,6.879074086666692e-06
4170,788.9316371670011,5.1611,6.867984646543152e-06
4171,789.1105918909998,6.5021,6.856844772283905e-06
4172,789.2896162680008,5.7583,6.845808194938297e-06
4173,789.471268397001,4.6724,6.8347436441975665e-06
4174,789.6563818609993,6.0268,6.823533713024721e-06
4175,789.8418440000005,6.2925,6.812117239444404e-06
4176,790.0221077250008,6.3066,6.8006714545678974e-06
4177,790.205222337001,5.1679,6.789532929197539e-06
4178,790.3878491830001,5.3128,6.778231176728394e-06
4179,790.5710510499994,6.2357,6.766961535000005e-06
4180,790.7528719940001,5.9618,6.755642457839468e-06
4181,790.9346296679996,6.2158,6.744426528086456e-06
4182,791.1185901770004,6.3145,6.733203834876545e-06
4183,791.2989073600002,5.7461,6.721858576481427e-06
4184,791.4854332100003,6.0478,6.710712612839526e-06
4185,791.6673559930005,6.0529,6.6992069538271085e-06
4186,791.8493653780006,6.477,6.687966555864139e-06
4187,792.0328289539993,5.7759,6.676736225987651e-06
4188,792.2185564530009,6.2043,6.6653560738271785e-06
4189,792.4025289010006,6.0249,6.653951710555523e-06
4190,792.5870522700006,5.9443,6.642565868024675e-06
4191,792.772111536,5.7236,6.631212810864184e-06
4192,792.947638824,6.007,6.619785104753029e-06
4193,793.1321747710008,6.1862,6.608958471111065e-06
4194,793.3102154040007,6.4033,6.597554827839542e-06
4195,793.4941379600004,5.2961,6.5865702417283515e-06
4196,793.6810274870004,5.5782,6.5752054567283395e-06
4197,793.8661784289998,6.2913,6.56367956567897e-06
4198,794.0467747420007,5.5668,6.552255075678964e-06
4199,794.2286512280007,6.1933,6.541104837283962e-06
4200,794.4087329510003,4.7254,6.529870838209862e-06
4201,794.5909151169999,6.4086,6.518755563456802e-06
4202,794.7737163550009,5.8955,6.507511811851818e-06
4203,794.9574943059997,5.9763,6.496224594506156e-06
4204,795.133912063,6.4254,6.4848835882098614e-06
4205,795.3184149290009,6.0055,6.4739850766666995e-06
4206,795.5018315310008,5.7486,6.462608317839497e-06
4207,795.6838169170005,6.4319,6.4512865204320704e-06
4208,795.8662223289994,6.3391,6.440054898950598e-06
4209,796.048466227001,5.2132,6.42878704864191e-06
4210,796.230811808,5.7932,6.417537113703686e-06
4211,796.4086067890003,5.8064,6.406284004320967e-06
4212,796.5872882919994,5.941,6.395302145308646e-06
4213,796.7696802089995,6.1116,6.384260510370343e-06
4214,796.9480315649998,5.8327,6.3730086122839925e-06
4215,797.1261347430009,5.9037,6.362005553703709e-06
4216,797.3105083049995,6.0465,6.3510184669752396e-06
4217,797.4889516120002,6.3473,6.339627092222233e-06
4218,797.6712828020009,5.6318,6.328635061419713e-06
4219,797.8548684880006,6.3345,6.317361659753091e-06
4220,798.0331093370005,6.3283,6.306040051913553e-06
4221,798.2164956979996,6.4138,6.295019292283993e-06
4222,798.3960627769993,5.7494,6.283724646728384e-06
4223,798.5771873329995,6.1251,6.27262038419747e-06
4224,798.7583083139998,6.0282,6.26145102395056e-06
4225,798.9420765369996,5.7997,6.25026725679006e-06
4226,799.1213516500011,5.8711,6.2389353346913425e-06
4227,799.3018629170001,5.9426,6.227850655123457e-06
4228,799.4798683629997,5.3565,6.2167143607406775e-06
4229,799.6618728590001,6.2191,6.205732272469111e-06
4230,799.8426050199996,5.9485,6.1944914246296444e-06
4231,800.0233989469998,5.6111,6.183334063703733e-06
4232,800.2005467409999,5.9678,6.172176798950596e-06
4233,800.3816246730003,5.6548,6.161246501666634e-06
4234,800.5637749119996,5.7453,6.150054972962899e-06
4235,800.7461576820006,6.1831,6.138808169135801e-06
4236,800.9278899370001,5.6652,6.127558623209912e-06
4237,801.108344268001,6.4802,6.116347856666632e-06
4238,801.2953372459997,5.6769,6.105201706666686e-06
4239,801.4769307679999,6.5691,6.0936665556172224e-06
4240,801.6568029040009,6.1214,6.082449417407377e-06
4241,801.8361070160008,5.7812,6.071344737777812e-06
4242,802.0204284110005,6.6475,6.060280561172882e-06
4243,802.2040213380005,6.6667,6.04890662537041e-06
4244,802.3871675720002,5.7788,6.037578394814797e-06
4245,802.5671192700011,5.7418,6.026262103271585e-06
4246,802.7494024530006,6.3446,6.015157377469111e-06
4247,802.9315264600009,6.5227,6.003900987901223e-06
4248,803.1109797059999,6.133,5.9926641465432255e-06
4249,803.2917070120002,5.8063,5.9815915256172915e-06
4250,803.4725043300004,6.3301,5.970422205308651e-06
4251,803.6525916749997,4.3279,5.959271734938265e-06
4252,803.835715565001,5.8833,5.948134937345662e-06
4253,804.0170450959995,6.1524,5.936851371049368e-06
4254,804.1995273320008,5.9803,5.925660306666709e-06
4255,804.3777881040005,6.0922,5.914396291357965e-06
4256,804.560922273,6.2596,5.903379721913543e-06
4257,804.7431647169997,5.4582,5.892082393086379e-06
4258,804.922557367001,5.229,5.880827921543225e-06
4259,805.105333675001,6.085,5.869751158518483e-06
4260,805.2860654310007,6.7662,5.858472964567868e-06
4261,805.4659053289997,5.8394,5.847321296913622e-06
4262,805.6470138080003,5.6798,5.836212810246916e-06
4263,805.8297286239995,5.3841,5.825032651790157e-06
4264,806.0116484810005,6.2327,5.81374822487653e-06
4265,806.1920448350011,5.8705,5.80253643783944e-06
4266,806.3754280899993,6.137,5.791396472098731e-06
4267,806.5620276549998,6.0763,5.780077455740718e-06
4268,806.745277850001,5.8674,5.768558095246873e-06
4269,806.9281526240011,6.4385,5.757246513456738e-06
4270,807.1085320769998,5.2691,5.745946898765442e-06
4271,807.2856210190002,5.6849,5.734813425123442e-06
4272,807.468385309001,6.2875,5.723880631234529e-06
4273,807.6523480609994,6.2399,5.7126178324691585e-06
4274,807.8312217029998,5.1429,5.701245645617253e-06
4275,808.0151797550006,6.3615,5.690216704321005e-06
4276,808.1955530520008,6.1958,5.678861436543253e-06
4277,808.3746686909999,6.3131,5.667714068641983e-06
4278,808.5563565280008,5.9249,5.65665809018513e-06
4279,808.7401700789997,5.9497,5.6454438225926335e-06
4280,808.9173483609993,6.6272,5.634102941358038e-06
4281,809.1007065560007,5.967,5.623160276049427e-06
4282,809.2805188359998,5.5002,5.611848153641941e-06
4283,809.4611214329998,4.166,5.600744108827105e-06
4284,809.6442262239998,6.3071,5.589593036357982e-06
4285,809.8263862000003,5.9803,5.578287491543177e-06
4286,810.0101936209994,6.3928,5.567040427901177e-06
4287,810.1932618400006,6.223,5.555702045555594e-06
4288,810.3728062650007,5.3976,5.544408723827127e-06
4289,810.5531730120001,5.8693,5.53331135919754e-06
4290,810.7321346919998,4.9543,5.522179245555531e-06
4291,810.912494311,5.8866,5.511135251604904e-06
4292,811.0924084929993,5.6214,5.500008952654351e-06
4293,811.2696569039999,5.8824,5.488906245740688e-06
4294,811.448144592001,4.8738,5.477954417098807e-06
4295,811.6252742340002,5.0998,5.466939145432132e-06
4296,811.8077466169998,5.8176,5.45599886598761e-06
4297,811.9869940669996,5.7467,5.444746642716037e-06
4298,812.1672590300004,6.011,5.433675220864204e-06
4299,812.3487650309999,6.3333,5.422551272222226e-06
4300,812.5305065299999,6.2689,5.411339497530904e-06
4301,812.711816459001,6.1122,5.40012704123461e-06
4302,812.8968329380004,6.0922,5.388933646975341e-06
4303,813.0786648829999,5.5941,5.377524238641924e-06
4304,813.2584986260008,6.2071,5.366300383209844e-06
4305,813.4398804619996,6.204,5.355191480370375e-06
4306,813.6230917030007,6.0929,5.344006271111146e-06
4307,813.8052397440006,6.3315,5.332689652283912e-06
4308,813.9883351909994,6.0931,5.321455690246907e-06
4309,814.1680614090001,5.9465,5.310148291357986e-06
4310,814.349388898001,5.9285,5.299050135987655e-06
4311,814.5317022159998,5.5773,5.287854746234583e-06
4312,814.7118973979996,6.3826,5.276594256419692e-06
4313,814.8932040960008,5.6078,5.265472280864147e-06
4314,815.0737898460011,5.6483,5.254285731172876e-06
4315,815.2553516930002,5.2955,5.243140220061743e-06
4316,815.437319652001,6.3912,5.231926428086359e-06
4317,815.6131843740004,6.5115,5.220699935925949e-06
4318,815.791672237001,5.8346,5.209851306666635e-06
4319,815.971043986001,5.8576,5.198822914012285e-06
4320,816.1499983039994,6.1498,5.1877490675308945e-06
4321,816.3326513570009,6.1227,5.1766988952468955e-06
4322,816.5172208719996,6.0959,5.165442043456736e-06
4323,816.6923712600001,6.14,5.154041139876536e-06
4324,816.874436094,5.5059,5.1432371842592695e-06
4325,817.0553434390004,5.7328,5.131986636913583e-06
4326,817.2360821559996,5.3529,5.1208099287654406e-06
4327,817.4177397679996,5.3473,5.109669560061764e-06
4328,817.6001703010006,6.1965,5.098443738024689e-06
4329,817.7814695310008,5.2959,5.087178432839457e-06
4330,817.96423564,5.9648,5.0759942895678646e-06
4331,818.1460516770003,6.1617,5.0647179630864296e-06
4332,818.3253887930005,5.6489,5.053491436666702e-06
4333,818.5035414909999,6.0103,5.0424135401851925e-06
4334,818.6842107859993,5.566,5.03141550709873e-06
4335,818.8622430489995,4.9366,5.020275346790154e-06
4336,819.0447030520008,5.5301,5.009266746666624e-06
4337,819.2251917209996,6.0993,4.998021042222234e-06
4338,819.4040438819993,4.7435,4.986883601296305e-06
4339,819.5840039819996,5.9109,4.975828522283898e-06
4340,819.766365292,5.7546,4.964723636049362e-06
4341,819.9497888999995,5.8972,4.953474339506136e-06
4342,820.1290838719997,4.5613,4.9421526889505524e-06
4343,820.3138595569999,6.142,4.931093104753109e-06
4344,820.4952358720002,5.683,4.919679761234513e-06
4345,820.6760932220004,5.6194,4.908489505246899e-06
4346,820.8568958150008,6.0003,4.897313284444427e-06
4347,821.0373614830005,4.7275,4.8861483059259475e-06
4348,821.218693873001,5.7833,4.875012793086453e-06
4349,821.4022241060011,5.6758,4.863823099814774e-06
4350,821.5834644469996,6.4266,4.85248881895064e-06
4351,821.7665301369998,6.3528,4.84130003691361e-06
4352,821.9495298330003,6.1271,4.83001023771606e-06
4353,822.1331177009997,5.7539,4.81871506876545e-06
4354,822.3158971070006,6.0094,4.807376806604874e-06
4355,822.4977626500004,6.3403,4.796103358888854e-06
4356,822.6800139030001,5.7735,4.784867604753063e-06
4357,822.8598399120001,5.8036,4.773626389938213e-06
4358,823.0424690740001,6.042,4.762519207469169e-06
4359,823.2222367079994,6.058,4.7512484102468444e-06
4360,823.4057882489997,6.9072,4.7401553519753e-06
4361,823.5876798120007,5.1028,4.72882189882714e-06
4362,823.7690866100002,6.3506,4.717581261049397e-06
4363,823.9522421399997,6.3968,4.706394142283921e-06
4364,824.1347090180006,6.453,4.695084720493853e-06
4365,824.3199479520008,6.3773,4.6838166461728e-06
4366,824.4971217710008,6.1542,4.672382216419724e-06
4367,824.6797236450002,5.9711,4.661457301234589e-06
4368,824.8630047629995,6.2441,4.650178782160508e-06
4369,825.0461275819998,5.8285,4.638867647777767e-06
4370,825.22916128,5.9755,4.627554434197501e-06
4371,825.4112853830011,5.7394,4.616257016666653e-06
4372,825.5971511379994,5.7812,4.605020852283959e-06
4373,825.7791777519997,6.2543,4.59353762969133e-06
4374,825.9617694070002,6.37,4.5823175882099e-06
4375,826.1377851420002,6.3603,4.571048591790117e-06
4376,826.3203235069996,5.822,4.560181420802445e-06
4377,826.503066755,6.3236,4.548904686543221e-06
4378,826.685180597,5.2911,4.537627772592545e-06
4379,826.868882322,5.8013,4.526390881851794e-06
4380,827.0489415320008,4.5389,4.515050193765463e-06
4381,827.2297891449998,5.7621,4.503923189259235e-06
4382,827.4146209520004,6.3633,4.492766191419778e-06
4383,827.5965182630007,6.7557,4.481367578580181e-06
4384,827.782244254,6.1194,4.470122021049389e-06
4385,827.9682534450003,6.053,4.458665328888912e-06
4386,828.1523544350002,5.1256,4.447180176419713e-06
4387,828.3336170109997,6.3829,4.435826066296334e-06
4388,828.5124317909995,5.8077,4.424626176481483e-06
4389,828.6936147750002,6.5999,4.413583272469085e-06
4390,828.8760470350007,5.4388,4.402404034629592e-06
4391,829.0599401090003,5.3441,4.391142263703718e-06
4392,829.2449609440009,6.4804,4.379780538703681e-06
4393,829.4278837969996,5.2321,4.368380679876549e-06
4394,829.6116922250003,5.8664,4.357080605555491e-06
4395,829.7925774949999,5.4567,4.345739034444457e-06
4396,829.9753039700008,6.1259,4.334567935246936e-06
4397,830.160110705001,5.6489,4.323286213271605e-06
4398,830.3424270150008,6.4675,4.311874955864153e-06
4399,830.5249980820008,6.2385,4.3006307662345095e-06
4400,830.7064716620007,6.3445,4.28934814364193e-06
4401,830.8893405630006,5.9246,4.278164576790117e-06
4402,831.0685515719997,5.5426,4.266862380246933e-06
4403,831.2511623539995,5.4605,4.255800098271606e-06
4404,831.4330020329999,5.7639,4.244530277037034e-06
4405,831.6135098939994,5.2948,4.233305254074033e-06
4406,831.795682289001,6.1633,4.222165774444425e-06
4407,831.9753773680004,5.337,4.2109308209876855e-06
4408,832.1569360800004,6.0399,4.199831115740693e-06
4409,832.3409893740009,6.2108,4.188631392592546e-06
4410,832.522876432,6.0477,4.177265231172794e-06
4411,832.7025230449999,5.6761,4.166018748765394e-06
4412,832.8850870360002,6.6593,4.154931542098773e-06
4413,833.066345018,5.4715,4.143681083395012e-06
4414,833.2435726639997,5.6916,4.132492602160442e-06
4415,833.4250177770009,5.9244,4.121538349012282e-06
4416,833.6034782040006,6.0272,4.110339863148138e-06
4417,833.7870781330003,6.09,4.0993310130863716e-06
4418,833.9665364459997,6.1112,4.087987672962895e-06
4419,834.1486049800005,6.1123,4.076917021296333e-06
4420,834.3333994229997,6.348,4.065690772716008e-06
4421,834.5175811179997,5.8632,4.054278472160466e-06
4422,834.6981215100004,6.0114,4.042910400987665e-06
4423,834.8739449220011,5.7406,4.031749198086432e-06
4424,835.0528032050006,5.856,4.020917214814818e-06
4425,835.232794042,5.4071,4.0098671057407e-06
4426,835.4121691,5.7829,3.998746957160488e-06
4427,835.5937108479993,5.5132,3.987683130740771e-06
4428,835.7758764280006,6.3266,3.976468789197485e-06
4429,835.9573219150006,5.9855,3.965232651666673e-06
4430,836.1379828999998,6.6399,3.954025635493852e-06
4431,836.3236400120004,5.9522,3.942875235432125e-06
4432,836.5049076710002,5.8295,3.931413858765471e-06
4433,836.6895520620001,6.0899,3.920224219629609e-06
4434,836.8735382270006,6.1466,3.908832602962914e-06
4435,837.0554909719995,5.706,3.89747573703702e-06
4436,837.2346820639996,6.3614,3.886247796543236e-06
4437,837.4114539630009,5.8482,3.875171926604898e-06
4438,837.5924848249997,6.1442,3.8642635810493265e-06
4439,837.7727187319997,6.0835,3.8530937501851716e-06
4440,837.9572614379995,6.0638,3.841965416234605e-06
4441,838.1398905059996,5.7632,3.8305852369135916e-06
4442,838.324240676,6.1916,3.819311681111093e-06
4443,838.5073812219998,5.7742,3.8079104043827306e-06
4444,838.6919437970009,6.2951,3.79660500586419e-06
4445,838.8758413140004,6.4098,3.785224959629652e-06
4446,839.0602969329993,6.1872,3.773867970740741e-06
4447,839.2434879499997,6.515,3.7624713658642343e-06
4448,839.4248495779993,5.8214,3.751179645370356e-06
4449,839.60678921,6.2066,3.739977498950603e-06
4450,839.7892316100006,6.0683,3.728751123209895e-06
4451,839.9743059869998,6.2314,3.7174790391357737e-06
4452,840.158440575,5.9052,3.706065277716042e-06
4453,840.3359563739996,6.5251,3.694697016666687e-06
4454,840.518468323,6.4811,3.6837393819753487e-06
4455,840.7047644739996,6.242,3.6724711358024633e-06
4456,840.8911231639995,5.7082,3.660987547037048e-06
4457,841.079158859,4.9058,3.649469126481497e-06
4458,841.261969692001,5.266,3.6378568979629877e-06
4459,841.4403977410002,5.6821,3.6265781066049388e-06
4460,841.6238834100004,6.6616,3.6155626785185414e-06
4461,841.8022648040005,5.5858,3.6042454111728517e-06
4462,841.9869595430009,6.1405,3.5932271196913834e-06
4463,842.1704821010007,6.3459,3.58183557314819e-06
4464,842.3506750710003,5.7525,3.5705040430863757e-06
4465,842.5304610879994,5.9808,3.559383021358015e-06
4466,842.7110748119994,5.1221,3.5482729032098427e-06
4467,842.8976241319997,6.0952,3.537127240864224e-06
4468,843.0833000929997,5.7511,3.5256201988271175e-06
4469,843.2632242060008,5.6838,3.5141622944443784e-06
4470,843.4488360489995,6.2287,3.5030427607407433e-06
4471,843.6286411620003,5.995,3.4915948029629385e-06
4472,843.8124820089997,5.5327,3.480489704074058e-06
4473,843.9974319339999,5.8897,3.4691569985185246e-06
4474,844.1811517799997,6.2489,3.4577299137653895e-06
4475,844.361487229,5.5171,3.44639170296297e-06
4476,844.5432310180004,6.1461,3.4352556954321324e-06
4477,844.7268330440002,5.6111,3.4240413440122966e-06
4478,844.907146335001,5.4346,3.412702101358051e-06
4479,845.087166745001,5.7291,3.4015643977160394e-06
4480,845.2713784820007,5.9083,3.390449253271566e-06
4481,845.4554891480002,6.222,3.379095898086393e-06
4482,845.6366635060003,5.7567,3.367726768580198e-06
4483,845.8202185110003,5.6379,3.3565408599382953e-06
4484,846.0028124849996,5.8518,3.3452040535185357e-06
4485,846.1813821770011,6.4776,3.3339364283333616e-06
4486,846.3639121340002,5.1848,3.322924270740729e-06
4487,846.5428108659999,6.2511,3.311641812037081e-06
4488,846.7254476550006,5.867,3.3005898969135365e-06
4489,846.9060149289999,6.1014,3.289333895555491e-06
4490,847.0858709929998,6.012,3.2781805229629258e-06
4491,847.2649520930008,5.7429,3.2670722014196962e-06
4492,847.4462941399997,6.1332,3.2560147284567853e-06
4493,847.627739005,6.7867,3.2448346061111246e-06
4494,847.8101242150005,5.2502,3.233615894197539e-06
4495,847.9927657059998,5.9744,3.2223711580246783e-06
4496,848.1771142409998,5.7447,3.2110919856789656e-06
4497,848.3593123230003,5.3206,3.1997164372838893e-06
4498,848.5434180789998,5.7247,3.188466552469155e-06
4499,848.7285159309995,5.6668,3.1771215233950433e-06
4500,848.909404905,5.4719,3.1656900985802374e-06
4501,849.0897144659994,5.4684,3.1545174351852167e-06
4502,849.2736439100008,5.9338,3.1433850224691253e-06
4503,849.4560804390003,5.8143,3.1320436490122897e-06
4504,849.6320919080008,6.1822,3.120775270432136e-06
4505,849.8135747840006,5.9123,3.1099190496913953e-06
4506,849.9942870670002,6.0153,3.0987032383333724e-06
4507,850.1755011969999,5.5464,3.0875405280247293e-06
4508,850.3584153240008,5.2038,3.0763554579629926e-06
4509,850.535679906001,6.0636,3.065070559197564e-06
4510,850.7187364010006,5.0,3.0541389069753402e-06
4511,850.8959844639994,6.1356,3.042824150493795e-06
4512,851.0778337209995,5.9585,3.0318880724073852e-06
4513,851.261346401001,6.3477,3.020657437407437e-06
4514,851.4454500880001,5.5252,3.0093410498764905e-06
4515,851.6285431870001,5.7684,2.9979596108642207e-06
4516,851.8066731540002,5.6277,2.986672409938307e-06
4517,851.9865494099995,5.6979,2.9756776879629687e-06
4518,852.1700902730008,5.5685,2.964574871172804e-06
4519,852.353931742,6.1985,2.953253903209835e-06
4520,852.5310183719994,6.0132,2.941898637777796e-06
4521,852.7117977520011,5.9916,2.9309589028394424e-06
4522,852.8901870129994,6.1419,2.919800414629659e-06
4523,853.0731626790002,5.832,2.9087866651234087e-06
4524,853.2533657340009,5.8128,2.8974809170987436e-06
4525,853.4387039369994,5.238,2.886362731913572e-06
4526,853.6198440610005,6.329,2.8749336504320767e-06
4527,853.8014742790001,6.0497,2.8637475557406812e-06
4528,853.9808818170004,5.2565,2.8525369142592074e-06
4529,854.1611241619994,6.0392,2.841462936604883e-06
4530,854.3439545260007,5.8998,2.8303333548147846e-06
4531,854.5276112560005,5.7887,2.819045933888842e-06
4532,854.7073421160003,5.6284,2.807710360246929e-06
4533,854.8888648390002,5.7252,2.7966099432098492e-06
4534,855.0719742109995,6.5236,2.7854100016048936e-06
4535,855.2504852260008,6.4954,2.7741081967900593e-06
4536,855.4354283590001,5.7867,2.763089074567937e-06
4537,855.6155338900007,6.1668,2.751678317407386e-06
4538,855.7987993980005,6.2288,2.7405571977159983e-06
4539,855.9779171760001,6.0757,2.7292375861111106e-06
4540,856.1561010330006,5.1579,2.7181832984567835e-06
4541,856.337878802,5.2779,2.7071888853086757e-06
4542,856.5168472149999,3.7381,2.695982129814778e-06
4543,856.6986473140005,5.97,2.684916266975346e-06
4544,856.8813462950002,5.4759,2.6737046042592138e-06
4545,857.0657044680011,6.5942,2.662424733950647e-06
4546,857.2428521380007,6.1083,2.6510514556172927e-06
4547,857.4238309610009,5.7359,2.640101484753077e-06
4548,857.6098678660001,6.1141,2.6289392237037137e-06
4549,857.7900122530009,5.8979,2.6174517403086183e-06
4550,857.9711238870004,6.7181,2.606332845246884e-06
4551,858.1482617199999,5.4267,2.5951554399382736e-06
4552,858.328592807,5.3119,2.5842124478394568e-06
4553,858.5116263689997,5.5125,2.573091989135806e-06
4554,858.6936584280011,5.6163,2.5617863693826795e-06
4555,858.8744699180006,5.9501,2.5505380858024286e-06
4556,859.0568044840002,5.7905,2.5393856278395022e-06
4557,859.2363002149996,5.4462,2.528135347839439e-06
4558,859.4169648980005,6.0087,2.517054120555573e-06
4559,859.5978771579994,5.3684,2.5058963281480828e-06
4560,859.7777644729995,6.2707,2.49473363981485e-06
4561,859.9593500339997,5.7395,2.483634998456813e-06
4562,860.1428454239995,6.1603,2.472420282036991e-06
4563,860.3202893039997,5.3303,2.4610945792592043e-06
4564,860.5035658699999,6.1498,2.4501319850617046e-06
4565,860.6873832069996,6.4564,2.438834575432114e-06
4566,860.8695142790002,5.4437,2.427487246172805e-06
4567,861.0537161909997,6.3297,2.416242983641992e-06
4568,861.2369442119998,5.7363,2.4048704810493426e-06
4569,861.4184465620001,5.9477,2.3935572593210165e-06
4570,861.601012657,6.1941,2.3823617899999597e-06
4571,861.782832547,5.6616,2.3710854480246624e-06
4572,861.969592237001,5.9725,2.3598475815431844e-06
4573,862.1517595370005,4.9196,2.34833329055551e-06
4574,862.3337105800001,6.5318,2.337093777469135e-06
4575,862.5109485390003,5.3623,2.3258508072221628e-06
4576,862.694646426,5.8879,2.3149072110493164e-06
4577,862.8759747750009,6.3353,2.3035707498147986e-06
4578,863.0560163509999,6.1885,2.292374117901258e-06
4579,863.2397217550006,6.3068,2.2812752401851987e-06
4580,863.419033782,5.7902,2.2699366114197764e-06
4581,863.601825138001,6.0411,2.2588573091357867e-06
4582,863.7830047419993,6.2311,2.2475846055555306e-06
4583,863.9647696619995,6.0952,2.236393435987677e-06
4584,864.1468431770008,5.4732,2.2251940033333696e-06
4585,864.3327992909999,5.955,2.2139394489506306e-06
4586,864.5152413150008,5.7893,2.202460475679047e-06
4587,864.6949014769998,5.369,2.191191174320967e-06
4588,864.879852727001,6.6752,2.1800910640740746e-06
4589,865.0619808850006,6.4973,2.1686848844443775e-06
4590,865.2416163420003,5.8448,2.1574409093827186e-06
4591,865.4236501920004,5.7024,2.146360981543222e-06
4592,865.6053315499994,5.4871,2.135112671543155e-06
4593,865.7883429850008,6.0894,2.1239092301234274e-06
4594,865.969495532001,5.7946,2.112613709382738e-06
4595,866.1506708689994,6.0133,2.1014297802468495e-06
4596,866.3320203919993,6.155,2.090245542530855e-06
4597,866.5104643840004,5.7024,2.079047745493856e-06
4598,866.6927901300005,5.8335,2.06802983012348e-06
4599,866.8741643640005,5.9153,2.0567788085185224e-06
4600,867.0554308810006,6.0547,2.0455766730247185e-06
4601,867.2394079019996,5.9565,2.0343891509259694e-06
4602,867.4215480450002,6.205,2.0230390287653998e-06
4603,867.604050887001,4.9714,2.0117912740740542e-06
4604,867.7861914099994,6.3287,2.0005222252469425e-06
4605,867.967740043001,6.0549,1.989285744197511e-06
4606,868.1485883519999,6.2016,1.978079337592631e-06
4607,868.3288456579994,5.8102,1.9669149175925995e-06
4608,868.5063496260009,6.2124,1.9557844789505897e-06
4609,868.6867521929998,6.0063,1.9448301699382386e-06
4610,868.8676561770008,6.0863,1.933686630678988e-06
4611,869.043967607,6.2768,1.9225216595678387e-06
4612,869.219570366,6.2415,1.9116472285802547e-06
4613,869.4055242470004,6.3431,1.9008008189506154e-06
4614,869.5883790860007,5.6307,1.8893275192592374e-06
4615,870.0853559980005,5.5294,1.8780473205554871e-06
4616,870.2705611910005,5.9324,1.8473505779012245e-06
4617,870.4530104900005,6.1309,1.835936041419767e-06
4618,870.6304305779995,6.3796,1.8246608686420141e-06
4619,870.8142916920006,5.3025,1.8137033862345609e-06
4620,870.999504450001,5.2308,1.8023684043210198e-06
4621,871.1832476260006,6.3036,1.7909388334568178e-06
4622,871.3609693830003,5.0207,1.7795909708642033e-06
4623,871.5414846540007,6.6227,1.7686091690740313e-06
4624,871.7259619630004,5.8787,1.7574683943826997e-06
4625,871.9062702949996,5.3145,1.746087708024674e-06
4626,872.0903116049994,6.6867,1.7349379797531261e-06
4627,872.2721613880003,5.7926,1.7235832247530892e-06
4628,872.4537606989998,6.7631,1.7123692647530553e-06
4629,872.6360157039999,4.8479,1.7011642474691448e-06
4630,872.8212492879993,6.925,1.6899143158641717e-06
4631,873.001094569001,5.868,1.6784790646296567e-06
4632,873.1825917030001,5.8734,1.6673770638271302e-06
4633,873.3655909919999,5.5241,1.6561737767283313e-06
4634,873.543603647,5.2886,1.6448695296296335e-06
4635,873.7266865069996,5.4489,1.6338883394444448e-06
4636,873.9088284110003,5.5476,1.6225847707407648e-06
4637,874.085253665,4.2411,1.611343934320958e-06
4638,874.265198897001,5.3371,1.6004467778394538e-06
4639,874.4479978929994,5.0649,1.5893387996913366e-06
4640,874.6223979080005,6.048,1.5780568837654719e-06
4641,874.8037478290007,4.7825,1.5673125948147959e-06
4642,874.9860317349994,6.5138,1.556098339876516e-06
4643,875.17003028,5.7116,1.544850638148082e-06
4644,875.351940120001,6.372,1.533496431111081e-06
4645,875.5314518230007,5.3492,1.5222566395062089e-06
4646,875.7146989989997,6.2926,1.5111836924691592e-06
4647,875.8960746779994,6.0274,1.499869367715989e-06
4648,876.078755374001,6.3329,1.4886670473457155e-06
4649,876.2611580510002,6.066,1.477391197160477e-06
4650,876.444910835,5.7334,1.4661300092592257e-06
4651,876.6293914920007,6.3382,1.4547993937036542e-06
4652,876.8093766679995,5.4232,1.4434111107407221e-06
4653,876.9946966869993,6.4668,1.4322916896913674e-06
4654,877.1740928460003,6.5603,1.4208673392592743e-06
4655,877.3594875569997,6.2251,1.409780053703641e-06
4656,877.5457807759994,6.4818,1.3983449062962562e-06
4657,877.7312748040003,5.2452,1.3868395154938207e-06
4658,877.9150854149993,6.0532,1.375390264444415e-06
4659,878.1005436289997,6.597,1.3640394365432464e-06
4660,878.2816614309995,6.427,1.352594576357974e-06
4661,878.4664470610005,6.2983,1.3414118447530821e-06
4662,878.6483525490003,6.0431,1.3300093572221784e-06
4663,878.831125005001,6.3976,1.3187942473456284e-06
4664,879.0123897369995,5.7988,1.3074984275926127e-06
4665,879.1914118389996,6.2511,1.2963039079630035e-06
4666,879.3757820160008,6.1666,1.28526355740739e-06
4667,879.5603325829998,5.9897,1.2738799622839914e-06
4668,879.7425993249999,5.728,1.2624882104321333e-06
4669,879.9179751800002,5.9356,1.2512337490123316e-06
4670,880.1031186359996,6.2131,1.24039883395064e-06
4671,880.2853078909993,6.1687,1.2289795998148557e-06
4672,880.470091784,5.8797,1.2177328146913468e-06
4673,880.6511901510003,6.2095,1.2063246466666122e-06
4674,880.8327412199997,5.5693,1.1951411520369882e-06
4675,881.0185227719994,6.3347,1.183938837345666e-06
4676,881.1988295909996,5.3402,1.1724737487037174e-06
4677,881.3829569080008,6.1265,1.1613469476542626e-06
4678,881.5666061410011,6.3864,1.149979778518534e-06
4679,881.7506058260005,6.1588,1.1386471901851882e-06
4680,881.9317077030009,6.4099,1.1272851944444107e-06
4681,882.1164920070005,6.2659,1.1161045287653772e-06
4682,882.2995440390005,6.7628,1.1046880596295771e-06
4683,882.4819244049995,6.3497,1.093391073703698e-06
4684,882.6633234660003,5.2901,1.08213234160488e-06
4685,882.847606112,6.1621,1.0709326211111092e-06
4686,883.0297744580002,5.3266,1.05956897407401e-06
4687,883.2084299279995,5.8814,1.0483254756172178e-06
4688,883.3893950279999,5.2053,1.0372953706789811e-06
4689,883.571873492001,5.2732,1.0261243519753272e-06
4690,883.7551440770003,6.26,1.0148522656172555e-06
4691,883.9304746609996,6.3248,1.003547540925931e-06
4692,884.107476784,6.5331,9.92720785493867e-07
4693,884.290920761001,5.2554,9.81794171419792e-07
4694,884.4729614999997,5.507,9.704718759876663e-07
4695,884.6553103639999,6.2101,9.592309959876755e-07
4696,884.8357024979996,5.9678,9.479727713580466e-07
4697,885.0157171829997,6.2795,9.368350150616822e-07
4698,885.1952707109995,5.9185,9.257278344444176e-07
4699,885.3769541109996,6.0897,9.146432351234913e-07
4700,885.5555152400011,5.4983,9.034284864815112e-07
4701,885.7384883840004,5.5885,8.924169467283916e-07
4702,885.9212954510003,6.106,8.811165693210277e-07
4703,886.1010278510003,5.8736,8.69822750308591e-07
4704,886.2775877269996,6.1523,8.58736120185144e-07
4705,886.4584131880001,6.2447,8.478415416667051e-07
4706,886.6385425970002,6.016,8.366836405555135e-07
4707,886.8211440510004,6.035,8.255537918518519e-07
4708,887.0042514279994,6.1448,8.142899427777462e-07
4709,887.1823379590005,5.5188,8.029885522838953e-07
4710,887.362905506001,6.023,7.9198030592596e-07
4711,887.5438244329998,6.2872,7.808473219135803e-07
4712,887.725924118,5.9771,7.696731549999669e-07
4713,887.905880106,5.4721,7.584285558023985e-07
4714,888.0881771309996,5.9287,7.473246967901471e-07
4715,888.2734564330003,6.2075,7.360757551851949e-07
4716,888.4566769640005,5.9287,7.246245835185517e-07
4717,888.6394782480002,5.6775,7.133272335184682e-07
4718,888.8234250309997,7.0959,7.020441126542765e-07
4719,889.0056255039999,6.0038,6.906802393827294e-07
4720,889.1884584239997,5.96,6.794485411110496e-07
4721,889.3685534360011,6.4519,6.681670257406902e-07
4722,889.5517015799996,5.8822,6.570335496913382e-07
4723,889.735725378001,5.88,6.457360172222537e-07
4724,889.9182266299995,6.6876,6.343740008024846e-07
4725,890.103190459,6.2409,6.230992252468815e-07
4726,890.2867766449999,5.7324,6.116933865431773e-07
4727,890.4653770519999,6.087,6.003554749999973e-07
4728,890.6524701380004,6.1203,5.893396040123622e-07
4729,890.8284959169996,6.5909,5.777854891975631e-07
4730,891.008825424,4.9906,5.669341943827511e-07
4731,891.1935635709997,5.234,5.557861750617399e-07
4732,891.3782712369994,5.8316,5.443770540740744e-07
4733,891.5599346399995,5.2389,5.329718701852226e-07
4734,891.7448880749998,6.2945,5.217657022222044e-07
4735,891.9263803659996,6.3407,5.103544931481074e-07
4736,892.1032715410001,6.3237,4.991385287037187e-07
4737,892.2875021559994,5.0906,4.882268295678838e-07
4738,892.471792024,6.0397,4.76857985925866e-07
4739,892.6500466590005,5.3792,4.654761799382068e-07
4740,892.832614242001,5.764,4.544675458641401e-07
4741,893.0154141019993,5.2031,4.4320481185187166e-07
4742,893.1929383700008,6.5579,4.3192311808637476e-07
4743,893.3766550210003,6.0576,4.209716538888964e-07
4744,893.5584211990008,5.9039,4.096211921605142e-07
4745,893.7365324029997,5.9593,3.9840168487652043e-07
4746,893.9143174639994,5.8657,3.874128806790278e-07
4747,894.096719774001,5.9657,3.7643234753089175e-07
4748,894.2753812690007,5.2828,3.6518346216045107e-07
4749,894.4568787419994,6.0117,3.541392732715365e-07
4750,894.6346689769998,5.7323,3.4294908314818073e-07
4751,894.8192431879997,6.0698,3.319604533332743e-07
4752,894.9972252970001,6.1224,3.2057667129624657e-07
4753,895.178777860001,6.1462,3.0960026049381974e-07
4754,895.3598096170008,6.0892,2.9839206783952024e-07
4755,895.5415272450009,5.726,2.8721047580240746e-07
4756,895.7242398929993,6.0681,2.7598942351855785e-07
4757,895.9024636409995,6.1257,2.6471501080250205e-07
4758,896.0858525309995,5.8438,2.5371778962958725e-07
4759,896.2678015790007,5.9402,2.424069520987338e-07
4760,896.4509931650009,5.4858,2.3116035271604774e-07
4761,896.631308385,5.4326,2.198579527777356e-07
4762,896.8126484599998,6.5102,2.0872027043205012e-07
4763,896.9948486409994,5.9472,1.9753470061723566e-07
4764,897.1733445579994,6.0251,1.8627826938270033e-07
4765,897.3514798870001,5.9973,1.752665796296571e-07
4766,897.5311890960002,5.6488,1.642626826543592e-07
4767,897.7148491090011,5.9405,1.5316926067902582e-07
4768,897.8972899060009,6.0115,1.418290969753433e-07
4769,898.0761739959999,5.7819,1.3057910117283966e-07
4770,898.2551893060008,6.1843,1.1953533074074984e-07
4771,898.4384543659999,6.3963,1.0847995469130402e-07
4772,898.6167368589995,6.1018,9.717277006170422e-08
4773,898.7978668659998,5.7398,8.61566994444729e-08
4774,898.978038958001,6.2041,7.498509635802676e-08
4775,899.1570346320004,5.7649,6.386509024690069e-08
4776,899.3371521560002,5.8816,5.281669808645528e-08
4777,899.5156202420003,5.3873,4.169454999998768e-08
4778,899.6982311219999,6.2316,3.06767204937719e-08
4779,899.8822998590003,6.2211,1.9407535185195226e-08
4780,900.0646798760008,5.6059,8.040195740743884e-09
