step,elapsed_seconds,loss,learning_rate
1,33.59397135200015,11.2064,0.0
2,36.10990849100017,11.1919,1.865790523555562e-05
3,36.205766164000124,11.1948,2.005410550333333e-05
4,36.29983869800071,11.1815,2.0107228746111207e-05
5,36.39410366100037,11.0879,2.0159500761111405e-05
6,37.490013285000714,11.1305,2.0211926682778137e-05
7,37.58447181700012,11.0971,2.0820831711111068e-05
8,37.67984358400008,11.1498,2.0873182613888985e-05
9,37.77559311999994,11.1156,2.092614495833358e-05
10,37.87035581000055,11.1129,2.097928866833374e-05
11,37.96387704600056,11.1548,2.103207654777786e-05
12,38.056281743,11.0508,2.1084060322222186e-05
13,38.15361363400007,10.9655,2.1135335037777927e-05
14,38.246544680000625,11.148,2.11894198038893e-05
15,38.33902889100045,11.0887,2.1241111638333274e-05
16,38.43253535800068,10.8599,2.129245712055561e-05
17,38.52731192700048,11.0196,2.134441660833343e-05
18,38.62133497400009,10.8807,2.1396960939444702e-05
19,38.71402742000009,10.9489,2.1449239647222386e-05
20,38.80647053100074,11.0144,2.1500718296666593e-05
21,38.90128599400032,10.812,2.15521298533334e-05
22,38.997336524000275,10.877,2.160471997777778e-05
23,39.09181670900034,10.9274,2.1658098154444413e-05
24,39.18723992700052,10.889,2.171059011722213e-05
25,39.281003414000224,10.9465,2.176365650166695e-05
26,39.37511117500071,10.8508,2.1815647395555466e-05
27,39.47038735500064,10.7916,2.186804649444437e-05
28,39.56398060399988,10.7538,2.1920999530555793e-05
29,39.65840662900064,10.8043,2.197306613222231e-05
30,39.751299827000366,10.9774,2.2025410973333744e-05
31,39.84567128500021,10.4348,2.2077054903888895e-05
32,39.938384071000655,10.6726,2.212932478833358e-05
33,40.03374977100066,10.5427,2.2180994638888987e-05
34,40.12737082500007,10.4715,2.2233882702778122e-05
35,40.22011089700027,10.8384,2.2285923365000398e-05
36,40.31442149099985,10.4573,2.2337584658889176e-05
37,40.40788251699996,10.465,2.238983629777775e-05
38,40.500753834000534,10.5045,2.2441730276666732e-05
39,40.59447356400051,10.5217,2.2493397585555817e-05
40,40.6888141469999,10.332,2.254533207333326e-05
41,40.78119023900035,10.3733,2.2597721946666654e-05
42,40.87461811100002,10.3391,2.2649156438888996e-05
43,40.96806422500049,10.5626,2.2700955962222403e-05
44,41.060943297999984,10.1358,2.275299410722255e-05
45,41.15286864400059,10.3258,2.2804545136111504e-05
46,41.24575525399996,10.4103,2.2855659594444358e-05
47,41.34000972400008,10.1863,2.2907274687777823e-05
48,41.43374259900065,10.4352,2.2959582713333476e-05
49,41.526104055999895,10.144,2.3011770354444505e-05
50,41.618039218000376,10.2658,2.3063075092778085e-05
51,41.70970223600034,10.2241,2.3114150261666915e-05
52,41.80287139500069,10.2226,2.316506802611103e-05
53,41.898678823999944,10.0595,2.3216756488333584e-05
54,41.992289982999864,9.9366,2.326996614277808e-05
55,42.08639763500014,10.1036,2.3322063962777977e-05
56,42.1813051449999,9.9967,2.337423276055587e-05
57,42.27427876500042,10.1632,2.3427053812222566e-05
58,42.367069044000345,10.1231,2.347874993055585e-05
59,42.46042132599996,10.0972,2.353023629611117e-05
60,42.553364598999906,9.9146,2.358211114611145e-05
61,42.64696332299991,9.7537,2.3633700349444856e-05
62,42.73969785999998,9.7747,2.3685728463889163e-05
63,43.3237485260006,9.7218,2.3737197243333666e-05
64,43.41807176100065,9.953,2.4061779601111083e-05
65,43.51232609999988,9.877,2.4114122842778064e-05
66,43.60739775999991,9.4937,2.4166539172222455e-05
67,43.70155581900053,9.5311,2.421923482777806e-05
68,43.79576094700042,9.828,2.4271574632777832e-05
69,43.890889985000285,9.75,2.4323940308888977e-05
70,43.9854400410004,9.6156,2.4376684740000203e-05
71,44.08003731200006,9.3161,2.4429215660000206e-05
72,44.17428380900037,9.4815,2.4481810358333355e-05
73,44.26930874400023,9.6756,2.4534205432777932e-05
74,44.365309789000094,9.3282,2.4587040133888976e-05
75,44.45889509600056,9.1517,2.464030340000035e-05
76,44.553545151000435,9.5144,2.4692329441111523e-05
77,44.648372263000056,9.3729,2.4744931543333325e-05
78,44.743669884000155,9.5268,2.4797684857222622e-05
79,44.837288323000394,9.0051,2.48505061572223e-05
80,44.9305216570001,9.2692,2.4902497961111296e-05
81,45.02434175000053,9.2433,2.4954385759999948e-05
82,45.11988966900026,9.0204,2.5006522144444717e-05
83,45.214521855000385,9.3728,2.505949298555556e-05
84,45.30921019700054,9.0958,2.5112196803889272e-05
85,45.403499570999884,9.2109,2.5164700812777786e-05
86,45.499213996000435,9.0784,2.5217077161111474e-05
87,45.59433956900011,9.2661,2.527025517444448e-05
88,45.6863675630002,8.7329,2.532309016555549e-05
89,45.78065246500046,8.8251,2.537433575500018e-05
90,45.8742984520004,8.6869,2.5426627201111136e-05
91,45.968516839000586,8.9704,2.547874754555576e-05
92,46.06385636699997,9.0259,2.553106271611139e-05
93,46.15920185200048,8.9353,2.5583960052222212e-05
94,46.253335512000376,8.9329,2.5637114082222373e-05
95,46.347108113000104,9.063,2.568926747722243e-05
96,46.43471386800047,9.0701,2.574139253611116e-05
97,46.528843544000665,8.8857,2.5789898041111377e-05
98,46.62478152600033,8.8341,2.584251113111148e-05
99,46.71963667700038,8.753,2.5895599220000098e-05
100,46.81408369700057,9.1207,2.5948297538889166e-05
101,46.90840976600066,8.7364,2.6000828056666653e-05
102,47.00303079400055,8.773,2.6053201753333674e-05
103,47.095914573999835,8.8588,2.6105803366666704e-05
104,47.19013397700019,8.8384,2.6157409531111223e-05
105,47.28605200600032,8.4361,2.620974365388924e-05
106,47.38204045100065,8.9779,2.6262891658889204e-05
107,47.47603009000068,8.9529,2.631643503277802e-05
108,47.57192656500047,8.4669,2.6368531986111324e-05
109,47.66835382099998,8.861,2.64218747950003e-05
110,47.76469019600063,8.6292,2.6475380916666736e-05
111,47.858762847000435,8.8352,2.652894555333357e-05
112,47.9544731420001,8.4855,2.6581186626666647e-05
113,48.05032118300005,8.7873,2.6634274757778056e-05
114,48.14373233800052,8.5911,2.6687569921111088e-05
115,48.23833201400066,8.4329,2.6739583079444552e-05
116,48.33451045600032,8.7369,2.6792059193333242e-05
117,48.42843273900053,8.1921,2.6845520856666856e-05
118,48.523019504999866,8.4494,2.689773758777796e-05
119,48.617797143000644,8.697,2.6950408265555682e-05
120,48.71292668000024,8.4438,2.7002790033333343e-05
121,48.80719762100034,8.5394,2.7055771300555936e-05
122,48.90297150300012,8.5055,2.7108094196666772e-05
123,48.99709745600012,8.3275,2.716121760222248e-05
124,49.08874127499985,8.426,2.7213599856111416e-05
125,49.18085810899993,8.2272,2.7264550365000307e-05
126,49.275992343000325,8.5398,2.731580199722228e-05
127,49.37108861300021,8.4795,2.7368528205555676e-05
128,49.464203475999966,8.2945,2.7421393304444386e-05
129,49.558106708000196,8.5187,2.747310413833374e-05
130,49.6523041850005,8.6145,2.7525161692222157e-05
131,49.74601722300031,8.5436,2.7577518782778096e-05
132,49.83884706400022,7.9272,2.7629650303888917e-05
133,49.93169609500001,8.3739,2.7681271817222198e-05
134,50.02453515600064,8.1469,2.7732886538333336e-05
135,50.11896839400015,8.715,2.7784498842222294e-05
136,50.212012343000424,8.6365,2.7836898755555617e-05
137,50.30524478500047,8.5751,2.788858557722253e-05
138,50.398455358999854,8.3335,2.794026454722219e-05
139,50.493143990000135,8.5698,2.7991995928889285e-05
140,50.586290956000084,8.5018,2.804470206555582e-05
141,50.680856762000076,8.3856,2.8096363056111436e-05
142,50.774738429000536,8.4726,2.8148890978333537e-05
143,50.86993123100001,8.6038,2.820112699555567e-05
144,50.96315548600069,7.7481,2.8253979968889228e-05
145,51.05826860700017,8.3472,2.8305925610555583e-05
146,51.151510513000176,8.4272,2.8358592316666948e-05
147,51.24573096899985,8.2165,2.8410488714444504e-05
148,51.341396903000714,8.1446,2.8462763059444823e-05
149,51.434372847000304,8.0032,2.851599225277773e-05
150,51.52807977300017,8.3355,2.8567700806666936e-05
151,51.62391548800042,8.2336,2.861972584388898e-05
152,51.71623140700012,8.5166,2.8672898167222534e-05
153,51.81102459000067,8.1683,2.8724275481666963e-05
154,51.90473082900007,7.9794,2.8776900417777953e-05
155,51.9921506010005,8.5046,2.882893933666664e-05
156,52.087309669000206,8.5267,2.8877466022777806e-05
157,52.17973226699996,8.0839,2.893038200000016e-05
158,52.27294133000032,8.1503,2.8981721252777994e-05
159,52.36938853300035,8.6113,2.9033652504444442e-05
160,52.46367609700064,7.8993,2.9087480149444473e-05
161,52.55705286700049,8.008,2.9139499836667007e-05
162,52.649781318999885,8.2989,2.9191364154444777e-05
163,52.741993855000146,7.8755,2.9242862790000196e-05
164,52.836319754000215,8.4083,2.9294107570555956e-05
165,52.93034274100046,8.5357,2.934646704833338e-05
166,53.02314470300007,7.9267,2.9398660938333406e-05
167,53.116348655000365,8.3395,2.9450297272222393e-05
168,53.209759426000346,8.3325,2.950199695777782e-05
169,53.30264198900022,8.496,2.9553944848888832e-05
170,53.398770914000124,8.1305,2.9605617194444375e-05
171,53.49228868099999,8.2402,2.9658972809444703e-05
172,53.584830712999974,8.063,2.9710880784444577e-05
173,53.67626806200042,8.2402,2.9762349761666787e-05
174,53.76982115200008,8.3024,2.981317241944453e-05
175,53.86243169000045,8.3237,2.9865060816111207e-05
176,53.95550615600041,8.3489,2.9916545814444365e-05
177,54.047419717000594,7.9422,2.9968281906111168e-05
178,54.13961849400039,8.2775,3.0019385939444372e-05
179,54.23475933200007,8.2859,3.007057204722262e-05
180,54.3304469600007,8.4693,3.0123503110000156e-05
181,54.42400706600074,7.8029,3.0176506440000397e-05
182,54.51553314600005,7.6536,3.0228510925555586e-05
183,54.60883556099998,7.9795,3.0279453739444762e-05
184,54.70464893700046,8.1726,3.033118793000035e-05
185,54.79674416099988,7.6842,3.0384424482777933e-05
186,54.88906854900051,8.4908,3.0435651471666966e-05
187,54.98373107200041,7.7428,3.048683679833327e-05
188,55.078197626000474,8.4467,3.0539443966666924e-05
189,55.17163193000033,8.0537,3.0591865448333616e-05
190,55.26639672000056,7.9954,3.0643791801666745e-05
191,55.359172909000335,7.6148,3.069648961000035e-05
192,55.453106163000484,8.4359,3.0748134487222266e-05
193,55.546505383000294,7.7025,3.080023450000024e-05
194,55.640779313000166,8.2122,3.085218749388888e-05
195,55.733815111000695,7.8423,3.090443697666666e-05
196,55.8271206520003,7.6938,3.095621084111119e-05
197,55.918646695999996,7.7129,3.1008098068333414e-05
198,56.01140848900013,7.8294,3.1058897108888843e-05
199,56.105362913000135,8.0553,3.11104476900002e-05
200,56.199520627999846,7.874,3.116251746722254e-05
201,56.29301155900066,7.7762,3.1214996881666994e-05
202,56.38591476000056,8.126,3.126691530111152e-05
203,56.48064690800038,8.3033,3.131852350833369e-05
204,56.57614252200074,8.2512,3.1371075525000074e-05
205,56.66831539800023,7.9357,3.14240986722224e-05
206,56.762213126999995,7.8,3.1475443115555715e-05
207,56.854591850999896,8.1126,3.152755951222238e-05
208,56.94875204100026,8.0924,3.157892819666662e-05
209,57.04354623400013,8.6663,3.1631177047778086e-05
210,57.1369397389999,8.1739,3.1683785146666806e-05
211,57.225018481000006,8.6368,3.173572632611114e-05
212,57.31841254700066,7.9051,3.178459139055576e-05
213,57.410873096000614,7.9288,3.183659404111141e-05
214,57.50547082400044,7.742,3.1888003611111346e-05
215,57.59991597499993,7.6839,3.1940406723333584e-05
216,57.692422042000544,8.0014,3.199296516888909e-05
217,57.78520229900005,8.2476,3.2044418023889294e-05
218,57.87883020700065,8.2018,3.209586672277813e-05
219,57.972641987000316,8.0973,3.2147897852777934e-05
220,58.06722198100033,8.0053,3.219994645277793e-05
221,58.159815173000425,7.851,3.225246436500028e-05
222,58.252850786000636,7.9561,3.2304062720555625e-05
223,58.34576638100043,7.989,3.235563121611146e-05
224,58.44212433700068,8.2366,3.240728815277787e-05
225,58.53596069000014,8.7539,3.246084087277773e-05
226,58.63032943400049,8.2997,3.2512936945000145e-05
227,58.72449022500041,8.0961,3.2565383249444595e-05
228,58.81843888399999,8.2701,3.261769024111143e-05
229,58.91356744800032,8.3934,3.2669914463333245e-05
230,59.00787936600045,8.1459,3.2722674404444666e-05
231,59.101897045999976,8.2111,3.277509829722223e-05
232,59.19523117500012,7.8794,3.282727428500039e-05
233,59.28619839000021,7.7258,3.287925318999997e-05
234,59.37884274099997,7.6466,3.2929803934444456e-05
235,59.47228522000023,8.0414,3.298121108388892e-05
236,59.566583540000465,7.7826,3.303321490555592e-05
237,59.659286791999875,8.0255,3.308547998500014e-05
238,59.75384296900029,8.3704,3.313703923611128e-05
239,59.849097534000066,7.6761,3.318950709666701e-05
240,59.94309937000071,8.2493,3.324241557222245e-05
241,60.03561666400037,7.7318,3.329471125000004e-05
242,60.12982096399992,8.0414,3.3346105446667025e-05
243,60.22435250700073,8.1126,3.3398357539444484e-05
244,60.32027286599987,8.073,3.345090624111132e-05
245,60.41483023500041,7.7866,3.350431086833345e-05
246,60.51046167500044,7.7029,3.3556805453333454e-05
247,60.602460049,7.5746,3.360993893666697e-05
248,60.69518672800041,8.4742,3.366105981666705e-05
249,60.78928195300068,8.3618,3.371247993111107e-05
250,60.87761475000025,7.9144,3.376475427888889e-05
251,60.971817201000704,8.1793,3.3813754051666874e-05
252,61.067056464000416,7.9943,3.386620836666679e-05
253,61.16218235500037,8.3059,3.391901318388894e-05
254,61.256515595000565,8.275,3.3971906582777996e-05
255,61.349099015999855,7.8201,3.402439064500009e-05
256,61.44267520500034,7.817,3.407584541388891e-05
257,61.53631284600033,8.4104,3.4127824028889036e-05
258,61.628761695999856,7.6377,3.4179801774444565e-05
259,61.7222520840005,8.116,3.4231247608888937e-05
260,61.8171494850003,7.8167,3.428314875222239e-05
261,61.91262565600027,8.3121,3.433578588611151e-05
262,62.006483707999905,8.4755,3.4388837197778025e-05
263,62.098878962000526,7.9085,3.444103692333354e-05
264,62.190385228000196,7.3207,3.449236598222241e-05
265,62.28430083600051,8.2556,3.454325973888899e-05
266,62.378797514000325,7.4175,3.459527523111117e-05
267,62.47301829200023,8.0409,3.464779953944445e-05
268,62.56702239400056,8.2048,3.4700143485000204e-05
269,62.66167405299984,8.3657,3.4752382968333426e-05
270,62.75535123100053,7.7495,3.480492204833354e-05
271,62.85083750100057,8.0293,3.485713418333338e-05
272,62.943634631999885,7.5869,3.4909986062222435e-05
273,63.037668900000426,8.1544,3.496176264833341e-05
274,63.130829295000694,8.0481,3.501393626333336e-05
275,63.22620880800059,7.8488,3.5065683753889266e-05
276,63.32100014600019,8.1033,3.51186515938889e-05
277,63.41483114699986,8.0186,3.5171358208333715e-05
278,63.51254989300014,8.229,3.5223475873333684e-05
279,63.60813280000002,7.8036,3.52776499938889e-05
280,63.70273292599995,7.7183,3.533082870277819e-05
281,63.797710179000205,8.0594,3.538332934388917e-05
282,63.89152611700047,7.8665,3.543611982444469e-05
283,63.98453731100017,7.8217,3.5488319566666684e-05
284,64.07737611399989,7.3958,3.553994240333345e-05
285,64.17087195500062,7.7316,3.559156239000004e-05
286,64.26623806000043,7.996,3.5643429435000246e-05
287,64.3557428690001,7.9555,3.569649219000035e-05
288,64.45066973900066,8.0497,3.5746152129444356e-05
289,64.54586329199992,8.0937,3.579894104499999e-05
290,64.64132507300019,7.6756,3.585173253777814e-05
291,64.73514655500003,7.9438,3.590488604777774e-05
292,64.82790811900031,7.7208,3.595702626333352e-05
293,64.9150684340002,8.2309,3.6008595688889124e-05
294,65.01108770600058,7.8311,3.605676287944485e-05
295,65.1057328300003,8.1435,3.611024330000015e-05
296,65.19876265499988,7.8847,3.616277356944465e-05
297,65.29346814400014,7.8197,3.621458665333345e-05
298,65.38896323000063,7.8031,3.626715667111107e-05
299,65.48247988399999,8.0556,3.6320140520555876e-05
300,65.57632274500065,8.2055,3.6372091786111525e-05
301,65.67043036799987,8.1571,3.642425444888886e-05
302,65.76290370400056,8.1053,3.6476437470555544e-05
303,65.85639469200032,8.4622,3.6527930658333693e-05
304,65.94828521599993,7.7393,3.657992563444471e-05
305,66.04282903500007,7.5502,3.663095090555594e-05
306,66.13645958800043,7.6679,3.668345660388898e-05
307,66.2295538770004,8.2583,3.673543149277773e-05
308,66.323541707,7.9817,3.678711724722234e-05
309,66.41802544600068,7.9263,3.6839427870000285e-05
310,66.5117443220006,7.8785,3.689177772277819e-05
311,66.60481651600003,7.7535,3.694388392722229e-05
312,66.69661587800056,8.1515,3.699567681444478e-05
313,66.78435542900024,7.6957,3.7046669139444426e-05
314,66.87781378700038,7.6825,3.709523400500025e-05
315,66.9716255150006,7.9001,3.7147285781666644e-05
316,67.06562631700035,8.1905,3.719946287999998e-05
317,67.16109441400022,7.9187,3.7251648473333665e-05
318,67.25502440000037,7.148,3.73046339711113e-05
319,67.34996350200072,8.1021,3.735693894111137e-05
320,67.44592906900016,8.1332,3.7409550492777977e-05
321,67.54024544300046,8.2356,3.746287447666671e-05
322,67.63311520700063,7.7914,3.7515396025555674e-05
323,67.72586881000007,7.632,3.7567079389444496e-05
324,67.82038913900033,7.471,3.761849497777803e-05
325,67.91388558300059,7.6153,3.76709543727778e-05
326,68.00828884800012,8.0722,3.7722917431111057e-05
327,68.1019370110007,8.2348,3.777534726722226e-05
328,68.19593964900014,7.8078,3.7827431208333514e-05
329,68.2899963280006,8.0438,3.787959490944458e-05
330,68.38423228100055,7.9704,3.7931873556666585e-05
331,68.47771396400003,7.9947,3.798421954777799e-05
332,68.57174320800004,8.5595,3.803613713722219e-05
333,68.66673890000038,8.1232,3.808844843000012e-05
334,68.76155339700017,7.6049,3.8141110766667024e-05
335,68.85588916899997,7.8613,3.819379274222229e-05
336,68.95097715100019,7.9159,3.8246295490555696e-05
337,69.0441312769999,7.4227,3.829903519944462e-05
338,69.1375615830002,8.3082,3.835083568277797e-05
339,69.23025303300074,8.0977,3.840276335777819e-05
340,69.3247378570004,8.5291,3.845425928666676e-05
341,69.41991030600002,8.0718,3.850671050222243e-05
342,69.51398777900067,7.8878,3.8559592326666666e-05
343,69.60715243100003,7.4058,3.861190006388926e-05
344,69.70068856499984,7.9409,3.866367968555551e-05
345,69.79308894899987,7.406,3.871552889500032e-05
346,69.88761120000072,8.0391,3.876699438888914e-05
347,69.98157239200009,7.5889,3.8819397632777916e-05
348,70.07506449599987,7.7032,3.8871597874444384e-05
349,70.16871324500062,7.6787,3.892354629444476e-05
350,70.26029879599992,7.5338,3.897550779555584e-05
351,70.35270338200007,7.6593,3.9026455311667027e-05
352,70.4474015700007,7.7852,3.907785558888918e-05
353,70.54154401300002,7.3819,3.913037373277803e-05
354,70.63695482900039,7.8342,3.918281914277789e-05
355,70.72979136899994,7.5743,3.923577081055555e-05
356,70.82210591900002,8.1926,3.9287296687777805e-05
357,70.91593136300071,7.9447,3.933859138500035e-05
358,71.00986882100005,7.9385,3.939072320388884e-05
359,71.10501303900037,7.4905,3.944288081611123e-05
360,71.19843963299991,8.0156,3.9495737574444426e-05
361,71.2916589460001,7.6805,3.9547650637222335e-05
362,71.38485846000003,7.7765,3.9599457115555706e-05
363,71.47926070100038,7.7381,3.965123026611107e-05
364,71.57371884800068,7.1449,3.9703592523888904e-05
365,71.66780029000074,7.384,3.975618653888887e-05
366,71.76209099400057,7.9232,3.980841687222235e-05
367,71.85926152400043,8.1661,3.986069813555585e-05
368,71.95427658300014,7.8028,3.9914808875555536e-05
369,72.04945163200045,8.2412,3.99675541011114e-05
370,72.14320449300067,7.5934,4.002048027388911e-05
371,72.23568760800026,7.5689,4.007260363777783e-05
372,72.33126304300004,7.8808,4.012396663166682e-05
373,72.42532873000073,8.2461,4.0176933748333695e-05
374,72.51699998700042,8.0146,4.022929065388881e-05
375,72.61143137199997,8.467,4.028025384777771e-05
376,72.70628149999993,7.9722,4.0332593470000376e-05
377,72.80042033300015,7.5846,4.0385320051666695e-05
378,72.89416709600027,7.5244,4.043763267500001e-05
379,72.98786903700056,7.8844,4.048971575055576e-05
380,73.08129037900017,7.7833,4.054182256222248e-05
381,73.17515565300073,7.9407,4.0593649692777945e-05
382,73.270072024,7.9381,4.064583322055569e-05
383,73.36515029600014,8.2031,4.069846231888884e-05
384,73.45845538499998,7.2355,4.075128760611127e-05
385,73.55406429100003,7.6756,4.08033748205556e-05
386,73.64890015699984,8.4063,4.085624407000018e-05
387,73.74054854299993,6.9875,4.0908935890000374e-05
388,73.83539427600044,7.7916,4.09599959950002e-05
389,73.93188029500016,8.1507,4.101258612444478e-05
390,74.02664580100009,7.9461,4.106621772722216e-05
391,74.12117701700026,8.2354,4.1118956711666725e-05
392,74.21561031000056,7.485,4.117138036444481e-05
393,74.31146092100062,7.803,4.1223916142778056e-05
394,74.40594412700011,7.7429,4.127716380888918e-05
395,74.49954463599988,7.7299,4.132965279611148e-05
396,74.59485792600026,8.1356,4.1381596278889046e-05
397,74.69080941900029,8.0009,4.1434643915555774e-05
398,74.78447520400005,7.3575,4.148786843888906e-05
399,74.87843069500013,7.8337,4.153992064944456e-05
400,74.97149044700018,7.7633,4.159206071055552e-05
401,75.06483999800002,7.0962,4.164385516611118e-05
402,75.15852117900067,8.003,4.1695673186111184e-05
403,75.25175982600013,7.7221,4.1747738427777934e-05
404,75.34034491900002,7.5039,4.179955989166704e-05
405,75.43658425100057,7.3255,4.184866073722232e-05
406,75.53254876500068,8.0988,4.1902122721666684e-05
407,75.6268235510006,7.5258,4.1955417655000124e-05
408,75.72051677499985,7.6709,4.200789264333354e-05
409,75.81505017200016,7.6003,4.20598772061112e-05
410,75.91245360199991,7.993,4.211234911611124e-05
411,76.00496668699998,6.9963,4.216658255777778e-05
412,76.10048042700055,7.9128,4.221805005222248e-05
413,76.19715212200026,7.8871,4.227103840833327e-05
414,76.29189493300055,7.1306,4.2324734778333355e-05
415,76.38595185000031,7.6524,4.237750378499995e-05
416,76.47972702600055,7.7478,4.242966113722257e-05
417,76.57496218899996,7.8272,4.248173468999994e-05
418,76.66779423500066,7.8217,4.2534680507777824e-05
419,76.75974483700065,7.1264,4.2586189714444724e-05
420,76.85421527100061,7.5398,4.263733384333338e-05
421,76.94752426200012,7.3886,4.268968242000028e-05
422,77.04212728899984,7.9063,4.274156218277818e-05
423,77.13597198400021,8.255,4.279417351166659e-05
424,77.22953998200046,7.1088,4.284625502166667e-05
425,77.32372053800009,8.1922,4.2898243437222544e-05
426,77.41806890499993,8.1683,4.295058119833357e-05
427,77.51333798500036,7.7331,4.3003001577222275e-05
428,77.60879438700067,7.6204,4.3055968693889155e-05
429,77.70304335000037,7.8071,4.3109023988333526e-05
430,77.79627479200008,6.8523,4.3161389800000304e-05
431,77.89015072500024,7.7109,4.321314913555549e-05
432,77.98351619999994,7.368,4.326530941888905e-05
433,78.07965857100044,8.3796,4.3317183387222134e-05
434,78.17452038600004,7.416,4.337051132500013e-05
435,78.26854966100018,7.9358,4.342331843444451e-05
436,78.36263124200013,7.4738,4.3475472683333263e-05
437,78.45754878500065,7.3571,4.3527723918333426e-05
438,78.55089807600052,7.6208,4.3580539012222185e-05
439,78.64449218500067,7.4703,4.36323482016668e-05
440,78.74069794700063,7.7524,4.368442546777815e-05
441,78.83387450999999,7.5729,4.373784029333365e-05
442,78.92797772100039,7.7692,4.378961948500041e-05
443,79.0222804340001,7.6892,4.3841866778333396e-05
444,79.11639640300018,7.648,4.389423016500031e-05
445,79.21034711599987,7.7756,4.394642358611135e-05
446,79.30561648100047,7.8512,4.399869986000037e-05
447,79.40080187700005,7.9047,4.405157146500036e-05
448,79.49612126700049,7.7873,4.410443041666693e-05
449,79.5908390880004,8.3223,4.4157404235000085e-05
450,79.68640394400063,7.7157,4.4210099985555946e-05
451,79.78122994500063,7.9661,4.426309968555567e-05
452,79.8746816440007,7.9928,4.431579372000013e-05
453,79.96780639100052,7.77,4.4367904537222485e-05
454,80.06139305299985,7.8265,4.4419521302222367e-05
455,80.15607973100032,8.3564,4.447147411333339e-05
456,80.24989216500035,7.8438,4.452410540111133e-05
457,80.34303081300004,7.7063,4.457625579388908e-05
458,80.4353134160001,7.5951,4.4628045516666743e-05
459,80.52721196499988,7.4945,4.4679318700555594e-05
460,80.61941069900058,7.5738,4.4730328842777756e-05
461,80.71292173700022,7.3683,4.478153439388886e-05
462,80.80791430200043,7.4403,4.483339870444474e-05
463,80.90298067799995,7.8488,4.488621692555575e-05
464,80.997667654,7.5642,4.4939093415000064e-05
465,81.09370680500069,7.4906,4.4991738641667026e-05
466,81.18841308300034,7.6618,4.504500822000005e-05
467,81.27983021399996,6.6692,4.5097670449444604e-05
468,81.37285111600067,7.329,4.514847550777783e-05
469,81.46653920300014,7.2415,4.520006313166707e-05
470,81.55968070000017,7.5024,4.525208211388923e-05
471,81.65407652800059,7.5094,4.530388306555576e-05
472,81.74801092400048,7.4465,4.5356274986667007e-05
473,81.84264390200042,7.8851,4.540842280388916e-05
474,81.93755374700049,8.057,4.54610084744445e-05
475,82.0309286239999,7.0734,4.551380749833344e-05
476,82.11947888800023,7.8949,4.556567807000041e-05
477,82.21342535200074,7.6405,4.561481877222226e-05
478,82.3077054940004,8.1913,4.566705293111126e-05
479,82.40291373200034,7.5995,4.571941154222259e-05
480,82.49651523200009,7.9546,4.5772355400555775e-05
481,82.59068136699989,7.5121,4.582434847722248e-05
482,82.68390230600016,7.6713,4.587663158666702e-05
483,82.77770461,7.4778,4.5928482748333615e-05
484,82.87273935600024,7.7591,4.59804911255555e-05
485,82.96634645999984,7.6412,4.603334099888899e-05
486,83.06179550400066,7.5805,4.608543808722263e-05
487,83.15129746399998,7.8151,4.613832706222234e-05
488,83.24587103800059,7.4826,4.618816072722237e-05
489,83.34087212900067,7.7661,4.6240780253889274e-05
490,83.43519005800044,7.3176,4.6293340827778095e-05
491,83.52976528300042,7.9817,4.634594777777794e-05
492,83.62478055300016,7.5482,4.639842992000013e-05
493,83.71981411900015,7.8205,4.645116065777782e-05
494,83.81466265600011,7.2782,4.650402884777779e-05
495,83.90758775500035,7.1902,4.655674909222247e-05
496,84.00172567300069,7.1925,4.6608344077222285e-05
497,84.09608955100066,7.4046,4.666063860388881e-05
498,84.18495540500044,7.6414,4.671300556166696e-05
499,84.28160741500051,7.4506,4.6762326471666714e-05
500,84.37678963200051,7.3951,4.6816106564999955e-05
501,84.471771214,7.881,4.686899017722226e-05
502,84.56524702300067,7.8738,4.69217094216669e-05
503,84.65771053000026,7.5702,4.69736945400003e-05
504,84.75183669000035,7.7311,4.7025085817222135e-05
505,84.84614160799993,7.5388,4.7077348886666895e-05
506,84.94144232500003,7.6562,4.712959889611133e-05
507,85.03623119500025,7.7138,4.7182580529444445e-05
508,85.13016379800047,8.0524,4.723533449000014e-05
509,85.22384253100063,7.908,4.728753794055593e-05
510,85.31171198500033,8.0733,4.7339609985000006e-05
511,85.40435301700018,7.7539,4.738821997611114e-05
512,85.49909560000015,7.9022,4.7439851171111517e-05
513,85.59336543400059,7.0583,4.749241083722256e-05
514,85.68742176400065,7.4266,4.7544801538888855e-05
515,85.78124153800036,7.739,4.759699878500012e-05
516,85.8756077400003,7.0605,4.7649285193333526e-05
517,85.97008060400003,7.5194,4.770163036000011e-05
518,86.05915008900047,7.8956,4.7754057207222206e-05
519,86.15305460900072,7.8274,4.780346067055588e-05
520,86.248802049,7.972,4.78557205844446e-05
521,86.34234683500017,8.0854,4.790893102777772e-05
522,86.43537703699985,6.7716,4.7960992351666696e-05
523,86.52934027100036,8.017,4.801267936111142e-05
524,86.62332485300067,7.9408,4.806483616055579e-05
525,86.71752970000034,7.682,4.8117057397778106e-05
526,86.81058103099986,7.155,4.816933206388917e-05
527,86.90372590200059,6.9463,4.822106784166661e-05
528,86.99806120599987,7.6388,4.827287799222227e-05
529,87.091996741,7.3673,4.832527809000011e-05
530,87.18572890399992,8.1447,4.837740358277794e-05
531,87.28044045000024,7.402,4.842959750722255e-05
532,87.37496764900061,7.5184,4.84821640333333e-05
533,87.46924830700027,7.5466,4.853463274444443e-05
534,87.56459017599991,7.4941,4.8586933351111336e-05
535,87.65996856200036,8.0238,4.863995760666664e-05
536,87.75355553900044,7.1259,4.869290059333354e-05
537,87.84777167900029,7.3769,4.874495668444474e-05
538,87.94179796900062,7.577,4.879730642222259e-05
539,88.03614466900035,7.3998,4.8849498268333365e-05
540,88.13079179500073,7.7053,4.890188450333325e-05
541,88.22489301899986,7.5345,4.8954487088333534e-05
542,88.32000214500022,7.8696,4.9006799935000345e-05
543,88.41568401299992,7.5008,4.905966460777816e-05
544,88.50932910300071,7.231,4.911286755555567e-05
545,88.60290010400058,7.4889,4.916488877611149e-05
546,88.69693051500053,7.8114,4.9216801996667025e-05
547,88.78558101900035,7.4889,4.92690802838888e-05
548,88.88330364800004,7.8004,4.931820810388925e-05
549,88.97706342499987,7.471,4.9372548307777736e-05
550,89.07280235500002,8.2166,4.942472643333329e-05
551,89.16660202500043,7.5551,4.9477747273889084e-05
552,89.26349575899985,8.1852,4.9530027978333546e-05
553,89.36018649500056,8.1065,4.958376897999996e-05
554,89.45385543000066,7.6153,4.963743057333331e-05
555,89.55001716800052,7.8487,4.968956958777805e-05
556,89.642933954,7.0685,4.974298001333359e-05
557,89.73493823399986,6.9657,4.97946838238891e-05
558,89.82923517200015,7.8434,4.984572424777778e-05
559,89.92214449899984,7.1861,4.989806168888916e-05
560,90.0164894720001,7.7436,4.994967069111125e-05
561,90.10549411900047,7.8544,4.999976482518518e-05
562,90.20092677400044,7.2356,4.999429154641971e-05
563,90.29637348899996,7.921,4.998837835401233e-05
564,90.39313360600045,7.7755,4.998247689425923e-05
565,90.48869237500003,7.5158,4.997651410765431e-05
566,90.58275439099998,6.8165,4.997061139962962e-05
567,90.67792384400036,7.6025,4.9964802964444425e-05
568,90.77100556799996,7.0341,4.995894154037036e-05
569,90.86676230000012,7.7705,4.995319141271601e-05
570,90.9607474280001,6.8326,4.994728209506169e-05
571,91.05549147800048,7.679,4.994146865913581e-05
572,91.15171656300026,7.9629,4.993563437407408e-05
573,91.24513858400041,7.3996,4.992969545104935e-05
574,91.33869138499995,7.5416,4.992390768999996e-05
575,91.4341822360002,7.5511,4.9918130666358e-05
576,91.52944736100017,7.3992,4.991224771407405e-05
577,91.62590801500028,7.5337,4.9906362235493804e-05
578,91.72006782900007,7.6225,4.990041978648145e-05
579,91.81673786900046,7.4277,4.9894600282098755e-05
580,91.91304881300039,7.804,4.9888623586049375e-05
581,92.00752171100066,7.5869,4.9882693654074075e-05
582,92.10113877599997,7.5569,4.987685444129629e-05
583,92.19570295999984,7.8919,4.9871074315493826e-05
584,92.29400254700067,7.8366,4.986523778166665e-05
585,92.39030549500058,7.6449,4.9859173639506146e-05
586,92.47938848100057,7.7309,4.98532403345679e-05
587,92.57466997400024,7.2388,4.9847745314506136e-05
588,92.66900360799991,7.8871,4.984185696993824e-05
589,92.7630619850006,7.2802,4.983602872277774e-05
590,92.85683923400029,7.2335,4.983022004808643e-05
591,92.95213136600069,7.7334,4.982443132117281e-05
592,93.04528230000051,6.8949,4.981855463623454e-05
593,93.13738113,6.6765,4.9812802168395074e-05
594,93.2319745499999,7.891,4.980711445833331e-05
595,93.3278720190001,7.2027,4.9801270866666675e-05
596,93.42234554100014,7.9409,4.979535412962962e-05
597,93.5160405000006,7.3663,4.978952166648149e-05
598,93.6109870930004,7.4576,4.978373884154319e-05
599,93.70605062200048,7.2238,4.977788572253084e-05
600,93.80208666100043,7.8122,4.9772018276296286e-05
601,93.89676849199986,7.5801,4.9766089557839495e-05
602,93.98932640300063,7.1419,4.97602412172222e-05
603,94.08440471199992,6.7437,4.975452101969136e-05
604,94.17805538900029,7.1814,4.974865723709874e-05
605,94.27315851300045,7.4489,4.974287209283948e-05
606,94.36860768899987,7.1698,4.9737005417160496e-05
607,94.4635364730002,7.254,4.97311048425926e-05
608,94.55897964399992,7.4919,4.9725251393271586e-05
609,94.65314968300027,6.792,4.971936246265428e-05
610,94.74770943400017,7.4606,4.971352944753085e-05
611,94.83917888100041,6.9585,4.970770250876544e-05
612,94.93438383300054,8.1034,4.970206123814815e-05
613,95.02739176100022,7.9338,4.969619627290123e-05
614,95.12205184800041,7.6226,4.9690444292530826e-05
615,95.21528466400014,6.9357,4.96846199291358e-05
616,95.30912501600051,7.4637,4.967884787493825e-05
617,95.40532233300019,6.8962,4.9673054660185175e-05
618,95.50162709600045,7.835,4.96671299250617e-05
619,95.59604067000055,7.1521,4.966118583666662e-05
620,95.69050977400002,7.5826,4.9655352869012355e-05
621,95.78665077900041,7.3575,4.964951402746914e-05
622,95.88016175900066,7.0596,4.9643589177407375e-05
623,95.97543355800008,8.0128,4.96378039724691e-05
624,96.07209722400057,7.843,4.9631933132901216e-05
625,96.16846758500014,7.0728,4.962596996314814e-05
626,96.26172416400004,7.3493,4.9620012623148135e-05
627,96.35514620000049,7.0763,4.961425322913581e-05
628,96.44893323900033,7.5515,4.9608489935555535e-05
629,96.54161356900022,7.5092,4.960270092030863e-05
630,96.63447873299992,6.6429,4.959698280240738e-05
631,96.72974184800023,7.673,4.9591238979444456e-05
632,96.82304420800028,7.4499,4.958537915283951e-05
633,96.91838873500001,7.4389,4.957961379753086e-05
634,97.01384318100008,7.5264,4.9573721685123426e-05
635,97.10855883600016,7.5253,4.956783041543205e-05
636,97.2042591620002,7.3664,4.9561984700617245e-05
637,97.29937446500026,7.4941,4.9556074800987654e-05
638,97.3952475619999,7.7027,4.955020329654322e-05
639,97.48945411000022,7.6801,4.9544290165493824e-05
640,97.57808181900054,7.5418,4.953847506777773e-05
641,97.67316443300024,7.0692,4.9533014568827144e-05
642,97.76847791700038,7.4273,4.9527129876481486e-05
643,97.86241410399998,7.9212,4.952125005543206e-05
644,97.95865394500015,8.0438,4.951544427160491e-05
645,98.05410863199995,7.2054,4.950950771401231e-05
646,98.14910469700044,7.8845,4.950362143746914e-05
647,98.24422745599986,7.3847,4.9497762430123434e-05
648,98.33768584100017,7.6666,4.949188369796295e-05
649,98.43261785300001,7.7588,4.9486101277037016e-05
650,98.52659368100012,7.0631,4.948026002098765e-05
651,98.62199715000042,7.5143,4.947445310358024e-05
652,98.7162293600004,7.4277,4.946856877864197e-05
653,98.81264320399987,7.2176,4.9462736726543176e-05
654,98.90729732100044,7.4696,4.945680621092592e-05
655,99.00142540900015,7.2088,4.9450941563209876e-05
656,99.09673873700012,7.6841,4.9445132835308635e-05
657,99.19133577000048,7.6961,4.943925728716048e-05
658,99.2868267670001,7.6184,4.943340731975308e-05
659,99.38219185000071,7.2604,4.94275211835185e-05
660,99.47883863600055,7.5026,4.942163350166667e-05
661,99.57189921100053,7.453,4.941568103277775e-05
662,99.66382288900058,7.2839,4.940991335067899e-05
663,99.75734493800064,7.5354,4.9404249234197506e-05
664,99.85126907100039,7.9901,4.9398482735246874e-05
665,99.9457504130005,7.7928,4.939268336759259e-05
666,100.03908604800017,7.7315,4.9386860100802454e-05
667,100.13215609800045,7.4586,4.938108426697527e-05
668,100.2283232610007,7.4334,4.9375343586666646e-05
669,100.32558939800037,6.9593,4.936941169580245e-05
670,100.42103698600022,7.4555,4.936340004981481e-05
671,100.5166773030005,7.6685,4.93575132187037e-05
672,100.61129001900008,7.481,4.935161694444442e-05
673,100.70615723900028,7.4351,4.9345767716851845e-05
674,100.80003815200052,6.9691,4.9339912486049384e-05
675,100.89364254500015,7.3179,4.933412258796293e-05
676,100.98731269700056,7.0568,4.9328345864074034e-05
677,101.0754080430006,7.7652,4.932255442302466e-05
678,101.16994835800051,6.8982,4.9317135867037045e-05
679,101.26496080400011,7.4992,4.931127809932099e-05
680,101.35949780900046,7.8486,4.9305421292098724e-05
681,101.45619555800022,7.8921,4.929957433796292e-05
682,101.55107241499991,7.1997,4.92936105309259e-05
683,101.64709719200073,7.8638,4.928774323320986e-05
684,101.74419482800022,7.7892,4.928182787709875e-05
685,101.84017826000036,7.1589,4.927585097975309e-05
686,101.93579855100052,7.6973,4.9269905719135784e-05
687,102.03144985500057,7.0823,4.926401113111112e-05
688,102.12711626300006,7.6937,4.9258101143333294e-05
689,102.22212997600036,7.8418,4.9252199435246884e-05
690,102.31806512900039,7.729,4.9246320657839476e-05
691,102.41373004900015,7.4278,4.92404067909259e-05
692,102.50846165300027,7.2048,4.923450669314813e-05
693,102.60241617300017,6.8488,4.922864640999998e-05
694,102.69597923299989,7.5088,4.9222859366851806e-05
695,102.78964030800034,7.0015,4.9217082622098765e-05
696,102.8823140630002,7.675,4.9211300451481444e-05
697,102.97773521100044,7.8592,4.920558504845679e-05
698,103.07320975400035,7.4115,4.919967727864198e-05
699,103.1663035850006,7.0335,4.919380057950615e-05
700,103.26152830400042,7.4848,4.91880475548765e-05
701,103.35506810000061,6.7823,4.918218134993828e-05
702,103.44905779700002,7.6116,4.917638688358025e-05
703,103.54453042000023,7.3941,4.917059230228393e-05
704,103.63890593700035,7.3191,4.9164706154629636e-05
705,103.73482315000001,7.8577,4.915886911722221e-05
706,103.83098545700068,6.6809,4.9152965152530826e-05
707,103.92647584499991,7.3175,4.9147031685740703e-05
708,104.0209264920004,7.7623,4.914111873185184e-05
709,104.11490678700011,7.0213,4.9135294243271604e-05
710,104.20882456300023,6.65,4.912950212098763e-05
711,104.29774617500061,7.6904,4.9123677508148125e-05
712,104.39430240799993,7.8134,4.91182183630864e-05
713,104.48706276600024,7.3232,4.9112249536296255e-05
714,104.58117622000009,5.7293,4.910650586734565e-05
715,104.67507976500019,5.8846,4.910070627314815e-05
716,104.77026570999988,6.9963,4.909489740827162e-05
717,104.8642711550001,7.3138,4.908904219104937e-05
718,104.95968813800027,7.4226,4.908324308666663e-05
719,105.0566749640002,7.537,4.907734127901233e-05
720,105.1521907740007,6.8113,4.907136245722221e-05
721,105.24789835200045,7.0989,4.9065469722345654e-05
722,105.34344898700056,7.6388,4.9059565116975275e-05
723,105.43899055100064,7.9502,4.9053642696975276e-05
724,105.53500299500047,7.6855,4.9047764142345686e-05
725,105.62996849699994,7.5545,4.9041841042469094e-05
726,105.72472352000023,6.3924,4.903597765808638e-05
727,105.81993788300042,7.8335,4.90301249737037e-05
728,105.91392256400013,7.3698,4.902424856006174e-05
729,106.00845575299991,7.2101,4.9018436074012346e-05
730,106.10450149900043,7.6075,4.901260768493827e-05
731,106.1990982719999,7.1685,4.900668315746911e-05
732,106.29430943800071,6.4726,4.900083571141974e-05
733,106.38972455100065,6.8568,4.899495599617284e-05
734,106.48760547500024,7.9541,4.8989072504691366e-05
735,106.58239139800025,6.9184,4.898303608185185e-05
736,106.67578864400002,6.8821,4.897717258543208e-05
737,106.76986515299996,6.9645,4.897140327950615e-05
738,106.86579373899986,7.6567,4.896560920462962e-05
739,106.96093346100042,7.5281,4.895968702135802e-05
740,107.0546429750002,7.1657,4.895381068043207e-05
741,107.1505593310003,7.6886,4.894802940030865e-05
742,107.24548872500054,6.5275,4.894211556345679e-05
743,107.33987293300015,7.4554,4.893624087882713e-05
744,107.4334950170005,7.5342,4.893042980648149e-05
745,107.52922471700003,6.9686,4.8924644437901197e-05
746,107.62604947300042,6.8963,4.891872473327157e-05
747,107.71841323399985,6.5251,4.891275964037033e-05
748,107.81386258900056,7.5849,4.8907044955864184e-05
749,107.91007364899997,7.54,4.890116757222221e-05
750,108.00569121100034,7.0451,4.8895226128395026e-05
751,108.09934761100067,6.2006,4.888933025117285e-05
752,108.19455784599995,7.42,4.88835409016049e-05
753,108.28956565099998,7.5208,4.8877665957037007e-05
754,108.38282281900047,7.2674,4.887180712425926e-05
755,108.47828740700061,7.3011,4.886603267679012e-05
756,108.57086102799985,6.714,4.886015374358022e-05
757,108.66546127299989,7.2069,4.885442750111109e-05
758,108.76045710700055,7.478,4.884859935216046e-05
759,108.85634636800023,7.3688,4.88427260976543e-05
760,108.95157277399994,6.6889,4.883681789209878e-05
761,109.04471555600048,6.935,4.8830925630617244e-05
762,109.13984369700029,7.8022,4.882516785481478e-05
763,109.2327301940004,7.0928,4.881931731845675e-05
764,109.3258845549999,7.027,4.88135768274691e-05
765,109.42012324200005,7.0388,4.8807824637283936e-05
766,109.51307638900016,5.87,4.880201398691357e-05
767,109.60740713599989,6.8537,4.879626487469136e-05
768,109.70116919400061,7.3797,4.8790454768333335e-05
769,109.79539218300033,7.4775,4.878466075648147e-05
770,109.88865237800019,7.5324,4.87788407711111e-05
771,109.98161594900012,7.3926,4.8773083808148134e-05
772,110.07665841800008,7.1384,4.8767346853765445e-05
773,110.1712555740005,7.0121,4.8761490063209884e-05
774,110.26674426600039,7.7958,4.8755654424320944e-05
775,110.36053320000065,5.7978,4.874976207944442e-05
776,110.45330393099994,7.152,4.8743956539629606e-05
777,110.54716390000067,7.2286,4.8738237901975314e-05
778,110.64039652400061,7.683,4.873244487999997e-05
779,110.73327228400012,6.27,4.8726686963518494e-05
780,110.82931666500008,8.0397,4.872095886141975e-05
781,110.92451607500061,6.6212,4.8715032785308604e-05
782,111.01985221799987,7.8711,4.870914931074076e-05
783,111.11366399800045,6.7317,4.8703272276604906e-05
784,111.20617161900009,6.9259,4.8697476255308605e-05
785,111.2982892630007,7.2977,4.869176240574072e-05
786,111.39474022400009,7.3622,4.868607696148148e-05
787,111.48947747700004,7.3113,4.8680133520493816e-05
788,111.58357638400048,7.7463,4.867427921734569e-05
789,111.67708466100066,6.764,4.8668472375617276e-05
790,111.7714131749999,7.4463,4.8662688438950604e-05
791,111.8671770560004,6.7628,4.865688009203703e-05
792,111.96311718000015,7.0983,4.8650965907962944e-05
793,112.05822807999994,6.0076,4.864504035709874e-05
794,112.15285308400053,7.1246,4.863915245765429e-05
795,112.24731041300038,7.2455,4.863332222104935e-05
796,112.34258437000062,7.1043,4.8627495620617254e-05
797,112.43527847699988,6.3389,4.862160552308642e-05
798,112.5293724130006,6.6537,4.861588480512345e-05
799,112.62431668200043,7.4978,4.8610079506481474e-05
800,112.71891424200021,6.3492,4.860421780549379e-05
801,112.81368660600037,8.0444,4.859838556191357e-05
802,112.90918629400039,7.6502,4.859254431802465e-05
803,113.00471406100041,7.4076,4.858664447802469e-05
804,113.09830796700044,7.3247,4.858075004870371e-05
805,113.19273034400067,7.0744,4.857496104493827e-05
806,113.28833079500055,7.6221,4.8569123409197516e-05
807,113.38455929400061,7.6474,4.85632393837037e-05
808,113.4795436280001,7.2241,4.8557303999506174e-05
809,113.5741737770004,7.3471,4.855143462777775e-05
810,113.66814468600023,6.6814,4.854559155456791e-05
811,113.76335974599988,7.3731,4.853979532913579e-05
812,113.85701599000004,6.7744,4.853392552827161e-05
813,113.9525685790004,7.7483,4.852813093203701e-05
814,114.04663675500069,6.8502,4.852223864777775e-05
815,114.1424251490007,7.552,4.851642947623453e-05
816,114.236849635,7.3584,4.851051949820986e-05
817,114.33021330700012,5.8324,4.850467324425923e-05
818,114.42357663400071,7.8262,4.8498912019074034e-05
819,114.51756533400021,7.1197,4.849315753827162e-05
820,114.61235451300035,7.3158,4.848736288444444e-05
821,114.70762556499994,7.5564,4.848151530691358e-05
822,114.80108552500042,7.3684,4.8475603669012347e-05
823,114.8933043040006,7.3033,4.846985334129627e-05
824,114.98739505000049,6.9555,4.846416002450615e-05
825,115.08017303100041,6.9623,4.8458355946419755e-05
826,115.1757713650004,7.3297,4.845262182734565e-05
827,115.27036019000025,7.1036,4.844672757469136e-05
828,115.3650982650006,7.2976,4.844088458376541e-05
829,115.45996508799999,6.3539,4.843504163716048e-05
830,115.55519054800061,7.3417,4.8429178955123425e-05
831,115.65086062299997,7.682,4.842330910734566e-05
832,115.74599816000045,7.7624,4.841741133697528e-05
833,115.84025047400064,6.3899,4.8411539438950595e-05
834,115.93364363799992,6.9088,4.840570962969134e-05
835,116.02752810200036,7.4297,4.839994954166663e-05
836,116.12253181200049,7.3527,4.8394151108333336e-05
837,116.2160857660001,6.1798,4.838829179623454e-05
838,116.31241360200056,7.5044,4.8382500090493795e-05
839,116.40708977800023,7.2726,4.837657440500001e-05
840,116.50171835400033,6.6619,4.837071363401231e-05
841,116.5964264510003,7.4472,4.836487728999999e-05
842,116.69078363500012,7.3699,4.835903754987652e-05
843,116.78476665500057,6.9986,4.8353199201975305e-05
844,116.87812479700005,6.785,4.8347394627345677e-05
845,116.97036124600072,6.0887,4.8341637155493815e-05
846,117.06601473000046,7.4851,4.833593658864197e-05
847,117.1617551950003,6.7115,4.833005107259256e-05
848,117.2587181050003,7.8179,4.832412388882712e-05
849,117.35493396000038,7.5564,4.831815266574071e-05
850,117.45022386600067,7.2482,4.83122136498148e-05
851,117.54531780200068,7.5319,4.830633365654317e-05
852,117.63939939700049,7.0782,4.830045942969135e-05
853,117.73315893400013,6.636,4.829463807018519e-05
854,117.8297314270003,7.5849,4.828886216493826e-05
855,117.92553467300058,6.9161,4.828291567154321e-05
856,118.02111165499991,7.5498,4.8276982965802473e-05
857,118.11616141300055,7.1131,4.827109358944441e-05
858,118.21199026000068,7.5577,4.8265233593271583e-05
859,118.3077828330006,7.3703,4.825930950364199e-05
860,118.40197048700065,6.9972,4.825339663790124e-05
861,118.49472118799986,7.0374,4.8247577057962945e-05
862,118.5900619160002,7.6625,4.824184348012346e-05
863,118.6855551210001,6.5663,4.823596865098762e-05
864,118.7799627860004,7.8938,4.8230077695617285e-05
865,118.87463400300021,6.965,4.822423802524689e-05
866,118.9692720789999,7.1262,4.8218394955185186e-05
867,119.06458233900048,6.9678,4.8212549762160456e-05
868,119.15971857900058,6.9722,4.820668083796293e-05
869,119.25217683000028,6.9818,4.820079810506174e-05
870,119.3454143910003,7.6956,4.819508622123454e-05
871,119.43847858200024,6.5461,4.818933978783948e-05
872,119.5340258440001,7.1913,4.818359033209876e-05
873,119.62842190900028,5.8511,4.8177702809753045e-05
874,119.72476030300004,7.511,4.817186496907406e-05
875,119.81831783400048,6.3473,4.81659216050617e-05
876,119.9113911710001,7.2145,4.8160143946851813e-05
877,120.00467755499994,7.0697,4.815440899740741e-05
878,120.09655947900046,7.2775,4.8148645514012333e-05
879,120.19363119800073,7.6796,4.814296817043209e-05
880,120.28928925200034,7.818,4.813699029648146e-05
881,120.3835565190002,6.7856,4.81310783604321e-05
882,120.47735468700012,7.2505,4.812525622932097e-05
883,120.57311918400046,7.1126,4.811946689407408e-05
884,120.66617951199987,7.1411,4.811356367246912e-05
885,120.76172227999996,7.3865,4.810781216753084e-05
886,120.8562893190001,7.0878,4.8101927837716054e-05
887,120.94799952599988,7.467,4.80960737434568e-05
888,121.04265028999998,7.4739,4.8090406344444436e-05
889,121.13745500500045,7.3259,4.808456727876541e-05
890,121.23319999900013,6.896,4.807871496172836e-05
891,121.32806041799995,7.4857,4.8072822181172824e-05
892,121.4222782780007,7.6172,4.8066954492160505e-05
893,121.51738847100023,6.6068,4.806114028345679e-05
894,121.61185803600074,7.3029,4.805527428888885e-05
895,121.70654795900009,7.6241,4.8049440359567896e-05
896,121.80076806099987,6.3424,4.804359647024689e-05
897,121.89343047500006,6.799,4.8037777273333304e-05
898,121.98825647800004,7.1148,4.803204688858022e-05
899,122.08109574900027,7.3112,4.802620263370371e-05
900,122.17525476100036,6.3047,4.8020472108209844e-05
901,122.26383446900036,7.1552,4.80146655696296e-05
902,122.3577458610007,5.8336,4.8009201681728386e-05
903,122.45359063400065,7.1595,4.800338255858022e-05
904,122.54882359800013,6.2193,4.79974707267901e-05
905,122.6428954490002,7.2684,4.799159606697529e-05
906,122.73753661000046,7.2296,4.798579280580248e-05
907,122.83219473600002,7.5708,4.7979953439382684e-05
908,122.92753074200027,7.5301,4.797411171351851e-05
909,123.0201531090006,6.9457,4.796823512296293e-05
910,123.11416937300055,6.7945,4.7962491269567865e-05
911,123.20790035100072,6.7675,4.7956706762592555e-05
912,123.30048540200005,5.9312,4.795091562518517e-05
913,123.39517811400037,6.6097,4.7945180634753096e-05
914,123.48975972500011,7.1931,4.793934977419752e-05
915,123.58408177700039,7.0575,4.7933516392592576e-05
916,123.67775592900034,6.3552,4.792769031888889e-05
917,123.77175941400037,6.7581,4.7921912502407386e-05
918,123.86485102500046,6.9792,4.791611091080243e-05
919,123.95910039000046,7.0349,4.79103677041358e-05
920,124.05601617000048,7.3366,4.790455584129626e-05
921,124.15154062500005,6.2799,4.7898561471296277e-05
922,124.24722281200047,7.4339,4.7892666640061724e-05
923,124.34402525200039,7.3498,4.788675443037038e-05
924,124.440686164,7.2942,4.78807895824691e-05
925,124.53444005100027,6.7494,4.7874825084197514e-05
926,124.62862381600007,7.1003,4.786902288191357e-05
927,124.72443414700047,7.2331,4.7863220351728386e-05
928,124.81833426100002,6.6187,4.7857302502283916e-05
929,124.91157277999991,7.1492,4.7851492143641954e-05
930,125.00564702000065,7.0587,4.78457543346296e-05
931,125.1018279130003,7.2045,4.783994472117285e-05
932,125.19593997599986,6.0899,4.783401579932099e-05
933,125.29079096700025,7.6155,4.7828198859197525e-05
934,125.38578847000008,7.5281,4.782235295185184e-05
935,125.4803864760006,6.9629,4.781646676444443e-05
936,125.57503319399984,7.54,4.7810631116049366e-05
937,125.66830709700025,7.4244,4.7804797755555536e-05
938,125.76245048600049,7.0686,4.779903584962961e-05
939,125.85765585599984,7.6502,4.7793220675123426e-05
940,125.95342246500059,7.1995,4.77873583687037e-05
941,126.04805964000025,7.5105,4.778144115475305e-05
942,126.14107585500005,7.1999,4.777559547456787e-05
943,126.23407603099986,6.3782,4.7769858719999984e-05
944,126.3275674330007,7.1737,4.776411231901235e-05
945,126.42129918000046,6.7633,4.775834013888886e-05
946,126.51460213700011,6.8438,4.775255856469133e-05
947,126.61056809999991,7.7919,4.774679687932096e-05
948,126.70648103200074,8.1773,4.7740889855185184e-05
949,126.80194019100054,6.5917,4.773496188604935e-05
950,126.89769299599993,7.7417,4.7729060130308606e-05
951,126.99221951000072,7.081,4.772316440654322e-05
952,127.08802935800031,7.4356,4.771730809574073e-05
953,127.1816865640003,7.8391,4.771140030037034e-05
954,127.27080399100032,7.7076,4.7705606355679e-05
955,127.36711706000006,7.1306,4.7700123158888856e-05
956,127.46285684800023,7.5407,4.769417224432099e-05
957,127.557546774,6.5732,4.768826476308642e-05
958,127.65456875500058,7.5132,4.76824149991975e-05
959,127.74968207700022,6.9496,4.7676418132160497e-05
960,127.84520009400057,7.17,4.767055449512347e-05
961,127.9390078690003,6.7301,4.766466496376544e-05
962,128.033370612,7.3541,4.765886518438268e-05
963,128.12776879000012,7.0462,4.76530479839506e-05
964,128.22143324100034,6.3085,4.7647223062592594e-05
965,128.31417305700052,7.1979,4.764143192074075e-05
966,128.40677281399985,6.9821,4.763570706895061e-05
967,128.5009244339999,7.0338,4.762999302283951e-05
968,128.5948740570002,7.498,4.7624187577283936e-05
969,128.69116814000063,7.5137,4.7618385306543165e-05
970,128.78689068099993,7.5554,4.761245471574074e-05
971,128.88389721300064,7.1929,4.760652687364194e-05
972,128.97935148099987,7.2783,4.7600549490493795e-05
973,129.0744096540002,6.8392,4.75946614208642e-05
974,129.1675805089999,6.9308,4.758877029055552e-05
975,129.26256473800004,6.9815,4.758302053697527e-05
976,129.35758760800036,6.2883,4.757717872290122e-05
977,129.45307580400004,6.5317,4.757129111814816e-05
978,129.5448604840003,6.3246,4.756540601611112e-05
979,129.63853195699994,6.4827,4.755973165308638e-05
980,129.72723220900025,6.7485,4.755396493839507e-05
981,129.82151842500025,6.218,4.754850498438272e-05
982,129.9150000059999,7.3192,4.754266304419751e-05
983,130.0042859820005,7.6246,4.75369000646296e-05
984,130.09899700799997,6.932,4.753139242327159e-05
985,130.19200159400043,7.1559,4.752554405925922e-05
986,130.2863179169999,6.3381,4.7519800034135786e-05
987,130.3826660170007,7.7178,4.7513985762777765e-05
988,130.47797522100063,7.3938,4.750804745820988e-05
989,130.5727182950004,7.3891,4.7502153880493803e-05
990,130.66662133299997,7.2671,4.7496299270740704e-05
991,130.76215580500048,7.5134,4.749050276419754e-05
992,130.85138568500042,7.0729,4.7484608771728355e-05
993,130.9503859180004,7.6121,4.747911086067902e-05
994,131.04599254000004,6.0432,4.747299021876542e-05
995,131.1413024550002,6.9331,4.746708381333334e-05
996,131.23641329600014,7.221,4.7461197021913546e-05
997,131.33044932200028,6.5911,4.7455332238518515e-05
998,131.42358330000025,7.1642,4.744951481438269e-05
999,131.5181157420002,6.9243,4.7443773479259265e-05
1000,131.6130760320002,7.129,4.7437942237962926e-05
1001,131.70776107800066,7.299,4.743207978117285e-05
1002,131.80141950400048,6.461,4.7426239958827124e-05
1003,131.8981751300007,6.6906,4.7420462644814775e-05
1004,131.99322534800012,7.1664,4.741448818092589e-05
1005,132.08769335700072,7.4885,4.740861201604938e-05
1006,132.18294472400066,7.2882,4.740277937679013e-05
1007,132.2778332830003,6.3499,4.7396897683333305e-05
1008,132.36679910300063,7.1047,4.7391035496358024e-05
1009,132.46377538900015,7.1676,4.7385562699753086e-05
1010,132.55960530300035,7.5054,4.737956279499996e-05
1011,132.6533664590006,5.4132,4.7373650759135796e-05
1012,132.7484568310001,7.4795,4.736786322216047e-05
1013,132.8409443290002,7.2451,4.736200086401234e-05
1014,132.9341634729999,6.0703,4.7356272014012354e-05
1015,133.02986123400024,7.3845,4.735052276567898e-05
1016,133.12520432700057,7.0512,4.7344608626049365e-05
1017,133.21949992100053,5.9271,4.733873128493823e-05
1018,133.31536257900007,7.3235,4.7332918358148154e-05
1019,133.41053824900064,6.9194,4.7327005598888855e-05
1020,133.50591590100066,6.966,4.7321126760061706e-05
1021,133.6019935560007,7.1019,4.7315239761234565e-05
1022,133.69736792599997,6.8966,4.7309308748024675e-05
1023,133.79086027700032,6.9424,4.730341626765432e-05
1024,133.88561118000052,7.1841,4.729764552635802e-05
1025,133.97951424200073,7.6769,4.7291803637962924e-05
1026,134.07639664599992,6.6322,4.728599665154322e-05
1027,134.17052869100007,6.8776,4.728002792666668e-05
1028,134.26688532000026,7.5754,4.7274207627222186e-05
1029,134.360859034,5.752,4.726825009296293e-05
1030,134.45747652000045,7.7381,4.726245687271605e-05
1031,134.5532129080002,7.2421,4.725651205339506e-05
1032,134.64958483700048,7.5709,4.7250588040864175e-05
1033,134.74548555399997,6.5832,4.724464696703701e-05
1034,134.84261300100025,7.4303,4.72387196940123e-05
1035,134.93515560300057,6.5504,4.723273284333332e-05
1036,135.02725166100026,6.4496,4.722699607586419e-05
1037,135.1216429340002,7.1638,4.722131807487653e-05
1038,135.21498408800016,7.1982,4.7215501162160465e-05
1039,135.30967247199987,7.5697,4.720972897413576e-05
1040,135.40459854100027,6.7603,4.7203905423456786e-05
1041,135.49981938400015,6.8788,4.719803867049383e-05
1042,135.59361382600036,6.9078,4.7192159080617296e-05
1043,135.68618361900008,6.3437,4.718636225870369e-05
1044,135.7809044200003,7.3748,4.718064304783948e-05
1045,135.87586658500004,7.0968,4.717479835500001e-05
1046,135.97179294499983,7.5629,4.716893918956789e-05
1047,136.0671553150005,7.4045,4.71630277566049e-05
1048,136.1624711860004,7.0309,4.715713788018519e-05
1049,136.2567795240002,5.5354,4.715123931561726e-05
1050,136.34982595600013,6.3497,4.7145421150246896e-05
1051,136.4438835990004,7.0294,4.71396745228395e-05
1052,136.53751101099988,5.0928,4.7133875660864156e-05
1053,136.63337796700034,7.6195,4.712808930623458e-05
1054,136.72946556700026,6.9999,4.712218544154321e-05
1055,136.82366675600042,6.8858,4.7116264398086406e-05
1056,136.91789872800018,6.4737,4.7110437073580204e-05
1057,137.0105509240002,6.589,4.710462037296296e-05
1058,137.10487543599993,6.7131,4.709889481543211e-05
1059,137.20092857100008,6.9541,4.7093084963765445e-05
1060,137.29649284100014,7.1016,4.708714714006172e-05
1061,137.39187870700061,6.0381,4.708125498919754e-05
1062,137.48780198199984,7.3736,4.70753729498765e-05
1063,137.58230916200046,6.5174,4.706944321290124e-05
1064,137.67838191200008,7.0287,4.706360193888884e-05
1065,137.77276219400028,6.5766,4.705768018290122e-05
1066,137.86705451099988,6.0436,4.70518386196296e-05
1067,137.96104435000052,7.5345,4.7046025845493826e-05
1068,138.05384113699984,5.2877,4.7040228758765406e-05
1069,138.14799588799997,6.6829,4.7034489787469124e-05
1070,138.2414017250003,7.0871,4.702868501512343e-05
1071,138.3374532400003,7.424,4.702292061203704e-05
1072,138.43223695300003,7.1645,4.7016998126975275e-05
1073,138.52737297500062,6.9328,4.701114551339507e-05
1074,138.62431256900072,6.5699,4.700528169864199e-05
1075,138.71851556500042,7.5469,4.6999295214259236e-05
1076,138.81339682900034,7.2299,4.699345720746912e-05
1077,138.90971327399984,7.2766,4.6987617851111096e-05
1078,139.0036237280001,6.3353,4.698167486555554e-05
1079,139.10176236900043,7.0803,4.697586036537034e-05
1080,139.19690829000047,6.5033,4.696982397080246e-05
1081,139.29227146100038,7.1102,4.696393414654318e-05
1082,139.38843347400052,6.71,4.69580526261728e-05
1083,139.48234365700046,7.0523,4.695212270462963e-05
1084,139.57821911300016,7.5283,4.694632205074071e-05
1085,139.67385103800007,7.3114,4.694041762117285e-05
1086,139.7685109970007,6.7471,4.6934509698086385e-05
1087,139.8654365600005,7.4233,4.6928662960185144e-05
1088,139.96017905100052,7.1793,4.6922692928209876e-05
1089,140.0542647860002,7.425,4.691682134962961e-05
1090,140.14947421299985,6.8916,4.691101704456787e-05
1091,140.24433449800017,6.8943,4.690515161851849e-05
1092,140.33899029500026,6.8181,4.689927339586418e-05
1093,140.433540817,7.2773,4.6893430274506135e-05
1094,140.52828260000024,6.9973,4.688761158339506e-05
1095,140.62312739200024,6.9619,4.6881758307654314e-05
1096,140.7171351470006,4.9642,4.6875907538641975e-05
1097,140.81141389799996,6.8883,4.68700990545679e-05
1098,140.90719821600032,7.2739,4.686427693475309e-05
1099,141.00165485300022,7.0729,4.6858371176543214e-05
1100,141.09609741300028,7.5805,4.685253565753084e-05
1101,141.19122391600013,6.6007,4.6846709754753096e-05
1102,141.28566150500046,7.0741,4.6840834408148125e-05
1103,141.37947060700026,4.9651,4.6835003724444406e-05
1104,141.4733617840002,6.5763,4.6829213051357984e-05
1105,141.56743745699987,5.8619,4.682341703382716e-05
1106,141.66075555000043,5.0616,4.6817610156543226e-05
1107,141.75520454400066,7.1497,4.681184726549379e-05
1108,141.85059366400037,6.8344,4.680603179111109e-05
1109,141.94400225500067,6.5194,4.6800140807962925e-05
1110,142.03766279400043,7.3436,4.6794360391111105e-05
1111,142.13362553700063,7.4995,4.678858999499998e-05
1112,142.22857355500037,6.7916,4.67826626280864e-05
1113,142.32291632299984,7.2429,4.67767894090123e-05
1114,142.41680717800045,6.8164,4.677097771098763e-05
1115,142.50896857499993,4.5421,4.676518737530864e-05
1116,142.6040514740007,7.1482,4.675948427938271e-05
1117,142.6982698720003,7.2675,4.675363793685185e-05
1118,142.7915150839999,7.1195,4.674781034839507e-05
1119,142.88533058900066,7.2258,4.6742048883209886e-05
1120,142.9784375220006,7.3544,4.673626697845678e-05
1121,143.0714748800001,5.8464,4.673050676567898e-05
1122,143.16634323000017,7.1732,4.672477255351848e-05
1123,143.26307499199993,7.3701,4.671890905308644e-05
1124,143.35294859600072,7.7207,4.671293043499999e-05
1125,143.45006296200063,7.1079,4.670740432777777e-05
1126,143.54547278000064,6.9308,4.67013918365432e-05
1127,143.6412811780001,6.2327,4.66954952447531e-05
1128,143.7365412830004,7.0301,4.6689597557345646e-05
1129,143.83231810100006,6.4412,4.668371654740738e-05
1130,143.92667530900053,6.96,4.6677800224012326e-05
1131,144.02237070899992,6.8053,4.66719768017284e-05
1132,144.11689981200016,6.1228,4.6666076960555526e-05
1133,144.21230818599997,7.1986,4.666022385561726e-05
1134,144.30705899700024,6.4721,4.6654334375493817e-05
1135,144.40063212699988,6.5616,4.664849111802467e-05
1136,144.48948604399993,7.2238,4.6642719106358016e-05
1137,144.58572669300065,7.1117,4.663726034820987e-05
1138,144.68293058500058,7.1868,4.663130760345677e-05
1139,144.77753656700042,6.5079,4.6625301095740735e-05
1140,144.87283376200048,7.7052,4.6619448456913574e-05
1141,144.96784078200017,6.7275,4.66135822389506e-05
1142,145.06386867200035,6.6898,4.660770812777774e-05
1143,145.1580332070007,6.9027,4.6601788376172826e-05
1144,145.25172243199995,7.0333,4.659596850327158e-05
1145,145.3448607090004,6.2578,4.6590189517592584e-05
1146,145.43948269400062,7.3425,4.6584439127345665e-05
1147,145.53518470700055,6.6242,4.6578603973333335e-05
1148,145.63034541600064,7.3655,4.65727001212963e-05
1149,145.72533132800072,6.4716,4.65668095091358e-05
1150,145.8204044160002,6.3073,4.656096012265433e-05
1151,145.91054200500002,7.0685,4.6555089446419744e-05
1152,146.00523737000003,6.778,4.6549529256975313e-05
1153,146.10070737000024,6.9061,4.654366950259255e-05
1154,146.1952790410005,7.0076,4.6537786912654326e-05
1155,146.29142175500056,7.3142,4.653193992648147e-05
1156,146.38758547199996,7.5307,4.652602246549381e-05
1157,146.48534894000022,7.4297,4.652007819648145e-05
1158,146.58333924900035,6.706,4.651404777975305e-05
1159,146.67819038500056,7.1677,4.650799164549381e-05
1160,146.7735681080003,7.5996,4.6502134366851856e-05
1161,146.87001947499994,6.3127,4.6496255116604894e-05
1162,146.96759768900029,7.1421,4.649030016808641e-05
1163,147.0630311949999,7.1247,4.6484276289074055e-05
1164,147.1577723090004,6.5002,4.6478381772469145e-05
1165,147.25444808500015,7.3609,4.6472532213148144e-05
1166,147.35035215400057,6.4422,4.6466571235493835e-05
1167,147.44394671700047,6.2798,4.6460640469814776e-05
1168,147.53805589600051,7.0095,4.6454862229506156e-05
1169,147.63521526500062,6.1546,4.6449050657592584e-05
1170,147.73122789900026,6.5935,4.6443050965679026e-05
1171,147.82390451500032,7.4049,4.643713198740741e-05
1172,147.91689610100002,6.2579,4.643140075938273e-05
1173,148.01236016700022,7.177,4.642565866987652e-05
1174,148.10850060400026,7.3222,4.641978294777778e-05
1175,148.20250268600012,6.8817,4.64138578e-05
1176,148.29822160300046,7.2235,4.6408028791049365e-05
1177,148.39284876800048,6.6445,4.64021359517901e-05
1178,148.48848200300017,7.0372,4.639628470672837e-05
1179,148.5823633509999,6.5055,4.6390388956790083e-05
1180,148.6754317370005,5.9338,4.6384591889444455e-05
1181,148.76908613600062,6.7001,4.63788481283333e-05
1182,148.8655228410007,6.7898,4.6373061205061694e-05
1183,148.9611193310002,6.7042,4.636711250969133e-05
1184,149.05752835300063,6.7756,4.636121240728395e-05
1185,149.15298608500052,7.144,4.635527467592589e-05
1186,149.2424317519999,6.7226,4.634936548919754e-05
1187,149.33805041300002,7.4816,4.634386313530864e-05
1188,149.43358770900068,7.186,4.6337946422592586e-05
1189,149.52843995900002,7.1358,4.6332046853456766e-05
1190,149.62190021400056,6.8165,4.6326192592469116e-05
1191,149.7160246500007,7.0293,4.632042181537038e-05
1192,149.80950626699996,5.9223,4.631461354339502e-05
1193,149.9026232240003,6.4411,4.6308840670555566e-05
1194,149.99765013400065,7.2276,4.630308888987651e-05
1195,150.0943680270002,7.1255,4.629723329407406e-05
1196,150.1895454510004,7.2581,4.629126565635803e-05
1197,150.28369110600033,6.7132,4.628538031475307e-05
1198,150.37882777600043,6.7403,4.627956398228395e-05
1199,150.4742049030001,6.8411,4.6273699521358016e-05
1200,150.56994984799985,6.7797,4.6267821461049346e-05
1201,150.6629180509999,5.6998,4.6261906240617274e-05
1202,150.7583376749999,6.403,4.625616221395062e-05
1203,150.85252618400045,6.5586,4.625028851709875e-05
1204,150.94613264100008,7.1578,4.624445920981481e-05
1205,151.03887662800025,6.5319,4.6238670425987655e-05
1206,151.13331077100065,6.898,4.623295358104938e-05
1207,151.22891985200022,7.5136,4.622712016777774e-05
1208,151.32279616300002,6.3056,4.62212322430864e-05
1209,151.41690785100036,6.8549,4.621542684493823e-05
1210,151.51284968600066,7.2946,4.620961909086418e-05
1211,151.60935505100042,7.2107,4.620370272037033e-05
1212,151.7049848630004,7.188,4.6197750743518484e-05
1213,151.79911057500067,6.985,4.6191847060246895e-05
1214,151.89624267599993,6.4606,4.61860276383333e-05
1215,151.99406632699993,6.9825,4.618004030814816e-05
1216,152.08926169900042,6.501,4.617400801722223e-05
1217,152.17879633700068,7.2636,4.616811725987651e-05
1218,152.2733040840003,7.5373,4.6162606434382714e-05
1219,152.3671115140005,6.7152,4.615674362327158e-05
1220,152.46005214200068,6.8645,4.6150957653148124e-05
1221,152.55613811000057,7.1322,4.614522985932098e-05
1222,152.6514743630005,5.9019,4.613930580216046e-05
1223,152.74005416900036,6.8538,4.61334137746296e-05
1224,152.83590450800057,6.6682,4.612796712783952e-05
1225,152.9321500040005,6.3432,4.6122032472592564e-05
1226,153.02957825800058,7.0284,4.611609109148144e-05
1227,153.1248212999999,7.2519,4.611008543740742e-05
1228,153.221840616,7.2603,4.610419565709873e-05
1229,153.3170824580002,5.7197,4.609821647808643e-05
1230,153.41362457300056,7.0487,4.6092306693950596e-05
1231,153.51037324200024,5.7644,4.608636836611109e-05
1232,153.60600451100072,7.2176,4.608040508666667e-05
1233,153.7004243850006,6.5149,4.607449967253088e-05
1234,153.79444592400068,7.3712,4.606865389691354e-05
1235,153.88965379599995,6.631,4.606285833487652e-05
1236,153.98739855400072,6.7936,4.605697449074072e-05
1237,154.0859139439999,7.053,4.605094124524688e-05
1238,154.18210127800012,6.7634,4.604486054493823e-05
1239,154.27820475600038,6.9766,4.603892886722221e-05
1240,154.37450882800022,6.4432,4.603298781419749e-05
1241,154.46992820300056,6.7416,4.6027058726604924e-05
1242,154.5644519440002,7.5596,4.6021155646543165e-05
1243,154.65779614300027,6.2278,4.60153252567284e-05
1244,154.7508952320004,5.3434,4.60095619151852e-05
1245,154.84058502600055,7.2224,4.600380561462962e-05
1246,154.93719231200066,6.9096,4.599828882327158e-05
1247,155.03241475699997,7.2957,4.599230564864195e-05
1248,155.1281407180004,7.1065,4.598643220055552e-05
1249,155.2240268129999,6.9775,4.5980532571049344e-05
1250,155.32107823500064,6.8158,4.5974610495925925e-05
1251,155.4181969629999,6.5356,4.5968617628209865e-05
1252,155.51425952499994,6.3238,4.5962629158641985e-05
1253,155.61095316299998,7.5087,4.5956700704382685e-05
1254,155.7065355600007,6.9336,4.595072834814812e-05
1255,155.80085966500064,4.9641,4.594482261641975e-05
1256,155.89593379600046,7.0023,4.5939001279259266e-05
1257,155.98853192800016,4.834,4.593313567240739e-05
1258,156.08271610200063,6.7709,4.5927403117530834e-05
1259,156.17911463400014,7.7593,4.592160991197528e-05
1260,156.26980210000056,6.8541,4.5915664848148144e-05
1261,156.36615038200034,6.8315,4.591006358722221e-05
1262,156.46174527600033,6.606,4.590410974074075e-05
1263,156.55565624500014,6.5215,4.5898209245493816e-05
1264,156.6537687660002,7.0313,4.589239223462963e-05
1265,156.7504927529999,6.8412,4.588636378697528e-05
1266,156.84848573199997,6.8099,4.588037421814814e-05
1267,156.94573209300052,6.6208,4.587432967919754e-05
1268,157.04215642100007,5.5384,4.586832532604935e-05
1269,157.13627503899988,7.0229,4.586236912925926e-05
1270,157.23299055500047,6.983,4.5856543616851854e-05
1271,157.3316217219999,6.4872,4.585059760413576e-05
1272,157.4231757840007,7.134,4.58445148357407e-05
1273,157.5182044560006,6.8863,4.5838867964753094e-05
1274,157.61609850500008,6.2835,4.5832980738209866e-05
1275,157.7147773780007,6.9036,4.582696248160495e-05
1276,157.8111114250005,7.4212,4.582086554549379e-05
1277,157.90697037600057,6.7393,4.581490889827157e-05
1278,158.00340742000026,7.1881,4.580899623364194e-05
1279,158.10150835200056,6.5369,4.580304210419753e-05
1280,158.19782010000017,6.4816,4.579699621820987e-05
1281,158.29139667500021,7.0655,4.579104049938271e-05
1282,158.3867532029999,6.3734,4.5785244611172825e-05
1283,158.48295282800063,6.6971,4.577937963086417e-05
1284,158.57913702299993,7.7407,4.5773443176481465e-05
1285,158.67289395100033,6.8061,4.576749688061727e-05
1286,158.76761469200028,6.554,4.576171664975307e-05
1287,158.86513033200026,6.9061,4.575587094555555e-05
1288,158.95964180300052,6.9167,4.5749855073888884e-05
1289,159.052760691,6.7178,4.574401197333334e-05
1290,159.1483080020007,6.9307,4.573826813753082e-05
1291,159.2428718400006,5.4392,4.5732368925432076e-05
1292,159.33938629500062,6.7794,4.5726523949567905e-05
1293,159.4351511370005,6.4265,4.572057753141973e-05
1294,159.53031320300033,7.4141,4.5714668029567864e-05
1295,159.62536629100032,6.9888,4.570878566716046e-05
1296,159.72025943500012,6.1974,4.570292917537037e-05
1297,159.81653904799987,7.4322,4.5697063065925894e-05
1298,159.91272785300043,7.3446,4.5691122321975316e-05
1299,160.00774848499987,6.5701,4.5685188555678985e-05
1300,160.1022781720003,6.4968,4.5679312201234524e-05
1301,160.19645096300064,6.4839,4.567348487358023e-05
1302,160.29413040100007,7.713,4.566766012030864e-05
1303,160.39045018200068,7.0812,4.5661646305802444e-05
1304,160.48631744500017,7.0146,4.565569222975307e-05
1305,160.58396854700004,6.8072,4.564977832228393e-05
1306,160.68012622700007,7.2222,4.564374780370369e-05
1307,160.77429422800014,4.4387,4.563780807506169e-05
1308,160.86720707800032,7.4783,4.563199562833329e-05
1309,160.96325508100017,7.1172,4.562625525197527e-05
1310,161.0595840980004,6.3718,4.562034098679008e-05
1311,161.15555852500074,6.7567,4.5614396761296256e-05
1312,161.25149057100043,6.524,4.560846727993824e-05
1313,161.34794610900008,6.625,4.560254516845676e-05
1314,161.44458477700027,7.231,4.55965882493827e-05
1315,161.54173201200047,6.8492,4.5590630166975306e-05
1316,161.63704070400036,6.7421,4.558463821895062e-05
1317,161.73349674600013,7.417,4.557874167518515e-05
1318,161.82910753000033,6.1926,4.5572796223456786e-05
1319,161.92542709999998,7.531,4.556689135308643e-05
1320,162.02118569600043,6.9927,4.556095111111108e-05
1321,162.11726184100007,7.369,4.5555038641975314e-05
1322,162.21343285700004,6.8396,4.554911064524692e-05
1323,162.30922553800065,7.1645,4.554317224376541e-05
1324,162.40618048800025,7.0194,4.553725438512343e-05
1325,162.5038420460005,6.9951,4.553127922870368e-05
1326,162.5989518740007,6.6382,4.5525242851234526e-05
1327,162.69450912400043,7.3145,4.551936570203705e-05
1328,162.7902691090003,6.0919,4.551347342870368e-05
1329,162.88632387899997,6.5532,4.5507560341481484e-05
1330,162.9812823580005,6.9559,4.550163431327157e-05
1331,163.07708319300036,5.9009,4.549576814104939e-05
1332,163.1738347569999,7.0504,4.548985998845677e-05
1333,163.2701393770003,7.4942,4.5483884820308634e-05
1334,163.36558191099994,7.3422,4.54779399200617e-05
1335,163.46084537600018,7.0906,4.547204117117282e-05
1336,163.5561010930005,7.441,4.5466164356172824e-05
1337,163.64979240400044,7.8719,4.546028038580247e-05
1338,163.7464865460006,7.0185,4.5454498545925926e-05
1339,163.84226844000023,6.0212,4.544854725771602e-05
1340,163.937339522,6.3575,4.544262320851852e-05
1341,164.03299988400067,7.416,4.5436751685987655e-05
1342,164.1293841659999,7.2736,4.543085343913581e-05
1343,164.22693803699985,6.845,4.542490890851853e-05
1344,164.32334164200074,6.5597,4.541886656888886e-05
1345,164.41945283699988,6.7244,4.541291396567903e-05
1346,164.515998631,7.6197,4.5406983407901246e-05
1347,164.61287919200004,7.2603,4.5401029872098747e-05
1348,164.70862517500063,5.5403,4.5395057565617246e-05
1349,164.80378410699996,6.855,4.5389136482283925e-05
1350,164.8997134880001,7.3857,4.53832660530247e-05
1351,164.99726715900033,6.8221,4.537734866185182e-05
1352,165.09378142100013,7.124,4.537132557253087e-05
1353,165.19006016300045,6.1904,4.536536148876543e-05
1354,165.2842132270007,6.1822,4.535943077549381e-05
1355,165.38210817400068,7.2377,4.535360479956788e-05
1356,165.47850614800063,5.9509,4.534757730395058e-05
1357,165.57321124999999,6.0098,4.534161466993827e-05
1358,165.66886315800002,6.7215,4.5335776600617254e-05
1359,165.76542834700012,6.3059,4.5329877861913586e-05
1360,165.8619088410005,6.3778,4.532391957024691e-05
1361,165.95819091000067,6.4093,4.531795332043208e-05
1362,166.05562011600068,7.7882,4.531200848666663e-05
1363,166.15134650600066,7.4006,4.530600822956791e-05
1364,166.24676469800033,7.3928,4.53000840091975e-05
1365,166.3419045290002,5.9582,4.529419612827159e-05
1366,166.43615839300037,7.3973,4.528832008975309e-05
1367,166.52614161100064,7.1944,4.528249840277775e-05
1368,166.62226056300005,5.9558,4.527696023629626e-05
1369,166.71847555900058,7.1606,4.5271019775925906e-05
1370,166.8151257770005,6.4439,4.526508558413579e-05
1371,166.910971624,6.6709,4.52591089702469e-05
1372,167.0066049550005,6.6055,4.5253190085617245e-05
1373,167.10435943100038,6.8915,4.524729057913579e-05
1374,167.1997725000001,7.0639,4.5241271548086415e-05
1375,167.28909002700038,7.277,4.523535990246913e-05
1376,167.38737701100035,7.2442,4.5229874792654294e-05
1377,167.48373539400018,6.0185,4.5223790727530874e-05
1378,167.58102429500013,5.7579,4.5217832762222215e-05
1379,167.67835621799986,6.4327,4.52118298069753e-05
1380,167.77439727300043,6.2316,4.520582955870368e-05
1381,167.87185368300015,7.2934,4.519990355574071e-05
1382,167.96973431100014,6.3607,4.5193885953703676e-05
1383,168.06605088500055,7.4592,4.5187842487839474e-05
1384,168.16357670100024,7.4323,4.518189664839504e-05
1385,168.25920498699998,7.0206,4.51758805643827e-05
1386,168.35463368100045,6.6067,4.516996955111109e-05
1387,168.45015854099984,6.7967,4.51640705617901e-05
1388,168.54766702300003,7.1485,4.51581796687654e-05
1389,168.64265199000056,7.6117,4.51521795504938e-05
1390,168.73957600999984,6.426,4.514630147617285e-05
1391,168.83646892600063,7.6004,4.51403080778395e-05
1392,168.9315699280005,6.3272,4.5134331819012356e-05
1393,169.02800943800048,6.5921,4.512846052512346e-05
1394,169.1246723660006,7.1343,4.512252050919752e-05
1395,169.214604236,7.3872,4.511654995339507e-05
1396,169.31240465100018,7.0864,4.5111011121049376e-05
1397,169.40992167400054,6.6644,4.5104967007901224e-05
1398,169.5041047780005,6.1792,4.50989492821605e-05
1399,169.598272964,6.7652,4.509311657209877e-05
1400,169.69295571400016,6.5672,4.508731582475309e-05
1401,169.7882571050004,6.1458,4.508147363975308e-05
1402,169.8833007860003,6.8831,4.507559043166667e-05
1403,169.9796700679999,7.4345,4.5069725781543214e-05
1404,170.07627421600046,5.5092,4.5063776853888854e-05
1405,170.17084563500066,5.8267,4.505780996388885e-05
1406,170.26618201200017,7.5482,4.5051967126728365e-05
1407,170.3615552930005,7.0459,4.5046093810678994e-05
1408,170.4575992630007,7.0367,4.5040202921975293e-05
1409,170.55469931300013,7.4014,4.503426510450616e-05
1410,170.64912263299993,6.9642,4.5028281218086385e-05
1411,170.74672802199984,7.0172,4.502244501388889e-05
1412,170.8429575400005,7.5009,4.5016429393086406e-05
1413,170.93675324500055,7.1886,4.50104819693827e-05
1414,171.03178243100047,6.7972,4.500468038611108e-05
1415,171.12185551699986,7.0292,4.499882375382713e-05
1416,171.21860775700043,7.3584,4.499327152327158e-05
1417,171.31468394000058,7.3622,4.498729375179013e-05
1418,171.41378883900052,6.2439,4.4981378164876545e-05
1419,171.50971613300044,6.4565,4.497524178277779e-05
1420,171.6070951950005,6.5437,4.4969319482098724e-05
1421,171.70373297400056,5.9249,4.4963321086296294e-05
1422,171.7975813060002,6.0379,4.495735646839505e-05
1423,171.89259170600053,4.8231,4.4951546096666636e-05
1424,171.98864503000004,6.828,4.494568342993823e-05
1425,172.083458866,6.2525,4.4939759685925886e-05
1426,172.18022341699998,6.9277,4.493390735901234e-05
1427,172.2776140750002,5.9205,4.4927938622839485e-05
1428,172.36813480399996,7.0853,4.4921932304074056e-05
1429,172.46500122500038,7.0696,4.491634774407408e-05
1430,172.55916270299986,6.9043,4.491035348222222e-05
1431,172.652820669,5.2786,4.4904530509074064e-05
1432,172.74805612399996,6.9103,4.489875140703702e-05
1433,172.8378192170003,6.6034,4.48928774689506e-05
1434,172.93486335800026,7.3456,4.488735241691358e-05
1435,173.03208755600008,7.2289,4.488135776845675e-05
1436,173.1283306989999,6.7468,4.487535133746911e-05
1437,173.2182497950007,6.915,4.48694155411728e-05
1438,173.31610495299992,6.6935,4.486386976771602e-05
1439,173.41256587299995,6.9344,4.485782266006173e-05
1440,173.50725033900017,6.3342,4.4851863487345694e-05
1441,173.60308811100003,6.3892,4.484601691882717e-05
1442,173.6977287310001,6.2724,4.48401075685802e-05
1443,173.79342964700027,7.5368,4.483425642216047e-05
1444,173.8896509740007,6.9023,4.4828358373271595e-05
1445,173.98290607700073,5.4511,4.482242292734566e-05
1446,174.07718434300023,6.6049,4.481664316679009e-05
1447,174.17006859400044,5.752,4.481083811104939e-05
1448,174.26644413800022,6.9237,4.4805096134320965e-05
1449,174.36124345900043,6.9981,4.479914183592591e-05
1450,174.45558780300053,7.2158,4.479329446462959e-05
1451,174.54584566999984,7.7632,4.478747758191354e-05
1452,174.64145793700027,7.2123,4.4781924704938276e-05
1453,174.7377867060004,7.0667,4.477600641172838e-05
1454,174.83490900700053,6.6616,4.4770059802716015e-05
1455,174.93195564400048,6.4666,4.476406088265428e-05
1456,175.0304726710001,7.2878,4.4758063728641946e-05
1457,175.12641328100017,6.8358,4.4751991161913536e-05
1458,175.22172292100004,7.0736,4.4746060337160495e-05
1459,175.3191476310003,7.1864,4.474018475216045e-05
1460,175.41525666500002,6.6746,4.4734178973518496e-05
1461,175.50984582,5.8681,4.4728241049691366e-05
1462,175.60562623500027,7.0961,4.472239990925927e-05
1463,175.69596186299987,6.8143,4.471649321512342e-05
1464,175.7933344660005,5.6112,4.471092702191358e-05
1465,175.88775734000046,7.0588,4.470489759327157e-05
1466,175.98281531000066,7.2844,4.4699069724012344e-05
1467,176.07880088900038,6.8833,4.4693199791111085e-05
1468,176.17676859200037,6.5595,4.468728336271605e-05
1469,176.27499089400044,6.7454,4.4681241863765406e-05
1470,176.37288822700066,7.0017,4.467518373080246e-05
1471,176.46748847900017,6.6822,4.4669130365432075e-05
1472,176.56420157000048,5.6855,4.466327774308641e-05
1473,176.6604754150003,6.2922,4.4657323579876506e-05
1474,176.75711857700026,6.4281,4.465138639870368e-05
1475,176.85172893800063,6.7606,4.464541374425922e-05
1476,176.94729499500045,7.168,4.463955735580244e-05
1477,177.04386942200017,6.8256,4.4633668987839495e-05
1478,177.1389854530007,6.629,4.46277157625926e-05
1479,177.23553527900003,6.3935,4.462182671765429e-05
1480,177.33115057900068,6.8481,4.461587348444443e-05
1481,177.4263112130002,6.4073,4.4609976454382696e-05
1482,177.52418749700064,7.1623,4.4604106189074036e-05
1483,177.62078324100003,6.4157,4.4598055795740724e-05
1484,177.71897332000026,7.2784,4.4592091664938236e-05
1485,177.81494183199993,6.5827,4.4586040516172844e-05
1486,177.90974305200052,6.344,4.458011803870368e-05
1487,178.00730532000034,7.2316,4.45742537424691e-05
1488,178.10086651300026,3.8295,4.456823638450614e-05
1489,178.19303374799983,5.6709,4.456245435376539e-05
1490,178.28916445200048,6.9112,4.455676224290124e-05
1491,178.38480424099998,6.2922,4.455084354135803e-05
1492,178.48298325500036,7.1757,4.454493037648145e-05
1493,178.57999904900043,7.0463,4.453888416456789e-05
1494,178.67602086199986,6.7767,4.453290073172838e-05
1495,178.76835642400056,5.1905,4.45269571972222e-05
1496,178.86384556400026,6.7828,4.4521239942037027e-05
1497,178.96141211800023,7.112,4.451537048320988e-05
1498,179.05616463500064,6.8883,4.4509338997901226e-05
1499,179.151990673,6.902,4.450348703481482e-05
1500,179.2505467990004,6.9084,4.4497585141296295e-05
1501,179.34885755800042,6.2765,4.449151237265428e-05
1502,179.44740452000042,7.1939,4.4485434171172835e-05
1503,179.53801116000068,6.8485,4.4479354422160496e-05
1504,179.63514525500068,7.0975,4.447376384024687e-05
1505,179.73048085400023,7.1387,4.446775952209874e-05
1506,179.82728731499992,7.0721,4.446187634055554e-05
1507,179.9231032990001,7.0918,4.4455893644506173e-05
1508,180.0188529040006,6.1668,4.444997653179009e-05
1509,180.11367044899998,6.553,4.4444071369691336e-05
1510,180.20991658500043,6.1694,4.443821428635798e-05
1511,180.30588258100033,6.5324,4.443227543685186e-05
1512,180.40168433100007,6.6408,4.442635191574072e-05
1513,180.4984315190004,7.4938,4.44204385382716e-05
1514,180.59266832899993,4.7105,4.441447165925924e-05
1515,180.68586589200004,6.1032,4.440864321487655e-05
1516,180.781141853,7.3349,4.4402893104197516e-05
1517,180.8771755100006,7.5219,4.439701727962961e-05
1518,180.9734900350004,7.2381,4.4391072554135804e-05
1519,181.07066246900013,6.9554,4.4385138523950593e-05
1520,181.16160999900058,6.9154,4.437914989265429e-05
1521,181.2603741820003,6.6235,4.437353598765432e-05
1522,181.3575142160007,7.0341,4.4367431844382706e-05
1523,181.45456582099996,5.957,4.436143443802467e-05
1524,181.55139408300056,7.5253,4.435545050320989e-05
1525,181.64868739800022,6.5779,4.4349469820864205e-05
1526,181.7459055420004,6.5025,4.434345583030863e-05
1527,181.8449359440001,6.4984,4.433745610320986e-05
1528,181.94075449400043,6.6971,4.433135326351852e-05
1529,182.03737345300033,6.6154,4.432543611925925e-05
1530,182.13332598600027,7.1379,4.43194661985185e-05
1531,182.22769438700016,6.394,4.431354435802467e-05
1532,182.32203060600023,5.3099,4.430771340524688e-05
1533,182.41699569699995,7.1513,4.4301890500987614e-05
1534,182.51372721100051,7.0143,4.429602622654318e-05
1535,182.6093824590007,5.9386,4.429006722395059e-05
1536,182.7055375150003,7.1154,4.4284166288395046e-05
1537,182.79847277099998,4.9682,4.4278230198395046e-05
1538,182.89111095600038,5.6104,4.4272470364814784e-05
1539,182.98585365300005,4.566,4.42667621887037e-05
1540,183.08101274599994,6.2637,4.426090786296294e-05
1541,183.1781198210001,7.0618,4.4255035752222216e-05
1542,183.27345028800028,5.8983,4.4249058693086384e-05
1543,183.37157298400052,7.2596,4.424316241666665e-05
1544,183.4684362500002,6.6231,4.423711490234567e-05
1545,183.5631261030003,6.298,4.423112571654319e-05
1546,183.65959428400038,5.4777,4.4225285476234575e-05
1547,183.7569882300004,6.1316,4.42193378459259e-05
1548,183.85394964399984,6.4168,4.421333020672839e-05
1549,183.9501888170007,5.9639,4.420734124432099e-05
1550,184.04321809900011,4.9014,4.4201394109753065e-05
1551,184.13672555799985,6.2492,4.419563703018518e-05
1552,184.23072549900007,6.487,4.4189869146851854e-05
1553,184.32633287099998,5.8396,4.418405982907408e-05
1554,184.42033513500064,6.4656,4.417817592660491e-05
1555,184.51659658300014,6.1887,4.417236569537035e-05
1556,184.61325215299985,6.1399,4.416643172512343e-05
1557,184.70989818700036,6.3807,4.4160470867592595e-05
1558,184.8079158340006,6.2837,4.415449699413577e-05
1559,184.90531032200033,7.3,4.41484568821605e-05
1560,184.9997216110005,6.5603,4.4142428028641954e-05
1561,185.09586045500055,7.376,4.4136599366172815e-05
1562,185.19183954300024,6.679,4.4130673177407385e-05
1563,185.2826514819999,6.534,4.412474727993828e-05
1564,185.37376383399987,7.0414,4.4119142292962964e-05
1565,185.46946405800009,6.4198,4.4113525002037005e-05
1566,185.56502500100032,6.9988,4.4107591929074085e-05
1567,185.66316370100049,6.7747,4.4101701061357984e-05
1568,185.75741061400004,4.9325,4.4095664853765436e-05
1569,185.8554517120001,7.5993,4.408982300407405e-05
1570,185.95286128600037,6.7524,4.408379505302469e-05
1571,186.0494932900001,6.0904,4.407777216604936e-05
1572,186.14572360000057,6.3479,4.4071812343456796e-05
1573,186.2428729050007,6.6989,4.406587305820985e-05
1574,186.340517396,7.2991,4.4059876655925884e-05
1575,186.4372475,6.8128,4.405384445549384e-05
1576,186.53423648800072,7.1505,4.404787644395061e-05
1577,186.63087456700032,6.4842,4.4041892763765435e-05
1578,186.72746619200007,6.6995,4.403592927006174e-05
1579,186.82181073399988,6.1966,4.402996491296293e-05
1580,186.919442677,6.9344,4.402412417246911e-05
1581,187.01417024800048,6.641,4.4018110115987635e-05
1582,187.11056610700052,6.6933,4.40122426011111e-05
1583,187.20690908000051,6.6746,4.4006304432160496e-05
1584,187.30444965400056,6.5378,4.400035433716048e-05
1585,187.3994881360004,7.0138,4.3994346522716025e-05
1586,187.494127295,6.3197,4.398847378012345e-05
1587,187.59059167500072,7.0865,4.398263104111108e-05
1588,187.68524772199999,6.1612,4.3976677849691335e-05
1589,187.78148129300007,6.3271,4.397082872351847e-05
1590,187.87903250599993,6.6281,4.396490225475309e-05
1591,187.97723911400044,7.3312,4.395887388672837e-05
1592,188.072628506,6.0987,4.395281900432099e-05
1593,188.16698939700018,6.5584,4.394692464209876e-05
1594,188.26427529400007,6.4742,4.394109957327157e-05
1595,188.3606371830001,6.8564,4.39351069004321e-05
1596,188.45474700900013,5.4536,4.392913972456786e-05
1597,188.55019927300054,6.5055,4.392332644438273e-05
1598,188.64815963799992,7.2823,4.3917448791913544e-05
1599,188.7461726520005,6.8019,4.391140645858022e-05
1600,188.84211520999997,6.6528,4.390535261728395e-05
1601,188.93875499100068,6.1409,4.3899417299999976e-05
1602,189.03615834300035,7.2579,4.3893465231357997e-05
1603,189.13063347500065,7.2069,4.388745075938269e-05
1604,189.22579319600027,6.3995,4.388159798604939e-05
1605,189.32223385100042,6.5008,4.38757426141358e-05
1606,189.41975316200023,5.5499,4.386978407512344e-05
1607,189.51564469300047,6.5515,4.3863761322839505e-05
1608,189.60954563700034,6.7347,4.3857837990185154e-05
1609,189.7034765260005,6.4703,4.38520500071605e-05
1610,189.79998183499993,6.1312,4.3846256745061714e-05
1611,189.89683452700046,7.1415,4.384029357364195e-05
1612,189.99334277700018,6.7218,4.38343251784568e-05
1613,190.0883408010004,7.2632,4.38283638316049e-05
1614,190.1842179940004,6.0295,4.382249506222218e-05
1615,190.27965290700013,6.081,4.3816578216358015e-05
1616,190.37370375499995,6.2197,4.381069065228396e-05
1617,190.4713840889999,6.7495,4.380488514858023e-05
1618,190.5694053699999,7.0802,4.37988699150617e-05
1619,190.66528534400004,6.0554,4.379280832296293e-05
1620,190.7596305980005,5.0561,4.3786879657222196e-05
1621,190.85506841799997,6.5348,4.3781061015432066e-05
1622,190.95408852699984,6.7813,4.377517221567898e-05
1623,191.05110462300036,6.2411,4.3769054944074065e-05
1624,191.14691770199988,5.5055,4.376306578271605e-05
1625,191.2422709170005,6.7861,4.3757150529197507e-05
1626,191.3406766369999,6.8468,4.375126752888887e-05
1627,191.43642323800032,6.4037,4.37452004432716e-05
1628,191.53394695299994,6.8563,4.37392708231481e-05
1629,191.63047862200074,5.8137,4.3733264390617245e-05
1630,191.72547395200036,6.1799,4.372730324919752e-05
1631,191.81867695100027,5.7698,4.372143561092591e-05
1632,191.91570802000024,7.1836,4.3715667071358015e-05
1633,192.0107275950004,6.5884,4.37096996448765e-05
1634,192.1065792770005,7.2106,4.370382941827161e-05
1635,192.20377949300018,5.1969,4.3697915374567864e-05
1636,192.29940455999986,6.8376,4.369191730283951e-05
1637,192.39537505499993,6.9,4.368601492345679e-05
1638,192.49344109600042,6.6442,4.36801031187654e-05
1639,192.58873836100065,6.1433,4.3674051941604916e-05
1640,192.68213912800002,6.6398,4.366814846518514e-05
1641,192.7765831020006,6.965,4.3662373827160474e-05
1642,192.87267445500038,5.829,4.365654904932095e-05
1643,192.96774751700013,6.1711,4.3650622724382724e-05
1644,193.06343440399996,6.2634,4.36447536885185e-05
1645,193.1606423990006,7.2149,4.36388496959259e-05
1646,193.25689290300033,5.9827,4.363285287166665e-05
1647,193.35267449999992,7.1218,4.362690488185185e-05
1648,193.44643823200022,4.3333,4.36209911406173e-05
1649,193.54172768300032,6.2568,4.361519444580243e-05
1650,193.63590458999988,6.0245,4.3609326160678986e-05
1651,193.72905576199992,6.3328,4.360351184388885e-05
1652,193.82679512600043,6.7506,4.359776052993828e-05
1653,193.92640604999997,5.5744,4.359173205555557e-05
1654,194.02491815400026,6.3877,4.358558101746911e-05
1655,194.1223838470005,5.6499,4.357950138697528e-05
1656,194.2193509610006,7.0411,4.35734856654321e-05
1657,194.31519266500072,6.3481,4.3567489935246925e-05
1658,194.41245425299985,7.053,4.3561574868888866e-05
1659,194.50708916400072,6.3857,4.3555581931913544e-05
1660,194.60156580200055,6.309,4.3549729551728375e-05
1661,194.69706159100042,6.3782,4.354390568543211e-05
1662,194.7931767780001,6.5412,4.3538017843827146e-05
1663,194.88904766999985,5.4918,4.3532072673024685e-05
1664,194.98569156800022,5.9193,4.352615599746912e-05
1665,195.08223688700036,6.9195,4.352019096333331e-05
1666,195.17847241800064,5.5304,4.3514235037160453e-05
1667,195.2736195309999,7.1401,4.350828416111109e-05
1668,195.3697361780005,7.3622,4.350241369067898e-05
1669,195.46702921999986,6.4648,4.349649438364198e-05
1670,195.56554638700072,6.7362,4.349048669419753e-05
1671,195.66185772000063,5.9487,4.34843995487037e-05
1672,195.7551559450003,6.3836,4.347844783141974e-05
1673,195.8543162570004,6.7154,4.34726797626543e-05
1674,195.95461644500028,6.9581,4.3466577098333293e-05
1675,196.04967436600054,6.4668,4.346038237061726e-05
1676,196.1431418660004,5.4289,4.34544892615432e-05
1677,196.23917859100038,6.1312,4.3448720638518505e-05
1678,196.33369083800062,5.5438,4.344281060518516e-05
1679,196.42791650400068,5.5516,4.3436965864691364e-05
1680,196.52482705700004,7.0262,4.3431159876296295e-05
1681,196.6224102160004,7.0885,4.342518454592591e-05
1682,196.71763064300012,6.4681,4.3419168105493825e-05
1683,196.81239410200033,6.5009,4.341327937166664e-05
1684,196.9065530730004,5.8629,4.3407426123827115e-05
1685,197.0006469280006,6.093,4.340161449913579e-05
1686,197.0965671570002,7.048,4.339580433456786e-05
1687,197.1937810469999,6.5078,4.3389890818024646e-05
1688,197.29011104600067,7.1946,4.3383888419691324e-05
1689,197.38732669300043,5.8345,4.337794824209876e-05
1690,197.4822733609999,6.406,4.337194180561727e-05
1691,197.57784134099984,6.5545,4.3366078106358e-05
1692,197.67306547000044,6.57,4.336017859820987e-05
1693,197.76985206300014,6.812,4.335429406592589e-05
1694,197.8639941649999,6.6316,4.334833661388889e-05
1695,197.95759573400028,5.802,4.3342514826851844e-05
1696,198.0503163580006,7.0966,4.333673338512345e-05
1697,198.14809737999985,7.2276,4.3331006763518486e-05
1698,198.2445664249999,6.1789,4.33249887291358e-05
1699,198.3423115000005,5.7881,4.331902370444441e-05
1700,198.4394557300002,6.9961,4.331299989950614e-05
1701,198.53496059100053,6.2807,4.330700450413576e-05
1702,198.6287970379999,6.6245,4.330109945277776e-05
1703,198.72471406100067,5.9161,4.3295306876543184e-05
1704,198.82012211300025,6.4142,4.3289380509876556e-05
1705,198.91732722000052,5.8471,4.328349157765433e-05
1706,199.01402183700066,7.0445,4.32775096195679e-05
1707,199.1091593150004,5.3407,4.3271531387530854e-05
1708,199.2039298440004,6.724,4.326564446672836e-05
1709,199.30071382300048,6.1668,4.325979502487652e-05
1710,199.39652668800045,5.5006,4.3253835820987665e-05
1711,199.492098146,6.1406,4.324790576030864e-05
1712,199.5882745150002,6.9109,4.324201250530863e-05
1713,199.68459364299997,6.6624,4.323608318679009e-05
1714,199.7803595790001,6.4341,4.3230138899876516e-05
1715,199.87536593599998,7.3668,4.322421732358023e-05
1716,199.97188840000035,6.981,4.3218355816666636e-05
1717,200.06704275500033,7.0432,4.3212406490000005e-05
1718,200.15717907199996,6.1333,4.32065244667284e-05
1719,200.25333767600023,6.5254,4.3200970338765406e-05
1720,200.34884690700073,5.6766,4.31950204830247e-05
1721,200.44572850700024,6.9639,4.318912394641976e-05
1722,200.54146546399988,6.2965,4.318315154240742e-05
1723,200.6361441449999,6.6858,4.317724370722221e-05
1724,200.73361509500046,6.5941,4.3171398189814804e-05
1725,200.83056496300014,7.0175,4.3165385927407406e-05
1726,200.92763790000026,6.9792,4.315939085141974e-05
1727,201.02280554200024,6.8918,4.315340247641972e-05
1728,201.1205587000004,6.2181,4.314752246543209e-05
1729,201.21522368500064,5.9902,4.314150072814811e-05
1730,201.3048336840002,7.476,4.313564104518517e-05
1731,201.40176726000027,7.0743,4.313014174444443e-05
1732,201.49819106700033,7.2727,4.312413251969135e-05
1733,201.5934416,6.264,4.3118184743641984e-05
1734,201.6895111220001,6.8502,4.311230617185186e-05
1735,201.7865448749999,6.1645,4.310637802080242e-05
1736,201.88222109900016,5.5673,4.310038572703703e-05
1737,201.97827105099987,6.5289,4.309448184030861e-05
1738,202.07427785600066,7.3536,4.308854798790121e-05
1739,202.1706509450005,6.5497,4.308262950530864e-05
1740,202.26730191600018,6.537,4.30766720075926e-05
1741,202.36282695800037,6.1611,4.3070706848086416e-05
1742,202.458795173,6.2736,4.3064806958950616e-05
1743,202.54913573700014,7.506,4.305888410641975e-05
1744,202.6443586410005,4.5903,4.305332208802465e-05
1745,202.73970704900057,6.6919,4.304742477697531e-05
1746,202.8363496410002,7.1282,4.304153694018517e-05
1747,202.9301789830006,6.0248,4.303558063037037e-05
1748,203.0267794350002,6.6226,4.302978407888885e-05
1749,203.1238512180007,6.7544,4.3023833765061717e-05
1750,203.221430607,6.9169,4.3017827284506163e-05
1751,203.31654341100057,6.4004,4.3011803475987626e-05
1752,203.41539546700005,6.4041,4.300592958549383e-05
1753,203.51278529000047,7.1342,4.299984009246915e-05
1754,203.60819212000024,6.4277,4.29938194187654e-05
1755,203.70534961700014,6.9018,4.298792294191358e-05
1756,203.80225277299996,3.9267,4.2981933114999975e-05
1757,203.89983263500017,7.0031,4.297595394845679e-05
1758,203.99785657100074,6.4308,4.296994125185185e-05
1759,204.09437908400014,7.0609,4.296389157166664e-05
1760,204.1894028450006,6.3989,4.295791776604936e-05
1761,204.28585757600013,5.7228,4.295204773617284e-05
1762,204.38444493000043,6.6303,4.294610162833331e-05
1763,204.48245744500036,6.476,4.2940026598641935e-05
1764,204.57933937800044,6.1371,4.293397034530862e-05
1765,204.67311358799998,6.5737,4.2927988525555545e-05
1766,204.7675176520006,6.0941,4.2922199102283936e-05
1767,204.86538619400017,6.9132,4.2916371121419715e-05
1768,204.96311839400005,6.5475,4.291033374345677e-05
1769,205.0586710460002,5.7032,4.2904298309382724e-05
1770,205.15378899400002,5.9221,4.289839686277778e-05
1771,205.2495064550003,6.0478,4.2892523794321e-05
1772,205.34225670700016,3.1546,4.288662089401234e-05
1773,205.43774759100052,7.1083,4.2880881539567895e-05
1774,205.5334335510006,6.8849,4.2875005423024685e-05
1775,205.62881034900056,6.1309,4.286908569462962e-05
1776,205.724687033,5.1708,4.2863207681049386e-05
1777,205.81938280400027,6.8617,4.285729469691354e-05
1778,205.91722859499987,6.8575,4.2851439243518484e-05
1779,206.33131637299994,6.3263,4.2845410935123434e-05
1780,206.4308885320006,6.5849,4.28198356711728e-05
1781,206.52866863000054,6.6439,4.281369584734567e-05
1782,206.62442510500023,6.3214,4.280765690413577e-05
1783,206.7200815590004,6.4909,4.280174434876542e-05
1784,206.8142762690004,6.4006,4.279584133895062e-05
1785,206.910836991,7.4506,4.279001970487655e-05
1786,207.00518135200036,3.5913,4.2784068023641986e-05
1787,207.10119589500027,5.9873,4.277823651864198e-05
1788,207.19682589500007,6.0324,4.2772319846049355e-05
1789,207.29274177500065,6.6108,4.2766404722777756e-05
1790,207.3889474030002,6.0794,4.276048609574075e-05
1791,207.48416460800036,6.1047,4.275455232172837e-05
1792,207.57567752400064,7.0317,4.2748674128518495e-05
1793,207.67381504200057,6.711,4.274303105216046e-05
1794,207.76986105700053,6.7996,4.273697564067901e-05
1795,207.8656607339999,6.7496,4.2731038005802445e-05
1796,207.962591169,6.2549,4.272512834956789e-05
1797,208.0581028940005,5.4401,4.2719146109135785e-05
1798,208.15633257599984,6.9944,4.27132508745679e-05
1799,208.25291903800007,6.6934,4.270719730339503e-05
1800,208.3496759210002,7.3031,4.2701227956049365e-05
1801,208.4461095960005,7.0277,4.2695248484506175e-05
1802,208.54387661500004,6.5766,4.268929697827159e-05
1803,208.63889485800064,6.8798,4.2683266221975316e-05
1804,208.73499536600048,5.5462,4.2677395438456785e-05
1805,208.83206209000036,6.7007,4.2671460997592556e-05
1806,208.92784414800008,6.3352,4.266547210481479e-05
1807,209.02209593000043,5.3207,4.265955705598763e-05
1808,209.11761718300022,6.7147,4.265374236382713e-05
1809,209.21306157300023,6.7032,4.264784157796295e-05
1810,209.30858480999996,6.3048,4.264195463641971e-05
1811,209.4029103540006,3.1054,4.263606273388885e-05
1812,209.49994937100018,6.9684,4.2630217918024666e-05
1813,209.59761532500033,6.2674,4.262424446203703e-05
1814,209.692701166,4.4003,4.261822321037034e-05
1815,209.78803176100064,6.6036,4.261235008543208e-05
1816,209.88330885899995,6.7971,4.260646546580243e-05
1817,209.9781660130002,5.8065,4.2600582330617245e-05
1818,210.07636160099992,7.034,4.259472737358021e-05
1819,210.1743215000006,6.8744,4.258868495179011e-05
1820,210.27329643600024,7.2714,4.25826350511728e-05
1821,210.3697423600006,5.5844,4.257651701104934e-05
1822,210.46633813500011,6.7662,4.257055218345675e-05
1823,210.56100461300048,6.0813,4.256460149111111e-05
1824,210.6557159820004,6.0372,4.25587529932716e-05
1825,210.75189698400027,6.9314,4.255289653493823e-05
1826,210.84779879300004,6.5036,4.25469677804321e-05
1827,210.94283316200017,6.317,4.254104904691354e-05
1828,211.03817571299987,6.1413,4.253516642333333e-05
1829,211.13556546100062,6.3577,4.252928937611109e-05
1830,211.2332791610006,6.3584,4.252327512401235e-05
1831,211.33048120700005,4.8986,4.2517254419691355e-05
1832,211.4270312839999,7.0651,4.251125191561726e-05
1833,211.52144129000044,6.2723,4.2505287282716036e-05
1834,211.61415247100012,5.2748,4.2499452642037005e-05
1835,211.7101967260005,6.5887,4.249373063179008e-05
1836,211.80367278500034,6.3519,4.2487817910123454e-05
1837,211.89948697599993,6.6577,4.248203799444442e-05
1838,211.99516613800006,6.3173,4.247613309716049e-05
1839,212.09243550000065,6.9005,4.247021885709874e-05
1840,212.18791221100037,6.2497,4.24641975265432e-05
1841,212.28456350000033,6.5223,4.245832607722223e-05
1842,212.37562119300037,6.2748,4.2452363256049385e-05
1843,212.47301985600006,6.7561,4.2446748913580226e-05
1844,212.5690784440003,6.5761,4.2440730955432054e-05
1845,212.66377616499994,6.8792,4.243479979962962e-05
1846,212.7593021570001,6.6589,4.242894690043209e-05
1847,212.85470077900027,4.6805,4.242304463061727e-05
1848,212.94950229500046,6.2496,4.241716361240738e-05
1849,213.04670991200055,6.5743,4.241130838771605e-05
1850,213.14365511699998,6.3881,4.2405311829197505e-05
1851,213.2400515850004,4.6646,4.2399331734814774e-05
1852,213.33590132000063,6.0596,4.239337616981478e-05
1853,213.43190619400048,5.9369,4.2387454471604934e-05
1854,213.52916149200064,6.7797,4.238152671987651e-05
1855,213.6238110610002,6.1881,4.237553295290121e-05
1856,213.71954992000065,5.9388,4.236967673901234e-05
1857,213.81614636500035,6.1212,4.2363779020308616e-05
1858,213.91264380300072,7.0926,4.235781396049384e-05
1859,214.01115765400027,6.9211,4.235185386358022e-05
1860,214.10203693099993,5.7377,4.234578370419749e-05
1861,214.19865363600002,6.3278,4.2340185790432075e-05
1862,214.29639795999992,6.0763,4.233418694432096e-05
1863,214.39437385700057,6.7275,4.232816399549381e-05
1864,214.49157670100067,6.9646,4.232212031148147e-05
1865,214.58899758400003,6.6897,4.2316122147222186e-05
1866,214.685420109,6.4972,4.2310122852037e-05
1867,214.78172593300042,5.5441,4.23041558741358e-05
1868,214.87713801100017,6.0705,4.2298210242037e-05
1869,214.9736498480006,6.7022,4.229232211697527e-05
1870,215.07203171000037,7.164,4.2286365582777756e-05
1871,215.16950738500054,5.5636,4.2280302725617274e-05
1872,215.2649164780005,5.9935,4.22742740469753e-05
1873,215.36128594900038,7.0422,4.226837759117284e-05
1874,215.45781368500047,7.0221,4.226244287419753e-05
1875,215.55404384600024,5.9559,4.225648881827157e-05
1876,215.6503273440003,7.0085,4.2250529164691364e-05
1877,215.74427245900006,6.1007,4.2244597635493804e-05
1878,215.84158313199987,6.9513,4.2238794241604896e-05
1879,215.93880397800058,6.3107,4.223279713851848e-05
1880,216.03739692900035,6.9498,4.222678425030861e-05
1881,216.134293565,6.2217,4.2220703138518505e-05
1882,216.23019191599997,5.922,4.221471484814814e-05
1883,216.3279481540003,7.1098,4.22087922525926e-05
1884,216.42551412100056,6.1326,4.2202764440061694e-05
1885,216.51721028200063,6.3239,4.219673899438268e-05
1886,216.61372625000058,6.1977,4.219108802907406e-05
1887,216.7098313940005,6.6867,4.21851286324074e-05
1888,216.80750893100048,6.7532,4.217920027932097e-05
1889,216.9056058870001,6.8677,4.2173176255617277e-05
1890,217.00401149900063,6.7056,4.216710809030864e-05
1891,217.10351667300074,6.9086,4.2161034063271563e-05
1892,217.20147077900037,6.5579,4.2154900017654306e-05
1893,217.29677880500003,5.2897,4.214884666154319e-05
1894,217.38990720400034,5.1956,4.21429533530247e-05
1895,217.48624519400073,6.4355,4.213720018623457e-05
1896,217.57799338800032,6.5009,4.213126694944442e-05
1897,217.6760356800005,6.0473,4.212561266370369e-05
1898,217.77155482299986,6.692,4.21195419698148e-05
1899,217.86693005899997,6.547,4.211365069512345e-05
1900,217.9582551150006,6.7401,4.2107758204074064e-05
1901,218.0552915520002,6.5218,4.210213732864198e-05
1902,218.15422323700022,5.592,4.209614609648146e-05
1903,218.2517862450004,6.2482,4.209003466660492e-05
1904,218.34609678200013,6.6368,4.208400104000001e-05
1905,218.4394585580003,6.6401,4.2078177839135764e-05
1906,218.53573122000034,6.5414,4.207242041006171e-05
1907,218.62968377300058,6.0601,4.206647811728392e-05
1908,218.72609754099994,6.5131,4.206067351296295e-05
1909,218.81881131000046,6.303,4.205472732808642e-05
1910,218.91612721599995,6.7123,4.204899598586418e-05
1911,219.01336413599984,6.8187,4.2043006972098744e-05
1912,219.1087345270007,7.1154,4.203699301604934e-05
1913,219.20625312500033,6.4445,4.203110459716047e-05
1914,219.30289091300074,5.969,4.202509407444442e-05
1915,219.39974025399988,6.2349,4.201912709814813e-05
1916,219.49701600500066,6.7991,4.2013140219012344e-05
1917,219.59075152400055,6.1064,4.200714341104938e-05
1918,219.68627015000038,7.1979,4.200135146882716e-05
1919,219.78258961200027,7.1051,4.199546836314812e-05
1920,219.87935699599984,7.1707,4.198951412635802e-05
1921,219.9751373449999,6.332,4.19835499980247e-05
1922,220.0659768080004,6.8882,4.1977632329320965e-05
1923,220.16308092000054,5.5945,4.197203075981482e-05
1924,220.25926778600024,6.2896,4.1966028120493806e-05
1925,220.3552545420007,5.4278,4.196008213993823e-05
1926,220.45077325300008,6.2472,4.195416682209877e-05
1927,220.54642900199997,6.5212,4.1948268425679e-05
1928,220.64335798499997,6.809,4.1942363479567895e-05
1929,220.73834942800022,6.6233,4.1936391375555526e-05
1930,220.83487647200036,6.645,4.1930527643395054e-05
1931,220.93336314000044,7.2281,4.19245641702469e-05
1932,221.0305877460005,7.4493,4.191848428129628e-05
1933,221.1259813000006,6.9675,4.191248703450617e-05
1934,221.22209972700057,6.8231,4.1906598095678996e-05
1935,221.3199686730004,6.2634,4.19006615757407e-05
1936,221.41725792600027,6.7439,4.189460725691356e-05
1937,221.51449028200022,6.2086,4.1888602014691356e-05
1938,221.61086601700026,5.9671,4.1882601355740706e-05
1939,221.70743773200047,6.2068,4.1876657374814784e-05
1940,221.80519687200012,5.9,4.187068900339505e-05
1941,221.89971090000017,5.1107,4.1864655931234564e-05
1942,221.99502318400027,6.5858,4.185881672845678e-05
1943,222.09203576800064,6.2681,4.185293583148147e-05
1944,222.19091098399986,6.4125,4.1846953301111105e-05
1945,222.28786518300058,6.5383,4.184084846512347e-05
1946,222.38532932599992,6.5929,4.183486361425922e-05
1947,222.48230692900052,6.1024,4.1828849308024665e-05
1948,222.57884424300028,6.5728,4.182287214364194e-05
1949,222.6757097130003,7.0409,4.181690753876539e-05
1950,222.76918747900072,4.6777,4.181093069919753e-05
1951,222.86458236700037,5.1227,4.180513598123452e-05
1952,222.96233045700046,6.7729,4.1799260368271564e-05
1953,223.0580912510004,5.9864,4.1793238629691336e-05
1954,223.1544204460006,6.9013,4.178731412537038e-05
1955,223.250181462,5.8544,4.178137856987655e-05
1956,223.34742273900065,5.5617,4.177545877783949e-05
1957,223.44655174700074,6.6692,4.1769469204629596e-05
1958,223.54431388300054,7.2505,4.1763351614012333e-05
1959,223.64116157399985,5.7857,4.175731033425923e-05
1960,223.73885544899986,6.4585,4.1751336142716005e-05
1961,223.83505502500066,6.1281,4.1745299445493786e-05
1962,223.9288447150002,5.1454,4.173937220172837e-05
1963,224.02399710600002,5.6679,4.1733558883086425e-05
1964,224.11954677199992,5.6082,4.172769420499999e-05
1965,224.21457607400043,6.3523,4.172180085191356e-05
1966,224.31366046200037,6.0132,4.1715920765123424e-05
1967,224.4123460540004,6.365,4.170981671950616e-05
1968,224.5094329650001,7.3068,4.17037351038889e-05
1969,224.60656090200064,6.8489,4.169774558240741e-05
1970,224.70282144700013,4.859,4.169174488975308e-05
1971,224.79807814500055,5.3198,4.168580193388888e-05
1972,224.8927874710007,6.2429,4.1679915013456746e-05
1973,224.98790479800027,5.9069,4.167406854493824e-05
1974,225.0861653640004,6.3676,4.166818531055554e-05
1975,225.18208262999997,6.5789,4.166213710524691e-05
1976,225.2753382840001,5.4998,4.1656210292222216e-05
1977,225.37098945900016,5.7361,4.165044755925925e-05
1978,225.46714449200044,5.5875,4.164455535586417e-05
1979,225.56383550900046,6.8786,4.163860668111109e-05
1980,225.65970762800043,5.8447,4.163264695746915e-05
1981,225.75600388900057,5.9938,4.162673849240738e-05
1982,225.8518701030007,4.8016,4.162079426913576e-05
1983,225.94832215299994,6.3265,4.16148600085185e-05
1984,226.04473665600017,5.5598,4.160891328753083e-05
1985,226.1421827080003,6.3183,4.160296887709873e-05
1986,226.24008109100032,7.1845,4.159695734635804e-05
1987,226.3366400470004,5.6773,4.15909022940123e-05
1988,226.43358734000049,6.0984,4.1584933935679024e-05
1989,226.53005592000045,6.3655,4.157895206987655e-05
1990,226.6274006020003,5.7264,4.1572993582098725e-05
1991,226.72393722000015,7.1978,4.156698821827157e-05
1992,226.82119422200049,6.4369,4.156103062104935e-05
1993,226.9151032180007,2.3598,4.155504182061729e-05
1994,227.01241478000065,6.4631,4.1549222348950576e-05
1995,227.11010676000024,6.5824,4.154323887376539e-05
1996,227.20844396700068,7.0742,4.1537207796358034e-05
1997,227.3062834170005,6.7471,4.1531124722222234e-05
1998,227.40237629400053,6.3817,4.152509335833331e-05
1999,227.49536597099996,5.4033,4.1519162026172833e-05
2000,227.5938963640001,6.0859,4.1513416404382716e-05
2001,227.69150339800035,6.751,4.150733551981481e-05
2002,227.78761724700053,6.3741,4.150130905271605e-05
2003,227.88366715400025,6.4912,4.149538596870369e-05
2004,227.9788584200005,5.9687,4.148944476339503e-05
2005,228.0754750470005,5.7026,4.148356201129631e-05
2006,228.1709841390002,6.4061,4.147761075302466e-05
2007,228.2675217570004,6.8486,4.147170280499997e-05
2008,228.3636511069999,5.8525,4.146576111512343e-05
2009,228.4594536929999,5.6388,4.145981023851849e-05
2010,228.55418108400045,5.5273,4.145390305493824e-05
2011,228.64819234700008,6.1558,4.144805720148147e-05
2012,228.74746322700048,6.5746,4.1442254202469106e-05
2013,228.84236813900043,6.1365,4.143612983932099e-05
2014,228.93643642700044,6.9998,4.143026428265431e-05
2015,229.0309357420001,6.2392,4.1424459368950575e-05
2016,229.1275249549999,7.1974,4.1418625851790106e-05
2017,229.225805133,6.8083,4.141266757660493e-05
2018,229.3213665430003,6.9361,4.140660564641975e-05
2019,229.41773485800059,6.29,4.140070859438272e-05
2020,229.51517560699995,5.4084,4.1394765744567897e-05
2021,229.61244473700026,6.5836,4.1388740303765404e-05
2022,229.7070310320005,5.0366,4.138273366148148e-05
2023,229.8022204630006,6.5103,4.1376895814876514e-05
2024,229.8980777020006,6.0439,4.1371024608086396e-05
2025,229.98914353300006,6.5767,4.136508795734564e-05
2026,230.0863365539999,6.927,4.135949784802466e-05
2027,230.18386720200033,6.2667,4.135348227197527e-05
2028,230.28254959200058,6.3427,4.134746274432097e-05
2029,230.38068709000072,6.1507,4.1341377545617277e-05
2030,230.47529103299985,5.5769,4.1335318282962936e-05
2031,230.57339333800064,6.287,4.1329467889444416e-05
2032,230.66845936800019,5.5481,4.132343272376541e-05
2033,230.76396252700033,5.7063,4.131754281919751e-05
2034,230.86123262,6.7525,4.1311651624012336e-05
2035,230.95588030900035,6.1326,4.1305662248518514e-05
2036,231.05204603000038,6.6157,4.129979743388885e-05
2037,231.14614361700023,4.9506,4.129386879135803e-05
2038,231.24031842100067,6.2515,4.128806079907407e-05
2039,231.33699578300002,6.1675,4.128224297580245e-05
2040,231.4331028760007,6.4192,4.1276281131111116e-05
2041,231.528662533,6.4652,4.1270350574876505e-05
2042,231.6253535650003,6.3566,4.1264451386666655e-05
2043,231.72259451900027,6.9408,4.12584891817284e-05
2044,231.82002818100045,6.9746,4.12524869419753e-05
2045,231.91514841500066,5.4388,4.1246471389629585e-05
2046,232.01299985200058,6.3796,4.1240584582407375e-05
2047,232.10893052900065,6.2177,4.123455968290121e-05
2048,232.2066197490003,7.0925,4.122863012419752e-05
2049,232.30369539000003,7.1418,4.122261004271602e-05
2050,232.39795097800015,6.488,4.121661692611112e-05
2051,232.49270351199993,5.5434,4.121079006425926e-05
2052,232.59012764199997,6.2601,4.120492768987653e-05
2053,232.68526861300052,6.2074,4.1198923042654295e-05
2054,232.77582490500026,6.1058,4.1193049862407365e-05
2055,232.866393454,6.7471,4.118747407740737e-05
2056,232.96283586000027,6.9526,4.118187605061725e-05
2057,233.05725354100014,6.0607,4.1175920678209836e-05
2058,233.1519167710003,6.9114,4.1170084468395034e-05
2059,233.24974271200063,6.3795,4.116425423160494e-05
2060,233.34575633400073,6.3799,4.115821424401233e-05
2061,233.44318612900042,5.3651,4.1152286045370335e-05
2062,233.53942082100002,6.0399,4.114627283820988e-05
2063,233.63505407000048,6.1595,4.114032052932095e-05
2064,233.73247180399994,6.9342,4.113443065864195e-05
2065,233.82945310000014,6.3576,4.1128416653333305e-05
2066,233.9234772460004,6.7208,4.1122422416543195e-05
2067,234.01688758100045,6.5174,4.1116616572037036e-05
2068,234.11143197599995,6.643,4.1110850377654284e-05
2069,234.20878275700034,6.555,4.110501307617282e-05
2070,234.30553674200019,6.7104,4.109900019419754e-05
2071,234.4020696430007,5.9272,4.109303000999997e-05
2072,234.49898879300054,6.3081,4.1087086122222196e-05
2073,234.5957050420002,6.1049,4.108110498777776e-05
2074,234.6910875200001,5.5134,4.107512005537035e-05
2075,234.78720329299995,6.2737,4.106923430179012e-05
2076,234.88131226099995,5.4912,4.1063308473703676e-05
2077,234.97471617500014,5.9605,4.105748371141971e-05
2078,235.07147503099986,6.4803,4.10517128569753e-05
2079,235.16551564300062,5.798,4.104575901790123e-05
2080,235.26051904799988,5.8273,4.1039937441419736e-05
2081,235.35754283900042,6.489,4.1034086230432104e-05
2082,235.45472934600002,6.6206,4.1028100383024695e-05
2083,235.55108591000044,5.7829,4.102210035487655e-05
2084,235.64905673400062,5.5448,4.101615542876544e-05
2085,235.7450667210005,4.8211,4.1010099543641954e-05
2086,235.83896551900034,6.2405,4.100417209425926e-05
2087,235.93607398899985,6.6192,4.0998369706913585e-05
2088,236.03159514300023,6.3363,4.099238707580247e-05
2089,236.12799291300053,6.5659,4.098647933425924e-05
2090,236.22291424000014,5.8867,4.09805417019753e-05
2091,236.31894969899986,6.1371,4.097467772753084e-05
2092,236.4143686490006,5.3847,4.096875228265432e-05
2093,236.51102601500043,6.9274,4.096285681969137e-05
2094,236.60656671500055,6.2733,4.095690188876542e-05
2095,236.70297251800002,6.3417,4.095100824716049e-05
2096,236.7931907050006,6.4944,4.094505944302466e-05
2097,236.88977339600024,6.4604,4.0939500092777785e-05
2098,236.98685919499985,4.5097,4.0933511195864165e-05
2099,237.0783896590001,6.3788,4.0927510482407386e-05
2100,237.17736911700013,7.1653,4.09218771906173e-05
2101,237.27611158499985,5.8213,4.0915763367345644e-05
2102,237.37509149700054,6.4738,4.090966953302468e-05
2103,237.47020409300058,5.3548,4.090357284499999e-05
2104,237.56692041600036,6.0226,4.089767927932096e-05
2105,237.6641727590004,6.0129,4.089172176845677e-05
2106,237.7630213450002,6.7295,4.088571448820987e-05
2107,237.8602189430003,6.0289,4.087962088111111e-05
2108,237.95547723800064,5.2753,4.087361506611109e-05
2109,238.04990233300032,7.0924,4.086772188407406e-05
2110,238.14626038200004,6.7399,4.086190050462959e-05
2111,238.24312139799986,5.6381,4.0855957034814815e-05
2112,238.3398420930007,5.8678,4.084997271907407e-05
2113,238.43528136700024,7.0006,4.0843999659259236e-05
2114,238.53100372800054,6.2404,4.083810594160494e-05
2115,238.62666712700047,5.0276,4.0832199376851845e-05
2116,238.72139424800025,5.6231,4.082629619950616e-05
2117,238.81941771099991,7.0988,4.082044542222219e-05
2118,238.91713985800016,6.1843,4.081439979475307e-05
2119,239.01302250200024,6.2978,4.08083703330247e-05
2120,239.10353918200053,6.811,4.0802446225061716e-05
2121,239.1982922490006,4.9856,4.0796878287654316e-05
2122,239.2944622949999,6.4231,4.079100795462962e-05
2123,239.38950922300046,6.3535,4.078508178246909e-05
2124,239.48537742100052,6.282,4.077920994530865e-05
2125,239.58139831600056,6.2248,4.0773292901049386e-05
2126,239.67239952900036,6.8226,4.0767362024876546e-05
2127,239.76961590300016,6.3902,4.076175795802466e-05
2128,239.8668919870006,6.4115,4.07557617853086e-05
2129,239.96205049000037,6.9883,4.074975719580245e-05
2130,240.0575849930001,5.2119,4.074386337111107e-05
2131,240.15277234600035,6.5658,4.0737973541975313e-05
2132,240.2491186900006,7.0131,4.0732088912283964e-05
2133,240.34491615600018,6.9136,4.0726150406234535e-05
2134,240.44364913400022,6.8174,4.072023259111109e-05
2135,240.53967619300056,6.4478,4.0714143068333293e-05
2136,240.6332151860006,6.4188,4.070821608234568e-05
2137,240.72872261300017,6.0451,4.0702435668024664e-05
2138,240.82173011300074,4.1472,4.0696549590308604e-05
2139,240.91876326500005,6.2386,4.069081049438269e-05
2140,241.0161932430001,5.9218,4.0684812305925905e-05
2141,241.11159804999988,6.7595,4.067878972895061e-05
2142,241.20927527599997,6.5696,4.067290707777779e-05
2143,241.30604815200059,6.8361,4.06668891882716e-05
2144,241.40453137900022,6.2671,4.066090481530864e-05
2145,241.50208827500046,5.8801,4.065484216641975e-05
2146,241.5980219940002,5.7773,4.064880542845677e-05
2147,241.69278246500016,6.2219,4.064288074024689e-05
2148,241.78617374700025,5.6931,4.063703903296295e-05
2149,241.88140338199992,7.1168,4.0631267622962966e-05
2150,241.97650014300052,5.2782,4.062538779197529e-05
2151,242.07076955400044,6.0586,4.061951965345678e-05
2152,242.16593731100056,5.8304,4.061370104586421e-05
2153,242.26230087100066,6.5537,4.0607816447530825e-05
2154,242.35786524600007,6.5151,4.0601878232839486e-05
2155,242.45475551400068,5.9319,4.059598276419753e-05
2156,242.5535850590004,6.4301,4.059000635018515e-05
2157,242.65168630400058,6.095,4.058391000382713e-05
2158,242.74736520500028,6.1893,4.057784772561729e-05
2159,242.84232848400006,6.8574,4.057194062820987e-05
2160,242.9376936660001,6.1246,4.0566082045308614e-05
2161,243.03248493499996,6.576,4.056018283790124e-05
2162,243.12862517400026,5.7445,4.055432756759257e-05
2163,243.22604462400068,5.7704,4.054839850512345e-05
2164,243.32239538300018,6.3109,4.0542395603086415e-05
2165,243.4194312160007,6.2343,4.053643101234566e-05
2166,243.5148484930005,6.1201,4.0530449735123464e-05
2167,243.6082365250004,4.6541,4.052456052376542e-05
2168,243.70234900800006,4.9125,4.0518794322222195e-05
2169,243.79641185000037,5.8168,4.051298178191358e-05
2170,243.88991894599985,6.5742,4.050718242141972e-05
2171,243.98524534800072,7.032,4.0501396968765406e-05
2172,244.08026736300053,7.3233,4.049551920783948e-05
2173,244.17463271700035,5.8201,4.048965472469134e-05
2174,244.27051145400037,6.4488,4.048382936771602e-05
2175,244.3660782020006,7.1197,4.0477899872592585e-05
2176,244.4618590380005,6.7354,4.047200450382712e-05
2177,244.55705460199988,6.1735,4.0466103322037045e-05
2178,244.65467651400013,6.0104,4.0460210535987667e-05
2179,244.75089008099985,5.8193,4.045420299499997e-05
2180,244.84554235700034,6.7181,4.044826424808642e-05
2181,244.9408887720001,6.2063,4.0442420058888847e-05
2182,245.03598257000067,6.0824,4.043652431759256e-05
2183,245.13439093800025,6.5459,4.0430648039320974e-05
2184,245.2312131560002,6.6748,4.042459885111109e-05
2185,245.32925977600007,6.5812,4.0418602853271614e-05
2186,245.4270700090001,5.5016,4.041256160246913e-05
2187,245.52274228500028,5.6211,4.040652301802468e-05
2188,245.61832071300068,5.7748,4.040060386407406e-05
2189,245.71604004900018,6.0994,4.039471449586416e-05
2190,245.8122744760003,6.1993,4.038869273024689e-05
2191,245.9071205979999,6.244,4.038274366759259e-05
2192,246.0022074510007,6.7212,4.0376874551790125e-05
2193,246.0980611750001,5.7388,4.037102001129628e-05
2194,246.1942144499999,6.6518,4.036511229518516e-05
2195,246.29044084500038,5.6422,4.03591726308642e-05
2196,246.38763284700053,7.4499,4.035322492845679e-05
2197,246.48351570500017,6.399,4.0347237116728384e-05
2198,246.58078152400049,6.2433,4.034131853351853e-05
2199,246.6781895110007,6.7926,4.033531339135803e-05
2200,246.7684486950002,6.1082,4.0329297274197534e-05
2201,246.8645100550002,7.1589,4.032374351037033e-05
2202,246.96029775199986,6.3348,4.031778972771603e-05
2203,247.05690458000026,5.6543,4.0311864347345644e-05
2204,247.15115722800056,6.3834,4.030591139104936e-05
2205,247.24239682700045,6.4743,4.030008620166663e-05
2206,247.3386625410003,5.5351,4.029446968499997e-05
2207,247.4359686630005,6.8164,4.028851312611107e-05
2208,247.533909107,5.2724,4.028250886759255e-05
2209,247.63044727099987,5.8643,4.027647065629627e-05
2210,247.72975467700053,6.4531,4.0270503292037046e-05
2211,247.82515282900022,5.6413,4.026438847567898e-05
2212,247.91982713200014,6.0262,4.025848622537035e-05
2213,248.0163252680004,6.6175,4.0252643768888865e-05
2214,248.11211560599986,5.5208,4.024669488759257e-05
2215,248.2085938220007,6.8166,4.0240770296604925e-05
2216,248.3040786520005,4.4176,4.0234829956543203e-05
2217,248.40212890900057,6.3786,4.022892772530864e-05
2218,248.4977693410001,6.8761,4.022289299765429e-05
2219,248.5946509989999,5.9673,4.021696488493827e-05
2220,248.69238663299984,6.9286,4.021098982598766e-05
2221,248.788000216,6.203,4.020496935333332e-05
2222,248.88435243000004,7.1452,4.0199056797160487e-05
2223,248.98075973600044,6.2016,4.0193106899506174e-05
2224,249.07707319600013,5.8163,4.018715467111112e-05
2225,249.17348138600028,5.89,4.018122128228394e-05
2226,249.2715440689999,6.1,4.017526199253087e-05
2227,249.36687918000007,6.6563,4.016921633191358e-05
2228,249.4633676399999,5.2687,4.0163305886234536e-05
2229,249.56146002200057,7.3829,4.015736671993827e-05
2230,249.6575700430003,5.7063,4.01513194933333e-05
2231,249.75525658900006,6.6289,4.014538229123457e-05
2232,249.84894744200028,4.493,4.013935382481482e-05
2233,249.94560893900052,6.8142,4.0133560708271565e-05
2234,250.04289428599986,6.2395,4.012760435030863e-05
2235,250.13979923700026,6.7783,4.0121593281666644e-05
2236,250.2366524580002,5.8513,4.0115608697098745e-05
2237,250.3330981220006,6.5004,4.010963601487652e-05
2238,250.4275911270006,6.0721,4.010367890987653e-05
2239,250.52244562800024,6.4881,4.009783847259258e-05
2240,250.61914252299994,6.2856,4.009198242228391e-05
2241,250.7151873540006,6.509,4.0086024164012305e-05
2242,250.81113857000037,6.3663,4.008009446685186e-05
2243,250.90773554299994,6.341,4.0074177933395024e-05
2244,251.00204877500073,6.6718,4.006820611938268e-05
2245,251.09774113300045,5.3786,4.006237681796297e-05
2246,251.19420264000019,5.5034,4.005648209586418e-05
2247,251.29152396900008,6.8389,4.005052620641975e-05
2248,251.38780173900068,6.4785,4.004451509876544e-05
2249,251.48607072100003,6.4584,4.003856349993828e-05
2250,251.5843834719999,6.6695,4.0032519189814797e-05
2251,251.68003020000015,5.3828,4.0026453907098756e-05
2252,251.77600262299984,6.6676,4.00205381693827e-05
2253,251.87394707500061,6.3406,4.0014598270864205e-05
2254,251.96968440399996,5.162,4.0008568684629614e-05
2255,252.06763728100032,6.206,4.000265648129625e-05
2256,252.16279431300063,6.5636,3.999662429135803e-05
2257,252.25740009200035,6.3639,3.999073371561724e-05
2258,252.35179334900022,5.9477,3.9984890831111096e-05
2259,252.44828635200065,6.4344,3.997906395728394e-05
2260,252.5459830360005,5.9477,3.9973122933580204e-05
2261,252.64193125100064,6.4467,3.996708928117282e-05
2262,252.73732125200058,7.3199,3.996116201339506e-05
2263,252.83236486500027,6.6744,3.9955274121481454e-05
2264,252.92970954400062,5.5424,3.994940940604937e-05
2265,253.02584482600014,6.2879,3.9943390952469115e-05
2266,253.12299770900063,6.831,3.9937456679753056e-05
2267,253.21781784999985,6.5223,3.9931462104814776e-05
2268,253.31408691400065,6.8323,3.992560803679012e-05
2269,253.41040048600007,6.1469,3.991966661808638e-05
2270,253.5076377080004,5.8573,3.991372422722219e-05
2271,253.6030581920004,6.4593,3.9907728625555564e-05
2272,253.69992440400074,4.9413,3.9901832949506145e-05
2273,253.79628807100016,6.1058,3.9895856641604904e-05
2274,253.89141237200056,6.019,3.988991046358024e-05
2275,253.98854656300045,6.8807,3.988403329543209e-05
2276,254.0843968320005,5.4038,3.9878035563950575e-05
2277,254.1805814170002,6.2011,3.987211478450617e-05
2278,254.27721916800056,5.3598,3.986618036648149e-05
2279,254.36834834799993,6.3746,3.98602110824691e-05
2280,254.46527361900007,6.0162,3.985460189759259e-05
2281,254.55960047900044,6.4612,3.984861046456787e-05
2282,254.65631468799984,6.8171,3.9842786180617266e-05
2283,254.75396939500024,5.8867,3.9836834638580244e-05
2284,254.8497067040007,6.4044,3.9830780171049376e-05
2285,254.94316055900072,3.0288,3.9824889113148107e-05
2286,255.03753890900043,6.6467,3.9819103731790084e-05
2287,255.13482675500018,6.1118,3.981327412271606e-05
2288,255.23128815400014,6.7797,3.980727371740737e-05
2289,255.32933546599997,6.868,3.980132576265432e-05
2290,255.42771234300017,6.5999,3.979527728845678e-05
2291,255.5234601279999,6.7067,3.9789208654814795e-05
2292,255.61991870600013,7.3544,3.9783278558580264e-05
2293,255.71756593600003,6.4038,3.9777333741234554e-05
2294,255.8160350220005,6.3031,3.977131657679012e-05
2295,255.91353030200025,7.0282,3.976524410993826e-05
2296,256.00932876500065,6.462,3.975921425950617e-05
2297,256.10604591300034,6.7527,3.9753293191357996e-05
2298,256.20315314100026,6.303,3.974730952771602e-05
2299,256.29998442800024,6.2175,3.974132357475305e-05
2300,256.3970256170005,6.0979,3.9735348181358e-05
2301,256.49320682600046,5.4548,3.972937491999997e-05
2302,256.59035050500006,6.0135,3.9723422670864175e-05
2303,256.6850533550005,6.6129,3.971743253703703e-05
2304,256.7794531190002,5.6954,3.97115778235185e-05
2305,256.8781386420005,6.9581,3.970575751512346e-05
2306,256.9757815040002,6.5107,3.969968192839504e-05
2307,257.0716318450004,6.8435,3.969363616870369e-05
2308,257.16747755600045,6.3275,3.968772826308643e-05
2309,257.2639295320005,6.0921,3.968180893141975e-05
2310,257.36124750900035,6.0702,3.967585571469135e-05
2311,257.45799558700037,6.6771,3.9669846301975286e-05
2312,257.5546670820004,6.4269,3.966387059191355e-05
2313,257.6509202040006,6.3318,3.965789260172839e-05
2314,257.7458564010003,5.7975,3.9651947777407416e-05
2315,257.8437205500004,6.8728,3.9646086361049354e-05
2316,257.9399061210006,6.5603,3.964006824722219e-05
2317,258.0362835780006,6.8467,3.963412922104936e-05
2318,258.13445283500005,6.5161,3.962818923209874e-05
2319,258.22969204400033,6.0127,3.962212593882714e-05
2320,258.32392554800026,5.154,3.961623023746911e-05
2321,258.42192719500053,6.3955,3.9610420148827156e-05
2322,258.51880646300015,6.164,3.960439086432096e-05
2323,258.61702617599985,6.8016,3.9598395535185154e-05
2324,258.7140382790003,6.3771,3.959233813185182e-05
2325,258.8083564970002,6.3481,3.958634383407408e-05
2326,258.9040018710002,5.8023,3.95805080054321e-05
2327,259.0025544680002,6.2618,3.9574613950246915e-05
2328,259.09730401900015,5.436,3.9568525785802434e-05
2329,259.1918195590006,6.0948,3.956267538827158e-05
2330,259.28882006599997,6.1759,3.955684623629628e-05
2331,259.3820240360001,6.7633,3.955085979469133e-05
2332,259.47893406799994,5.2323,3.954510665901232e-05
2333,259.57525346700004,6.3489,3.9539121938148105e-05
2334,259.6715365460004,5.3955,3.953318235358023e-05
2335,259.76992383200013,7.2262,3.9527237964259235e-05
2336,259.86629853700015,6.3291,3.9521169231543184e-05
2337,259.96214561299985,5.966,3.951521932592591e-05
2338,260.0580653950001,5.4961,3.950930427469134e-05
2339,260.1562071190001,6.834,3.950338323845677e-05
2340,260.25267014100064,5.664,3.9497319652530876e-05
2341,260.34941592700034,6.4146,3.9491363676851856e-05
2342,260.4464951610007,6.3208,3.948539902283946e-05
2343,260.54248093800015,5.629,3.9479408612036994e-05
2344,260.63670277800065,5.1499,3.94734752104938e-05
2345,260.7333864530001,6.6847,3.94676481339506e-05
2346,260.8281467710003,6.4148,3.946169858611107e-05
2347,260.92459308600064,6.3917,3.94558413376543e-05
2348,261.02184277500055,6.6403,3.944989007499996e-05
2349,261.11777274999986,6.9215,3.944388926802467e-05
2350,261.21371187600016,6.5803,3.943796908043208e-05
2351,261.31169105200024,6.8266,3.9432048598888895e-05
2352,261.4112847060005,5.7544,3.942599454197529e-05
2353,261.50705596900025,5.8069,3.941985692117282e-05
2354,261.60110174700003,6.1957,3.941392211586418e-05
2355,261.69493906500065,5.2216,3.940812073407403e-05
2356,261.7902455050007,5.0527,3.9402330873148134e-05
2357,261.8867426100005,6.3264,3.939643974074072e-05
2358,261.9843853780003,6.3039,3.939049329592589e-05
2359,262.08232103299997,6.2349,3.938447418234565e-05
2360,262.17984913300006,6.7593,3.9378430747345664e-05
2361,262.27621733400065,6.7057,3.937240754660493e-05
2362,262.37180333300057,5.8481,3.9366448667962946e-05
2363,262.46677112199995,6.0209,3.936054940055553e-05
2364,262.5650647420007,6.5595,3.935468860160492e-05
2365,262.6615467040001,5.0835,3.934863642506172e-05
2366,262.75725307500034,6.4749,3.934267076401234e-05
2367,262.85165435399995,4.5977,3.933676131086419e-05
2368,262.9420521490001,7.0059,3.933093238333332e-05
2369,263.0403498270007,6.0663,3.932536546234565e-05
2370,263.1353228860007,5.8731,3.931928635938271e-05
2371,263.23376298899984,5.9114,3.931341458370371e-05
2372,263.33113597400006,5.4298,3.9307349248765435e-05
2373,263.42812396499994,6.4273,3.9301319705617254e-05
2374,263.5235758730005,5.9976,3.9295342845802464e-05
2375,263.6213261590001,6.675,3.928945155154317e-05
2376,263.71921084800033,6.6077,3.928341688518517e-05
2377,263.8152219860003,5.8307,3.9277372192469095e-05
2378,263.9116379289999,7.1263,3.9271440190987614e-05
2379,264.01065012100025,7.107,3.926549560969132e-05
2380,264.1094608510002,6.2286,3.925939457574074e-05
2381,264.203768331,4.6479,3.9253289917777765e-05
2382,264.3028178320001,6.0721,3.9247441972962954e-05
2383,264.40214700700017,6.6,3.924134641981479e-05
2384,264.4964062700001,4.2364,3.92352210383333e-05
2385,264.5912056060006,5.3725,3.9229391398765435e-05
2386,264.6898628879999,6.5431,3.922355188024691e-05
2387,264.7871601679999,6.3191,3.921747531302465e-05
2388,264.88290269000026,6.3638,3.921145564950615e-05
2389,264.9789983890005,5.6268,3.920554918506174e-05
2390,265.07614985800046,6.5066,3.919960959543207e-05
2391,265.17392262000067,6.6075,3.9193615641172836e-05
2392,265.2700619800007,6.2991,3.918757793160492e-05
2393,265.3660317419999,6.3178,3.918164778796297e-05
2394,265.46231719000025,5.479,3.917572521314811e-05
2395,265.5577466120003,5.717,3.916977819777778e-05
2396,265.65192147500056,6.4999,3.916387922901232e-05
2397,265.7422953280002,6.6924,3.9158067604938276e-05
2398,265.8374150620002,5.9633,3.91524662180247e-05
2399,265.9353706920001,6.0978,3.914661907030862e-05
2400,266.031653471,5.7349,3.9140589144753065e-05
2401,266.1275693000007,4.6209,3.9134632032345685e-05
2402,266.2233856359999,6.7722,3.912871478364196e-05
2403,266.3224124590006,6.6179,3.912279968493828e-05
2404,266.41921308100063,5.9368,3.911668818185184e-05
2405,266.51538962799987,6.3572,3.911071027493827e-05
2406,266.61215555000035,6.3658,3.9104763746111104e-05
2407,266.70721161300025,5.3985,3.9098797749506174e-05
2408,266.8025977040006,6.0458,3.90929337528395e-05
2409,266.8985967130002,6.8516,3.9087049991481475e-05
2410,266.99563746400054,6.6682,3.908111306969137e-05
2411,267.09050746899993,5.741,3.907512753962962e-05
2412,267.1853669430002,6.6915,3.9069265796296304e-05
2413,267.28170043000046,6.0588,3.906340304771602e-05
2414,267.3786525380001,7.1947,3.9057460133333314e-05
2415,267.4761215369999,4.8147,3.9051478283827124e-05
2416,267.5752427180005,6.8605,3.904546859604939e-05
2417,267.6732007340006,6.2588,3.9039357481234545e-05
2418,267.7693462060006,6.6522,3.9033300991296297e-05
2419,267.8675855900001,6.5018,3.9027370519074065e-05
2420,267.9658919070007,5.77,3.902130155222219e-05
2421,268.0652085210004,6.4823,3.9015235585123456e-05
2422,268.1603817190007,5.1188,3.900910747938269e-05
2423,268.2568639840001,5.7282,3.900321999592591e-05
2424,268.3529171070004,5.9161,3.899726904808643e-05
2425,268.4506605840006,6.5122,3.899133760999997e-05
2426,268.54922593100036,6.1567,3.898531445839502e-05
2427,268.6464544820001,6.1248,3.8979234074506144e-05
2428,268.7447964030007,5.9245,3.897321904907405e-05
2429,268.8431588560006,6.0326,3.896715643080246e-05
2430,268.94020000900036,4.8959,3.8961085050555535e-05
2431,269.037701964,6.3546,3.8955085127901204e-05
2432,269.13413794999997,6.6353,3.894907754709875e-05
2433,269.231751712,6.0923,3.894311558314813e-05
2434,269.3287954160005,6.047,3.8937090615370354e-05
2435,269.42437130800045,5.3476,3.8931098664506134e-05
2436,269.5159789010004,5.9986,3.8925195967839515e-05
2437,269.6125447909999,5.8901,3.8919551035061694e-05
2438,269.70737359800023,5.8838,3.8913588916296275e-05
2439,269.80349302600007,6.1805,3.890773568345678e-05
2440,269.89965997200034,5.3165,3.89018056948148e-05
2441,269.9954130550004,6.1361,3.8895857115678975e-05
2442,270.09326968999994,5.6986,3.888995876567898e-05
2443,270.1890525690005,6.0016,3.888392494012345e-05
2444,270.2850873420002,6.5398,3.887799445740739e-05
2445,270.3814228730007,6.8362,3.8872071625246915e-05
2446,270.47743320100017,5.8648,3.886612563641971e-05
2447,270.5739779430005,5.9037,3.886020305543208e-05
2448,270.6710384910002,6.7614,3.885423975438271e-05
2449,270.766549854,6.4518,3.884825118709872e-05
2450,270.8623746410003,5.1197,3.8842358748456775e-05
2451,270.95829516200047,5.9231,3.883643320129629e-05
2452,271.0565542180002,5.9055,3.8830505327283936e-05
2453,271.153580788,6.2485,3.8824457561172836e-05
2454,271.2489853950001,5.9628,3.881845679851851e-05
2455,271.3468832060007,6.3602,3.881256629203703e-05
2456,271.445104509,6.5469,3.880653308895063e-05
2457,271.5417823309999,5.5165,3.8800473224753066e-05
2458,271.63700306600003,4.0852,3.879448778654321e-05
2459,271.7340189840006,6.7676,3.878861284185186e-05
2460,271.8306717989999,6.2355,3.8782643663209885e-05
2461,271.92816870500064,6.1943,3.8776669730432106e-05
2462,272.024443841,5.7675,3.8770638128950604e-05
2463,272.11918866999986,5.9308,3.876470148561729e-05
2464,272.21679337000023,6.8165,3.8758858152530845e-05
2465,272.31601867300014,6.5266,3.8752833489691366e-05
2466,272.414041557,6.8024,3.874671849709877e-05
2467,272.50826302099995,6.3977,3.874065649290122e-05
2468,272.6057740180004,6.6045,3.8734835482037e-05
2469,272.70368235300066,6.3976,3.872882539401231e-05
2470,272.80278419800015,6.9045,3.872279525376542e-05
2471,272.8993591770004,7.2999,3.8716676024814775e-05
2472,272.9974102189999,6.0927,3.8710692206913574e-05
2473,273.09352937400035,6.3622,3.87046516396296e-05
2474,273.191587972,6.5146,3.8698706136790094e-05
2475,273.28920919100074,6.4064,3.869266511845676e-05
2476,273.3852680150003,5.4386,3.868663623981483e-05
2477,273.4832684990006,6.6318,3.868069551339504e-05
2478,273.5787906960004,6.1927,3.8674657731913546e-05
2479,273.6757984650003,5.8973,3.866875149197532e-05
2480,273.7730797640006,5.7699,3.866278432999996e-05
2481,273.86967527700017,6.2142,3.86567648483333e-05
2482,273.96582355100054,6.6032,3.865080075320984e-05
2483,274.05810314300015,6.4495,3.864486693080245e-05
2484,274.15548812199995,5.8464,3.86391814872222e-05
2485,274.2536737950004,6.3274,3.8633148236296265e-05
2486,274.3513203400007,6.7665,3.862709450487655e-05
2487,274.4463112170006,4.4126,3.8621075836790124e-05
2488,274.5426497990002,6.4747,3.861520018234567e-05
2489,274.6384575680004,6.0218,3.860925923407408e-05
2490,274.7357280570004,6.4701,3.86033418230864e-05
2491,274.83296397699996,6.1623,3.859734811709873e-05
2492,274.9273138380004,4.9898,3.859134414839502e-05
2493,275.0238230740006,6.0371,3.8585505805740754e-05
2494,275.12093240300055,6.1607,3.857955655388886e-05
2495,275.2168709180005,4.554,3.857355787895061e-05
2496,275.3152986590003,6.4767,3.856763936956786e-05
2497,275.41246277700066,6.7847,3.856157309444444e-05
2498,275.5108636450004,6.6809,3.855555617580244e-05
2499,275.6059454570004,6.2049,3.854950391339504e-05
2500,275.70122060500034,5.8921,3.854361682037035e-05
2501,275.7993757920003,7.0908,3.8537745650555515e-05
2502,275.89375648700025,6.2779,3.853168981240737e-05
2503,275.98776934000034,5.6396,3.852585481728393e-05
2504,276.0838581220005,6.4404,3.852004916456786e-05
2505,276.18047952300003,6.8709,3.851411998222223e-05
2506,276.27641856399987,7.4505,3.850816265512342e-05
2507,276.3724801570006,6.4122,3.8502236236851815e-05
2508,276.46957913999995,6.352,3.849630273370369e-05
2509,276.5642142360002,6.7391,3.849032784493824e-05
2510,276.6593076980007,5.4008,3.8484466539320976e-05
2511,276.7555290090004,6.5667,3.84786046254321e-05
2512,276.8533283980005,6.0667,3.8472668471358034e-05
2513,276.9492137840007,6.2079,3.8466633497716017e-05
2514,277.04519344300024,5.9119,3.8460697893518516e-05
2515,277.1436803590004,7.2277,3.8454777015185194e-05
2516,277.24252528299985,5.9611,3.84487140908642e-05
2517,277.3344412460001,6.6473,3.844260721487653e-05
2518,277.4251822490005,6.5427,3.843693476895062e-05
2519,277.5238698660005,7.0497,3.843135379444442e-05
2520,277.6220921920003,6.8462,3.842523478166663e-05
2521,277.71342558700053,6.4576,3.841916500401236e-05
2522,277.81078449100005,5.8094,3.841355057345678e-05
2523,277.9070454490002,5.8379,3.8407534605925894e-05
2524,278.00262434900014,6.2783,3.840157300401233e-05
2525,278.0977704650004,6.7522,3.839568076993825e-05
2526,278.19494944300004,6.5192,3.8389811643148146e-05
2527,278.2923497080001,6.6353,3.8383816892901225e-05
2528,278.3889712750006,6.0392,3.8377786004753094e-05
2529,278.48764553599995,5.898,3.837182514611111e-05
2530,278.5822234520001,5.2884,3.836574117827162e-05
2531,278.68039843299994,6.6743,3.83598919311111e-05
2532,278.77952486200047,7.139,3.835385302648146e-05
2533,278.87518081800044,5.1251,3.83477324316049e-05
2534,278.97269106300064,6.6836,3.8341811666913556e-05
2535,279.0711882980004,6.0574,3.833580495358024e-05
2536,279.1696495030001,6.5479,3.832972326240738e-05
2537,279.2683382840005,6.2572,3.8323648845123415e-05
2538,279.36506518700025,5.8137,3.831754977135803e-05
2539,279.46266975900016,6.7659,3.831157678641976e-05
2540,279.5590495810002,6.457,3.830556046870366e-05
2541,279.65398696600005,5.4718,3.829960473882716e-05
2542,279.75247220500023,6.486,3.829374817339506e-05
2543,279.85169193100046,6.203,3.828767006777778e-05
2544,279.9482150920003,5.9285,3.828154383333331e-05
2545,280.04438829300034,5.9283,3.827558273061725e-05
2546,280.1392209250007,4.5301,3.826965230666668e-05
2547,280.23606873800054,6.5208,3.826378847882715e-05
2548,280.3324794150003,6.2345,3.825780916709874e-05
2549,280.4313685850002,6.4154,3.825186361814814e-05
2550,280.5290912720002,6.1845,3.824577270555556e-05
2551,280.6239784070003,6.7039,3.8239736192222206e-05
2552,280.71937073500067,6.1889,3.823386815259255e-05
2553,280.8162364200007,6.6354,3.8227974223765426e-05
2554,280.91294242300046,5.3258,3.822200672407409e-05
2555,281.0110420890005,6.0887,3.8216036729691325e-05
2556,281.108192312,6.5756,3.820997686845675e-05
2557,281.2053302250006,5.9505,3.820398260265432e-05
2558,281.30156531300054,6.1796,3.819799053808642e-05
2559,281.39888922200043,5.883,3.8192038694012326e-05
2560,281.4946463410006,5.5442,3.818603522777777e-05
2561,281.5915554610001,6.4667,3.8180123565308624e-05
2562,281.6888910710004,5.6204,3.817414975734569e-05
2563,281.78488924500016,5.1795,3.816814145901232e-05
2564,281.8836442420006,6.9347,3.8162201240185186e-05
2565,281.98067899299986,6.2089,3.8156122236728374e-05
2566,282.07873542500056,6.5171,3.8150119639938255e-05
2567,282.17453729800036,6.1556,3.814407065617284e-05
2568,282.2720253940006,5.9187,3.813814977796292e-05
2569,282.36896798700036,6.344,3.813214034777777e-05
2570,282.4671491100007,6.441,3.8126147459012354e-05
2571,282.5627285190003,6.0033,3.812010333080247e-05
2572,282.6588641210001,5.4068,3.8114195307962966e-05
2573,282.75557565800045,6.3721,3.8108260195061706e-05
2574,282.85018863500045,6.0122,3.810229241469131e-05
2575,282.9457725550001,6.4584,3.8096445318086425e-05
2576,283.0426617940002,6.2901,3.8090545043765414e-05
2577,283.1403372270006,6.3712,3.808456084660492e-05
2578,283.23872412499986,7.0896,3.8078545443395064e-05
2579,283.3353614450007,5.4984,3.807247396728391e-05
2580,283.4325122700002,6.2706,3.8066497819444424e-05
2581,283.5321302580005,6.5635,3.806050340617282e-05
2582,283.6294393880007,6.6724,3.805436410407406e-05
2583,283.72678979900047,5.7793,3.804834260277774e-05
2584,283.8222243730006,6.2042,3.8042347494753064e-05
2585,283.92031392100034,5.1202,3.803645163425924e-05
2586,284.0183657960006,6.2795,3.803039918753083e-05
2587,284.11648375300047,6.3272,3.8024341062716054e-05
2588,284.21429687599993,6.0237,3.801828548074074e-05
2589,284.31133921000037,5.318,3.801224109148145e-05
2590,284.4057420300005,6.1695,3.800625291370366e-05
2591,284.5041813500002,5.9309,3.80004252421605e-05
2592,284.6006395610002,6.3596,3.7994350544135795e-05
2593,284.69628218100024,6.4127,3.7988396014135766e-05
2594,284.7912405140005,7.3747,3.79824954741975e-05
2595,284.88904249200004,5.7576,3.7976626749444414e-05
2596,284.98618937100036,6.82,3.797060234716046e-05
2597,285.0834509840006,6.7272,3.796459624876543e-05
2598,285.1827222259999,6.7749,3.795859585870369e-05
2599,285.2811520559999,5.9765,3.7952473073765415e-05
2600,285.37843825100026,5.5618,3.794640133179009e-05
2601,285.4752049530007,5.5623,3.794039374740738e-05
2602,285.5718424550005,5.7942,3.7934405496790124e-05
2603,285.66836682099984,6.2313,3.792845046216046e-05
2604,285.765165582,6.0464,3.792248895425923e-05
2605,285.8632506270005,6.7264,3.7916513802592595e-05
2606,285.9592527479999,5.5605,3.791046732512342e-05
2607,286.0556612240007,6.5481,3.790452616611107e-05
2608,286.15529056500054,7.0243,3.789857910432096e-05
2609,286.2521140070003,6.2132,3.789243982160495e-05
2610,286.3489165150004,5.0445,3.788645230037034e-05
2611,286.4474075900007,6.9577,3.788047427716046e-05
2612,286.54400120100036,6.0051,3.7874394067777735e-05
2613,286.64049783300015,5.9308,3.7868424857716036e-05
2614,286.73730128399984,6.2971,3.7862481431728404e-05
2615,286.835429877,6.3395,3.785650331259255e-05
2616,286.9328740010005,5.8056,3.785045345543208e-05
2617,287.03078470499986,5.9754,3.78444152903086e-05
2618,287.12894890700045,5.6718,3.783838127709877e-05
2619,287.221138506,6.8382,3.783231892339503e-05
2620,287.3199030570004,6.8262,3.7826654942407376e-05
2621,287.4183573650007,6.2466,3.7820538148209867e-05
2622,287.51874419700016,6.6251,3.781446819098765e-05
2623,287.6164854480003,6.3103,3.7808262038024676e-05
2624,287.71290283800045,6.9128,3.780222041024691e-05
2625,287.81235722400015,5.8349,3.779626578123453e-05
2626,287.9095421239999,5.9595,3.779014528561725e-05
2627,288.0065747080007,6.8335,3.77841438772222e-05
2628,288.10193450099996,6.0481,3.777814851141972e-05
2629,288.19882416400014,6.1763,3.777225325080244e-05
2630,288.2940942490004,3.6358,3.7766282595802476e-05
2631,288.3916906710001,6.7641,3.776039909037036e-05
2632,288.4838201870007,6.5962,3.775437930722221e-05
2633,288.5835383530002,6.2254,3.774869690845679e-05
2634,288.68048502700003,6.8014,3.7742535544814786e-05
2635,288.7780726210003,6.3293,3.7736551672962974e-05
2636,288.8740799850002,5.5103,3.773053251308643e-05
2637,288.96952494500056,5.4467,3.772460450432099e-05
2638,289.0654983780005,6.0999,3.771870515222221e-05
2639,289.16362156500054,6.4854,3.771278747672838e-05
2640,289.2615311360005,6.633,3.770673473055552e-05
2641,289.35988036600065,6.5195,3.770070080820988e-05
2642,289.4579076150003,7.073,3.76946163984568e-05
2643,289.5542990650001,4.5364,3.768856670487653e-05
2644,289.65103590000035,6.5184,3.768262184425926e-05
2645,289.7488891210005,6.3954,3.7676652407654325e-05
2646,289.84511320599995,6.249,3.767060815314813e-05
2647,289.9412106919999,5.6757,3.766466039351851e-05
2648,290.0380799180002,5.0557,3.765872876277778e-05
2649,290.13365047800016,5.7862,3.7652750922160477e-05
2650,290.2300768640007,5.4844,3.764685624827159e-05
2651,290.3262629110004,4.4335,3.764089819950613e-05
2652,290.4231292410004,5.833,3.763496853228395e-05
2653,290.5185033580001,5.8148,3.762898488555554e-05
2654,290.61250247299995,5.6317,3.762309513888885e-05
2655,290.71177374499985,6.3886,3.761728440123455e-05
2656,290.8087450230005,5.9945,3.761117243561729e-05
2657,290.9058600470007,5.9791,3.760518365018515e-05
2658,291.0026467360003,6.05,3.759919740444443e-05
2659,291.0994150380002,6.3367,3.7593218641851854e-05
2660,291.19699057900016,6.1829,3.7587233093888895e-05
2661,291.2945529010003,5.0249,3.758121854981479e-05
2662,291.3926358870003,6.7656,3.757519397709872e-05
2663,291.489208383,6.7947,3.756914164765432e-05
2664,291.58746320299997,6.8822,3.756318178160492e-05
2665,291.68388132900054,5.9516,3.755712322061726e-05
2666,291.78031104100046,5.9402,3.755116093530865e-05
2667,291.8720838420004,7.3768,3.754520805518518e-05
2668,291.970202771,5.9638,3.7539562235925915e-05
2669,292.066495002,6.2494,3.753348735222219e-05
2670,292.164525055,5.8781,3.752753558296297e-05
2671,292.26041655600056,5.9687,3.7521493974135754e-05
2672,292.35550833100024,5.6303,3.7515567662530835e-05
2673,292.4532438510005,6.3173,3.7509685693765415e-05
2674,292.5507047930005,6.3613,3.750367032024691e-05
2675,292.6462473720003,6.2913,3.749765806814813e-05
2676,292.7436284280002,6.5031,3.749175798141972e-05
2677,292.8423668000005,6.6452,3.748575185302467e-05
2678,292.93886011199993,5.6276,3.747966104080245e-05
2679,293.0342229349999,4.4124,3.747368757080248e-05
2680,293.1312131430004,6.6811,3.7467799463950626e-05
2681,293.22771841600024,6.4769,3.7461817400864205e-05
2682,293.3244086499999,6.7938,3.745585567320985e-05
2683,293.4194877330001,5.9339,3.7449887322839486e-05
2684,293.51537035399997,6.0829,3.744401716030861e-05
2685,293.61332072300047,7.0808,3.743811085685183e-05
2686,293.7101666620001,6.253,3.7432063450987645e-05
2687,293.80325591200017,6.2781,3.7426079721111105e-05
2688,293.89861652499985,5.7901,3.7420322160123425e-05
2689,293.99382675700053,6.3994,3.741444571641976e-05
2690,294.088079268,6.0346,3.740855549228394e-05
2691,294.1853815230006,4.3647,3.740275075382714e-05
2692,294.28354976599985,6.2821,3.739674596123453e-05
2693,294.3819850030004,6.4196,3.7390683942037e-05
2694,294.47820317100013,6.1132,3.738461996746913e-05
2695,294.575758983,6.4417,3.7378668824691356e-05
2696,294.67327950800063,6.8975,3.7372643001913555e-05
2697,294.769074027,6.7381,3.7366633002222194e-05
2698,294.86354010800005,6.2628,3.736072163209877e-05
2699,294.9610957390005,5.8274,3.735486923740738e-05
2700,295.0561810859999,5.4368,3.734886341240742e-05
2701,295.1509629030006,5.5471,3.734299319537036e-05
2702,295.24827594399994,5.287,3.73371372767901e-05
2703,295.34364839000045,4.7325,3.7331131799012356e-05
2704,295.441050206,6.2404,3.732524751759257e-05
2705,295.5366865450005,6.0405,3.7319244008580214e-05
2706,295.6345272670005,6.098,3.731332861277774e-05
2707,295.73381670800063,6.574,3.730730725154321e-05
2708,295.83195444300054,6.792,3.7301163373518524e-05
2709,295.92630817400004,6.4946,3.729510583271601e-05
2710,296.0220125300002,5.3778,3.728927760222223e-05
2711,296.1197966050004,6.0658,3.7283377367654325e-05
2712,296.2173541500006,6.0499,3.727734252888886e-05
2713,296.3131038780002,6.2932,3.727132404395058e-05
2714,296.4117554990007,6.3406,3.726540045117283e-05
2715,296.50892201199986,6.1277,3.7259324452962954e-05
2716,296.6076802100006,6.1317,3.7253321502592565e-05
2717,296.70374720400014,5.436,3.724723620148145e-05
2718,296.80085678200066,6.2571,3.724128398969135e-05
2719,296.89779189599994,6.8951,3.723531243833333e-05
2720,296.9952324420001,5.8597,3.72293118961728e-05
2721,297.09168880500056,6.5078,3.722330181018516e-05
2722,297.18960498700017,6.155,3.7217355478209876e-05
2723,297.28721604900056,5.61,3.721129448018519e-05
2724,297.3838952140004,4.4323,3.720527584913579e-05
2725,297.4814562930005,6.8343,3.7199313740185166e-05
2726,297.58018310700027,6.2842,3.71932973190123e-05
2727,297.67738366200047,5.8651,3.718720201913578e-05
2728,297.77241473400045,6.5191,3.7181193597283944e-05
2729,297.8702889599999,6.6912,3.717531780154321e-05
2730,297.96681776100013,5.8452,3.716928889586418e-05
2731,298.0652446230006,6.8468,3.716332635969133e-05
2732,298.16429825900013,6.7454,3.715726748808642e-05
2733,298.26243969700045,6.4663,3.7151140261481477e-05
2734,298.35843895500057,6.4673,3.714508542364198e-05
2735,298.45664463200046,6.3403,3.7139149087962934e-05
2736,298.5537240980002,6.5156,3.713308835487652e-05
2737,298.64981260200057,6.4729,3.71270905957407e-05
2738,298.746639598,5.9737,3.712116749641974e-05
2739,298.84621807200074,6.4432,3.711517838623456e-05
2740,298.9441444610002,6.5594,3.71090444524691e-05
2741,299.04137660800006,6.7215,3.710299610074075e-05
2742,299.1364608829999,7.1158,3.709699553037034e-05
2743,299.2359743040006,6.3291,3.709111409888886e-05
2744,299.33391042899984,7.1399,3.708499440234565e-05
2745,299.43037319500036,7.0256,3.707894469895059e-05
2746,299.52553247800006,5.6586,3.7072986788703694e-05
2747,299.621504361,6.324,3.706711368864197e-05
2748,299.7173534470003,5.5173,3.706118631141972e-05
2749,299.8141296920003,5.9888,3.7055262888148144e-05
2750,299.9103343730003,5.8583,3.704929870154322e-05
2751,300.00684685099986,5.579,3.704336267666664e-05
2752,300.1021706800002,6.2967,3.70374024883333e-05
2753,300.1946724210002,5.4009,3.703151072716049e-05
2754,300.2884076170003,6.859,3.7025789551234545e-05
2755,300.38329778500065,5.7993,3.702001702734564e-05
2756,300.4776767600006,6.4332,3.701415303098763e-05
2757,300.5726569180006,6.035,3.700834024067897e-05
2758,300.666725608,5.8026,3.700248431191354e-05
2759,300.7632115260003,6.8405,3.699666570722221e-05
2760,300.85897977200057,6.2456,3.69907288579012e-05
2761,300.9553225610007,5.9879,3.6984796337654324e-05
2762,301.0508542820007,6.368,3.697885121432098e-05
2763,301.14769191400046,6.0704,3.6972947996543195e-05
2764,301.2461022260004,6.1435,3.696698088506169e-05
2765,301.3416773910003,6.9686,3.696091624444442e-05
2766,301.437336684,5.6765,3.695499639469133e-05
2767,301.53326940700026,5.2358,3.694909516592591e-05
2768,301.62956256100006,6.0069,3.694317833296293e-05
2769,301.7264418909999,6.0469,3.693723968932099e-05
2770,301.82193647199983,6.5274,3.693126365388887e-05
2771,301.91753247999986,6.3541,3.692535434746911e-05
2772,302.0129007360001,5.8912,3.691945803783946e-05
2773,302.11037321599997,5.8968,3.691356814234569e-05
2774,302.20658040800026,6.0706,3.69075636048148e-05
2775,302.301358443,6.3013,3.690160242481482e-05
2776,302.39967699499994,6.7295,3.6895759018148116e-05
2777,302.49643503100015,6.651,3.688969471537034e-05
2778,302.594129522,6.7042,3.688372143228393e-05
2779,302.69254766999984,7.0122,3.687769425172839e-05
2780,302.7878837930002,6.4232,3.687161853987652e-05
2781,302.8845209790006,5.8949,3.686572461376542e-05
2782,302.9817472499999,6.7371,3.685977265524691e-05
2783,303.07927604999986,6.6357,3.685377082024691e-05
2784,303.176511009,5.9364,3.6847748541357995e-05
2785,303.27252720600063,6.5266,3.684174298302469e-05
2786,303.36922433200016,6.4063,3.68358097595679e-05
2787,303.4685488470004,6.2995,3.682984306580244e-05
2788,303.56518520900045,6.4541,3.6823724269444416e-05
2789,303.6595465340006,6.4388,3.68177473785185e-05
2790,303.75726040000063,5.4632,3.6811918341049375e-05
2791,303.8544922300007,6.1875,3.680590455018515e-05
2792,303.9498298790004,5.6057,3.679990512246913e-05
2793,304.0451219679999,6.0784,3.679400586802465e-05
2794,304.14102496099986,5.2046,3.678811580586417e-05
2795,304.238702054,6.4481,3.678220700888889e-05
2796,304.33625615800065,6.6191,3.677616149253082e-05
2797,304.4344918630004,6.8098,3.6770148210185195e-05
2798,304.53244095599985,6.2234,3.6764095130308615e-05
2799,304.62755515700064,6.077,3.675804819290124e-05
2800,304.7248866780001,6.7364,3.6752164304444416e-05
2801,304.8215166180007,5.3077,3.674616408037034e-05
2802,304.9211871890002,5.5922,3.6740197965555526e-05
2803,305.0188907410002,5.8419,3.67340524194444e-05
2804,305.1154549940002,6.7644,3.672801357870367e-05
2805,305.21212911400016,6.3063,3.672205489629629e-05
2806,305.3086397730003,6.1709,3.6716078898765395e-05
2807,305.4055098120007,6.6924,3.671011397944442e-05
2808,305.5001260859999,5.7248,3.670414642567901e-05
2809,305.5961225680003,6.9091,3.669829221895062e-05
2810,305.6935078690003,5.9322,3.6692382260555546e-05
2811,305.79053238899996,6.1193,3.668637330814813e-05
2812,305.88690326899996,6.6087,3.6680372501049376e-05
2813,305.98182794400054,5.1719,3.66744273988889e-05
2814,306.0778384129999,6.1824,3.6668571004074077e-05
2815,306.1757402660005,5.8763,3.666264869783952e-05
2816,306.27397802999985,6.0391,3.665659949666665e-05
2817,306.3705820790001,6.5275,3.66505467311728e-05
2818,306.4673414120007,4.9352,3.664457198111108e-05
2819,306.5636052480004,5.6405,3.663860685141976e-05
2820,306.66087246999996,5.2644,3.663266846395059e-05
2821,306.7574409429999,6.7459,3.6626651096728356e-05
2822,306.8520046419999,5.5864,3.662070006493824e-05
2823,306.9480830700004,6.0863,3.661485712919751e-05
2824,307.0462000180005,6.5334,3.6608930751419716e-05
2825,307.14368592200026,6.4036,3.660286747870369e-05
2826,307.241960843,6.7423,3.659685550753087e-05
2827,307.3400256310006,5.4406,3.6590788178086376e-05
2828,307.43645321700023,5.8493,3.658474733327161e-05
2829,307.53221234600005,5.2304,3.6578787742777775e-05
2830,307.6279053900007,6.3547,3.6572862485617256e-05
2831,307.7264065140007,6.6518,3.65669608084568e-05
2832,307.8234887540002,6.3244,3.65608919672222e-05
2833,307.9200010760005,5.686,3.6554896131358e-05
2834,308.01869018900015,6.5489,3.65489326967901e-05
2835,308.11649152100017,6.5648,3.654284004685181e-05
2836,308.2123682770007,5.3184,3.653681012092589e-05
2837,308.3077609330003,6.522,3.653088356216049e-05
2838,308.4046867719999,6.0346,3.6524993575246896e-05
2839,308.5006326110006,5.7581,3.651900938925926e-05
2840,308.5961918050007,6.06,3.6513091892345676e-05
2841,308.6914742600002,6.4393,3.650719519938271e-05
2842,308.78885234000063,6.9844,3.650131365672835e-05
2843,308.88490348100004,6.1842,3.649530742475309e-05
2844,308.982995415,6.2561,3.648936556962961e-05
2845,309.081568738,7.064,3.648331256512342e-05
2846,309.17747371099995,5.1235,3.6477225075740716e-05
2847,309.27601456699995,5.4586,3.647130584512345e-05
2848,309.3710791650001,6.5002,3.646523194555553e-05
2849,309.4677217970002,5.0735,3.64593407928395e-05
2850,309.5650955380006,6.1666,3.645339516209878e-05
2851,309.6641150680007,6.3905,3.6447388273888896e-05
2852,309.76312683800006,5.9081,3.644128871685182e-05
2853,309.85926838200066,6.018,3.643517066561726e-05
2854,309.9550046450004,5.834,3.64292208952469e-05
2855,310.0509764360004,7.0579,3.642330946685181e-05
2856,310.1474324620003,5.6219,3.641739193740739e-05
2857,310.2431403690007,6.1449,3.641144184999997e-05
2858,310.3411135180004,6.8491,3.640552024827157e-05
2859,310.4358136230003,7.0531,3.639949173419749e-05
2860,310.5319222220005,6.3678,3.639363511216048e-05
2861,310.62912276299994,6.7922,3.6387702620679e-05
2862,310.72699159700005,6.1946,3.638170754524691e-05
2863,310.8226533880006,6.4366,3.637567482259255e-05
2864,310.92135458400026,6.8442,3.636975517716048e-05
2865,311.0186079940004,5.6773,3.6363677574197505e-05
2866,311.1127424080005,5.0619,3.6357658294753064e-05
2867,311.2079246780004,5.0109,3.635183312191354e-05
2868,311.30516796100073,6.4472,3.6345969481975275e-05
2869,311.3967952570001,6.6694,3.633997511172839e-05
2870,311.4919957530001,6.5812,3.633433135179008e-05
2871,311.5871997180002,5.497,3.632842653932096e-05
2872,311.6819074390005,5.8496,3.632256643216048e-05
2873,311.77944361700065,6.5145,3.6316702464814794e-05
2874,311.87542302900056,5.7623,3.631070204234568e-05
2875,311.97332130799987,5.4029,3.6304767035185194e-05
2876,312.06903929800046,5.7544,3.629873512592591e-05
2877,312.16489472600006,6.1129,3.6292816490061696e-05
2878,312.2625739240002,5.6141,3.628689735481478e-05
2879,312.3539688609999,6.0568,3.628087967253084e-05
2880,312.45108244200037,5.4026,3.62752390182716e-05
2881,312.5467619179999,6.8089,3.6269232281975285e-05
2882,312.64423794100003,5.9799,3.626333047808641e-05
2883,312.74203197099996,7.1444,3.625732677129628e-05
2884,312.8385578390007,6.2483,3.625130095993826e-05
2885,312.93501262600057,6.4601,3.6245319862777774e-05
2886,313.0311526430005,6.5894,3.6239365230246874e-05
2887,313.12502571500045,4.6799,3.62334292688889e-05
2888,313.21965717500007,6.0679,3.622763176395062e-05
2889,313.3156394510006,6.4141,3.6221776214320966e-05
2890,313.41236409200064,5.9905,3.6215861466172816e-05
2891,313.5095051799999,7.4576,3.620989685185184e-05
2892,313.6078523460001,5.0016,3.620390344604936e-05
2893,313.7039959399999,6.7922,3.619783965759258e-05
2894,313.80104234100054,6.0774,3.6191897082037004e-05
2895,313.8966444910002,6.0577,3.6185906158580226e-05
2896,313.99333871399995,5.5497,3.618000628351851e-05
2897,314.0924857050004,6.973,3.617403671320989e-05
2898,314.19011785400016,5.9977,3.6167928273333324e-05
2899,314.28777128799993,6.6539,3.616187936697529e-05
2900,314.3820719410005,5.8342,3.61558409198148e-05
2901,314.47770840500016,6.6044,3.615003418728391e-05
2902,314.5746345340003,5.6765,3.614414129987651e-05
2903,314.6714043490001,5.6034,3.6138151707777754e-05
2904,314.7698138880005,5.7065,3.6132186155864194e-05
2905,314.864555655,5.4315,3.61261156319753e-05
2906,314.96078318699983,7.0254,3.612025404512342e-05
2907,315.059233684,7.0369,3.611430863425927e-05
2908,315.15434164900034,5.8101,3.6108237111604894e-05
2909,315.2503535570004,6.947,3.6102359592530856e-05
2910,315.34942071800015,6.0193,3.609643663475304e-05
2911,315.4458212690006,6.4811,3.609033927518519e-05
2912,315.5412366440005,5.0357,3.608436722388888e-05
2913,315.63650109800074,6.4178,3.607848687043209e-05
2914,315.733621804,6.7663,3.607261614500001e-05
2915,315.829773468,6.2227,3.6066628381666664e-05
2916,315.9273854890007,7.0598,3.6060666782777786e-05
2917,316.02135506800005,5.7758,3.605465315376539e-05
2918,316.1185550220007,6.3121,3.604884525913579e-05
2919,316.21731037600057,6.7197,3.604284594006172e-05
2920,316.3156916759999,6.3544,3.603675218012344e-05
2921,316.4141770340002,6.7673,3.603067399191354e-05
2922,316.50965275,5.266,3.602459802518516e-05
2923,316.6056992310005,6.3703,3.601870338401232e-05
2924,316.70305161500073,6.9725,3.6012785030678985e-05
2925,316.7940930140003,6.73,3.60067738535802e-05
2926,316.8894617900005,5.9555,3.6001174902469105e-05
2927,316.98503535800046,5.8389,3.5995273329567906e-05
2928,317.08152057200004,4.1988,3.59893646287654e-05
2929,317.17879054400055,5.869,3.598340611049379e-05
2930,317.2704645800004,6.7502,3.597740099246909e-05
2931,317.3670992080006,5.0944,3.597176373864195e-05
2932,317.4610854850007,5.6451,3.596577537296295e-05
2933,317.5583977920005,6.3993,3.595997615253083e-05
2934,317.65567652000027,6.2048,3.5953973471111093e-05
2935,317.75155282000014,5.6402,3.594796236530862e-05
2936,317.8479249000002,7.1657,3.594204501067902e-05
2937,317.9441543490002,5.7979,3.5936091607469104e-05
2938,318.0396572990003,5.9929,3.593015950228394e-05
2939,318.1378655110002,5.6123,3.592426498679013e-05
2940,318.23513886399996,6.4605,3.5918200280123436e-05
2941,318.332359041,5.8882,3.591218988037034e-05
2942,318.43101904300056,6.1594,3.590619057987652e-05
2943,318.52969704299994,5.8388,3.590010326049381e-05
2944,318.6275953510003,5.4741,3.58940150624074e-05
2945,318.7239294480005,5.2632,3.588797017314812e-05
2946,318.8225822260001,6.4812,3.5882006295617286e-05
2947,318.9179343599999,6.1945,3.587592937629628e-05
2948,319.0158540319999,6.0473,3.587003717820984e-05
2949,319.111951848,6.135,3.5864010214999955e-05
2950,319.2094303310005,6.1175,3.585807158172839e-05
2951,319.3080124040007,5.7324,3.5852056228888877e-05
2952,319.40429622100055,6.2867,3.584595977839505e-05
2953,319.5027675190004,6.1446,3.5840004882469106e-05
2954,319.5987383790007,5.8507,3.583392836111109e-05
2955,319.69671857400044,5.4925,3.5828023240123466e-05
2956,319.7927870580006,4.6316,3.582198511524691e-05
2957,319.89214222400005,6.2098,3.581603240691358e-05
2958,319.9910193599999,6.5042,3.580991714549383e-05
2959,320.0875508150002,6.2809,3.580381418358021e-05
2960,320.18593138100005,5.7596,3.579785338512342e-05
2961,320.28380754000045,6.1778,3.579178780820987e-05
2962,320.37977657600004,5.567,3.578573526061726e-05
2963,320.4760475410003,6.8174,3.577980405956786e-05
2964,320.5731637070003,6.7639,3.577387073438269e-05
2965,320.67062003000046,5.363,3.576788576061725e-05
2966,320.7674929949999,6.4801,3.576187057506172e-05
2967,320.8654039160001,6.6052,3.575588066092593e-05
2968,320.9623360700007,5.4339,3.5749846816172834e-05
2969,321.0597403700003,6.4195,3.574384869148145e-05
2970,321.15892522600006,5.4139,3.57378373667284e-05
2971,321.25720389400067,5.3825,3.573172883234568e-05
2972,321.354948399,6.2527,3.5725662419382714e-05
2973,321.4473439910007,6.7516,3.571962338901235e-05
2974,321.5440241080005,4.9912,3.571392106117283e-05
2975,321.6410312580001,5.9529,3.570793739172839e-05
2976,321.7374455039999,5.416,3.57019639324691e-05
2977,321.8337189600006,5.522,3.569600381061724e-05
2978,321.92982317099995,6.0848,3.569006469709874e-05
2979,322.0230982010007,3.5846,3.568413020950618e-05
2980,322.11902343900056,4.2457,3.567836081506172e-05
2981,322.21479192400056,6.2245,3.5672449876604915e-05
2982,322.31230508000044,6.7079,3.566654222351852e-05
2983,322.41126096300013,5.6675,3.56605237146296e-05
2984,322.50748313700024,5.8651,3.565442217067901e-05
2985,322.60419318500044,6.1321,3.564846025185186e-05
2986,322.7009007550005,6.6133,3.5642497205246886e-05
2987,322.7966058490001,5.2089,3.563653740969136e-05
2988,322.8948884850006,6.5478,3.5630630350185165e-05
2989,322.99138475400014,5.8851,3.562456829771601e-05
2990,323.08792742900005,5.4396,3.561859587691355e-05
2991,323.1789465040001,6.4172,3.561264239845677e-05
2992,323.27814414300065,6.4884,3.5607032201481465e-05
2993,323.3755288510001,6.2155,3.5600891779382705e-05
2994,323.4725259480001,5.8843,3.559488207432098e-05
2995,323.567523357,5.8655,3.5588892846172815e-05
2996,323.6643709630007,6.4414,3.55830243248765e-05
2997,323.7611829810003,6.421,3.557705575253086e-05
2998,323.859725583,6.0344,3.5571078005370374e-05
2999,323.9568902050005,7.0539,3.556499674012342e-05
3000,324.05589708000025,5.7002,3.555900237938271e-05
3001,324.14724210700024,6.2099,3.555290025086418e-05
3002,324.2462583940005,6.2719,3.5547267333086376e-05
3003,324.3458073660004,5.6876,3.554113180364194e-05
3004,324.44345327800056,6.5039,3.55349939432716e-05
3005,324.53974600900074,6.119,3.5528969734999985e-05
3006,324.63397825500033,5.5771,3.55230234830247e-05
3007,324.73063094900044,6.1663,3.551720591901234e-05
3008,324.8269131679999,5.9363,3.551123977432096e-05
3009,324.92413478600065,6.3874,3.550529231049383e-05
3010,325.02324019800017,6.1444,3.54992994698765e-05
3011,325.12182078800015,6.8444,3.549319018740739e-05
3012,325.2181032040007,5.3485,3.5487106943395045e-05
3013,325.3172388460007,6.3426,3.548115342882716e-05
3014,325.4134629520004,7.0129,3.5475037387962926e-05
3015,325.5090184560004,6.4738,3.5469097711604916e-05
3016,325.6055963280005,6.626,3.54631881429012e-05
3017,325.7011370099999,6.7194,3.54572344908642e-05
3018,325.79784499200014,5.4237,3.545132400339506e-05
3019,325.89429686600033,6.3683,3.544537454203703e-05
3020,325.9920187730004,6.3346,3.543940673796296e-05
3021,326.0886146720004,5.3825,3.5433380947345674e-05
3022,326.18659244800074,5.9271,3.542740446493823e-05
3023,326.28168479800024,5.3406,3.542136245870367e-05
3024,326.37679982700047,5.9307,3.541548793234569e-05
3025,326.472483775,6.7559,3.540961708858021e-05
3026,326.56868115900033,5.1829,3.5403717457407415e-05
3027,326.6629193710005,4.8915,3.539777447703699e-05
3028,326.75848997699995,5.697,3.539195868135799e-05
3029,326.8537622270005,5.4571,3.5386073255925926e-05
3030,326.9494911540005,5.7811,3.538017756179013e-05
3031,327.0466378070005,6.0406,3.537427889586418e-05
3032,327.1435110729999,6.5789,3.536828163987655e-05
3033,327.2405889060001,5.5892,3.536229750382714e-05
3034,327.3360227940002,7.0574,3.5356308065925924e-05
3035,327.43133460399986,6.265,3.535039282290121e-05
3036,327.5285343310006,6.1045,3.5344532943271605e-05
3037,327.6229487260007,3.3251,3.533853560172836e-05
3038,327.7197735710006,5.7321,3.5332692125370335e-05
3039,327.81431990300007,5.4858,3.532673049123456e-05
3040,327.90901281400056,5.6681,3.532089558654319e-05
3041,328.0048196790003,6.4431,3.5315044878271567e-05
3042,328.09977383600017,5.715,3.530912995802468e-05
3043,328.1937859489999,5.821,3.530327163037036e-05
3044,328.2884321600004,5.823,3.529746261864199e-05
3045,328.3850067379999,6.8005,3.5291619799012344e-05
3046,328.4789169230007,5.8175,3.528566709999998e-05
3047,328.5725318100003,3.9073,3.527985969913577e-05
3048,328.66576867300046,5.8599,3.5274083510555535e-05
3049,328.76234471299995,5.8572,3.5268331379691315e-05
3050,328.85762750699996,4.4024,3.526237745938269e-05
3051,328.954219532,6.7358,3.525648219148148e-05
3052,329.0508797170005,6.4891,3.525052598450618e-05
3053,329.1479316949999,5.8733,3.524456676185186e-05
3054,329.2436564010004,6.5715,3.523857380697527e-05
3055,329.3417732300004,6.1086,3.5232655613580234e-05
3056,329.4402716909999,5.8291,3.522659924746913e-05
3057,329.5396736720004,6.8565,3.5220510958641986e-05
3058,329.6357303900004,3.3482,3.521438187382714e-05
3059,329.73233442000037,7.1614,3.5208456149259274e-05
3060,329.8272564449999,6.5968,3.520249967259257e-05
3061,329.92196906700065,5.2811,3.5196624775987666e-05
3062,330.01880368,6.9627,3.519078708660492e-05
3063,330.11574908200055,6.2891,3.518481682993825e-05
3064,330.2091860170003,3.9058,3.517884028216048e-05
3065,330.3050039790005,6.5604,3.51730465989506e-05
3066,330.3966334940005,5.8425,3.516714857339504e-05
3067,330.49240075800026,6.3847,3.516149736345675e-05
3068,330.5887838340004,6.1425,3.515557101444442e-05
3069,330.68521081900053,6.0561,3.514963553765432e-05
3070,330.78164397100045,6.1639,3.5143684669135804e-05
3071,330.87973052899997,6.1301,3.513772062728392e-05
3072,330.97626234200015,6.1009,3.513166052432098e-05
3073,331.069586392,6.7445,3.512570937500001e-05
3074,331.1658794570003,6.4,3.5119940563395066e-05
3075,331.26205229600055,6.7548,3.511400032456791e-05
3076,331.3580088940007,5.7929,3.510806389376543e-05
3077,331.4537189299999,6.6852,3.510214423117282e-05
3078,331.55048129900024,5.2395,3.5096237275432054e-05
3079,331.6449528210005,6.1614,3.509026672895058e-05
3080,331.73950830800004,5.4158,3.50844272243827e-05
3081,331.8342472350005,6.1978,3.507859667092592e-05
3082,331.92883594700015,5.5386,3.507274919641975e-05
3083,332.0249667980006,6.1165,3.5066905529567894e-05
3084,332.11938821900003,5.7883,3.506098328080245e-05
3085,332.2145614150004,6.2129,3.5055139817407424e-05
3086,332.3099761800004,6.2986,3.5049274141913566e-05
3087,332.4041392480003,6.1299,3.5043392824876505e-05
3088,332.4988471860006,6.2935,3.503756655716048e-05
3089,332.597439229,6.0244,3.503171171555556e-05
3090,332.6921206289999,6.3684,3.502565229660495e-05
3091,332.7884175680001,6.4006,3.501978378339506e-05
3092,332.8849268940003,6.4892,3.501384658716048e-05
3093,332.9798130220006,6.4513,3.500789521444443e-05
3094,333.07548293499985,5.7915,3.500203268512344e-05
3095,333.1711541800005,5.6426,3.4996131797160454e-05
3096,333.2668757870006,4.9052,3.499021704086418e-05
3097,333.3631925610007,6.5888,3.498430714092592e-05
3098,333.46004061700023,6.9798,3.49783527445679e-05
3099,333.5547130220002,5.336,3.497239424623454e-05
3100,333.6506479760001,5.1807,3.496653297697529e-05
3101,333.7462664780005,6.8064,3.496063837327161e-05
3102,333.84162890600055,6.2315,3.495472281425924e-05
3103,333.9383190190001,5.6139,3.4948829929259246e-05
3104,334.03203587200005,4.5943,3.494287187506169e-05
3105,334.12651001999984,6.1581,3.4937063960308615e-05
3106,334.22405523700036,5.6311,3.493124056999999e-05
3107,334.3234371570006,6.5466,3.492522375740739e-05
3108,334.42091196599995,6.1815,3.4919097360061706e-05
3109,334.5178486140003,5.5685,3.4913086513765406e-05
3110,334.6109768410006,4.1855,3.490709585851849e-05
3111,334.7079672730006,5.3644,3.4901329784444426e-05
3112,334.8048591750003,6.4976,3.489535600709874e-05
3113,334.8985179810006,4.7607,3.488938340104939e-05
3114,334.9946204400003,6.4656,3.488359064981478e-05
3115,335.0896985240006,6.1247,3.4877655825925906e-05
3116,335.1834986450003,5.8146,3.487178859524692e-05
3117,335.27776245899986,5.8584,3.486600342154322e-05
3118,335.37359985400053,6.2534,3.486016762623455e-05
3119,335.4709273819999,5.1831,3.485426867222222e-05
3120,335.56443895100074,5.3258,3.484826434253086e-05
3121,335.6591433140002,5.7196,3.4842476437407406e-05
3122,335.7524853969999,4.8057,3.483664281314816e-05
3123,335.84907189300066,7.1362,3.483087571561729e-05
3124,335.94597402399995,6.5217,3.482493100475309e-05
3125,336.04268213900014,3.9973,3.4818931238024665e-05
3126,336.1394219370004,6.953,3.481297525685186e-05
3127,336.23646626900063,6.7646,3.480700245407409e-05
3128,336.3327383650003,5.8557,3.4801010589567906e-05
3129,336.42781170299986,6.3818,3.4795053597592566e-05
3130,336.52121126100064,6.78,3.4789194294506186e-05
3131,336.6154507680003,5.1618,3.478342484771604e-05
3132,336.7100081990002,4.4121,3.4777609476049364e-05
3133,336.8057901780003,6.4706,3.477177510117285e-05
3134,336.902126555,5.9757,3.4765872097530825e-05
3135,336.9991505900007,6.4386,3.4759925622345655e-05
3136,337.0950722910002,5.8079,3.475391190080245e-05
3137,337.19210683800065,5.716,3.474800039876541e-05
3138,337.28741182200065,6.5478,3.474200979320987e-05
3139,337.38491036600044,6.3304,3.473612056191357e-05
3140,337.48247157100013,4.9407,3.4730107023703716e-05
3141,337.58094419400004,5.5468,3.472409512098767e-05
3142,337.6773191729999,6.0602,3.4718010303703707e-05
3143,337.7739912780007,5.7049,3.4712060959753076e-05
3144,337.8701568960005,5.9089,3.470610245166662e-05
3145,337.9668429100002,6.1634,3.4700157278456755e-05
3146,338.0637860280003,6.5281,3.469419524209874e-05
3147,338.15917700800037,5.9873,3.4688217489074084e-05
3148,338.2542924340005,5.8266,3.468232308567897e-05
3149,338.3514852670005,5.8721,3.467643397611112e-05
3150,338.4499566560007,6.385,3.467044837246911e-05
3151,338.5465457750006,5.4996,3.46643844111111e-05
3152,338.64436556500004,6.0409,3.4658409562592587e-05
3153,338.74234546700063,5.0829,3.465238559993828e-05
3154,338.83709275599995,6.0537,3.464632443499998e-05
3155,338.93349915,6.8963,3.464047017185182e-05
3156,339.0305168220002,6.6042,3.4634524323580234e-05
3157,339.12749182800053,6.5898,3.4628539485246916e-05
3158,339.2229021860003,5.9669,3.4622547967901206e-05
3159,339.31319192200044,6.6949,3.461665206487654e-05
3160,339.41029258600065,6.4556,3.4611103968271564e-05
3161,339.5067645530007,6.9644,3.460508826481483e-05
3162,339.6044168420003,4.1478,3.4599118436172814e-05
3163,339.7007626150007,6.0898,3.459310000425926e-05
3164,339.79713701000037,6.7942,3.4587169354753046e-05
3165,339.8915085810004,5.7956,3.458122256808638e-05
3166,339.9879618519999,6.7017,3.457537202438272e-05
3167,340.0817936990006,4.7326,3.45694373543827e-05
3168,340.17708659100026,6.1748,3.456362834555555e-05
3169,340.26746723500037,6.6302,3.4557754654382693e-05
3170,340.3631030659999,6.1827,3.455219893135799e-05
3171,340.4602041730004,6.6395,3.454627072969137e-05
3172,340.55583367500003,5.2024,3.454028185827162e-05
3173,340.65279091200046,6.6094,3.453437665499998e-05
3174,340.74699596200026,5.4374,3.452840832271603e-05
3175,340.84321309200004,6.5029,3.452257734148145e-05
3176,340.93783087300017,6.3726,3.451664774166664e-05
3177,341.03518718099986,5.5199,3.45107972161728e-05
3178,341.1318350340007,6.6543,3.4504800024135786e-05
3179,341.2254299610004,6.9655,3.449882158543207e-05
3180,341.32193657300013,5.4738,3.4493042498333306e-05
3181,341.420213245,6.4673,3.448709351598766e-05
3182,341.5177318740007,4.4274,3.448103034172837e-05
3183,341.61295386500024,5.4195,3.4475001708456765e-05
3184,341.7083902680006,6.979,3.4469119695370326e-05
3185,341.8049196410002,5.4742,3.446324272092592e-05
3186,341.90064302300016,6.1189,3.445728399999996e-05
3187,341.9974183200002,7.1906,3.4451360599382723e-05
3188,342.09155365100014,6.1915,3.444539779753086e-05
3189,342.18585802600046,6.0504,3.443957854660491e-05
3190,342.282367369,5.1945,3.443375704253087e-05
3191,342.3786685750001,6.061,3.442780365728393e-05
3192,342.4751766190002,6.9623,3.4421856449074056e-05
3193,342.5714815520005,5.8752,3.4415912008950594e-05
3194,342.6666984379999,6.2898,3.4409966598086384e-05
3195,342.7622225920004,6.9426,3.440408188728393e-05
3196,342.8553539610002,5.4675,3.4398194045987644e-05
3197,342.95088956200016,6.1645,3.439242977049381e-05
3198,343.04601076400013,5.7224,3.438654078061726e-05
3199,343.1404247139999,6.8968,3.438066940351853e-05
3200,343.2350181640004,4.9996,3.437483997950618e-05
3201,343.3293101570007,4.157,3.4368992733395075e-05
3202,343.4272058659999,6.4799,3.4363162596358025e-05
3203,343.5246884340004,6.5262,3.4357136345061736e-05
3204,343.6219892420004,6.0839,3.435111737703704e-05
3205,343.7165342070002,5.1704,3.434510654753085e-05
3206,343.8139372660007,6.2828,3.433927128660489e-05
3207,343.90958146899993,6.5141,3.433326564493823e-05
3208,344.00402808499985,5.1123,3.4327358452098765e-05
3209,344.1018162090004,5.4521,3.4321519344999994e-05
3210,344.19983397299984,5.3123,3.4315491367407374e-05
3211,344.2972186480001,6.2879,3.430943292944443e-05
3212,344.39388482899994,5.9316,3.430342842191356e-05
3213,344.4915013230002,5.1479,3.4297462175555545e-05
3214,344.58865869300007,6.0466,3.429143911660492e-05
3215,344.6861649170005,6.0829,3.428544527518518e-05
3216,344.7774619940001,6.5487,3.4279432707283966e-05
3217,344.87414366900066,6.9713,3.4273797827345674e-05
3218,344.9721632840001,5.4327,3.426781506012346e-05
3219,345.07026558600046,6.599,3.426176583203701e-05
3220,345.1642050190003,4.4382,3.425571852648144e-05
3221,345.255145827,6.7751,3.4249895553086424e-05
3222,345.3538251710006,6.6774,3.4244306666851844e-05
3223,345.44956137900044,6.2653,3.423820505401232e-05
3224,345.54738173400074,5.478,3.4232295140308637e-05
3225,345.64377054299985,5.8854,3.4226264527098726e-05
3226,345.7397087500003,6.4618,3.4220305382037e-05
3227,345.83681035300015,6.3193,3.421438696611112e-05
3228,345.93304070400063,5.8497,3.4208395113271564e-05
3229,346.02979546200004,6.7232,3.4202444994382714e-05
3230,346.126060994,6.0576,3.419647546462963e-05
3231,346.2238413390005,6.3141,3.4190526968395044e-05
3232,346.31936419200065,6.089,3.4184501162345656e-05
3233,346.4168679300001,5.1989,3.417859843493828e-05
3234,346.51388255300026,6.2161,3.4172584415555545e-05
3235,346.6099392590004,5.8619,3.416660261740741e-05
3236,346.70670783700007,5.4561,3.4160669617777776e-05
3237,346.8021149040005,5.8461,3.415469245543209e-05
3238,346.90018594200046,5.9072,3.414879527135798e-05
3239,346.9957721710007,6.2634,3.4142761585925894e-05
3240,347.09056601300017,6.8724,3.413684678827159e-05
3241,347.1860577490006,5.9609,3.41309930574074e-05
3242,347.2830098170007,6.4953,3.412509291240738e-05
3243,347.3759188110007,4.7445,3.411912195820987e-05
3244,347.4706866760007,5.9495,3.411337204919753e-05
3245,347.5683420559999,6.308,3.410752363234566e-05
3246,347.66546473000017,6.3,3.4101501140679e-05
3247,347.76049942700047,4.8124,3.409550960580245e-05
3248,347.85168766600054,6.6552,3.4089644805185176e-05
3249,347.9498266360006,6.9026,3.40840180395679e-05
3250,348.0466515750004,5.9718,3.407796091141976e-05
3251,348.14450723900063,6.6818,3.407197536413577e-05
3252,348.24005953899996,6.385,3.406594050055553e-05
3253,348.3382396220004,5.7629,3.406002148777774e-05
3254,348.43579643700014,5.0896,3.405398176179011e-05
3255,348.5337308570006,5.9708,3.404794582049379e-05
3256,348.63115824099987,6.6104,3.404192733296295e-05
3257,348.72717849200035,6.0744,3.403590986783951e-05
3258,348.82257298700006,5.8211,3.402995761512344e-05
3259,348.91846852900017,6.8921,3.4024081285740717e-05
3260,349.0139567209999,4.2132,3.401816774691354e-05
3261,349.1085210649999,4.4545,3.401227294592592e-05
3262,349.20419862200015,6.4256,3.400642123654322e-05
3263,349.2992237750004,5.8766,3.400052679611112e-05
3264,349.394009828,5.5778,3.399466435740741e-05
3265,349.48895467500006,6.3245,3.398880554462963e-05
3266,349.584346652,5.707,3.3982945659753074e-05
3267,349.68323689800036,6.5852,3.397704650407405e-05
3268,349.78376270100034,5.674,3.3970973089876515e-05
3269,349.8805998530006,5.6456,3.396475844938272e-05
3270,349.9780586269999,6.1254,3.395875925216051e-05
3271,350.0751453319999,6.8546,3.395274791413579e-05
3272,350.16987942500054,5.3795,3.394675219432098e-05
3273,350.267784615,5.633,3.394091056932099e-05
3274,350.36472340900036,5.4406,3.393488437777779e-05
3275,350.4618556710002,5.5925,3.392888670518516e-05
3276,350.55892164000034,6.357,3.392290156858025e-05
3277,350.65533731100004,5.4311,3.3916907579444424e-05
3278,350.75089487700006,6.7769,3.391095541746915e-05
3279,350.84526138399997,4.2223,3.390505033055551e-05
3280,350.94208213599995,6.0349,3.389922448592592e-05
3281,351.03913925899997,5.6199,3.3893261519876523e-05
3282,351.1384966559999,6.3465,3.388727698907408e-05
3283,351.2367600200005,5.2914,3.388113978049379e-05
3284,351.33501591300046,6.4529,3.387506202141976e-05
3285,351.4317908180001,6.4051,3.386898296425925e-05
3286,351.5294581220005,5.8331,3.3863011609135776e-05
3287,351.6239129400001,5.9688,3.3856992025678965e-05
3288,351.7215595610005,6.3541,3.38511502398148e-05
3289,351.8177844520005,5.3544,3.3845125952407384e-05
3290,351.9146655069999,7.0922,3.383918296876542e-05
3291,352.00647212400054,6.7597,3.3833216003518484e-05
3292,352.1029800790002,6.397,3.382755659376544e-05
3293,352.1941672540006,5.9254,3.382158342499999e-05
3294,352.2892404180002,5.4895,3.3815968215802476e-05
3295,352.3828120930002,4.6101,3.381008559000001e-05
3296,352.47861775300044,6.3828,3.3804317176358e-05
3297,352.57352200600053,5.5768,3.3798419234629614e-05
3298,352.6668978580001,5.6401,3.379254040512344e-05
3299,352.7606225260006,5.2493,3.3786775273580236e-05
3300,352.8552805830004,5.4723,3.378099282339502e-05
3301,352.949705088,6.6142,3.3775146217654305e-05
3302,353.04605286700007,5.523,3.376931859765429e-05
3303,353.14165840199985,6.9386,3.376338911808641e-05
3304,353.2371413430001,6.7018,3.37574896216049e-05
3305,353.3335941360001,4.845,3.3751572574876525e-05
3306,353.43052205300046,6.4795,3.374562788450616e-05
3307,353.52528854499997,5.4739,3.373964461222223e-05
3308,353.6211534180002,5.9851,3.3733790494567906e-05
3309,353.7163152490002,6.3448,3.37278864030247e-05
3310,353.81130127899996,5.0879,3.372201552987654e-05
3311,353.9076056900003,6.0566,3.371615104185181e-05
3312,354.004523179,5.5944,3.371019796216045e-05
3313,354.1011945150003,5.973,3.37042165530247e-05
3314,354.195187499,6.3668,3.369825211975307e-05
3315,354.2905826890001,6.0858,3.369243076969135e-05
3316,354.38292877999993,5.7389,3.368653946475307e-05
3317,354.47791767499984,6.0059,3.3680842358271605e-05
3318,354.57179191200066,5.9063,3.367499591777777e-05
3319,354.66624667700034,5.6857,3.3669186422962976e-05
3320,354.76159737800026,5.8414,3.3663369002839473e-05
3321,354.8574944290003,5.1839,3.3657487286728376e-05
3322,354.95110231800027,5.7529,3.365156063135803e-05
3323,355.0464511250002,6.4247,3.364578115506172e-05
3324,355.14057537400004,5.6651,3.363989064728393e-05
3325,355.23629237500063,5.7963,3.363407270499998e-05
3326,355.3334880370003,6.9142,3.3628177746543176e-05
3327,355.42949074600074,5.5476,3.362218227154317e-05
3328,355.5263950940007,6.6147,3.361625236925923e-05
3329,355.6231945260006,6.5507,3.361026678691355e-05
3330,355.7135462310007,6.431,3.360429913499996e-05
3331,355.80937603300026,5.6591,3.359873448135799e-05
3332,355.9040076700003,5.7293,3.3592801250246917e-05
3333,355.9993903929999,5.9468,3.3586960249938246e-05
3334,356.0952169020002,6.4427,3.358106785895062e-05
3335,356.19154941000033,5.8686,3.3575153166913576e-05
3336,356.2838550380002,5.8717,3.3569207260678994e-05
3337,356.37890817600055,6.4196,3.356350258037035e-05
3338,356.47250719600015,6.109,3.355765263932095e-05
3339,356.5680529250003,5.9598,3.355185928950617e-05
3340,356.66445237900007,6.3988,3.354597479734568e-05
3341,356.76152186000036,6.3359,3.354002481870367e-05
3342,356.85871382500045,6.5049,3.353403930759259e-05
3343,356.9542198220006,5.9293,3.3528024011111094e-05
3344,357.049155361,5.9076,3.352213521703701e-05
3345,357.14561384600074,6.3743,3.351627228061727e-05
3346,357.2398807570007,6.2741,3.351031167648149e-05
3347,357.33607734199995,6.4068,3.3504486987222205e-05
3348,357.43033997100065,4.8793,3.349856686814814e-05
3349,357.52566231000037,6.8407,3.349273947061726e-05
3350,357.61581214000034,5.7492,3.348685581580244e-05
3351,357.7128180240006,5.212,3.348131353277776e-05
3352,357.8084049480003,5.218,3.347530809530865e-05
3353,357.90517894500044,6.5797,3.3469409068827166e-05
3354,358.00052018800034,5.8447,3.346344274333329e-05
3355,358.0968922990005,6.529,3.345755253740742e-05
3356,358.19061475800027,5.8901,3.3451607322962966e-05
3357,358.281074771,6.135,3.344580330444444e-05
3358,358.37846344900026,5.9612,3.344024105302466e-05
3359,358.4755416759999,6.0312,3.343420867796295e-05
3360,358.56848796600025,4.7143,3.3428225623271584e-05
3361,358.66298581699994,6.5315,3.342247669098761e-05
3362,358.758045388,5.8249,3.341665128228394e-05
3363,358.85454756200033,6.2393,3.341077183395061e-05
3364,358.94833638100044,5.9342,3.340483029944445e-05
3365,359.0453804580002,5.8973,3.339903626037034e-05
3366,359.1403407329999,6.1755,3.3393051579320944e-05
3367,359.23830154500047,7.2253,3.338717297506169e-05
3368,359.3328776170001,6.1454,3.338114372327159e-05
3369,359.4285343770007,6.228,3.337529677728391e-05
3370,359.5240691480003,6.008,3.336939351845676e-05
3371,359.6215666340004,5.8206,3.3363493035061724e-05
3372,359.71843384100066,5.1861,3.335749114981478e-05
3373,359.81413951000013,5.9535,3.3351515208703716e-05
3374,359.90907922800034,6.3666,3.334559670104934e-05
3375,360.0036531570004,4.662,3.333974040790121e-05
3376,360.09940224300044,6.4837,3.333389587123456e-05
3377,360.1970850380003,6.4981,3.332798935882715e-05
3378,360.29414772200016,6.8524,3.3321959837160505e-05
3379,360.3899189600006,4.719,3.331596485290122e-05
3380,360.4885976630003,5.9529,3.3310042971604924e-05
3381,360.5871193390003,6.007,3.330396386197528e-05
3382,360.6827975639999,6.0927,3.329788885092591e-05
3383,360.7777253049999,5.7222,3.3291972787098735e-05
3384,360.8734238750003,5.9727,3.328611762512347e-05
3385,360.97144130000015,6.7964,3.328020930938271e-05
3386,361.06581697799993,6.0938,3.3274164390308624e-05
3387,361.1625019870007,5.9113,3.326832566382715e-05
3388,361.26047337100044,6.5903,3.32623689722222e-05
3389,361.3587851279999,6.1644,3.3256323173024706e-05
3390,361.4578620729999,6.1519,3.325026141697531e-05
3391,361.5542677200001,5.0677,3.3244141594382705e-05
3392,361.65013597600046,6.7121,3.323817420870371e-05
3393,361.74551006799993,6.2492,3.323226434987652e-05
3394,361.8425212960001,6.0846,3.322637782524688e-05
3395,361.9396723110003,6.568,3.322039384253087e-05
3396,362.03495586900044,5.2185,3.321438836882717e-05
3397,362.13143634600056,6.198,3.320850807993827e-05
3398,362.2227599130001,6.1526,3.3202560920617264e-05
3399,362.3198826220005,6.1006,3.319692696055556e-05
3400,362.41749750000054,5.9234,3.31909211567284e-05
3401,362.5163407990003,6.7275,3.318489998117283e-05
3402,362.6127718480002,5.9298,3.317880147709875e-05
3403,362.7087263809999,5.4016,3.317284365635799e-05
3404,362.7986880819999,6.4738,3.316691748870367e-05
3405,362.89526062999994,5.9227,3.316138435382712e-05
3406,362.9911431260007,6.4897,3.315540014950616e-05
3407,363.08682439899985,5.6535,3.3149478336111115e-05
3408,363.18301688000065,4.8176,3.314357060851852e-05
3409,363.2805059600005,6.4064,3.313764152253083e-05
3410,363.3780717890004,6.2873,3.3131618921543185e-05
3411,363.4752899360001,6.6286,3.3125594849259225e-05
3412,363.57214824400035,6.2031,3.311959102135803e-05
3413,363.66633917200033,5.169,3.311362603043209e-05
3414,363.76135376,6.3589,3.310779843709874e-05
3415,363.8563470300005,5.1424,3.310193653888886e-05
3416,363.9542864210007,6.3663,3.309606232734569e-05
3417,364.0505148660004,6.159,3.3090045576357985e-05
3418,364.1420296330007,5.8689,3.3084085137777745e-05
3419,364.23924632000035,6.3473,3.307844632364199e-05
3420,364.3305320310001,6.8146,3.3072420838333316e-05
3421,364.43074674200034,5.9508,3.30668169122222e-05
3422,364.5297996440004,7.0236,3.306062085938271e-05
3423,364.62862843400035,7.1066,3.305449812154318e-05
3424,364.72661352400064,6.6316,3.304839080234564e-05
3425,364.82203768100044,4.682,3.3042351000308605e-05
3426,364.91921167000055,6.7953,3.303645588018517e-05
3427,365.01645198000006,6.0806,3.303046192141973e-05
3428,365.1137078870006,6.3432,3.302446289037034e-05
3429,365.2122229460001,6.29,3.301845797154317e-05
3430,365.3103161910003,6.1242,3.3012379846111096e-05
3431,365.4059694480002,4.9669,3.3006331757283926e-05
3432,365.5003999139999,5.4189,3.300041816882713e-05
3433,365.59519469600036,2.9651,3.29945815976543e-05
3434,365.69126275300005,5.7246,3.2988726167839466e-05
3435,365.78828912300014,4.7376,3.2982814410925915e-05
3436,365.8865664170007,5.5427,3.2976822686543175e-05
3437,365.98273684300057,5.689,3.297074843049381e-05
3438,366.07797296399985,6.6627,3.296480391944442e-05
3439,366.1758362320006,5.13,3.295893227969131e-05
3440,366.27127088199995,5.8144,3.295290492925923e-05
3441,366.3680613810002,6.4938,3.294699267228394e-05
3442,366.46645178700055,6.1899,3.294103377759257e-05
3443,366.5629113980003,5.9919,3.2934959024814816e-05
3444,366.65893624100045,5.2586,3.2929001520678985e-05
3445,366.7559428150007,6.6905,3.2923078976666633e-05
3446,366.8498293570001,6.3337,3.291708121586419e-05
3447,366.94568456900015,6.4251,3.291128800376544e-05
3448,367.04288020200056,6.8363,3.290537225055552e-05
3449,367.140696038,5.741,3.2899373816543195e-05
3450,367.23993732100007,6.7655,3.289333178419754e-05
3451,367.33082835000005,6.6409,3.288721392697527e-05
3452,367.4283710890004,6.3827,3.2881610397469134e-05
3453,367.52711054500014,5.9346,3.287557704950617e-05
3454,367.62532670400014,5.366,3.2869488457469106e-05
3455,367.721934743,6.1637,3.2863418449629636e-05
3456,367.8169950720003,6.3414,3.2857452214444426e-05
3457,367.9152148430003,6.5444,3.2851593825740724e-05
3458,368.01311279699985,5.9147,3.2845531665802476e-05
3459,368.1072749060004,3.2311,3.2839490142345664e-05
3460,368.2030014810007,4.5643,3.2833664372962944e-05
3461,368.29844704400057,6.682,3.282775964722218e-05
3462,368.39552009199997,5.9593,3.282186282845678e-05
3463,368.4923541090002,5.3322,3.281587896895057e-05
3464,368.5893069240001,6.0396,3.2809897051543206e-05
3465,368.68498333800017,4.9978,3.280392514549381e-05
3466,368.78026718900037,6.7982,3.279801081086421e-05
3467,368.87491246800073,5.8427,3.279212296728396e-05
3468,368.97211759900074,6.3008,3.2786284742283945e-05
3469,369.0681604400006,5.6801,3.2780289526234545e-05
3470,369.1660400520004,6.6642,3.277435320234569e-05
3471,369.2644915000001,7.1498,3.276831692067901e-05
3472,369.3607990850005,5.7477,3.276224051512342e-05
3473,369.45205793200057,5.7629,3.2756281575679015e-05
3474,369.55155679400013,6.0583,3.2750676047283906e-05
3475,369.6494472430004,5.8772,3.274452597839504e-05
3476,369.7439612930002,5.1348,3.273848269092592e-05
3477,369.84162026100057,5.49,3.2732632085555545e-05
3478,369.93990001400016,6.8426,3.272662347061725e-05
3479,370.0364345860007,5.1513,3.272055067549383e-05
3480,370.13286451600015,5.8353,3.2714585233456774e-05
3481,370.23000068300007,5.8866,3.270863501864195e-05
3482,370.3275429920004,5.903,3.270264132135803e-05
3483,370.4250462380005,6.5285,3.269661863481478e-05
3484,370.52164178900057,5.886,3.2690596095308646e-05
3485,370.61871960700046,6.1788,3.2684623953703715e-05
3486,370.7142105030007,6.2499,3.2678640559629625e-05
3487,370.8098425620001,6.5644,3.267274642969133e-05
3488,370.9063745220001,5.5262,3.266684375345679e-05
3489,371.00124512599996,5.0513,3.2660892083333326e-05
3490,371.0974399180004,5.5835,3.2655013532530854e-05
3491,371.19408345900047,6.9037,3.264909477172841e-05
3492,371.2899144310004,4.7523,3.264312426037033e-05
3493,371.3843454610005,4.5313,3.263720673685182e-05
3494,371.47993854000015,6.2028,3.26313660698765e-05
3495,371.5749877540002,5.4633,3.262548381722219e-05
3496,371.6701607690002,5.3021,3.261961072407404e-05
3497,371.7648283819999,6.3983,3.26137294711111e-05
3498,371.8598250740006,4.9368,3.26078961538889e-05
3499,371.95712465700035,6.6707,3.260202673623458e-05
3500,372.0481117970003,6.1996,3.259603070611113e-05
3501,372.1457949180003,5.9722,3.259041603364197e-05
3502,372.2417886250005,6.1491,3.258438533209873e-05
3503,372.33807813100066,6.8559,3.2578443753888885e-05
3504,372.43599754500065,6.1095,3.257250657197531e-05
3505,372.53117060100067,6.3448,3.256647572308642e-05
3506,372.62244172100054,6.3061,3.256058679339506e-05
3507,372.72021889500047,6.8556,3.255497195154319e-05
3508,372.8161373310004,6.6958,3.254892232296293e-05
3509,372.9092768979999,5.1555,3.254300055561729e-05
3510,373.00658719200055,6.7885,3.25372405019753e-05
3511,373.10150179799984,6.0845,3.253124418358025e-05
3512,373.19633261000035,6.0381,3.252538281444444e-05
3513,373.2939802820001,6.5092,3.2519529417592574e-05
3514,373.3911755039999,6.94,3.251351055722218e-05
3515,373.48986554100065,5.6659,3.2507504783086375e-05
3516,373.58790359500017,6.2647,3.2501405570123444e-05
3517,373.6842678560006,6.2175,3.2495368718024666e-05
3518,373.78195725600017,5.4044,3.248941376333334e-05
3519,373.8771977060005,4.5825,3.248339100604937e-05
3520,373.9732386800006,5.5652,3.2477500592962943e-05
3521,374.06946928400066,5.3702,3.2471569840802455e-05
3522,374.1651663450002,6.1055,3.2465641337716036e-05
3523,374.26125651800066,5.558,3.245972823314816e-05
3524,374.35689651900066,6.2357,3.245377288611109e-05
3525,374.4537714200005,7.0152,3.244789153907406e-05
3526,374.5520427649999,6.0379,3.244191477895061e-05
3527,374.64735332300006,5.4954,3.243585845617283e-05
3528,374.74255449200064,5.3929,3.2429950437654324e-05
3529,374.8385797159999,5.4263,3.242407957388889e-05
3530,374.9372395240007,5.8815,3.24181559287654e-05
3531,375.03534363000017,5.8694,3.2412079378518516e-05
3532,375.1322843380003,6.0657,3.240600705641976e-05
3533,375.230448022,6.6709,3.240003014975308e-05
3534,375.3273960280003,6.1084,3.2393967114876545e-05
3535,375.42553228199995,5.6681,3.2387983143888864e-05
3536,375.5237803079999,5.3456,3.238192727944441e-05
3537,375.61917502100005,4.3941,3.2375867943827155e-05
3538,375.7150915810007,4.9304,3.236996838716051e-05
3539,375.8136106230004,6.2116,3.236404889296297e-05
3540,375.9095700779999,5.4034,3.235798873179012e-05
3541,376.007421757,6.2892,3.2352045494567895e-05
3542,376.10385240100004,5.8607,3.234600961111112e-05
3543,376.20115608500055,5.9365,3.234004198543208e-05
3544,376.2992736720007,7.1022,3.2334041550802464e-05
3545,376.39522027900057,5.8078,3.232799772074071e-05
3546,376.4925830810007,4.3707,3.2322073022901236e-05
3547,376.5893904120003,5.7933,3.231605148438272e-05
3548,376.68662547200074,6.5881,3.2310078759999974e-05
3549,376.7822700380002,6.3956,3.230408225993825e-05
3550,376.8794662050004,5.9785,3.229816633432098e-05
3551,376.97573736699997,5.6734,3.229219044746914e-05
3552,377.0732885870002,6.6164,3.228621511432097e-05
3553,377.16974709900023,5.886,3.228021498043206e-05
3554,377.2664331169999,6.3695,3.2274254506790124e-05
3555,377.3634254280005,5.9609,3.226829275401233e-05
3556,377.45880531700004,2.7776,3.226230052345677e-05
3557,377.5562441430002,6.5852,3.2256402916913556e-05
3558,377.65359968100074,6.0661,3.225040110240739e-05
3559,377.74484186600057,6.9581,3.2244398722345646e-05
3560,377.84191671400004,5.8823,3.223876750759257e-05
3561,377.93729093,4.5444,3.223275982808642e-05
3562,378.0329310880006,5.7241,3.2226882914320966e-05
3563,378.1305270510002,5.3153,3.222097491018517e-05
3564,378.22780757500004,6.1011,3.221494907481479e-05
3565,378.32311163600025,5.623,3.220895097462963e-05
3566,378.41631809699993,5.1556,3.2203053775864156e-05
3567,378.51372555299986,5.373,3.219730249672837e-05
3568,378.6102725290002,6.3636,3.219129550413578e-05
3569,378.70556787700025,6.0245,3.218533408716049e-05
3570,378.8020020130007,5.8511,3.217945224339507e-05
3571,378.8977209089999,6.2647,3.217350121074072e-05
3572,378.99152364600013,5.9926,3.2167591246111104e-05
3573,379.08907614300006,5.1799,3.216178818734568e-05
3574,379.18231562500023,3.8305,3.215579015679008e-05
3575,379.27754758799983,6.2396,3.2150007110925925e-05
3576,379.3746412340006,6.1852,3.21441364472222e-05
3577,379.47077991600054,6.8774,3.2138152302345645e-05
3578,379.57019775700064,6.5375,3.213221384253083e-05
3579,379.66789037200033,5.9618,3.2126080674938244e-05
3580,379.76494704500055,6.3892,3.212005020475306e-05
3581,379.862367406,6.1764,3.211405327376539e-05
3582,379.95847018400036,6.8661,3.21080545169753e-05
3583,380.05488230300034,5.8371,3.210211600925925e-05
3584,380.14559163300055,6.387,3.209615570358022e-05
3585,380.24424538899984,6.141,3.209057973320987e-05
3586,380.3404355920002,6.0951,3.208447765425925e-05
3587,380.4373174709999,5.7144,3.2078532614012336e-05
3588,380.53383975700035,6.5757,3.207256176722223e-05
3589,380.6280887540006,3.8073,3.2066588921975274e-05
3590,380.71853861399995,5.7428,3.20607794102469e-05
3591,380.81372827700034,5.6114,3.205520879456788e-05
3592,380.9091043210001,6.8189,3.204931591481483e-05
3593,381.00716642099997,6.3789,3.2043432509135804e-05
3594,381.1041415740001,6.4191,3.203738186228394e-05
3595,381.20088638200014,5.8059,3.2031389408148134e-05
3596,381.29629587599993,5.7468,3.20254216389506e-05
3597,381.3925710880003,5.9131,3.201952456796295e-05
3598,381.48909769500005,6.2009,3.201360249388887e-05
3599,381.58484438100004,4.7515,3.2007628685678976e-05
3600,381.6816820849999,5.3633,3.200170939314814e-05
3601,381.7782217740005,6.2824,3.199575142358024e-05
3602,381.87575953600026,5.5646,3.198979140462963e-05
3603,381.9695132830002,4.6077,3.198377171370367e-05
3604,382.0660037030002,5.4582,3.197796457364196e-05
3605,382.16072826300024,5.9385,3.1972021477839484e-05
3606,382.2594934030003,6.5488,3.196616405123452e-05
3607,382.3582704070004,3.8933,3.1960064789074054e-05
3608,382.4565289930006,4.6511,3.195398460567902e-05
3609,382.555254805,7.0377,3.194790627938268e-05
3610,382.6521535510001,5.9702,3.194181815043207e-05
3611,382.749397519,5.9901,3.193583547604939e-05
3612,382.8459869060007,6.2689,3.192983229135802e-05
3613,382.943866052,6.3844,3.192387468419754e-05
3614,383.04156036099994,5.5495,3.1917834625370335e-05
3615,383.1371570830006,6.2164,3.191178913327158e-05
3616,383.2346493490004,6.1835,3.1905898456481495e-05
3617,383.3327731770005,6.4582,3.1899882266111094e-05
3618,383.43007054400005,5.9295,3.18938205921605e-05
3619,383.527683198,6.7408,3.1887817691604925e-05
3620,383.6232814470004,5.9367,3.188177662228391e-05
3621,383.71937628200067,6.3979,3.187588074975304e-05
3622,383.8161856220004,6.5785,3.1869951383518484e-05
3623,383.9137033850002,5.251,3.1863978181790135e-05
3624,384.010819737,6.6128,3.185796009450618e-05
3625,384.10775046300023,5.7239,3.185195826734568e-05
3626,384.206869785,6.5713,3.1845979547469095e-05
3627,384.3074092020006,6.392,3.1839863782716006e-05
3628,384.4046002949999,6.3007,3.183366636401231e-05
3629,384.5024000100002,5.7341,3.182766323030861e-05
3630,384.59904532400014,5.5013,3.182162079858025e-05
3631,384.69499286500013,6.2396,3.18156495132716e-05
3632,384.7938317490007,6.0331,3.180972380308638e-05
3633,384.887716491,4.2454,3.180364983709875e-05
3634,384.9826160820003,5.9377,3.179782816611109e-05
3635,385.0797751230002,5.6944,3.179196750179011e-05
3636,385.17310454200015,4.4762,3.178598170654318e-05
3637,385.26852240800054,5.7465,3.178020078364199e-05
3638,385.36531101699984,5.5982,3.1774334900678984e-05
3639,385.4631283180006,5.8425,3.176835992333334e-05
3640,385.5600199500004,6.3441,3.176232558895063e-05
3641,385.6569352209999,6.1032,3.175634244814813e-05
3642,385.7552041100007,5.8701,3.17503595850617e-05
3643,385.852761872,6.0326,3.174430032382712e-05
3644,385.94914461999997,6.2307,3.1738270348518495e-05
3645,386.0449780879999,6.6578,3.173232046067897e-05
3646,386.13657605500066,6.7818,3.17263982341975e-05
3647,386.23347381700023,5.3677,3.1720760939012316e-05
3648,386.33245178200013,6.4485,3.171476388753086e-05
3649,386.43067032,5.8293,3.170866806506172e-05
3650,386.5270481690004,6.2848,3.1702607900370364e-05
3651,386.62119867300044,5.4718,3.169664558413579e-05
3652,386.7153941020006,6.5962,3.169082458864198e-05
3653,386.8129379920001,6.3613,3.168501941006172e-05
3654,386.9094339590001,6.299,3.167901028024691e-05
3655,387.0049627670005,6.5095,3.167304915549378e-05
3656,387.0995261500002,5.4034,3.1667136117901205e-05
3657,387.1949962940007,5.7388,3.1661303335617286e-05
3658,387.291532233,5.9716,3.1655404804135756e-05
3659,387.38759162600036,6.7155,3.164945139598763e-05
3660,387.4857258060001,6.7515,3.164351582975306e-05
3661,387.5814493349999,6.804,3.163747500055555e-05
3662,387.675994831,4.761,3.163155157919751e-05
3663,387.77118261800024,5.3578,3.162571018080245e-05
3664,387.866668396,5.6963,3.161984524728392e-05
3665,387.96297684900037,5.8254,3.1613947889259235e-05
3666,388.06045389000064,7.0257,3.1608007171481446e-05
3667,388.1560355720003,6.5216,3.160200120728394e-05
3668,388.25217940699986,5.5663,3.1596089488888895e-05
3669,388.34925287700025,5.9031,3.159015538518518e-05
3670,388.4460104059999,6.6727,3.1584160455925905e-05
3671,388.54410559200005,6.8107,3.157819055308642e-05
3672,388.6406352590002,5.9609,3.157213973561727e-05
3673,388.73530006200053,5.6067,3.156618281327161e-05
3674,388.8337707589999,6.414,3.156031990999997e-05
3675,388.9317787380005,6.5696,3.155426273376544e-05
3676,389.0294153670002,6.1371,3.1548199027160485e-05
3677,389.12759660200027,6.0639,3.1542176958086385e-05
3678,389.2244736190005,6.4094,3.1536117532283904e-05
3679,389.32310901100027,6.2829,3.15301309698765e-05
3680,389.4199263970004,5.8608,3.152405211888885e-05
3681,389.51921659100026,6.7281,3.151806669240738e-05
3682,389.6156188190007,6.6118,3.151196025771601e-05
3683,389.7116880419999,4.9768,3.1505984214567895e-05
3684,389.8059761710001,6.1777,3.1500056831049354e-05
3685,389.89675370400073,6.3479,3.149423906537036e-05
3686,389.995016934,6.4667,3.148864538740737e-05
3687,390.0919978360007,5.7846,3.1482580663580255e-05
3688,390.1890559379999,6.8783,3.1476583821234576e-05
3689,390.2860964070005,5.1956,3.147059848598766e-05
3690,390.3854467350002,6.4187,3.14646077967901e-05
3691,390.48288643700016,4.8171,3.14584722145679e-05
3692,390.5780631860007,6.3039,3.1452450151543174e-05
3693,390.67234424900016,5.7725,3.144657931635799e-05
3694,390.76741749400026,4.6627,3.144075360061727e-05
3695,390.8628232159999,5.6934,3.143488334092592e-05
3696,390.9608579830001,6.7311,3.142899442364198e-05
3697,391.05605002500033,6.2831,3.142295647641973e-05
3698,391.15277708900067,6.9174,3.141707464586416e-05
3699,391.2489435329999,5.894,3.1411096695432106e-05
3700,391.34706799300056,6.136,3.140516926240741e-05
3701,391.4432392440003,5.945,3.1399110581234574e-05
3702,391.5391661980002,5.7933,3.139316282938272e-05
3703,391.6353663310001,6.2575,3.138724696925922e-05
3704,391.73234003700054,5.8295,3.1381306759012326e-05
3705,391.8289095730006,6.1248,3.137533335209877e-05
3706,391.92395627099995,6.4307,3.136937712092591e-05
3707,392.02113265200023,5.6289,3.136349235660492e-05
3708,392.1167924070005,6.3867,3.1357505799321e-05
3709,392.21358396600044,6.235,3.1351588137530836e-05
3710,392.31041428000026,5.5371,3.1345627067283954e-05
3711,392.40175421500044,6.3266,3.133964585956788e-05
3712,392.49839768400034,6.4314,3.1334012725925885e-05
3713,392.5960646610001,7.0801,3.132804262024691e-05
3714,392.69247242300025,6.0483,3.1322026989320964e-05
3715,392.7881980020002,5.291,3.1316061743333295e-05
3716,392.88545654600057,6.4428,3.131015509623456e-05
3717,392.98366087700015,5.7686,3.1304163506728356e-05
3718,393.08115229800023,6.4386,3.129810217537038e-05
3719,393.1726776539999,5.9472,3.1292085683765406e-05
3720,393.268342931,5.7108,3.128642424580246e-05
3721,393.36646815400036,6.6937,3.12804987474074e-05
3722,393.4641646380005,5.2659,3.127446024833329e-05
3723,393.55828319900047,5.7139,3.126843549006172e-05
3724,393.6536965109999,6.3538,3.126259884401233e-05
3725,393.75264911400063,6.463,3.125672323827159e-05
3726,393.84894760299994,5.9227,3.1250631272962974e-05
3727,393.9474895030007,5.8891,3.124466474635803e-05
3728,394.0449682970002,5.7867,3.123860041598765e-05
3729,394.14276530000006,6.8407,3.1232572000987633e-05
3730,394.24109400399993,5.6627,3.122653849975309e-05
3731,394.34021734700036,6.5258,3.1220466044382714e-05
3732,394.4316435340006,6.0424,3.1214357566481465e-05
3733,394.52927464300046,5.8406,3.1208724978641956e-05
3734,394.6263622910001,6.3037,3.120268655555557e-05
3735,394.72284875400055,6.266,3.119669845006172e-05
3736,394.8192287950005,5.8257,3.1190747918086395e-05
3737,394.91553286199996,4.4733,3.118479840796294e-05
3738,395.0104533950007,5.746,3.1178844338641964e-05
3739,395.1089994310005,6.2357,3.11729833696296e-05
3740,395.2061453790002,5.6466,3.116691008981479e-05
3741,395.3028058730006,5.6294,3.116091338524689e-05
3742,395.3998580380003,5.5218,3.1154931960061695e-05
3743,395.49729203600054,5.7202,3.114893041709877e-05
3744,395.5921889830006,7.1456,3.1142925811481475e-05
3745,395.68885442400006,5.9596,3.11370714329012e-05
3746,395.78636911300055,4.7917,3.113111952882713e-05
3747,395.88200616999984,6.7984,3.1125092976172806e-05
3748,395.97742705700057,6.1684,3.111918611388886e-05
3749,396.0743838090002,6.7559,3.1113291853518524e-05
3750,396.1692914340001,5.2777,3.110732095117283e-05
3751,396.2655504510003,6.7199,3.1101440649506154e-05
3752,396.3618469820003,5.0429,3.1095513096604944e-05
3753,396.4599174539999,5.9539,3.108956552327157e-05
3754,396.55149862600047,6.6134,3.1083514370061715e-05
3755,396.64903950400003,5.419,3.107786595740739e-05
3756,396.7447339370001,6.5887,3.107184159895058e-05
3757,396.8412489430002,6.5011,3.1065933464629603e-05
3758,396.9366302260005,6.4637,3.1059982465678983e-05
3759,397.0331942370003,6.5443,3.1054071982592593e-05
3760,397.12771850599984,6.4826,3.1048122880061715e-05
3761,397.2247920690006,5.24,3.1042278964197505e-05
3762,397.32267861499986,5.94,3.10362828067901e-05
3763,397.41670459099987,5.7968,3.103025314462959e-05
3764,397.5115513380006,5.8623,3.102444078055556e-05
3765,397.6071194209999,6.4144,3.101858482580246e-05
3766,397.7017446130003,4.4016,3.101268491216048e-05
3767,397.79764240199984,5.6155,3.100684280629628e-05
3768,397.89553963400067,6.6953,3.100093874043209e-05
3769,397.9921944970001,5.2808,3.09948972152469e-05
3770,398.08837663400027,5.9873,3.0988914043024675e-05
3771,398.1856300449999,5.4286,3.098297984111109e-05
3772,398.28264132799995,6.2126,3.0976993968580236e-05
3773,398.3747600450006,6.6312,3.097099306753086e-05
3774,398.4718519799999,4.9042,3.096531776253083e-05
3775,398.56983008099996,6.437,3.095931549654318e-05
3776,398.667621351,5.6137,3.0953275765123464e-05
3777,398.7650157150001,4.7918,3.09472379482716e-05
3778,398.86124137500065,6.4476,3.094122315561727e-05
3779,398.9580276020006,5.7469,3.0935274493024645e-05
3780,399.056001035,5.767,3.092930845697527e-05
3781,399.15007024199986,4.8444,3.092325874858023e-05
3782,399.24734447599985,6.3739,3.091743414438273e-05
3783,399.34195395500046,6.4453,3.091144227277777e-05
3784,399.44109195300007,7.1364,3.090558659135802e-05
3785,399.537081642,6.0079,3.0899494033086416e-05
3786,399.6348147970002,6.9696,3.08935546550617e-05
3787,399.7317064960007,6.5974,3.088752633635803e-05
3788,399.8272416160007,6.6267,3.088154090827158e-05
3789,399.9239551990004,5.192,3.0875645152345675e-05
3790,400.01929157999984,6.3157,3.086967786339503e-05
3791,400.11559252200004,6.5574,3.086378569154319e-05
3792,400.2063485839999,6.9124,3.085784551697532e-05
3793,400.3026015490004,5.2415,3.0852257491913535e-05
3794,400.39881553800024,6.1619,3.084629373654316e-05
3795,400.4945336139999,5.0992,3.084036291407409e-05
3796,400.58844107000004,6.3995,3.0834457740493794e-05
3797,400.6817002460002,5.3369,3.0828648266481454e-05
3798,400.77853753599993,6.3348,3.082290336611112e-05
3799,400.87344112700066,6.6737,3.0816937960617275e-05
3800,400.9701485730002,5.8372,3.081106831709877e-05
3801,401.06627760300034,5.3319,3.0805106918888884e-05
3802,401.1618622850001,5.7826,3.0799170510617284e-05
3803,401.25772488300026,5.6207,3.079327069499998e-05
3804,401.3539300020002,6.3435,3.0787344885617286e-05
3805,401.4510574189999,6.4462,3.078139643234565e-05
3806,401.5467346740006,5.7728,3.077541154425921e-05
3807,401.64126215600027,3.8682,3.076950247740738e-05
3808,401.739030148,5.2908,3.076364745160491e-05
3809,401.8354129500003,7.2492,3.075763804499999e-05
3810,401.930008673,5.4057,3.0751687691543194e-05
3811,402.026190863,6.2953,3.0745843978333324e-05
3812,402.1209046290005,5.2376,3.073991113728392e-05
3813,402.2163741000004,6.4553,3.07340609479012e-05
3814,402.30813677900005,5.9886,3.07281686003086e-05
3815,402.404522412,5.7601,3.072250456944442e-05
3816,402.5016502540002,5.4437,3.0716546037345685e-05
3817,402.59742796200044,5.6933,3.0710571963333327e-05
3818,402.6926250710003,5.8809,3.0704652767037014e-05
3819,402.7890566619999,6.9882,3.069876946907406e-05
3820,402.8842597890007,6.5063,3.069283165802467e-05
3821,402.9790543150002,5.2589,3.06869476125926e-05
3822,403.0749414920001,5.4685,3.068108673679012e-05
3823,403.1711796919999,6.6198,3.067517482876543e-05
3824,403.2661724990003,5.2275,3.0669240449135795e-05
3825,403.36174097500043,6.9924,3.0663371767037003e-05
3826,403.4523172700001,6.2818,3.0657455634444455e-05
3827,403.5482403220003,6.4219,3.065189436024692e-05
3828,403.6440427510006,6.5728,3.064595202932095e-05
3829,403.7399696780003,7.2231,3.064003611783948e-05
3830,403.8374606570005,6.1882,3.0634118708333316e-05
3831,403.93493811400003,6.6647,3.0628113353827144e-05
3832,404.029797659,6.1036,3.062209220277779e-05
3833,404.12554875000023,6.0184,3.0616224190061704e-05
3834,404.22274165100043,6.8293,3.061032719413578e-05
3835,404.3206713610007,5.1512,3.060431456055556e-05
3836,404.4174863220005,6.1092,3.059827562277776e-05
3837,404.51235650499984,6.6008,3.0592293545555554e-05
3838,404.602887303,6.4861,3.058644115956792e-05
3839,404.70052529199984,6.0031,3.058087252734564e-05
3840,404.79686463800044,6.3334,3.0574822877962936e-05
3841,404.892142402,6.9456,3.056887662450618e-05
3842,404.98918810099985,6.2865,3.056299430907406e-05
3843,405.0847560100001,5.9113,3.0557006880740734e-05
3844,405.18319000300016,5.8196,3.055109032296295e-05
3845,405.2810165770006,6.7838,3.054502356166666e-05
3846,405.3795173940007,6.1703,3.053899279030865e-05
3847,405.4772016220004,5.1322,3.053291663425923e-05
3848,405.5741241650003,5.5779,3.052687777753082e-05
3849,405.67127458699997,6.0072,3.0520902194691336e-05
3850,405.76643140099986,5.9761,3.0514912069629586e-05
3851,405.8635015280006,6.7302,3.0509029905370368e-05
3852,405.9602312800007,5.5429,3.050304628259255e-05
3853,406.05573797500074,6.3831,3.0497068583888873e-05
3854,406.152458949,6.3776,3.0491167005925887e-05
3855,406.2484364410002,5.9117,3.0485201667839468e-05
3856,406.34507026200026,6.5583,3.0479271230432083e-05
3857,406.444051339,6.4219,3.047330005277773e-05
3858,406.5405969070007,6.0153,3.046720307401234e-05
3859,406.63795035300063,6.4925,3.046122962870368e-05
3860,406.7334795710003,6.7354,3.0455240529197538e-05
3861,406.82797218500036,6.1429,3.044933408882717e-05
3862,406.9247856030006,6.3343,3.044349184080243e-05
3863,407.0216284420003,5.789,3.0437531537962926e-05
3864,407.11774797,5.8328,3.043155340234568e-05
3865,407.21447874300065,5.7188,3.0425615788888896e-05
3866,407.3093866050003,6.6881,3.0419633706913565e-05
3867,407.4059308680007,5.4216,3.0413774415185148e-05
3868,407.50283571900036,6.2634,3.0407828776975283e-05
3869,407.601938496,6.0524,3.040185014820986e-05
3870,407.6995774950001,5.2704,3.0395730933333305e-05
3871,407.7979490940006,5.9997,3.0389687667716038e-05
3872,407.895410135,6.1547,3.038363239950617e-05
3873,407.9912044800003,4.8398,3.037761196154322e-05
3874,408.08776457800013,5.4506,3.0371698604629635e-05
3875,408.18217107300006,5.7356,3.036573556283948e-05
3876,408.2771626520007,6.1024,3.0359896928209854e-05
3877,408.3716457870005,6.1626,3.0354042479259227e-05
3878,408.4667002790002,5.1405,3.034820522209873e-05
3879,408.5620063920005,5.738,3.0342340614691324e-05
3880,408.6574960830003,5.849,3.0336466188827117e-05
3881,408.75285113000064,5.4478,3.033056898296292e-05
3882,408.8493713380003,4.991,3.03246767982716e-05
3883,408.9442431770003,6.0147,3.0318728006296275e-05
3884,409.0415366770003,6.7958,3.0312866179135796e-05
3885,409.13929015300073,6.9271,3.0306866602592588e-05
3886,409.23469493500033,5.804,3.0300833202037033e-05
3887,409.3303115970002,5.4879,3.0294934520678976e-05
3888,409.42706952500066,6.8947,3.028902719950616e-05
3889,409.5237727930007,6.4743,3.0283066298086427e-05
3890,409.6182528620002,5.1271,3.0277087964629607e-05
3891,409.7150183250005,6.2661,3.027126172302467e-05
3892,409.8127053900007,6.4138,3.0265289814753074e-05
3893,409.90895508500034,6.0989,3.0259263563950612e-05
3894,410.0032521310004,4.4389,3.025331402574073e-05
3895,410.0985304400001,5.4631,3.0247492140370347e-05
3896,410.19441695800015,6.1495,3.024161707561728e-05
3897,410.28989343300054,6.1456,3.023568439796292e-05
3898,410.3879657560001,6.1543,3.022980138518517e-05
3899,410.48431944999993,5.3369,3.0223763382901206e-05
3900,410.57978406800066,6.517,3.0217803054753052e-05
3901,410.674082302,4.3404,3.0211898293395068e-05
3902,410.7686254810005,6.2389,3.0206083306172817e-05
3903,410.86472540200066,5.7601,3.020025484691354e-05
3904,410.96057519700025,5.8105,3.0194323376172796e-05
3905,411.05438382100056,5.9656,3.0188395805493828e-05
3906,411.1500080960004,6.0913,3.0182607064012354e-05
3907,411.244937941,5.8291,3.0176710227283926e-05
3908,411.3404745309999,5.9958,3.0170841496666623e-05
3909,411.4380365699999,6.5845,3.0164954169382707e-05
3910,411.535708505,5.9154,3.0158943233827143e-05
3911,411.6341012040002,5.6898,3.0152904519691334e-05
3912,411.73169821600004,5.5277,3.0146823115308642e-05
3913,411.82883801700063,5.3537,3.01407910511728e-05
3914,411.9263376610006,5.8871,3.0134812689012325e-05
3915,412.024034561,6.2646,3.0128795922654285e-05
3916,412.12192436199985,6.5095,3.0122764984135798e-05
3917,412.2165405270007,4.6268,3.0116721429135792e-05
3918,412.311867806,5.8383,3.011086944296292e-05
3919,412.40851837100035,6.8933,3.0104983735308635e-05
3920,412.503716616,6.6698,3.0099024598024654e-05
3921,412.598976923,4.671,3.0093140666975296e-05
3922,412.6931861230005,5.6236,3.008726283716049e-05
3923,412.78732988000047,4.4092,3.008144445592594e-05
3924,412.88166020800054,5.4734,3.0075632506666664e-05
3925,412.9766867799999,5.9911,3.0069819384197512e-05
3926,413.0712025590001,6.1296,3.006396067746911e-05
3927,413.16616288800014,6.4784,3.0058116887283926e-05
3928,413.26238127800025,5.3961,3.005225269666667e-05
3929,413.35600393999994,5.7934,3.0046315769320952e-05
3930,413.4507041280003,5.3312,3.0040525168641986e-05
3931,413.54832533100034,5.8529,3.0034690775678985e-05
3932,413.6461516400004,6.7958,3.0028680179999964e-05
3933,413.7432359430004,4.9942,3.0022640258395074e-05
3934,413.83594719900066,4.6484,3.001663588561724e-05
3935,413.9311981640003,5.4264,3.0010907007222216e-05
3936,414.0296903060007,6.0761,3.0005043897407365e-05
3937,414.1241523790004,4.8199,2.9998970824444432e-05
3938,414.2199333660001,6.2197,2.9993115450185184e-05
3939,414.3171484020004,5.5247,2.9987200886358037e-05
3940,414.4136845840003,6.2892,2.998120889148146e-05
3941,414.5109107090002,5.9462,2.9975241717839477e-05
3942,414.60471879000033,6.4211,2.9969252326913545e-05
3943,414.6988139620007,6.2596,2.996345903592589e-05
3944,414.795464281,6.8793,2.995764144277776e-05
3945,414.8920628670003,6.9598,2.9951682199012333e-05
3946,414.9872005980005,4.8132,2.994572450956791e-05
3947,415.08277134699983,5.1437,2.9939840502716037e-05
3948,415.1789943980002,6.0932,2.9933953169629603e-05
3949,415.2779833029999,5.9981,2.9928003490493795e-05
3950,415.37510003399984,4.8079,2.9921902555617277e-05
3951,415.4703323040003,5.9545,2.991590926358022e-05
3952,415.56784627600064,5.9653,2.9910027411111107e-05
3953,415.6629349069999,4.3261,2.9904011723518488e-05
3954,415.75791295700037,6.5204,2.989813121030861e-05
3955,415.8537773630005,5.4973,2.989227423666666e-05
3956,415.94811873800063,3.6602,2.988636197043209e-05
3957,416.037774636,6.6764,2.9880522150678992e-05
3958,416.1357982890004,6.9317,2.9875019148271576e-05
3959,416.2314077629999,5.4024,2.9868961084691343e-05
3960,416.3270476430007,4.5389,2.986303782567901e-05
3961,416.4218080270002,6.6725,2.9857125529876535e-05
3962,416.51927717700073,5.5594,2.985127897790122e-05
3963,416.6112324750002,6.3365,2.9845270053456763e-05
3964,416.70961197999986,5.893,2.983961083006172e-05
3965,416.8053266040006,4.2986,2.9833525522592566e-05
3966,416.90182430300047,5.0831,2.9827605365370365e-05
3967,416.9974075079999,4.1341,2.982165624141976e-05
3968,417.09398611600045,4.6738,2.981574591401231e-05
3969,417.1898733070002,5.1043,2.9809793622222215e-05
3970,417.28764750900064,6.4667,2.9803862852654285e-05
3971,417.3839220540003,5.8749,2.9797849524567855e-05
3972,417.4796093210007,6.2193,2.979189676407405e-05
3973,417.57710749800026,6.0695,2.9785992527345675e-05
3974,417.67380713000057,5.2432,2.9779985953456767e-05
3975,417.77092101500057,5.8024,2.977400797283949e-05
3976,417.86667914200007,6.8119,2.9768011811666662e-05
3977,417.9627478709999,6.7474,2.976208426907407e-05
3978,418.0575330310003,5.9227,2.975617086907407e-05
3979,418.15135531600026,5.198,2.975032200722221e-05
3980,418.2491600000003,6.0923,2.9744518618580245e-05
3981,418.34529260399995,6.5752,2.973849874487651e-05
3982,418.4398929710005,5.8736,2.973256676950617e-05
3983,418.5363510900006,5.7668,2.9726707452345644e-05
3984,418.6308951609999,6.0101,2.97207612343827e-05
3985,418.7213796020005,6.4901,2.9714923961234526e-05
3986,418.81779413999993,5.25,2.9709352517345646e-05
3987,418.9142547680003,6.7946,2.9703382189320983e-05
3988,419.0114718600007,5.5489,2.9697439332592547e-05
3989,419.10815317800007,6.1861,2.9691443512222205e-05
3990,419.203340389,4.6493,2.9685472334506158e-05
3991,419.29841941700033,6.4006,2.9679580573333344e-05
3992,419.39481406699997,6.319,2.967372171179008e-05
3993,419.49033693,6.0387,2.966777654765433e-05
3994,419.5848559470005,5.8458,2.9661872964999966e-05
3995,419.68007685000066,6.2985,2.965603501691358e-05
3996,419.7755340140002,6.9322,2.9650169517901228e-05
3997,419.87229966799987,5.8703,2.964427343753083e-05
3998,419.9658672840005,4.6671,2.963829926456791e-05
3999,420.0609134659999,6.3147,2.9632517999382713e-05
4000,420.15852190400074,6.5059,2.96266648824074e-05
4001,420.2535800730002,6.1412,2.9620631896419736e-05
4002,420.35038772999997,7.0184,2.9614755976851856e-05
4003,420.4446799160005,5.8383,2.960878886104935e-05
4004,420.5407246820005,6.2222,2.9602963499876544e-05
4005,420.6346095580002,6.0131,2.959703828685184e-05
4006,420.72459071699996,6.1979,2.9591242372777778e-05
4007,420.81900714699987,5.8112,2.958570361925922e-05
4008,420.91531646400017,6.0892,2.9579856348888857e-05
4009,421.01282016000005,5.7832,2.957391855685183e-05
4010,421.1096553410007,5.2067,2.9567907137222205e-05
4011,421.20743870500064,5.4691,2.9561921960679022e-05
4012,421.3027815539999,6.08,2.9555888217469092e-05
4013,421.3996650700001,6.1984,2.954999101277775e-05
4014,421.4967572790001,5.7266,2.954402657938272e-05
4015,421.5936015540001,6.1518,2.9538031583333297e-05
4016,421.6904994260003,5.561,2.9532050900432094e-05
4017,421.7870257929999,5.95,2.952606482598763e-05
4018,421.8831888499999,4.5198,2.9520105257222187e-05
4019,421.98244001400053,6.4954,2.9514155770925922e-05
4020,422.0803217540006,5.5785,2.9508050326111082e-05
4021,422.17875957400065,5.6995,2.9501989770925932e-05
4022,422.2749640060001,5.7659,2.949592883067902e-05
4023,422.37118470899986,5.0558,2.9489990182407417e-05
4024,422.4686315660001,6.0162,2.9484060028271586e-05
4025,422.5647459030006,5.6872,2.9478037321851838e-05
4026,422.66079830000035,6.5223,2.947209793648148e-05
4027,422.7566250910004,5.5202,2.9466174339938257e-05
4028,422.85169675399993,6.0516,2.946026075617283e-05
4029,422.948875735,6.2761,2.9454385737407408e-05
4030,423.0451504270004,4.8177,2.9448392601851836e-05
4031,423.1419589040006,5.7352,2.944244383259255e-05
4032,423.23975646800045,7.0556,2.943647964839503e-05
4033,423.33685069200055,6.6046,2.9430438416296303e-05
4034,423.4329724320005,5.3266,2.9424434233209873e-05
4035,423.5292871820002,5.4765,2.941849667654317e-05
4036,423.6242367670002,6.0661,2.9412560434444446e-05
4037,423.71865717200035,6.1878,2.9406704111851817e-05
4038,423.8154576380002,5.4519,2.9400873631851838e-05
4039,423.91121383000063,5.5926,2.9394892945493822e-05
4040,424.00848561100065,6.3881,2.9388982504135782e-05
4041,424.10508169900004,6.3881,2.9382985324506185e-05
4042,424.20063805000063,5.7353,2.9377022274999977e-05
4043,424.298439575,6.4788,2.9371105647777782e-05
4044,424.39226658500047,4.8886,2.9365074890185197e-05
4045,424.4888879500004,6.6444,2.935927462790123e-05
4046,424.5850847310003,5.9365,2.935332701759257e-05
4047,424.6817679710002,5.8047,2.9347373682530878e-05
4048,424.77901863900024,6.594,2.9341417672283934e-05
4049,424.8733089460002,6.4867,2.93354221166049e-05
4050,424.97037882600034,5.7554,2.932959518104938e-05
4051,425.0655960540007,4.6834,2.9323605217160483e-05
4052,425.1624815129999,6.4096,2.9317723105802464e-05
4053,425.2592708030006,6.4325,2.931175121574075e-05
4054,425.35844149700006,6.768,2.9305780041296304e-05
4055,425.45624779100035,5.0099,2.9299650585802467e-05
4056,425.5529833650007,6.0801,2.92935999543827e-05
4057,425.6492529679999,4.8028,2.928763317506169e-05
4058,425.7455871790007,5.9212,2.928170062932095e-05
4059,425.8424776840002,6.0126,2.9275746312407392e-05
4060,425.9375028630002,6.0322,2.9269771388086427e-05
4061,426.03460944700055,6.5914,2.9263891340678984e-05
4062,426.1307601690005,5.2989,2.925790647444445e-05
4063,426.22834239200074,5.9218,2.925197086345679e-05
4064,426.3237905770002,4.944,2.924595471358024e-05
4065,426.4183827480001,5.0101,2.9240051400432062e-05
4066,426.51689918400007,6.2963,2.923421454518519e-05
4067,426.61511196599986,5.8857,2.9228144981666672e-05
4068,426.71040516500034,6.1037,2.9222087437160494e-05
4069,426.80472505499984,6.6338,2.9216192869506152e-05
4070,426.9017590379999,5.4839,2.9210366938333312e-05
4071,426.9998909450005,6.052,2.9204389494259233e-05
4072,427.09889740500057,6.06,2.9198325023333294e-05
4073,427.19748147000064,6.3324,2.919222065388887e-05
4074,427.29381087,5.85,2.918612161530864e-05
4075,427.38772459900065,3.7877,2.9180173809506167e-05
4076,427.4845089549999,6.1979,2.9174379532839485e-05
4077,427.58231077800065,7.0178,2.916841551327157e-05
4078,427.6787777790005,6.7653,2.9162374797283913e-05
4079,427.77668052599984,5.5722,2.915641048709875e-05
4080,427.87303815999985,5.6992,2.915038305043209e-05
4081,427.9682325210006,6.2858,2.9144423566604917e-05
4082,428.0590424920001,5.665,2.9138546457592563e-05
4083,428.15336042700073,4.7232,2.9132957599814787e-05
4084,428.24975499300035,6.1202,2.9127109567160484e-05
4085,428.3461342410001,6.0554,2.912116997672838e-05
4086,428.44260650600063,6.2659,2.9115224254074062e-05
4087,428.5396708930002,5.5641,2.9109266026234538e-05
4088,428.6357549439999,6.1589,2.9103278937530855e-05
4089,428.7309053730005,5.8805,2.909735208067902e-05
4090,428.82728775800024,6.6874,2.9091459079938245e-05
4091,428.9246375900002,6.1119,2.9085522211851835e-05
4092,429.02318852400003,5.2474,2.907951427364194e-05
4093,429.11849946500024,6.7302,2.9073434604197524e-05
4094,429.2120824809999,3.7421,2.9067533154814803e-05
4095,429.3064108190001,5.963,2.9061751975185152e-05
4096,429.405696457,5.7108,2.905593969030863e-05
4097,429.50227045300016,5.4359,2.9049830817962963e-05
4098,429.5965506830007,6.2958,2.9043855215617287e-05
4099,429.69185997100067,5.1033,2.9038031670185194e-05
4100,429.7845963230002,6.1996,2.9032163847777782e-05
4101,429.8799746040004,5.6089,2.9026416294876547e-05
4102,429.9751560800005,6.1699,2.9020529936419738e-05
4103,430.0702384209999,4.9243,2.9014675975987625e-05
4104,430.16721247400073,5.9751,2.9008801522777783e-05
4105,430.26496486199994,6.137,2.90028118115432e-05
4106,430.36196089199984,6.2247,2.8996776854012327e-05
4107,430.4568186860006,6.1112,2.8990793637469137e-05
4108,430.55575448000036,6.2155,2.89849314954321e-05
4109,430.6544324690003,6.4311,2.8978841126111124e-05
4110,430.7487908490002,4.9008,2.8972742627530847e-05
4111,430.84557263700026,5.9941,2.896691041561727e-05
4112,430.942572381,6.4624,2.896094802932095e-05
4113,431.03988582500006,6.8073,2.8954949539382724e-05
4114,431.1353515139999,5.6756,2.8948941715617245e-05
4115,431.2309502220005,4.9756,2.8943042517469143e-05
4116,431.32634707299985,5.5781,2.8937146798518515e-05
4117,431.42145141499986,5.3636,2.893124749956786e-05
4118,431.51557895099995,4.1229,2.8925382888395026e-05
4119,431.6126891869999,5.2264,2.891956944055555e-05
4120,431.70854005,6.1229,2.8913594222654293e-05
4121,431.803580367,5.6915,2.890767084234568e-05
4122,431.8935747980004,6.0953,2.890179991944445e-05
4123,431.98864722300004,6.1933,2.8896259110432104e-05
4124,432.0858478780001,6.1325,2.8890363185679003e-05
4125,432.1835283390001,5.54,2.8884376643395068e-05
4126,432.2796768870003,6.039,2.8878354191975286e-05
4127,432.37148252600036,6.8656,2.8872417234567907e-05
4128,432.46947878100036,6.4933,2.8866738249629588e-05
4129,432.56405611800074,4.5254,2.8860682659135785e-05
4130,432.6604418850002,5.7223,2.8854852093395045e-05
4131,432.7556184670002,4.8463,2.8848918757469134e-05
4132,432.8507595880001,4.8762,2.884302744432099e-05
4133,432.9458509599999,6.0296,2.8837166288148143e-05
4134,433.041553004,5.2168,2.883129413827158e-05
4135,433.13650290199985,4.7027,2.8825383445185162e-05
4136,433.2314545620002,5.539,2.88195214395679e-05
4137,433.3246158440006,6.0794,2.8813665368950604e-05
4138,433.4217753010007,5.461,2.880790164179012e-05
4139,433.5182860600007,6.4509,2.8801913275185177e-05
4140,433.6122908490006,5.7696,2.8795954356975284e-05
4141,433.7072611270005,6.053,2.8790154181419727e-05
4142,433.80301464700005,6.0616,2.8784288436296258e-05
4143,433.9004518410002,6.2933,2.877837823092593e-05
4144,433.99708422500044,5.2608,2.877235907660493e-05
4145,434.0915236990004,5.8929,2.8766400833518516e-05
4146,434.18690603699997,5.5399,2.876055360012344e-05
4147,434.28410163900026,5.9444,2.875467045271605e-05
4148,434.38047614600055,6.0154,2.874867836450617e-05
4149,434.47417058800056,5.8904,2.8742737186111092e-05
4150,434.5684415980004,5.5293,2.8736947289444403e-05
4151,434.6659682870004,5.5327,2.873113321296297e-05
4152,434.763305382,6.155,2.8725124150370374e-05
4153,434.8597891850004,4.4216,2.8719107517962934e-05
4154,434.95672752500013,5.888,2.8713147391790085e-05
4155,435.0532006500007,6.6911,2.8707167315740745e-05
4156,435.14811233100045,5.6321,2.8701209972283926e-05
4157,435.2421887420005,6.617,2.869534309827161e-05
4158,435.3318228570006,5.8712,2.86895327717284e-05
4159,435.42443693400037,6.671,2.8684024446728376e-05
4160,435.5225248530005,6.8984,2.8678298872901222e-05
4161,435.6188752500002,5.4813,2.8672234933333298e-05
4162,435.7128888260004,6.5537,2.8666287884320975e-05
4163,435.80901166200056,6.3806,2.866048395438269e-05
4164,435.90524669800016,6.0349,2.865454953716049e-05
4165,436.0026917840005,6.4308,2.8648608993827153e-05
4166,436.10031464200074,7.0072,2.8642604072037005e-05
4167,436.1990798550005,6.2079,2.8636566993703712e-05
4168,436.294662239,5.4492,2.8630469668888893e-05
4169,436.39075534899985,6.1967,2.8624559017407372e-05
4170,436.48981313700006,6.645,2.861863865901235e-05
4171,436.5878993440001,5.5218,2.8612535996296263e-05
4172,436.6843960790002,5.9575,2.8606476548086423e-05
4173,436.78201599800013,6.2198,2.8600509385246878e-05
4174,436.87754144000064,6.6889,2.8594495341975307e-05
4175,436.97226834899993,6.6432,2.8588599237160497e-05
4176,437.0680671070004,6.4242,2.8582748844567862e-05
4177,437.1632660240002,5.5478,2.8576829694012352e-05
4178,437.25824996200026,6.5107,2.857094666993828e-05
4179,437.3517004660007,4.9374,2.8565086239135796e-05
4180,437.4409830600007,6.4318,2.8559316662592583e-05
4181,437.53722976100016,6.2626,2.855383161629629e-05
4182,437.633226463,5.7836,2.854786617388886e-05
4183,437.7291104730002,5.8673,2.8541936938271606e-05
4184,437.8262076280007,6.2165,2.8536026250987653e-05
4185,437.9221772340006,6.0096,2.853004735216046e-05
4186,438.01901720500064,6.0334,2.852411482043206e-05
4187,438.11421698899994,5.9008,2.851813195604937e-05
4188,438.2112583220005,6.0402,2.851225796839504e-05
4189,438.30218911300017,6.3107,2.8506270698703702e-05
4190,438.3980149130002,5.8621,2.850066872993825e-05
4191,438.49425158300073,6.1281,2.849474155635804e-05
4192,438.5905485310004,5.7643,2.8488799784938268e-05
4193,438.68885068300006,6.9461,2.848285382598763e-05
4194,438.78693061300055,4.8957,2.8476799780185194e-05
4195,438.88214286200036,5.169,2.8470732882654283e-05
4196,438.9794271210003,6.0551,2.8464849660678993e-05
4197,439.0759571590006,6.4305,2.845884947049382e-05
4198,439.1730970010003,5.8881,2.845289470685185e-05
4199,439.27008022800055,6.1107,2.844689256703701e-05
4200,439.3655169780004,6.3801,2.84409088367901e-05
4201,439.4611917100001,6.6058,2.8435020936419764e-05
4202,439.5571138740006,5.5427,2.8429116852407394e-05
4203,439.65191162800056,4.9724,2.8423189912777736e-05
4204,439.7452529000002,5.3925,2.8417328198580257e-05
4205,439.84294081700045,6.4504,2.8411562277160497e-05
4206,439.9395665709999,4.7574,2.8405546246604942e-05
4207,440.03425419799987,6.3709,2.839957366666663e-05
4208,440.1317158770007,6.0986,2.8393729194259256e-05
4209,440.2255929840003,5.8405,2.8387732198703694e-05
4210,440.3222626679999,6.8748,2.8381919068024666e-05
4211,440.41840259200035,5.2688,2.837595287728394e-05
4212,440.5140607050007,5.8996,2.8370022766975308e-05
4213,440.6100082970006,5.956,2.836411512820986e-05
4214,440.7074415920006,6.1996,2.8358203645925923e-05
4215,440.80427695100025,6.3904,2.8352186515493838e-05
4216,440.8984338910004,5.9948,2.8346210966049368e-05
4217,440.99418947699996,5.6686,2.8340395624259257e-05
4218,441.0918642200004,5.9406,2.8334481223827158e-05
4219,441.18828978500005,6.2262,2.8328450374938258e-05
4220,441.2823513510002,4.908,2.8322496095740725e-05
4221,441.3769508109999,5.8609,2.8316685893333322e-05
4222,441.4732524629999,5.8718,2.8310852973703688e-05
4223,441.56883130700044,5.9921,2.8304916958641957e-05
4224,441.66676701400047,6.0651,2.829900494012343e-05
4225,441.7638812940004,6.4876,2.8292969354876542e-05
4226,441.8617515870001,6.195,2.8286976214321e-05
4227,441.95768858800056,6.1499,2.8280936448271588e-05
4228,442.05445975600014,6.2412,2.8275006123950603e-05
4229,442.15059028199994,6.3703,2.826903798265431e-05
4230,442.246068466,5.2603,2.826309105580246e-05
4231,442.34423565,6.6301,2.8257194780678986e-05
4232,442.4413933780006,6.562,2.8251145800617294e-05
4233,442.5364613210004,6.4554,2.8245147333888872e-05
4234,442.6331515560005,5.6912,2.8239271489999984e-05
4235,442.73124981900037,6.7447,2.8233297142962924e-05
4236,442.82594064100067,5.9939,2.8227242470246907e-05
4237,442.9205510649999,5.8865,2.822140144271605e-05
4238,443.0157386110004,6.3678,2.8215572330679025e-05
4239,443.11114768800053,5.5434,2.820968810493828e-05
4240,443.2072383089999,6.5015,2.820380496617283e-05
4241,443.3045830179999,6.0555,2.8197861207345676e-05
4242,443.4027506900002,7.0173,2.8191854154197528e-05
4243,443.499788952,5.9591,2.8185798702037026e-05
4244,443.59552127000006,6.135,2.8179811268580213e-05
4245,443.69253562799986,6.4041,2.817389143030865e-05
4246,443.7886167630004,5.9133,2.8167920493395028e-05
4247,443.8843079450007,5.9967,2.816197743672838e-05
4248,443.98174415799986,6.2605,2.81560699319753e-05
4249,444.0770554190003,4.8435,2.8150065583086416e-05
4250,444.1743210880004,5.8358,2.8144182414012332e-05
4251,444.27203957800066,5.934,2.8138178758888867e-05
4252,444.3700844650002,6.6538,2.8132131905740722e-05
4253,444.4655866890007,4.7318,2.8126093889814785e-05
4254,444.56092934000026,6.3422,2.8120199916851853e-05
4255,444.6549490140005,5.9541,2.811431270728395e-05
4256,444.7497744400007,6.2791,2.8108500833703678e-05
4257,444.8451743989999,5.6236,2.8102645222777736e-05
4258,444.94332870700055,5.8008,2.809676383493825e-05
4259,445.03979860800064,6.7166,2.809072022561726e-05
4260,445.1341792030007,5.6478,2.8084750523888905e-05
4261,445.2297677810002,6.6098,2.8078918651111075e-05
4262,445.32510581299994,6.4027,2.8073030125925907e-05
4263,445.42266944200037,6.4497,2.8067136269444433e-05
4264,445.51897736699993,3.9724,2.8061120552222208e-05
4265,445.6095171269999,5.6295,2.8055167878950628e-05
4266,445.70340286400005,6.0543,2.804958955493824e-05
4267,445.79945481400046,5.4142,2.804378030148144e-05
4268,445.8938682420003,5.1868,2.803786810993828e-05
4269,445.98923996099984,5.6334,2.8032020918641966e-05
4270,446.0825378899999,5.2383,2.8026140317160478e-05
4271,446.17755853000017,6.3373,2.8020375662469105e-05
4272,446.27079704600055,4.491,2.801451980907407e-05
4273,446.3646138459999,4.2376,2.8008747770555532e-05
4274,446.46141771100065,5.6597,2.8002960828950596e-05
4275,446.55212825800027,6.198,2.7996995344012338e-05
4276,446.649655016,5.8331,2.7991399268456764e-05
4277,446.746320446,5.9131,2.7985383600678993e-05
4278,446.8436763030004,5.5883,2.7979418231419756e-05
4279,446.93933471699984,6.4078,2.797339321999999e-05
4280,447.0355374520004,5.9138,2.796748528240737e-05
4281,447.1337222130005,6.3245,2.7961548638333324e-05
4282,447.23128057300073,5.4974,2.795549566296297e-05
4283,447.33089436000046,5.8244,2.794946199160492e-05
4284,447.4260951410006,5.6919,2.7943323017716016e-05
4285,447.52257439300047,5.5675,2.793743343981482e-05
4286,447.6172488410002,5.1957,2.7931487201481443e-05
4287,447.71353285400073,6.5291,2.7925636155370384e-05
4288,447.81180503199994,5.8514,2.7919694500740745e-05
4289,447.9087169479999,5.3093,2.7913635269506133e-05
4290,448.0040071050007,6.1202,2.7907651946913554e-05
4291,448.1004833140005,5.5992,2.7901760400802433e-05
4292,448.198277124,6.4084,2.7895812976913575e-05
4293,448.2941185489999,6.5037,2.78897736272222e-05
4294,448.3928221390006,6.3635,2.7883848224259234e-05
4295,448.4911198200007,6.214,2.7877772705555517e-05
4296,448.58833377300016,5.7841,2.7871709433148106e-05
4297,448.68488678999984,6.4479,2.7865710274444456e-05
4298,448.78181129099994,6.0042,2.7859740402160455e-05
4299,448.87991611100006,6.2367,2.7853749733703694e-05
4300,448.973856392,5.256,2.7847710525555516e-05
4301,449.0679680310004,5.1742,2.784189727401234e-05
4302,449.16543183700014,6.3238,2.7836084561049348e-05
4303,449.2607103320006,6.127,2.783008470734566e-05
4304,449.35604601700015,5.4839,2.7824194647469143e-05
4305,449.4522326420001,6.1846,2.7818319391913572e-05
4306,449.5488222800004,5.8292,2.78123674561728e-05
4307,449.64430424000057,5.3283,2.7806411003703708e-05
4308,449.74176637800065,6.1498,2.7800514415185143e-05
4309,449.8378853909999,5.4315,2.7794503345061695e-05
4310,449.9341555690007,5.0368,2.7788555554197503e-05
4311,450.02915828000005,6.5979,2.7782624525678967e-05
4312,450.1262976500002,5.9331,2.7776762289876512e-05
4313,450.2240711909999,6.0006,2.7770775533395065e-05
4314,450.63954350899985,6.1478,2.7764726582777766e-05
4315,450.73875497300014,6.2149,2.7739068735925934e-05
4316,450.8366678500006,5.9939,2.7732958499506183e-05
4317,450.9350344170007,6.1301,2.7726905685740745e-05
4318,451.0326748759999,6.6306,2.7720825582592557e-05
4319,451.13109289300064,5.9835,2.771481565981481e-05
4320,451.22909917000015,6.0394,2.7708743035123457e-05
4321,451.3257719490002,5.6972,2.7702699625493823e-05
4322,451.42421179099983,6.8102,2.7696724453580215e-05
4323,451.52282104200003,6.2091,2.7690655938333334e-05
4324,451.62035614100023,6.9253,2.768456514055552e-05
4325,451.71772708700064,6.1687,2.76785420861111e-05
4326,451.81307223300064,3.587,2.7672543270555534e-05
4327,451.9100685630001,6.0787,2.7666643461604934e-05
4328,452.0069893360005,6.2277,2.7660668444382676e-05
4329,452.10343087599995,6.9972,2.7654677277901215e-05
4330,452.19989317399995,5.2189,2.764872710271605e-05
4331,452.29416737300016,6.1647,2.7642773599814796e-05
4332,452.3900223890005,5.0124,2.7636945707654322e-05
4333,452.4859411739999,5.1745,2.763102667382712e-05
4334,452.5834139440003,5.7073,2.7625108996604908e-05
4335,452.67923945300026,5.2953,2.7619102569012323e-05
4336,452.7739611850002,6.1267,2.7613186475740704e-05
4337,452.869212652,6.204,2.7607332456234558e-05
4338,452.9673940440007,6.1391,2.7601447488580244e-05
4339,453.0661249550003,6.9911,2.7595393229320964e-05
4340,453.1630324860007,5.2201,2.758929869734565e-05
4341,453.2602272670001,6.1176,2.7583317295987648e-05
4342,453.35860436300027,6.0995,2.7577313139567885e-05
4343,453.4562189540002,5.2802,2.7571236491790097e-05
4344,453.5522640480003,6.4027,2.7565224510370362e-05
4345,453.65029065100043,6.0553,2.7559289537222226e-05
4346,453.74581105200014,5.7878,2.7553258374074054e-05
4347,453.84129257099994,6.1463,2.7547341395802452e-05
4348,453.9370237230005,6.4292,2.754145402481479e-05
4349,454.0333359510005,6.1998,2.753554099950617e-05
4350,454.1308888580006,6.0869,2.752958705018517e-05
4351,454.22845206200054,4.9976,2.7523568213765415e-05
4352,454.32372058300007,5.4281,2.7517539500987637e-05
4353,454.41886364900074,6.0428,2.7511660136481477e-05
4354,454.51467284299997,5.4539,2.7505798989135777e-05
4355,454.61088766800003,6.2405,2.7499879451358013e-05
4356,454.70667444800074,5.7491,2.7493950616296254e-05
4357,454.80337889100065,5.3864,2.7488037399814824e-05
4358,454.89913481500025,6.4483,2.7482071740555515e-05
4359,454.9956261750003,6.2309,2.7476147898456807e-05
4360,455.0927091860003,5.1419,2.7470194814135773e-05
4361,455.18958112700057,5.6009,2.7464208627530853e-05
4362,455.2848222060002,6.0423,2.7458225867716024e-05
4363,455.3803379830006,5.735,2.7452340844197522e-05
4364,455.4763994880004,6.3547,2.7446445618580235e-05
4365,455.57316183500006,6.1529,2.7440519322839474e-05
4366,455.6713404689999,6.0446,2.743453089333332e-05
4367,455.77010209499986,5.7184,2.7428485072654287e-05
4368,455.866324093,7.0991,2.7422400209753046e-05
4369,455.9635822760001,5.922,2.741644794839504e-05
4370,456.06044516400016,6.0708,2.7410449838456788e-05
4371,456.1570788270001,6.5272,2.740447217870368e-05
4372,456.2531429990004,6.1588,2.739851127888886e-05
4373,456.34973453400016,6.0954,2.739257037407405e-05
4374,456.44627455499995,6.128,2.738660607882717e-05
4375,456.5413062060006,5.9843,2.738065004388885e-05
4376,456.6379904630003,5.8866,2.737478529098766e-05
4377,456.733744397,6.5453,2.7368814049012338e-05
4378,456.82804734300043,6.2591,2.736290751555552e-05
4379,456.9239347970006,5.3509,2.7357083596913567e-05
4380,457.0198549730003,6.1917,2.735115902827158e-05
4381,457.1138215460005,6.6864,2.734523203561726e-05
4382,457.2096567590006,5.4732,2.7339433970679007e-05
4383,457.30810630500036,5.9717,2.733352243080244e-05
4384,457.4068522560001,5.56,2.732744941598766e-05
4385,457.50235094100026,6.3853,2.732135393802467e-05
4386,457.593128042,6.7411,2.7315455398703694e-05
4387,457.6898877150006,5.2782,2.7309864975679016e-05
4388,457.78383774900067,5.2855,2.7303876964382724e-05
4389,457.87837527400006,7.1533,2.729807774944445e-05
4390,457.9742352050007,6.0893,2.729224647277775e-05
4391,458.0700166639999,5.9968,2.7286324139567908e-05
4392,458.1665143549999,5.515,2.7280417065740714e-05
4393,458.26277621400004,6.1753,2.7274469608950603e-05
4394,458.36052671500056,6.1418,2.7268519860925907e-05
4395,458.4585431020005,4.7936,2.726248356796296e-05
4396,458.55356726100035,5.4306,2.725643301506173e-05
4397,458.64982663000046,6.1535,2.7250556516049374e-05
4398,458.74548806200073,5.5537,2.72446268434568e-05
4399,458.84297582399995,6.6293,2.7238720634135812e-05
4400,458.94112390600003,6.5098,2.7232707260061687e-05
4401,459.038281051,6.1233,2.7226653332654283e-05
4402,459.1336941090003,6.2317,2.722064862265429e-05
4403,459.23097958500057,6.5622,2.7214753283333328e-05
4404,459.32804725799997,6.498,2.720875413703703e-05
4405,459.42404942900066,5.323,2.720275027462962e-05
4406,459.52200619500036,6.537,2.719682441802467e-05
4407,459.61820119999993,5.9488,2.7190795968333338e-05
4408,459.7130505610003,5.9235,2.7184851689444423e-05
4409,459.8080852000003,5.5307,2.7178991898456752e-05
4410,459.9047014080006,6.5117,2.7173133251975303e-05
4411,460.00201960400045,5.1087,2.7167167667962924e-05
4412,460.0987904190006,6.3994,2.716116274598761e-05
4413,460.19405551,5.953,2.715518447432097e-05
4414,460.2910488719999,6.791,2.7149305751111085e-05
4415,460.38742181700036,5.6148,2.7143317482777773e-05
4416,460.4838225180001,5.8943,2.7137365747345633e-05
4417,460.58009904400024,6.6792,2.7131416940308635e-05
4418,460.6778639230006,6.0752,2.7125469670864157e-05
4419,460.77416068799994,4.5268,2.711944355228393e-05
4420,460.8706151840006,5.9854,2.7113498569259228e-05
4421,460.9660459510005,6.1437,2.71075443143827e-05
4422,461.062474933,5.6379,2.710164618746912e-05
4423,461.15784992000044,5.8985,2.709569840740737e-05
4424,461.2519609810006,4.8071,2.708981170777777e-05
4425,461.349350468,7.0736,2.7083992636111093e-05
4426,461.44577392300016,5.8443,2.7077985349876516e-05
4427,461.5421133150003,6.007,2.7072037901049376e-05
4428,461.63899133799987,5.853,2.7066098893086423e-05
4429,461.73512685100013,6.0134,2.7060116184135763e-05
4430,461.83017230600035,5.9516,2.7054174876172824e-05
4431,461.926687098,5.1661,2.7048312868580218e-05
4432,462.0236203860004,6.0367,2.7042353138827137e-05
4433,462.1192182900004,5.8657,2.703637280882717e-05
4434,462.2143278800004,5.6664,2.7030460339691344e-05
4435,462.3114959960003,6.4272,2.7024590993950603e-05
4436,462.40731582100034,5.3417,2.7018597010185176e-05
4437,462.5062410589999,6.3645,2.7012677554999965e-05
4438,462.60248844299986,6.3413,2.7006583254259243e-05
4439,462.6993941640003,7.0829,2.7000627985740712e-05
4440,462.7945673540007,5.7122,2.6994655646111106e-05
4441,462.8912634320004,5.946,2.698877389635802e-05
4442,462.98762456700024,5.6799,2.6982814303148108e-05
4443,463.08404345100007,5.9616,2.697685702104935e-05
4444,463.18010574600066,5.6893,2.6970914694506133e-05
4445,463.2758132990002,6.5327,2.6964981591913564e-05
4446,463.3737462930003,6.3757,2.6959068885678985e-05
4447,463.46530799799984,6.5088,2.695302582913579e-05
4448,463.56238436700005,6.2377,2.6947378228518527e-05
4449,463.6571023229999,4.2318,2.6941376244876554e-05
4450,463.7537309750005,6.0389,2.693552340290123e-05
4451,463.85055218100024,5.835,2.692957899703703e-05
4452,463.9453981760007,5.0241,2.6923597710493807e-05
4453,464.0427663350001,6.289,2.6917728686851852e-05
4454,464.13940324600026,5.2845,2.6911724080864197e-05
4455,464.2350602920005,6.767,2.6905761602530828e-05
4456,464.3286032720007,6.2245,2.689984917820985e-05
4457,464.4245697140004,6.4297,2.6894070607160455e-05
4458,464.5193612870007,4.4316,2.6888161835000002e-05
4459,464.6146738490006,5.7757,2.6882309625679013e-05
4460,464.71088332900035,6.0021,2.6876431799382716e-05
4461,464.8069369220002,6.1063,2.6870490014753046e-05
4462,464.90283660800014,6.487,2.686456397611111e-05
4463,464.9979760510005,5.3392,2.6858646697530876e-05
4464,465.0941460210006,5.626,2.6852755333950625e-05
4465,465.19021864500064,6.4562,2.684682507080247e-05
4466,465.2856630180004,6.0184,2.684089736246913e-05
4467,465.3837612699999,5.6948,2.6835013399629615e-05
4468,465.4805701860005,5.0931,2.6828959511913575e-05
4469,465.57532489500045,5.8157,2.6822976268456757e-05
4470,465.6660095900006,5.9925,2.6817123188641936e-05
4471,465.76336552500015,5.5303,2.681154071790124e-05
4472,465.85836853599994,4.5859,2.6805517574567872e-05
4473,465.95600364800066,6.5491,2.679964453641973e-05
4474,466.05324457200004,5.8846,2.6793634395617285e-05
4475,466.1521421990001,5.7716,2.678763329240739e-05
4476,466.2493283869999,5.4739,2.678152846246913e-05
4477,466.34687836300054,6.3282,2.6775512671604896e-05
4478,466.4430385230007,6.0956,2.6769496101049378e-05
4479,466.5388615970005,6.4195,2.6763568817777756e-05
4480,466.6343418870001,5.008,2.6757649469320966e-05
4481,466.7297627100006,6.3061,2.6751747068148102e-05
4482,466.828094386,6.609,2.674586136407408e-05
4483,466.920041759,6.8309,2.673979527691357e-05
4484,467.0158244760005,5.3588,2.6734121707037042e-05
4485,467.1114425530004,5.343,2.672819427641975e-05
4486,467.20780010399994,5.9772,2.672230581444441e-05
4487,467.3036276420007,6.2951,2.671634667160493e-05
4488,467.4003596420007,5.1371,2.671042699549381e-05
4489,467.4951151559999,3.9308,2.6704469436851842e-05
4490,467.59285424600057,6.2368,2.6698612649382727e-05
4491,467.6884489760005,6.2588,2.6692593021481443e-05
4492,467.7837212760005,6.0667,2.668667588203705e-05
4493,467.8807773560002,5.9754,2.6680785788518488e-05
4494,467.97815436700057,5.9707,2.6674810110987637e-05
4495,468.07441520200064,5.9467,2.66688132738889e-05
4496,468.170058443,5.2652,2.6662860196975315e-05
4497,468.26737641399995,6.3954,2.6656952414876535e-05
4498,468.3631926150001,5.2048,2.6650960023395033e-05
4499,468.4611002219999,6.4558,2.6645041666790105e-05
4500,468.55727243900037,6.9991,2.6639002990493822e-05
4501,468.6529340900006,5.2176,2.6633058720246907e-05
4502,468.74899719400037,5.4769,2.662715484858022e-05
4503,468.8450654389999,4.2385,2.6621224499135788e-05
4504,468.9425994530002,6.4804,2.661528701117283e-05
4505,469.0367551320005,5.59,2.6609271586172824e-05
4506,469.1319104720005,5.5549,2.6603449773086386e-05
4507,469.2276108160004,6.5946,2.6597582391790087e-05
4508,469.3200740080001,2.751,2.659167539975308e-05
4509,469.41657164700064,5.3291,2.658595819771602e-05
4510,469.5122964250004,6.6788,2.6580018278456788e-05
4511,469.60623156900056,4.3906,2.6574102387160477e-05
4512,469.70057074600027,4.6803,2.656829659481479e-05
4513,469.79614936800044,5.6768,2.6562482948641975e-05
4514,469.8899665830004,5.4894,2.6556574510432088e-05
4515,469.98721788400053,6.1141,2.6550781403888895e-05
4516,470.08260202900055,4.533,2.6544793245740702e-05
4517,470.1786781710007,6.1762,2.6538890757901192e-05
4518,470.27497673200014,5.4013,2.653296375716045e-05
4519,470.3713405490007,6.6231,2.6527027544074045e-05
4520,470.46769796100034,5.662,2.652108171024692e-05
4521,470.5623771240007,6.5285,2.651513390185183e-05
4522,470.65856834900023,7.0232,2.6509282941481472e-05
4523,470.75422835000063,5.0545,2.6503358248518518e-05
4524,470.8503119770003,5.1845,2.649743965104936e-05
4525,470.9461446180003,5.195,2.6491516338333324e-05
4526,471.0411912590007,6.1108,2.648559751864193e-05
4527,471.1367426610004,5.8252,2.6479734965802477e-05
4528,471.2352076420002,6.3106,2.6473834488395054e-05
4529,471.3309031910003,6.3137,2.6467762002160463e-05
4530,471.42773229200066,6.3009,2.646184595629626e-05
4531,471.5252577850006,6.9533,2.645588338765428e-05
4532,471.6202463710006,4.1219,2.6449851732469134e-05
4533,471.7158419710004,6.1816,2.644397819660489e-05
4534,471.8125082880006,6.4657,2.6438086311172812e-05
4535,471.9091624970006,5.8344,2.64321190600617e-05
4536,472.00479601700044,6.231,2.6426149752654305e-05
4537,472.1004156550007,6.3117,2.642023806185181e-05
4538,472.19650726300006,6.8913,2.641434686895059e-05
4539,472.29400685200017,5.5695,2.6408413308209833e-05
4540,472.38929537700005,6.3286,2.6402400988703687e-05
4541,472.4842853830005,6.4749,2.6396512641913545e-05
4542,472.58100094600013,6.6831,2.639065477388888e-05
4543,472.67772746300034,5.6064,2.638467706753085e-05
4544,472.7720666590003,5.24,2.6378710994691335e-05
4545,472.86871837800027,6.0751,2.637287680339504e-05
4546,472.9624389110004,5.393,2.6366919144506154e-05
4547,473.0588744100005,6.3976,2.6361120515493788e-05
4548,473.15434368000024,5.963,2.63551779307407e-05
4549,473.25035311100055,6.5218,2.6349278849074048e-05
4550,473.34474583000065,5.5915,2.6343352740555527e-05
4551,473.43952927100054,5.3684,2.6337523778765395e-05
4552,473.53271543200026,4.6071,2.6331675415987644e-05
4553,473.6290646309999,6.2023,2.6325925040740702e-05
4554,473.72588157300015,5.9905,2.631999289462963e-05
4555,473.82275569800004,6.0032,2.6314004513641982e-05
4556,473.91819131400007,7.0716,2.6308021051790105e-05
4557,474.0119445320006,4.4105,2.6302120472962965e-05
4558,474.10778259700055,5.5566,2.6296323966111076e-05
4559,474.2058634140003,5.8215,2.62904212254938e-05
4560,474.3024109170001,6.16,2.6284371582654292e-05
4561,474.3971108800006,5.8142,2.6278416580555558e-05
4562,474.49193073100014,6.3318,2.6272563188518508e-05
4563,474.5873236460002,6.3493,2.626672017074074e-05
4564,474.6808709240004,5.8623,2.6260837752407375e-05
4565,474.77719644599983,6.008,2.6255051304629597e-05
4566,474.87192176900044,6.4471,2.6249118240370375e-05
4567,474.9675879610004,5.5741,2.6243265883209844e-05
4568,475.0641464500004,6.6012,2.6237365617345667e-05
4569,475.1609985220002,5.656,2.6231402860061683e-05
4570,475.2580558260006,5.2506,2.622542060703701e-05
4571,475.3530567380003,5.5438,2.6219440255432053e-05
4572,475.4488219640007,5.7496,2.6213565569012333e-05
4573,475.54330727900015,5.254,2.6207654476604915e-05
4574,475.6336514120003,7.0042,2.6201820526543214e-05
4575,475.7242851159999,5.8216,2.6196249624629643e-05
4576,475.82096315800027,6.1543,2.619066881876543e-05
4577,475.91700218000005,6.8042,2.6184693268518522e-05
4578,476.01368876000015,4.3207,2.617874853679013e-05
4579,476.10808679599995,6.0511,2.6172784674629637e-05
4580,476.20266659000026,5.1034,2.6166959907592557e-05
4581,476.29754045500067,6.2034,2.616112520512346e-05
4582,476.3941503240003,5.9454,2.6155269309506142e-05
4583,476.4894771570007,5.6127,2.6149313820123445e-05
4584,476.58574346800015,6.0674,2.6143418023703692e-05
4585,476.6798072320007,5.8279,2.613747649969136e-05
4586,476.7750133670006,6.8894,2.6131664760370354e-05
4587,476.87078217399994,5.4887,2.612578695302467e-05
4588,476.9667075770003,6.1568,2.6119870275061703e-05
4589,477.0620796890007,5.7079,2.611395140759259e-05
4590,477.15781357300057,5.89,2.610807026228396e-05
4591,477.25549540200063,6.2115,2.610215724623456e-05
4592,477.3531140370005,5.8097,2.6096128994012316e-05
4593,477.4500141510007,6.3008,2.609009846604935e-05
4594,477.54417559600006,4.7788,2.6084125132098767e-05
4595,477.64048827900024,4.6245,2.607829920419753e-05
4596,477.73600693200024,6.0135,2.607235807401235e-05
4597,477.83204058200045,5.2213,2.606646307067899e-05
4598,477.9270533080007,6.2029,2.6060540627160472e-05
4599,478.0231841720006,4.9912,2.6054661875061725e-05
4600,478.11292863900053,6.0074,2.6048737722839474e-05
4601,478.21059550100017,6.3464,2.604322118419751e-05
4602,478.30727497299995,6.0918,2.6037176974567913e-05
4603,478.40169150400015,6.0028,2.6031202628456798e-05
4604,478.49673656899995,5.5422,2.6025374599320973e-05
4605,478.59319765800046,4.5899,2.6019512078209862e-05
4606,478.68769010899996,5.148,2.601356265506172e-05
4607,478.7848325140003,6.5712,2.6007721182901196e-05
4608,478.8810437860002,5.6918,2.6001726515925928e-05
4609,478.97883889900004,5.2203,2.5995790726790094e-05
4610,479.07494046400006,6.1362,2.598975790253086e-05
4611,479.16910568599997,5.1267,2.598381862654319e-05
4612,479.26545274900036,5.6233,2.597800518771602e-05
4613,479.3633619840002,6.2024,2.5972060198888854e-05
4614,479.4539638610004,6.6163,2.5966010805987644e-05
4615,479.5496820470007,5.9356,2.5960439216234565e-05
4616,479.6478642150005,6.088,2.5954510354876516e-05
4617,479.7432292829999,5.4803,2.594846301314815e-05
4618,479.83869217700067,6.7275,2.5942554332345658e-05
4619,479.93617890600035,6.0842,2.5936670449320987e-05
4620,480.0323892940005,6.422,2.593064853611109e-05
4621,480.12934907,6.2819,2.5924708579259237e-05
4622,480.2260692030004,5.5322,2.5918734441172797e-05
4623,480.32269853100024,5.8361,2.591275531333333e-05
4624,480.4213592320002,5.7273,2.590679426796293e-05
4625,480.5190357880001,6.1152,2.5900711356913566e-05
4626,480.6149497910001,5.9548,2.5894672821419753e-05
4627,480.71205757700045,6.3594,2.5888749127222223e-05
4628,480.8073453090001,5.6593,2.588276632259255e-05
4629,480.9039305030001,5.6661,2.587687650197529e-05
4630,481.0006091280002,5.6494,2.587090605709874e-05
4631,481.09899353400033,5.3846,2.586494425537037e-05
4632,481.19657527600066,6.1092,2.5858877504567858e-05
4633,481.2918423609999,5.9994,2.585284622296294e-05
4634,481.3830477520005,6.2243,2.5846954317160478e-05
4635,481.47922804100017,5.5142,2.5841342187222217e-05
4636,481.57745115800026,5.8896,2.583539023327157e-05
4637,481.67442578100054,6.2806,2.5829340043456784e-05
4638,481.77135479200024,5.7662,2.5823348855370332e-05
4639,481.8692613560006,6.2209,2.5817359894135795e-05
4640,481.96865861600054,6.9418,2.5811322846790108e-05
4641,482.06532848999996,5.6815,2.5805191813950575e-05
4642,482.1618840300007,5.4829,2.579922068074071e-05
4643,482.26177620700037,5.9668,2.579323725728393e-05
4644,482.3583998490003,6.3207,2.5787103096666633e-05
4645,482.45512387000053,6.3881,2.5781128237345675e-05
4646,482.5523975740007,5.7025,2.5775159946543165e-05
4647,482.6501404800001,6.4752,2.576915227851849e-05
4648,482.7474445510006,6.1142,2.576313166870371e-05
4649,482.84232262800015,5.1136,2.575712143851849e-05
4650,482.9377168830006,6.6698,2.5751253973395074e-05
4651,483.0334914920004,5.4961,2.5745375001419753e-05
4652,483.130612209,5.4472,2.57394637843827e-05
4653,483.22533139200004,6.0461,2.5733468380802455e-05
4654,483.32307276700067,5.7463,2.5727605850185154e-05
4655,483.4210536420005,5.6957,2.572157860197528e-05
4656,483.51862598000025,5.6643,2.5715539648888886e-05
4657,483.61279955100053,5.153,2.5709520579135803e-05
4658,483.70946208199985,5.7117,2.5703689059197512e-05
4659,483.80451513200023,5.5004,2.569773644641974e-05
4660,483.89841413200065,5.2944,2.5691859781790084e-05
4661,483.99461293200056,5.2602,2.5686056709691353e-05
4662,484.0915734150003,6.3767,2.5680127411666644e-05
4663,484.1882969420003,5.9339,2.5674133953456768e-05
4664,484.2847995350003,5.7202,2.5668167412037004e-05
4665,484.38211311600026,5.8014,2.5662205790493786e-05
4666,484.47842880999997,6.2993,2.5656210011604942e-05
4667,484.5737929220004,6.1645,2.5650267063888856e-05
4668,484.6677874730003,5.552,2.5644379133086383e-05
4669,484.7619366300005,5.1332,2.563856677617283e-05
4670,484.85860229399987,6.1642,2.5632764634506144e-05
4671,484.9543853210007,4.5468,2.562681112623455e-05
4672,485.0491393410002,4.7668,2.562089242203703e-05
4673,485.14648658900023,6.3304,2.5615028413024694e-05
4674,485.24440469399997,6.4083,2.560901994024688e-05
4675,485.34387393,5.786,2.5602983760493792e-05
4676,485.44172405600057,6.2003,2.559685435499999e-05
4677,485.5387976860002,6.3308,2.5590801790370355e-05
4678,485.6362279640007,6.4862,2.5584807362407382e-05
4679,485.73396194999987,5.8097,2.5578799022716038e-05
4680,485.831650565,6.3163,2.5572764215246903e-05
4681,485.92906508600026,6.2823,2.5566737479506136e-05
4682,486.0263697520004,6.4127,2.5560719518271582e-05
4683,486.1243003690006,5.7481,2.5554708059876532e-05
4684,486.22103307,5.7149,2.5548660814814825e-05
4685,486.31567889600046,5.5525,2.5542699292222222e-05
4686,486.4122787710003,5.3608,2.553685513956786e-05
4687,486.5094370810002,6.7588,2.5530905905246883e-05
4688,486.6033027350004,5.3142,2.55249012043827e-05
4689,486.7012687080005,6.1035,2.5519095944567894e-05
4690,486.7995671540002,6.736,2.5513077116111105e-05
4691,486.8953437420005,5.7856,2.5506990987654278e-05
4692,486.9908659520006,5.3284,2.5501069587592574e-05
4693,487.0843119300007,6.2313,2.5495165429320977e-05
4694,487.17928342100004,6.0262,2.5489394570617274e-05
4695,487.2759362679999,6.0179,2.5483532027283953e-05
4696,487.37446849500066,6.2756,2.547758170722223e-05
4697,487.47235157700015,5.7371,2.5471496972654287e-05
4698,487.5687626100007,5.2302,2.5465461390987612e-05
4699,487.66499600299994,5.5299,2.5459499817407383e-05
4700,487.7606093760005,5.911,2.5453560023333305e-05
4701,487.8580176129999,6.3497,2.544765860475309e-05
4702,487.95361706699987,6.2254,2.5441658370370346e-05
4703,488.04840105400035,4.8462,2.543575023092593e-05
4704,488.1443819310007,6.5022,2.542989714666666e-05
4705,488.2421499580005,5.5121,2.5423970728580225e-05
4706,488.3394856270006,5.6559,2.5417941699074053e-05
4707,488.43613618400013,6.4822,2.5411929247654293e-05
4708,488.53411449600026,5.9496,2.540596661796293e-05
4709,488.62861024799986,5.1859,2.539992779981478e-05
4710,488.72372457800066,5.7818,2.5394075681419737e-05
4711,488.8194210040001,6.1764,2.5388205979135798e-05
4712,488.9146564400007,3.7057,2.5382311745493825e-05
4713,489.0117827510003,6.5893,2.5376426127530816e-05
4714,489.11062037300053,6.4881,2.5370406947283952e-05
4715,489.2023600749999,6.8417,2.5364335762098768e-05
4716,489.2993739860003,5.3981,2.535867253592591e-05
4717,489.39560334900034,6.0134,2.5352669758827118e-05
4718,489.49037585299993,4.6657,2.5346728429197492e-05
4719,489.58639098599997,5.1101,2.5340875156913556e-05
4720,489.68032259200027,6.0697,2.5334958396111118e-05
4721,489.7753443070005,5.7023,2.5329158993888853e-05
4722,489.87026473700007,5.6683,2.5323294591913555e-05
4723,489.9648502680002,6.3156,2.531743757574071e-05
4724,490.06068223700004,6.2464,2.5311589932098735e-05
4725,490.158354614,6.0764,2.5305676803950573e-05
4726,490.2541633790006,5.6852,2.5299668289197503e-05
4727,490.34882291900067,5.6492,2.5293741639012342e-05
4728,490.446004161,5.5497,2.528789439845679e-05
4729,490.540589104,4.8017,2.5281906327098753e-05
4730,490.6351159240003,5.0925,2.5276053458024696e-05
4731,490.7300640930007,6.5732,2.52701959340123e-05
4732,490.8242073730007,5.067,2.5264369159876544e-05
4733,490.92110439299995,6.112,2.5258549044691355e-05
4734,491.0195824810007,6.6177,2.5252576400679022e-05
4735,491.1162270820005,6.4451,2.524649625160489e-05
4736,491.214508735,5.4376,2.524053277851849e-05
4737,491.3125495540007,5.7676,2.5234465780679023e-05
4738,491.40865807299997,6.2912,2.5228403314567862e-05
4739,491.5041186770004,5.8894,2.5222475954567893e-05
4740,491.600277175,6.5737,2.52165753954938e-05
4741,491.69719536499997,6.7687,2.5210646250370364e-05
4742,491.7915650499999,6.0638,2.5204672663456753e-05
4743,491.8875518320001,6.6643,2.5198835957098766e-05
4744,491.9864146990003,6.1818,2.5192909107345653e-05
4745,492.08312829199986,5.6548,2.5186809583209837e-05
4746,492.1784352760005,5.877,2.5180843571913582e-05
4747,492.2753048450004,5.6126,2.5174961340370336e-05
4748,492.3734304090003,5.6097,2.516897782796296e-05
4749,492.46789655000066,6.1658,2.51629242822222e-05
4750,492.5651854020007,6.496,2.5157081590246877e-05
4751,492.6606419509999,6.2722,2.5151093647222196e-05
4752,492.7574777890004,5.1232,2.5145182490246886e-05
4753,492.8541753740001,6.8881,2.5139219455617267e-05
4754,492.95214533499984,6.6735,2.5133247422222218e-05
4755,493.0475109280005,5.9242,2.5127196448580258e-05
4756,493.1425234640001,5.1524,2.512130454666667e-05
4757,493.239850596,6.1542,2.511543998475308e-05
4758,493.33558064299996,5.6964,2.510944432740736e-05
4759,493.4312674590001,5.8754,2.5103529629506156e-05
4760,493.52860397400036,6.0524,2.5097619110000005e-05
4761,493.6241589680003,5.8693,2.509161127055556e-05
4762,493.719999592,6.0655,2.508571411956786e-05
4763,493.81518227000015,5.5571,2.507980405574073e-05
4764,493.90927130100044,6.0992,2.5073929771481484e-05
4765,494.00585484100066,5.7586,2.5068106873209834e-05
4766,494.0975178480003,6.4053,2.5062157381111105e-05
4767,494.19592129600005,6.4227,2.5056502726666664e-05
4768,494.294607111,6.4262,2.5050403063456755e-05
4769,494.3902610360001,6.1861,2.5044319957777774e-05
4770,494.48677232000045,5.2463,2.503841014388888e-05
4771,494.58414461900065,5.6624,2.5032452261296298e-05
4772,494.6802502139999,6.1248,2.5026464074629606e-05
4773,494.77818713000033,7.08,2.502052001697528e-05
4774,494.8724877929999,5.3259,2.5014480166111114e-05
4775,494.96909371400034,5.4997,2.5008651370617263e-05
4776,495.06788861899986,6.4063,2.5002698784012325e-05
4777,495.1635535510004,6.1218,2.4996596446913532e-05
4778,495.2602076150006,6.0985,2.499067620537034e-05
4779,495.3563189330007,5.4021,2.498472630530861e-05
4780,495.45388962500056,5.9134,2.4978797438456756e-05
4781,495.54861840300055,6.4229,2.4972781317283923e-05
4782,495.6455981400004,5.512,2.496690823413578e-05
4783,495.74232596300044,6.6923,2.4960940997530874e-05
4784,495.83996919499987,6.8465,2.4954968588395045e-05
4785,495.93894383800034,6.0588,2.494894132808642e-05
4786,496.0370799990005,5.0284,2.4942838263086406e-05
4787,496.13059221599997,4.9449,2.4936775536234563e-05
4788,496.2288879840007,6.1975,2.4930972131790126e-05
4789,496.32496408800034,3.5537,2.4924933996543203e-05
4790,496.42021257500073,6.4194,2.491899542901233e-05
4791,496.51664918999995,6.2152,2.4913106453580238e-05
4792,496.61359031100073,6.7016,2.490716626530864e-05
4793,496.71113538200007,6.1355,2.4901189694876537e-05
4794,496.80795118700007,5.8964,2.4895180879074036e-05
4795,496.90492628100037,6.1113,2.4889196501604927e-05
4796,497.0029521229999,5.8345,2.4883191721543188e-05
4797,497.10108616400066,6.2972,2.487715179259255e-05
4798,497.1966766120004,4.6425,2.4871099512160478e-05
4799,497.2928305510004,5.4727,2.4865181410061696e-05
4800,497.3907505490006,5.5621,2.4859257959567878e-05
4801,497.4868249560004,6.0744,2.4853208225802432e-05
4802,497.58142505900014,6.1928,2.4847274866049386e-05
4803,497.67768950500067,6.7878,2.4841430699197537e-05
4804,497.77353033800046,6.1825,2.4835498853209838e-05
4805,497.87032783999985,5.3069,2.4829579343703713e-05
4806,497.96626054399985,6.1429,2.4823609159814814e-05
4807,498.0624200000002,5.9958,2.481768063018518e-05
4808,498.15951824200056,6.6124,2.4811749305185184e-05
4809,498.25659301999985,6.5935,2.4805754730123454e-05
4810,498.3534351770004,5.9701,2.4799766753888854e-05
4811,498.45075371200073,5.4556,2.4793793147962924e-05
4812,498.54931573400063,6.3117,2.4787787564567867e-05
4813,498.6485379000005,6.2353,2.478170752969135e-05
4814,498.7450869430004,6.1362,2.4775580848641984e-05
4815,498.8437614990007,6.0656,2.4769605716172816e-05
4816,498.9427362480001,5.6477,2.476351909487653e-05
4817,499.0392807620001,4.5662,2.4757415501172816e-05
4818,499.1368476030002,5.6623,2.4751449891728378e-05
4819,499.23460008500024,6.6732,2.474544336475306e-05
4820,499.3322911989999,6.409,2.4739381089259245e-05
4821,499.43040130900044,5.8277,2.4733357704814786e-05
4822,499.52876143699996,6.8123,2.4727311584012324e-05
4823,499.62757202300054,5.3827,2.4721242587901216e-05
4824,499.7251291270004,6.1806,2.4715151188641945e-05
4825,499.8197118020007,5.9764,2.4709125686543218e-05
4826,499.9152079230007,5.9739,2.47032640330247e-05
4827,500.0126138129999,5.4151,2.469737960370367e-05
4828,500.1107468850005,5.5548,2.469136143574074e-05
4829,500.2076529169999,5.2139,2.468531008351852e-05
4830,500.3045268470005,6.7529,2.467932111302465e-05
4831,500.40499003700006,6.0991,2.4673339005802477e-05
4832,500.50117162600054,4.5421,2.466715761796293e-05
4833,500.5994974790001,6.6633,2.4661204111358017e-05
4834,500.6965284450007,4.7743,2.4655151126543175e-05
4835,500.7932409770001,5.6313,2.4649151917222207e-05
4836,500.8897878990001,5.6752,2.4643173931728352e-05
4837,500.98615565399996,6.2804,2.4637225716172808e-05
4838,501.082823748,6.277,2.463127309641971e-05
4839,501.17528843000036,5.7607,2.462530385092589e-05
4840,501.2719637910004,5.1731,2.4619601207407388e-05
4841,501.36812334000024,4.7423,2.461363230820985e-05
4842,501.46263114700014,6.0013,2.460770278370367e-05
4843,501.5589760840003,6.9615,2.4601852156728354e-05
4844,501.65618990200073,5.5881,2.4595911756419744e-05
4845,501.75297477500044,6.2514,2.4589916114320978e-05
4846,501.8497667900001,5.8362,2.4583946671296297e-05
4847,501.9438745990001,4.7134,2.4577965959320963e-05
4848,502.0394800690001,6.1564,2.457213790296296e-05
4849,502.13523348499984,5.8656,2.4566251934444425e-05
4850,502.2307209979999,5.9301,2.456034159197529e-05
4851,502.3254383070007,6.0054,2.4554436422654308e-05
4852,502.4182581940004,5.3049,2.454859201419749e-05
4853,502.512085671,4.1988,2.454285385938268e-05
4854,502.60806962600054,5.305,2.453706218086418e-05
4855,502.7041086270001,6.1944,2.4531150523024694e-05
4856,502.8023505500005,5.4475,2.4525226149506148e-05
4857,502.90180175800015,5.788,2.4519174744320966e-05
4858,502.9963442210001,5.1913,2.451303201691358e-05
4859,503.0924284970006,6.1133,2.4507171777901234e-05
4860,503.1885691360003,6.7486,2.450125916302467e-05
4861,503.28558949299986,6.0525,2.449531490827156e-05
4862,503.3835195820002,5.9618,2.4489321969691324e-05
4863,503.47924099600004,6.6574,2.4483287251358e-05
4864,503.5768876530001,6.7741,2.4477377845123445e-05
4865,503.67582322700036,6.3222,2.4471344989506177e-05
4866,503.77313922900066,5.7795,2.4465250178888853e-05
4867,503.8691945970004,5.4822,2.4459237447160466e-05
4868,503.96575495400066,5.6952,2.4453297065185193e-05
4869,504.0606526110005,6.1659,2.4447350694444433e-05
4870,504.15707655700044,5.7721,2.4441484331357994e-05
4871,504.256297592,6.49,2.443553856604939e-05
4872,504.35297111900036,5.9782,2.4429402207407394e-05
4873,504.44849931000044,5.8087,2.442344208666664e-05
4874,504.54593505699995,6.0073,2.441754833543206e-05
4875,504.6374761520001,6.5436,2.441154248481477e-05
4876,504.7337151649999,5.5585,2.4405894805617274e-05
4877,504.83052974900056,5.267,2.439994043191359e-05
4878,504.92817105500035,6.0668,2.4393969533148154e-05
4879,505.0270694130004,6.5289,2.4387932623395044e-05
4880,505.1247502599999,7.1351,2.4381823010987637e-05
4881,505.21973655500005,4.9988,2.4375796421234577e-05
4882,505.3170698550002,6.0612,2.436992917802467e-05
4883,505.4137892160006,6.1267,2.436394243753085e-05
4884,505.5121814310005,5.9494,2.4357967398580257e-05
4885,505.60724088200004,6.6264,2.4351894989691337e-05
4886,505.7021650550005,5.6206,2.4346007665493813e-05
4887,505.7981319850005,5.4886,2.43401538552469e-05
4888,505.89403439000034,6.3743,2.433423799493826e-05
4889,505.9906107050001,5.7475,2.4328309618765422e-05
4890,506.08124537500044,6.4331,2.432235087154317e-05
4891,506.17768746100046,4.968,2.4316781412283907e-05
4892,506.2738488920004,6.0798,2.4310800635617282e-05
4893,506.3700171720002,5.2356,2.4304872813641955e-05
4894,506.46604270900025,5.7137,2.4298934759876552e-05
4895,506.5633296730002,6.7129,2.4293010969197528e-05
4896,506.66236946500067,5.8296,2.42870005754938e-05
4897,506.7612988410001,6.0018,2.428088911135799e-05
4898,506.8591856840003,5.8077,2.42747858878395e-05
4899,506.95639518900043,6.2205,2.426873753265429e-05
4900,507.05315669100037,5.9404,2.4262738449567874e-05
4901,507.148446962,5.5593,2.4256771051604915e-05
4902,507.24629042500055,6.233,2.4250872081666663e-05
4903,507.3413696910002,4.544,2.4244844432345653e-05
4904,507.4379549430005,3.8679,2.423896849185181e-05
4905,507.5344764720003,5.6343,2.4233010202407387e-05
4906,507.6328069600004,5.9744,2.4227037034382722e-05
4907,507.7286508289999,6.4505,2.4220980922592602e-05
4908,507.82424230800007,5.9192,2.421506527037034e-05
4909,507.91819473600026,6.0372,2.4209174687160463e-05
4910,508.01156381800047,4.6575,2.4203351890061732e-05
4911,508.10671144200023,6.0767,2.419759302172836e-05
4912,508.2023486770004,5.4509,2.4191726387345658e-05
4913,508.2956101790005,5.5225,2.4185819889876538e-05
4914,508.39107459000024,5.4833,2.41800564337037e-05
4915,508.4868561460007,4.5078,2.417417136623454e-05
4916,508.5813537920003,5.9199,2.4168256187407412e-05
4917,508.67668083100034,5.916,2.4162427365987624e-05
4918,508.77294442400034,5.5748,2.4156552630864176e-05
4919,508.86800995700014,5.3073,2.4150603939753053e-05
4920,508.96510256000056,6.3611,2.4144724014506132e-05
4921,509.06180770100036,6.6459,2.4138744256851852e-05
4922,509.1576929339999,5.9605,2.4132779323395027e-05
4923,509.2551298389999,6.1445,2.4126854280678985e-05
4924,509.3512583950005,5.7688,2.412084129604937e-05
4925,509.44764303900047,4.6002,2.4114913560308623e-05
4926,509.5443810760007,4.1047,2.4108969079876533e-05
4927,509.64205081100044,6.5643,2.4102995528086424e-05
4928,509.73921057700045,6.471,2.4096970018395043e-05
4929,509.83699389200046,5.3655,2.4090966105308622e-05
4930,509.9322950700007,6.4704,2.4084930180679015e-05
4931,510.02776654599984,5.9786,2.4079037973024692e-05
4932,510.125410656,5.7122,2.4073145948827132e-05
4933,510.2223095010004,5.8245,2.4067127353827135e-05
4934,510.3167548470001,5.537,2.4061145919135813e-05
4935,510.4138074950006,6.3431,2.4055310608641945e-05
4936,510.5111043850002,6.4902,2.4049330141975294e-05
4937,510.6071821149999,5.609,2.404331373166663e-05
4938,510.7039396079999,5.253,2.4037377350123446e-05
4939,510.7991334140006,6.1315,2.4031417951172848e-05
4940,510.8948608260007,6.4278,2.4025539230246925e-05
4941,510.99098345699986,5.7591,2.401961806901235e-05
4942,511.08748506200027,4.949,2.401369153851849e-05
4943,511.1833460860007,5.5248,2.4007729541296252e-05
4944,511.27975293800046,5.6433,2.4001802693765395e-05
4945,511.3728949610004,2.6901,2.3995860135678977e-05
4946,511.4664767049999,4.9126,2.3990101803703714e-05
4947,511.5623269400003,5.7803,2.3984331741419765e-05
4948,511.6581345000004,4.0474,2.3978409983518492e-05
4949,511.75217364000036,5.6978,2.3972510172345637e-05
4950,511.8473427580002,6.6338,2.3966703862222207e-05
4951,511.94277286299985,6.1912,2.3960820101851823e-05
4952,512.0406269610003,5.3786,2.3954927500864172e-05
4953,512.1368525880007,6.4263,2.394890182320984e-05
4954,512.2336404380003,5.0846,2.3942958552037016e-05
4955,512.3298323710005,5.2191,2.3936982936913553e-05
4956,512.4274727020002,5.9836,2.393103694499997e-05
4957,512.522792797,5.538,2.3925024884999997e-05
4958,512.6185703210003,5.3246,2.39191276748148e-05
4959,512.7160778850002,6.7557,2.391322103907408e-05
4960,512.8124742210002,6.4189,2.390720594827161e-05
4961,512.9073832350005,5.7053,2.3901250731913554e-05
4962,513.0035067580002,6.0541,2.389539638919752e-05
4963,513.0992636260007,6.0921,2.3889467861481478e-05
4964,513.195576868,6.0332,2.3883542317037016e-05
4965,513.2937285920007,6.3179,2.387761035129626e-05
4966,513.3912741630002,5.9606,2.3871547471851808e-05
4967,513.4866387120001,5.5231,2.3865522829691327e-05
4968,513.5809224190007,4.5595,2.3859619806358015e-05
4969,513.6767969680004,5.3539,2.385380941901233e-05
4970,513.7745394020003,6.4984,2.3847905003703665e-05
4971,513.8723379030007,6.0654,2.3841882854753077e-05
4972,513.9680254140003,5.9961,2.3835830165864177e-05
4973,514.0650061380002,6.3993,2.3829922052469094e-05
4974,514.1614517200005,6.4856,2.382392634376539e-05
4975,514.2571281820001,5.9945,2.38179858725926e-05
4976,514.3520385350002,6.1022,2.3812062042592582e-05
4977,514.4467115940006,6.0372,2.380620601246914e-05
4978,514.5453065620004,6.2288,2.380036678783951e-05
4979,514.6440669430003,5.9495,2.3794301254999966e-05
4980,514.7403320920002,5.526,2.3788202798209852e-05
4981,514.835588074,5.873,2.3782249584012305e-05
4982,514.933158461,5.4916,2.3776364086172832e-05
4983,515.030807444,5.8962,2.3770356401172827e-05
4984,515.1259204730004,5.7568,2.3764326299814803e-05
4985,515.2157005919998,5.9341,2.375843967901234e-05
4986,515.3137550470001,6.4754,2.3752915469259267e-05
4987,515.4092869700007,4.8966,2.374684901092588e-05
4988,515.5061930800002,6.161,2.374093886351849e-05
4989,515.6034822430001,5.8596,2.3734969330802427e-05
4990,515.6996543510004,5.6797,2.3728971991049382e-05
4991,515.796992177,5.9124,2.3723032227345683e-05
4992,515.8930074220007,5.9546,2.3717023160864153e-05
4993,515.9895992050006,6.4282,2.3711086975740728e-05
4994,516.0862019040005,6.3359,2.37051344716049e-05
4995,516.1812862790002,6.2691,2.3699179156481444e-05
4996,516.2763560910007,5.9318,2.3693305064999986e-05
4997,516.3724043920001,5.9971,2.3687422602592567e-05
4998,516.469437275,6.0459,2.3681501582469134e-05
4999,516.5673265670002,6.2434,2.3675517841049365e-05
5000,516.661935567,5.1079,2.366947585592591e-05
5001,516.7554637500007,6.3767,2.36636217341975e-05
5002,516.8515567009999,5.8267,2.3657855526851813e-05
5003,516.9471020450001,5.4846,2.3651934469444426e-05
5004,517.0434929470002,6.1345,2.364601548376542e-05
5005,517.139894078,5.8137,2.364006548259259e-05
5006,517.237134084,6.6763,2.363412684882714e-05
5007,517.3336831740007,6.2938,2.3628129814753075e-05
5008,517.4243406900005,6.0514,2.362216918432099e-05
5009,517.522983242,6.2256,2.3616582146851834e-05
5010,517.6199582100007,6.1344,2.361048392191359e-05
5011,517.7189788750002,6.256,2.360448938759256e-05
5012,517.8156515770006,4.9674,2.359838991129627e-05
5013,517.9122303720005,6.2041,2.359241605944444e-05
5014,518.0086662060003,6.434,2.358644748808639e-05
5015,518.1070029960001,6.3306,2.358049908308641e-05
5016,518.2027628840005,6.4717,2.3574434151172808e-05
5017,518.3004661660007,5.9424,2.3568498657530848e-05
5018,518.3982645410006,7.0327,2.3562481183024672e-05
5019,518.4923021570003,4.0991,2.3556455507530833e-05
5020,518.5900724230005,5.5544,2.3550626631975286e-05
5021,518.6882219409999,6.5166,2.3544617716851815e-05
5022,518.7858283000005,6.772,2.3538557633765427e-05
5023,518.8828831609999,6.1449,2.3532527043827134e-05
5024,518.9793106380002,5.7099,2.3526532186481486e-05
5025,519.0762359420005,4.0777,2.3520581998580238e-05
5026,519.1744089170006,6.5583,2.351460344580248e-05
5027,519.2726646540004,6.1126,2.3508545678827166e-05
5028,519.3687997390007,5.954,2.350247055962961e-05
5029,519.4645277939999,5.9596,2.349653107518519e-05
5030,519.5589354700005,4.5534,2.3490630102283935e-05
5031,519.6544877169999,5.9175,2.348479418308643e-05
5032,519.7507668640001,6.2922,2.347890354271604e-05
5033,519.8465144870006,5.0424,2.3472960980123417e-05
5034,519.9421392120003,5.9412,2.3467053462283934e-05
5035,520.0366623959999,3.0033,2.3461150449320988e-05
5036,520.1326298280001,6.1349,2.345530531104936e-05
5037,520.2278103170001,6.1739,2.3449389688827172e-05
5038,520.324185294,6.4072,2.3443512185493788e-05
5039,520.4214219599999,6.0736,2.3437565985432064e-05
5040,520.5177534120003,5.8159,2.3431570914382674e-05
5041,520.6164528620002,6.6024,2.3425620678271576e-05
5042,520.7127329760006,6.2399,2.341953062104938e-05
5043,520.810262467,5.8219,2.3413584672098748e-05
5044,520.9082812390006,6.7978,2.3407571073271582e-05
5045,521.004668603,6.2221,2.3401517365246878e-05
5046,521.1023706900005,6.325,2.3395554990678996e-05
5047,521.1980250189999,5.9814,2.338954365259258e-05
5048,521.2919670179999,5.1141,2.3383627813703713e-05
5049,521.3889109880001,6.6297,2.337780788129631e-05
5050,521.483330471,5.9378,2.337183949259259e-05
5051,521.5782746980003,4.7684,2.336600884364195e-05
5052,521.6744474570005,6.5013,2.3360147904074083e-05
5053,521.7680948540001,5.842,2.335422229864193e-05
5054,521.861095622,5.6956,2.334843987024692e-05
5055,521.9595377080004,7.0471,2.3342684287962934e-05
5056,522.0548113140003,3.8339,2.3336623337839476e-05
5057,522.1505863470002,6.0072,2.3330730628518486e-05
5058,522.2477129600002,5.8141,2.3324835549506136e-05
5059,522.3459496579999,6.3635,2.3318841464320985e-05
5060,522.4415892260004,5.7588,2.3312768144629606e-05
5061,522.5372495410002,6.4958,2.3306860099012313e-05
5062,522.6320804220004,6.1438,2.3300961893703717e-05
5063,522.7302457860005,6.2023,2.3295096719629623e-05
5064,522.8259445990006,6.5214,2.3289043711666624e-05
5065,522.9229774040004,5.1086,2.3283137434259232e-05
5066,523.019061516,6.1311,2.3277153227839472e-05
5067,523.1140814110004,5.6585,2.3271220894506162e-05
5068,523.2093562720002,5.9941,2.326533934222223e-05
5069,523.3057208260007,5.9348,2.3259472787962926e-05
5070,523.4030858290007,5.6377,2.3253525018024697e-05
5071,523.498910708,5.988,2.3247512007654305e-05
5072,523.5963365480002,5.4858,2.324158161543207e-05
5073,523.6938995130004,6.1897,2.323558974962963e-05
5074,523.7900470900004,6.4269,2.3229566848518506e-05
5075,523.8858625970006,5.8912,2.3223631333209857e-05
5076,523.9820234210001,6.8066,2.3217711722592565e-05
5077,524.0728890480004,6.8312,2.3211768431296278e-05
5078,524.1708039790001,5.9014,2.3206186906049375e-05
5079,524.2630995790005,6.5244,2.3200120953703713e-05
5080,524.3603011140003,5.7036,2.319441911555551e-05
5081,524.4555951520006,6.6397,2.3188424160617266e-05
5082,524.5523489400002,5.9924,2.3182538891975287e-05
5083,524.6470948570004,5.7356,2.3176569341851828e-05
5084,524.7443206550006,5.8025,2.3170713524382675e-05
5085,524.8409308589999,5.6226,2.3164723192098736e-05
5086,524.9364129940004,4.8824,2.3158754658333302e-05
5087,525.0325307290004,6.9317,2.315285601030862e-05
5088,525.1297234560006,4.7659,2.3146926157222215e-05
5089,525.2262039160005,6.3564,2.3140934177777745e-05
5090,525.32158832,4.6188,2.3134974055061702e-05
5091,525.4175272040002,4.3554,2.3129078484197536e-05
5092,525.5147176640003,5.186,2.3123155475308645e-05
5093,525.6107292710003,5.6405,2.3117158678209883e-05
5094,525.708515114,5.2416,2.3111219565925923e-05
5095,525.8043700990002,4.9798,2.310520023475307e-05
5096,525.9016656150006,6.1637,2.3099268587962957e-05
5097,525.9991423040001,5.8144,2.3093276425493786e-05
5098,526.095598289,6.5389,2.308726130092594e-05
5099,526.1918501770006,6.7027,2.3081304415493797e-05
5100,526.2892500810003,6.3667,2.307535422691357e-05
5101,526.3851329400004,5.3843,2.3069349887469115e-05
5102,526.4806246980006,6.5345,2.3063432531790108e-05
5103,526.5786285880004,5.45,2.3057540301296297e-05
5104,526.6746904560005,5.1209,2.3051496705740737e-05
5105,526.7708911070004,5.5813,2.304555747259257e-05
5106,526.8661218880006,5.9439,2.303962456728394e-05
5107,526.9637798110007,6.4956,2.303374494919752e-05
5108,527.0613219790002,6.6838,2.3027722157654285e-05
5109,527.1582065070006,4.6654,2.3021686211481445e-05
5110,527.2560981120005,6.5815,2.3015696880493798e-05
5111,527.3536586690007,5.6079,2.3009666189320993e-05
5112,527.449157899,6.3518,2.3003653495555534e-05
5113,527.5453156120002,6.0105,2.299774248950615e-05
5114,527.6410234610003,6.0921,2.2991806110185172e-05
5115,527.7392217300003,6.4505,2.2985899106543175e-05
5116,527.8364594300001,6.0135,2.2979857231358033e-05
5117,527.9338936350005,6.1491,2.2973852760061714e-05
5118,528.0301206020004,5.881,2.2967835830061713e-05
5119,528.1274945800005,6.0205,2.296188780216047e-05
5120,528.2244885220007,5.2163,2.2955877663580226e-05
5121,528.3195448780007,5.3742,2.294989474827156e-05
5122,528.4156502880005,6.2817,2.2944024886790117e-05
5123,528.5121595119999,5.0321,2.293809447104936e-05
5124,528.6091884309999,6.5136,2.293214031067899e-05
5125,528.7064025160007,6.4322,2.2926156986111075e-05
5126,528.8013525510005,5.231,2.292015048987651e-05
5127,528.8957388449999,5.15,2.2914278672283946e-05
5128,528.9906040200003,6.1908,2.2908453518888857e-05
5129,529.0869766590004,4.9637,2.2902589067283954e-05
5130,529.1823834220004,5.0156,2.2896656636975268e-05
5131,529.2782053890005,4.3086,2.2890753466975318e-05
5132,529.375807464,6.7592,2.2884845937962925e-05
5133,529.4719405810001,5.878,2.2878826358333293e-05
5134,529.567822424,5.8108,2.2872893959567908e-05
5135,529.6633720650007,6.1518,2.2866967178148108e-05
5136,529.7593068290007,5.9094,2.286107254932098e-05
5137,529.8553858610003,6.2059,2.285515394104937e-05
5138,529.9527269110004,5.8345,2.2849225651604943e-05
5139,530.0502507050005,5.9882,2.284320170191357e-05
5140,530.1468505830007,5.1673,2.2837192148209834e-05
5141,530.2427955190005,6.7191,2.283122077209875e-05
5142,530.3401100870005,6.6044,2.282530975333334e-05
5143,530.437736326,6.0882,2.2819310179999974e-05
5144,530.5347104359998,5.8639,2.2813283436234552e-05
5145,530.6313057920006,5.1166,2.2807294920679024e-05
5146,530.7281087370002,5.0526,2.280132516574073e-05
5147,530.8242398900002,6.3418,2.2795350069876537e-05
5148,530.9218772190006,4.9846,2.278942228888888e-05
5149,531.0191179070007,6.1839,2.2783385400370334e-05
5150,531.1157691450007,6.5674,2.277738275302465e-05
5151,531.2129912970004,5.0436,2.2771414935802432e-05
5152,531.3078444020002,4.9471,2.276542699740742e-05
5153,531.4050992090006,6.1953,2.2759551803333295e-05
5154,531.5016720930007,6.8293,2.275356351975309e-05
5155,531.5975150849999,4.9044,2.2747601353641956e-05
5156,531.6935876100006,6.8443,2.2741687643950588e-05
5157,531.7884556990002,5.1673,2.2735752597962935e-05
5158,531.8844628760007,5.7397,2.2729891528888852e-05
5159,531.981071874,5.1709,2.272397923172837e-05
5160,532.0756601550002,4.1568,2.271801395308642e-05
5161,532.1696916219998,6.1435,2.2712161897592594e-05
5162,532.2662014130001,5.7694,2.2706351684999975e-05
5163,532.363463699,5.8568,2.2700415682036995e-05
5164,532.4618268710001,6.4788,2.2694400290555524e-05
5165,532.5585524550006,5.9931,2.2688330245987627e-05
5166,532.6528400520001,6.3046,2.2682352398333307e-05
5167,532.7499589320005,6.5777,2.2676529330493833e-05
5168,532.8478783139999,5.2124,2.2670552375555555e-05
5169,532.9419392640002,4.6152,2.2664503576481453e-05
5170,533.0363804910003,6.2537,2.265868375203702e-05
5171,533.1330032590004,6.0347,2.2652859062160457e-05
5172,533.2296133220007,5.9351,2.2646899283395044e-05
5173,533.3249053500003,5.8469,2.264092601487655e-05
5174,533.4200849380004,5.7709,2.263503592567899e-05
5175,533.515213824,5.1208,2.26291700495679e-05
5176,533.6104255320006,5.5185,2.262329363407406e-05
5177,533.7050841320006,6.2335,2.2617428846111123e-05
5178,533.8026167020007,7.0256,2.2611589450987618e-05
5179,533.8999465790002,6.438,2.2605578667654285e-05
5180,533.9959318930005,4.902,2.2599554635308602e-05
5181,534.0896088810005,6.0189,2.259362680469133e-05
5182,534.186019963,5.1197,2.258782954259257e-05
5183,534.2829978870004,5.3534,2.258188418753086e-05
5184,534.3789137050007,6.0382,2.2575896814691316e-05
5185,534.4767127230007,5.4453,2.2569985082469135e-05
5186,534.5750311380007,6.5054,2.256396128228393e-05
5187,534.6723229150002,6.9023,2.255788634216049e-05
5188,534.7704154520006,5.5675,2.2551877909567913e-05
5189,534.8666674880005,5.795,2.254582086450615e-05
5190,534.9616007330005,5.4897,2.2539879491913568e-05
5191,535.0580872870005,6.2207,2.253402298185185e-05
5192,535.1558354400004,4.9975,2.252807095740738e-05
5193,535.2537281260002,6.3372,2.2522030048888852e-05
5194,535.350779761,6.175,2.2515992981851825e-05
5195,535.446422858,6.3148,2.2510004562839493e-05
5196,535.5422090990005,6.5308,2.2504103568827122e-05
5197,535.6348905750001,4.5581,2.2498176998580205e-05
5198,535.73117594,5.8426,2.249244169938271e-05
5199,535.8275226370006,5.8968,2.2486518415493786e-05
5200,535.9214438460003,6.3365,2.2480560992407396e-05
5201,536.018840572,6.0106,2.247475517080243e-05
5202,536.1178148630006,5.7968,2.2468748881357987e-05
5203,536.2164565700004,6.0126,2.2462649294135797e-05
5204,536.313132794,5.7825,2.245657092734566e-05
5205,536.4063290630002,5.4313,2.245058873339503e-05
5206,536.5028572280007,5.7404,2.2444826641234566e-05
5207,536.6015825049999,6.6516,2.243887838648149e-05
5208,536.6976929020002,6.0378,2.2432792498395072e-05
5209,536.7960347690005,6.8753,2.242683469030863e-05
5210,536.8925353020004,6.074,2.242078656141973e-05
5211,536.9905182530001,6.548,2.241482922419751e-05
5212,537.0883062319999,6.0066,2.240878578382712e-05
5213,537.1865751240002,6.0443,2.240274268851852e-05
5214,537.2812580540003,5.5084,2.2396668903024652e-05
5215,537.3785007770002,6.3687,2.2390816301604946e-05
5216,537.4762370590006,6.2903,2.2384833394074035e-05
5217,537.5717174880001,6.3189,2.2378806656172822e-05
5218,537.6672522670005,6.1111,2.2372895076913563e-05
5219,537.7630977670005,6.7767,2.2366999651296262e-05
5220,537.859648871,5.3431,2.236108701962964e-05
5221,537.9562977599999,5.6907,2.2355121889506147e-05
5222,538.0542717480002,5.8523,2.2349158862530822e-05
5223,538.149484007,6.5208,2.2343120340555523e-05
5224,538.244898768,5.5656,2.233723511567899e-05
5225,538.3412299780002,6.6761,2.2331341481357988e-05
5226,538.4367119710005,5.8238,2.2325396923456766e-05
5227,538.5320834929998,6.5287,2.2319505379938267e-05
5228,538.6268139390004,6.5891,2.2313622877777783e-05
5229,538.7207512770001,4.8842,2.230776420851849e-05
5230,538.8167376620004,6.0102,2.230195801191359e-05
5231,538.9133266429999,6.545,2.2296041688888847e-05
5232,539.0103314480002,5.4944,2.2290083800740708e-05
5233,539.1055435020007,5.4339,2.2284097080617266e-05
5234,539.2015697209999,6.2392,2.2278221681728363e-05
5235,539.2967670930002,6.1928,2.2272292868641966e-05
5236,539.3878103040006,6.3024,2.226641528530864e-05
5237,539.4834675279999,5.2407,2.2260806464876532e-05
5238,539.580582304,6.1579,2.225489059753087e-05
5239,539.6767666300002,5.3146,2.22489046359259e-05
5240,539.7717698840006,5.8876,2.2242958725987652e-05
5241,539.8674579660001,6.7341,2.2237101536481453e-05
5242,539.9631586510004,5.6118,2.223119849117284e-05
5243,540.0602207190004,6.362,2.222527406679013e-05
5244,540.1549584100003,5.7662,2.2219292115555562e-05
5245,540.2499329840002,4.7514,2.2213427961419763e-05
5246,540.3466914820001,5.619,2.220757721709875e-05
5247,540.444356858,5.0331,2.2201607865246876e-05
5248,540.5394625340004,5.737,2.219558748882713e-05
5249,540.6360162440005,6.6009,2.2189710656234523e-05
5250,540.732575082,6.3248,2.2183758332530825e-05
5251,540.8224940610007,6.1125,2.2177785899074044e-05
5252,540.920396683,6.1016,2.2172259152037016e-05
5253,541.0173781150006,5.7918,2.2166195233086385e-05
5254,541.1145019420001,6.2294,2.216020445623453e-05
5255,541.2106603790007,5.9955,2.215420938425925e-05
5256,541.3066417720001,4.4416,2.2148267971049364e-05
5257,541.403809423,5.4566,2.2142342523395066e-05
5258,541.4994087060004,6.8183,2.213635441407405e-05
5259,541.595618153,5.6806,2.2130439760185145e-05
5260,541.692239303,6.4723,2.2124517045308607e-05
5261,541.7893887800001,5.074,2.211855572814812e-05
5262,541.8807040290003,6.2094,2.211255883716048e-05
5263,541.9758268160003,6.0534,2.2106930079074028e-05
5264,542.0751506900006,6.4412,2.210103497111111e-05
5265,542.1723219129999,5.4235,2.2094917902901208e-05
5266,542.2690349250006,5.9056,2.2088917101543165e-05
5267,542.3658026580006,5.8745,2.2082945310925884e-05
5268,542.4610944860005,3.9687,2.2076977768641948e-05
5269,542.5596212520004,6.1468,2.2071089229444447e-05
5270,542.6565756170003,5.2963,2.2065023096666655e-05
5271,542.754767806,6.1117,2.205902144561729e-05
5272,542.851206632,6.0416,2.2052966097592582e-05
5273,542.9474947710005,5.6152,2.204700645141971e-05
5274,543.0434345660005,4.0812,2.2041062109629585e-05
5275,543.1382395190003,5.4318,2.2035139096481456e-05
5276,543.2341798950001,4.4093,2.2029285043024654e-05
5277,543.3318154540002,5.8273,2.2023366844753047e-05
5278,543.428400109,5.3929,2.2017336105740705e-05
5279,543.525419951,5.6107,2.2011365929938226e-05
5280,543.6218010900002,5.4351,2.2005384835678973e-05
5281,543.7206662910003,6.2213,2.1999441014259214e-05
5282,543.8173543980001,5.8174,2.1993343983950625e-05
5283,543.912988481,5.5975,2.1987363988271593e-05
5284,544.0076253420002,5.9209,2.1981452018456782e-05
5285,544.1060141220005,6.6595,2.197561352376543e-05
5286,544.2028266280004,6.0157,2.196956359185185e-05
5287,544.3004217420003,5.7466,2.196356177950618e-05
5288,544.3968177450006,6.256,2.195754495000001e-05
5289,544.4911277760002,5.4332,2.1951591384444454e-05
5290,544.5866181199999,6.597,2.194576894222219e-05
5291,544.6837172270007,4.5043,2.193987875981478e-05
5292,544.779776548,5.7201,2.1933882662839478e-05
5293,544.875818558,5.8909,2.192796258055554e-05
5294,544.9724409830005,5.6632,2.1922035978024702e-05
5295,545.0710481710003,5.1053,2.191606604222221e-05
5296,545.1688082290002,5.3155,2.1909985517222205e-05
5297,545.2676681480007,6.3218,2.1903942545555528e-05
5298,545.3642528990003,6.4808,2.1897837589259256e-05
5299,545.4596258480005,5.5101,2.1891880213395018e-05
5300,545.5579933540002,5.3524,2.1885993401111078e-05
5301,545.6533685730001,5.9441,2.1879929792160475e-05
5302,545.7492974240004,6.0019,2.1874028693580245e-05
5303,545.8475015560007,6.1458,2.1868107428950614e-05
5304,545.9433102890007,4.2771,2.1862054462037045e-05
5305,546.0393484570004,5.6184,2.1856136537901223e-05
5306,546.1350463250001,6.5475,2.185019521308642e-05
5307,546.2308522630001,5.8836,2.1844300255555556e-05
5308,546.3299276450007,6.2728,2.1838380619938277e-05
5309,546.4273222030006,5.1663,2.1832269821975276e-05
5310,546.5241333640006,6.3085,2.182624045246911e-05
5311,546.6204536410005,5.7144,2.1820270831666634e-05
5312,546.7176144190007,5.9725,2.1814333032283925e-05
5313,546.8161492879999,4.6281,2.1808336051481488e-05
5314,546.9115364160007,4.1445,2.1802259031172822e-05
5315,547.0049970520004,5.5232,2.1796347968086395e-05
5316,547.1041975050002,5.9414,2.1790577922962917e-05
5317,547.2012988189999,5.8912,2.178447398364195e-05
5318,547.2986294930006,5.0379,2.1778475751234568e-05
5319,547.3951177110002,6.4537,2.177246715302469e-05
5320,547.4907038770007,5.1952,2.176651909450615e-05
5321,547.5868203230002,5.333,2.176061770506171e-05
5322,547.6841506500004,6.0127,2.1754680943703715e-05
5323,547.7804393330007,4.8215,2.174867021148146e-05
5324,547.8754530470005,5.8217,2.1742731363024683e-05
5325,547.9703055700002,5.838,2.173686522561728e-05
5326,548.0633125490003,5.5521,2.1731015491111102e-05
5327,548.1616046260006,6.2478,2.17252616646296e-05
5328,548.2601606210001,6.1324,2.171921355290124e-05
5329,548.3571744970004,6.1779,2.1713125585555542e-05
5330,548.4545125660006,6.1223,2.170713857185182e-05
5331,548.5493725260003,6.3689,2.17011316125926e-05
5332,548.6454139260004,6.8387,2.1695267914506133e-05
5333,548.7410587720005,4.9435,2.168934974641975e-05
5334,548.8390308580001,5.6931,2.1683436262222212e-05
5335,548.934170597,6.2741,2.1677398395678988e-05
5336,549.0274143870001,4.2209,2.1671511865432103e-05
5337,549.1237463550005,4.7207,2.166575805919752e-05
5338,549.2205709710006,5.4628,2.1659815705802434e-05
5339,549.3164545600002,6.6358,2.16538333857407e-05
5340,549.4126111040005,5.6428,2.164791294672835e-05
5341,549.5078745010005,6.7192,2.164197977253087e-05
5342,549.6030854640003,6.0353,2.1636096008456764e-05
5343,549.6986316250004,5.9905,2.1630225230185174e-05
5344,549.7935030850003,6.2464,2.1624334793456774e-05
5345,549.8893552610007,6.0401,2.1618476323148156e-05
5346,549.9791298030004,7.0596,2.1612560074382704e-05
5347,550.0771579840002,5.4887,2.1607032018456762e-05
5348,550.174726491,5.8666,2.16009706009259e-05
5349,550.2714921460001,4.9163,2.1594931958518516e-05
5350,550.3657460290005,4.8852,2.158897393172835e-05
5351,550.4611375760005,6.231,2.1583142964876536e-05
5352,550.5586709879999,5.7607,2.1577255634012355e-05
5353,550.6536183329999,4.4974,2.157123537055556e-05
5354,550.7512108790006,5.1471,2.1565375010123423e-05
5355,550.8459793520005,4.168,2.1559362202037004e-05
5356,550.9426389310001,6.7181,2.1553493341666637e-05
5357,551.0378773210005,5.5467,2.1547530228518487e-05
5358,551.1345136720001,5.3107,2.1541652247283926e-05
5359,551.2318141490005,6.4043,2.1535703055061718e-05
5360,551.3290549140002,5.9373,2.1529690464444402e-05
5361,551.4250993180003,5.3569,2.1523678464506175e-05
5362,551.518902631,5.5806,2.1517760353333333e-05
5363,551.6158904370004,6.3383,2.151195443524692e-05
5364,551.7120857979999,5.6629,2.1505985208888868e-05
5365,551.8081740790003,4.9265,2.150004049104935e-05
5366,551.9036674830004,5.9251,2.1494110732901223e-05
5367,551.9998707000004,5.6515,2.1488211752901206e-05
5368,552.0964589980003,6.0704,2.1482275744320974e-05
5369,552.1932104840007,6.1477,2.1476307048641964e-05
5370,552.2890724620001,5.105,2.147034079660494e-05
5371,552.3837625470005,5.5987,2.146442733419749e-05
5372,552.4789394340005,4.5479,2.1458575390185144e-05
5373,552.5755340860005,5.301,2.1452702792592582e-05
5374,552.6721788949999,5.2178,2.1446744839382677e-05
5375,552.7679973580007,6.1257,2.1440785775679012e-05
5376,552.8642993020003,5.8701,2.1434866052160473e-05
5377,552.9600210660001,6.2971,2.142891087228393e-05
5378,553.0565427170004,5.8554,2.142300597925924e-05
5379,553.1540725530003,5.9059,2.1417054631790084e-05
5380,553.2531249130006,6.5182,2.141102950234564e-05
5381,553.3495723430005,4.5529,2.1404931214259265e-05
5382,553.4453665190003,6.1359,2.1398953782654307e-05
5383,553.540522321,6.7669,2.1393049338580235e-05
5384,553.6351805390004,5.1489,2.1387177682098764e-05
5385,553.7284279610003,6.7462,2.1381324918950578e-05
5386,553.8255066669999,5.894,2.1375569974876542e-05
5387,553.9222497090004,6.3948,2.1369607506666634e-05
5388,554.0206373410001,5.1006,2.1363614776172836e-05
5389,554.116734057,6.0499,2.135754296308643e-05
5390,554.2113376200004,5.3286,2.1351613220432104e-05
5391,554.3084603820007,6.0534,2.1345750196604924e-05
5392,554.4057358630007,5.375,2.1339768607592563e-05
5393,554.5028556200004,6.2543,2.133376916728392e-05
5394,554.5985034810001,5.7244,2.1327769621975285e-05
5395,554.6938986539999,5.6255,2.1321870322222193e-05
5396,554.7897910030006,5.3628,2.131598587580244e-05
5397,554.8862886420002,6.2358,2.1310069708950625e-05
5398,554.982901718,6.6058,2.130410762617284e-05
5399,555.0797269800005,5.706,2.129813683382716e-05
5400,555.1756883240005,5.1299,2.1292171024814772e-05
5401,555.2706730680002,5.0059,2.1286242858888872e-05
5402,555.3651064350006,5.3542,2.1280368655432058e-05
5403,555.4611228490003,6.2408,2.1274549190308603e-05
5404,555.5561491710005,5.3242,2.126862992543207e-05
5405,555.6528162260001,6.7986,2.1262739874876525e-05
5406,555.7477447270003,6.2085,2.125679326061727e-05
5407,555.8424602670002,5.8561,2.1250929945555564e-05
5408,555.9417785129999,6.0868,2.1245076627160472e-05
5409,556.0394742230001,5.579,2.123895942820986e-05
5410,556.1376888740006,6.3525,2.123292185537038e-05
5411,556.2345041400004,5.9895,2.1226852525802472e-05
5412,556.3321793720006,6.8222,2.1220876120864158e-05
5413,556.4296529490002,6.212,2.121485194308639e-05
5414,556.5282126620004,5.7059,2.1208835012345653e-05
5415,556.6260831460004,6.1844,2.1202740915432066e-05
5416,556.7221000320005,5.3831,2.1196691704074083e-05
5417,556.8182318200006,5.6599,2.1190769225493817e-05
5418,556.9134338560007,5.3616,2.1184848785246914e-05
5419,557.0116135830003,5.7615,2.1178960091851825e-05
5420,557.1098788980007,5.5582,2.117289555043207e-05
5421,557.2058516880006,5.2902,2.116683692746914e-05
5422,557.302113705,5.6964,2.1160906071172803e-05
5423,557.3991523640007,6.1951,2.1154988425925897e-05
5424,557.4946525640007,5.987,2.1148994785123455e-05
5425,557.5920391070003,5.4585,2.1143091015185152e-05
5426,557.6895611870004,6.0604,2.1137076924753084e-05
5427,557.7859825940004,6.5866,2.1131063732160487e-05
5428,557.8828439019999,6.1163,2.1125115621666624e-05
5429,557.979514054,5.8648,2.1119125035925887e-05
5430,558.0741850650002,5.658,2.1113157434814818e-05
5431,558.1693796050004,5.8928,2.1107319034259253e-05
5432,558.2662364110001,4.8536,2.11014429793827e-05
5433,558.3602672650004,6.0296,2.1095454972469103e-05
5434,558.455691829,5.9683,2.1089644692592575e-05
5435,558.5528530840002,6.9113,2.1083761367345676e-05
5436,558.6482306779999,5.118,2.1077773690740738e-05
5437,558.7436618700003,6.1095,2.1071878456358e-05
5438,558.8400964530001,5.6595,2.1065985947098733e-05
5439,558.9359555820001,5.8729,2.106004741555555e-05
5440,559.0336619970003,6.8291,2.1054114159135756e-05
5441,559.1283670820003,4.7029,2.104809577358021e-05
5442,559.2247545810005,6.2815,2.1042242036296278e-05
5443,559.3239022000007,6.1387,2.1036298926543213e-05
5444,559.4205790420001,6.4598,2.1030179633271586e-05
5445,559.5181747710003,6.6499,2.1024199679259256e-05
5446,559.612059348,4.1975,2.101818678253084e-05
5447,559.7085870620003,6.8302,2.1012387106419752e-05
5448,559.8075366270004,6.9507,2.1006444242469137e-05
5449,559.9046681230002,5.5976,2.1000334004814775e-05
5450,560.0010437860001,6.1843,2.0994325017777783e-05
5451,560.0983226280005,6.5767,2.0988377843518497e-05
5452,560.1954152690005,5.4699,2.0982380758456753e-05
5453,560.2939127320005,4.7389,2.097638163993828e-05
5454,560.3909000960002,6.5166,2.097030787697529e-05
5455,560.4868769949999,5.5028,2.0964306454135774e-05
5456,560.5809602509999,6.2157,2.0958385205061704e-05
5457,560.6787279939999,6.6671,2.0952575763086417e-05
5458,560.7723656280004,4.726,2.0946557301481445e-05
5459,560.8697449760002,5.7896,2.0940745740617278e-05
5460,560.9647134530005,6.3645,2.0934761592592576e-05
5461,561.060840745,5.8719,2.0928890044691364e-05
5462,561.1571266199999,5.1925,2.0922966420925894e-05
5463,561.255010672,6.188,2.0917008356234558e-05
5464,561.3519470500005,5.2459,2.0910972705432085e-05
5465,561.4475773540007,6.5409,2.0904989271913548e-05
5466,561.5426974700003,5.016,2.0899081503456796e-05
5467,561.6381596540004,5.6163,2.0893202871790084e-05
5468,561.7339153640005,5.6602,2.0887325079876502e-05
5469,561.832306233,5.5306,2.088140885382714e-05
5470,561.9297459190002,5.8509,2.087534717055551e-05
5471,562.0279968880004,6.3954,2.086931917024691e-05
5472,562.1258809560004,6.2374,2.086325529685186e-05
5473,562.2234894900002,5.6405,2.0857216432345645e-05
5474,562.3183716620006,6.1548,2.0851189061604938e-05
5475,562.4141626830005,5.0277,2.0845327730740727e-05
5476,562.5073959270003,5.6486,2.0839411985061702e-05
5477,562.60148579,4.9334,2.083365081617283e-05
5478,562.6981767110001,6.2058,2.0827853617716015e-05
5479,562.7920484169999,4.6802,2.0821886952654317e-05
5480,562.8871875680006,6.3957,2.0816083496419714e-05
5481,562.9845920930002,6.3253,2.0810220492160482e-05
5482,563.0825033730007,5.2938,2.080421420691358e-05
5483,563.1777741750002,5.3564,2.079816247648147e-05
5484,563.2723756720006,5.1857,2.0792271555123426e-05
5485,563.3685860140004,5.1669,2.078642315734568e-05
5486,563.4652086720007,6.516,2.0780497153333316e-05
5487,563.5615973370004,5.3943,2.0774531747098747e-05
5488,563.6597097000003,5.6991,2.076857844382714e-05
5489,563.7511559929999,6.0464,2.0762536630555522e-05
5490,563.8476577210004,6.0486,2.0756894543333317e-05
5491,563.9419893310005,3.9718,2.0750925256049393e-05
5492,564.0369611249998,5.8707,2.074510083129626e-05
5493,564.1321204900005,4.3103,2.0739250178271565e-05
5494,564.2301485240005,5.9124,2.07333659641975e-05
5495,564.3275995350004,6.6208,2.0727316478024688e-05
5496,564.4210845590005,5.2768,2.072130447901235e-05
5497,564.5181761070007,5.8206,2.0715528270123423e-05
5498,564.6154429170001,5.4158,2.0709547452345674e-05
5499,564.7106895780007,6.3456,2.0703542024197543e-05
5500,564.8058096100003,5.9912,2.069765294771604e-05
5501,564.9001697100002,6.6118,2.0691791111604898e-05
5502,564.9939899450001,4.7449,2.068595611277774e-05
5503,565.0899404709999,6.225,2.068016701314814e-05
5504,565.1870699000001,6.2871,2.0674257507098726e-05
5505,565.2841213279999,6.0379,2.0668251095000003e-05
5506,565.3827746300003,6.3726,2.06622520088889e-05
5507,565.4787060750004,6.1308,2.0656179345493833e-05
5508,565.5729591770005,6.3854,2.0650253069320962e-05
5509,565.6689787109999,5.9208,2.064442433537037e-05
5510,565.7646845750005,6.0664,2.0638505944876545e-05
5511,565.8591676890001,5.2695,2.0632590222160468e-05
5512,565.9566102469998,6.1476,2.0626757225740738e-05
5513,566.0553299520006,6.5693,2.0620748942407416e-05
5514,566.1498587570004,6.1363,2.061465577938269e-05
5515,566.2471916240002,6.6549,2.0608813976481446e-05
5516,566.3426668440006,6.4231,2.060281849259259e-05
5517,566.4410866550006,6.1691,2.0596910122283948e-05
5518,566.5401134950007,6.3131,2.0590850334567873e-05
5519,566.6359052940006,4.9611,2.0584739894074074e-05
5520,566.729661497,6.0143,2.0578815122345684e-05
5521,566.8254400710002,5.2102,2.0573030299567876e-05
5522,566.9224466570004,6.5683,2.0567117399999984e-05
5523,567.0199592250001,5.9051,2.0561124326357987e-05
5524,567.1156175370006,5.8024,2.0555111111481478e-05
5525,567.2114116520006,5.8719,2.0549204921049347e-05
5526,567.3094128760004,5.6727,2.0543278315061698e-05
5527,567.4048745290002,6.1327,2.0537240304938227e-05
5528,567.5034288370007,5.4489,2.0531333686728355e-05
5529,567.6003088920006,4.9897,2.0525260997469108e-05
5530,567.6949525240007,5.5115,2.051928431512346e-05
5531,567.791991774,6.3392,2.0513426463765396e-05
5532,567.8891166900003,6.4313,2.0507445685308634e-05
5533,567.9866866740003,5.7197,2.050146232802468e-05
5534,568.0831799950001,5.5116,2.0495436567160504e-05
5535,568.1797091900007,5.4919,2.0489483833827122e-05
5536,568.2763517849999,6.5518,2.0483514838888874e-05
5537,568.3741956909998,6.1373,2.0477559413024673e-05
5538,568.470702867,4.375,2.047152459123453e-05
5539,568.565709552,5.595,2.0465556113148144e-05
5540,568.6615134930007,4.6498,2.045968506537037e-05
5541,568.7559364920007,6.6131,2.0453782857407367e-05
5542,568.8514491260003,6.5494,2.0447945629259246e-05
5543,568.9480928339999,4.8543,2.044205649771604e-05
5544,569.0447220700007,5.7356,2.0436076942283923e-05
5545,569.1417986320002,6.6404,2.0430127724999965e-05
5546,569.2382106790001,6.2675,2.0424144550308632e-05
5547,569.3337892039999,5.8082,2.041818074944443e-05
5548,569.4297392750004,5.8808,2.041227257518518e-05
5549,569.5249979079999,6.193,2.0406366752592564e-05
5550,569.6204993050005,4.7901,2.040047696500001e-05
5551,569.7170083629999,6.0131,2.0394578741481474e-05
5552,569.8069715020001,6.7843,2.038862229216047e-05
5553,569.9030786849999,5.3574,2.038309089370367e-05
5554,569.9933964970005,5.9644,2.0377140401851818e-05
5555,570.0894347809999,6.2099,2.0371579261111075e-05
5556,570.1872717080005,6.5129,2.036563259382715e-05
5557,570.283191648,6.4473,2.035961338913576e-05
5558,570.3786276010005,5.7874,2.035367032277778e-05
5559,570.474538896,6.5304,2.0347784443333302e-05
5560,570.5707465920004,5.8742,2.0341866022283935e-05
5561,570.6661001270004,4.8239,2.033593263969135e-05
5562,570.7620260459998,6.0123,2.0330038393888878e-05
5563,570.8567192130004,5.4949,2.0324126070493797e-05
5564,570.950673415,4.7272,2.0318264500740752e-05
5565,571.0402614570003,6.6796,2.031246100117282e-05
5566,571.1394345790004,6.4565,2.030696405049381e-05
5567,571.235515378,5.9875,2.03008323085185e-05
5568,571.3310481500002,6.3132,2.0294882735185166e-05
5569,571.4271491010004,5.927,2.0288983144444412e-05
5570,571.520694496,5.908,2.0283068423703717e-05
5571,571.6147293350004,6.0911,2.0277278751296303e-05
5572,571.7092485960002,6.9114,2.0271476155123457e-05
5573,571.8043068470006,6.5514,2.026565430950614e-05
5574,571.9003109989999,6.285,2.0259782263209853e-05
5575,571.9964265080007,5.6379,2.0253853965555548e-05
5576,572.0934795110006,5.6065,2.024791840135802e-05
5577,572.1879307610006,5.5166,2.0241933952839465e-05
5578,572.2849061860006,4.6701,2.023609210512343e-05
5579,572.3803844560007,6.2259,2.023010989506171e-05
5580,572.4754875500003,5.1968,2.0224218106851862e-05
5581,572.5720418720002,5.9205,2.0218350253888862e-05
5582,572.6676071960001,6.7336,2.0212389488209858e-05
5583,572.7623420180007,6.4814,2.0206487941111086e-05
5584,572.8568626440001,5.7457,2.0200648080864188e-05
5585,572.9518298960002,5.8342,2.0194804415185182e-05
5586,573.0452787670001,5.4569,2.018893970450616e-05
5587,573.1401528639999,5.2456,2.01831716483333e-05
5588,573.2363514960007,6.1716,2.0177324523765435e-05
5589,573.3304821930005,5.895,2.0171380438024684e-05
5590,573.4276768070004,6.5966,2.0165560081419737e-05
5591,573.5215050350007,4.9609,2.015957584086417e-05
5592,573.616572074,6.4162,2.015376872462959e-05
5593,573.7134605669999,6.1634,2.014791275086416e-05
5594,573.8082965439999,5.8801,2.0141943129135792e-05
5595,573.8985639700004,6.1673,2.0136079090370353e-05
5596,573.9933074999999,5.0462,2.0130522610061687e-05
5597,574.0890033209998,5.7154,2.012465752117283e-05
5598,574.1834579380002,7.1507,2.0118744608518493e-05
5599,574.281894232,6.2795,2.0112909388580203e-05
5600,574.3758201119999,5.7141,2.0106846852222194e-05
5601,574.4699776890002,5.0666,2.0101041328765425e-05
5602,574.5652575880003,5.9894,2.0095232213456773e-05
5603,574.6597546350004,6.1399,2.008935934364195e-05
5604,574.7532346480002,5.1377,2.008352404864194e-05
5605,574.8488933260005,6.2788,2.007774387209877e-05
5606,574.9461789229999,6.4483,2.0071851886172797e-05
5607,575.0424080720004,6.252,2.006585057839503e-05
5608,575.138676177,5.7864,2.0059907582530863e-05
5609,575.2347529280005,5.9929,2.0053950819814822e-05
5610,575.3309712130003,5.8106,2.0048025051975273e-05
5611,575.426410518,6.2949,2.0042082031358024e-05
5612,575.52262084,5.5659,2.0036188599259236e-05
5613,575.619092082,5.0773,2.0030251479567913e-05
5614,575.7152939309999,6.3866,2.0024307903456786e-05
5615,575.8129459130005,6.4239,2.001837634092591e-05
5616,575.9108393800007,5.1805,2.001234835382716e-05
5617,576.0063433000005,5.6099,2.0006287034814785e-05
5618,576.1028498410005,5.9834,2.0000388157160488e-05
5619,576.1982497670006,6.1246,1.999444574611112e-05
5620,576.2932453490002,5.4171,1.9988553911728357e-05
5621,576.3869240370004,6.1448,1.9982682271851848e-05
5622,576.4769236870006,6.3796,1.9976901212407377e-05
5623,576.5740264149999,6.2928,1.9971367326172835e-05
5624,576.669781906,6.0708,1.9965365005740706e-05
5625,576.7652916550005,6.4559,1.9959447733086385e-05
5626,576.8636303430003,6.8451,1.995355048154321e-05
5627,576.9589988530006,6.7731,1.994749389413581e-05
5628,577.0564776620004,6.8201,1.99415869702469e-05
5629,577.1518701980003,5.7959,1.9935572557345683e-05
5630,577.2497883189999,5.8877,1.9929680022407388e-05
5631,577.3451267370001,6.3209,1.9923649306851815e-05
5632,577.4355621069999,5.8761,1.9917747253641972e-05
5633,577.5326647320007,5.9542,1.9912191732592583e-05
5634,577.6296105179999,5.4401,1.9906166791975294e-05
5635,577.7242622000003,5.8779,1.990018135123457e-05
5636,577.819418094,5.6885,1.9894346017469146e-05
5637,577.9145816990003,5.6338,1.9888487889382723e-05
5638,578.0105705960004,5.9032,1.988260228407404e-05
5639,578.1050738570002,5.824,1.987668558358025e-05
5640,578.2010072840003,5.9477,1.9870853533580258e-05
5641,578.2951781810007,6.2064,1.986492092555552e-05
5642,578.3886610710006,5.6745,1.985909345154321e-05
5643,578.4847524510005,6.2743,1.9853329262592568e-05
5644,578.5824412840002,6.2223,1.984741400820984e-05
5645,578.6810342460003,6.2091,1.984136787265431e-05
5646,578.7763756680006,5.6207,1.9835296676172804e-05
5647,578.8737332090004,5.658,1.9829409025493796e-05
5648,578.9656888420004,5.8441,1.9823419190061704e-05
5649,579.0619557850005,5.6014,1.9817732819629604e-05
5650,579.1587676890003,6.6456,1.981178211919749e-05
5651,579.2568490310005,6.3905,1.9805807717037024e-05
5652,579.3549272190003,5.9606,1.9799750615246877e-05
5653,579.4494714769999,5.0347,1.9793692080432065e-05
5654,579.5463190580003,6.3768,1.97878445817284e-05
5655,579.6434793910003,6.0281,1.9781886212530832e-05
5656,579.7389954560003,5.6272,1.9775885037777775e-05
5657,579.8352451999999,6.3051,1.9769982943395054e-05
5658,579.9314182010003,6.0073,1.9764046577345675e-05
5659,580.0271215210005,5.4364,1.975810899382715e-05
5660,580.1217235069998,5.4542,1.9752209246913582e-05
5661,580.217521091,6.1646,1.9746355691296275e-05
5662,580.313869693,6.0647,1.9740445551419727e-05
5663,580.4090658570003,5.7901,1.9734502345802442e-05
5664,580.5038734170002,5.5137,1.9728630892716045e-05
5665,580.5982340930004,5.573,1.9722768764382684e-05
5666,580.692313126,5.8595,1.9716952488271583e-05
5667,580.7880082560005,5.8357,1.971114272679008e-05
5668,580.8850266529998,6.948,1.970523459265431e-05
5669,580.9801015270004,5.9344,1.9699249333827123e-05
5670,581.0742866179999,4.7563,1.9693377482901192e-05
5671,581.1712801480007,5.876,1.9687555948950585e-05
5672,581.2662737460005,5.3293,1.9681582357777785e-05
5673,581.3621252460007,6.4535,1.9675716499259243e-05
5674,581.4610004030001,5.8547,1.966979514135801e-05
5675,581.5557236410004,6.2962,1.9663696419259247e-05
5676,581.6521984999999,6.1138,1.965782861253086e-05
5677,581.7445403970005,5.1696,1.9651900531481476e-05
5678,581.8404923460002,6.4683,1.96461772638889e-05
5679,581.9372923649998,5.9247,1.9640262888395028e-05
5680,582.0328773990004,5.2556,1.9634288341234548e-05
5681,582.1268139390004,4.4047,1.9628392885308616e-05
5682,582.222270237,6.0807,1.962258373080243e-05
5683,582.3213858810004,6.4095,1.961670455771605e-05
5684,582.4174569050001,5.9694,1.9610583823271578e-05
5685,582.5129942200001,6.4844,1.960464923913577e-05
5686,582.6114629900003,6.3351,1.9598757199814773e-05
5687,582.707199685,5.5963,1.959268436641976e-05
5688,582.8034889099999,6.3366,1.958676857364194e-05
5689,582.8944681990006,6.1446,1.958083286104935e-05
5690,582.9917472280003,6.1268,1.957521144771604e-05
5691,583.0878263980003,5.8007,1.956919898043211e-05
5692,583.1827683560005,4.4286,1.95632776911111e-05
5693,583.2808644300003,6.273,1.9557408685802474e-05
5694,583.3782923030003,5.9595,1.955137137777776e-05
5695,583.4742806230006,5.0627,1.954534640685184e-05
5696,583.5692761640003,5.6674,1.9539408891296263e-05
5697,583.6639557970002,6.0638,1.953354951666667e-05
5698,583.7585894600006,5.3831,1.9527708336296303e-05
5699,583.8553049890006,6.5527,1.9521863420432056e-05
5700,583.9503067820006,4.4232,1.9515906057345656e-05
5701,584.0470973110005,5.1862,1.951003060401232e-05
5702,584.1426249229999,5.8654,1.9504057176111107e-05
5703,584.2387790870007,6.9411,1.949816047969133e-05
5704,584.3360843520004,6.1785,1.9492213474382698e-05
5705,584.433183055,6.2108,1.948622211333332e-05
5706,584.5284938410005,4.917,1.9480221864691322e-05
5707,584.6241859700003,6.0053,1.9474326160617283e-05
5708,584.7203453580005,5.6307,1.9468430552345655e-05
5709,584.8154255300005,5.5415,1.946250724895059e-05
5710,584.9094709440005,5.2366,1.9456628405246924e-05
5711,585.0048299320006,5.3362,1.945082228302465e-05
5712,585.1009827670005,4.6114,1.944493815098763e-05
5713,585.1965695870003,5.7484,1.943900353043206e-05
5714,585.29418257,5.8342,1.9433092840864152e-05
5715,585.3913532340002,6.0385,1.9427082764999978e-05
5716,585.4853596820003,4.0636,1.942108155629627e-05
5717,585.5800297209998,4.8816,1.9415265207407413e-05
5718,585.675012488,6.4206,1.940942859135798e-05
5719,585.7690872600006,4.7352,1.940357325783949e-05
5720,585.8650628060004,6.0847,1.9397758076913564e-05
5721,585.9620600429998,4.8097,1.93918342316049e-05
5722,586.0580794940006,5.7816,1.938584712938269e-05
5723,586.1551678209998,6.2195,1.9379921649876543e-05
5724,586.2529351720004,6.5121,1.9373931296604947e-05
5725,586.3495926579999,5.8416,1.9367888464938257e-05
5726,586.4396292660003,6.142,1.9361923119814818e-05
5727,586.5358247230006,5.4153,1.9356392282283936e-05
5728,586.6305486860001,5.7273,1.9350422710493788e-05
5729,586.7254906770004,6.8013,1.9344577940617252e-05
5730,586.8160298640005,6.4751,1.9338737347037035e-05
5731,586.9107229010006,5.5605,1.9333147024074067e-05
5732,587.0070639390005,4.1752,1.9327274957777768e-05
5733,587.1029884680001,5.4113,1.932134258759258e-05
5734,587.1933968630001,6.7926,1.9315421402839483e-05
5735,587.2903395789999,6.5204,1.930984517450618e-05
5736,587.387330214,5.8068,1.930385085907408e-05
5737,587.4841748460003,6.2168,1.9297867152901217e-05
5738,587.5822219640004,5.0442,1.9291883657098746e-05
5739,587.6791542970004,5.7849,1.928582685820986e-05
5740,587.7752437110003,6.1101,1.9279841528024673e-05
5741,587.872684641,6.0246,1.9273915138827155e-05
5742,587.967492621,5.3157,1.9267913517037023e-05
5743,588.062267497,5.2496,1.926203692129626e-05
5744,588.1592226050007,6.7816,1.9256202821419734e-05
5745,588.2565341899999,5.1198,1.9250219661913537e-05
5746,588.3521428430004,5.1743,1.9244209993827144e-05
5747,588.4480430160002,5.4834,1.923829851623457e-05
5748,588.5447061280001,5.9913,1.92323861480864e-05
5749,588.6401410610006,4.9359,1.9226426526234537e-05
5750,588.7358829580007,5.238,1.9220522975061717e-05
5751,588.8309739619999,5.062,1.9214608485802465e-05
5752,588.9285096399999,5.9859,1.9208752692777775e-05
5753,589.0272370540006,6.2952,1.9202740365370363e-05
5754,589.1253872699999,6.7898,1.919665180512345e-05
5755,589.2201805550003,5.4438,1.9190580011481478e-05
5756,589.31513206,5.2793,1.9184720840370363e-05
5757,589.4088803370005,5.107,1.9178858584135766e-05
5758,589.504945834,6.885,1.9173066938518518e-05
5759,589.600009498,4.9227,1.916715543827161e-05
5760,589.6972074680007,5.8564,1.916126895432098e-05
5761,589.7933260190002,5.4157,1.9155289194444452e-05
5762,589.8897448180005,6.0934,1.9149337931172834e-05
5763,589.9847684570004,5.5674,1.9143390342839472e-05
5764,590.0757135570002,6.2112,1.9137527624320967e-05
5765,590.1727494040006,5.9399,1.9131918326172837e-05
5766,590.2694223930002,5.1148,1.9125927517901192e-05
5767,590.3658782900002,6.3103,1.911996093728395e-05
5768,590.4625453480003,5.7613,1.9114004674938263e-05
5769,590.5600490730003,5.8648,1.910803446234566e-05
5770,590.6541440540004,5.6506,1.910202151320986e-05
5771,590.7514828130006,6.556,1.909620921012346e-05
5772,590.8476120790001,5.4494,1.9090213206172845e-05
5773,590.9446754910005,5.9844,1.9084260979691328e-05
5774,591.041746072,5.4379,1.907827251691355e-05
5775,591.1391652210004,6.4147,1.90722477921605e-05
5776,591.2346569910005,5.9593,1.9066277476419747e-05
5777,591.3327745800007,5.8212,1.9060374271357996e-05
5778,591.4318426180007,6.0527,1.9054309629320956e-05
5779,591.528721918,6.5559,1.904819320148144e-05
5780,591.627501424,6.0909,1.904221649160493e-05
5781,591.7233557990003,6.3057,1.903612126561728e-05
5782,591.8204980200007,6.1624,1.9030204109135808e-05
5783,591.9164063470007,5.5805,1.9024208732654292e-05
5784,592.014105927,5.7555,1.901827856228392e-05
5785,592.1127816620001,5.5665,1.901225792592593e-05
5786,592.2102843780003,5.963,1.900616982438272e-05
5787,592.3015766890003,6.3032,1.900015564827159e-05
5788,592.396550341,4.8768,1.8994530025061687e-05
5789,592.4921229270003,6.0692,1.8988645749320964e-05
5790,592.5881518120004,5.8711,1.898275817858025e-05
5791,592.6833802830006,5.6532,1.8976823136728384e-05
5792,592.7792268270005,5.7611,1.8970942711913536e-05
5793,592.874671558,5.896,1.896503261981482e-05
5794,592.9710081580006,6.6113,1.895913797327158e-05
5795,593.0684849440004,4.9862,1.8953193441666656e-05
5796,593.166209946,6.0432,1.894717087098764e-05
5797,593.2625741360007,5.5971,1.8941138372530855e-05
5798,593.3577755460001,6.0089,1.8935192285987653e-05
5799,593.4484679100005,6.2943,1.8929317176481488e-05
5800,593.5437581610004,4.0636,1.892373556067901e-05
5801,593.6346778850002,6.2355,1.891783376808639e-05
5802,593.7291763460007,5.6295,1.891223919808639e-05
5803,593.8237834050005,5.1912,1.890638484969135e-05
5804,593.9209975860003,4.7154,1.890054317154319e-05
5805,594.0178703720003,6.035,1.8894553859814822e-05
5806,594.1129232760004,6.2446,1.8888564074382702e-05
5807,594.2102462359999,6.7033,1.888270229351848e-05
5808,594.3070733590002,5.6104,1.8876692479506137e-05
5809,594.4064127130005,6.5486,1.8870712294938243e-05
5810,594.5021106520007,4.7449,1.8864596773271588e-05
5811,594.5988963760001,6.7615,1.8858672822345657e-05
5812,594.6958440260005,5.6051,1.885270544339507e-05
5813,594.790910271,5.8663,1.884672762783951e-05
5814,594.8863605690003,6.1946,1.8840845146543172e-05
5815,594.9807362600004,6.1028,1.8834961102345654e-05
5816,595.0781288000007,5.6813,1.8829129606111107e-05
5817,595.1695890700003,5.7199,1.8823139160802462e-05
5818,595.2651723859999,5.6937,1.8817487185061722e-05
5819,595.3609855459999,5.8087,1.8811581646111087e-05
5820,595.4565251100003,5.2538,1.8805671432839493e-05
5821,595.55238345,5.704,1.879976577512345e-05
5822,595.6469137660006,6.2157,1.8793843417283935e-05
5823,595.7448348750004,6.5114,1.878801316629629e-05
5824,595.8407400189999,5.6955,1.878198702598762e-05
5825,595.9370384869999,4.6139,1.8776047471604912e-05
5826,596.0343485020003,6.7187,1.8770106025987653e-05
5827,596.1285105400002,5.2552,1.8764102294814823e-05
5828,596.2237649389999,6.4688,1.8758278755123438e-05
5829,596.3193733450007,4.9012,1.875239578160492e-05
5830,596.415034013,4.2568,1.8746491605740718e-05
5831,596.5083767470005,4.5092,1.874059471543211e-05
5832,596.6042285550002,5.8981,1.873481922845679e-05
5833,596.6990835880006,6.9176,1.8728920321790118e-05
5834,596.7949790030007,5.849,1.8723060130740712e-05
5835,596.8912034430004,6.3253,1.8717147930740703e-05
5836,596.9881517909998,5.5234,1.871119720376544e-05
5837,597.078727002,6.0793,1.8705226982160472e-05
5838,597.174746232,5.0906,1.8699647674444453e-05
5839,597.272643405,5.5174,1.8693682205555517e-05
5840,597.3697547800002,6.0772,1.8687652525061734e-05
5841,597.465464768,5.7699,1.8681653682345672e-05
5842,597.5623182170002,5.7775,1.8675751034382715e-05
5843,597.6617827780001,5.422,1.8669772940678974e-05
5844,597.7586255160004,6.4509,1.866364402259259e-05
5845,597.8538696430005,5.7985,1.865766174765432e-05
5846,597.9482547610005,5.9779,1.865177224074075e-05
5847,598.0466042710004,6.3618,1.8645941832592593e-05
5848,598.1428314060004,6.6501,1.8639873862716013e-05
5849,598.2394655120006,5.9238,1.863392818654322e-05
5850,598.3337635090002,5.4402,1.8627979778580252e-05
5851,598.4304724379999,5.7024,1.8622147250246903e-05
5852,598.525491247,4.2686,1.8616182336851844e-05
5853,598.6192582809999,5.8534,1.8610321122962964e-05
5854,598.714276662,4.9438,1.860453597314815e-05
5855,598.8112898810004,6.0697,1.859866228561725e-05
5856,598.9087938330003,6.2088,1.8592675380185166e-05
5857,599.0059530280005,5.3656,1.8586658891296265e-05
5858,599.102839266,5.4489,1.8580666091666665e-05
5859,599.1998131549999,5.0297,1.857469436759256e-05
5860,599.297353041,5.7679,1.8568697166234572e-05
5861,599.3930444150001,5.7623,1.8562682700370333e-05
5862,599.4894305890002,6.2119,1.8556776010617246e-05
5863,599.5849667170005,5.8571,1.8550822043518488e-05
5864,599.6815987250002,5.5616,1.854491737938268e-05
5865,599.7726680790001,6.8842,1.853895874370367e-05
5866,599.8694440810004,5.8319,1.853335141969132e-05
5867,599.964601054,6.1838,1.852735968271606e-05
5868,600.0607860549999,6.3231,1.852148589845675e-05
5869,600.1569822560004,5.8572,1.851555161425927e-05
5870,600.2546427110001,6.4909,1.8509617520123447e-05
5871,600.3505286610007,6.364,1.8503582857283958e-05
5872,600.4478622650004,6.1058,1.849765981975306e-05
5873,600.5444188740003,4.5458,1.8491665322592578e-05
5874,600.6412557410004,5.5186,1.848570747253083e-05
5875,600.7373869780004,5.4928,1.847972369444444e-05
5876,600.8272838150006,6.6795,1.847379378228394e-05
5877,600.9268614860002,6.0874,1.8468267953333306e-05
5878,601.0258046530007,6.2428,1.8462095241913552e-05
5879,601.1204916940005,5.7984,1.8455983909691353e-05
5880,601.2169604580004,5.2079,1.8450128974999993e-05
5881,601.312187425,5.0912,1.8444189807530877e-05
5882,601.4083113120005,5.8816,1.8438294201357986e-05
5883,601.5010722380002,2.6631,1.8432355986913557e-05
5884,601.5991823459999,6.6429,1.8426636707716027e-05
5885,601.6937273110007,5.1967,1.8420601360802453e-05
5886,601.7881023130003,5.6545,1.8414746996975313e-05
5887,601.8834137479998,5.7517,1.8408932910678973e-05
5888,601.9791282120004,5.8272,1.8403051257283933e-05
5889,602.0751473800001,6.3795,1.839712736209875e-05
5890,602.1717633460003,5.6577,1.839120237901232e-05
5891,602.2691845560003,5.5723,1.8385237914691333e-05
5892,602.3640917530001,5.7859,1.83792317066049e-05
5893,602.4612571410007,6.4368,1.83733553337654e-05
5894,602.5558473649999,4.7968,1.8367382049753045e-05
5895,602.6490956150001,3.6853,1.8361534951790093e-05
5896,602.7448152719999,5.802,1.8355775715617262e-05
5897,602.840713865,5.1907,1.834987287740738e-05
5898,602.936428772,5.9286,1.834395531438267e-05
5899,603.0313009370002,4.8744,1.833805125567902e-05
5900,603.1268681990005,6.0071,1.8332182037654295e-05
5901,603.2213031560004,4.8045,1.8326291239753085e-05
5902,603.3160964610006,5.6235,1.8320457063518527e-05
5903,603.4131088610002,6.2993,1.8314596233024667e-05
5904,603.5084008140002,4.1185,1.8308616599938268e-05
5905,603.6015953120004,6.2313,1.830273436555554e-05
5906,603.6964193020003,5.437,1.8296979224876538e-05
5907,603.791526383,6.1681,1.8291139052222195e-05
5908,603.8837499300007,4.5838,1.8285268036358034e-05
5909,603.978497393,6.333,1.8279554329444443e-05
5910,604.0757170690003,6.7496,1.8273722693209854e-05
5911,604.1718134110006,5.5918,1.8267723070185178e-05
5912,604.2693102740004,5.235,1.8261794620185173e-05
5913,604.3643475100007,5.6457,1.8255763521111076e-05
5914,604.4591975170006,6.092,1.8249895930308625e-05
5915,604.5559918690005,5.7605,1.82440483711111e-05
5916,604.6535327370002,6.2058,1.823807310635801e-05
5917,604.7474986180005,5.4414,1.823205534462959e-05
5918,604.8431736480006,6.6281,1.8226249385802473e-05
5919,604.9406106300003,6.6491,1.8220350786543217e-05
5920,605.0363732470005,5.9748,1.821433455913579e-05
5921,605.1331017190005,5.4894,1.820840475172836e-05
5922,605.2241833970002,6.3338,1.8202457097283943e-05
5923,605.3219720000006,5.6689,1.819683633098762e-05
5924,605.4182792300007,5.6529,1.8190779021975285e-05
5925,605.5128593030004,5.5513,1.8184842562901218e-05
5926,605.6083123910003,5.0535,1.81790007124074e-05
5927,605.7030374760006,5.8818,1.8173114989444406e-05
5928,605.7978897510002,4.9226,1.8167261379197516e-05
5929,605.893758055,6.0317,1.8161408649197493e-05
5930,605.9919830950003,6.2844,1.8155496313024683e-05
5931,606.0886010600007,5.874,1.814942282209875e-05
5932,606.1853254280004,6.331,1.814345532407408e-05
5933,606.2804136720006,4.7533,1.8137502424259216e-05
5934,606.3754571300005,5.2991,1.8131628319382698e-05
5935,606.4707767850005,6.7022,1.8125747232901192e-05
5936,606.5672305799999,5.1692,1.8119867087283932e-05
5937,606.663111076,5.7108,1.81139314529012e-05
5938,606.7533746260006,6.197,1.8108001041543198e-05
5939,606.8496470520004,5.2863,1.810244237938268e-05
5940,606.9445972250005,4.8101,1.8096488732098748e-05
5941,607.0412342110003,6.201,1.8090620411296276e-05
5942,607.136522709,4.7376,1.8084656903086423e-05
5943,607.233489794,5.5054,1.807877246672837e-05
5944,607.3303117040005,5.7658,1.8072792011913565e-05
5945,607.4287433770005,5.6055,1.806680389814815e-05
5946,607.5246949550001,5.2073,1.806073112716048e-05
5947,607.6203306779998,4.8177,1.805480917006174e-05
5948,607.7144690190007,6.1583,1.8048906719691334e-05
5949,607.8100591430002,5.9002,1.8043084386111075e-05
5950,607.9040385480002,3.0094,1.8037200968950584e-05
5951,607.9944437520007,5.9848,1.8031392643271582e-05
5952,608.0907615420001,6.2416,1.8025833749320947e-05
5953,608.1839066940001,5.4464,1.8019877033703712e-05
5954,608.278311815,6.0859,1.801411502629626e-05
5955,608.3756900200005,5.8246,1.800828935185182e-05
5956,608.472246802,5.5374,1.800228463975308e-05
5957,608.57064171,5.8173,1.7996311826728394e-05
5958,608.6662300620001,6.5411,1.7990257797222187e-05
5959,608.7596211750006,6.3425,1.798434940438273e-05
5960,608.8560404700002,6.1469,1.7978576394259256e-05
5961,608.952501713,5.309,1.797263801055556e-05
5962,609.047545421,5.4702,1.7966680612901227e-05
5963,609.143821482,5.046,1.7960804703641965e-05
5964,609.2398433980006,5.9772,1.7954875083333315e-05
5965,609.3313148090001,5.6865,1.794894324969133e-05
5966,609.4279569910004,5.1548,1.794330227907407e-05
5967,609.5245379000007,6.041,1.793733041981481e-05
5968,609.6214762970003,5.2444,1.793137620580244e-05
5969,609.717039704,6.5814,1.792539227802468e-05
5970,609.8126379230007,4.7878,1.791947996783951e-05
5971,609.9096098139999,6.7065,1.7913582238888866e-05
5972,610.005615733,6.4744,1.7907606933827144e-05
5973,610.1008113180005,6.0321,1.790167614055553e-05
5974,610.1947798199999,6.2949,1.789579639919754e-05
5975,610.2907776760003,6.4278,1.788999746432098e-05
5976,610.3817673470003,5.6729,1.7884079657222198e-05
5977,610.4774508139999,5.8439,1.7878463990000003e-05
5978,610.5731921350007,5.4415,1.787254844827158e-05
5979,610.6681022820003,6.6592,1.7866643177777786e-05
5980,610.7658228200007,5.7064,1.7860776967901233e-05
5981,610.8634242890002,5.7009,1.785475746858021e-05
5982,610.9609148310001,6.1104,1.7848735818827123e-05
5983,611.0594522440006,6.1666,1.784270229450618e-05
5984,611.1564002220002,6.4776,1.783663108913577e-05
5985,611.2515902710002,5.1623,1.7830629086728396e-05
5986,611.3477060630003,3.8165,1.7824757929506182e-05
5987,611.4440033139999,6.0357,1.7818825240493807e-05
5988,611.5411821120006,6.7246,1.7812873137592567e-05
5989,611.6383376820004,5.2819,1.7806877920987646e-05
5990,611.7371130660003,5.8216,1.780089375679011e-05
5991,611.8354321659999,6.4162,1.7794797328271596e-05
5992,611.9344097660005,5.9114,1.77887273967901e-05
5993,612.0306526110007,6.4765,1.7782616045864203e-05
5994,612.1261870360004,6.5581,1.7776655809012304e-05
5995,612.222806322,5.9646,1.777075689296296e-05
5996,612.3178316110007,4.963,1.7764807511790133e-05
5997,612.4152169140007,5.8995,1.7758940409197537e-05
5998,612.5106414270003,5.4302,1.775293329913579e-05
5999,612.6065948599999,5.6998,1.774703467456787e-05
6000,612.7035013129998,5.7947,1.774112119271604e-05
6001,612.8001741600001,5.9417,1.773514438796296e-05
6002,612.8985369279999,6.0639,1.7729167952037036e-05
6003,612.9933450710005,5.4986,1.7723111346604916e-05
6004,613.0881996200005,5.3244,1.771724098845678e-05
6005,613.1836938780007,6.3337,1.7711394201296287e-05
6006,613.2792607770007,4.9954,1.7705480748827148e-05
6007,613.3758724910003,5.9399,1.7699596921728373e-05
6008,613.4718196510003,5.6817,1.7693649194691346e-05
6009,613.5680475870004,3.6222,1.7687708505308603e-05
6010,613.6643592990004,5.972,1.7681770862345675e-05
6011,613.7600716630004,5.2262,1.7675837527592566e-05
6012,613.8564759380006,5.6485,1.7669930610740727e-05
6013,613.9515571290003,5.5878,1.766397620444445e-05
6014,614.0479487830007,4.8882,1.7658080452654273e-05
6015,614.1435242730004,6.8098,1.7652147358086423e-05
6016,614.2387105610005,4.9922,1.7646255202592576e-05
6017,614.3355012340007,5.4517,1.7640356805617286e-05
6018,614.431816198,5.8821,1.763439549746911e-05
6019,614.5292515360006,5.8193,1.7628453949567885e-05
6020,614.6254731660001,5.9046,1.762244528216045e-05
6021,614.7198790170005,6.1357,1.76164959102469e-05
6022,614.8170807240003,5.9109,1.7610663794074034e-05
6023,614.9135571000006,3.9985,1.7604675329629637e-05
6024,615.0105802759999,6.3065,1.759871625401232e-05
6025,615.1051182880001,6.4276,1.7592726438641944e-05
6026,615.1951596200006,5.8937,1.7586883530555522e-05
6027,615.291819135,3.895,1.7581354988518527e-05
6028,615.3877777759999,5.4862,1.757535542820986e-05
6029,615.4842662460005,5.7069,1.7569439749074073e-05
6030,615.5815012410003,5.719,1.7563491781419723e-05
6031,615.6791864240004,6.6947,1.755748707154318e-05
6032,615.7749868710007,6.0046,1.755146779234565e-05
6033,615.8696982720003,5.7243,1.7545541434444407e-05
6034,615.9666566470005,5.8737,1.7539697429938257e-05
6035,616.0644728340003,5.9495,1.753372184185183e-05
6036,616.1598169500003,5.5223,1.7527680097901224e-05
6037,616.2552594620001,5.9918,1.7521766657407372e-05
6038,616.3514016960007,5.8026,1.7515888276419746e-05
6039,616.4483398860002,5.3237,1.7509959224074036e-05
6040,616.5457833179998,5.7445,1.7503976832839512e-05
6041,616.6427882710004,6.4124,1.749796102444443e-05
6042,616.740031544,4.9098,1.749197607160495e-05
6043,616.8370706040005,5.4156,1.7485977925740698e-05
6044,616.9329952260005,6.4551,1.7479981228024668e-05
6045,617.0284188330006,5.702,1.7474054891172837e-05
6046,617.1230729360004,5.95,1.7468169266728383e-05
6047,617.2182284959999,4.853,1.7462323352222226e-05
6048,617.3128612580003,6.2451,1.7456443674691343e-05
6049,617.4076227290006,5.5864,1.745061176993827e-05
6050,617.504305763,6.0169,1.74447687971605e-05
6051,617.6044365480002,6.1511,1.743879292611107e-05
6052,617.7023421540007,5.6042,1.7432620235432063e-05
6053,617.7979505470003,6.2529,1.7426562063827158e-05
6054,617.8943509420005,6.3263,1.7420670907098736e-05
6055,617.9853989769999,6.1456,1.7414727148024674e-05
6056,618.0806346099998,5.9247,1.7409115361666623e-05
6057,618.173836383,6.5841,1.7403215053518524e-05
6058,618.2699400420006,5.8838,1.739746126648147e-05
6059,618.3659806000005,6.4176,1.7391533055185143e-05
6060,618.4616800590002,5.6399,1.7385598918950608e-05
6061,618.559592476,6.8493,1.7379697313333314e-05
6062,618.6545236030006,5.9782,1.737366748623454e-05
6063,618.7507862370003,5.6992,1.736779155530864e-05
6064,618.8463449560004,5.8341,1.7361848057345674e-05
6065,618.9418009620003,5.4885,1.735594717808639e-05
6066,619.0367427070005,5.4291,1.7350054415987648e-05
6067,619.1321337380004,5.185,1.7344175136172846e-05
6068,619.2280961460001,5.6038,1.7338302063086402e-05
6069,619.3242535059999,6.1684,1.7332385401913555e-05
6070,619.4220738270005,6.5209,1.7326441630617286e-05
6071,619.5170842710004,6.6496,1.732041576820988e-05
6072,619.6113523650001,6.361,1.7314545940432063e-05
6073,619.7066490870002,5.7506,1.7308729573827144e-05
6074,619.8025629950007,6.2571,1.7302849556234563e-05
6075,619.8972745500005,6.1148,1.7296923104938268e-05
6076,619.9939077839999,6.0753,1.729107748672836e-05
6077,620.0904594350004,5.6435,1.7285126534320963e-05
6078,620.1856005420004,5.5214,1.7279155868456747e-05
6079,620.2824284540002,5.8813,1.727328007308643e-05
6080,620.3777771790001,5.8421,1.7267309218641963e-05
6081,620.4736656499999,6.1055,1.7261417019320967e-05
6082,620.5708259379999,6.1871,1.7255497781419715e-05
6083,620.6649096970004,5.2333,1.7249507745123422e-05
6084,620.7593007920004,5.5352,1.7243694994506177e-05
6085,620.8493790160001,5.513,1.723787283129628e-05
6086,620.9456928680002,5.4088,1.7232325766604946e-05
6087,621.0426932580003,5.6787,1.722636610327159e-05
6088,621.13810552,5.6937,1.7220385828580244e-05
6089,621.2339366370006,6.0181,1.7214480505864168e-05
6090,621.3302787000002,6.2402,1.72085755837037e-05
6091,621.4283870550007,5.8254,1.7202637143271566e-05
6092,621.525397673,4.3473,1.7196584103888896e-05
6093,621.6216186400006,6.6553,1.7190572848703707e-05
6094,621.7188461850001,4.6358,1.7184634006172852e-05
6095,621.8098639760001,5.836,1.717864683580243e-05
6096,621.9044124050006,5.9161,1.7173031277098732e-05
6097,621.999557735,6.5504,1.716717911753087e-05
6098,622.0943583150001,5.6521,1.716130758709874e-05
6099,622.1914082940002,6.2464,1.7155450494691326e-05
6100,622.2868091580003,5.8133,1.714946301925926e-05
6101,622.3831746810001,5.2317,1.7143582400370374e-05
6102,622.4794852330006,4.7904,1.713763087296297e-05
6103,622.5774035410004,6.0217,1.7131689677716012e-05
6104,622.675345359,6.4558,1.7125643223950627e-05
6105,622.7681239930007,4.1202,1.7119598938703673e-05
6106,622.8628403890007,6.0466,1.7113865412530842e-05
6107,622.9590331899999,5.8746,1.7108026624382718e-05
6108,623.053492559,6.5222,1.7102084678148133e-05
6109,623.1512771850003,5.8878,1.709624369216047e-05
6110,623.2495350810004,5.6188,1.7090220975123434e-05
6111,623.3480669050005,5.8131,1.708414703648144e-05
6112,623.4457526209999,5.8551,1.7078070060925928e-05
6113,623.5430653540006,5.1135,1.707202708666663e-05
6114,623.6407034940003,6.23,1.7066025424753075e-05
6115,623.7366094919998,5.8445,1.7060006115308607e-05
6116,623.8321401610001,5.0148,1.7054078791543192e-05
6117,623.9280525220001,6.8154,1.7048177576234536e-05
6118,624.0235961830003,6.0546,1.7042266314197485e-05
6119,624.1196649379999,6.2746,1.7036361131419742e-05
6120,624.2166766830005,4.8296,1.703043845104938e-05
6121,624.3124667239999,5.124,1.702443711691356e-05
6122,624.4076308740005,6.0185,1.7018523990925894e-05
6123,624.5030316339999,6.764,1.7012661024691346e-05
6124,624.5983872840006,6.6446,1.7006777583271605e-05
6125,624.6918895790004,4.4848,1.700088295320986e-05
6126,624.7866118740003,6.167,1.6995112130308645e-05
6127,624.8803839749999,5.7246,1.6989269081790117e-05
6128,624.9757803480006,5.4348,1.698347370395059e-05
6129,625.0710574889999,5.5789,1.6977598847901233e-05
6130,625.1692186090004,6.0905,1.697170924043208e-05
6131,625.2671547529999,6.3125,1.6965664222839505e-05
6132,625.3622831330003,5.7291,1.6959611997839502e-05
6133,625.4588874219999,5.9578,1.6953732382222192e-05
6134,625.554374112,6.2458,1.694777854648147e-05
6135,625.6516201570003,6.5958,1.694187909401232e-05
6136,625.7498015290003,5.7277,1.6935873298395038e-05
6137,625.847623484,5.2869,1.6929817403395055e-05
6138,625.9426685019998,6.4681,1.6923784056975317e-05
6139,626.0391054820002,6.14,1.6917903847469136e-05
6140,626.1378136869998,5.6068,1.6911953270802466e-05
6141,626.2346622089999,6.0439,1.690586668839505e-05
6142,626.331020742,6.416,1.689987738456789e-05
6143,626.4296573390002,6.5544,1.689393237259257e-05
6144,626.5256798999999,6.1292,1.6887856293641967e-05
6145,626.6226505690001,5.494,1.688191776598766e-05
6146,626.7152710710006,5.2348,1.6875938700246918e-05
6147,626.8090640589999,4.8524,1.6870206166666624e-05
6148,626.9041895750006,6.0827,1.686443134864195e-05
6149,626.9994027950006,5.6074,1.6858540364444447e-05
6150,627.0954365630005,5.9794,1.685267470999996e-05
6151,627.1931148620006,6.0059,1.684675549685184e-05
6152,627.2900261909999,6.4656,1.6840726304753056e-05
6153,627.3853157450003,6.5947,1.6834733435802446e-05
6154,627.4820019250001,6.1506,1.6828852150185165e-05
6155,627.5777756380003,7.0856,1.6822898712777753e-05
6156,627.6767892650005,6.391,1.681697279697531e-05
6157,627.7711808290005,4.8275,1.6810864922098752e-05
6158,627.8654487470003,4.8942,1.6805032271172817e-05
6159,627.961841325,5.1339,1.679922090370366e-05
6160,628.0579568230005,4.9283,1.679327245839504e-05
6161,628.1522446950003,5.4347,1.6787335819074064e-05
6162,628.246005639,5.5657,1.6781514943827126e-05
6163,628.3420319850002,6.5842,1.6775725707901207e-05
6164,628.4403556440002,5.6538,1.6769792380679e-05
6165,628.536545895,5.541,1.6763726238395022e-05
6166,628.6301058580002,4.999,1.6757793003024702e-05
6167,628.7251176710006,6.6262,1.6752014527530856e-05
6168,628.82080675,5.6762,1.674613987530864e-05
6169,628.9159233630007,6.0373,1.674024334913577e-05
6170,629.0117352340003,6.0192,1.6734374756358e-05
6171,629.1059126250002,5.66,1.67284520958642e-05
6172,629.2031271800006,6.4503,1.6722631390740716e-05
6173,629.2993565390007,6.2744,1.6716643975802453e-05
6174,629.397118803,5.6269,1.6710691388086418e-05
6175,629.4924111549999,6.5801,1.670467204907406e-05
6176,629.5888441790003,5.6017,1.669877897598764e-05
6177,629.6828948250004,5.0952,1.6692840834074065e-05
6178,629.7730195240001,6.1091,1.6687026163209834e-05
6179,629.8695738209999,5.039,1.668148633919749e-05
6180,629.966329852,5.8095,1.6675518595e-05
6181,630.0650081200001,6.845,1.6669544105493794e-05
6182,630.1607987370007,5.7397,1.666345843024688e-05
6183,630.2535201280007,5.0668,1.6657525956604925e-05
6184,630.3480779520005,6.0767,1.6651799709074068e-05
6185,630.4414325300004,3.743,1.6645964146604914e-05
6186,630.5358380460002,4.9989,1.664019374907403e-05
6187,630.6307857500005,5.7986,1.6634383994259235e-05
6188,630.7281681780005,5.4554,1.6628516315678987e-05
6189,630.822911368,4.5792,1.66225134684568e-05
6190,630.9185402440007,6.8389,1.6616661294074054e-05
6191,631.0146849640005,5.0715,1.6610747330370356e-05
6192,631.1098320199999,6.2564,1.660481531314816e-05
6193,631.2072609440002,5.5989,1.6598940861604933e-05
6194,631.3025662030004,6.3906,1.6592935280802448e-05
6195,631.400036045,5.5614,1.658705160432099e-05
6196,631.4981011750006,6.3001,1.6581031854999974e-05
6197,631.5950476140006,6.2255,1.6574980258148153e-05
6198,631.6904066410007,6.1328,1.6568992494567903e-05
6199,631.7813933630005,5.7886,1.656311067074074e-05
6200,631.8768936450006,5.3451,1.6557501605493826e-05
6201,631.9736767479999,6.1896,1.6551598589074075e-05
6202,632.0700257990002,5.7413,1.65456298307407e-05
6203,632.1676514199999,6.6431,1.6539682434382698e-05
6204,632.2635662460007,6.4733,1.65336482891975e-05
6205,632.3588675020001,5.2559,1.652773154111109e-05
6206,632.4570702370002,6.2243,1.6521840250864184e-05
6207,632.5537839830004,6.6473,1.651579523111111e-05
6208,632.6490895730003,5.289,1.6509812833086423e-05
6209,632.7456213730002,6.119,1.6503932986296277e-05
6210,632.8408335110007,5.6552,1.6497975031975272e-05
6211,632.936011103,6.7324,1.6492097766357985e-05
6212,633.0307832839999,4.7838,1.6486215708271596e-05
6213,633.1250923550006,6.2146,1.6480368106543177e-05
6214,633.2200528740004,5.5117,1.647454783685185e-05
6215,633.3176109300002,5.5102,1.646867399271601e-05
6216,633.4147182040006,5.6244,1.646266174024692e-05
6217,633.5104612080004,4.8553,1.6456665296481456e-05
6218,633.6080491520006,6.0308,1.6450752502098767e-05
6219,633.7044498519999,5.6903,1.6444742064999963e-05
6220,633.8010994300002,6.1509,1.6438780825925887e-05
6221,633.896981289,5.2588,1.6432819197592564e-05
6222,633.9924521050007,5.8387,1.6426900989567857e-05
6223,634.0883446130001,5.9212,1.6421004845246902e-05
6224,634.1836476970002,4.8636,1.6415072280802452e-05
6225,634.2801911780007,5.5309,1.6409191516851858e-05
6226,634.3759373450002,5.5464,1.6403242372098755e-05
6227,634.4725964420004,5.8186,1.639733412672836e-05
6228,634.5689880560003,5.719,1.6391371998888873e-05
6229,634.6648532640002,6.282,1.6385416533703674e-05
6230,634.7611787380001,6.1205,1.637950406290123e-05
6231,634.8588733229999,5.6869,1.6373559021111097e-05
6232,634.9552317540001,5.4783,1.6367523364753067e-05
6233,635.0507532770007,6.0609,1.6361570304999963e-05
6234,635.1493767660004,6.2097,1.6355682894012336e-05
6235,635.2484440130002,6.6158,1.6349606536728397e-05
6236,635.3448992760004,6.0605,1.634348796339504e-05
6237,635.4410950990004,5.6815,1.6337519405925926e-05
6238,635.5348321689999,5.3951,1.6331580303395065e-05
6239,635.6298754039999,5.7603,1.6325794810987632e-05
6240,635.7228453450007,4.8627,1.631993391740741e-05
6241,635.8171813570007,6.4474,1.6314190061604933e-05
6242,635.913889677,5.2542,1.6308382747901207e-05
6243,636.0095527530002,5.136,1.630240540617285e-05
6244,636.1056045960004,6.264,1.6296492773148158e-05
6245,636.2028186830003,6.4049,1.629056042432099e-05
6246,636.3009309750005,6.4302,1.6284578024938242e-05
6247,636.3987492220003,5.7683,1.6278528883333337e-05
6248,636.4963216679998,6.2735,1.6272467915555524e-05
6249,636.5927510720003,5.4922,1.6266447626913576e-05
6250,636.6877689980001,5.4457,1.626050248407404e-05
6251,636.7840023920007,6.4558,1.6254631430308648e-05
6252,636.8796129210004,4.3689,1.6248687139012327e-05
6253,636.9748223180004,6.1404,1.6242785939999962e-05
6254,637.0703695780003,5.5353,1.6236903247654313e-05
6255,637.1676790910005,6.104,1.6231011552160484e-05
6256,637.2633925569999,4.647,1.6225000989320955e-05
6257,637.3605774360003,6.9812,1.6219090019382727e-05
6258,637.4583137090003,6.5454,1.6213104992283956e-05
6259,637.5545065260003,6.4137,1.6207080253765428e-05
6260,637.6531969090001,5.5365,1.6201127048827157e-05
6261,637.75156978,6.2139,1.6195029183580252e-05
6262,637.8477337889999,5.4956,1.6188958520493813e-05
6263,637.9434360169998,5.979,1.6183018918888853e-05
6264,638.0412376499999,6.1202,1.6177113986666627e-05
6265,638.1389735160001,5.3,1.6171095218395033e-05
6266,638.2344136450001,6.0137,1.6165040926049345e-05
6267,638.3316624910003,4.5964,1.615914399092589e-05
6268,638.428513584,6.9416,1.615315729592589e-05
6269,638.5243331199999,6.2774,1.6147171696296276e-05
6270,638.6217958380003,6.3681,1.614125300055554e-05
6271,638.7157060099998,5.1157,1.6135245697283937e-05
6272,638.8108108390006,6.015,1.612944248117283e-05
6273,638.906333252,4.9694,1.612358152876542e-05
6274,638.9966816750002,6.4726,1.6117670302222187e-05
6275,639.09525123,7.0144,1.611212006882717e-05
6276,639.1908653010005,6.0384,1.610602787901231e-05
6277,639.2871608630003,6.3882,1.6100101885246915e-05
6278,639.3837628199999,6.2526,1.609416855901235e-05
6279,639.4816507960004,5.8235,1.6088194621975277e-05
6280,639.5782472070005,6.8257,1.6082164186358017e-05
6281,639.674996359,6.1963,1.60762074745679e-05
6282,639.7717336630003,6.3867,1.6070237645370373e-05
6283,639.8676708150006,6.38,1.6064271020555554e-05
6284,639.9623062440005,3.3155,1.6058342501913574e-05
6285,640.0576112060007,6.1902,1.6052489630493805e-05
6286,640.153269722,6.6436,1.604660780141976e-05
6287,640.2447030800004,6.3963,1.604070340413576e-05
6288,640.3411737690003,5.2526,1.6035072288148145e-05
6289,640.4382728070004,6.5215,1.6029108321728396e-05
6290,640.5357337940004,6.3758,1.6023119018641973e-05
6291,640.6312133800002,4.9655,1.6017105175987646e-05
6292,640.7259812580005,7.2515,1.6011208107098736e-05
6293,640.8219805630006,6.196,1.6005353438641964e-05
6294,640.9182553760002,5.3907,1.5999438086913544e-05
6295,641.0172976160002,6.2909,1.5993487016049353e-05
6296,641.1151303940005,6.4687,1.5987391711790077e-05
6297,641.2120386189999,4.8373,1.598134174074072e-05
6298,641.3068876880006,6.1628,1.597534900234565e-05
6299,641.403215325,5.1301,1.5969484724567866e-05
6300,641.4989671940002,6.5627,1.5963558846481447e-05
6301,641.5953993050007,5.6311,1.5957632767530874e-05
6302,641.6914724240005,4.3666,1.5951681299814786e-05
6303,641.7885048040007,6.034,1.5945758034629615e-05
6304,641.8854412310002,6.2723,1.5939778547407415e-05
6305,641.984076453,4.9875,1.593378723660492e-05
6306,642.0806555440004,6.3135,1.592769806166663e-05
6307,642.1756342080007,5.5472,1.592173797580247e-05
6308,642.2698041650001,5.9423,1.5915873350987615e-05
6309,642.3655246260005,6.1155,1.5910051151913534e-05
6310,642.4558460790004,5.7636,1.5904142937901223e-05
6311,642.5538206130004,7.1502,1.5898598069814812e-05
6312,642.6491782590001,5.7975,1.589253671746912e-05
6313,642.739093051,6.4692,1.5886637076851847e-05
6314,642.8357189220005,6.0002,1.5881117361604937e-05
6315,642.9335889090007,6.4069,1.5875128910308636e-05
6316,643.0283946130003,5.0581,1.5869095442037045e-05
6317,643.1240058660005,6.7686,1.5863229886790126e-05
6318,643.2215274970004,6.121,1.5857342992407392e-05
6319,643.3172423080005,5.9576,1.5851321437962952e-05
6320,643.4139450990006,6.0599,1.5845395447098737e-05
6321,643.5086386600005,5.7668,1.5839438313333337e-05
6322,643.604181658,5.7368,1.583358014808642e-05
6323,643.6974457040005,4.6301,1.5827693334012344e-05
6324,643.7926745740006,4.6518,1.582192724271605e-05
6325,643.8839669660001,5.7932,1.581604925456787e-05
6326,643.981572052,6.6227,1.581043191981482e-05
6327,644.0786160490006,5.9433,1.5804402006604925e-05
6328,644.1749904810003,6.422,1.579841653290119e-05
6329,644.2727787909998,5.8892,1.5792467638024682e-05
6330,644.3704675770005,5.8104,1.5786417297283918e-05
6331,644.46779977,6.5553,1.578038708432095e-05
6332,644.5657206340002,5.304,1.5774385809506137e-05
6333,644.6632629470005,5.2367,1.5768349102592573e-05
6334,644.7597850660004,6.1077,1.5762327587839494e-05
6335,644.8580369480005,6.6004,1.5756353758456783e-05
6336,644.9549807359999,4.3135,1.575029707567898e-05
6337,645.0454697720006,5.9966,1.574431193888886e-05
6338,645.1451222220003,6.3844,1.5738738488703685e-05
6339,645.2433251110006,6.6932,1.5732585745678968e-05
6340,645.3399980080003,5.8154,1.5726514566728367e-05
6341,645.4306434509999,6.1062,1.5720534871975306e-05
6342,645.5280955030003,5.0818,1.5714969718518503e-05
6343,645.6242713540005,5.4436,1.5708928340246916e-05
6344,645.7199710740006,5.1334,1.5702992467592568e-05
6345,645.8166093520003,6.4675,1.5697083937530855e-05
6346,645.9141392020001,5.7061,1.569111986123455e-05
6347,646.0080504830003,4.0969,1.5685104949999964e-05
6348,646.1047601959999,6.391,1.567927790932095e-05
6349,646.1986743300004,5.6272,1.5673329051296272e-05
6350,646.2971933250001,6.4645,1.5667519708580202e-05
6351,646.3929836610005,5.736,1.5661460728024675e-05
6352,646.4893292120005,5.323,1.5655532568086394e-05
6353,646.5872867180005,5.5036,1.5649595214691366e-05
6354,646.6839937530003,5.3063,1.5643559163395032e-05
6355,646.7798540029999,5.691,1.5637588810925903e-05
6356,646.8761619770003,5.3426,1.563165715222219e-05
6357,646.9733455969999,6.0776,1.5625714007530835e-05
6358,647.0680413240007,5.4244,1.561972128141973e-05
6359,647.1629602749999,5.5698,1.5613866063580207e-05
6360,647.2592214249999,6.6872,1.560800472555552e-05
6361,647.3560708069999,5.5104,1.5602069427222215e-05
6362,647.4519395930001,5.9699,1.5596099505555516e-05
6363,647.5470043780006,6.8015,1.559017425388885e-05
6364,647.6439310280002,5.8425,1.5584295991851843e-05
6365,647.7372233610004,4.1428,1.5578315343950577e-05
6366,647.8341431570007,6.3955,1.5572545489753065e-05
6367,647.9300104060003,6.0988,1.5566566087962953e-05
6368,648.0269349180007,6.2181,1.556065303685186e-05
6369,648.1243072800007,5.4294,1.5554684843580246e-05
6370,648.2223865870001,6.2768,1.5548674859320988e-05
6371,648.318169188,5.2692,1.5542622693395027e-05
6372,648.4146024580004,6.1809,1.5536700869320942e-05
6373,648.5115556030005,6.6216,1.5530752862716026e-05
6374,648.6073872220004,6.3398,1.5524767220246907e-05
6375,648.7015698790001,4.9631,1.55188483761111e-05
6376,648.7981376540001,6.2069,1.551303184388888e-05
6377,648.8925119900005,4.5167,1.5507074876543214e-05
6378,648.9874243170007,6.3702,1.5501245417654324e-05
6379,649.0817092590005,6.0959,1.5495382544506167e-05
6380,649.1767954090001,4.7905,1.5489571217098738e-05
6381,649.2717455430002,4.8404,1.5483706493333322e-05
6382,649.3675788580003,6.6722,1.547784015629627e-05
6383,649.4625324160006,5.6855,1.5471934100678986e-05
6384,649.55429895,6.6478,1.546606541432095e-05
6385,649.650455901,6.833,1.5460405725246874e-05
6386,649.7467461490005,6.171,1.5454459779320985e-05
6387,649.8438589490006,5.8163,1.5448532335246886e-05
6388,649.9399001219999,4.8932,1.5442533296851858e-05
6389,650.0380402500004,5.7526,1.543658083771603e-05
6390,650.1361711330001,5.0066,1.543053044592589e-05
6391,650.2315766660004,6.4291,1.5424480967037007e-05
6392,650.3289757740004,5.9088,1.541859049746911e-05
6393,650.4259675990006,6.0961,1.5412580902777762e-05
6394,650.521982278,5.2405,1.5406590193765402e-05
6395,650.6185554520007,5.5858,1.5400649427716012e-05
6396,650.7149436240006,6.2434,1.53946976554321e-05
6397,650.8108252170005,6.3812,1.5388754015678975e-05
6398,650.9073601620003,5.7344,1.5382831579197527e-05
6399,651.0050687130006,5.7463,1.5376866521111073e-05
6400,651.1023141140004,5.8257,1.5370849837222184e-05
6401,651.1986794820004,5.0629,1.536484662802465e-05
6402,651.295062274,5.4267,1.5358899692407398e-05
6403,651.3909265060001,5.8091,1.5352937943456774e-05
6404,651.4865397600006,4.8573,1.534702418481478e-05
6405,651.5854211619999,5.4309,1.5341119946604936e-05
6406,651.6830407360003,5.7089,1.5335029756913545e-05
6407,651.780745221,6.4066,1.5329004930308598e-05
6408,651.8766106749999,6.38,1.5322981190617253e-05
6409,651.9739269010006,5.9038,1.5317031679691367e-05
6410,652.0700454500002,5.4548,1.531104368932097e-05
6411,652.1673657660003,6.4199,1.5305105800987657e-05
6412,652.2646532790004,6.473,1.529910576074071e-05
6413,652.3611250419999,6.1341,1.52930838778395e-05
6414,652.4568224430004,5.9572,1.528713871351848e-05
6415,652.5548290719998,5.8064,1.5281229148271574e-05
6416,652.6523033990006,6.426,1.527518117691356e-05
6417,652.7499800700007,5.971,1.526916407432099e-05
6418,652.8406545490006,6.1705,1.526313861530862e-05
6419,652.9374144500007,6.5048,1.5257558049506155e-05
6420,653.0350315880005,6.1877,1.52515564941975e-05
6421,653.129971587,6.6324,1.524554875481482e-05
6422,653.2287318500003,6.9236,1.5239670084074082e-05
6423,653.3258900600003,6.2359,1.5233585969876518e-05
6424,653.4225550640003,5.6257,1.5227586411049371e-05
6425,653.5193651850004,6.8343,1.522162048580244e-05
6426,653.6145890080006,6.0717,1.5215640038333318e-05
6427,653.7084217880001,6.0754,1.520975743555555e-05
6428,653.8035609500002,6.5056,1.5203974944876543e-05
6429,653.8980677560003,4.9409,1.5198105731728397e-05
6430,653.9951931240003,6.6215,1.5192253690061698e-05
6431,654.0897285070005,6.1299,1.5186273231358012e-05
6432,654.1863896570003,5.942,1.5180428107530842e-05
6433,654.2847952700004,6.341,1.5174455896913564e-05
6434,654.379638681,4.3159,1.5168388488950601e-05
6435,654.4759555440005,5.5764,1.5162525076728367e-05
6436,654.5751313300007,5.833,1.5156579819814781e-05
6437,654.6747495070003,5.6303,1.5150454279320947e-05
6438,654.7742926270002,6.7999,1.514431494524688e-05
6439,654.8714334240003,5.0142,1.5138185170925917e-05
6440,654.9657795359999,4.9686,1.5132169112592597e-05
6441,655.0628442840007,5.9665,1.5126341075370359e-05
6442,655.1593786550002,6.473,1.5120370733950579e-05
6443,655.2559509890007,6.1047,1.5114413811790128e-05
6444,655.3537917920003,5.8662,1.5108442119320965e-05
6445,655.4481288530005,4.3813,1.5102404361419747e-05
6446,655.5447947580005,5.1263,1.5096566734320988e-05
6447,655.6402754680003,5.8628,1.5090617062407415e-05
6448,655.733465192,5.476,1.508468040456788e-05
6449,655.8303910060004,5.8977,1.5078952772037041e-05
6450,655.9294784419999,6.6996,1.5072990164259227e-05
6451,656.028113626,5.2939,1.506687658450613e-05
6452,656.1267501520006,5.6845,1.5060765414444423e-05
6453,656.2220579550003,5.9664,1.5054682007345643e-05
6454,656.3200962700002,6.0978,1.5048786616296267e-05
6455,656.4158837370005,5.8235,1.504275457691356e-05
6456,656.5126802310006,6.0977,1.5036833668395062e-05
6457,656.6100637090003,6.6921,1.5030866752962941e-05
6458,656.7036325620002,5.0163,1.502485529493826e-05
6459,656.7995495650002,4.999,1.5019070610185143e-05
6460,656.8956347399999,5.2414,1.5013171324012321e-05
6461,656.9916616600003,5.7108,1.5007227792098766e-05
6462,657.0872496749998,6.2026,1.500129289888887e-05
6463,657.1845404740006,5.9624,1.4995405590493816e-05
6464,657.2824574180004,6.5377,1.498939391851848e-05
6465,657.38211073,6.4469,1.4983350227098752e-05
6466,657.4779036150003,5.0451,1.4977217280185174e-05
6467,657.5738649020004,5.5027,1.4971283294506144e-05
6468,657.6681424550006,5.2913,1.496535835660493e-05
6469,657.7644906240002,6.684,1.495952652425926e-05
6470,657.860524146,5.9086,1.4953596180308626e-05
6471,657.9591073020001,5.4886,1.494765933629626e-05
6472,658.057743368,6.1384,1.49415833141975e-05
6473,658.1534632590001,6.9605,1.4935503041666648e-05
6474,658.2490915389999,6.2752,1.4929576079938234e-05
6475,658.345565441,5.9468,1.4923673095123425e-05
6476,658.4428154719999,5.5497,1.4917725103456787e-05
6477,658.5392466789999,4.8153,1.4911726186666647e-05
6478,658.6336043020001,5.1652,1.490577149765428e-05
6479,658.7274697570001,6.5241,1.4899936722901242e-05
6480,658.8250000870003,5.4451,1.4894155780925928e-05
6481,658.9207117000005,5.1757,1.4888131670925892e-05
6482,659.0179214540003,5.8482,1.4882215591111098e-05
6483,659.1155829680001,6.4292,1.4876225612592581e-05
6484,659.2143121590007,6.2618,1.4870193200555533e-05
6485,659.3099842820002,5.3455,1.4864102093024656e-05
6486,659.4070106420004,6.4439,1.485818550987651e-05
6487,659.5043214730003,5.367,1.4852216387777767e-05
6488,659.6014017699999,5.3634,1.4846195194999958e-05
6489,659.6987402600007,5.7809,1.4840202361543214e-05
6490,659.7952130820004,5.8329,1.483419600814816e-05
6491,659.8922360619999,6.1794,1.4828243515061735e-05
6492,659.9880561950004,6.0492,1.4822256157901204e-05
6493,660.0838931360004,4.7983,1.4816329453888888e-05
6494,660.1816825160004,6.2126,1.4810420762777776e-05
6495,660.2795454550005,5.5921,1.48043896500617e-05
6496,660.3774185850007,6.4516,1.4798350435493835e-05
6497,660.4751288309999,5.7412,1.4792303071913572e-05
6498,660.5667867490001,6.4287,1.4786264947407391e-05
6499,660.663145259,5.8434,1.4780621488456758e-05
6500,660.7582860950006,5.8122,1.4774663811728356e-05
6501,660.8557168450006,5.425,1.476878344493826e-05
6502,660.9518153100007,5.6039,1.4762773390246893e-05
6503,661.0500441290005,6.3575,1.475684101771605e-05
6504,661.1465665680007,5.4412,1.4750795488086377e-05
6505,661.2428623710002,5.8393,1.4744822850123425e-05
6506,661.3370789010005,4.4799,1.4738878100061688e-05
6507,661.4325775560001,5.0574,1.4733051773580231e-05
6508,661.5273849089999,4.5797,1.4727176287901223e-05
6509,661.6231058009998,6.1938,1.4721317067345652e-05
6510,661.7190667270006,5.3263,1.471539803629628e-05
6511,661.8131811640005,5.8655,1.4709487924320953e-05
6512,661.9105010450003,6.0509,1.4703671453333323e-05
6513,662.0087917240007,6.1872,1.4697680148209836e-05
6514,662.1058352460004,5.6733,1.4691602747839506e-05
6515,662.2030209020004,6.1351,1.4685621859320974e-05
6516,662.2995741590003,5.5828,1.4679623784135805e-05
6517,662.3950828020006,5.9521,1.4673663592469116e-05
6518,662.4887112080005,5.3115,1.4667756812469119e-05
6519,662.5827443240005,5.1939,1.4661965517716003e-05
6520,662.6800315300006,6.0781,1.4656165798148131e-05
6521,662.7774703069999,5.762,1.4650174287407376e-05
6522,662.8723896150004,5.6112,1.464415685907406e-05
6523,662.9700995910007,6.1321,1.4638277734506128e-05
6524,663.0690477690005,6.01,1.463226423228392e-05
6525,663.1652288149999,5.9279,1.4626164216913563e-05
6526,663.2619068849999,5.8228,1.4620215279259253e-05
6527,663.3585456750006,6.3341,1.4614235790246915e-05
6528,663.4561998420004,6.6019,1.4608274810432109e-05
6529,663.551977829,5.9235,1.4602262455679e-05
6530,663.6467349900004,5.8739,1.459634299907408e-05
6531,663.742559581,6.0882,1.4590487814567877e-05
6532,663.8389106240002,6.4128,1.4584575948395041e-05
6533,663.9364810820007,6.4114,1.4578638428765434e-05
6534,664.034261107,6.2371,1.4572611222469118e-05
6535,664.1336747280002,6.2811,1.4566573967530823e-05
6536,664.2309524410002,6.7426,1.456044055055552e-05
6537,664.3282835650007,5.2898,1.4554418331481484e-05
6538,664.4251250160005,6.3175,1.454840784024692e-05
6539,664.5215547060006,6.2567,1.4542441708703685e-05
6540,664.6174621099999,6.2401,1.4536494076975304e-05
6541,664.7121256110004,6.4267,1.4530557245679021e-05
6542,664.8079910870001,5.2434,1.4524711359753057e-05
6543,664.9062614180002,6.2433,1.4518806711666632e-05
6544,665.0043469810007,6.0344,1.4512752173641947e-05
6545,665.10019414,5.6919,1.4506686016851812e-05
6546,665.1962591230003,5.6528,1.4500762444814808e-05
6547,665.2939975070003,6.402,1.4494836659629624e-05
6548,665.3906483800001,3.9336,1.448882032666663e-05
6549,665.4868898710001,5.4094,1.44828449348765e-05
6550,665.583910673,6.474,1.447690237969137e-05
6551,665.6803797860002,6.0426,1.4470925710802474e-05
6552,665.7753238730002,5.4358,1.4464963485370336e-05
6553,665.8730320670002,5.5616,1.4459102061049368e-05
6554,665.9701329590007,6.0153,1.4453069018086412e-05
6555,666.0683214400005,5.816,1.444707253635802e-05
6556,666.1650862229999,6.1419,1.4441012301913587e-05
6557,666.2614859380001,4.755,1.4435035466049385e-05
6558,666.3599684280007,7.0086,1.4429090307037007e-05
6559,666.4562322110005,6.4631,1.442301119296296e-05
6560,666.5540308549998,6.7645,1.4417054251975299e-05
6561,666.649140429,5.4144,1.4411037307098769e-05
6562,666.7459607690007,5.7587,1.4405162941728368e-05
6563,666.8407540480002,6.2068,1.4399189313950594e-05
6564,666.9367534450002,4.797,1.4393325783888894e-05
6565,667.0356571319999,5.3726,1.4387401804999994e-05
6566,667.1331141050005,4.1236,1.4381303077407382e-05
6567,667.2307394059999,5.8687,1.4375292541111112e-05
6568,667.325732972,5.9529,1.436925420808643e-05
6569,667.4212167720007,5.5216,1.4363388267777761e-05
6570,667.5189011680004,5.3992,1.4357499550370323e-05
6571,667.6160670950003,4.7418,1.4351474071790122e-05
6572,667.7154505980006,6.086,1.4345473278271587e-05
6573,667.8128257360004,5.1503,1.433933618660494e-05
6574,667.9090094870007,6.3423,1.4333332241728364e-05
6575,668.0059367849999,5.5038,1.4327393302839515e-05
6576,668.1036762230005,6.6694,1.4321415007654294e-05
6577,668.2021597140001,4.9467,1.4315380930493794e-05
6578,668.2987089850003,5.9566,1.4309299752530819e-05
6579,668.3961760420007,6.0255,1.4303336278888895e-05
6580,668.4945288950003,6.1866,1.4297317299814789e-05
6581,668.5907106650002,5.7582,1.42912548090123e-05
6582,668.685863316,6.2077,1.4285310421604897e-05
6583,668.7829124590007,6.5273,1.427943532141971e-05
6584,668.8806201140005,5.9865,1.427345246228391e-05
6585,668.9778211900002,6.1513,1.4267426789876515e-05
6586,669.074515794,5.0476,1.426140593938271e-05
6587,669.1647646390002,6.8047,1.4255433410678987e-05
6588,669.2628387940003,5.4591,1.4249884661234553e-05
6589,669.3602968169998,5.8188,1.4243824253333316e-05
6590,669.456874599,5.7665,1.423780131401235e-05
6591,669.5524412989998,5.828,1.423183825845677e-05
6592,669.6509055590004,6.8755,1.4225936694135812e-05
6593,669.7486037110002,6.123,1.4219874616172845e-05
6594,669.846769924,6.359,1.4213839889382685e-05
6595,669.9457727039999,6.3625,1.4207778332469119e-05
6596,670.0432947440004,5.6142,1.4201670417839502e-05
6597,670.1390977950005,5.1061,1.4195653665925912e-05
6598,670.2375126240004,6.012,1.4189727933641939e-05
6599,670.33368514,5.3134,1.4183669011234557e-05
6600,670.4300302660004,6.7089,1.4177716518950624e-05
6601,670.5274494519999,6.4632,1.417176835604938e-05
6602,670.6246176350005,5.8044,1.4165751646975295e-05
6603,670.7207669310001,5.48,1.4159754541851839e-05
6604,670.8156735800003,5.8488,1.415382398703699e-05
6605,670.9100760360006,5.386,1.4147962201790126e-05
6606,671.0013252220006,5.6857,1.4142138509876496e-05
6607,671.0990997140007,6.1716,1.4136517018086414e-05
6608,671.1944907810002,5.7407,1.4130465659012332e-05
6609,671.2915541860002,4.892,1.4124574663086393e-05
6610,671.3882609749999,5.5178,1.4118593013456772e-05
6611,671.4829171179999,5.5427,1.4112620694135791e-05
6612,671.5782242630003,5.8683,1.4106771490123439e-05
6613,671.6738825729999,5.7383,1.4100894957222194e-05
6614,671.7715756990001,5.9662,1.4094984080123446e-05
6615,671.8682722950007,6.651,1.4088965097901197e-05
6616,671.9637199520002,5.7264,1.4082992870740714e-05
6617,672.0603050489999,5.7668,1.4077092415740717e-05
6618,672.1565219080003,5.8805,1.4071136482283926e-05
6619,672.2506166940002,4.4961,1.4065193824074041e-05
6620,672.3465506680004,5.6913,1.4059387617839498e-05
6621,672.4450355600002,5.9672,1.405347292086418e-05
6622,672.5432451400002,5.9449,1.4047403290370359e-05
6623,672.6391470140006,6.1999,1.4041325740061684e-05
6624,672.7347930619999,6.4171,1.4035403333950576e-05
6625,672.8300095949999,4.0022,1.402950721493827e-05
6626,672.9268708119998,5.2444,1.4023634900987632e-05
6627,673.0234029040002,6.57,1.4017642092716033e-05
6628,673.1193479720005,5.4392,1.4011687324814826e-05
6629,673.2145022800005,5.5448,1.4005758283209853e-05
6630,673.3102535349999,4.8397,1.3999885723456763e-05
6631,673.4065412970003,6.1889,1.399397970716047e-05
6632,673.5034805180003,6.6651,1.3988032990061728e-05
6633,673.6016425070002,6.5486,1.3982048019135762e-05
6634,673.6979167690006,5.4784,1.3976010005802454e-05
6635,673.7908776690001,3.8906,1.3970054602716042e-05
6636,673.886903527,5.8435,1.3964303514320998e-05
6637,673.9842179560001,4.9911,1.3958392198888859e-05
6638,674.0824627960001,5.4578,1.3952377589753047e-05
6639,674.1792561050006,5.4982,1.3946310773518507e-05
6640,674.275755222,5.697,1.3940336781111113e-05
6641,674.3716482580003,4.5476,1.3934374031790092e-05
6642,674.4669515040005,4.6242,1.3928456350370339e-05
6643,674.5605973210004,4.5975,1.392257398407405e-05
6644,674.657785294,6.1705,1.3916790277469121e-05
6645,674.7529526320004,4.1501,1.3910802473024653e-05
6646,674.8489902640003,7.069,1.3904902026234528e-05
6647,674.9465509990005,5.6577,1.3898984778950619e-05
6648,675.0422642920003,5.8038,1.3892973646358015e-05
6649,675.1381859200001,5.7637,1.3887053425987634e-05
6650,675.2345969730004,5.2382,1.3881143921666656e-05
6651,675.3300135890004,5.3079,1.3875189703024677e-05
6652,675.4267163210006,5.4247,1.3869294874691353e-05
6653,675.5249317790003,5.7805,1.386333548475306e-05
6654,675.6198737680006,5.4298,1.3857278494814818e-05
6655,675.7134085060006,5.1085,1.3851396934012345e-05
6656,675.8114031120003,7.0095,1.3845626487654279e-05
6657,675.909496835,5.4037,1.3839604766604892e-05
6658,676.0089720100004,6.1814,1.3833537039876499e-05
6659,676.1064933130001,6.2074,1.3827398898271593e-05
6660,676.2023084350003,5.3252,1.3821359966728375e-05
6661,676.3002240820006,5.5424,1.3815439849629596e-05
6662,676.3982917140002,5.3967,1.3809408896913568e-05
6663,676.4974241230002,6.4219,1.3803349120123444e-05
6664,676.594556133,5.5238,1.3797245985493807e-05
6665,676.6911289919999,5.1005,1.3791234779999984e-05
6666,676.789422369,6.246,1.3785269174444426e-05
6667,676.885023029,4.716,1.377921446407403e-05
6668,676.9814831990006,6.0406,1.3773301631296293e-05
6669,677.0807170140006,5.9386,1.3767352435555514e-05
6670,677.1786910800001,6.4779,1.3761227495061735e-05
6671,677.2751200550001,5.8856,1.375517656790124e-05
6672,677.3706557410005,5.7304,1.374922531882717e-05
6673,677.4680008180003,5.7452,1.3743336469814787e-05
6674,677.567807634,6.5204,1.3737329947037009e-05
6675,677.666260045,5.9833,1.3731170469753091e-05
6676,677.763869974,3.8438,1.3725089449876522e-05
6677,677.8605807670001,5.1807,1.3719062260432075e-05
6678,677.9586355330002,5.738,1.37130915537654e-05
6679,678.0566023239999,5.1178,1.3707045672345647e-05
6680,678.1532581250003,5.6441,1.3701003946358009e-05
6681,678.2501659240006,5.7523,1.3695026134074051e-05
6682,678.3447539039998,5.8553,1.3689053697345667e-05
6683,678.4423305750006,6.3259,1.3683200543209862e-05
6684,678.5336919219999,6.3672,1.3677198330617247e-05
6685,678.6294351690003,5.9233,1.3671559223950603e-05
6686,678.7254038850006,6.5008,1.3665643211851837e-05
6687,678.8234834310006,6.4028,1.3659710444691353e-05
6688,678.9196102100004,6.5774,1.3653660239938232e-05
6689,679.0150430610001,6.3873,1.3647714150061736e-05
6690,679.1114008929999,5.1965,1.3641827676543178e-05
6691,679.2081500940003,5.8334,1.3635885929197516e-05
6692,679.3040894680007,6.2341,1.3629906372469148e-05
6693,679.3979775630005,5.2701,1.3623987298518515e-05
6694,679.4954318200007,6.3564,1.3618177229382688e-05
6695,679.590884108,5.2199,1.3612181278765407e-05
6696,679.6862723840004,5.8278,1.3606264323518504e-05
6697,679.7820652970004,5.9871,1.3600391249999994e-05
6698,679.8784833200007,6.0601,1.3594493015555564e-05
6699,679.9775210400003,5.642,1.358853012395061e-05
6700,680.0737270790005,5.0522,1.3582427496790102e-05
6701,680.1701655530005,6.8693,1.3576479529691332e-05
6702,680.2657432220003,4.8463,1.3570529299259243e-05
6703,680.3636377930006,5.4974,1.3564625164876538e-05
6704,680.4623733590006,6.3827,1.3558583446728401e-05
6705,680.5598815250005,5.9732,1.3552494207098764e-05
6706,680.6552344330003,4.7716,1.3546476074876512e-05
6707,680.7527178370001,5.6238,1.3540578810308641e-05
6708,680.8492855479999,5.4152,1.3534574128333321e-05
6709,680.9461296529998,5.5582,1.3528603823456759e-05
6710,681.0403664559999,5.2751,1.3522616888827139e-05
6711,681.139649883,5.4788,1.3516793018950607e-05
6712,681.2366701649999,6.4784,1.3510688804444444e-05
6713,681.3328167870004,4.7008,1.35046881378395e-05
6714,681.4290549490006,4.7303,1.3498761101049362e-05
6715,681.5266778710002,6.5901,1.349281381148148e-05
6716,681.6242549770004,6.0327,1.3486791909567897e-05
6717,681.7181672730003,4.8775,1.3480771640740703e-05
6718,681.8151722150005,5.0556,1.3474957977901221e-05
6719,681.9126445330003,6.1127,1.3468992136975284e-05
6720,682.007801365,3.4152,1.3462972651666661e-05
6721,682.1075279370007,6.5691,1.3457086569197535e-05
6722,682.2045845749999,5.9153,1.3450938840246918e-05
6723,682.3013125739999,6.4081,1.344494635370368e-05
6724,682.396559449,4.7663,1.3438978986543171e-05
6725,682.4928287680004,5.2762,1.3433089675493781e-05
6726,682.589114673,6.221,1.3427154729197522e-05
6727,682.6869684330004,5.7234,1.3421205408518505e-05
6728,682.7836090460005,6.355,1.3415182968827162e-05
6729,682.8794328170006,5.9625,1.340920321839506e-05
6730,682.9741055510003,4.5013,1.3403287679691318e-05
6731,683.068259695,6.3637,1.339743936882713e-05
6732,683.1650051280003,6.4244,1.3391632219999967e-05
6733,683.2626545310004,6.0475,1.3385657622777758e-05
6734,683.3595402770006,5.5011,1.3379627894753049e-05
6735,683.4541490290003,5.9443,1.3373654826975301e-05
6736,683.550003495,5.9226,1.3367802399012352e-05
6737,683.6469221570005,5.2259,1.336189348753084e-05
6738,683.7427271900006,4.4148,1.3355911399567895e-05
6739,683.8396460230006,5.9826,1.3349992880123435e-05
6740,683.9330194280001,4.1305,1.334402581055555e-05
6741,684.0292238940001,6.6721,1.3338245617407364e-05
6742,684.124522176,5.0966,1.3332317073765393e-05
6743,684.2210424040004,6.6258,1.3326430692407393e-05
6744,684.3185232160004,6.6004,1.332046897228394e-05
6745,684.4155085709999,5.6356,1.3314459425987647e-05
6746,684.513112785,5.4529,1.3308466277037018e-05
6747,684.6102948430007,5.2655,1.3302448305617244e-05
6748,684.7074350530002,5.9682,1.3296454417901194e-05
6749,684.8034549090007,6.1437,1.3290462149074035e-05
6750,684.8993424979999,5.1024,1.3284522873641942e-05
6751,684.9965810110007,6.1115,1.3278601610432074e-05
6752,685.0923832130002,5.9533,1.3272606112037006e-05
6753,685.1851649850005,4.5183,1.3266693494814786e-05
6754,685.2797873079999,5.2929,1.3260944564135797e-05
6755,685.377007604,5.6477,1.3255115790061724e-05
6756,685.4712974060003,5.0571,1.32491426295679e-05
6757,685.5671569020005,5.7866,1.324329573092593e-05
6758,685.6621946880005,6.1074,1.323738508864198e-05
6759,685.7582817760003,6.6003,1.3231515555246881e-05
6760,685.8540750130005,5.0708,1.3225589907592566e-05
6761,685.950577306,6.222,1.3219671186666626e-05
6762,686.047541852,5.8589,1.3213716877222215e-05
6763,686.1440764750005,4.9823,1.3207735283333339e-05
6764,686.2401737139999,5.7635,1.3201778555555538e-05
6765,686.3382139169998,5.2085,1.319584015592592e-05
6766,686.4335204059998,5.7434,1.3189784964753061e-05
6767,686.5311020300005,6.6117,1.3183894929753076e-05
6768,686.6269641960007,6.559,1.3177882075925918e-05
6769,686.7234032720007,5.5441,1.3171962487407386e-05
6770,686.8194850460004,5.6822,1.3166011194629629e-05
6771,686.9156198159999,5.5852,1.3160073578888887e-05
6772,687.01219184,6.0776,1.3154145120123434e-05
6773,687.1083123859999,5.5281,1.3148189868395073e-05
6774,687.2044658220002,5.9745,1.3142239437716059e-05
6775,687.2990151550002,5.7052,1.3136305149197525e-05
6776,687.3943176070006,6.082,1.3130473820740718e-05
6777,687.4876237480003,5.8326,1.3124596573086396e-05
6778,687.5842547080001,5.6572,1.3118825751851849e-05
6779,687.6804117770007,6.459,1.3112876689876518e-05
6780,687.7766437710006,5.9208,1.3106934108765401e-05
6781,687.8747002580003,5.9173,1.3100989728703683e-05
6782,687.9721316380001,6.233,1.3094935898024691e-05
6783,688.0692286100002,6.0989,1.3088930905493818e-05
6784,688.1649734920002,5.0614,1.3082947393765415e-05
6785,688.2600556370007,6.087,1.3077031410061696e-05
6786,688.3537296889999,5.526,1.3071143776111106e-05
6787,688.448437307,4.4386,1.3065364864691343e-05
6788,688.5444548020005,3.6884,1.3059520899012312e-05
6789,688.6404143480004,6.2296,1.305359012228396e-05
6790,688.7372500950005,5.855,1.3047679129876549e-05
6791,688.834884672,6.4864,1.3041696331419762e-05
6792,688.9322189260001,5.784,1.3035675366296279e-05
6793,689.0294772470006,5.7044,1.3029669192592565e-05
6794,689.1243265809999,4.716,1.3023660639691355e-05
6795,689.2216222980005,5.2126,1.3017795401666644e-05
6796,689.3195523900004,5.6531,1.3011797861481455e-05
6797,689.4156736109999,6.1716,1.3005758533333313e-05
6798,689.512168358,6.2611,1.299982001055553e-05
6799,689.6087351030001,5.8206,1.2993858491604949e-05
6800,689.7051221219999,5.6004,1.2987898814320954e-05
6801,689.8009887389999,6.7341,1.2981956949999958e-05
6802,689.8961793010003,5.4299,1.2976040095432095e-05
6803,689.9883246160007,6.0142,1.2970162864135765e-05
6804,690.0842359590006,5.9776,1.2964467354197524e-05
6805,690.1793402940002,6.1724,1.2958563734320967e-05
6806,690.276553404,6.1541,1.2952671848641972e-05
6807,690.3722861240003,5.3957,1.2946681315370369e-05
6808,690.4695438060007,6.1729,1.2940756747654332e-05
6809,690.5657019800001,5.3824,1.2934769162469102e-05
6810,690.6617360670007,5.6242,1.2928826836851832e-05
6811,690.75720886,5.7456,1.2922900434444408e-05
6812,690.8527161450002,5.2808,1.2917015497530849e-05
6813,690.9482863809999,5.284,1.2911116547222184e-05
6814,691.0420070260006,5.394,1.2905203498518498e-05
6815,691.1368604170002,5.295,1.2899421310802451e-05
6816,691.2335105210004,6.2995,1.289357078734566e-05
6817,691.328000896,6.3927,1.2887598982283915e-05
6818,691.4231128930005,5.187,1.2881757369691345e-05
6819,691.5200087680005,6.5767,1.2875887837777766e-05
6820,691.6147505810004,4.9267,1.2869916654320957e-05
6821,691.7097586850005,5.2569,1.2864065393086388e-05
6822,691.8044231190006,5.8302,1.2858216345617275e-05
6823,691.9014077950005,6.035,1.2852368062222181e-05
6824,691.9967029970003,4.7152,1.2846380245617262e-05
6825,692.0922932330004,5.6685,1.2840490935987637e-05
6826,692.1910694810003,6.8367,1.2834601838333326e-05
6827,692.2882542269999,5.685,1.2828510877469135e-05
6828,692.3859843509999,6.0712,1.2822503248395029e-05
6829,692.481679255,6.1375,1.2816463883395057e-05
6830,692.5793957630003,6.0908,1.2810561476604944e-05
6831,692.6777652770006,6.9884,1.2804534603765427e-05
6832,692.774893629,4.9725,1.2798473652098752e-05
6833,692.8725249560002,6.2423,1.2792470038827143e-05
6834,692.9676824530006,4.9431,1.2786439114814769e-05
6835,693.0629296360003,5.7015,1.2780562364320958e-05
6836,693.1609481690002,6.6149,1.2774682341111071e-05
6837,693.2554965660001,5.4065,1.2768644448641975e-05
6838,693.3538251540003,5.5939,1.2762778559691346e-05
6839,693.4511830820002,6.2089,1.2756728242839466e-05
6840,693.5486247120007,4.677,1.2750716890864167e-05
6841,693.6469834440004,6.2949,1.2744707467160466e-05
6842,693.7442533190006,5.7581,1.2738640078024655e-05
6843,693.8399038820007,4.3814,1.2732629263148144e-05
6844,693.937511522,6.2924,1.2726716245308607e-05
6845,694.0327141220005,5.9616,1.2720702580864152e-05
6846,694.1263023560005,5.8035,1.2714808697716013e-05
6847,694.2220863090006,5.8373,1.2709030738148143e-05
6848,694.3196281760002,6.1814,1.2703114669567905e-05
6849,694.4164076120005,5.7588,1.2697109515370358e-05
6850,694.512215496,5.9475,1.2691134813209865e-05
6851,694.6025105480003,5.7533,1.268521069166666e-05
6852,694.6983037500004,5.3433,1.2679660313703696e-05
6853,694.7911963570004,5.0167,1.267373469999998e-05
6854,694.885544836,5.71,1.2667980350555542e-05
6855,695.2860386840002,5.4398,1.266216748432097e-05
6856,695.383378644,5.9734,1.263745124975309e-05
6857,695.4778434710006,6.5972,1.2631443102654322e-05
6858,695.5749088520006,5.613,1.262559763932098e-05
6859,695.6702450540006,5.2136,1.2619629784444442e-05
6860,695.765619406,5.9378,1.2613737895925914e-05
6861,695.8619305339998,5.0131,1.2607848818518531e-05
6862,695.9570844099999,5.9748,1.2601911274506157e-05
6863,696.0555903210006,6.5104,1.2596026216481478e-05
6864,696.1511020400003,5.2246,1.2589958041111078e-05
6865,696.2414906670001,6.0714,1.2584040073580234e-05
6866,696.3377802100003,5.6623,1.257847873450615e-05
6867,696.4350576390007,6.2426,1.2572531698456763e-05
6868,696.5295672040002,5.5818,1.2566541749691363e-05
6869,696.6258545999999,6.1603,1.2560686992592591e-05
6870,696.7217998189999,6.4065,1.2554756675308622e-05
6871,696.8186207879999,5.5949,1.2548838192901208e-05
6872,696.9124898509999,5.7393,1.2542861181851817e-05
6873,697.0067180100004,5.1188,1.2537035271111114e-05
6874,697.1013445210001,5.8714,1.2531227927098754e-05
6875,697.1982304030007,5.8386,1.252539390932096e-05
6876,697.2958589360005,6.1796,1.2519403410493836e-05
6877,697.3908597509999,4.306,1.2513385899629599e-05
6878,697.4855974230004,6.0325,1.2507519235617243e-05
6879,697.5825994400002,5.3591,1.250167566512343e-05
6880,697.6813717980003,6.1148,1.2495684171851819e-05
6881,697.7801463360001,6.0476,1.2489591366481451e-05
6882,697.8761752529999,4.7213,1.248350405086417e-05
6883,697.9735083960004,6.1605,1.2477563034691331e-05
6884,698.0699316549999,5.6807,1.2471568112901194e-05
6885,698.1652632570003,5.1323,1.2465606425555537e-05
6886,698.2624272640005,6.4096,1.2459712915432098e-05
6887,698.360318684,6.1231,1.2453732559938263e-05
6888,698.4545835580002,5.867,1.2447690638950581e-05
6889,698.5485777270005,5.4415,1.2441848814135786e-05
6890,698.6436767650002,6.168,1.24360588054938e-05
6891,698.7386523590003,6.5665,1.2430200964999983e-05
6892,698.8334899580004,5.3687,1.242431900401232e-05
6893,698.930119574,6.384,1.2418465868765428e-05
6894,699.0264678060003,5.0238,1.2412516700308652e-05
6895,699.1220067499999,5.7095,1.2406569840864163e-05
6896,699.2195854300007,6.0001,1.2400656084382718e-05
6897,699.3143915800001,4.9933,1.2394640680308617e-05
6898,699.4095552850004,5.5388,1.2388773723580216e-05
6899,699.5043851760001,5.475,1.2382910740493797e-05
6900,699.5990228609999,4.3257,1.2377055931604919e-05
6901,699.6943234130003,5.3139,1.2371216354691335e-05
6902,699.7896555220004,6.7907,1.2365340644876506e-05
6903,699.8844289640001,6.0549,1.2359447296604893e-05
6904,699.9816682430001,6.1255,1.2353604009012326e-05
6905,700.0793377290001,6.3124,1.2347614634629595e-05
6906,700.176625092,6.1798,1.234157905104939e-05
6907,700.2744147560006,6.6877,1.2335539288024667e-05
6908,700.3708517880004,5.6123,1.2329520060617245e-05
6909,700.467077966,5.8192,1.2323569952283925e-05
6910,700.5634488250007,4.3682,1.2317628111296293e-05
6911,700.6615221090005,6.3435,1.2311690190185182e-05
6912,700.7598183580003,5.4292,1.2305639553209864e-05
6913,700.8541268750005,5.4481,1.229956930351852e-05
6914,700.9515944969999,6.3433,1.2293739016172817e-05
6915,701.048578934,6.326,1.2287743478024687e-05
6916,701.1448525670003,5.9751,1.22817478432716e-05
6917,701.2405599100002,6.4581,1.227579938333332e-05
6918,701.335741846,4.8915,1.2269885366728356e-05
6919,701.431347322,5.2825,1.2264012288518484e-05
6920,701.5305826160002,6.2087,1.2258104056357994e-05
6921,701.6270517850007,5.2954,1.2251983739074042e-05
6922,701.7244899490006,5.3365,1.22460131822222e-05
6923,701.8202696400003,5.9499,1.224001945086417e-05
6924,701.9159966630004,5.6165,1.223410912876542e-05
6925,702.0126148670006,6.0385,1.2228194004629634e-05
6926,702.10732749,4.0332,1.222223017604937e-05
6927,702.2037396980004,5.8827,1.2216382618580219e-05
6928,702.3014231860006,5.9411,1.2210427515555534e-05
6929,702.3996279100002,5.7426,1.2204409337469142e-05
6930,702.4951411440006,5.962,1.2198348144753075e-05
6931,702.5909067860002,5.9496,1.2192448048086408e-05
6932,702.687855143,5.8007,1.2186543920185146e-05
6933,702.7784319310003,5.4365,1.2180567964999984e-05
6934,702.8727433270005,6.8458,1.2174973023950625e-05
6935,702.9663112389999,5.3925,1.2169139720061723e-05
6936,703.0623413510002,5.5694,1.2163358272469111e-05
6937,703.1571326970006,6.3463,1.2157441230493805e-05
6938,703.2537579250002,4.7682,1.2151583522901195e-05
6939,703.3503053740005,5.5202,1.2145622900740738e-05
6940,703.4454188330001,5.8056,1.2139648396604918e-05
6941,703.53990436,6.1866,1.213377741358025e-05
6942,703.6353519670001,5.1897,1.2127952636172796e-05
6943,703.7315728829999,4.8947,1.212205601092592e-05
6944,703.825543983,4.9473,1.2116121201666647e-05
6945,703.9217074850003,4.9472,1.211031532129625e-05
6946,704.0181969840005,5.8096,1.2104400824691314e-05
6947,704.1147808020005,5.9215,1.2098428471419743e-05
6948,704.2103160870001,4.6924,1.2092475317530849e-05
6949,704.306442692,5.8687,1.2086552736419759e-05
6950,704.402710374,5.9609,1.2080630394382719e-05
6951,704.4973225130007,5.5305,1.207469234827161e-05
6952,704.592198196,6.4671,1.2068851500061728e-05
6953,704.688677483,5.9912,1.206299770006174e-05
6954,704.78738015,5.5777,1.205704256925923e-05
6955,704.8854323350006,5.8881,1.2050952703209838e-05
6956,704.9792161680007,4.7529,1.2044904697037046e-05
6957,705.0764179170001,6.3624,1.2039087670802451e-05
6958,705.1715276490004,6.0838,1.2033105914320959e-05
6959,705.2670821620004,6.0971,1.2027224169382694e-05
6960,705.3628968789999,5.5133,1.2021334490678998e-05
6961,705.4589261820001,6.1196,1.2015418857839466e-05
6962,705.5548244970005,6.5513,1.2009494006913569e-05
6963,705.6506270780001,4.7216,1.2003577002469125e-05
6964,705.7470949920007,6.3605,1.1997666771604927e-05
6965,705.8419954589999,5.4447,1.1991719418641944e-05
6966,705.9409367540002,5.828,1.1985836063395029e-05
6967,706.0397014139999,6.788,1.197975345771603e-05
6968,706.1369131450001,4.7909,1.1973651150679016e-05
6969,706.2329189600005,5.4758,1.196764668716045e-05
6970,706.3288447800005,5.451,1.1961711921172807e-05
6971,706.423146309,5.4612,1.195579449580248e-05
6972,706.5169050730001,5.4301,1.1949965785987632e-05
6973,706.6113104300002,5.916,1.194418553148145e-05
6974,706.7085411690005,6.0568,1.1938355586357996e-05
6975,706.8057440780003,6.0193,1.193236751617282e-05
6976,706.9030578950005,6.4783,1.1926358714074048e-05
6977,706.9992592819999,5.2127,1.1920356392901238e-05
6978,707.0956156080001,5.5791,1.1914407339938272e-05
6979,707.1866715700007,6.2957,1.1908460164074065e-05
6980,707.2829443810006,5.8741,1.1902848755061719e-05
6981,707.380185254,5.9263,1.189689637845675e-05
6982,707.4783848800007,6.2441,1.189091540987653e-05
6983,707.5747004280001,4.6768,1.1884841895987647e-05
6984,707.6692421990001,5.831,1.1878882705864158e-05
6985,707.763656958,5.7559,1.187305082240741e-05
6986,707.861389183,6.0008,1.1867220911419708e-05
6987,707.9586162310006,6.2057,1.1861194511049383e-05
6988,708.0549200140003,5.6528,1.1855191098333319e-05
6989,708.1517575830003,5.6598,1.1849254888271605e-05
6990,708.2463076000004,5.9536,1.1843272743580213e-05
6991,708.3426667240001,5.3612,1.1837430315740733e-05
6992,708.4383515980007,5.4239,1.1831490601851857e-05
6993,708.5320285110001,5.3033,1.1825585108765413e-05
6994,708.6218951850005,6.2678,1.1819794532469097e-05
6995,708.7176492389999,5.9011,1.1814269766975294e-05
6996,708.8119625730005,4.2448,1.1808336519814777e-05
6997,708.9069950900002,5.0017,1.1802511735185151e-05
6998,709.0004934690005,5.64,1.1796649284999967e-05
6999,709.0974093100003,6.226,1.179086923141975e-05
7000,709.1958382600005,5.8515,1.1784907674629586e-05
7001,709.2910891320007,5.3667,1.1778817707098721e-05
7002,709.3875712890003,6.0267,1.1772938315740744e-05
7003,709.48360116,6.279,1.1766990706790094e-05
7004,709.5776769029999,6.1007,1.1761061039197491e-05
7005,709.6745935660001,5.4284,1.175524508191358e-05
7006,709.771355629,5.3707,1.1749268639938283e-05
7007,709.8678562680007,6.3122,1.1743293462283905e-05
7008,709.9655657000003,6.0504,1.1737338375308604e-05
7009,710.0632529869999,6.1222,1.1731311761481445e-05
7010,710.1574845390005,5.436,1.1725279191049383e-05
7011,710.2530392970002,5.2108,1.1719450128333298e-05
7012,710.3500367040006,5.556,1.1713559137407388e-05
7013,710.4450233490006,5.5756,1.1707569446543183e-05
7014,710.5353171070001,6.5887,1.1701706451913592e-05
7015,710.6322595689999,5.5178,1.169615528018514e-05
7016,710.7277989849999,5.9069,1.1690148267962959e-05
7017,710.8250294700001,6.4602,1.1684256927098747e-05
7018,710.9232922199999,5.8123,1.167826968061726e-05
7019,711.0176690870003,3.9336,1.1672201973950581e-05
7020,711.1138938069998,6.233,1.1666350746481446e-05
7021,711.2102572220001,6.1801,1.1660425252654295e-05
7022,711.3064965310004,5.4441,1.1654478512654304e-05
7023,711.4021713420007,6.0231,1.1648536916419729e-05
7024,711.499467183,5.8747,1.1642624983950622e-05
7025,711.5964619980004,6.6967,1.1636619488827134e-05
7026,711.6924454070004,6.0436,1.1630637245493804e-05
7027,711.7896198440003,5.4585,1.1624717718024648e-05
7028,711.8861800300001,6.3974,1.161871750666666e-05
7029,711.9821128869999,5.6819,1.1612745516975304e-05
7030,712.0795661319999,6.1779,1.1606820204320956e-05
7031,712.1759547070005,5.154,1.1600813207407362e-05
7032,712.2741096600002,6.583,1.1594860032716026e-05
7033,712.3714901940002,6.4524,1.1588797776111121e-05
7034,712.4657088640006,5.5288,1.1582792354012311e-05
7035,712.5630678460002,5.92,1.1576972522839468e-05
7036,712.6619987439999,6.5322,1.1570983061913543e-05
7037,712.7587136000002,4.9889,1.1564882937777781e-05
7038,712.8558210609999,5.8859,1.155889567888888e-05
7039,712.9517218260007,4.7511,1.15529029071605e-05
7040,713.0474608350005,5.6813,1.1546980581419748e-05
7041,713.1448091810007,6.7317,1.154107421308641e-05
7042,713.2403226140004,5.9775,1.153506532308638e-05
7043,713.3365468030006,7.1474,1.1529147787592581e-05
7044,713.4330747900003,6.5375,1.1523226105678974e-05
7045,713.5287779460004,5.2805,1.1517267927407365e-05
7046,713.623782656,5.6545,1.151134573413581e-05
7047,713.7176544640006,6.0411,1.1505483181728361e-05
7048,713.8153203330003,5.753,1.1499699058209885e-05
7049,713.9131375440002,5.9773,1.1493679709320971e-05
7050,714.0068610510007,5.355,1.1487637854259247e-05
7051,714.099896189,5.8856,1.1481818888580254e-05
7052,714.1987774919999,6.1244,1.1476092648024662e-05
7053,714.2968572660002,6.097,1.1469999223024647e-05
7054,714.3921968230006,5.5551,1.146394181790123e-05
7055,714.488610034,6.3906,1.1458059358827167e-05
7056,714.5837877920003,6.014,1.1452120185308618e-05
7057,714.6800125110003,5.7306,1.1446235679320943e-05
7058,714.7755836350007,5.6822,1.1440295916172827e-05
7059,714.871571957,5.9435,1.1434392580123455e-05
7060,714.9668873979999,6.1382,1.1428472729444423e-05
7061,715.0611418550006,6.7131,1.1422576237777782e-05
7062,715.1540100110005,3.6641,1.1416763740925895e-05
7063,715.2490795050007,5.4379,1.141101701592589e-05
7064,715.3454330909999,4.6685,1.140515464234565e-05
7065,715.4388120630001,4.9823,1.1399211926296282e-05
7066,715.5342842160007,5.7565,1.1393441872839484e-05
7067,715.6324515280003,6.2864,1.138755562549379e-05
7068,715.7277291130004,6.1481,1.138149953135803e-05
7069,715.8241935430005,5.6493,1.1375614213765412e-05
7070,715.9199096070006,6.3136,1.1369672277716048e-05
7071,716.0165546560002,6.0854,1.1363756893950628e-05
7072,716.1150785079999,6.6237,1.1357788902716021e-05
7073,716.2104366530002,5.7015,1.135172037401232e-05
7074,716.305838882,5.1018,1.1345820739444419e-05
7075,716.4012992000007,5.9149,1.133992187018515e-05
7076,716.4984999630005,6.777,1.1334034259444415e-05
7077,716.5953498710005,5.8917,1.1328043351358037e-05
7078,716.6910070130007,5.6975,1.1322069453086375e-05
7079,716.7877886850001,6.2083,1.1316162562592592e-05
7080,716.885334394,5.9932,1.13101958572222e-05
7081,716.9819935300002,6.5179,1.1304160617160502e-05
7082,717.0752197410002,4.2465,1.1298196531728377e-05
7083,717.1732002220006,6.4349,1.1292431652901192e-05
7084,717.2707800040007,5.7794,1.1286386146111067e-05
7085,717.3674706920001,6.4232,1.128036048666667e-05
7086,717.463423663,4.5936,1.1274407684629612e-05
7087,717.5587736750003,5.6432,1.1268476470308603e-05
7088,717.656019174,6.1519,1.1262573116049357e-05
7089,717.7494137590002,4.7776,1.1256578849691346e-05
7090,717.8474266430003,6.1973,1.1250813737407368e-05
7091,717.9437702620007,5.2508,1.124478192074071e-05
7092,718.0423087300005,6.0769,1.1238816611913583e-05
7093,718.1389154090002,6.6078,1.1232740566913574e-05
7094,718.2346420250005,3.941,1.1226774624691316e-05
7095,718.3295390809999,4.3383,1.1220870450987615e-05
7096,718.426442817,6.267,1.1215007519629606e-05
7097,718.5238976700002,6.374,1.120903275574075e-05
7098,718.6190848920005,6.0328,1.1203019325061692e-05
7099,718.7136940260007,6.4186,1.1197138296604942e-05
7100,718.8115859750005,6.461,1.119129817975304e-05
7101,718.908064231,5.4407,1.1185250911049356e-05
7102,719.0048549110006,4.8195,1.1179290917654312e-05
7103,719.1018352860001,6.0379,1.117332977092589e-05
7104,719.1979669640004,5.7947,1.1167345146604929e-05
7105,719.2942416530004,6.3779,1.1161404235802442e-05
7106,719.3902997550003,6.0824,1.1155457640925925e-05
7107,719.4860089049998,3.9964,1.1149527578024649e-05
7108,719.5834523990006,5.9565,1.1143619133580235e-05
7109,719.679372353,6.8331,1.113761550753084e-05
7110,719.7765558150004,5.6524,1.1131686993518526e-05
7111,719.8712451050005,5.8937,1.1125699149506153e-05
7112,719.9681037650007,6.5693,1.11198381907407e-05
7113,720.0636783979999,5.7828,1.1113867752037044e-05
7114,720.1580044010007,5.2065,1.1107958157530852e-05
7115,720.253745166,6.6749,1.1102131922654319e-05
7116,720.3490048000003,5.5118,1.109623313851848e-05
7117,720.4445213300005,4.684,1.1090345067654323e-05
7118,720.5404767690006,4.1952,1.108445442253087e-05
7119,720.6369932960006,4.7007,1.107853931154318e-05
7120,720.728617924,6.7199,1.1072586958827157e-05
7121,720.8253609419999,5.282,1.106692792851851e-05
7122,720.9235513900003,6.0579,1.1060944751543167e-05
7123,721.0217754780006,5.9752,1.1054897179691365e-05
7124,721.1199245610005,5.8628,1.1048837116481487e-05
7125,721.2179735099999,6.0639,1.1042779075308623e-05
7126,721.3144060570003,5.7659,1.103671530777774e-05
7127,721.4112557980006,5.3823,1.1030757510617251e-05
7128,721.507816282,6.2765,1.1024780837098752e-05
7129,721.6044334730004,5.7841,1.1018825188456794e-05
7130,721.7008520770005,5.5288,1.101285874191355e-05
7131,721.7977148260006,6.1587,1.1006907112469094e-05
7132,721.8951796420006,5.4968,1.1000934413456754e-05
7133,721.9918024240005,5.5155,1.0994916862592552e-05
7134,722.0832697000005,6.3021,1.0988945703395054e-05
7135,722.1797117610004,5.2671,1.0983318618888893e-05
7136,722.2782794069999,6.2518,1.0977349724999997e-05
7137,722.3783821390007,5.8655,1.0971270197962924e-05
7138,722.4783350540001,6.4344,1.0965086168827144e-05
7139,722.5763928800006,5.8164,1.0958914507345647e-05
7140,722.6722071060003,4.9544,1.0952866498765436e-05
7141,722.7683785950003,5.1574,1.0946947959444427e-05
7142,722.8634017240001,6.5313,1.0941011971728394e-05
7143,722.9608145360007,5.9305,1.093514083512342e-05
7144,723.0581617880007,6.213,1.0929139381357994e-05
7145,723.1534088530007,5.5384,1.0923117909135804e-05
7146,723.248605969,5.1268,1.0917237356666644e-05
7147,723.3465458270002,6.246,1.0911366203271606e-05
7148,723.4436230410001,4.7475,1.090531856635798e-05
7149,723.5406796759999,6.2162,1.0899326552592548e-05
7150,723.6369720440007,6.1925,1.089334325012344e-05
7151,723.7320047789999,6.0618,1.088740748277775e-05
7152,723.8283253670006,5.5262,1.088153776981477e-05
7153,723.9237696600003,6.5197,1.0875590728456746e-05
7154,724.0206243140001,6.2796,1.0869682430493805e-05
7155,724.1177577980006,5.8794,1.0863710643580244e-05
7156,724.2132221400007,5.1123,1.0857718659444405e-05
7157,724.3087608690003,6.3964,1.085181016543208e-05
7158,724.4049172929999,6.6666,1.084591316654322e-05
7159,724.5001938120004,6.1613,1.0839996932839503e-05
7160,724.5948354020002,5.6263,1.0834110436358002e-05
7161,724.691326178,6.4198,1.0828260764506182e-05
7162,724.7865362800003,4.6302,1.0822315941790078e-05
7163,724.8829015649999,5.8347,1.0816439956543206e-05
7164,724.9811917960005,6.3445,1.0810488192222201e-05
7165,725.0778978210001,5.9066,1.0804430140679018e-05
7166,725.1737649420002,6.1609,1.0798442439629608e-05
7167,725.2704425470001,5.9232,1.0792530529999995e-05
7168,725.3672449610003,6.5037,1.0786558859012313e-05
7169,725.4648182520004,5.5556,1.0780587370555557e-05
7170,725.5611693310002,5.1374,1.077455567092593e-05
7171,725.657363155,5.3139,1.0768610650864185e-05
7172,725.7535429079999,5.5556,1.076268946598764e-05
7173,725.8489052020004,5.7994,1.0756744176296257e-05
7174,725.9390722050002,6.4586,1.0750847917901196e-05
7175,726.035117511,5.2471,1.0745305226666663e-05
7176,726.1297160459999,6.2567,1.073936049481481e-05
7177,726.2194385530001,6.1769,1.0733522794259254e-05
7178,726.3163680920006,5.2344,1.0728007038333315e-05
7179,726.4120683560004,6.2817,1.0721992667098741e-05
7180,726.509460411,5.8722,1.0716090501543175e-05
7181,726.6036472619999,5.0558,1.071009553691359e-05
7182,726.6973702210007,5.5989,1.0704266477345648e-05
7183,726.7934160750001,6.1862,1.0698479859074051e-05
7184,726.8874153420002,4.4671,1.0692558067716008e-05
7185,726.9850050290006,5.9062,1.0686744832283907e-05
7186,727.0799501199999,3.1659,1.068073281765431e-05
7187,727.1759712850007,4.8461,1.0674854253518473e-05
7188,727.2721286310007,6.7113,1.0668925945493796e-05
7189,727.3676383530001,5.4745,1.0663003719074078e-05
7190,727.4633335550006,6.1596,1.0657112625370325e-05
7191,727.5599164340001,6.264,1.0651203596851838e-05
7192,727.6561124170003,5.3012,1.0645231985432069e-05
7193,727.7517890220006,5.8919,1.0639298362962952e-05
7194,727.8470254590002,5.2441,1.0633390641296276e-05
7195,727.9425828550002,5.924,1.0627503721358028e-05
7196,728.033570734,6.534,1.0621615952098768e-05
7197,728.1281533490001,6.1481,1.0616013525679008e-05
7198,728.224687291,5.8007,1.0610152681296271e-05
7199,728.3209573160002,4.7202,1.0604208225185186e-05
7200,728.4184103510006,5.7573,1.059826790981479e-05
7201,728.516608942,6.0547,1.0592254093888882e-05
7202,728.6119974350004,4.9873,1.0586192346234575e-05
7203,728.7067603160003,4.2498,1.0580295094876497e-05
7204,728.8028733860001,5.8069,1.0574451277962955e-05
7205,728.8987761510007,5.9749,1.0568503818641979e-05
7206,728.9945587520006,5.582,1.0562589800864164e-05
7207,729.0881820610002,5.902,1.0556677493086404e-05
7208,729.183457184,4.1355,1.0550892447037014e-05
7209,729.2776308230004,6.2009,1.0545013605370335e-05
7210,729.3750490820003,5.5975,1.0539201811543199e-05
7211,729.472639957,5.769,1.0533192188086387e-05
7212,729.5708911890006,6.4953,1.0527168249320962e-05
7213,729.6671717950003,4.4049,1.0521102137962951e-05
7214,729.7606174000002,5.0147,1.0515163701975266e-05
7215,729.8555869930005,5.9385,1.0509393088765406e-05
7216,729.9509857920002,5.0891,1.050352356117283e-05
7217,730.0482930810003,6.0005,1.0497637742592581e-05
7218,730.144689748,5.3381,1.0491640157654303e-05
7219,730.240031542,6.003,1.0485694199506151e-05
7220,730.3338513150002,4.9793,1.0479798990123463e-05
7221,730.4310689630001,4.7846,1.047399889574075e-05
7222,730.5294856910004,6.1969,1.0468011685987639e-05
7223,730.6207636400004,6.2193,1.0461945552530866e-05
7224,730.717121142,6.0433,1.0456307331913556e-05
7225,730.812195165,6.6796,1.0450356085925928e-05
7226,730.9085814190003,6.1047,1.044448557506173e-05
7227,731.0063660750002,5.7998,1.0438528999382719e-05
7228,731.1036127900006,5.7312,1.043249225191355e-05
7229,731.2003164560001,5.9317,1.0426497052222201e-05
7230,731.2951535110005,5.9158,1.0420525138148141e-05
7231,731.3898882950007,5.0298,1.0414653940925906e-05
7232,731.4858349350006,6.1427,1.0408808506913541e-05
7233,731.5804630990006,4.6294,1.0402899832345635e-05
7234,731.6745154600003,5.4859,1.0397053259938239e-05
7235,731.7710697319999,6.2878,1.0391245425740736e-05
7236,731.8653653490001,5.0439,1.0385300497345673e-05
7237,731.9620503790002,5.4711,1.0379462236296267e-05
7238,732.05994491,5.6293,1.037349890851848e-05
7239,732.1559864280007,5.2473,1.0367453531296261e-05
7240,732.2506464150001,5.5341,1.036152921851849e-05
7241,732.3473638650003,6.1737,1.0355695492160489e-05
7242,732.4428488930007,6.1379,1.0349731396543206e-05
7243,732.5369974680007,5.3966,1.034382036845677e-05
7244,732.6354040240003,6.0584,1.0338016874074085e-05
7245,732.7310600780002,4.7761,1.0331944427222184e-05
7246,732.8259800510004,5.7628,1.0326034963827119e-05
7247,732.9214725540005,5.1597,1.0320168974629629e-05
7248,733.0178681770003,6.1181,1.0314270617098732e-05
7249,733.1165357750006,6.2921,1.030831847407407e-05
7250,733.2124546660007,6.2958,1.0302239058209867e-05
7251,733.3094285440002,5.8727,1.0296305436111114e-05
7252,733.4052161059999,6.2805,1.0290333277592557e-05
7253,733.4994648150005,6.5481,1.0284411910493807e-05
7254,733.5958948329999,6.4185,1.0278592619320975e-05
7255,733.6901624620004,5.3067,1.0272649551234564e-05
7256,733.7867097030003,5.9414,1.0266834630185179e-05
7257,733.8817556760005,5.8988,1.0260891221172824e-05
7258,733.9756125399999,3.7858,1.025500097203702e-05
7259,734.0708817100003,5.6588,1.024919081561727e-05
7260,734.1678068700003,6.2399,1.0243329652345646e-05
7261,734.2652849000006,3.9551,1.0237353659197507e-05
7262,734.3627254930007,5.5459,1.0231321580061737e-05
7263,734.4528806429998,5.9669,1.0225317850246919e-05
7264,734.5498371960002,4.751,1.0219771335925915e-05
7265,734.6457431140007,5.852,1.0213763841913566e-05
7266,734.7425643590004,4.9976,1.0207846155061717e-05
7267,734.8397988870001,6.1801,1.0201865760185193e-05
7268,734.9343512730002,5.9733,1.0195864171543218e-05
7269,735.0310490640004,4.7222,1.0190008962407394e-05
7270,735.1215466960002,6.7272,1.0184045034876521e-05
7271,735.2162068580001,4.6454,1.0178488555925919e-05
7272,735.3119367160007,5.0878,1.0172614199691337e-05
7273,735.4051779600004,5.038,1.016671969160491e-05
7274,735.5007820999999,6.3542,1.0160961453827139e-05
7275,735.5963321100007,6.0708,1.0155063471172832e-05
7276,735.6929442660003,6.2364,1.0149162851604937e-05
7277,735.7886699190003,6.3166,1.0143208019999967e-05
7278,735.8861760830005,5.9292,1.0137281613888882e-05
7279,735.9819412610004,5.7827,1.0131267440617282e-05
7280,736.0778366499999,5.7187,1.01253472653086e-05
7281,736.1753579730002,5.813,1.0119436799012322e-05
7282,736.2714811020005,5.742,1.0113421917962967e-05
7283,736.3683586030002,5.8018,1.0107470806604924e-05
7284,736.4629762590002,5.3409,1.0101495730740746e-05
7285,736.5582933619999,6.3289,1.0095657618950593e-05
7286,736.6552085439998,6.1786,1.0089780621543176e-05
7287,736.7448310400005,5.7051,1.0083798117283954e-05
7288,736.8422720770004,5.9319,1.0078294548580224e-05
7289,736.9389978650006,5.7693,1.0072264423827138e-05
7290,737.0356433420002,6.3479,1.006627634685185e-05
7291,737.1335450710003,6.2526,1.0060312680802447e-05
7292,737.2292176930005,5.7176,1.0054288936481487e-05
7293,737.3252562030002,5.4223,1.0048359171604899e-05
7294,737.4195284960006,5.0047,1.0042439264814813e-05
7295,737.5144268000004,6.0591,1.0036616778518492e-05
7296,737.6088465820003,4.881,1.003075606104939e-05
7297,737.706749033,6.3355,1.0024918123024656e-05
7298,737.8022941700001,5.7532,1.0018887625123464e-05
7299,737.8991627680007,6.0432,1.0012993835123464e-05
7300,737.9978396980005,6.0889,1.000701553728392e-05
7301,738.0938031599999,6.0795,1.0000935822469143e-05
7302,738.1886187210002,5.767,9.994989191543175e-06
7303,738.2827588830005,5.5621,9.989138172098722e-06
7304,738.3771944250002,5.5007,9.983328087345634e-06
7305,738.4673406830007,6.6984,9.977499237839472e-06
7306,738.5613535370003,4.7993,9.971957012654275e-06
7307,738.6589771050003,6.1146,9.966131754691327e-06
7308,738.7540399059999,6.1035,9.960117778518513e-06
7309,738.850699046,5.9535,9.9542424924074e-06
7310,738.9473199929998,5.5122,9.948282001790087e-06
7311,739.0427968690001,6.2412,9.942306352222208e-06
7312,739.1369780340001,4.9441,9.936410597037039e-06
7313,739.23371443,6.7794,9.930601655061689e-06
7314,739.3294492310006,4.8752,9.924636095678985e-06
7315,739.4258612419999,5.8382,9.918719405432058e-06
7316,739.522874757,5.8623,9.912772311666647e-06
7317,739.6194956500003,6.7533,9.906791796358034e-06
7318,739.7140807470005,6.7702,9.90083163728393e-06
7319,739.8081416470004,6.2502,9.894976158209851e-06
7320,739.9036663240004,5.93,9.889181281666627e-06
7321,739.9991202179999,6.4746,9.883293483950623e-06
7322,740.0885539230003,5.803,9.877386773395031e-06
7323,740.1847111490006,4.8289,9.871886942654291e-06
7324,740.2809886149998,5.6788,9.86593607432098e-06
7325,740.3746127310005,5.7267,9.859994680864193e-06
7326,740.468612955,5.7135,9.854198094753042e-06
7327,740.5667552559999,5.5665,9.84840331820988e-06
7328,740.6645192380001,6.7543,9.842358011728387e-06
7329,740.7597499090007,5.24,9.836323674444432e-06
7330,740.8559183970001,5.5457,9.830429589753048e-06
7331,740.9523673270005,5.6387,9.824508464444415e-06
7332,741.0474286200006,5.6826,9.818549993518517e-06
7333,741.141611903,4.0353,9.812677675555549e-06
7334,741.2367937120007,6.2267,9.806867108518475e-06
7335,741.3337922270002,5.784,9.800986713580252e-06
7336,741.431470775,5.5228,9.794994493271597e-06
7337,741.5280230910003,5.972,9.78896668092591e-06
7338,741.6229911720002,4.7374,9.783000737777765e-06
7339,741.7182943400003,5.421,9.777135078395055e-06
7340,741.8147247910001,6.2036,9.77125236030863e-06
7341,741.9096466219999,5.5935,9.765303611913546e-06
7342,742.0056241210004,6.5448,9.75943834561725e-06
7343,742.1036653910005,5.0966,9.753515113086425e-06
7344,742.2007887260006,5.8035,9.747468233333313e-06
7345,742.2992062829999,5.1458,9.741467822716039e-06
7346,742.3965837390006,6.8568,9.73540512024691e-06
7347,742.4930349430006,5.2235,9.7294008882716e-06
7348,742.5883929810007,5.8427,9.723434611975318e-06
7349,742.6817994660005,4.4572,9.717546369320973e-06
7350,742.7776608920003,5.0699,9.711786324814798e-06
7351,742.8738419990004,5.3114,9.705885370308632e-06
7352,742.9679124130007,6.0228,9.699940418456749e-06
7353,743.0647976340006,5.5661,9.694122293703688e-06
7354,743.1603270100004,5.8009,9.688163344320977e-06
7355,743.2562396399999,6.1331,9.682248172407415e-06
7356,743.3547380970003,5.3532,9.676318742407392e-06
7357,743.4517175820001,4.7521,9.67025001339506e-06
7358,743.5485067280006,4.8395,9.664255054938254e-06
7359,743.6457951950006,6.0733,9.658283699753068e-06
7360,743.7359542550003,5.9059,9.652278204382725e-06
7361,743.8331236190006,5.7788,9.646728318703702e-06
7362,743.9284684160002,6.1051,9.64072211530863e-06
7363,744.0251534650006,6.9181,9.634820347469142e-06
7364,744.1202160050007,5.6086,9.628870755555564e-06
7365,744.2142044890006,4.7083,9.62299399024687e-06
7366,744.3106375180005,5.439,9.617175363888898e-06
7367,744.406541585,4.4141,9.611235195185191e-06
7368,744.5025937529999,6.1205,9.60531837209876e-06
7369,744.5987558780007,6.2155,9.599397302530872e-06
7370,744.6947991309999,6.5451,9.593455218765418e-06
7371,744.7850655050006,6.0683,9.587530340370366e-06
7372,744.8804772780004,4.9162,9.58198173024688e-06
7373,744.9753838659999,4.8274,9.576065284753067e-06
7374,745.0725742479999,6.0669,9.570206182160473e-06
7375,745.168389038,5.5517,9.564224505185154e-06
7376,745.2632514309998,5.4851,9.558297833518514e-06
7377,745.3603975800006,5.3948,9.552441588580224e-06
7378,745.4577456750003,5.7899,9.54645383907406e-06
7379,745.5543109950004,4.9721,9.540443790740739e-06
7380,745.6523654050006,6.0275,9.534478637160477e-06
7381,745.7466595830001,5.6171,9.52842467228392e-06
7382,745.8409888730002,6.4004,9.52259778771602e-06
7383,745.9369684550002,5.2366,9.516781859074064e-06
7384,746.033572151,6.8525,9.510844131543172e-06
7385,746.1272137360002,6.2046,9.504889058580207e-06
7386,746.2232803450006,6.1428,9.499105552592574e-06
7387,746.3193617090001,6.1728,9.493183879444417e-06
7388,746.4157579330004,6.3236,9.487245324074051e-06
7389,746.5117877090006,5.6362,9.481290886666655e-06
7390,746.6104495210002,5.4194,9.475363103148128e-06
7391,746.7051146450003,3.1902,9.469284931666644e-06
7392,746.7946064770003,6.4648,9.463426102901235e-06
7393,746.8917079830007,6.5001,9.457936565802438e-06
7394,746.9877462080003,6.5742,9.451925573209874e-06
7395,747.0825089059999,5.62,9.445982619567872e-06
7396,747.1771634790002,6.2446,9.440142161851845e-06
7397,747.2722779700007,5.2848,9.434289847036993e-06
7398,747.3680084260004,5.0694,9.428415713950589e-06
7399,747.4645418680002,5.7487,9.422514076481442e-06
7400,747.5621099810005,5.701,9.416562936172835e-06
7401,747.6604012400003,5.9132,9.410536903703676e-06
7402,747.7551990740003,6.8973,9.40447031302466e-06
7403,747.8500228040002,5.9524,9.398609400370368e-06
7404,747.9461365460002,5.9418,9.392753970617291e-06
7405,748.04203177,6.8329,9.386836372098761e-06
7406,748.1385464519999,6.0674,9.380909698641931e-06
7407,748.2341383440007,4.8304,9.374956662654316e-06
7408,748.3307600400003,6.6796,9.369047853888896e-06
7409,748.4279656140006,5.693,9.363089465925923e-06
7410,748.5270142710006,6.0903,9.35708235864195e-06
7411,748.6233863349999,5.602,9.350979885678968e-06
7412,748.7190996310001,6.1668,9.345023674753089e-06
7413,748.8161560870003,6.5196,9.339111391049366e-06
7414,748.9132408169999,7.0269,9.33313103759258e-06
7415,749.0078165519999,5.4004,9.327138833148158e-06
7416,749.102608274,6.2716,9.321282346111077e-06
7417,749.1977563730006,5.7985,9.315448998209875e-06
7418,749.2879588700007,6.3614,9.309573664197529e-06
7419,749.3821393090002,5.484,9.304020939135782e-06
7420,749.4779843810002,6.0118,9.298183239999991e-06
7421,749.5723083080002,5.5983,9.292268589999964e-06
7422,749.6676900420007,6.1649,9.286442877345686e-06
7423,749.7632096960006,6.2306,9.280565227345672e-06
7424,749.8585977910006,6.091,9.274670448333295e-06
7425,749.9532158050006,6.7625,9.26876961493825e-06
7426,750.0500290690006,5.2227,9.262936793395032e-06
7427,750.1437497830002,3.2496,9.256972187530843e-06
7428,750.2419107040005,6.2378,9.251160082654332e-06
7429,750.3395965090003,6.4306,9.245129282222188e-06
7430,750.4366320489999,5.3086,9.23910209969136e-06
7431,750.532892278,5.409,9.233096107036993e-06
7432,750.629875089,5.9592,9.227153202222227e-06
7433,750.7241731690001,4.8187,9.221167646604912e-06
7434,750.8200049500001,5.2998,9.215340107222215e-06
7435,750.916969115,5.9357,9.20943286197531e-06
7436,751.0145810439999,6.0449,9.20343843808642e-06
7437,751.1112070790005,4.5256,9.197420772345677e-06
7438,751.208499243,6.2086,9.191452768765413e-06
7439,751.3046576750003,6.3636,9.185455530678998e-06
7440,751.4017369950006,6.2421,9.17952004685183e-06
7441,751.4983223170002,6.5881,9.173522792283912e-06
7442,751.594885517,6.3112,9.167562359876503e-06
7443,751.691740188,6.0934,9.161604935802476e-06
7444,751.7875470830004,6.0265,9.155634474753094e-06
7445,751.8815067080004,5.6645,9.149701377160503e-06
7446,751.9751626420002,5.646,9.143900367530873e-06
7447,752.0722782850007,5.2009,9.138114714012347e-06
7448,752.1684520590006,5.4797,9.132129935432104e-06
7449,752.2654450919999,6.0999,9.126190629444415e-06
7450,752.3629964990005,6.2376,9.120215405864208e-06
7451,752.4583217500003,6.167,9.11419540858024e-06
7452,752.5535060330003,6.3004,9.108300977098755e-06
7453,752.6514269560003,6.3521,9.102422957839512e-06
7454,752.7470660500003,4.7003,9.096384196851815e-06
7455,752.8421782550004,5.9946,9.090479391913537e-06
7456,752.9402827479998,6.387,9.08460717537034e-06
7457,753.0334471830001,5.0936,9.07855733043208e-06
7458,753.1309227900001,5.7231,9.072788919567903e-06
7459,753.2264915380001,7.0382,9.06679529925924e-06
7460,753.324113572,5.2314,9.060870495370327e-06
7461,753.4208506069999,5.3332,9.05485027876542e-06
7462,753.5187329549999,5.4701,9.048883551358029e-06
7463,753.614838474,6.2481,9.042852031913562e-06
7464,753.7090624890006,4.6734,9.036920994074055e-06
7465,753.8048936559999,5.0418,9.031089093518525e-06
7466,753.8998248500002,5.7452,9.02518997666667e-06
7467,753.9966947020002,5.7731,9.019311732222207e-06
7468,754.0952487740005,5.7285,9.013328376049351e-06
7469,754.1915252950002,6.0962,9.007241389259252e-06
7470,754.2883884030007,5.7339,9.001300859876504e-06
7471,754.3847556720002,6.2533,8.995328323518476e-06
7472,754.4818619260004,5.9058,8.989390492901194e-06
7473,754.5778320720001,5.4532,8.983401304382688e-06
7474,754.6720693289999,4.529,8.97746543111107e-06
7475,754.7684277360004,6.2063,8.971650563827145e-06
7476,754.864689088,6.7664,8.96571263432095e-06
7477,754.9619087450001,5.613,8.959762432716029e-06
7478,755.0577149010005,6.5568,8.953758983024679e-06
7479,755.1539915460007,4.8311,8.947849327530854e-06
7480,755.250724042,5.819,8.941904904567883e-06
7481,755.3463900390007,5.7963,8.935927117839487e-06
7482,755.4418583050001,5.2908,8.930014835370382e-06
7483,755.538612116,6.5997,8.924130560185179e-06
7484,755.633452696,4.3666,8.918163087901233e-06
7485,755.7296286850005,6.5493,8.912298910493822e-06
7486,755.8265916070004,5.3837,8.906371729259249e-06
7487,755.9237715030004,5.0647,8.900398749814776e-06
7488,756.0213607149999,6.2759,8.894391197839491e-06
7489,756.118684137,5.8072,8.888362010802442e-06
7490,756.2138085209999,6.2489,8.882353397407372e-06
7491,756.3070866830003,6.2041,8.876477529999961e-06
7492,756.403154693,6.2016,8.870717007037027e-06
7493,756.4997909230005,6.1506,8.864790835678989e-06
7494,756.5979235310006,6.0174,8.85881906703701e-06
7495,756.6943898310001,6.5717,8.852774105864204e-06
7496,756.7917034540005,5.1657,8.84681915623456e-06
7497,756.888320772,5.4146,8.840823212839505e-06
7498,756.9880408210001,6.4072,8.83484442635799e-06
7499,757.0859282720003,6.0492,8.828688825555508e-06
7500,757.180807402,4.9251,8.822642511975315e-06
7501,757.2766023430004,5.7587,8.816772919567879e-06
7502,757.3715056090005,5.7745,8.8108772025926e-06
7503,757.4664757400005,3.7592,8.805008019691324e-06
7504,757.560139618,6.4839,8.7991597376543e-06
7505,757.6532483700003,5.1135,8.793365495370337e-06
7506,757.7499755449999,5.5881,8.78760627592592e-06
7507,757.8471832840005,6.139,8.781650732345648e-06
7508,757.9435148420007,5.4802,8.775653450185178e-06
7509,758.0398436450005,5.9509,8.769711235925932e-06
7510,758.1362533770007,5.5212,8.763757955617275e-06
7511,758.2310961100002,6.4674,8.757807582777743e-06
7512,758.3268341640005,5.7246,8.751946482037022e-06
7513,758.4240762930003,6.3909,8.746037823333342e-06
7514,758.5196816940006,5.5447,8.740042584197539e-06
7515,758.6151600880003,7.0159,8.734139509814792e-06
7516,758.7094480920005,5.4361,8.728245544012332e-06
7517,758.8059035010001,5.9851,8.72242068604936e-06
7518,758.9018373429999,4.7194,8.716463556913567e-06
7519,759.000180821,6.7266,8.710544162098766e-06
7520,759.0953633380004,5.6751,8.704487969691321e-06
7521,759.1894235059999,3.8244,8.698591428580227e-06
7522,759.2852540760005,6.2748,8.692781890925927e-06
7523,759.3812509200006,5.8149,8.686881802037017e-06
7524,759.4799898640003,5.8024,8.680971787222219e-06
7525,759.5754403260007,6.0425,8.674879346419718e-06
7526,759.6705016189999,7.1809,8.668949047037017e-06
7527,759.7647711939999,5.1619,8.6630983880864e-06
7528,759.8596090340006,4.2949,8.657286654753066e-06
7529,759.9571551449999,5.6256,8.651428256975303e-06
7530,760.0544389420002,5.3117,8.645418561604912e-06
7531,760.1524190580003,6.1622,8.63941098240738e-06
7532,760.2505152510003,6.0301,8.6333674916049e-06
7533,760.3470415480006,5.0628,8.627308215493796e-06
7534,760.4424167710004,5.1759,8.621342237098745e-06
7535,760.5371923350003,5.1863,8.615449654629643e-06
7536,760.6331121740004,6.1784,8.60960839339503e-06
7537,760.7287815200007,5.583,8.603691475061709e-06
7538,760.8248437000002,5.6966,8.59778099438267e-06
7539,760.9229518729999,6.0803,8.591849839876547e-06
7540,761.0219859670005,6.3984,8.585787952962936e-06
7541,761.1186619569999,6.0437,8.57969060265431e-06
7542,761.2164842830007,6.2661,8.573706194074083e-06
7543,761.31268542,4.9844,8.567669881851859e-06
7544,761.4094810710003,6.351,8.561723340802435e-06
7545,761.5063544980003,5.6349,8.555758958827153e-06
7546,761.6031805050006,5.9498,8.549776285308608e-06
7547,761.6992812160006,5.8253,8.543804427654323e-06
7548,761.7938330659999,5.5342,8.537874635123422e-06
7549,761.888053271,4.9505,8.532039869814812e-06
7550,761.9849438090005,6.5946,8.526212065308632e-06
7551,762.0823642800005,6.2878,8.520239628271581e-06
7552,762.1783392450006,5.286,8.514228921851808e-06
7553,762.2733702320002,5.3373,8.508307785555525e-06
7554,762.3702907910001,5.84,8.502431179135784e-06
7555,762.4674603220001,5.529,8.496457105555538e-06
7556,762.5580532980002,5.845,8.49045080802468e-06
7557,762.655424566,5.6245,8.484880166049353e-06
7558,762.753422928,6.2034,8.478850437283914e-06
7559,762.8500120830004,5.526,8.472810828456778e-06
7560,762.9453115800006,4.7687,8.466843285370351e-06
7561,763.041564952,6.0563,8.460958258518492e-06
7562,763.1370275300005,6.4611,8.455022450061734e-06
7563,763.2348400780002,5.8746,8.44911868814815e-06
7564,763.3302839819999,5.4668,8.443088624691353e-06
7565,763.4252629370003,5.5877,8.437191313148141e-06
7566,763.5226558060003,6.2467,8.431329801604942e-06
7567,763.617864025,5.6489,8.425316452345656e-06
7568,763.7145607480006,5.8786,8.419436339506126e-06
7569,763.8122451730005,5.4357,8.413482709876503e-06
7570,763.9083276430001,5.7613,8.407450494938241e-06
7571,764.0021458800002,5.6469,8.40152247425926e-06
7572,764.0955190550003,5.575,8.395709348950575e-06
7573,764.1913650240003,5.084,8.389950952222209e-06
7574,764.2871740850005,4.5521,8.384033114135758e-06
7575,764.3834979809999,5.6962,8.378109577469118e-06
7576,764.4812265030005,5.6277,8.372171428827136e-06
7577,764.5772332010001,5.062,8.366139720678973e-06
7578,764.6705217400004,5.6543,8.360218829876531e-06
7579,764.7652923820006,6.3215,8.35444672049382e-06
7580,764.8605922460001,5.2206,8.348611245864174e-06
7581,764.9547651470002,6.0121,8.3427372550617e-06
7582,765.0512917390006,5.8916,8.336905757962959e-06
7583,765.1485196950007,5.8195,8.330956606975277e-06
7584,765.2431160850001,6.0136,8.324969807901239e-06
7585,765.3389609340002,6.4445,8.319103525370369e-06
7586,765.4349257960002,6.0474,8.313191435864204e-06
7587,765.5315864170007,5.8833,8.307274193395059e-06
7588,765.6264225160003,3.274,8.301317848888884e-06
7589,765.7210706320002,4.2201,8.29544575364196e-06
7590,765.8150686240006,5.9687,8.289614168086385e-06
7591,765.9126189600001,5.8313,8.283801351913551e-06
7592,766.0069480190004,5.5565,8.277794663765437e-06
7593,766.1039509510001,6.8658,8.271955337407372e-06
7594,766.2011677179999,4.6051,8.265981189814803e-06
7595,766.2993362920006,6.8279,8.259980169938258e-06
7596,766.3959732460007,5.8906,8.253920159814799e-06
7597,766.4899311070003,5.3696,8.247940073827153e-06
7598,766.5857270249999,6.3401,8.242145411728403e-06
7599,766.6816700680001,5.9469,8.236235665493792e-06
7600,766.7796826260001,6.0417,8.230316863333304e-06
7601,766.8748296970007,5.2151,8.224274526913539e-06
7602,766.9684415210004,4.8284,8.218383127469103e-06
7603,767.0646085409999,6.9714,8.21260036895059e-06
7604,767.1610115020003,5.5367,8.206669398703659e-06
7605,767.2558686800003,5.965,8.200719909012345e-06
7606,767.3510069660006,5.1421,8.194860830432093e-06
7607,767.4468331950002,5.5017,8.188998906172835e-06
7608,767.5445331090004,6.0398,8.18307853919752e-06
7609,767.6400702420005,4.9937,8.177040427222205e-06
7610,767.7360314460002,5.7822,8.17114127617285e-06
7611,767.8328203420006,6.4324,8.165230134814794e-06
7612,767.9311430739999,6.3142,8.159251062407403e-06
7613,768.028906478,5.4225,8.1531816034568e-06
7614,768.1263671840006,6.4677,8.147152907345678e-06
7615,768.2223834229999,7.157,8.141130284444432e-06
7616,768.31800974,5.6292,8.13521218043206e-06
7617,768.4131436790003,5.4983,8.129301333456784e-06
7618,768.5081514430003,5.8082,8.123432537962922e-06
7619,768.6041432660004,5.7601,8.117575943888873e-06
7620,768.7012618130002,6.0843,8.111656811975304e-06
7621,768.7967424550006,6.0065,8.105657072407363e-06
7622,768.8913324690002,6.6312,8.099746839814792e-06
7623,768.9876416860006,5.8612,8.093912377160473e-06
7624,769.0851076500003,6.44,8.087964162345663e-06
7625,769.1801377450001,5.876,8.081957137222184e-06
7626,769.2726640440005,3.9737,8.076090534382724e-06
7627,769.3660596480004,6.373,8.070372849876528e-06
7628,769.4618874650005,5.7556,8.064611377160502e-06
7629,769.5580541610007,5.8483,8.058709551790084e-06
7630,769.6552585469999,6.0821,8.052776130123418e-06
7631,769.7506165920004,6.0578,8.046760452530855e-06
7632,769.846370411,5.4167,8.040868187839479e-06
7633,769.942342116,4.567,8.034965426172846e-06
7634,770.0384505000002,5.6219,8.029042137345644e-06
7635,770.1350523680003,5.6515,8.02310351592591e-06
7636,770.2306417340005,5.0649,8.017139817469132e-06
7637,770.3270738020001,5.861,8.011243239197491e-06
7638,770.4233609339999,5.5829,8.00529432345678e-06
7639,770.5163548930004,4.3052,7.999348784012316e-06
7640,770.611458544,5.6879,7.993583273827154e-06
7641,770.7084789660003,6.7101,7.987737758518488e-06
7642,770.8045615950005,6.2264,7.981753253641977e-06
7643,770.9024054880001,6.171,7.975804061419762e-06
7644,770.9992510680004,6.7873,7.969777247098764e-06
7645,771.0960188240006,6.326,7.963797341111067e-06
7646,771.1929262459998,5.525,7.957828873641964e-06
7647,771.2901947370001,6.3636,7.95184573759259e-06
7648,771.3878096030003,6.608,7.945837090740743e-06
7649,771.4849987140005,6.8333,7.93982752358025e-06
7650,771.5816733660004,5.3829,7.933816581666636e-06
7651,771.6775046789999,5.9872,7.927852335432096e-06
7652,771.7749335369999,6.4739,7.921920949444412e-06
7653,771.8723067179999,5.9743,7.915921414259243e-06
7654,771.9683101540004,5.6751,7.909912316111073e-06
7655,772.0636611560003,5.6972,7.903973357469124e-06
7656,772.1613850869999,5.5939,7.898090902777755e-06
7657,772.2590108240001,6.8428,7.892059365802445e-06
7658,772.3551795640005,5.9452,7.886030819567908e-06
7659,772.4502706399999,4.8928,7.880096979691326e-06
7660,772.547107765,5.7494,7.874223379382706e-06
7661,772.6373030109999,6.589,7.868250881790096e-06
7662,772.7344783500002,5.7667,7.862695811111081e-06
7663,772.8322165190002,5.0106,7.856689634197522e-06
7664,772.9283563859999,5.5337,7.850647124197491e-06
7665,773.0225508800004,6.0329,7.844709670246876e-06
7666,773.1183671500003,5.8214,7.83889927395059e-06
7667,773.209592106,6.3134,7.832990786358007e-06
7668,773.3078056880004,4.8178,7.827369186543198e-06
7669,773.4039903660005,5.9331,7.821294733333295e-06
7670,773.500219515,6.5192,7.81534668462961e-06
7671,773.5949702690004,6.7351,7.809418415802466e-06
7672,773.6894975240002,5.5619,7.803561644074064e-06
7673,773.7846223300003,6.2209,7.797735342098722e-06
7674,773.8794846999999,5.8694,7.791863637530867e-06
7675,773.9751182270002,6.268,7.786007071111068e-06
7676,774.069800325,4.9098,7.780114427530827e-06
7677,774.1668869370005,6.5593,7.774250633888864e-06
7678,774.2625701510005,5.4706,7.768269316296273e-06
7679,774.3594201610003,6.1686,7.762343594876548e-06
7680,774.4574167740002,6.2829,7.756387467407417e-06
7681,774.5515976790002,6.7014,7.750347906543215e-06
7682,774.6480770369999,5.8429,7.74449995777778e-06
7683,774.7429442880002,5.6551,7.738566781913564e-06
7684,774.8407077669999,5.5044,7.732702151790117e-06
7685,774.9374286170005,6.0821,7.726682285000003e-06
7686,775.035273337,5.5257,7.720694566543202e-06
7687,775.1309821800005,5.5718,7.714647537777748e-06
7688,775.2240547760002,5.4529,7.70873945987654e-06
7689,775.3197058880005,6.0881,7.70299718845679e-06
7690,775.4150073950004,5.7978,7.69709930246914e-06
7691,775.5109411869998,6.276,7.691217703086406e-06
7692,775.607257574,5.726,7.685295851913538e-06
7693,775.7041985599999,6.5562,7.679351810061686e-06
7694,775.8006217700004,5.8462,7.673372525061696e-06
7695,775.8952806030002,5.822,7.667426366172797e-06
7696,775.9896491270001,6.0356,7.661580261604928e-06
7697,776.0854435179999,4.6596,7.655742955308642e-06
7698,776.1806555020003,6.2247,7.649833927530831e-06
7699,776.2754220490006,6.5405,7.64395555623454e-06
7700,776.3695544110005,6.2575,7.638111049938273e-06
7701,776.4656008290003,6.5915,7.632289941111087e-06
7702,776.5622975820006,6.8611,7.626370387901216e-06
7703,776.6584347900007,6.7265,7.620409947530843e-06
7704,776.7546069700002,6.0745,7.614477053209868e-06
7705,776.8446768150006,6.4187,7.608535709567904e-06
7706,776.9410641740005,6.7173,7.602982123209845e-06
7707,777.0386039670002,6.1534,7.597016265370338e-06
7708,777.1347219500003,6.0275,7.5910040965432084e-06
7709,777.2313597580005,5.3334,7.5850662538271166e-06
7710,777.3287044560002,5.8274,7.579101788827153e-06
7711,777.4247223820003,5.3674,7.57309964827157e-06
7712,777.5204986990002,5.2969,7.567162935185173e-06
7713,777.617576353,5.1504,7.561237096357993e-06
7714,777.7144106310006,4.3038,7.555259327098746e-06
7715,777.809029821,6.3892,7.549278700617263e-06
7716,777.9034709520001,5.4933,7.543428764259225e-06
7717,777.9999412820007,6.3576,7.537599240802445e-06
7718,778.0966644560003,6.2695,7.531657085617238e-06
7719,778.1950641379999,5.9536,7.525693012901203e-06
7720,778.2911166060003,6.0783,7.519615324320983e-06
7721,778.3849704519998,5.0467,7.513673137654292e-06
7722,778.4826184510002,6.9481,7.5078736362962585e-06
7723,778.5782167000007,5.8418,7.501867497345683e-06
7724,778.6744263660003,5.7155,7.495956901049378e-06
7725,778.7715888150005,6.3625,7.4900304416666624e-06
7726,778.8675916380007,5.5214,7.484020574629596e-06
7727,778.9644880140004,5.7265,7.478094367407374e-06
7728,779.0597968960001,6.0514,7.4721182856172415e-06
7729,779.1553367960005,5.7641,7.466225194444454e-06
7730,779.2529774860004,5.6788,7.460333641543172e-06
7731,779.3500878730001,6.3937,7.45431545253083e-06
7732,779.4458707610002,4.8657,7.448323340432062e-06
7733,779.5408230860003,6.1537,7.442402392098752e-06
7734,779.6356350740007,5.2043,7.436536126234545e-06
7735,779.7303946760003,5.573,7.430686143827165e-06
7736,779.8240558850002,5.7262,7.424830694629597e-06
7737,779.9201827920006,6.1418,7.419056412962971e-06
7738,780.0166986800004,4.92,7.413130405617258e-06
7739,780.1120546620004,5.0074,7.407164727716054e-06
7740,780.2091933090005,6.1871,7.401277721604921e-06
7741,780.3063191250003,6.063,7.395289733518484e-06
7742,780.4034299450004,5.6725,7.3892969064197295e-06
7743,780.4983692340002,6.1757,7.3832990830863815e-06
7744,780.5930052960002,4.9191,7.377425792901199e-06
7745,780.6899973509999,6.5929,7.371592389320958e-06
7746,780.7865855630007,6.0119,7.365612213086393e-06
7747,780.8853126889999,6.8134,7.359647821111104e-06
7748,780.9829596240006,5.3041,7.353535856666638e-06
7749,781.0811605130002,5.3209,7.347512254135791e-06
7750,781.1761567399999,5.7562,7.341456775925903e-06
7751,781.271457584,6.5469,7.33558393277774e-06
7752,781.3625038119999,5.88,7.329699521543193e-06
7753,781.4592612850001,5.9869,7.32410069209874e-06
7754,781.5573379719999,6.24,7.318118601666624e-06
7755,781.6559642279999,5.725,7.312068452098724e-06
7756,781.7503175050006,5.6475,7.305975812777782e-06
7757,781.8458148810005,6.4907,7.300134795061725e-06
7758,781.9426111370003,6.3647,7.294260284382703e-06
7759,782.0407207650005,5.7305,7.288285146234536e-06
7760,782.1362824830003,5.6115,7.282226010864202e-06
7761,782.2320398370002,5.7326,7.276318436481494e-06
7762,782.3284648469999,5.8132,7.2704204399382525e-06
7763,782.4261098530005,6.0681,7.264465539259235e-06
7764,782.5248871070007,5.6862,7.258439295864161e-06
7765,782.6219166860001,6.0782,7.25234546358024e-06
7766,782.716287446,3.6702,7.246356987777775e-06
7767,782.8102278200004,6.6903,7.2405241740123084e-06
7768,782.9067100500006,4.9691,7.234718414814789e-06
7769,783.0034062920004,6.4272,7.228769912716033e-06
7770,783.1002555200002,5.9798,7.2228049167283596e-06
7771,783.1948596960001,3.9931,7.216826242283959e-06
7772,783.2924586400004,6.7174,7.210973738456794e-06
7773,783.3892744100003,5.8754,7.204948208086421e-06
7774,783.4861795940005,6.6411,7.198974064320979e-06
7775,783.5822455580001,5.9298,7.193001054135806e-06
7776,783.6735744450007,6.4793,7.18706722499996e-06
7777,783.770591644,5.3544,7.181445060925879e-06
7778,783.8658146200005,5.7518,7.175448119629597e-06
7779,783.9618816120001,5.5303,7.169568023950607e-06
7780,784.056525985,4.2994,7.163633491666666e-06
7781,784.1525222630007,5.7628,7.157776988456754e-06
7782,784.2505861360005,6.9275,7.151863013580251e-06
7783,784.3486614009998,6.1928,7.145811062839503e-06
7784,784.4436171990001,5.7657,7.13976525049379e-06
7785,784.5395790470002,5.1986,7.13389017796297e-06
7786,784.634406786,5.5741,7.127970747654295e-06
7787,784.7307374170005,5.1243,7.122114613580211e-06
7788,784.8248575650005,5.5437,7.116176497036991e-06
7789,784.9216792530005,4.8484,7.110359724629628e-06
7790,785.0176908150006,4.1484,7.10439948006173e-06
7791,785.1153317920007,6.0955,7.098464046851821e-06
7792,785.2136977620003,6.0856,7.09243074925926e-06
7793,785.311067828,6.5982,7.086351998580226e-06
7794,785.4089031880003,6.4053,7.080345114876552e-06
7795,785.5063724380007,6.056,7.074307507901207e-06
7796,785.603764513,5.9756,7.0682806951851865e-06
7797,785.6990443280001,6.3193,7.062289075432055e-06
7798,785.7942069139999,5.7842,7.05639935537038e-06
7799,785.8851004540002,6.2578,7.0505292148765054e-06
7800,785.9812426400003,5.6649,7.04492994104935e-06
7801,786.0777620230001,4.1759,7.038974377222213e-06
7802,786.1755503510003,5.0977,7.0330252355555515e-06
7803,786.272970727,5.63,7.0269979009876415e-06
7804,786.3649272080002,5.6218,7.0209850635184815e-06
7805,786.4612758570001,5.7264,7.015305201049371e-06
7806,786.5579298190005,5.5466,7.009342362098775e-06
7807,786.6544689040002,5.3832,7.003391053086422e-06
7808,786.7520730270007,5.7399,6.997426868271567e-06
7809,786.8464903100003,5.5008,6.991398455308607e-06
7810,786.9437319280005,6.337,6.98556483938268e-06
7811,787.0417405980006,5.1891,6.979574720617277e-06
7812,787.1388532649999,6.2454,6.973518768333332e-06
7813,787.2345706220003,4.9451,6.9675277773456674e-06
7814,787.3319562940005,6.3596,6.961607694135786e-06
7815,787.4273888050002,6.5701,6.955607418395055e-06
7816,787.5227590160002,5.8683,6.949708270987665e-06
7817,787.6201635370007,4.7086,6.943819700185162e-06
7818,787.7174825279999,6.4654,6.93781042722223e-06
7819,787.812401352,6.4716,6.931803404999987e-06
7820,787.9112401370003,6.1284,6.9259444899382406e-06
7821,788.0090044280005,6.0327,6.919855315678986e-06
7822,788.1061588960001,6.4509,6.9138193009876225e-06
7823,788.2020644069999,5.1269,6.907816463333322e-06
7824,788.2995191560003,5.8263,6.9018944999382326e-06
7825,788.3980318940003,5.5961,6.895887203271584e-06
7826,788.4934643160004,4.032,6.889808721604912e-06
7827,788.5886192050002,5.6315,6.883898582469095e-06
7828,788.683315972,5.1796,6.8780264942592546e-06
7829,788.7796444720007,5.6909,6.872190168518511e-06
7830,788.8762620610005,5.5781,6.866248176728352e-06
7831,788.9737557510007,5.3761,6.860282699197534e-06
7832,789.0693511670006,5.7728,6.854263600678984e-06
7833,789.1655889490003,5.2623,6.848363599999996e-06
7834,789.261992795,5.7224,6.842418627777786e-06
7835,789.3582159080006,4.995,6.836464101790097e-06
7836,789.4564488980004,6.0564,6.830518756913551e-06
7837,789.5527330069999,5.9682,6.8244637625308695e-06
7838,789.6484620380006,4.2575,6.818523028518492e-06
7839,789.7445485640001,6.3447,6.812612447962957e-06
7840,789.839569793,6.2133,6.806673175679007e-06
7841,789.9365989580001,6.323,6.800806489691353e-06
7842,790.0330845810004,5.7372,6.7948350599999715e-06
7843,790.1291613460007,6.332,6.788876607222194e-06
7844,790.2233907469999,5.5581,6.78293694141971e-06
7845,790.3174131900005,5.391,6.777117597037003e-06
7846,790.4145320450007,6.5476,6.771320327530861e-06
7847,790.5109241200007,5.9709,6.765332819753062e-06
7848,790.6066368500005,3.6958,6.759373260061741e-06
7849,790.7008451970005,5.8243,6.753460577716047e-06
7850,790.7985024230002,6.0775,6.7476456598765115e-06
7851,790.8945845180006,5.2016,6.741623536358033e-06
7852,790.9912815670004,6.4405,6.735682724814824e-06
7853,791.0882446140004,5.3299,6.72971969907405e-06
7854,791.1840409060005,5.3256,6.723736460123437e-06
7855,791.2806622610005,6.4163,6.7178117874074135e-06
7856,791.3763079979999,6.2106,6.711851809814779e-06
7857,791.4741517210005,5.8027,6.705950565679015e-06
7858,791.5705982280006,5.4219,6.699925377283933e-06
7859,791.6665951270006,5.2361,6.693952771172829e-06
7860,791.761855836,6.5582,6.688026379876511e-06
7861,791.8577772160006,5.4768,6.682152540555547e-06
7862,791.95347141,4.1947,6.67622785728394e-06
7863,792.0500865700005,6.6122,6.670328875864157e-06
7864,792.144884884,4.3772,6.664361609814812e-06
7865,792.242192099,5.2654,6.6585125425925985e-06
7866,792.3379962300005,5.2801,6.6525192422839165e-06
7867,792.4348325290002,5.364,6.64659915543207e-06
7868,792.5293253520003,5.3472,6.640617307901231e-06
7869,792.6219012730007,4.1737,6.634778011296272e-06
7870,792.7192039970005,6.1853,6.629053141111097e-06
7871,792.8163993440003,6.7138,6.623059838888884e-06
7872,792.9105848190002,4.9477,6.617062579382688e-06
7873,793.0074949600003,6.1999,6.611233691111113e-06
7874,793.1033184650005,7.0188,6.6052744149382565e-06
7875,793.1981998040001,5.8537,6.5993370280863945e-06
7876,793.2940622360002,5.4658,6.593485203148131e-06
7877,793.3919405920005,5.562,6.5875789574073805e-06
7878,793.489519232,6.1234,6.5815395314197285e-06
7879,793.5863307170002,5.9521,6.575506762469108e-06
7880,793.6813018700004,6.3908,6.56953040185182e-06
7881,793.776841113,5.6133,6.563672404753069e-06
7882,793.8747027150002,6.6265,6.557782197839491e-06
7883,793.9700303740001,6.0363,6.551728612283925e-06
7884,794.0664443250007,6.4111,6.545834886604907e-06
7885,794.1622927420003,5.7341,6.53990315672835e-06
7886,794.261026145,6.3448,6.533982740493794e-06
7887,794.3609100809999,6.2843,6.527883872407375e-06
7888,794.4580933690004,4.8091,6.521731924074037e-06
7889,794.5511842000005,3.9514,6.515718840864177e-06
7890,794.6472752810005,6.7115,6.509962433333328e-06
7891,794.7421857150002,5.706,6.504051522222226e-06
7892,794.8383555760001,6.198,6.498179474320964e-06
7893,794.9349988530003,6.6334,6.492252071419741e-06
7894,795.0319927970004,5.2705,6.486284304012341e-06
7895,795.1285962920001,6.5375,6.480297444629601e-06
7896,795.2266272289999,5.6078,6.4743328442592625e-06
7897,795.3228942200003,6.3866,6.46828348111111e-06
7898,795.4180682380002,5.4443,6.462333715185137e-06
7899,795.5135224390006,5.6868,6.4564577093209735e-06
7900,795.612810777,6.4799,6.450555082283921e-06
7901,795.7095312790007,5.8775,6.44444156419754e-06
7902,795.8066822430001,5.2074,6.438472589444405e-06
7903,795.9045794840004,6.2414,6.432481180925909e-06
7904,796.0028480500005,6.0533,6.426429117654276e-06
7905,796.1028931179999,6.6089,6.420358965740742e-06
7906,796.2008566089999,6.3495,6.414177550432104e-06
7907,796.298976475,6.336,6.408134630802448e-06
7908,796.3952015740006,5.5291,6.4020756235185e-06
7909,796.4856764030001,5.839,6.396138539197538e-06
7910,796.5826270380003,5.2086,6.390572099753067e-06
7911,796.6778945060005,4.881,6.3845684312345385e-06
7912,796.7752988339998,6.1989,6.378693856419754e-06
7913,796.8703931979999,6.0845,6.372689573827134e-06
7914,796.9610974269999,6.7181,6.366802291975288e-06
7915,797.0587768840005,5.4173,6.361224172654284e-06
7916,797.1525791230006,5.9973,6.3551867875308595e-06
7917,797.2473920820003,4.5294,6.3493841176543e-06
7918,797.3444733450006,5.8702,6.3435292762345386e-06
7919,797.4418296780004,6.4076,6.337551304444406e-06
7920,797.539730986,5.6217,6.331542710185157e-06
7921,797.6378139520002,5.7299,6.325498023086396e-06
7922,797.7345987830004,5.1845,6.31944419913576e-06
7923,797.8311709930003,6.5952,6.313461171419721e-06
7924,797.9274221310006,4.6495,6.30750472450613e-06
7925,798.0245659540005,5.5257,6.301559980123462e-06
7926,798.1197984890005,5.6831,6.295569981234567e-06
7927,798.2162338360004,6.6478,6.289677831790092e-06
7928,798.3116478770007,5.4022,6.283735774691363e-06
7929,798.4100788960004,5.1334,6.277849004444436e-06
7930,798.5081801260003,5.5835,6.271786133024649e-06
7931,798.6081850529999,6.7161,6.265719780802459e-06
7932,798.7047070839999,5.9721,6.259553816851816e-06
7933,798.8020670490005,5.9704,6.253574411604895e-06
7934,798.8958717430005,6.4453,6.247578992592601e-06
7935,798.9930733050005,6.2494,6.241779671543185e-06
7936,799.0883335100007,4.1672,6.235791607469138e-06
7937,799.1841950260005,6.1576,6.229898256543199e-06
7938,799.2824395739999,5.9457,6.22398459086419e-06
7939,799.3747617990002,6.0621,6.217936162222177e-06
7940,799.4732037740005,6.7281,6.212225554012335e-06
7941,799.5694689749998,5.2919,6.206151987962922e-06
7942,799.6640177489999,5.5133,6.200197140432085e-06
7943,799.7595208040002,5.6465,6.194349683641976e-06
7944,799.8553358110003,5.3659,6.188473687530849e-06
7945,799.9509232810005,5.8224,6.18255708037036e-06
7946,800.0474133990001,5.9205,6.176659013518521e-06
7947,800.1443198710003,6.6483,6.170707512283958e-06
7948,800.2411431240007,4.4969,6.164721554691316e-06
7949,800.3373700709999,5.7704,6.158738489506177e-06
7950,800.4301673979999,5.1952,6.152802919135764e-06
7951,800.5274901450002,6.1497,6.147061981666668e-06
7952,800.6232407610005,4.8134,6.1410674472221875e-06
7953,800.7173716520001,5.4951,6.1351552564814565e-06
7954,800.8125047410003,4.052,6.129339426728353e-06
7955,800.9088911220006,6.2907,6.123469880678978e-06
7956,801.0072003780006,5.7941,6.117527381604898e-06
7957,801.103897602,4.8319,6.111461034814808e-06
7958,801.2016163730004,6.6985,6.105488503395057e-06
7959,801.2988754850003,5.9151,6.099468070185172e-06
7960,801.3956080730004,6.1554,6.0934520269752886e-06
7961,801.4927475650002,5.9331,6.087481787160498e-06
7962,801.5896644270006,5.7144,6.081486327716057e-06
7963,801.6854821900006,5.6556,6.075498458888851e-06
7964,801.7822634130007,5.6693,6.069581614876518e-06
7965,801.8793166149999,5.8472,6.063611324444413e-06
7966,801.9740656950007,5.6445,6.057624554444452e-06
7967,802.0706622960006,4.9808,6.051767626790089e-06
7968,802.1653480100003,3.9657,6.045815191234544e-06
7969,802.262548959,4.7442,6.039947548456776e-06
7970,802.3573115859999,5.7361,6.033964212037019e-06
7971,802.4524113940006,5.1989,6.02810866407405e-06
7972,802.5485942980004,6.2618,6.022249570370364e-06
7973,802.644825976,5.5401,6.016306061666666e-06
7974,802.7390498740006,5.7246,6.0103762061110904e-06
7975,802.8323239480005,3.7018,6.004547292469104e-06
7976,802.9266420820004,6.5958,5.998783234814803e-06
7977,803.0224987740003,5.0305,5.992970573703683e-06
7978,803.119376615,4.5734,5.9870628243827e-06
7979,803.2170413439999,6.1268,5.981074734691327e-06
7980,803.3146727560006,6.4651,5.975041799691344e-06
7981,803.412187373,5.907,5.969005192654281e-06
7982,803.5039024460002,6.0845,5.962995789444409e-06
7983,803.6018838939999,6.0011,5.957347842469107e-06
7984,803.6972254030006,5.3942,5.951284607592555e-06
7985,803.7943083119999,5.8367,5.945391839629594e-06
7986,803.8931807019999,5.8082,5.939415222037048e-06
7987,803.9906132209999,6.0541,5.933316552839496e-06
7988,804.0866742180006,5.3103,5.927292125185191e-06
7989,804.1823910660005,5.8746,5.9213630943209585e-06
7990,804.2812016670005,5.7664,5.915443990061698e-06
7991,804.3766878060005,5.7488,5.90935848141973e-06
7992,804.4724743480001,5.8996,5.903454325617241e-06
7993,804.5683723170005,5.5768,5.8975455245678655e-06
7994,804.6591915730005,5.8327,5.891629607222227e-06
7995,804.7560569800007,5.8907,5.886034112469124e-06
7996,804.8466385870006,5.7938,5.880042252716006e-06
7997,804.9434558829998,5.8348,5.87447459999999e-06
7998,805.0377162860004,6.2814,5.868472761851845e-06
7999,805.1331150599999,5.8848,5.862650963086413e-06
8000,805.2289899360003,6.4696,5.856771431728397e-06
8001,805.324432376,5.6126,5.850846169753061e-06
8002,805.4196722900006,5.2508,5.844953213209853e-06
8003,805.5157374010005,5.8082,5.839076965246898e-06
8004,805.6121306730001,6.4666,5.833155324382716e-06
8005,805.7082961220003,5.9364,5.827191226975303e-06
8006,805.8008314650006,4.6121,5.821263079197526e-06
8007,805.8945717280003,5.8062,5.815542977654309e-06
8008,805.9883834110005,4.0974,5.809757087716006e-06
8009,806.0826358929999,6.6071,5.8039640130864215e-06
8010,806.1800450720002,5.7914,5.798154677654283e-06
8011,806.276227419,5.429,5.7921474997530475e-06
8012,806.3742337800004,6.2492,5.786189822901189e-06
8013,806.4735744180007,5.7942,5.780155977530865e-06
8014,806.571543946,6.2612,5.774023105061726e-06
8015,806.6692805110006,6.4282,5.76796528512345e-06
8016,806.7672914120003,4.9045,5.761945398888896e-06
8017,806.8642010820004,4.6243,5.755885536975292e-06
8018,806.9613345650005,5.4036,5.749900692592602e-06
8019,807.0596230210003,5.9352,5.743910172283939e-06
8020,807.1523012980006,6.639,5.737849002345663e-06
8021,807.2488263300002,5.9734,5.7321212069135434e-06
8022,807.344762402,5.4882,5.726152776790089e-06
8023,807.4375732010003,4.7767,5.720245643456784e-06
8024,807.5331893100001,6.4275,5.714508198456775e-06
8025,807.6301421779999,4.9941,5.708606030679009e-06
8026,807.7258365840007,6.3726,5.702627548456757e-06
8027,807.8230813360005,5.8429,5.696719702654329e-06
8028,807.9184010960007,5.2719,5.690716579999983e-06
8029,808.0138817350007,4.2501,5.684819100617267e-06
8030,808.110452035,6.3442,5.6789415945061656e-06
8031,808.2081111540001,6.0571,5.672981516358006e-06
8032,808.3058434250006,5.1357,5.6669532736419505e-06
8033,808.4023362320004,5.7895,5.660919134135761e-06
8034,808.4938345810006,6.1032,5.654954214012348e-06
8035,808.5919021260006,5.6103,5.649329669876529e-06
8036,808.6874784370002,5.6296,5.643256299382682e-06
8037,808.7829683240006,6.0015,5.637355660432103e-06
8038,808.8817544490003,6.5928,5.631463634012341e-06
8039,808.978445576,5.544,5.625382643333304e-06
8040,809.0767852380004,5.7257,5.619389696419736e-06
8041,809.1726063530004,4.6263,5.613338543024682e-06
8042,809.2690479960002,6.4729,5.607412200740697e-06
8043,809.3649321900002,6.4176,5.601469098209866e-06
8044,809.4609639999999,4.5044,5.595546609197521e-06
8045,809.5572118300006,5.89,5.589614685370326e-06
8046,809.653256476,6.2279,5.583677604259257e-06
8047,809.7480565330006,5.3255,5.577752265987646e-06
8048,809.8433150190003,5.6762,5.571885813827144e-06
8049,809.9377408010005,5.2437,5.5660125637036875e-06
8050,810.0316499520004,5.0267,5.56019093543208e-06
8051,810.1263869519998,6.3056,5.5543832050617086e-06
8052,810.2238140580002,6.0057,5.548546127654308e-06
8053,810.3198695350002,5.7957,5.5425338650617e-06
8054,810.4158417340004,5.7737,5.536590582345647e-06
8055,810.5112180330007,6.188,5.530663261296254e-06
8056,810.6021717180001,7.0017,5.524782197530842e-06
8057,810.6966881660001,5.0953,5.519190719382722e-06
8058,810.7916391280005,5.6455,5.513327790617278e-06
8059,810.8871185060007,6.023,5.507484076419761e-06
8060,810.9830407290001,6.5449,5.501581573271603e-06
8061,811.0812137700004,5.9187,5.4956531303086205e-06
8062,811.1777279920007,5.5692,5.489602760555535e-06
8063,811.2725659180005,5.1552,5.4836453172222245e-06
8064,811.3684621870007,6.9697,5.477793302283946e-06
8065,811.4659822390004,5.7244,5.471868873395031e-06
8066,811.5646797210002,6.1581,5.46585928654319e-06
8067,811.6616196020004,6.4101,5.45976164481477e-06
8068,811.7572013730005,6.0604,5.45377355265429e-06
8069,811.8548246999999,4.8175,5.447875591790136e-06
8070,811.9492435880002,3.3422,5.44185361814813e-06
8071,812.0466652149998,5.8504,5.43600562148146e-06
8072,812.1430869670003,5.7606,5.430007678148153e-06
8073,812.2385472410006,5.757,5.424062065370339e-06
8074,812.3348319860006,4.6237,5.418162378456754e-06
8075,812.4294882630002,5.4907,5.412212986666643e-06
8076,812.522017628,5.3937,5.406374731604913e-06
8077,812.6177825530003,6.8589,5.400650022901194e-06
8078,812.7124117160001,4.981,5.394762554876509e-06
8079,812.8080987110006,5.734,5.3889150910493845e-06
8080,812.9029001170002,6.4084,5.383011569012331e-06
8081,812.999292212,6.2011,5.377151751913572e-06
8082,813.0923369080001,4.7095,5.371207832839465e-06
8083,813.1883677570004,5.4404,5.365453341111093e-06
8084,813.2858265670002,5.6046,5.3595226636419585e-06
8085,813.3845501880005,6.1214,5.353509723209854e-06
8086,813.4785410009999,6.3933,5.347423812839469e-06
8087,813.5740081020003,5.5382,5.341612407098723e-06
8088,813.6705696919998,5.7066,5.335723665123421e-06
8089,813.7644611610003,5.8614,5.3297747614197095e-06
8090,813.8606042629999,6.1976,5.323972103765412e-06
8091,813.9583128200002,6.3288,5.318049774259243e-06
8092,814.0547957090002,4.8161,5.312008090185161e-06
8093,814.1509996470004,5.9805,5.306034143641958e-06
8094,814.2473860610007,6.2854,5.3001139572839254e-06
8095,814.3465420590001,6.3938,5.294146211111095e-06
8096,814.4415868000006,5.1237,5.288044895185151e-06
8097,814.5386928160005,6.195,5.2821661802469005e-06
8098,814.6351912,6.0107,5.276191229320965e-06
8099,814.7310573340001,5.9019,5.2702272909259e-06
8100,814.8296900579999,5.7246,5.26429790598763e-06
8101,814.9246220510004,5.1481,5.25821918487655e-06
8102,815.0199764570007,6.0219,5.252345120987645e-06
8103,815.1166240339999,5.8089,5.246469298518481e-06
8104,815.2143137450003,6.6151,5.24051307753084e-06
8105,815.3105571750002,5.9537,5.234474280185192e-06
8106,815.407621544,5.6538,5.228530938395049e-06
8107,815.5044629240001,6.2385,5.222549494321e-06
8108,815.6031111319999,6.2291,5.216567152962942e-06
8109,815.6989463380005,5.1309,5.210475660987646e-06
8110,815.7945857640007,5.384,5.204558182654296e-06
8111,815.8880480710004,4.7238,5.198659719629595e-06
8112,815.9836471520002,5.855,5.192881466296285e-06
8113,816.0781291540006,6.5413,5.186978356111111e-06
8114,816.1748169729999,5.7305,5.181148128518476e-06
8115,816.271422973,6.0866,5.175187388703712e-06
8116,816.3687323720005,6.0247,5.169214630802433e-06
8117,816.4645668580006,4.6477,5.163210096666654e-06
8118,816.5597832090007,4.9773,5.15729361487653e-06
8119,816.6571896080004,6.436,5.151402431543201e-06
8120,816.7527296570006,6.9062,5.145409601728368e-06
8121,816.84794444,6.2813,5.139511002654318e-06
8122,816.9423478680001,5.6702,5.133640607530843e-06
8123,817.0403337180005,6.3056,5.127792696851847e-06
8124,817.1369095930004,6.24,5.1217479074691155e-06
8125,817.2330064600001,6.3601,5.1157840880246725e-06
8126,817.3283741630003,4.5549,5.109862730308651e-06
8127,817.4249696440002,5.7217,5.103980320246915e-06
8128,817.5226885510001,5.4967,5.098007381728359e-06
8129,817.6183276750007,5.7701,5.091980114567874e-06
8130,817.7135798990003,5.0553,5.086075362839471e-06
8131,817.8098552420006,5.9688,5.080197026419719e-06
8132,817.9056988299999,6.0616,5.074256125617244e-06
8133,817.9992581340002,5.5343,5.068334588703705e-06
8134,818.096097398,5.7727,5.06254906580243e-06
8135,818.1919674600003,4.1629,5.056587401913537e-06
8136,818.2857296640004,4.5722,5.050653302654285e-06
8137,818.3824145080007,4.6752,5.044866967654299e-06
8138,818.478853736,6.5697,5.0389214950617325e-06
8139,818.5752552600006,4.9666,5.032948321358005e-06
8140,818.6711816070001,5.9202,5.027006379197508e-06
8141,818.7657883430002,5.9374,5.021089754382718e-06
8142,818.8587064140002,3.1659,5.015241563888862e-06
8143,818.9535412770001,6.49,5.009501130493788e-06
8144,819.0493463610001,5.4987,5.003660120432085e-06
8145,819.1444709370007,4.9428,4.997738065061708e-06
8146,819.2408261119999,5.2498,4.991858420308621e-06
8147,819.3393349320004,6.3372,4.98591341246914e-06
8148,819.4356357699999,5.9102,4.979856006172812e-06
8149,819.5308805089999,5.8267,4.9738997081481055e-06
8150,819.6263327249999,6.2032,4.968010517345645e-06
8151,819.717081844,5.8901,4.962128927283943e-06
8152,819.8144731120001,5.7739,4.956522572654276e-06
8153,819.9099678170005,4.094,4.9505128530863866e-06
8154,820.0061068570003,5.3777,4.944620415864209e-06
8155,820.1033208850004,4.6856,4.9386810498147805e-06
8156,820.1995702900003,5.3482,4.932681379814818e-06
8157,820.2963259440003,6.3821,4.926732766049369e-06
8158,820.3927039480004,5.9713,4.920770930925922e-06
8159,820.4883167560001,5.2963,4.91482586098766e-06
8160,820.583965498,6.3229,4.908912965679013e-06
8161,820.6798779979999,5.124,4.903004768271608e-06
8162,820.7771241190003,7.0898,4.897093577283946e-06
8163,820.8747356900003,6.7435,4.89109658080244e-06
8164,820.9704158700006,4.8984,4.885070595493835e-06
8165,821.0665488860004,5.9048,4.879156881111102e-06
8166,821.1611629650006,6.3005,4.873219588580247e-06
8167,821.2553882230004,5.4362,4.867379718950621e-06
8168,821.3510048880007,4.8926,4.861556835864162e-06
8169,821.4468207730006,6.4687,4.8556548425926e-06
8170,821.5410671899999,6.0859,4.849745442962938e-06
8171,821.6383422150002,6.3425,4.843927068333343e-06
8172,821.7334992510005,6.3871,4.837933519876498e-06
8173,821.8289898399998,6.0558,4.832052660617254e-06
8174,821.9242727890005,5.1887,4.826159012160458e-06
8175,822.0197403810007,6.1054,4.820271100246892e-06
8176,822.1096891490006,5.8431,4.814378121975299e-06
8177,822.2065022740007,6.9796,4.808857784691334e-06
8178,822.3030666510003,5.7524,4.802857657592585e-06
8179,822.398711885,5.3386,4.7968916040740555e-06
8180,822.4923365770001,5.1731,4.790992631666636e-06
8181,822.5885941290007,6.169,4.7852135419135465e-06
8182,822.6836259320007,5.5935,4.7792761753703675e-06
8183,822.7775296310001,2.9804,4.773409137160456e-06
8184,822.8746306420007,5.8667,4.767602368518526e-06
8185,822.9698317480006,5.779,4.761620716543197e-06
8186,823.0667594020006,5.5769,4.755724932530859e-06
8187,823.165235429,6.7329,4.749756832222185e-06
8188,823.2622992960005,5.9521,4.743679970061738e-06
8189,823.3586721920001,4.5928,4.737693576666635e-06
8190,823.4548410269999,4.9276,4.731736472037013e-06
8191,823.5521555129999,6.3935,4.7257960682098315e-06
8192,823.647104232,5.5434,4.719800479691361e-06
8193,823.7409402060002,5.3074,4.713939022345687e-06
8194,823.8357156749998,6.5434,4.7081351183950235e-06
8195,823.9305061120003,5.8126,4.702298482592549e-06
8196,824.027508919,6.2398,4.696429919691348e-06
8197,824.1240647459999,6.2965,4.690443239074055e-06
8198,824.2193163219999,5.8111,4.68448672919749e-06
8199,824.3155299270002,5.1911,4.678594160432054e-06
8200,824.409982532,5.9365,4.672663555432078e-06
8201,824.5062435330001,6.6844,4.666833414629607e-06
8202,824.6020904080005,6.2895,4.660893685370327e-06
8203,824.6971997850005,5.9759,4.654981629320992e-06
8204,824.792154322,6.464,4.649112326296296e-06
8205,824.8885096530003,6.0073,4.6432512259876435e-06
8206,824.9857048630001,5.8493,4.637308615987657e-06
8207,825.0823370730004,5.7974,4.631313474444399e-06
8208,825.1769238140005,5.005,4.625333419259259e-06
8209,825.2713390300005,5.4239,4.619493992592572e-06
8210,825.3681397030005,5.6893,4.613670076543186e-06
8211,825.4630316640005,4.4514,4.607709234320945e-06
8212,825.5602554690004,5.5572,4.6018184833950265e-06
8213,825.6593712640006,6.2012,4.59582752635801e-06
8214,825.7569532900006,5.0464,4.5897212913580016e-06
8215,825.8520047170005,5.2393,4.583698951913578e-06
8216,825.9467650740007,5.4708,4.577826974567883e-06
8217,826.0409608760001,6.7076,4.571962525185175e-06
8218,826.1358557160002,5.4001,4.566158270246923e-06
8219,826.2316138260003,6.5689,4.5603025981481415e-06
8220,826.3242761279998,5.966,4.554382166728388e-06
8221,826.4193799370005,5.785,4.548654699320976e-06
8222,826.5134569510001,6.0264,4.542805935925909e-06
8223,826.6099516190006,6.6872,4.536976630246903e-06
8224,826.7058065210003,5.9045,4.531036770617286e-06
8225,826.8016834529999,6.0354,4.525128231913567e-06
8226,826.8967939550002,5.665,4.519215392283904e-06
8227,826.9940816590006,5.3326,4.513321307469126e-06
8228,827.091253044,6.5354,4.5073225281481e-06
8229,827.188720442,5.7035,4.5013185636419376e-06
8230,827.2868673060002,5.9128,4.495304140617257e-06
8231,827.3848323460006,5.5857,4.489258377222183e-06
8232,827.4800077529999,6.1044,4.483215999814799e-06
8233,827.575293852,6.0641,4.477334655493793e-06
8234,827.6722428900002,6.2812,4.471444980925882e-06
8235,827.768105651,5.7043,4.465472140185189e-06
8236,827.8644061089999,5.4404,4.459542846975301e-06
8237,827.9622363980006,5.6782,4.453605697716023e-06
8238,828.0583966410004,6.6614,4.447569396049378e-06
8239,828.1517433990002,3.7359,4.441632533395068e-06
8240,828.2474533710001,5.3184,4.435847776975283e-06
8241,828.3440414740007,6.3319,4.429956858271561e-06
8242,828.440638739,5.0166,4.424000688148139e-06
8243,828.5375950960006,6.4248,4.418040556790099e-06
8244,828.6340300410002,6.5753,4.4120485133950676e-06
8245,828.7292323480006,5.6767,4.406092606296275e-06
8246,828.8263842710003,6.2188,4.4002139755555615e-06
8247,828.9217841660002,6.2133,4.394234573209876e-06
8248,829.0197084150004,6.4174,4.38833232907408e-06
8249,829.113653249,6.9887,4.3822955975308385e-06
8250,829.2097127030002,6.3918,4.376480104938252e-06
8251,829.3057091780001,5.3028,4.370570424259235e-06
8252,829.4022466530005,5.9576,4.3646335658024614e-06
8253,829.4965300479998,5.8982,4.358681654629615e-06
8254,829.5944130500002,5.8723,4.352851989382722e-06
8255,829.6912742250006,6.0708,4.346838530370328e-06
8256,829.7876482840002,6.21,4.340846718580255e-06
8257,829.885623188,6.2867,4.334893314444399e-06
8258,829.979978116,5.6612,4.32884953629627e-06
8259,830.0706360210006,6.3458,4.323009685864171e-06
8260,830.1654102140001,5.6841,4.317438080493835e-06
8261,830.2614156670006,6.4955,4.311566992777738e-06
8262,830.3527704580001,6.4471,4.305651834259228e-06
8263,830.4497140950007,5.3945,4.300010969999968e-06
8264,830.545220211,5.2212,4.2940273202468795e-06
8265,830.6421215250002,4.8683,4.288123151357998e-06
8266,830.738167343,5.6914,4.2821479958641885e-06
8267,830.832116302,4.9855,4.276211642283928e-06
8268,830.9283452810005,5.6727,4.2704095889505745e-06
8269,831.0231113959999,5.826,4.264478394506182e-06
8270,831.1181017190002,5.3354,4.258609160864197e-06
8271,831.2129790070003,5.329,4.252750719999965e-06
8272,831.3103937320002,6.589,4.2468993902469224e-06
8273,831.4068660510002,5.9749,4.24089755080247e-06
8274,831.502403427,4.6661,4.23493691592593e-06
8275,831.5988788470004,5.831,4.229030458950605e-06
8276,831.6952297160005,5.4587,4.2230887161110956e-06
8277,831.790719564,5.3871,4.217145967654296e-06
8278,831.887469794,6.1807,4.211233721111068e-06
8279,831.9826200960006,6.3348,4.205274558395039e-06
8280,832.0791419329998,5.4887,4.199392244999956e-06
8281,832.1703805110001,7.1644,4.193424625432102e-06
8282,832.2655793009999,6.0376,4.187817831851831e-06
8283,832.3629582430003,6.0954,4.181926108024664e-06
8284,832.4601217610007,5.7088,4.175929959691316e-06
8285,832.5551106760004,5.0223,4.169922350555522e-06
8286,832.6458992860007,6.211,4.164044784074072e-06
8287,832.7423997360002,4.3532,4.158469131728365e-06
8288,832.8360218120006,5.2071,4.152482583148143e-06
8289,832.931619467,6.1518,4.146718296728358e-06
8290,833.0306535270001,6.1335,4.140821035555542e-06
8291,833.1274830460006,4.1834,4.1347178602469e-06
8292,833.2220126210004,4.5563,4.128726146172823e-06
8293,833.3197206290006,5.8641,4.122881435185172e-06
8294,833.4155484550001,5.7605,4.116869134567885e-06
8295,833.513135057,5.5446,4.110938953580229e-06
8296,833.6108998170002,5.8604,4.1049209167283775e-06
8297,833.7041810730007,5.62,4.098886841728378e-06
8298,833.8003124090001,6.442,4.093116260185154e-06
8299,833.8937937780001,5.4719,4.0871999804320935e-06
8300,833.9831820150002,5.7238,4.081408110987639e-06
8301,834.0782438450005,5.3784,4.0759249013580085e-06
8302,834.1730448859998,5.7827,4.070031246975292e-06
8303,834.2687958010001,4.8012,4.064185151913552e-06
8304,834.3642846450002,5.9681,4.058265644691323e-06
8305,834.4612027359999,6.3144,4.052373042530822e-06
8306,834.5575483860002,6.583,4.0464008414197284e-06
8307,834.6518683100003,5.684,4.040454672839489e-06
8308,834.7465601880003,5.5642,4.034623879567872e-06
8309,834.8424387290006,6.1098,4.028773748580217e-06
8310,834.9408573179999,5.0157,4.022863213827121e-06
8311,835.0382423480005,6.1457,4.016788367469104e-06
8312,835.1354201250006,6.1562,4.010783524629602e-06
8313,835.2312250300001,5.8685,4.0047806474073966e-06
8314,835.3274354310006,6.2454,3.998858554074037e-06
8315,835.4224648230002,6.0612,3.992928815123437e-06
8316,835.5159594590004,5.8205,3.987061920678975e-06
8317,835.6123898230007,6.2166,3.9812767135802566e-06
8318,835.7100948970001,6.5103,3.975321690555561e-06
8319,835.8043276260005,4.9996,3.9693077828394655e-06
8320,835.901549233,5.5726,3.963480651358015e-06
8321,835.9964411300007,5.1575,3.957493145308599e-06
8322,836.0919327720003,5.381,3.951615749629633e-06
8323,836.1875880759999,4.3902,3.9457332806790144e-06
8324,836.2818108230003,6.0186,3.939830944814782e-06
8325,836.3774824450002,6.1511,3.934004156111104e-06
8326,836.4756642170005,6.1179,3.928111889691355e-06
8327,836.571589315,5.3327,3.922055210617281e-06
8328,836.6692054989999,5.9371,3.916127713950579e-06
8329,836.7630882900003,6.4251,3.910100552777779e-06
8330,836.8535087330001,6.0078,3.904298912222187e-06
8331,836.9502392730001,5.2895,3.898734548271571e-06
8332,837.0480747250003,5.4916,3.892746571666661e-06
8333,837.1389324290003,5.9947,3.886709503271569e-06
8334,837.237694556,6.3513,3.881116755000008e-06
8335,837.3340100000005,5.4406,3.875007379506146e-06
8336,837.4316440100001,6.8451,3.869044302098723e-06
8337,837.528847902,6.268,3.863021271728357e-06
8338,837.6255046550004,6.1076,3.85702391759255e-06
8339,837.7229161510004,5.3833,3.8510609158641795e-06
8340,837.8172995220002,4.3211,3.845061390493804e-06
8341,837.9111745030004,6.0452,3.839226148950581e-06
8342,838.008042634,6.5732,3.833429230493785e-06
8343,838.1038776740006,6.2762,3.8274522695061324e-06
8344,838.1979342909999,4.9337,3.8215313073456326e-06
8345,838.2923270460005,3.6237,3.815731184814792e-06
8346,838.388378355,5.3752,3.8099040916049376e-06
8347,838.4845739530001,5.5271,3.8039728145678744e-06
8348,838.5801577860002,6.3087,3.798036476851835e-06
8349,838.6775207199998,6.0641,3.7921405952469013e-06
8350,838.7755709130006,6.3308,3.7861420279629466e-06
8351,838.8718649620005,6.3041,3.7800796451234353e-06
8352,838.965545559,6.0153,3.774127047469095e-06
8353,839.0619469130006,5.1908,3.7683422766666586e-06
8354,839.1587053780004,4.8929,3.7624102329011923e-06
8355,839.254613004,5.1516,3.756426293703663e-06
8356,839.3505115779999,5.1966,3.750498807283931e-06
8357,839.4469149470006,6.2833,3.7445913125925545e-06
8358,839.5428547780002,5.9033,3.7386433682715717e-06
8359,839.6389745189999,5.5429,3.7327162764814794e-06
8360,839.734287149,6.0762,3.726776925740705e-06
8361,839.8307846520001,6.2527,3.72089854061729e-06
8362,839.9262139880002,5.866,3.714942044382691e-06
8363,840.0228227860007,6.3817,3.709042486851855e-06
8364,840.1202859720006,6.0467,3.7030833569752622e-06
8365,840.2158291209998,5.9368,3.697076499382679e-06
8366,840.3108444750005,5.2492,3.6911705377777826e-06
8367,840.4090925660003,5.9621,3.685300287901228e-06
8368,840.5057612790006,5.8306,3.679245931790082e-06
8369,840.6023525540004,5.734,3.673273517530823e-06
8370,840.6966008220006,6.2371,3.6673225201851847e-06
8371,840.792380801,6.3993,3.6614909867283832e-06
8372,840.8871564810006,6.2989,3.6555861432098495e-06
8373,840.9824719530006,4.632,3.649729884259223e-06
8374,841.0807156629999,6.411,3.6438519551234397e-06
8375,841.1783842710001,5.7773,3.637786901419732e-06
8376,841.2754047349999,6.3774,3.6317536295061407e-06
8377,841.3714179260005,5.2945,3.6257632258024477e-06
8378,841.4682853690001,6.404,3.6198366979629584e-06
8379,841.5642815159999,6.7285,3.6138638453703743e-06
8380,841.6600297479999,4.9569,3.6079244637654443e-06
8381,841.7558020570004,4.9559,3.6020234622222316e-06
8382,841.852233648,6.2447,3.5961126824691104e-06
8383,841.9467653880001,5.1129,3.5901613482098638e-06
8384,842.0363323850006,6.2612,3.5843161175308724e-06
8385,842.133843822,6.0421,3.578809003209882e-06
8386,842.2304427280005,6.1452,3.5727836754320953e-06
8387,842.3268709849999,6.9129,3.5668020626543007e-06
8388,842.4172987700003,5.8536,3.5608623110493564e-06
8389,842.5148199450005,4.8529,3.5552949402468838e-06
8390,842.6095992609999,5.6527,3.549260894814782e-06
8391,842.7079513870003,5.9391,3.543393518456761e-06
8392,842.8037781510002,4.7148,3.5373474974690956e-06
8393,842.9014438740005,5.9848,3.5314194104937915e-06
8394,842.9988769259999,6.3958,3.525397577839468e-06
8395,843.0944717460006,5.9488,3.519381153456763e-06
8396,843.1903036080002,4.8903,3.513477181234542e-06
8397,843.2875754350007,6.3401,3.5075652783950364e-06
8398,843.3852018040006,5.7564,3.501548446543207e-06
8399,843.4811365410005,3.8786,3.4955244908641603e-06
8400,843.5770113680001,5.3352,3.4896003445678784e-06
8401,843.6717744690004,6.4432,3.4836946480864163e-06
8402,843.768334116,6.1531,3.4778431483950212e-06
8403,843.8660876040003,6.3767,3.471884727222191e-06
8404,843.9619845690004,4.697,3.46584734314811e-06
8405,844.0587882770005,5.4928,3.459921536419741e-06
8406,844.157754844,6.1886,3.4539550144444098e-06
8407,844.249115824,6.3359,3.4478507717901177e-06
8408,844.3457364780006,6.322,3.4422045232715806e-06
8409,844.4434117330002,6.2759,3.436238147345661e-06
8410,844.5420881620003,5.4521,3.4302071588271477e-06
8411,844.639563615,6.644,3.4241183553703424e-06
8412,844.7372577249998,4.9134,3.418095801049376e-06
8413,844.8313937040002,5.9427,3.4120786154320685e-06
8414,844.9295731430002,6.4895,3.4062545219752996e-06
8415,845.0307473140001,6.3763,3.4002008495678696e-06
8416,845.1278410410005,6.0377,3.3939509444444072e-06
8417,845.2270740930007,5.4643,3.3879542594444037e-06
8418,845.3227793169999,3.8851,3.381832420617248e-06
8419,845.4210606690003,5.8639,3.3759076098147713e-06
8420,845.5189358940006,5.4278,3.3698705046296075e-06
8421,845.6148309650007,6.4476,3.3638126857407304e-06
8422,845.709452696,4.7597,3.357888202962961e-06
8423,845.8053537750002,6.004,3.3520506638888615e-06
8424,845.8997865890005,5.4095,3.3461453163580015e-06
8425,845.9953540189999,5.8642,3.340300327283924e-06
8426,846.091381573,6.1266,3.334404996172835e-06
8427,846.186011707,5.6331,3.328478476481467e-06
8428,846.2810549880005,5.7227,3.322636489135761e-06
8429,846.3754497079999,4.9757,3.316763827530828e-06
8430,846.4709043840003,6.4252,3.310937178333312e-06
8431,846.5686934550004,5.903,3.305055349814784e-06
8432,846.6656745850005,5.9267,3.2990200977160326e-06
8433,846.7636270809999,6.7792,3.293021912098726e-06
8434,846.8549220200002,5.7509,3.286978724938228e-06
8435,846.952105972,5.7185,3.281368903086379e-06
8436,847.0484778240007,5.2259,3.275351499629592e-06
8437,847.1455020800004,6.1905,3.2693873951851585e-06
8438,847.2439321259999,6.2461,3.2634124770370202e-06
8439,847.3384993039999,6.0981,3.2573397876543234e-06
8440,847.433702278,6.268,3.251487444320972e-06
8441,847.5293162530006,6.0345,3.245619656666654e-06
8442,847.6272356170002,6.4906,3.2397151370987313e-06
8443,847.7235515790007,5.36,3.2336804946296206e-06
8444,847.8187112800006,6.0633,3.2277269843209832e-06
8445,847.9147335550006,5.9924,3.2218377529629197e-06
8446,848.0117918100004,5.9877,3.215915022839494e-06
8447,848.1084945900002,5.5046,3.209927971296295e-06
8448,848.205955294,6.2032,3.203961338148148e-06
8449,848.3020649620003,5.7593,3.1979534973456406e-06
8450,848.4001204700007,5.6128,3.1920087525308505e-06
8451,848.4953303950006,5.9532,3.185974217098764e-06
8452,848.5896970130007,5.4751,3.180088158395017e-06
8453,848.684569383,5.7928,3.174258471975311e-06
8454,848.7809742230002,5.8369,3.168398725740729e-06
8455,848.8765618010002,5.1096,3.162459346666663e-06
8456,848.9729811060006,5.3042,3.1565502000616866e-06
8457,849.068745173,6.1973,3.150597119012316e-06
8458,849.165566189,5.9513,3.1446899432715725e-06
8459,849.2594290470006,4.5317,3.138723991234577e-06
8460,849.3572019630001,6.3776,3.132916861049362e-06
8461,849.4543845910002,5.5402,3.1268786704938215e-06
8462,849.5493827930004,5.4207,3.1208860403703413e-06
8463,849.642779965,5.8268,3.1150258121604935e-06
8464,849.7380980420003,5.831,3.1092544288888746e-06
8465,849.834086625,6.1461,3.1033711045061695e-06
8466,849.9281049520005,4.5919,3.097453571358022e-06
8467,850.0241124849999,4.8709,3.091643535802424e-06
8468,850.1213066099999,6.336,3.0857209279629707e-06
8469,850.2187496300003,5.9948,3.0797183606789905e-06
8470,850.3134835840001,6.1112,3.0737152384567645e-06
8471,850.4102342639999,5.657,3.0678576654320943e-06
8472,850.5067794719998,5.4436,3.0618886943826807e-06
8473,850.6015359200001,6.5502,3.0559279381481064e-06
8474,850.6967412049999,6.175,3.0500710674691012e-06
8475,850.7946525830002,4.8806,3.0441963717901035e-06
8476,850.8932607240004,6.1836,3.038168245432105e-06
8477,850.9903348500002,6.3753,3.0320748208641615e-06
8478,851.0861300260003,6.5533,3.026069162592593e-06
8479,851.1842396299999,6.2996,3.0201593327777776e-06
8480,851.2789923110004,5.4258,3.0141080321604564e-06
8481,851.3739940650003,5.4323,3.0082413137654252e-06
8482,851.4694720580001,5.8513,3.002384083271559e-06
8483,851.5680508820005,6.1518,2.9965026098765225e-06
8484,851.6643071280005,7.1181,2.9904308224691423e-06
8485,851.7589326460002,6.3997,2.9844725130864004e-06
8486,851.8556687979999,6.7034,2.978635419382708e-06
8487,851.9535230070005,5.2623,2.9726558107407154e-06
8488,852.0509793990004,6.0603,2.966623048395051e-06
8489,852.145664056,5.7546,2.960603537962925e-06
8490,852.2420038870005,5.4724,2.954748879259245e-06
8491,852.3393190420002,6.7139,2.9488117607407163e-06
8492,852.4352968000003,5.5163,2.9428155999382533e-06
8493,852.5312868720002,6.4553,2.9368772604320748e-06
8494,852.6262990660007,6.3795,2.9309579096913285e-06
8495,852.7202653040003,6.0127,2.925095840185149e-06
8496,852.81776137,6.0308,2.919286084259254e-06
8497,852.9124542850004,4.9662,2.913278408827136e-06
8498,853.0075479860006,6.2876,2.9074233335802114e-06
8499,853.1034728889999,5.9396,2.901553582098726e-06
8500,853.2003274280005,6.4463,2.895630732098731e-06
8501,853.2958649490001,3.8696,2.8896556896296277e-06
8502,853.3897379990003,4.6503,2.883761830493831e-06
8503,853.4862666950003,5.594,2.877964651357995e-06
8504,853.5844409930005,5.8938,2.8720089596296294e-06
8505,853.6789579209999,5.3897,2.865956291358024e-06
8506,853.7762330840005,6.3306,2.8601129718518416e-06
8507,853.8731540530007,5.9511,2.8541293479629305e-06
8508,853.9714524360006,5.7921,2.8481396438271245e-06
8509,854.0675005230005,5.5866,2.842060256728385e-06
8510,854.1619592470006,6.3476,2.8361221491357726e-06
8511,854.2599931310006,6.273,2.830293548209839e-06
8512,854.358028783,5.9551,2.824251140678985e-06
8513,854.454817762,5.6518,2.8181985445678625e-06
8514,854.5509752300004,4.9747,2.8122153198147984e-06
8515,854.6470515710007,4.8752,2.806286399753072e-06
8516,854.741945619,5.4509,2.800355527839471e-06
8517,854.8390684870001,6.3173,2.7944935299382578e-06
8518,854.9346623560004,5.4433,2.788504651234575e-06
8519,855.0312229850006,6.4626,2.782595054197518e-06
8520,855.1285588500004,6.8646,2.7766404726543017e-06
8521,855.2248833670001,5.3123,2.770631887901237e-06
8522,855.3200563310002,6.1501,2.764676871419747e-06
8523,855.4150856820006,5.3596,2.7587998717283736e-06
8524,855.511104698,5.6973,2.75294156753082e-06
8525,855.6107642160005,5.0696,2.7470157500617155e-06
8526,855.7060763910004,5.7126,2.7408710248765125e-06
8527,855.8022535190003,6.0818,2.7349691516666777e-06
8528,855.8984639700002,6.1774,2.7290472218518214e-06
8529,855.9946165130004,5.4205,2.7231092291974956e-06
8530,856.0901260580004,6.1283,2.717171244753053e-06
8531,856.1883492050001,5.4388,2.711258268765432e-06
8532,856.2864271100007,6.5781,2.705203063580236e-06
8533,856.3842028230001,5.7131,2.6991559098147876e-06
8534,856.4816651690007,6.1989,2.6931277409876556e-06
8535,856.577819135,5.6992,2.687114126234563e-06
8536,856.6757461260004,5.849,2.681164999753044e-06
8537,856.773689392,6.6685,2.6751264080246695e-06
8538,856.8679161200007,5.6704,2.6690876187654367e-06
8539,856.9651265940001,5.4436,2.663252708765429e-06
8540,857.0596336930003,4.5986,2.657260122037031e-06
8541,857.1545015270003,5.6982,2.6514211070987617e-06
8542,857.2495483500006,5.3162,2.645566100864183e-06
8543,857.3453398689999,6.5301,2.6396931431481585e-06
8544,857.4434523600003,5.9257,2.6337841788271367e-06
8545,857.5405402790002,6.0833,2.6277424200000013e-06
8546,857.6372885649998,6.1806,2.6217378562345683e-06
8547,857.730644276,3.9148,2.615774551728395e-06
8548,857.8263161479999,5.2664,2.6099892340740837e-06
8549,857.9233166950007,6.2466,2.6041071890740344e-06
8550,858.0209421300005,6.2369,2.5981115585184955e-06
8551,858.1186591920005,6.0666,2.5920964025308525e-06
8552,858.212814898,6.074,2.586056495864192e-06
8553,858.3091540470004,6.0286,2.5802301129629615e-06
8554,858.404758742,6.4301,2.5742952899999616e-06
8555,858.5022937260001,5.6273,2.5683805521604878e-06
8556,858.5981207630002,6.0052,2.5623653159258852e-06
8557,858.6950942930007,6.6226,2.556450555864193e-06
8558,858.7929087520006,5.0645,2.5504702780864032e-06
8559,858.8840601930006,6.6415,2.5444408237654206e-06
8560,858.9807452590003,6.3188,2.538816387345666e-06
8561,859.0782509930004,5.6221,2.5328380046296008e-06
8562,859.1757619380005,6.0698,2.526832492345632e-06
8563,859.2716042010006,6.4243,2.520803783086417e-06
8564,859.3668644270001,4.4914,2.5148857845061546e-06
8565,859.4622205960004,3.2261,2.5090054722221924e-06
8566,859.5587474900003,4.7277,2.503111434691363e-06
8567,859.656272399,6.1272,2.4971704048148027e-06
8568,859.7513964740001,6.3039,2.4911394600617366e-06
8569,859.8457176560005,5.5835,2.485266463703695e-06
8570,859.9423884750004,6.0139,2.479452711358032e-06
8571,860.0401748470003,6.4016,2.473489055370337e-06
8572,860.1384881290005,6.1329,2.467441340370358e-06
8573,860.2358594329999,5.9697,2.46137008388887e-06
8574,860.3327589480004,6.2924,2.455372674197537e-06
8575,860.4297939349999,5.2898,2.4493917760493647e-06
8576,860.5244115280002,5.2199,2.4434018478394937e-06
8577,860.6189108900007,4.7959,2.437534926790125e-06
8578,860.7157136660007,6.2924,2.4317132181481573e-06
8579,860.8110993090004,5.258,2.425757575370363e-06
8580,860.904815895,4.2482,2.4198623636419615e-06
8581,860.9995141449999,5.2584,2.4140671592592424e-06
8582,861.0961133030005,6.0764,2.408228164444448e-06
8583,861.1916358300005,6.1305,2.4022711078395098e-06
8584,861.2880907460003,4.9824,2.396354543395074e-06
8585,861.3820014510002,5.8858,2.3904146823456874e-06
8586,861.4763414250001,5.5796,2.3846108063580006e-06
8587,861.570296719,4.8004,2.3787884288889005e-06
8588,861.6657635000001,4.6298,2.372979015246901e-06
8589,861.7599154690006,5.4156,2.3671019819753005e-06
8590,861.8533203070001,4.4338,2.361284902901195e-06
8591,861.9506601379999,6.1844,2.355511152839507e-06
8592,862.0480193869998,5.1842,2.3495162577160335e-06
8593,862.1441568589998,5.66,2.3435073180246903e-06
8594,862.2399804340002,5.5801,2.3375572035802427e-06
8595,862.3364183600006,5.6958,2.3316449929629557e-06
8596,862.4318103770001,6.0941,2.325697648024694e-06
8597,862.5289992799999,6.3651,2.319817503703686e-06
8598,862.6246989010006,5.9844,2.3138203149999647e-06
8599,862.7205722120007,6.4734,2.307899686419729e-06
8600,862.8163194340004,5.8144,2.301986346728374e-06
8601,862.9136571940007,6.1803,2.2960784914814628e-06
8602,863.0094981130005,5.7182,2.290075991604906e-06
8603,863.1061806309999,5.8246,2.2841482066049137e-06
8604,863.2052180310002,6.1018,2.2781912350617107e-06
8605,863.3034728339999,5.4459,2.2720738330246907e-06
8606,863.401865064,5.4926,2.2660056891357804e-06
8607,863.4979955580002,6.2771,2.259941939938237e-06
8608,863.5940347660007,5.9057,2.2539808319752885e-06
8609,863.690283164,6.814,2.248057453333291e-06
8610,863.7896164900003,5.5354,2.2421234690123307e-06
8611,863.8874579350004,5.6956,2.236001462839499e-06
8612,863.9853889850001,6.236,2.2299531982098665e-06
8613,864.0822613099999,5.4959,2.223907613456783e-06
8614,864.1819874170005,6.7266,2.2179182751234486e-06
8615,864.2803367910001,5.6976,2.2117769297530565e-06
8616,864.3781906820004,6.2776,2.205701701481483e-06
8617,864.4744862850002,6.321,2.199670308888846e-06
8618,864.5713741790005,5.4391,2.1937167141975134e-06
8619,864.6654947330007,6.589,2.1877408338888684e-06
8620,864.7623650430005,5.4019,2.1819276479629226e-06
8621,864.8590737700006,6.2871,2.175958134753048e-06
8622,864.9557485559999,4.5053,2.1699863903703765e-06
8623,865.0522490379999,6.4024,2.1640085729012326e-06
8624,865.148777675,6.1182,2.1580541835185265e-06
8625,865.2460896789999,4.8987,2.152089401419749e-06
8626,865.342393502,6.1407,2.1460954295061563e-06
8627,865.4381524999999,5.436,2.1401380754320633e-06
8628,865.5343005550003,5.5611,2.134225208641971e-06
8629,865.6318840350004,4.9581,2.1282914609876412e-06
8630,865.7292513370003,5.3998,2.1222745953703773e-06
8631,865.8267392970001,5.9782,2.116258460185144e-06
8632,865.9237788999999,6.5226,2.1102395514197516e-06
8633,866.0200565940004,5.6972,2.1042383972839364e-06
8634,866.1112451469999,6.8036,2.098312596666646e-06
8635,866.20569393,3.4085,2.092694346543167e-06
8636,866.3012517520001,6.5426,2.086840219382713e-06
8637,866.3970702730003,6.133,2.0809558024074026e-06
8638,866.4945329350003,5.4086,2.0750364736419613e-06
8639,866.590506433,6.3013,2.0690208486419394e-06
8640,866.684256134,5.5539,2.0631009923456513e-06
8641,866.7809491349999,5.5486,2.057298306851835e-06
8642,866.8796062750007,6.4403,2.0513513119135797e-06
8643,866.9782210740004,6.3321,2.0452544706789976e-06
8644,867.0756842370001,5.6023,2.039166161666628e-06
8645,867.1711496050002,5.1513,2.0331546703703295e-06
8646,867.2623707170005,6.4271,2.0272479333333426e-06
8647,867.3593926620006,5.2628,2.021643709012333e-06
8648,867.4561849130005,5.4942,2.0156262946295967e-06
8649,867.554270527,5.7798,2.009663675308604e-06
8650,867.6487360750007,5.0481,2.0036135082098563e-06
8651,867.744367237,5.6756,1.9977670419135453e-06
8652,867.8403358060004,4.8237,1.991868432592575e-06
8653,867.9373970249999,5.4447,1.985951439629602e-06
8654,868.0328427860004,4.8679,1.9799612803703514e-06
8655,868.1293082600005,5.9653,1.9740609733950478e-06
8656,868.2247305770006,6.1721,1.968105147407412e-06
8657,868.3212972239999,5.858,1.9622232738888858e-06
8658,868.417450336,4.4831,1.9562523706172452e-06
8659,868.5157930989999,6.2235,1.9503174927777534e-06
8660,868.6124904220005,5.3584,1.9442452846913427e-06
8661,868.7101240990005,5.847,1.938280859135766e-06
8662,868.808057876,6.1808,1.932257797037007e-06
8663,868.9055084560005,4.9162,1.926207287716003e-06
8664,869.0023103849999,6.2792,1.9201945077160168e-06
8665,869.0984402069998,5.366,1.9142108141357805e-06
8666,869.1939839200004,6.6025,1.9082842075925533e-06
8667,869.2902051340006,4.7007,1.9023833002468849e-06
8668,869.3893963110004,6.0037,1.8964531507407179e-06
8669,869.4859676840006,4.6079,1.8903066446913475e-06
8670,869.5809798890004,4.9948,1.8843612997530458e-06
8671,869.6789276990003,5.847,1.8784955867283905e-06
8672,869.7767669929999,4.8682,1.8724642646296252e-06
8673,869.8742091170006,5.9072,1.8664193591975076e-06
8674,869.9716930840004,6.0027,1.8603996808641832e-06
8675,870.0682500080002,4.4356,1.8543874950617267e-06
8676,870.1652918270001,4.9373,1.8484193364197434e-06
8677,870.2635525490005,5.8891,1.8424182037654059e-06
8678,870.3590251989999,5.5471,1.8363729133950458e-06
8679,870.455129426,5.7142,1.8304619161728153e-06
8680,870.5538657900006,5.6268,1.8245327591974836e-06
8681,870.6510291949999,6.0803,1.818456136234542e-06
8682,870.7483382370001,5.4482,1.812450094012319e-06
8683,870.8437859850001,2.2559,1.806438716666664e-06
8684,870.9422878169999,5.41,1.800540205123452e-06
8685,871.0407081009998,6.1122,1.7944262185802141e-06
8686,871.139587873,5.983,1.7883945914197453e-06
8687,871.2327221750002,4.8311,1.7822954108024315e-06
8688,871.3339244100007,6.3394,1.7765439182098665e-06
8689,871.4316732890002,5.7319,1.7703010205555148e-06
8690,871.5287465410001,5.1823,1.7642512592592642e-06
8691,871.625378273,5.6063,1.7582561214197268e-06
8692,871.7211317649999,6.1875,1.7523016766666455e-06
8693,871.8172283820004,3.7197,1.7463875991357626e-06
8694,871.9135278510003,5.2357,1.7404432618518486e-06
8695,872.0093173920004,5.1424,1.7345071267283963e-06
8696,872.1072861990006,5.9974,1.7285938464197516e-06
8697,872.206799525,5.1695,1.7225532070987372e-06
8698,872.30441901,6.0062,1.7164082869135456e-06
8699,872.4023776100003,6.2018,1.7103790249382356e-06
8700,872.4974829600005,6.4761,1.7043372123456469e-06
8701,872.5952983050001,6.1151,1.6984545093827132e-06
8702,872.6915781369999,6.4177,1.6924380320370469e-06
8703,872.7879492800002,6.0347,1.6864936756172512e-06
8704,872.8848840850005,6.0006,1.6805417230864207e-06
8705,872.982498159,6.2247,1.6745682790740735e-06
8706,873.0793201310007,4.9033,1.6685424568518516e-06
8707,873.1752815560003,5.3546,1.6625622670370155e-06
8708,873.2733304960002,6.2643,1.6566236412345337e-06
8709,873.3714273490004,6.8563,1.6505817217283725e-06
8710,873.4681997880007,5.4121,1.6445197088888753e-06
8711,873.5641015500005,5.6976,1.6385469000617383e-06
8712,873.6614850850001,5.6273,1.6326295625308518e-06
8713,873.7553637640003,5.9996,1.6266230235802426e-06
8714,873.8508931229999,5.4844,1.6208201486419329e-06
8715,873.9451753809999,4.884,1.6149415929012423e-06
8716,874.0418505340003,6.4415,1.6090983466048981e-06
8717,874.1362847800001,6.0558,1.6031378458641776e-06
8718,874.2341530849999,5.891,1.5972968056789938e-06
8719,874.331717174,6.2719,1.591264953888888e-06
8720,874.429252291,7.1363,1.5852395343209646e-06
8721,874.5256572180006,5.2113,1.5792305105555405e-06
8722,874.6205407510006,4.5078,1.5732827928394866e-06
8723,874.7168269800004,6.256,1.5674157571604898e-06
8724,874.8136422450007,6.2209,1.56147563364194e-06
8725,874.9115534570001,6.2595,1.5555059737036749e-06
8726,875.008192798,6.2715,1.549463588333333e-06
8727,875.1055742640001,6.4103,1.5434883714197213e-06
8728,875.2036108350003,6.2521,1.5374829966666226e-06
8729,875.3024073249999,6.2983,1.5314237881481564e-06
8730,875.3992315860005,6.1983,1.5253325384567974e-06
8731,875.49559064,5.9891,1.5193489921604743e-06
8732,875.5867998240001,6.0775,1.513406343148105e-06
8733,875.6834086070003,5.445,1.5077858306172588e-06
8734,875.7789854450002,6.1371,1.5018069885802067e-06
8735,875.8746596620003,5.7619,1.4959173817900907e-06
8736,875.97192215,6.4004,1.4900050193826842e-06
8737,876.0694422870001,5.9646,1.48399631839502e-06
8738,876.1650568230007,5.3749,1.4779783645679057e-06
8739,876.2613996340006,6.025,1.4720772014197248e-06
8740,876.358245847,5.6924,1.4661309478395112e-06
8741,876.4533944310006,5.9326,1.4601508084567783e-06
8742,876.5496473290004,5.4046,1.4542751409259313e-06
8743,876.6483458700004,5.5671,1.4483474472839543e-06
8744,876.74548082,5.8019,1.4422559479012165e-06
8745,876.841957093,5.3277,1.4362500385802501e-06
8746,876.9396108990004,6.6805,1.4302860453086319e-06
8747,877.0360477520007,6.3855,1.424266400678992e-06
8748,877.1348708920004,6.1655,1.418304780308638e-06
8749,877.2314340130006,6.2459,1.412223537901225e-06
8750,877.3227771649999,6.235,1.4062480443209514e-06
8751,877.4197337000005,5.031,1.4006263666666464e-06
8752,877.5157437990001,6.3666,1.3946282988271608e-06
8753,877.6133560020007,6.3569,1.3886981185802395e-06
8754,877.7098150660004,6.056,1.3826816074073767e-06
8755,877.8056796589999,4.3744,1.3767167411728177e-06
8756,877.9028006950002,5.6729,1.3708078855555583e-06
8757,878.0007691660003,5.3124,1.3648172333950382e-06
8758,878.097168839,6.0945,1.358762845308642e-06
8759,878.1934393040001,4.1016,1.3528042646913375e-06
8760,878.2874071820006,4.8656,1.3468672687036998e-06
8761,878.3843775360001,5.2372,1.3410568473456676e-06
8762,878.4814193600005,5.9485,1.3350697906789833e-06
8763,878.5798087570001,6.0131,1.3290867449999799e-06
8764,878.6785264350001,6.4927,1.323006062962967e-06
8765,878.7760462189999,6.7275,1.3169262521604553e-06
8766,878.8719870180003,6.4637,1.3109011802468818e-06
8767,878.9688170750005,5.8657,1.3049745436419348e-06
8768,879.066336719,6.1005,1.2990037041975102e-06
8769,879.165338883,6.3241,1.2929938119753015e-06
8770,879.2631207009999,5.4173,1.2868805154320652e-06
8771,879.3604501230002,5.0287,1.2808425687036884e-06
8772,879.4584721710007,4.9494,1.2748292484567715e-06
8773,879.556375608,6.6897,1.2687863268518341e-06
8774,879.6520198550006,5.7129,1.2627357307407274e-06
8775,879.7466782179999,6.476,1.2568321556790164e-06
8776,879.8406456370003,4.6831,1.2509957327777433e-06
8777,879.9360180270005,6.5461,1.2451838422839479e-06
8778,880.0326428660001,6.4419,1.2392978006789846e-06
8779,880.1286759190007,5.1976,1.2333385737036683e-06
8780,880.2261669420004,5.3617,1.2274099350617242e-06
8781,880.322823681,6.1892,1.2213840241358077e-06
8782,880.4170505770007,3.5495,1.215417096728394e-06
8783,880.5127776050003,6.2425,1.2096046196296118e-06
8784,880.6112062480006,6.4784,1.2037072159876483e-06
8785,880.7069238080003,4.1903,1.1976298368518324e-06
8786,880.8025980780003,5.7906,1.1917186831481186e-06
8787,880.8987758950007,6.2861,1.1858212591357776e-06
8788,880.99566813,5.1654,1.179886296728383e-06
8789,881.0916399670004,5.0963,1.1738894112962916e-06
8790,881.1871445510005,5.5309,1.1679716991975397e-06
8791,881.283669206,6.1866,1.1620753529629213e-06
8792,881.380601152,5.7959,1.1561158401234285e-06
8793,881.4783403970005,5.4608,1.150127405987661e-06
8794,881.5729426630005,5.6164,1.1441008473456693e-06
8795,881.6674104680005,6.0506,1.1382542194444401e-06
8796,881.7655268400003,6.506,1.1324236157407186e-06
8797,881.8617782150004,6.0572,1.1263780737036878e-06
8798,881.9573078660005,6.2139,1.120422389814768e-06
8799,882.0534588270002,5.7075,1.1145262852468697e-06
8800,882.1515425200005,6.5523,1.1085893205555641e-06
8801,882.248524185,6.0077,1.1025535925925646e-06
8802,882.3457502420006,5.6125,1.0965536099382501e-06
8803,882.4415644390001,4.7921,1.0905554003086516e-06
8804,882.5362849330004,6.0702,1.0846338074691043e-06
8805,882.6326267430004,5.7007,1.078793930061728e-06
8806,882.7273921149999,4.8333,1.0728467034567534e-06
8807,882.8245931070005,5.3999,1.0669999139506114e-06
8808,882.9222765230006,5.9107,1.0609991971604838e-06
8809,883.0188351800007,5.5062,1.0549713970369967e-06
8810,883.1143917770005,4.7997,1.0490014751234455e-06
8811,883.210912128,5.8411,1.0431104225925804e-06
8812,883.3092534970001,6.2287,1.037152174876499e-06
8813,883.4052357740002,6.2887,1.0310823927160152e-06
8814,883.5016780160004,4.4502,1.0251425835184957e-06
8815,883.5977584290004,5.6204,1.0191974487036737e-06
8816,883.6951227660002,6.1492,1.013272234506163e-06
8817,883.7932193020006,6.255,1.0072716740123055e-06
8818,883.8902599290004,5.8602,1.0012104119135835e-06
8819,883.9878080030003,5.8976,9.952127413579982e-07
8820,884.0811529680004,5.9741,9.89193862592569e-07
8821,884.1757021140002,5.4236,9.834195447530948e-07
8822,884.2704619800006,5.6315,9.775850046295943e-07
8823,884.3659830960005,5.951,9.717251680863959e-07
8824,884.4620857910004,7.0406,9.658469035185247e-07
8825,884.5562128259999,5.8664,9.599165598147997e-07
8826,884.6528555630002,5.1489,9.540934538271374e-07
8827,884.7474413610007,6.3169,9.481458798147824e-07
8828,884.8410576510005,4.5455,9.422967928394644e-07
8829,884.9373931360005,6.1354,9.365119508024322e-07
8830,885.0334226060004,5.3709,9.305826699999576e-07
8831,885.1280701420001,6.3617,9.24647287716024e-07
8832,885.2249686590003,5.658,9.187927406172803e-07
8833,885.3230647370001,6.0796,9.128239458024491e-07
8834,885.4189018759998,5.7805,9.067663804938286e-07
8835,885.5143802769999,6.5765,9.008503638271548e-07
8836,885.6094279300005,5.4492,8.949510734567956e-07
8837,885.7044848040005,5.9347,8.890904786419852e-07
8838,885.8016301170001,6.0184,8.832283872839576e-07
8839,885.9007169710003,6.3896,8.772350056789725e-07
8840,885.9981691170005,6.069,8.711173346295897e-07
8841,886.0946543580003,6.2073,8.650898651234307e-07
8842,886.1924315940005,5.3735,8.591325852469245e-07
8843,886.2889555110005,5.995,8.531062206172724e-07
8844,886.3846054260002,5.7309,8.47141446419758e-07
8845,886.4800324100006,4.7661,8.412300817900787e-07
8846,886.5703906580002,6.1971,8.353515264814537e-07
8847,886.665731739,5.2501,8.297791527160425e-07
8848,886.7614031350004,5.8999,8.238756838888694e-07
8849,886.8565547240005,5.833,8.179824395678993e-07
8850,886.9518565540002,4.6752,8.121081487036997e-07
8851,887.0461280670006,5.564,8.062190174074003e-07
8852,887.1417818830005,5.7073,8.0039681382712e-07
8853,887.2402173640003,6.2638,7.945080794444116e-07
8854,887.3353376200002,3.5654,7.884311741358008e-07
8855,887.431359999,5.5698,7.825402896296407e-07
8856,887.5296177050004,6.8478,7.766224098147867e-07
8857,887.6268220930006,6.225,7.705572131481153e-07
8858,887.7227170300002,5.3901,7.645561646913158e-07
8859,887.8192735020002,6.2955,7.586366177160298e-07
8860,887.9149661330002,6.8651,7.526760865431693e-07
8861,888.0121782860006,5.7382,7.467689609259143e-07
8862,888.1085980070002,5.9137,7.407759520370205e-07
8863,888.2054283110001,6.025,7.348214717901259e-07
8864,888.3017041390003,5.4203,7.288367527777452e-07
8865,888.3992968950006,5.7159,7.229025894444186e-07
8866,888.4969464410005,6.217,7.168802145678777e-07
8867,888.5950176670003,6.2546,7.108569664197373e-07
8868,888.6925073570001,5.8048,7.048034197530917e-07
8869,888.7893218449999,5.1909,6.987831970987512e-07
8870,888.8854624340001,5.965,6.927974133950465e-07
8871,888.9835188800007,6.3997,6.868590062345248e-07
8872,889.0791600870007,5.949,6.808120785802397e-07
8873,889.1739813860004,5.0713,6.748934962962694e-07
8874,889.2680152480007,6.2982,6.690461682715809e-07
8875,889.3642801710002,5.7992,6.632397632098719e-07
8876,889.4604027660007,6.2985,6.573132833333218e-07
8877,889.556865216,6.0535,6.513764073456441e-07
8878,889.6513837900002,5.8166,6.454230850617305e-07
8879,889.748070693,5.8388,6.395863234567701e-07
8880,889.844669907,6.0534,6.336325390740361e-07
8881,889.941168112,5.1294,6.276618818518154e-07
8882,890.0385777970005,6.0173,6.216913317900808e-07
8883,890.135690047,5.8977,6.156897644444326e-07
8884,890.2307449870004,6.3133,6.097008723456365e-07
8885,890.3289712410005,6.4782,6.038251366666303e-07
8886,890.4235184070003,3.2489,5.977636775925777e-07
8887,890.5204147710001,6.7395,5.919116153086434e-07
8888,890.6166865949999,5.5052,5.859523192592309e-07
8889,890.7154759060004,6.4097,5.800010869752792e-07
8890,890.8115582790006,6.0937,5.739151882098781e-07
8891,890.9095877620002,5.9864,5.679680856172598e-07
8892,891.0049873240005,6.2509,5.619323086419326e-07
8893,891.1004792370004,6.3341,5.560277798147939e-07
8894,891.1976820150003,6.4018,5.50132255925917e-07
8895,891.2938077839999,5.4565,5.441373472839239e-07
8896,891.38925999,5.9817,5.381971878394898e-07
8897,891.485770497,6.2078,5.323042261727973e-07
8898,891.5823696820007,5.9115,5.263561823456831e-07
8899,891.6780942770001,5.3697,5.203863831481192e-07
8900,891.773383449,6.562,5.144795673456326e-07
8901,891.87013664,6.11,5.085971001234535e-07
8902,891.9683195970001,6.129,5.026311499382319e-07
8903,892.0664723680002,6.4499,4.965552709876475e-07
8904,892.1626853779999,4.9387,4.905059185184746e-07
8905,892.2531697020004,6.3848,4.845630298765447e-07
8906,892.3519819800003,6.4249,4.790029613580216e-07
8907,892.4500710769998,6.4509,4.7287279771600633e-07
8908,892.5448328570001,6.3681,4.6682895802466765e-07
8909,892.6408853910007,5.3679,4.609756730246495e-07
8910,892.7399726020003,6.6481,4.5505078302466864e-07
8911,892.836651261,5.2583,4.489479275308517e-07
8912,892.9334614710006,5.8201,4.4296030499997865e-07
8913,893.0314270400004,5.2239,4.369873029629268e-07
8914,893.1266285060001,3.9582,4.309468939506178e-07
8915,893.2228975770004,4.7003,4.250592009876264e-07
8916,893.3196466230002,5.5246,4.191197240123568e-07
8917,893.4147469750005,5.1864,4.131425156789659e-07
8918,893.5091931890001,6.0742,4.072717002468862e-07
8919,893.6071835789999,6.9915,4.0144138697530976e-07
8920,893.7035675050001,5.9279,3.954059482715988e-07
8921,893.7975526760001,5.2694,3.894472494444079e-07
8922,893.8917797040003,5.6318,3.8364705296294324e-07
8923,893.990199117,6.5425,3.778288640123029e-07
8924,894.0879068840004,5.4186,3.717567309259151e-07
8925,894.1862958560005,6.2101,3.6572307314813314e-07
8926,894.2838731060001,6.2795,3.596460718518435e-07
8927,894.3778365870003,5.8099,3.5362604919751965e-07
8928,894.4752360210005,5.5493,3.4782539333331755e-07
8929,894.5697155910002,5.302,3.4182149506171715e-07
8930,894.6640751570003,6.2926,3.3598390012342105e-07
8931,894.7589795650001,4.3049,3.3016102296294373e-07
8932,894.8541766120006,5.6412,3.2430383796295815e-07
8933,894.9510611790001,5.8338,3.184298956789955e-07
8934,895.0494158290003,6.0872,3.124521846913586e-07
8935,895.1464623970005,5.8841,3.0638254024689673e-07
8936,895.2462030719998,5.3675,3.0038926024689715e-07
8937,895.3425405630005,5.382,2.9423482277774473e-07
8938,895.436975955,5.7973,2.882803761728281e-07
8939,895.5352320010006,6.2753,2.8244726555554103e-07
8940,895.6331917719999,5.9123,2.7639219925922335e-07
8941,895.7293937210006,6.0278,2.7034547759257624e-07
8942,895.8253195930001,5.6884,2.643905483950604e-07
8943,895.9213867920007,3.9479,2.5847370975307097e-07
8944,896.0194833220003,6.3511,2.5254649049382126e-07
8945,896.1188210099999,6.1655,2.465036014197064e-07
8946,896.2166231790006,5.3363,2.4037274753083707e-07
8947,896.3148896830007,6.4605,2.343276495061386e-07
8948,896.4123906949999,5.7986,2.28259446049367e-07
8949,896.5079155580006,5.8263,2.222413303086146e-07
8950,896.6035015320003,5.0197,2.1633694481481004e-07
8951,896.698203682,6.0734,2.1044614160490306e-07
8952,896.7951887380004,5.9586,2.045911064197603e-07
8953,896.8930993550002,6.0426,1.986091315432148e-07
8954,896.9905197730004,4.8344,1.9257350037032995e-07
8955,897.087060457,5.3423,1.86554680308626e-07
8956,897.1811615410006,5.182,1.8059694709875452e-07
8957,897.2778865509999,5.5518,1.7476928271600856e-07
8958,897.3729038600004,5.6376,1.6881194833331394e-07
8959,897.4688646180002,5.485,1.629482556172457e-07
8960,897.5670748160001,6.0238,1.5702714518514016e-07
8961,897.6646885540003,6.5321,1.509675828394952e-07
8962,897.7611864300006,5.5345,1.4493508858025028e-07
8963,897.8570596850004,5.6028,1.3898463555551133e-07
8964,897.9531447380004,5.6449,1.3306398932096952e-07
8965,898.0509902990007,5.3095,1.2712544191356146e-07
8966,898.146305321,5.8974,1.2109773407403823e-07
8967,898.2433553910005,6.3344,1.1520557617283322e-07
8968,898.34003192,4.949,1.0921609876541338e-07
8969,898.4308993969998,6.1943,1.0323998197528383e-07
8970,898.5293626310004,6.5559,9.764961901235215e-08
8971,898.6272021210007,5.3352,9.157654734567311e-08
8972,898.7221538330004,4.4773,8.553293783947758e-08
8973,898.8171766730002,5.9127,7.964211228395635e-08
8974,898.91168517,6.3432,7.379085703700384e-08
8975,899.0074175870004,5.8241,6.795443123455147e-08
8976,899.1033029200007,5.6717,6.204792691356654e-08
8977,899.1976917040001,5.7939,5.613564802466886e-08
8978,899.2924490740006,6.1669,5.030694265433233e-08
8979,899.3869000590003,5.2873,4.445019123455185e-08
8980,899.4830423030007,6.2109,3.860887555551251e-08
8981,899.5791089190006,5.6202,3.268287530862613e-08
8982,899.6730670160005,5.5926,2.6761682098747077e-08
8983,899.7693567270007,6.3816,2.0950992222179555e-08
8984,899.8655169500007,5.5522,1.501386753082201e-08
8985,899.9625435940006,6.9698,9.085907160488738e-09
8986,900.0583355560002,6.2746,3.0974089505975135e-09
