step,elapsed_seconds,loss,learning_rate
1,27.869956953999463,11.2,0.0
2,30.484269363999374,11.2066,1.547706409388866e-05
3,30.63447091299986,11.1663,1.6928662167221975e-05
4,30.78506278399982,11.1826,1.7012055300000004e-05
5,30.935255804999542,11.1813,1.7095682583332946e-05
6,31.081862457999705,11.1743,1.717911749888875e-05
7,31.230362005999268,11.1251,1.7260632962221886e-05
8,31.377498670999557,11.0999,1.7343048546111077e-05
9,31.527077218999693,11.083,1.7424808731666418e-05
10,31.67237617199953,11.1111,1.7507784238888843e-05
11,31.826366461999896,11.0502,1.7588698372777697e-05
12,31.977781630999743,11.0846,1.767416414277755e-05
13,32.12722468999982,11.0783,1.7758279901666662e-05
14,32.27480918099991,11.0618,1.7841370643333093e-05
15,32.422835470999416,11.0873,1.7923432298888558e-05
16,32.57208134999928,10.9113,1.8005604161666677e-05
17,32.722395883999525,10.9709,1.8088497801666364e-05
18,32.87372901599974,11.0257,1.8171972202222203e-05
19,33.0221978189993,10.9788,1.825611299055557e-05
20,33.174480148999464,10.9587,1.8338559081666467e-05
21,33.32203666699934,10.8573,1.8423115170555523e-05
22,33.47003146899988,10.8963,1.850521020499956e-05
23,33.617078654999204,10.9391,1.8587426353333287e-05
24,33.76541095899938,10.9006,1.8669161824444324e-05
25,33.911256602999856,10.9023,1.8751567842777554e-05
26,34.05900635599937,10.9569,1.8832533794999717e-05
27,34.20980754099946,10.8314,1.8914669787777713e-05
28,34.36088599199957,10.8316,1.8998416106666508e-05
29,34.506841738999356,10.9127,1.9082249876666235e-05
30,34.654526129999795,10.8669,1.9163404933888666e-05
31,34.80272991899983,10.6325,1.9245401757777677e-05
32,34.954186261999894,10.6706,1.9327690966666624e-05
33,35.1043763079997,10.6642,1.941184320222217e-05
34,35.254933300999255,10.5982,1.9495265139444202e-05
35,35.40575582599922,10.622,1.957891291555522e-05
36,35.55709534699963,10.4812,1.966270752222196e-05
37,35.708536169999206,10.5161,1.9746894924444155e-05
38,35.8580037619995,10.4699,1.9830965453333092e-05
39,36.00851788,10.5397,1.991403191833292e-05
40,36.15748379899924,10.3922,1.9997702686110743e-05
41,36.30883744499988,10.3523,2.0080366819444056e-05
42,36.46038274700004,10.3842,2.016447192055542e-05
43,36.61301199099944,10.2369,2.0248706454999595e-05
44,36.76141776999975,10.3258,2.033347817666658e-05
45,36.90981888399983,10.1322,2.0415932607777703e-05
46,37.05865323499984,10.2302,2.0498359329444105e-05
47,37.20372939999925,10.2137,2.0581122843333204e-05
48,37.355896027999734,10.214,2.066169670555559e-05
49,37.505098207999254,10.2329,2.0746155627222024e-05
50,37.6545211269995,10.262,2.0829131793888743e-05
51,37.80387322699971,9.9544,2.0912034418888654e-05
52,37.9533281289996,10.0625,2.0995060146666322e-05
53,38.10221908299991,9.769,2.107807711277777e-05
54,38.252502417999494,9.8682,2.1160760689999733e-05
55,38.40455737299999,9.9355,2.124433407333325e-05
56,38.555507989000034,9.7913,2.1328742903332974e-05
57,38.704638342999715,9.9352,2.141259421333315e-05
58,38.85424716799935,9.8452,2.1495547336666682e-05
59,39.00186954399942,9.5376,2.157861022111067e-05
60,39.15226767900003,9.7477,2.1660760853888457e-05
61,39.302515425999445,9.6578,2.174411953111101e-05
62,39.449214971999936,9.5732,2.1827599818888707e-05
63,39.59890606599947,9.5653,2.1909232821666494e-05
64,39.74816796899995,9.6062,2.199228698277744e-05
65,39.89951132099941,9.628,2.2075416133888617e-05
66,40.04828319799981,9.4355,2.215929478555558e-05
67,40.19455269899936,9.4148,2.2242003882222182e-05
68,40.34433947599973,9.6289,2.232328339111114e-05
69,40.4948771319996,9.381,2.2406513183888517e-05
70,40.64567802399961,9.5618,2.2490146594999614e-05
71,40.79727502499918,9.3352,2.2573854567777343e-05
72,40.947531634999905,9.3283,2.265807582944439e-05
73,41.100353635999454,9.2767,2.2741631607777386e-05
74,41.253857168999275,9.0893,2.2826499113333133e-05
75,41.40272409499994,9.1381,2.291171605666629e-05
76,41.55057284299983,9.2153,2.299448627722187e-05
77,41.6999330969993,8.982,2.307656717222219e-05
78,41.853523351999684,9.2065,2.3159497821666265e-05
79,42.00057169899992,8.9382,2.3244899782222193e-05
80,42.151203964999695,9.0596,2.3326580588888848e-05
81,42.29835430099956,8.9383,2.3410223149444392e-05
82,42.44671956699949,8.9279,2.3492117896110664e-05
83,42.596210455999426,9.0077,2.3574464245555445e-05
84,42.745239885000046,9.0895,2.365755983222193e-05
85,42.89309738299926,8.9509,2.3740288319999714e-05
86,43.041912658,8.908,2.3822459787777716e-05
87,43.19010287199944,8.977,2.3905201844444393e-05
88,43.33813941399967,8.9621,2.398745396777738e-05
89,43.48471961599989,8.9006,2.4069621406110856e-05
90,43.63605879499937,9.0089,2.4151213699444472e-05
91,43.78320760399947,8.4805,2.4235113482221905e-05
92,43.9349586139997,8.729,2.4317013523888516e-05
93,44.082308520999504,8.8167,2.4401265082777478e-05
94,44.23432547199991,8.6684,2.4483177881110757e-05
95,44.385887610999816,8.6571,2.4567494183333012e-05
96,44.53546954199919,8.6689,2.465179112833337e-05
97,44.68671961099972,8.587,2.4734909855555495e-05
98,44.831533300000046,8.395,2.4818848117222135e-05
99,44.9796279079992,8.3848,2.4899361292777434e-05
100,45.130289154999446,8.4584,2.4981664474444187e-05
101,45.27910441499989,8.4957,2.5065311813333313e-05
102,45.43297385299957,8.7359,2.5147924833333185e-05
103,45.58022317399991,8.3715,2.523338314222201e-05
104,45.72796032699989,8.5943,2.531525495166635e-05
105,45.87823022399971,8.8505,2.539734295111076e-05
106,46.027710841000044,8.8345,2.548082498666645e-05
107,46.175398780999785,8.3165,2.556383402611068e-05
108,46.32098584300002,8.3334,2.5645889278888618e-05
109,46.47023629799969,8.6649,2.572688678166641e-05
110,46.62119364799946,8.4752,2.5809761152777355e-05
111,47.584990602999824,8.3982,2.5893594431666617e-05
112,47.73424641099973,8.5387,2.642905508666647e-05
113,47.88373566999962,8.9298,2.651198567333318e-05
114,48.03394849599954,8.5365,2.659492915388859e-05
115,48.18817280499934,8.6601,2.667853631888849e-05
116,48.33929878199979,8.4213,2.6764131392222026e-05
117,48.486519825999494,8.1504,2.6848147674443984e-05
118,48.636005705999196,8.3219,2.6929982091666413e-05
119,48.78572736499973,8.5378,2.7013000574444152e-05
120,48.93321380099951,8.3182,2.7096193578888436e-05
121,49.08336249599961,8.3064,2.7178235169444126e-05
122,49.232833598999605,8.4618,2.7261439184999798e-05
123,49.38308624599995,8.1567,2.7344521071666658e-05
124,49.52956786899995,8.528,2.7427923332221933e-05
125,49.68159233699953,8.4099,2.750940166388874e-05
126,49.83382321799945,8.3823,2.7593705485555298e-05
127,49.984615909999775,8.6122,2.7678344581666655e-05
128,50.133378648999496,8.2461,2.7762136774444014e-05
129,50.2816230239996,8.3787,2.7844914954443996e-05
130,50.43136292700001,8.3159,2.7927213502222106e-05
131,50.58204712799943,8.6322,2.8010318551666593e-05
132,50.727595443999235,8.1021,2.8094096083888573e-05
133,50.877840295999704,8.1494,2.817501359833336e-05
134,51.02906944899951,8.4163,2.825834416388868e-05
135,51.17733357299949,8.4226,2.8342401437221776e-05
136,51.32620084199971,8.2282,2.8424826589444414e-05
137,51.47398052999961,8.414,2.8507482109999827e-05
138,51.62451754999984,8.2497,2.858959219611077e-05
139,51.775417289999496,8.409,2.8673154400555378e-05
140,51.92672786299954,8.0792,2.8757011402221905e-05
141,52.07705531800002,8.2596,2.8841137187777757e-05
142,52.224358556999505,7.9754,2.8924635626666613e-05
143,52.374302827000065,8.2188,2.9006506574999853e-05
144,52.52536979999968,8.2309,2.908976828333329e-05
145,52.67614550899998,8.1268,2.9173591926111032e-05
146,52.82233743100005,8.1473,2.9257387926666323e-05
147,52.97497221100002,8.3022,2.9338646124999996e-05
148,53.12365794899961,8.3247,2.942338431722217e-05
149,53.2751821439997,8.0789,2.9506122179444295e-05
150,53.42319682799916,8.4064,2.9590238588888903e-05
151,53.5711675499997,8.3058,2.9672404763332955e-05
152,53.717715871999644,8.4617,2.975468479055558e-05
153,53.867666559999634,7.852,2.983620969222203e-05
154,54.017467489999945,8.3353,2.991947035333296e-05
155,54.16703611599951,8.1371,3.0002667961666703e-05
156,54.31203989200003,8.2038,3.008571571666633e-05
157,54.461667842999304,7.9577,3.0166344580555538e-05
158,54.610486305999984,8.2745,3.0249371292777344e-05
159,54.75770397999986,7.9451,3.0332021599444188e-05
160,54.910388265999245,8.3211,3.0413893130555354e-05
161,55.057240737999564,8.3009,3.0498598624444135e-05
162,55.205188840999654,7.914,3.058032013333306e-05
163,55.35376296499999,8.1239,3.066245401555534e-05
164,55.50343240999973,8.2187,3.074499075055529e-05
165,55.65209521199995,8.2221,3.082812064333312e-05
166,55.8005523769998,8.483,3.09107753849998e-05
167,55.952667250999184,8.1247,3.099330044055529e-05
168,56.102667249999286,8.1114,3.1077693531111033e-05
169,56.25067995599966,8.1889,3.11609981805552e-05
170,56.39955958399969,8.5419,3.1243430158888766e-05
171,56.54855729999963,8.1604,3.1325964399999674e-05
172,56.69736547999946,7.9865,3.1408782570555465e-05
173,56.847007988999394,8.0704,3.1491547226666325e-05
174,56.99568972399993,7.9191,3.157455583777745e-05
175,57.14231602399923,7.8312,3.165717436999987e-05
176,57.29020539599969,7.9955,3.173866100555541e-05
177,57.43827848699948,7.9222,3.182084213222222e-05
178,57.584425303999524,8.1196,3.1903053217777396e-05
179,57.7329390649993,8.1714,3.198433573444416e-05
180,57.88304558699929,7.9286,3.2066846317222074e-05
181,58.03145805299937,7.9854,3.215020045999962e-05
182,58.182625034999546,7.7143,3.2232694604444484e-05
183,58.333239753999806,7.9709,3.231657895666659e-05
184,58.48224945199945,8.1608,3.240021850222193e-05
185,58.63056558799963,8.1897,3.248300911499983e-05
186,58.78124360199945,8.0378,3.256547008444412e-05
187,58.92688286399971,8.2886,3.2649234082221785e-05
188,59.078229668999484,8.354,3.2730291774999696e-05
189,59.22739532800006,7.836,3.281412036999983e-05
190,59.37564780699995,8.06,3.289706665222184e-05
191,59.5259281639992,8.1625,3.297943610166638e-05
192,59.67321167799946,8.0852,3.306286137611096e-05
193,59.82367244499983,8.1823,3.3144710996110816e-05
194,59.97254804699969,7.79,3.322819439333317e-05
195,60.12278427599995,8.2709,3.3311013931666415e-05
196,60.273283951999474,8.1214,3.3394480176110746e-05
197,60.423382761999164,8.0572,3.3478189546666625e-05
198,60.57591903199955,8.1342,3.356145228888888e-05
199,60.72540052599925,7.9629,3.364619626666657e-05
200,60.872507129999576,8.0341,3.3729318184999915e-05
201,61.02129844999945,7.8156,3.3811056369999684e-05
202,61.17174697499922,7.7788,3.389368481555519e-05
203,61.32386503699945,7.9641,3.397717451444401e-05
204,61.47157875599987,7.8677,3.406163941444447e-05
205,61.6227332769995,7.962,3.4143772616111064e-05
206,61.77181459699932,7.8902,3.42277394944444e-05
207,61.921018271999856,7.8004,3.431076893666664e-05
208,62.069504525999946,7.9078,3.439358305944401e-05
209,62.218343378999634,8.0617,3.4476023992221804e-05
210,62.367916618999516,7.6419,3.4558727784444475e-05
211,62.51640968799984,7.9104,3.464185680444442e-05
212,62.66455208199932,7.9415,3.472427523277777e-05
213,62.81473579199974,8.3539,3.480657484555549e-05
214,62.963993826999285,7.8605,3.488997654944443e-05
215,63.11195886199948,7.7129,3.497293438611097e-05
216,63.25977422100004,7.7424,3.505524343944418e-05
217,63.412914081000054,8.1885,3.513725995444424e-05
218,63.561833516999286,7.918,3.522229965388861e-05
219,63.7095965489998,7.7787,3.530501488555527e-05
220,63.86014065799918,7.848,3.538718029944448e-05
221,64.00870604400006,7.9191,3.547083444888863e-05
222,64.16055285599941,7.9033,3.5553301121666566e-05
223,64.31055136499981,8.0052,3.563779877611069e-05
224,64.46234000200002,7.9936,3.572092116111081e-05
225,64.61461932299972,8.1575,3.580529298888854e-05
226,64.76372681799967,8.1653,3.58898138155554e-05
227,64.91024835899952,7.9919,3.597272675055542e-05
228,65.0588560289998,8.2789,3.605419880999964e-05
229,65.20504238899957,7.8732,3.61366632716666e-05
230,65.35022168799969,7.7861,3.6217996890555296e-05
231,65.49946247499975,7.6551,3.6298663129999924e-05
232,65.65014441399944,7.9237,3.638145970888874e-05
233,65.80044188899956,7.7696,3.646518625055554e-05
234,65.94534416099941,7.4269,3.654870164555531e-05
235,66.09325327999977,7.6507,3.6629275027221914e-05
236,66.24389197899927,7.708,3.671139364222199e-05
237,66.39499246399919,8.1497,3.6795146653888776e-05
238,66.54671845099983,7.8856,3.6878992909444403e-05
239,66.69578166099927,8.147,3.6963346894444334e-05
240,66.84568854600002,7.8829,3.7046088303888816e-05
241,66.99457093599995,7.7577,3.7129473480555236e-05
242,67.14697566799987,7.8462,3.72122308349996e-05
243,67.2969807189993,7.7796,3.729676196277777e-05
244,67.44734592799978,7.8526,3.738008777833329e-05
245,67.59774313499929,7.8119,3.746357759777766e-05
246,67.74710767499982,7.9102,3.754717390222191e-05
247,67.89720058500006,7.812,3.763017201611092e-05
248,68.04412671099999,7.4853,3.771359257333289e-05
249,68.19799624000007,7.7753,3.7795479513888496e-05
250,68.3496209039995,7.6697,3.788072043111091e-05
251,68.49855987599949,8.0348,3.7964828310555275e-05
252,68.64631404400006,7.8701,3.804769920388885e-05
253,68.79850265200002,7.8116,3.8129800853888705e-05
254,68.9475890449994,8.051,3.8214184971111036e-05
255,69.09847262999938,8.1622,3.8297266680555266e-05
256,69.24714238699926,8.0055,3.838089956555551e-05
257,69.39663203999953,7.5462,3.846362150777774e-05
258,69.54411942699971,7.7397,3.8546636724444294e-05
259,69.69636605799951,7.9296,3.8628565876666573e-05
260,69.84648735999963,8.0554,3.8713124802222105e-05
261,69.99493104599969,7.6653,3.879648186222211e-05
262,70.14255496399983,8.1601,3.887900571666655e-05
263,70.28982748599992,7.8002,3.896105472722209e-05
264,70.43784839199998,7.5845,3.904284900444408e-05
265,70.58721703599986,7.9308,3.912516289888875e-05
266,70.73603769900001,7.6768,3.920817185833332e-05
267,70.88677613499931,7.8228,3.929084102166649e-05
268,71.03539083899977,7.9405,3.937449712944423e-05
269,71.18439362999925,7.7445,3.9457129742222105e-05
270,71.33557681799994,7.8632,3.953987029055548e-05
271,71.48562482899979,7.917,3.962384421833324e-05
272,71.63483091599937,7.7345,3.970725249222192e-05
273,71.7852577879994,7.8545,3.9790131097222206e-05
274,71.93967614599933,7.8207,3.9873697963332945e-05
275,72.08972671499941,8.1624,3.9959450850555594e-05
276,72.24150354499943,8.1674,4.004284064555527e-05
277,72.39363921599943,8.1066,4.012720849388845e-05
278,72.54349662000004,7.872,4.021167747499982e-05
279,72.691201052,7.7952,4.02949115411108e-05
280,72.83924709599978,7.8171,4.0376977007222196e-05
281,72.99218076999932,7.7992,4.0459191033888707e-05
282,73.14448455999991,8.0591,4.05441382066662e-05
283,73.29469712899936,7.5698,4.062871669944444e-05
284,73.44418704399959,7.6441,4.0712231337777465e-05
285,73.59526415399978,7.7101,4.0795262307222206e-05
286,73.74953110799925,8.0326,4.087912407333331e-05
287,73.8958706809999,7.7067,4.096484687333335e-05
288,74.04507608399945,7.7299,4.104632163555531e-05
289,74.19526313000006,7.8225,4.112912468111113e-05
290,74.34784919100002,7.8172,4.121244495055534e-05
291,74.49542895299965,7.7917,4.1297276953888894e-05
292,74.64647955099917,8.0685,4.137933804777782e-05
293,74.80048611699931,7.9332,4.146314344222194e-05
294,74.95088423799916,7.7569,4.154861272166626e-05
295,75.09871774299972,7.6282,4.163230167722203e-05
296,75.24753387999954,7.7018,4.171442745277748e-05
297,75.39494675900005,7.7386,4.17970369322221e-05
298,75.54496550799922,7.815,4.187900896944434e-05
299,75.69461947799937,7.6315,4.196226519055522e-05
300,75.84620587099926,7.7968,4.2045474169999585e-05
301,75.99366254799952,7.6673,4.212958693499988e-05
302,76.14250377299959,7.3804,4.221164397055519e-05
303,76.29268664399933,7.5821,4.229431518388891e-05
304,76.4431415579993,7.6577,4.237772670111099e-05
305,76.59058288899996,7.4956,4.2461336437222095e-05
306,76.73768911699972,7.9988,4.2543361632221804e-05
307,76.88616876499964,7.9276,4.262501542722222e-05
308,77.03410620399973,7.5559,4.270747580944418e-05
309,77.18887394299963,7.6226,4.2789682312221784e-05
310,77.33981265500006,7.7034,4.287556710722179e-05
311,77.48925299999974,7.538,4.295953762611084e-05
312,77.64245996999944,8.0991,4.304243491944413e-05
313,77.79329092899934,7.4608,4.312764877111072e-05
314,77.9423506789999,7.5751,4.3211406669444034e-05
315,78.08896403799918,7.4137,4.3294307393333236e-05
316,78.23873771499984,7.7826,4.3375740956666456e-05
317,78.39145006599938,7.7148,4.345885311499994e-05
318,78.54188715599958,7.6798,4.354373331222178e-05
319,78.69441284999994,7.8642,4.362721333277781e-05
320,78.84618523999961,7.8705,4.371201263888856e-05
321,78.99833218999993,7.5002,4.379628105388848e-05
322,79.14701590599998,8.1801,4.388097363055547e-05
323,79.29821062599967,7.7977,4.396342726888886e-05
324,79.4466448839994,7.7282,4.404739936722207e-05
325,79.59955031699974,7.7036,4.4130050783332996e-05
326,79.75091943000007,7.7446,4.421482044222204e-05
327,79.90221116999965,7.6468,4.429895560499972e-05
328,80.05233420599961,7.7356,4.4382948909999665e-05
329,80.2031475849999,7.8646,4.446652986277766e-05
330,80.35607278799944,7.6708,4.455013515333323e-05
331,80.50105497200002,7.68,4.463520871499996e-05
332,80.64945451599942,7.9984,4.471576084944446e-05
333,80.80055960799928,7.9835,4.479826824888884e-05
334,80.95216057199923,7.6747,4.488228709777761e-05
335,81.10437225199985,7.5716,4.49663248327776e-05
336,81.2561309419998,7.7778,4.505089919388866e-05
337,81.40722299399931,7.5764,4.513515530222221e-05
338,81.55607984899962,7.5003,4.521918868166621e-05
339,81.70896639799957,7.7732,4.530183511777776e-05
340,81.85930528799963,7.8794,4.5386790212777566e-05
341,82.01299057599954,7.8685,4.547034688222185e-05
342,82.16751750399999,8.0067,4.555572949388888e-05
343,82.32163408299948,7.6838,4.5641443246110814e-05
344,82.47351368999989,7.7241,4.5727158369999824e-05
345,82.62525113999982,8.0177,4.581154947222179e-05
346,82.775702594,7.6094,4.5895917196110837e-05
347,82.92505513699962,7.6594,4.597945647166651e-05
348,83.07295417399928,7.6111,4.6062488079444144e-05
349,83.22769846799929,7.8604,4.614458789944416e-05
350,83.37731978099964,7.7356,4.623059138833317e-05
351,83.52566083399961,7.5515,4.6313678051110906e-05
352,83.6766903759999,7.6145,4.639619853444401e-05
353,83.83170512299967,7.5805,4.648002784277752e-05
354,83.98133876299926,7.7801,4.65659881883332e-05
355,84.13005626499944,7.3703,4.664925101111092e-05
356,84.28472136099936,7.9526,4.6731870183333136e-05
357,84.43154828399929,7.1701,4.6817808483332964e-05
358,84.5802869829995,7.0806,4.68994198622219e-05
359,84.72971304799921,7.664,4.698199533333335e-05
360,84.88324161399942,7.5056,4.706496254277732e-05
361,85.03509263599972,7.609,4.715024377777759e-05
362,85.18826249899939,8.0351,4.723461261944421e-05
363,85.33870202399976,7.404,4.7319706924999996e-05
364,85.4894539349998,7.9007,4.740325968555529e-05
365,85.64230229199984,7.6829,4.748710073611114e-05
366,85.79392479699982,7.3463,4.757199880666627e-05
367,85.94722412199917,7.7816,4.765619935111065e-05
368,86.09643366099954,7.254,4.774134916444433e-05
369,86.24643492399991,7.5924,4.7824309202777736e-05
370,86.39605329299957,7.6539,4.790761991666639e-05
371,86.54714162999971,7.4887,4.7990661612222236e-05
372,86.6974734789992,7.7986,4.8074678097777406e-05
373,86.85154020199934,7.35,4.815821539722189e-05
374,87.00024696799937,7.7158,4.82437548094443e-05
375,87.15364630599925,7.498,4.8326390621111084e-05
376,87.30428673999995,7.4772,4.841155387111081e-05
377,87.45428227499997,7.6788,4.84953326783332e-05
378,87.60385702099938,7.3725,4.8578671551111054e-05
379,87.75486453299982,7.616,4.866182225444441e-05
380,87.90506272199946,7.4372,4.8745657782222024e-05
381,88.05313948399998,7.7845,4.8829160779444266e-05
382,88.20081841999945,7.3408,4.89114919599999e-05
383,88.34846287099936,6.9531,4.899339156722211e-05
384,88.49725577999925,7.5506,4.9075466784444065e-05
385,88.64552526499938,7.682,4.915801883611089e-05
386,88.79533668599925,7.5397,4.9240473213332936e-05
387,88.94737475099919,7.6803,4.932372234499983e-05
388,89.09644959399975,7.0954,4.940812974722222e-05
389,89.2445617229996,7.6729,4.949103598111075e-05
390,89.39632430399979,7.8334,4.957323615277751e-05
391,89.54802834999919,7.5815,4.965748823833312e-05
392,89.69666854299976,7.1498,4.9741780514444455e-05
393,89.84749387600004,7.6039,4.982445543499984e-05
394,89.99866853799995,7.758,4.9908155714999547e-05
395,90.1479699879992,7.4505,4.999221986333295e-05
396,90.30029733999982,7.2441,4.999165242845681e-05
397,90.44769832699967,7.1159,4.998225199209881e-05
398,90.59756533499967,7.4493,4.9973149176913624e-05
399,90.74630472999979,6.9915,4.996389461697534e-05
400,90.89741220799988,7.3244,4.995470827376547e-05
401,91.05004191599983,8.056,4.994539274771605e-05
402,91.20142328999918,7.6481,4.993596170135805e-05
403,91.35344431299927,7.6803,4.992661150734572e-05
404,91.50603105899972,7.7381,4.991725023104939e-05
405,91.65533371399943,7.3097,4.9907829365000025e-05
406,91.80694561999917,7.4263,4.9898606685925966e-05
407,91.95767964499919,7.5628,4.988924806388892e-05
408,92.11059375900004,7.764,4.987993251240744e-05
409,92.25775866599997,7.6074,4.987050650333335e-05
410,92.405579794,7.5154,4.986139666327161e-05
411,92.55541856199943,7.6858,4.9852281072407444e-05
412,92.70394794000003,7.4359,4.984303644648152e-05
413,92.85376493399963,7.5439,4.983386936641979e-05
414,93.00470984899948,7.5024,4.9824624907654326e-05
415,93.15680949199941,7.3128,4.981531159882718e-05
416,93.31098573199961,7.9583,4.980591627567905e-05
417,93.46049627699995,7.0763,4.979639833641979e-05
418,93.61173657299969,7.6567,4.978716414919757e-05
419,93.76218670399976,7.4331,4.977783954561734e-05
420,93.91205323099985,7.4249,4.97685515127778e-05
421,94.06224135499997,7.7027,4.975929350333338e-05
422,94.21096860999933,7.2091,4.9750021649321004e-05
423,94.35981793499923,7.4382,4.9740849305061725e-05
424,94.51054020099946,7.7005,4.973165751438276e-05
425,94.66504181499931,7.6308,4.972236410734572e-05
426,94.8143841329993,7.6044,4.971281957141979e-05
427,94.96627168399937,7.5838,4.9703602749012385e-05
428,95.11705786399943,7.6256,4.969423424703704e-05
429,95.27009959899988,7.6411,4.9684921629321e-05
430,95.4209803699996,7.5023,4.967547755395067e-05
431,95.57030678399951,7.738,4.966617084617285e-05
432,95.72069346099943,7.6124,4.965693545000003e-05
433,95.8689914889992,7.343,4.964765390746918e-05
434,96.02177707800001,7.294,4.963850457759264e-05
435,96.17041341499953,7.7454,4.962906628907407e-05
436,96.31995289999941,7.3228,4.961989883851857e-05
437,96.46994133499993,7.2271,4.9610661892530904e-05
438,96.61915371799932,7.1966,4.96014109016667e-05
439,96.76564038800007,7.4677,4.959218901512346e-05
440,96.91881407099936,7.982,4.958314583493828e-05
441,97.06792648699957,7.3269,4.957371051950618e-05
442,97.21760941399953,7.413,4.956449566172843e-05
443,97.36812470899986,7.5663,4.955526756808647e-05
444,97.51496246499937,7.7236,4.954596717901237e-05
445,97.6663084389993,7.4606,4.9536893628148145e-05
446,97.81646811099927,7.8314,4.9527569587654334e-05
447,97.967715623,7.3643,4.951828793907411e-05
448,98.1199510409997,7.3978,4.9508958204382736e-05
449,98.26837035599965,7.3921,4.9499558180246925e-05
450,98.41777010599981,7.1093,4.949038974246917e-05
451,98.56655695099926,7.1639,4.948117237117284e-05
452,98.71685119199992,7.1757,4.947199036845683e-05
453,98.86709470499954,7.4972,4.946270849530866e-05
454,99.02016668899978,7.8206,4.945343668493833e-05
455,99.16921967899998,7.2238,4.944398773425926e-05
456,99.31604230799985,6.9129,4.943477563740746e-05
457,99.46522109699981,7.2465,4.9425721848024695e-05
458,99.61438178799926,7.054,4.941651362450619e-05
459,99.76406123599918,7.194,4.940729417222226e-05
460,99.91678191499977,7.455,4.939806048407409e-05
461,100.06911510600003,7.2256,4.9388643950987676e-05
462,100.22386035,7.5837,4.937925009592596e-05
463,100.37342023499968,7.3329,4.93696929225309e-05
464,100.52314069799922,7.4081,4.936045130432101e-05
465,100.67316056399977,7.4441,4.9351205398765456e-05
466,100.8271381099994,7.1192,4.934194875234571e-05
467,100.97905021599945,7.8334,4.933244111006175e-05
468,101.12933770299969,7.5709,4.932306745296299e-05
469,101.27783471099974,7.501,4.93137785138889e-05
470,101.43026258600003,7.7119,4.9304617657160546e-05
471,101.57944859799954,7.6849,4.929521791617289e-05
472,101.7295383669998,7.1633,4.9285995007284004e-05
473,101.87907224299943,7.1267,4.927672580888892e-05
474,102.03342359499948,8.1678,4.926749951932099e-05
475,102.18779788999927,7.4841,4.9257988331172856e-05
476,102.34024530699935,7.5738,4.924845075604941e-05
477,102.49305661699964,7.9709,4.923903161283952e-05
478,102.64633160499943,7.6057,4.922961618833339e-05
479,102.79789480099953,7.54,4.9220149078642016e-05
480,102.95027416999983,7.4056,4.921079460703705e-05
481,103.09987706899938,7.3775,4.920137673129633e-05
482,103.25024823999956,6.9648,4.919215266351852e-05
483,103.39711810899917,7.3535,4.918286433851852e-05
484,103.54659096899923,7.554,4.917380198820989e-05
485,103.6995520649998,7.7886,4.916458033030868e-05
486,103.85327077099919,7.5318,4.9155137709938314e-05
487,104.00020790599956,7.3055,4.9145649194444483e-05
488,104.15093791099935,6.9981,4.9136563703580266e-05
489,104.29740537999987,6.8833,4.912727921487658e-05
490,104.45009653499983,7.014,4.9118223793209915e-05
491,104.59852632099955,7.2356,4.910881960135803e-05
492,104.75119614599953,7.6243,4.909964384462966e-05
493,104.90182036599981,7.0389,4.909022474740742e-05
494,105.05480111699944,7.8049,4.9080913557716066e-05
495,105.20547550599986,7.5987,4.907148174561731e-05
496,105.3590356249997,7.5604,4.906218042222227e-05
497,105.51246771399929,7.124,4.905270910271606e-05
498,105.66398927999944,7.3853,4.904322840049387e-05
499,105.81156339299923,7.185,4.9033879025308654e-05
500,105.9611955649998,7.3264,4.902476260376548e-05
501,106.11283516000003,7.232,4.901552043993832e-05
502,106.26618759399935,7.2321,4.900617254580253e-05
503,106.41736745899925,7.6249,4.8996704750679055e-05
504,106.57004396999946,7.2069,4.8987374585061744e-05
505,106.72368975999962,7.5922,4.8977952382284e-05
506,106.87440430499919,7.044,4.896846247604942e-05
507,107.02129815599983,7.0654,4.895915399030867e-05
508,107.17250831299953,7.4632,4.895006990111114e-05
509,107.32396113199957,7.141,4.8940753431296304e-05
510,107.47734951499933,7.3101,4.893141011611112e-05
511,107.62972688599984,7.2888,4.8921932573765466e-05
512,107.77992085999995,7.3441,4.891253931055557e-05
513,107.93024210699969,7.3822,4.890325639308646e-05
514,108.08202399199945,7.5902,4.889397629018523e-05
515,108.2337833169995,7.4114,4.888461005981484e-05
516,108.38844731699919,7.7264,4.887523422969138e-05
517,108.54318994999994,7.3192,4.886570478709877e-05
518,108.68824103899988,6.8411,4.885614581827162e-05
519,108.83795217599982,7.4379,4.8847180739259254e-05
520,108.99086474599972,7.4416,4.883794669327163e-05
521,109.14255449999928,7.2129,4.8828502105370384e-05
522,109.29212575599922,7.3588,4.881914709370371e-05
523,109.4445265559998,7.66,4.880990705975314e-05
524,109.59672719099945,7.4919,4.880050361808644e-05
525,109.74343556599979,6.3215,4.879111338691361e-05
526,109.89232485499997,6.6458,4.878204012462964e-05
527,110.04687510699932,7.5194,4.877285533765436e-05
528,110.19742356899951,7.0395,4.8763336566419774e-05
529,110.34696373799943,7.0618,4.875403024327165e-05
530,110.50059487999988,7.2822,4.87447918705556e-05
531,110.65426567299983,7.1099,4.8735324254197576e-05
532,110.80746431999978,7.1697,4.872583545913585e-05
533,110.95699208299993,6.7776,4.8716373363271614e-05
534,111.10522934899927,6.9733,4.870714222253091e-05
535,111.25460720499996,7.2109,4.869798417308647e-05
536,111.40779774999919,7.5163,4.8688771816234614e-05
537,111.56257674199969,7.0369,4.86793244055556e-05
538,111.71334779599965,7.6163,4.866976706604941e-05
539,111.86432018100004,7.2435,4.866045033308643e-05
540,112.01975650399982,7.1433,4.8651135846172885e-05
541,112.17422621999958,7.2666,4.8641534520740757e-05
542,112.3274588839995,7.588,4.863200524728396e-05
543,112.47954760999983,7.3496,4.8622543571851894e-05
544,112.63336416499988,7.5961,4.8613164252592644e-05
545,112.78568925199943,7.3643,4.860365880864198e-05
546,112.93518340099945,7.2607,4.859426481216052e-05
547,113.08590964499945,7.394,4.858503217111112e-05
548,113.23805166299917,6.5589,4.857572708129631e-05
549,113.39008803899924,7.3346,4.856633251271607e-05
550,113.54124337399935,7.5879,4.8556958213209924e-05
551,113.69325767600003,7.2331,4.8547612205679016e-05
552,113.84322417299973,6.3474,4.853823780462964e-05
553,113.99141661499925,6.1048,4.8528971603518534e-05
554,114.14474290499948,7.3382,4.851983238635804e-05
555,114.29391488599958,7.3626,4.8510376665370384e-05
556,114.446032199,7.4635,4.850116137697535e-05
557,114.59647453599973,7.2954,4.849177382561731e-05
558,114.74627211299958,6.9092,4.848248525981484e-05
559,114.89531733599961,7.537,4.8473232551049437e-05
560,115.0435848069992,7.5952,4.8464036464320985e-05
561,115.19486449299984,7.0282,4.845488387950618e-05
562,115.3495454139993,7.8126,4.844555032382721e-05
563,115.50002779599981,7.3546,4.843600897913584e-05
564,115.65202564399988,6.9476,4.842670958148153e-05
565,115.80317994500001,7.0003,4.8417323200493835e-05
566,115.95210817899988,6.9697,4.8407996106358035e-05
567,116.10244451799917,7.2069,4.8398801073580286e-05
568,116.25452248599959,7.2506,4.838951446148151e-05
569,116.40809851999984,7.4442,4.838014385592594e-05
570,116.55831834299988,7.4052,4.837066613697533e-05
571,116.71194870399995,7.0603,4.8361386742530904e-05
572,116.86102870599916,7.2769,4.835189584771606e-05
573,117.01172292999945,7.2431,4.834269560259263e-05
574,117.16369480199955,7.261,4.833339523938276e-05
575,117.31586002599943,6.7136,4.8324024062160535e-05
576,117.46806347899928,7.2015,4.8314625803456844e-05
577,117.62000015800004,7.2368,4.8305236230555556e-05
578,117.77424281099957,7.6865,4.829584380358029e-05
579,117.9315201519994,7.341,4.828633914617288e-05
580,118.08371003699995,7.6293,4.8276626478518554e-05
581,118.24002343199936,7.0788,4.826722244364203e-05
582,118.3929940019998,7.1031,4.8257592229259294e-05
583,118.54611564599963,7.2275,4.824813742154321e-05
584,118.69518818699999,6.9602,4.823869436753088e-05
585,118.848061443,6.7833,4.8229473398950644e-05
586,118.99487365200002,7.0928,4.8220042362037065e-05
587,119.14949094199983,7.5202,4.821096275117287e-05
588,119.30176881499938,7.3673,4.820144374783956e-05
589,119.4528320999998,7.2538,4.819203181308644e-05
590,119.60093987399978,6.5947,4.818272041679017e-05
591,119.75173369099957,7.0803,4.817356157629631e-05
592,119.90402408699993,7.0638,4.8164255137098794e-05
593,120.05863854399922,7.1757,4.8154859367098784e-05
594,120.21154411099997,7.6333,4.814531498611112e-05
595,120.36129773299945,7.2858,4.813587647987659e-05
596,120.50957613399987,6.8802,4.812662963833337e-05
597,120.66100970199932,7.2345,4.81174725438272e-05
598,120.81425376699917,7.4269,4.810812544969137e-05
599,120.96462660399993,7.0302,4.809868005790128e-05
600,121.11650585999996,7.1306,4.808938034086421e-05
601,121.2681876609995,6.5335,4.8080014730493884e-05
602,121.41732360999958,7.1717,4.807064943740746e-05
603,121.56547702699936,7.0893,4.806144859339507e-05
604,121.71577539699956,7.3246,4.805229543537039e-05
605,121.86719874099981,7.4045,4.8043016514567946e-05
606,122.02144530199985,7.488,4.803367716135805e-05
607,122.17638886199984,6.9832,4.802415224598766e-05
608,122.330754179,7.0941,4.80145886708025e-05
609,122.48553632099993,7.6389,4.800505813185186e-05
610,122.63409110199973,7.0914,4.7995502378209925e-05
611,122.78752712200003,6.9166,4.798633277049383e-05
612,122.94313600899932,7.0815,4.797686856672842e-05
613,123.0998063649995,7.0279,4.796726288759264e-05
614,123.25694101199952,7.5679,4.79576051706173e-05
615,123.40788695999981,6.95,4.794789052746918e-05
616,123.5617099129995,6.7907,4.793857284641979e-05
617,123.71206338299999,7.296,4.792908111697536e-05
618,123.86343272699924,7.0225,4.79197849870988e-05
619,124.01732342399919,7.2328,4.7910445454938304e-05
620,124.16961489299956,6.9642,4.790095289666669e-05
621,124.31948433799971,7.4112,4.7891541060864236e-05
622,124.46594646799986,6.22,4.788229322339506e-05
623,124.61914169299962,7.3757,4.7873249341172886e-05
624,124.77098452899918,7.451,4.786380530895061e-05
625,124.9226054009996,7.2011,4.7854422448086433e-05
626,125.07614148799985,6.7872,4.784507474104941e-05
627,125.22801303699998,7.4863,4.7835592864567943e-05
628,125.37905484799921,6.5519,4.782622302425931e-05
629,125.52521103299932,6.768,4.781689268987655e-05
630,125.68075810699975,7.4893,4.780786484555561e-05
631,125.83409802699953,7.0423,4.779827340209882e-05
632,125.98588008299976,7.1938,4.7788811654876566e-05
633,126.13732629399965,7.1105,4.777943585240741e-05
634,126.28765296399979,6.5201,4.777008831074078e-05
635,126.4353912409997,7.3694,4.776080287296298e-05
636,126.591831748,7.1264,4.775168324117287e-05
637,126.74394068999936,6.8862,4.7742036819259275e-05
638,126.8978544749998,7.4323,4.773264290617287e-05
639,127.04940268199971,7.2594,4.772314098654326e-05
640,127.20261744099935,6.859,4.771378848432101e-05
641,127.3496542999992,6.8392,4.770433432938273e-05
642,127.49942947699947,7.4287,4.769525312555558e-05
643,127.64809147100004,6.7123,4.768600083407409e-05
644,127.79790611299995,7.2062,4.767682021388894e-05
645,127.94672747299956,7.1851,4.7667584869691384e-05
646,128.0965503519992,6.6753,4.765838981697533e-05
647,128.2467830939995,7.1507,4.764914002469141e-05
648,128.39728734799974,6.9019,4.7639873142098786e-05
649,128.5500780829998,7.6315,4.763058591839508e-05
650,128.69963649799956,6.8853,4.762115032191363e-05
651,128.85162468,7.5125,4.7611907743086456e-05
652,129.00204243200005,7.3026,4.760253913493828e-05
653,129.15456883099978,7.2894,4.759324054123457e-05
654,129.30053718399995,5.9963,4.758384786839509e-05
655,129.45354303599925,7.0776,4.75748208612346e-05
656,129.60502548499971,6.9754,4.756539134703709e-05
657,129.75868248799998,7.2233,4.755604073160494e-05
658,129.91066783299993,7.078,4.754654677191361e-05
659,130.0632075429994,7.1618,4.75371669732099e-05
660,130.21530573499967,7.4904,4.752775273672841e-05
661,130.3684094499995,7.3619,4.751836863129629e-05
662,130.52041461999943,7.3336,4.75089216071605e-05
663,130.67334558199946,7.123,4.74995410582099e-05
664,130.82470482600002,7.045,4.7490086103580274e-05
665,130.9765358429995,7.0386,4.748074500104939e-05
666,131.1290683519992,6.7854,4.747136955882721e-05
667,131.28127913299977,7.6071,4.7461964360432145e-05
668,131.43194271899938,7.4691,4.7452556616358046e-05
669,131.58360190999974,7.5514,4.744325765808646e-05
670,131.73512520499935,6.5487,4.743390442277781e-05
671,131.88935089499955,7.5795,4.742454735160495e-05
672,132.04195803899984,7.0247,4.741502357222224e-05
673,132.19496712099954,7.4321,4.740560232586423e-05
674,132.347625419,6.7433,4.7396159940802496e-05
675,132.49903248699957,7.4143,4.738673922228395e-05
676,132.65224835499976,7.279,4.7377393774382754e-05
677,132.8043117219995,6.5644,4.736792793487658e-05
678,132.95855291099997,6.95,4.735853447401238e-05
679,133.10940358299922,6.6408,4.7349026684012384e-05
680,133.2638630449992,6.7229,4.733970973580249e-05
681,133.4172415339999,7.4668,4.7330177737037086e-05
682,133.56838270999924,7.6262,4.732071448925929e-05
683,133.71604013399974,6.8205,4.7311376317530904e-05
684,133.86994936299925,6.9943,4.730226193666669e-05
685,134.02266026599955,7.0401,4.729277014302473e-05
686,134.1728839139996,6.9671,4.72833494477778e-05
687,134.32433137799944,7.2179,4.727406818129634e-05
688,134.48209108299943,7.4886,4.72647278014815e-05
689,134.6359805279999,6.2956,4.725500638438277e-05
690,134.78968524399988,6.6312,4.72454855932099e-05
691,134.94527838499926,7.1052,4.723600226086423e-05
692,135.0997018579992,7.6682,4.722639036141977e-05
693,135.2499567599998,7.1721,4.721686390598768e-05
694,135.4044805779995,7.3133,4.7207579242222266e-05
695,135.55635174799954,7.1586,4.719804853623457e-05
696,135.70730616899982,7.2792,4.718868007481483e-05
697,135.86032693699963,7.1765,4.717935155098766e-05
698,136.01799808499982,7.5045,4.716991161487655e-05
699,136.17132057899926,6.7982,4.716017623913581e-05
700,136.3227800169998,7.0561,4.7150696457098814e-05
701,136.47581983599957,6.868,4.7141355460987686e-05
702,136.63007464899965,6.8353,4.7131897678827166e-05
703,136.78229141799966,7.1455,4.712239151790129e-05
704,136.93371494299936,7.3067,4.711297898691359e-05
705,137.08652198899927,7.4427,4.7103634798456794e-05
706,137.23870892399918,7.5053,4.709421687703705e-05
707,137.38827191699966,7.2146,4.7084814985246964e-05
708,137.54264682199937,7.4501,4.707557780790124e-05
709,137.6965654149999,7.1306,4.706606077246918e-05
710,137.84958722099964,6.8621,4.705655496154325e-05
711,137.99907481599985,6.3965,4.704711342796297e-05
712,138.15094976399996,6.2742,4.703788026320991e-05
713,138.30300198999976,7.0423,4.702850838506173e-05
714,138.46026775999962,6.8886,4.701912333179016e-05
715,138.61020854399976,7.2612,4.700942401493828e-05
716,138.75859274999948,6.6894,4.700016411981486e-05
717,138.91352057899985,7.1811,4.6990994420308694e-05
718,139.0691157199999,7.3023,4.698143563666668e-05
719,139.22534987499967,7.0823,4.697183015549388e-05
720,139.37712288700004,7.0103,4.69622000420988e-05
721,139.52722684299988,6.754,4.69528200768519e-05
722,139.6801869109995,7.4593,4.6943543425432096e-05
723,139.82801926199954,6.5018,4.69341136701852e-05
724,139.97534919099962,6.9419,4.6924980473333376e-05
725,140.1233420209992,7.3686,4.6915878271481496e-05
726,140.2775434589994,7.7953,4.690675136654321e-05
727,140.4311013609995,7.1651,4.689723501469141e-05
728,140.58606875299938,7.2136,4.688776142104939e-05
729,140.73715806999917,7.3006,4.6878194891666716e-05
730,140.89056076199995,7.2534,4.6868855145493865e-05
731,141.0420568089994,6.8857,4.685940362932101e-05
732,141.19557117399927,6.6429,4.685004449074078e-05
733,141.3457748969995,7.4602,4.684058193901236e-05
734,141.49802890199953,7.0478,4.683129515993827e-05
735,141.6546882399998,7.1792,4.682190254049388e-05
736,141.80673960499917,6.4181,4.6812232396049424e-05
737,141.96065684699988,6.6987,4.680283933308646e-05
738,142.11024699099926,7.2713,4.679333844679015e-05
739,142.26251020399923,7.0979,4.678409582907411e-05
740,142.41382652899938,6.8927,4.6774697552037084e-05
741,142.56671130999985,7.14,4.676536171740742e-05
742,142.7195979449998,7.1589,4.6755933520555605e-05
743,142.87038208099966,6.9187,4.6746496063333385e-05
744,143.0203470889992,6.699,4.673718669277779e-05
745,143.1693507659993,6.8428,4.672792111993832e-05
746,143.3226393089999,7.1236,4.6718708922963006e-05
747,143.47785914799988,7.2012,4.6709269223950645e-05
748,143.62622558299972,6.7128,4.669968300018523e-05
749,143.77674913099963,7.332,4.6690519440925936e-05
750,143.93079318499986,7.1756,4.66812345112963e-05
751,144.0895953219997,7.0276,4.6671739651358025e-05
752,144.24660723799934,7.26,4.666193558679015e-05
753,144.3998258319998,7.4047,4.6652243772283995e-05
754,144.55105323099997,6.932,4.66427726014198e-05
755,144.70349521699973,6.624,4.6633444399567905e-05
756,144.85604246799994,6.9372,4.66240290788272e-05
757,145.00732215399967,6.7425,4.66146130988272e-05
758,145.1568712369999,7.1167,4.660526370172844e-05
759,145.30898365599933,7.5942,4.659603817376547e-05
760,145.46323633599968,7.2069,4.6586655808148154e-05
761,145.61874294899917,7.099,4.6577152328703746e-05
762,145.77205151899943,6.9882,4.656753109839507e-05
763,145.92755036499966,6.8275,4.6558074663765436e-05
764,146.0829203909998,6.8643,4.654847386648153e-05
765,146.23552724399997,7.2076,4.6538887109691357e-05
766,146.38459547999992,6.3192,4.652945772283955e-05
767,146.5366719069998,7.319,4.652024940549387e-05
768,146.69019029799983,6.7759,4.651087781808644e-05
769,146.83532054499938,5.8239,4.650138857320992e-05
770,146.98339523899995,5.8599,4.649242187919754e-05
771,147.13633964099972,6.9438,4.6483294037160494e-05
772,147.2896090209997,7.2664,4.6473847718086436e-05
773,147.4410018339995,6.1898,4.6464396865246925e-05
774,147.59441785999934,6.583,4.6455051304444486e-05
775,147.74475326099946,6.0583,4.6445589290987704e-05
776,147.890924026,6.7091,4.643629148975311e-05
777,148.04021928399925,6.4771,4.6427270512469177e-05
778,148.19522076999965,6.4762,4.64180437721605e-05
779,148.35222704399985,6.6238,4.6408497583703746e-05
780,148.50390960499954,7.2992,4.6398797887345724e-05
781,148.65671157399993,7.3546,4.638943427524692e-05
782,149.28385554899978,7.0714,4.6379999869938314e-05
783,149.43363309100005,7.003,4.634130578901236e-05
784,149.58333157699963,6.5413,4.633203212993831e-05
785,149.73634666699945,7.4953,4.632279680012351e-05
786,149.8897561849999,6.5783,4.6313353635679044e-05
787,150.04567791299996,7.298,4.6303877773209905e-05
788,150.20035061499948,7.2803,4.6294270952098764e-05
789,150.35437916499995,6.9312,4.6284716489012346e-05
790,150.506303096,7.064,4.627521234827164e-05
791,150.65582214799997,7.0078,4.626582221753089e-05
792,150.80862401399918,6.943,4.625658558506176e-05
793,150.9575148719996,6.9306,4.6247172532283985e-05
794,151.10725366399947,6.999,4.6237973093642006e-05
795,151.26184947799993,6.7944,4.6228733807098803e-05
796,151.41433043899997,7.1283,4.6219189850061764e-05
797,151.56620475599993,6.8939,4.620979320067902e-05
798,151.716032327,6.6732,4.6200399896790125e-05
799,151.8709422009997,7.2577,4.619115153635808e-05
800,152.02439722399959,7.0397,4.6181597434012395e-05
801,152.17891145499925,7.0179,4.617212884037038e-05
802,152.32955838599992,6.9969,4.6162591433086434e-05
803,152.48298069699922,6.4386,4.615328046882721e-05
804,152.63169029499932,6.9075,4.614381929586424e-05
805,152.78170888599925,6.5967,4.613462227074078e-05
806,152.93337932699978,7.2247,4.6125369644691385e-05
807,153.08379339799922,6.8891,4.6116017542962997e-05
808,153.234065912,6.4286,4.6106708614444455e-05
809,153.39136567900005,7.184,4.609745727932101e-05
810,153.54348850599945,5.991,4.6087757133148184e-05
811,153.69680261399935,7.011,4.6078349059506216e-05
812,153.84975736699926,6.2985,4.606888591685186e-05
813,154.0032100039998,7.1073,4.6059435065802484e-05
814,154.156376938,6.9911,4.6049979357407447e-05
815,154.30796402099986,6.2958,4.6040512203642015e-05
816,154.45811727299952,7.076,4.603115767086421e-05
817,154.60806341199986,7.1889,4.6021890477654334e-05
818,154.761708516,6.2115,4.601264089209878e-05
819,154.916842179,7.0256,4.6003149166481535e-05
820,155.0648483289997,6.8044,4.5993584506913585e-05
821,155.21415059599985,6.5773,4.598443401524694e-05
822,155.36471306299973,6.5302,4.597522644308642e-05
823,155.51658672199937,6.9508,4.5965928432963015e-05
824,155.66600690299947,6.4092,4.5956559906604965e-05
825,155.8151690779996,6.513,4.594732838913584e-05
826,155.9649802799995,6.9369,4.59381161862963e-05
827,156.12199397399945,6.2875,4.592887294530865e-05
828,156.27701796899964,6.6075,4.5919186346728445e-05
829,156.42962546999934,7.0904,4.590961436388889e-05
830,156.57993408199945,6.6708,4.590019880135807e-05
831,156.73223604399936,6.7628,4.589090896006175e-05
832,156.8845442869997,6.0426,4.588152036216051e-05
833,157.0358403249993,6.5362,4.587210972746915e-05
834,157.18697620700004,7.5467,4.586277682086421e-05
835,157.34337494899955,6.8585,4.5853451183827166e-05
836,157.4926090659992,6.4097,4.584380081771609e-05
837,157.6476178389994,7.0975,4.583458044870373e-05
838,157.793396131,6.3203,4.582502569858027e-05
839,157.94141688999935,6.3068,4.5816003124567895e-05
840,158.092430443,6.7188,4.580686071703704e-05
841,158.2451374909997,7.0934,4.579755150006175e-05
842,158.3940328459994,6.5964,4.5788125473209896e-05
843,158.544981862,7.0218,4.5778938960925973e-05
844,158.69746435099933,7.0858,4.576962124506174e-05
845,158.85126446699996,6.437,4.576020134882718e-05
846,159.0004295279996,6.8544,4.5750712675493856e-05
847,159.15278028199918,7.0538,4.5741490565987654e-05
848,159.29951664599957,6.7641,4.573210307938272e-05
849,159.45149256900004,7.0995,4.572303867185186e-05
850,159.60602113599998,6.7038,4.571367594314819e-05
851,159.75634360200002,6.8033,4.570414253969139e-05
852,159.90566219999982,6.424,4.569482925549386e-05
853,160.05923829899984,6.6886,4.568561053432101e-05
854,160.20856261099925,6.4577,4.5676156193827174e-05
855,160.35985746400002,6.1639,4.566692052265437e-05
856,160.51206397299939,6.9028,4.565758917777781e-05
857,160.6629693069999,6.8882,4.564819778086424e-05
858,160.81541378199927,7.3792,4.5638878153827195e-05
859,160.96865554599935,6.7413,4.562946244154324e-05
860,161.12006649999967,6.4605,4.5620005986172855e-05
861,161.27356371399947,6.9888,4.561064886185188e-05
862,161.42755743499947,6.8721,4.560118291407412e-05
863,161.58239909499935,7.2361,4.559167235456794e-05
864,161.73461382299956,6.7482,4.5582120259753116e-05
865,161.88896303899946,7.1958,4.557272982074075e-05
866,162.04270141799952,7.426,4.5563189854135855e-05
867,162.1950545009995,6.8983,4.5553702956358056e-05
868,162.34997889999977,6.1479,4.554429768617287e-05
869,162.50150184499944,7.1914,4.553473776104943e-05
870,162.6538483229997,6.8302,4.552539049512347e-05
871,162.80457599999954,6.542,4.551597528561733e-05
872,162.9584618709996,6.7854,4.5506674644506195e-05
873,163.11104165599954,7.1882,4.5497174482037076e-05
874,163.26220411099985,6.7779,4.5487760663888905e-05
875,163.41665979299978,7.0923,4.547842703746915e-05
876,163.56866014999923,6.6833,4.5468905589074086e-05
877,163.71907402499983,7.0627,4.5459522345432105e-05
878,163.87083854999946,5.8956,4.545022325456793e-05
879,164.02533859899995,7.0063,4.544086425401238e-05
880,164.17706522999924,7.0562,4.543132275734569e-05
881,164.33111082100004,6.5242,4.542194546487657e-05
882,164.48479363499973,6.5862,4.541245110919753e-05
883,164.63391614899956,6.6501,4.540297649462968e-05
884,164.78848007599936,7.0078,4.539375484314815e-05
885,164.93820496099943,6.1463,4.538422275067902e-05
886,165.08589754700006,5.466,4.5374965042963005e-05
887,165.23696128899974,7.2757,4.53658448190741e-05
888,165.38704142799997,6.0093,4.535653387654321e-05
889,165.53941701999975,7.1126,4.534727428783956e-05
890,165.69386085599945,6.7874,4.533787136111114e-05
891,165.84553287899962,6.7687,4.532834297049384e-05
892,165.99358822799968,6.7229,4.531896549191358e-05
893,166.14283907299978,6.2436,4.5309826005308656e-05
894,166.29356208399986,6.2895,4.5300620680987655e-05
895,166.4428992969997,6.6311,4.5291306205061765e-05
896,166.5956497699999,6.9381,4.52820971312346e-05
897,166.7479888049993,7.022,4.527267091049385e-05
898,166.90091945199947,6.7435,4.5263270912407427e-05
899,167.0553925919994,6.6088,4.525381652975312e-05
900,167.20740150899928,7.2343,4.524428141209879e-05
901,167.36006722099955,7.0691,4.523490936870373e-05
902,167.51110805499957,6.4012,4.522547371327164e-05
903,167.66417008499957,6.7875,4.5216156963024726e-05
904,167.81390282899974,6.4022,4.5206708277345696e-05
905,167.9665291909996,6.75,4.519745832882721e-05
906,168.1175876139996,5.9415,4.518803114185187e-05
907,168.27180507499997,5.8593,4.517871054858028e-05
908,168.42407109499982,6.9701,4.516918838388891e-05
909,168.5790203309998,6.8925,4.5159791147901246e-05
910,168.73649211999964,7.3294,4.515022878580247e-05
911,168.88981373999923,6.5354,4.514051877419757e-05
912,169.03968461799923,6.4293,4.5131056836913606e-05
913,169.19291292399976,7.0493,4.512178052555561e-05
914,169.34306869400007,6.507,4.511234484777779e-05
915,169.49644450699998,6.6737,4.510305584018524e-05
916,169.65013972899942,6.2266,4.509360517407408e-05
917,169.79689433599924,6.192,4.5084111829382726e-05
918,169.9470032649997,6.8441,4.507504572753089e-05
919,170.09956621399942,6.8068,4.506578358716053e-05
920,170.252202097,6.9559,4.505637397425929e-05
921,170.40726803899997,6.6417,4.504694655537038e-05
922,170.5597504569996,6.9605,4.503739681925928e-05
923,170.70977114499965,7.0329,4.502796738851857e-05
924,170.85861581599966,5.826,4.501869651777781e-05
925,171.01291058599963,6.7289,4.500950799580248e-05
926,171.16444214700005,5.6829,4.499999600500001e-05
927,171.31737729199995,6.7586,4.499062530148152e-05
928,171.46497195499978,6.3368,4.498119783006177e-05
929,171.61678315599966,6.8329,4.497208096456795e-05
930,171.77465104599924,6.5334,4.49627205182099e-05
931,171.9287638449996,6.4411,4.4952991673456804e-05
932,172.0834598249994,7.1047,4.4943448139691405e-05
933,172.23824638799942,6.898,4.4933914370679045e-05
934,172.39106870499927,6.163,4.492435093851855e-05
935,172.54695390799952,7.1818,4.4914909056296334e-05
936,172.6984986009993,6.0921,4.490530469648149e-05
937,172.8513517929996,7.2858,4.489593281709881e-05
938,173.00316176699926,6.8525,4.488651691351854e-05
939,173.15451450399996,6.9428,4.487713918611114e-05
940,173.30826588699983,6.9675,4.4867787588580287e-05
941,173.4601586689996,6.3943,4.485830728654323e-05
942,173.61156896699958,6.8979,4.484891753648153e-05
943,173.76657365499977,6.5511,4.483958710888893e-05
944,173.9196687529993,6.9657,4.483001885049384e-05
945,174.07683121099944,7.0894,4.482057695438274e-05
946,174.23345883399998,7.0081,4.481086814092595e-05
947,174.3797957249999,5.6465,4.480118550993829e-05
948,174.5354454999997,6.7498,4.4792150015679045e-05
949,174.68659333699998,6.6316,4.4782558948765466e-05
950,174.84046915,7.0051,4.477322822543214e-05
951,174.99420184799965,6.3697,4.476372481067902e-05
952,175.14347284999985,6.7213,4.475424454179013e-05
953,175.2924411469994,6.9069,4.4745010915123466e-05
954,175.44215070999962,6.7321,4.473582113981486e-05
955,175.59204560199942,6.8428,4.4726578227407434e-05
956,175.74339327899997,7.1847,4.4717315457962994e-05
957,175.8967363669999,6.5137,4.4707991287901276e-05
958,176.04967723699974,6.7678,4.469852020438277e-05
959,176.19851479799945,7.0656,4.4689088846975335e-05
960,176.35140126699935,7.3661,4.467989608444447e-05
961,176.5064978699993,6.9391,4.467047070197533e-05
962,176.6606486719993,6.2679,4.4660902737530896e-05
963,176.81145043199922,6.1526,4.4651361956234614e-05
964,176.96419815699937,6.9606,4.464206101259264e-05
965,177.11712620099934,6.8877,4.463262733462969e-05
966,177.2735524079999,7.5562,4.462319317166672e-05
967,177.4265305629997,7.1631,4.461353715506173e-05
968,177.57931601099972,6.7471,4.460409579327164e-05
969,177.73277010899983,6.4044,4.45946782418519e-05
970,177.88508461199945,6.3467,4.4585187753642e-05
971,178.03357012199922,6.2505,4.457578849222225e-05
972,178.18836285699945,6.6817,4.456660149024696e-05
973,178.34195003399964,6.7956,4.455707140018519e-05
974,178.49598117799997,6.6374,4.454757631783953e-05
975,178.64518938799938,6.762,4.4538069209321006e-05
976,178.79550614399977,6.5109,4.452885668932101e-05
977,178.9471943209992,6.7737,4.451957619561733e-05
978,179.09823937099918,5.994,4.4510205871728443e-05
979,179.2541838929992,7.1594,4.450090076734571e-05
980,179.409525993,6.4389,4.4491279963703734e-05
981,179.55824154099992,6.2492,4.448168382000005e-05
982,179.7082383269999,5.9808,4.447250273413582e-05
983,179.85930207899946,6.4041,4.446323223320992e-05
984,180.01441589299975,7.0249,4.445392169524692e-05
985,180.16752145099963,6.2137,4.444435470592593e-05
986,180.31760383499932,6.0948,4.443489576154325e-05
987,180.47013598499962,6.446,4.442562102370372e-05
988,180.61830198299958,6.485,4.441621235327165e-05
989,180.7687437349996,5.9538,4.4407062397777785e-05
990,180.9214460789999,6.6448,4.4397777429259276e-05
991,181.07290664599986,5.857,4.438835860172843e-05
992,181.22722943999997,6.2274,4.437900772746913e-05
993,181.38191705600002,6.9728,4.436947877049388e-05
994,181.53393818699988,6.2752,4.435994026500002e-05
995,181.68454420999933,6.404,4.435054716049387e-05
996,181.83722665699952,6.9596,4.434124883413584e-05
997,181.98736164899947,5.5762,4.433181924432103e-05
998,182.14208588199926,7.0842,4.432255588444448e-05
999,182.29497641599937,6.8076,4.431301382370372e-05
1000,182.4453850079999,6.2253,4.4303571825740776e-05
1001,182.5984060109995,6.8681,4.429427449740744e-05
1002,182.74818841199976,6.5937,4.428483764919759e-05
1003,182.8995647819993,6.263,4.42755820628395e-05
1004,183.05100051999943,6.708,4.426625361487654e-05
1005,183.199924173,5.9084,4.425688912148153e-05
1006,183.3537031729993,6.7293,4.424769718882718e-05
1007,183.50301647599917,6.8943,4.423820781166667e-05
1008,183.65461327100002,7.09,4.422899208753088e-05
1009,183.8091297559995,7.1335,4.42196351769136e-05
1010,183.96331966199978,6.1611,4.4210108919814843e-05
1011,184.11439357199924,6.3237,4.420058178932104e-05
1012,184.26521139099987,6.6559,4.419126507203707e-05
1013,184.4209716989999,6.9551,4.4181939271111114e-05
1014,184.57730890399944,6.6102,4.417233933697535e-05
1015,184.73027493099926,6.3158,4.416269435117287e-05
1016,184.88252178399944,6.3723,4.415322788740743e-05
1017,185.0362429729994,6.5435,4.414384507320993e-05
1018,185.1861853929995,6.6918,4.413435593524692e-05
1019,185.33369630799916,5.9103,4.412510004111112e-05
1020,185.48469311699955,6.4935,4.4115982887222255e-05
1021,185.63819663399954,6.7102,4.410668328537039e-05
1022,185.7925530169996,7.1754,4.409720555716051e-05
1023,185.94447622899952,6.3914,4.408768133530868e-05
1024,186.09771397699933,6.953,4.40782831975309e-05
1025,186.25098847899972,7.1562,4.406883258901237e-05
1026,186.40162083199994,6.2789,4.4059368195617305e-05
1027,186.5541598939999,6.4127,4.40500701362346e-05
1028,186.70934661799947,7.0736,4.404065854506174e-05
1029,186.85916384599932,6.8455,4.403107943185188e-05
1030,187.01197797199984,6.6461,4.402182490179016e-05
1031,187.16678620899984,5.9779,4.401239429462968e-05
1032,187.32006893699963,6.8743,4.400285174271608e-05
1033,187.46969480299958,6.8142,4.399338279641979e-05
1034,187.61654829500003,6.8178,4.3984134837654345e-05
1035,187.76791163599955,6.8639,4.397506959185188e-05
1036,187.9221055149992,6.4091,4.39657375027778e-05
1037,188.07459154699973,6.1368,4.395622058938275e-05
1038,188.22508585599917,6.3294,4.394679832598769e-05
1039,188.37425200500002,6.6529,4.3937504616111134e-05
1040,188.52141360899986,6.1577,4.392830294006178e-05
1041,188.67767717900006,6.8203,4.391921573802471e-05
1042,188.83244907599965,5.8987,4.390957512092596e-05
1043,188.98112402599963,5.6937,4.390002785018523e-05
1044,189.13126413999998,6.775,4.3890822513209894e-05
1045,189.28332337099982,6.4901,4.3881583579012346e-05
1046,189.43295608299923,6.0634,4.387219052067905e-05
1047,189.58575217499947,6.9169,4.386295961876548e-05
1048,189.74121981499957,6.7041,4.385352829456791e-05
1049,189.89408983499925,5.8204,4.3843932951604975e-05
1050,190.05145688799985,6.9928,4.383448477364198e-05
1051,190.20818449299986,6.4373,4.382478531037039e-05
1052,190.36069449999923,6.0985,4.381511117783955e-05
1053,190.51640561899967,6.6819,4.380568745962968e-05
1054,190.66742390799936,6.1371,4.37960783964198e-05
1055,190.81974761699985,7.11,4.378674980141978e-05
1056,190.97180202799973,6.0537,4.377734300802471e-05
1057,191.12301906599987,6.8745,4.376795654888891e-05
1058,191.2721958509992,5.6628,4.375862091191362e-05
1059,191.42761867099944,6.9652,4.374940895561731e-05
1060,191.5814195389994,6.8695,4.373982525802474e-05
1061,191.73137891499937,6.2507,4.373034092271609e-05
1062,191.88360591499986,6.6506,4.3721064665308654e-05
1063,192.03858639899954,6.8327,4.371166942635806e-05
1064,192.19471489499938,6.6509,4.3702109239074115e-05
1065,192.3453713429999,6.3378,4.3692478250740755e-05
1066,192.49575117099994,7.0736,4.368315927444447e-05
1067,192.6492795869999,7.0804,4.367389667524695e-05
1068,192.79824800000006,6.702,4.366441586024691e-05
1069,192.9479707849996,5.7755,4.365520873753089e-05
1070,193.10045667599934,6.3518,4.36459619899383e-05
1071,193.25452161299927,6.8982,4.3636566294691404e-05
1072,193.40901866399963,6.7572,4.3627052833209895e-05
1073,193.56234527699962,6.1314,4.361751559382721e-05
1074,193.71112374399945,6.3728,4.360805059129633e-05
1075,193.86083963299916,6.5829,4.3598853537654365e-05
1076,194.0073892069995,6.2039,4.3589622049135806e-05
1077,194.15915758499978,6.7819,4.358057616067903e-05
1078,194.31480679499964,6.4988,4.357121769969138e-05
1079,194.46883061699918,6.425,4.35616188533951e-05
1080,194.61904980500003,6.7789,4.355210583438276e-05
1081,194.76804885299953,6.436,4.3542831170185186e-05
1082,194.91914464699948,6.2699,4.3533623972098774e-05
1083,195.07129104199976,6.4847,4.3524310732098816e-05
1084,195.21924248300002,5.2423,4.3514903189876564e-05
1085,195.3655937019994,6.3706,4.3505761168395096e-05
1086,195.51606138099942,7.3903,4.349672721925928e-05
1087,195.66453552999974,6.4409,4.348745290925931e-05
1088,195.81424747299934,7.1719,4.347828107512349e-05
1089,195.96503992599992,6.3549,4.346903766956794e-05
1090,196.11432734399932,6.5184,4.345974165833333e-05
1091,196.26336609699956,6.4046,4.345052585617289e-05
1092,196.41715214299984,6.8476,4.344131510475311e-05
1093,196.57204295599968,6.3333,4.343183590907408e-05
1094,196.72099874099968,5.9647,4.3422285378518565e-05
1095,196.87414181799977,6.4316,4.3413068359753106e-05
1096,197.0225934229993,6.7979,4.340361624543215e-05
1097,197.17427476299963,6.4885,4.3394446342160536e-05
1098,197.32762409599945,6.8703,4.3385095610555604e-05
1099,197.48078847499983,6.5874,4.3375636951111155e-05
1100,197.63614435099953,6.6448,4.3366175366296305e-05
1101,197.78530475699972,7.0583,4.335659413438272e-05
1102,197.93419839199942,6.1903,4.3347377748703726e-05
1103,198.08869846199923,6.4078,4.333817687228397e-05
1104,198.24295650799922,6.3324,4.3328652608209907e-05
1105,198.39801984399946,6.4998,4.331913400617289e-05
1106,198.54745663599988,6.1518,4.330956545753087e-05
1107,198.6987127579996,6.4374,4.3300328370432125e-05
1108,198.85163591699984,6.0796,4.32909936147531e-05
1109,199.00338295799975,6.8188,4.328155504339509e-05
1110,199.15854778099947,6.7451,4.327217987123462e-05
1111,199.30897644699962,6.9791,4.3262616882963006e-05
1112,199.4604472639994,6.248,4.3253331531172884e-05
1113,199.61268563299927,6.2826,4.3243965549012345e-05
1114,199.762106743,6.0807,4.3234583626419775e-05
1115,199.91379895199952,6.9271,4.3225352660679055e-05
1116,200.06436336299976,6.2373,4.321599528259261e-05
1117,200.21634526899925,6.8599,4.320669655203706e-05
1118,200.3700609689995,6.547,4.319731655500001e-05
1119,200.51972294899952,6.633,4.318782859567903e-05
1120,200.67134592599996,6.6093,4.317858861765436e-05
1121,200.8224518119996,6.6855,4.3169223252777816e-05
1122,200.97319057200002,6.7252,4.315990508475313e-05
1123,201.12453094299963,5.7848,4.315058180808642e-05
1124,201.27832262099946,6.9307,4.31412408240741e-05
1125,201.4348429949996,6.8192,4.3131753370308667e-05
1126,201.58753481199983,6.3583,4.3122097076111125e-05
1127,201.7418184469998,6.1554,4.311265751320993e-05
1128,201.8953222,6.5988,4.31031386895062e-05
1129,202.04557041399949,6.4546,4.3093670639259304e-05
1130,202.19911476499965,6.397,4.308438429240742e-05
1131,202.352527129,7.1188,4.307492313987658e-05
1132,202.50502207599948,6.2997,4.306543702351856e-05
1133,202.65506600299977,6.8827,4.305603974000001e-05
1134,202.80547467899942,6.9316,4.304676665234571e-05
1135,202.95892754499982,6.2812,4.303749049030866e-05
1136,203.11042392799936,5.8352,4.3028019421234615e-05
1137,203.26173139299954,6.3581,4.3018669630370414e-05
1138,203.41297616799966,6.4669,4.3009325613641994e-05
1139,203.56439880499966,6.1377,4.299998850209878e-05
1140,203.71980433999943,6.458,4.2990631829567954e-05
1141,203.87256179199994,6.9282,4.29810552780247e-05
1142,204.0245368829992,6.3953,4.297162185679015e-05
1143,204.1705567629997,5.132,4.296223101438275e-05
1144,204.32214537799973,6.699,4.295321687444447e-05
1145,204.4776694029997,6.9579,4.294387468858026e-05
1146,204.6296011129998,7.2866,4.29342778981482e-05
1147,204.78653715399923,6.6001,4.292488442981486e-05
1148,204.93869364799957,7.0477,4.291521993969139e-05
1149,205.09130551099952,6.8119,4.290581294716054e-05
1150,205.24382551999952,6.4783,4.2896384783209924e-05
1151,205.39669121299994,6.0623,4.28869756927778e-05
1152,205.54522103399995,6.3352,4.2877532464629635e-05
1153,205.70130754399997,6.9893,4.286836221611114e-05
1154,205.85431441299988,6.8364,4.28587328768519e-05
1155,206.00773450899942,6.3427,4.284928312148151e-05
1156,206.1589512699993,6.7853,4.283980686876549e-05
1157,206.30655145399942,6.3905,4.28304859706173e-05
1158,206.45970856499935,7.001,4.282136679567901e-05
1159,206.61597587300002,6.9186,4.281193368734573e-05
1160,206.76313978399958,5.7434,4.280227364574077e-05
1161,206.91714517499986,6.559,4.2793183230802515e-05
1162,207.07153620999998,6.8228,4.278368555092596e-05
1163,207.22084716799964,6.2794,4.277416208679016e-05
1164,207.37140568199993,6.254,4.2764927662345736e-05
1165,207.52174075199946,6.4717,4.275563515228397e-05
1166,207.67621781699927,6.4166,4.2746361124074085e-05
1167,207.8279416489995,6.2037,4.2736841834691385e-05
1168,207.9816229829994,7.0419,4.272746097827161e-05
1169,208.13537827899927,6.0023,4.271797532203706e-05
1170,208.28938097399987,6.537,4.270848520413584e-05
1171,208.44323411999994,6.6085,4.269897913074079e-05
1172,208.59227196999927,5.7152,4.268949324679016e-05
1173,208.74355189799917,6.8128,4.268027738000001e-05
1174,208.8969780589996,6.7636,4.267094400401237e-05
1175,209.04902635899998,6.9775,4.266146357277778e-05
1176,209.20526845899985,6.5235,4.265207849481483e-05
1177,209.35501380999995,6.2468,4.26424456871605e-05
1178,209.50194794399977,5.383,4.263319015722225e-05
1179,209.6546943129997,6.5767,4.2624123914691405e-05
1180,209.81029788399974,6.7355,4.261470806882721e-05
1181,209.9621281159998,6.5661,4.2605100492530905e-05
1182,210.1153580679993,6.6349,4.25957099197531e-05
1183,210.26821890799965,6.0418,4.2586264026296345e-05
1184,210.42137631199967,6.5179,4.257681615530865e-05
1185,210.57381027799966,6.2871,4.256737728561729e-05
1186,210.7273394699996,5.9609,4.255796221339506e-05
1187,210.87924970699987,6.5187,4.254848797302472e-05
1188,211.03238405899992,6.9124,4.2539102912283954e-05
1189,211.18297209699995,6.8241,4.252965558450622e-05
1190,211.33780503699927,6.8234,4.252035768006178e-05
1191,211.4873447179998,6.042,4.2510817045246914e-05
1192,211.63785223599916,6.2299,4.250156288839511e-05
1193,211.79151499899945,6.3957,4.2492276945000006e-05
1194,211.94383226399987,6.5638,4.248279633932102e-05
1195,212.09609876099967,6.3582,4.2473384345123495e-05
1196,212.24904173599953,6.7221,4.246400047469139e-05
1197,212.40289864499937,6.2487,4.2454548842654366e-05
1198,212.55158914999993,6.4038,4.2445051584012355e-05
1199,212.70319458999984,6.7425,4.24358731984568e-05
1200,212.85740853299922,6.2253,4.242651537055556e-05
1201,213.00900749099947,5.9468,4.241700243598767e-05
1202,213.1641569199992,6.5808,4.2407649159938304e-05
1203,213.31401838299917,6.5908,4.239806158209881e-05
1204,213.46481729199968,5.9674,4.23888152475926e-05
1205,213.61769118899974,7.0124,4.23794948964198e-05
1206,213.76719715599938,6.4392,4.2370072478827216e-05
1207,213.91821865099973,6.8821,4.236083575580251e-05
1208,214.07369472799928,6.1516,4.235151849808646e-05
1209,214.22498191999966,6.6713,4.234191255395066e-05
1210,214.37960944099996,6.4173,4.2332579318827184e-05
1211,214.53044973899978,6.4229,4.232304686925927e-05
1212,214.68130851499973,6.0578,4.2313727393641976e-05
1213,214.83540807699956,6.5568,4.2304399249629674e-05
1214,214.98861190099979,6.2601,4.229491570790125e-05
1215,215.14186407099987,5.8504,4.228545527444449e-05
1216,215.2914364419994,6.7536,4.227599270111114e-05
1217,215.443178644,6.3366,4.226673935388893e-05
1218,215.59671068599982,6.062,4.225738651086419e-05
1219,215.7482985509996,6.1818,4.224791825685187e-05
1220,215.89870207199965,6.0661,4.223854034839507e-05
1221,216.05375449299936,6.1746,4.222926202086422e-05
1222,216.20428962000005,6.5875,4.2219685592037064e-05
1223,216.3565438679998,6.657,4.221038789827162e-05
1224,216.50710680799966,6.5706,4.220100524141979e-05
1225,216.65781189899917,6.0471,4.219171250320993e-05
1226,216.80931662799958,6.17,4.2182402305493833e-05
1227,216.96029151899984,6.4107,4.217304926913585e-05
1228,217.11365510399992,6.7024,4.216373397481485e-05
1229,217.2637739539996,5.1681,4.2154273519691396e-05
1230,217.417224068,6.7618,4.214500192740744e-05
1231,217.56861354099965,6.2256,4.2135525728086453e-05
1232,217.72001153099973,6.6885,4.212618221987657e-05
1233,217.8760840799996,6.9154,4.2116834440123486e-05
1234,218.0266587239994,6.7403,4.2107208574814845e-05
1235,218.1828009389992,6.8855,4.2097910369135816e-05
1236,218.33517630499955,6.8507,4.2088278311975334e-05
1237,218.48766661299942,6.6621,4.2078870132345685e-05
1238,218.63687961599953,6.2927,4.2069453963518516e-05
1239,218.78904287999922,6.6394,4.20602383483951e-05
1240,218.94281474599939,6.1374,4.205084376574077e-05
1241,219.0950181169992,6.6914,4.204135314388892e-05
1242,219.24819032699997,6.4443,4.203195676530868e-05
1243,219.401703859,6.7727,4.202251800956792e-05
1244,219.55110574099945,5.9931,4.201303841185187e-05
1245,219.70189713999935,6.5208,4.20038100305556e-05
1246,219.85194578399933,6.0771,4.1994495954938296e-05
1247,220.00439837499925,6.3356,4.19852360275926e-05
1248,220.15625714699945,5.9968,4.1975829545061756e-05
1249,220.30837197499932,6.9369,4.196645858395063e-05
1250,220.4561430929998,6.2664,4.195706328679013e-05
1251,220.60737244499978,7.0527,4.194793575839508e-05
1252,220.75665863699942,6.4366,4.1938599065864214e-05
1253,220.9084874679993,7.3694,4.192938298666669e-05
1254,221.0601240039996,6.6093,4.192000890209879e-05
1255,221.2082445899996,6.2794,4.191064771567906e-05
1256,221.36163059499995,6.4932,4.190150211524696e-05
1257,221.5112818509997,6.2774,4.189204124672842e-05
1258,221.66705032699974,6.8625,4.1882809005370395e-05
1259,221.8158111899993,6.8247,4.1873199941604936e-05
1260,221.97068370499983,7.1677,4.1864032091851885e-05
1261,222.12632000199937,6.4284,4.185445043246916e-05
1262,222.27699233199928,6.3248,4.184484778820992e-05
1263,222.4308819279995,6.8458,4.18355331178395e-05
1264,222.58078152599956,6.5386,4.182603863006175e-05
1265,222.73024632099987,5.9984,4.1816787523024705e-05
1266,222.88494486499985,7.1187,4.180755447055556e-05
1267,223.03667305499948,6.3725,4.179802110672842e-05
1268,223.18906286899983,6.5577,4.178864962487655e-05
1269,223.34222240599956,6.3213,4.177925541154326e-05
1270,223.49509970599956,6.8717,4.176979612808647e-05
1271,223.64819172399984,6.3744,4.1760349569629645e-05
1272,223.80066869799975,6.314,4.1750900607716074e-05
1273,223.95290602799923,5.6032,4.174149799598767e-05
1274,224.10625516299933,6.5732,4.1732053911481514e-05
1275,224.2725626649999,6.5595,4.1722536056666705e-05
1276,224.42180538899993,6.6217,4.171226745740743e-05
1277,224.57809035899936,6.2407,4.170312269574076e-05
1278,224.73149916299917,6.5909,4.169349198228398e-05
1279,224.88640595699962,6.2972,4.168404017197533e-05
1280,225.04018110699963,6.0335,4.167439987216054e-05
1281,225.19645340199986,6.2695,4.1664973432530864e-05
1282,225.35141941599977,6.547,4.1655335920246934e-05
1283,225.50476731699928,6.6294,4.1645757054629664e-05
1284,225.65755903899935,6.2568,4.1636302446913596e-05
1285,225.81090609299918,6.6324,4.162686123203704e-05
1286,225.96117760799916,5.9038,4.161740417506174e-05
1287,226.11155976499958,6.4825,4.1608123156481526e-05
1288,226.2642998399997,6.5996,4.159883921709878e-05
1289,226.42054041899974,6.9268,4.1589406694197577e-05
1290,226.57180846999927,6.1576,4.1579760631543254e-05
1291,226.72766854199926,6.8221,4.1570434941851866e-05
1292,226.88149506899936,6.2034,4.1560812634814815e-05
1293,227.0369659779999,5.9324,4.155130338141977e-05
1294,227.19186515,6.3953,4.1541714974444484e-05
1295,227.34073908199935,5.9,4.153215290938275e-05
1296,227.4950090049997,6.3237,4.152296140222226e-05
1297,227.64433012299924,7.0422,4.151344754086421e-05
1298,227.79832110799998,6.4536,4.1504220601296305e-05
1299,227.9551193819998,6.9762,4.1494716563271636e-05
1300,228.11125811999955,6.0285,4.148503587697532e-05
1301,228.2637752869996,5.9999,4.147540810993829e-05
1302,228.41697073899923,6.3497,4.1465972322963006e-05
1303,228.56956127499961,6.5223,4.1456530046913585e-05
1304,228.72446911799943,7.0715,4.144710451530866e-05
1305,228.87514804299917,5.9675,4.143754429425927e-05
1306,229.02789439599928,6.7469,4.142824273740745e-05
1307,229.17922435699984,6.3635,4.141880807876544e-05
1308,229.33216805099983,6.361,4.1409480100493835e-05
1309,229.4846774359994,6.0515,4.140004037469136e-05
1310,229.64162734699948,7.0294,4.139062458444445e-05
1311,229.79925342499973,6.6982,4.1380945133271634e-05
1312,229.95038414600003,6.8056,4.137120836246915e-05
1313,230.10417935699934,6.0807,4.136187724666668e-05
1314,230.2525555029997,6.7803,4.13523658116667e-05
1315,230.4042420249998,5.4191,4.1343212835555604e-05
1316,230.55900259999999,6.8703,4.13338513e-05
1317,230.71438311899965,6.6903,4.1324314964938285e-05
1318,230.8661418619995,6.187,4.131464496216054e-05
1319,231.01684280999962,6.0195,4.130534526938273e-05
1320,231.17065974899924,6.7938,4.129604035481486e-05
1321,231.32573076099925,7.0097,4.128654777104943e-05
1322,231.47945251700003,5.91,4.127698840382717e-05
1323,231.63166466299936,6.548,4.1267493578209916e-05
1324,231.7825946039993,5.6301,4.125809412740743e-05
1325,231.9324283269998,5.9185,4.124877376493832e-05
1326,232.08451905899983,5.4546,4.1239517583827187e-05
1327,232.23209099299947,6.0185,4.123013443061733e-05
1328,232.3865098819997,6.4674,4.122101258462964e-05
1329,232.5417289119996,6.2523,4.12114924608642e-05
1330,232.69612290499936,6.5043,4.1201917042716064e-05
1331,232.85062731799917,6.1239,4.1192386416543214e-05
1332,233.00426413199966,7.0866,4.11828484590124e-05
1333,233.15634768899963,6.1747,4.117337416561733e-05
1334,233.31121273400004,6.9695,4.116396144746914e-05
1335,233.46423415199934,6.297,4.1154424761975355e-05
1336,233.61424051099948,6.0393,4.1144965546172846e-05
1337,233.7677889309998,6.5979,4.113570715259262e-05
1338,233.91987800900006,6.6648,4.1126239831728417e-05
1339,234.07350195599975,6.4166,4.111683413413585e-05
1340,234.2242004209993,6.0209,4.110736132919758e-05
1341,234.37425986799917,6.8642,4.10980471740741e-05
1342,234.52497856799982,6.2585,4.108879561895063e-05
1343,234.6774604129996,6.9264,4.107948521592593e-05
1344,234.82590446799986,6.1838,4.107008645944445e-05
1345,234.97296739399917,6.4292,4.1060908727530903e-05
1346,235.12596454899995,5.6288,4.105182682641975e-05
1347,235.27892011899985,6.5241,4.10423894199383e-05
1348,235.43248345599932,6.8879,4.103295309487659e-05
1349,235.58141778299978,6.7756,4.1023481551296306e-05
1350,235.73273666899968,5.9317,4.1014266493024714e-05
1351,235.88394776599944,5.6378,4.100493608672844e-05
1352,236.0360734449996,5.916,4.099559192740743e-05
1353,236.1882010499994,6.2931,4.098621542000004e-05
1354,236.34276528400005,6.894,4.097681548827164e-05
1355,236.4930939629994,6.064,4.096728900586422e-05
1356,236.64665021499968,6.3185,4.0957988197284006e-05
1357,236.8010400209996,6.5652,4.094852007327164e-05
1358,236.95704833799937,6.3723,4.0938991240987654e-05
1359,237.10881107599926,6.1808,4.092936696753087e-05
1360,237.26216277000003,6.5858,4.0919993654629646e-05
1361,237.41565540699958,6.5393,4.091052832666668e-05
1362,237.57043711499955,5.2846,4.090106772327163e-05
1363,237.7260153319994,6.7801,4.089150336716052e-05
1364,237.8761489189992,6.3713,4.0881898334382756e-05
1365,238.0297533969997,6.5246,4.087262394438273e-05
1366,238.1871189349995,7.031,4.086313741413584e-05
1367,238.3404320969994,6.6647,4.085343650444446e-05
1368,238.4935947669992,6.6505,4.084397029703707e-05
1369,238.64515431699965,6.414,4.083450920833333e-05
1370,238.8021358829992,6.7298,4.08251630795062e-05
1371,238.95433116799995,7.0921,4.081547473864198e-05
1372,239.1105015489993,6.9394,4.080605843413583e-05
1373,239.26194314799977,6.6662,4.0796446019691395e-05
1374,239.41388301000006,6.1696,4.078708389179015e-05
1375,239.56604691599932,6.1616,4.077770693623459e-05
1376,239.715670134,6.1175,4.0768326729074114e-05
1377,239.86106599599952,6.5083,4.0759081143888904e-05
1378,240.0092717739999,6.3437,4.0750095557222225e-05
1379,240.15873266499966,6.2137,4.074095095574076e-05
1380,240.31224879299953,6.8218,4.0731723033209896e-05
1381,240.4618410359999,6.4113,4.072225549444446e-05
1382,240.61746388999927,6.3348,4.071300646858028e-05
1383,240.7675762459994,6.4354,4.07034240542593e-05
1384,240.9207665699996,5.8641,4.0694148158395085e-05
1385,241.07296027999928,6.4998,4.0684688210000034e-05
1386,241.22420073600006,6.3335,4.067529175771608e-05
1387,241.37812999499965,6.2079,4.066595525709882e-05
1388,241.5297463399993,6.8065,4.065646844283952e-05
1389,241.6839165249994,6.8705,4.064710406648149e-05
1390,241.83781753099993,7.0093,4.0637575908333335e-05
1391,241.99224823399982,6.5556,4.062808598240742e-05
1392,242.1475758459992,6.5101,4.0618553389629676e-05
1393,242.3002435899998,6.6761,4.0608966173765486e-05
1394,242.4550767109995,6.6029,4.0599535874444484e-05
1395,242.6086149289995,6.0344,4.058998308462968e-05
1396,242.76136027899975,6.1999,4.058049646524692e-05
1397,242.91365369399955,5.9054,4.0571074222777814e-05
1398,243.06460788299955,6.7526,4.056165859179017e-05
1399,243.21980756599987,6.7142,4.0552353001296326e-05
1400,243.37041344699992,6.6765,4.054276409407409e-05
1401,243.52493950699954,5.7595,4.0533476670740795e-05
1402,243.6792708059993,6.4709,4.052393577407409e-05
1403,243.8295940729995,6.4878,4.0514417467530893e-05
1404,243.98041489999923,6.6198,4.050510555277778e-05
1405,244.13286092699946,6.5718,4.0495813409938314e-05
1406,244.28476240199961,6.5754,4.048641179234572e-05
1407,244.43489894399954,5.9707,4.0477038672839506e-05
1408,244.58932983499926,6.1851,4.046776828549383e-05
1409,244.7428719999998,5.9263,4.045824710370372e-05
1410,244.89568289699946,5.6714,4.0448757163888916e-05
1411,245.045876272,6.5074,4.043932118086424e-05
1412,245.19971654099936,6.5431,4.043005214975309e-05
1413,245.35259083099936,6.7656,4.042056354222226e-05
1414,245.50693764799962,5.8628,4.041112805444446e-05
1415,245.6570433679999,6.0467,4.040160614549385e-05
1416,245.81225384999925,6.723,4.039232948234572e-05
1417,245.96726552699965,6.4125,4.038275645530867e-05
1418,246.1212352269995,6.2137,4.0373179004321024e-05
1419,246.27232805199947,6.4972,4.0363678493333375e-05
1420,246.4223582879995,6.147,4.035434492246915e-05
1421,246.5753809179996,6.9363,4.034508658685185e-05
1422,246.72721007499968,6.4659,4.033563160598769e-05
1423,246.8787610749996,6.4806,4.032627000783954e-05
1424,247.0282680829996,5.9584,4.031691226481486e-05
1425,247.18332672799988,5.9,4.0307668253642e-05
1426,247.34135528699971,6.3566,4.029810259901235e-05
1427,247.49174952199974,6.1782,4.0288366271481526e-05
1428,247.6443550389995,6.4949,4.027907985981484e-05
1429,247.79725777899966,6.799,4.0269643767530885e-05
1430,247.94908998099982,6.8605,4.026020979913584e-05
1431,248.10370845099987,6.6709,4.025083429580252e-05
1432,248.25860192399978,6.8696,4.024130622475314e-05
1433,248.40900758799944,5.8243,4.0231705038148185e-05
1434,248.560469602,6.0101,4.022244216666669e-05
1435,248.71407607699985,6.8541,4.021309857993828e-05
1436,248.86310337599934,5.8932,4.0203621047037054e-05
1437,249.01801832899946,6.4034,4.019441825851853e-05
1438,249.17082271699928,5.8135,4.0184846920185214e-05
1439,249.3261695129995,6.0869,4.017543509222226e-05
1440,249.47995854999954,6.0319,4.01658437733951e-05
1441,249.63438014999974,6.595,4.015635469080252e-05
1442,249.78950064299988,6.9653,4.0146820778086466e-05
1443,249.94137312399926,6.7354,4.013723570524695e-05
1444,250.08946429099979,5.7421,4.012786782364199e-05
1445,250.2398372109992,6.397,4.011871154117289e-05
1446,250.39350107799964,6.3582,4.010943108746918e-05
1447,250.54501464399982,6.6247,4.0099960607407424e-05
1448,250.69714686499992,6.0302,4.009060487660497e-05
1449,250.85140433499964,6.7675,4.008120623895065e-05
1450,251.00045748199955,6.4968,4.007169447611112e-05
1451,251.1527975149993,6.3641,4.0062474091481497e-05
1452,251.30840515699947,5.9166,4.0053090499444484e-05
1453,251.45836973899986,6.5622,4.004348146950622e-05
1454,251.61118111199994,6.8371,4.0034221967037046e-05
1455,251.76479060599922,6.6124,4.002478107086422e-05
1456,251.9159274269996,6.0301,4.001530901432101e-05
1457,252.06867382199925,6.8009,4.000595786925928e-05
1458,252.2202239089993,6.8956,3.999655984765435e-05
1459,252.37161139199998,6.3264,3.9987184327284e-05
1460,252.52581887799988,6.7652,3.9977840763580285e-05
1461,252.6782208199993,6.4879,3.996831169944449e-05
1462,252.83084065399999,6.8872,3.995891453154321e-05
1463,252.98597048099964,6.6354,3.9949509288395114e-05
1464,253.13779940599943,5.1887,3.993992144049386e-05
1465,253.29409467999994,6.5779,3.993056108129634e-05
1466,253.44331807799972,5.6243,3.992091442543212e-05
1467,253.59689526799957,6.5603,3.9911684934135855e-05
1468,253.74908867399972,6.7394,3.990221549000002e-05
1469,253.89906043999963,6.1258,3.989282218129631e-05
1470,254.05216330199983,6.1737,3.988356039524694e-05
1471,254.20681909699942,6.2452,3.9874107271234604e-05
1472,254.3586603979993,5.9205,3.9864576990740766e-05
1473,254.5096035309998,6.298,3.985519266104943e-05
1474,254.66089796899996,6.3136,3.9845868044320995e-05
1475,254.81225614999948,6.3536,3.983652501956795e-05
1476,254.96165491899956,6.1165,3.982718529925927e-05
1477,255.11152690399922,6.2228,3.9817969078333335e-05
1478,255.26232603099925,5.4365,3.980872054537042e-05
1479,255.41903887599983,6.5737,3.979941410660497e-05
1480,255.5718122169992,6.2021,3.978974977364201e-05
1481,255.72267944899977,6.161,3.978030511172844e-05
1482,255.87560538399975,6.9914,3.977098960444448e-05
1483,256.02799545199923,6.0447,3.976155023456793e-05
1484,256.18019160199947,6.3037,3.975214520277781e-05
1485,256.33482237299995,6.0975,3.9742758561666714e-05
1486,256.48860037099985,6.0477,3.973321034858028e-05
1487,256.64223619399945,6.3734,3.972372023975312e-05
1488,256.79509867899924,5.9366,3.9714228907098774e-05
1489,256.9457007159999,6.0347,3.970479360141977e-05
1490,257.09401137499935,4.3703,3.969549813654322e-05
1491,257.24757508199946,6.6911,3.968633193123458e-05
1492,257.4009396629999,6.0022,3.9676861594135844e-05
1493,257.5536359049993,6.5918,3.966739075796301e-05
1494,257.70651766799983,6.1907,3.965797277302471e-05
1495,257.85798496499956,5.8837,3.9648540004074094e-05
1496,258.0131183929998,6.6494,3.9639192556604956e-05
1497,258.166897649,6.2714,3.962962186641978e-05
1498,258.3161605039995,6.4456,3.962011649339511e-05
1499,258.46914906299935,6.4042,3.961089411888892e-05
1500,258.62371961200006,6.5001,3.96014595190741e-05
1501,258.7814725549997,6.4248,3.9591915808271626e-05
1502,258.9369207359996,6.2958,3.958218760611112e-05
1503,259.0877092739993,6.1835,3.957257640913583e-05
1504,259.2402727619992,6.2962,3.956326923401237e-05
1505,259.3956605739995,6.47,3.955386557327164e-05
1506,259.5494333429997,6.4878,3.954427639462968e-05
1507,259.7038059029992,6.8103,3.953477452432102e-05
1508,259.8555110539992,6.7418,3.952524602462964e-05
1509,260.0059135749998,6.1102,3.9515884252283954e-05
1510,260.1598360629996,6.5636,3.950659900055559e-05
1511,260.3119104649995,5.9043,3.949710188185186e-05
1512,260.45978906799974,5.8198,3.9487706620123474e-05
1513,260.60887298299986,6.1909,3.9478566739382736e-05
1514,260.7605260749997,5.6038,3.946937522314818e-05
1515,260.9110482119995,5.8896,3.9460007068827184e-05
1516,261.065423819,6.4958,3.9450727679691396e-05
1517,261.21580998399986,6.3735,3.944119106975309e-05
1518,261.3682991019996,6.4084,3.9431909310802486e-05
1519,261.51793606799947,5.1839,3.9422501897962985e-05
1520,261.6682530549997,5.7925,3.941325318444449e-05
1521,261.8186687739999,6.3213,3.940397755530868e-05
1522,261.96708608299923,6.0507,3.939469741870372e-05
1523,262.1181599009997,6.6728,3.938552155561731e-05
1524,262.2652429989994,5.1936,3.9376207097098805e-05
1525,262.418008437,5.4968,3.9367113883148155e-05
1526,262.57269631500003,6.8081,3.935768934209877e-05
1527,262.72743787999934,6.3171,3.934815430716052e-05
1528,262.8829610919993,6.1797,3.933859542623457e-05
1529,263.0360699879993,5.862,3.932900686018523e-05
1530,263.18889222300004,7.1508,3.9319550248888894e-05
1531,263.34063112199965,6.4718,3.9310104550740794e-05
1532,263.4917825529992,5.8889,3.930075037222224e-05
1533,263.6482605779993,6.3612,3.929139841858025e-05
1534,263.8018699259992,6.4711,3.928175930166668e-05
1535,263.9544069069998,6.2961,3.927227233283955e-05
1536,264.1068570039997,6.348,3.926286587839508e-05
1537,264.2569671809997,6.6916,3.925345758839509e-05
1538,264.4076139789995,6.5003,3.9244175461049396e-05
1539,264.5592638399994,6.15,3.9234884418271614e-05
1540,264.7082275829998,6.0149,3.9225537764876566e-05
1541,264.85699865900006,6.1049,3.921632157265434e-05
1542,265.00892062799994,6.1995,3.920714089759264e-05
1543,265.1609839349994,6.5031,3.919775769530869e-05
1544,265.3111414919995,6.3917,3.918838313000003e-05
1545,265.46281447099955,6.3251,3.917910977679017e-05
1546,265.6173291219993,6.6212,3.916975944475309e-05
1547,265.76762759899975,6.2915,3.91602018945679e-05
1548,265.9202537629999,5.4869,3.915093315259263e-05
1549,266.0720837889994,6.9811,3.914150506481483e-05
1550,266.2244597879999,5.4202,3.913213735543212e-05
1551,266.3766125509992,6.7626,3.9122722316666666e-05
1552,266.5285812819993,5.5863,3.9113337549876556e-05
1553,266.68012136499965,6.0313,3.910394365222225e-05
1554,266.83681627399983,6.5719,3.9094599968148204e-05
1555,266.98759229499956,5.499,3.908493794197534e-05
1556,267.1428380159996,6.1142,3.907561161216052e-05
1557,267.2927683579992,6.1239,3.906605156648149e-05
1558,267.44134985799974,6.2364,3.9056772869320985e-05
1559,267.59115083399956,6.2708,3.9047614885925956e-05
1560,267.7422256279997,5.453,3.90383653617284e-05
1561,267.8920355749997,5.6082,3.9029033268148167e-05
1562,268.04546324199964,7.0118,3.901978691012349e-05
1563,268.20063287099947,5.7295,3.901031842641978e-05
1564,268.352635147,6.5911,3.900074982024695e-05
1565,268.5019483729993,6.77,3.89913718503704e-05
1566,268.65168101999916,4.9969,3.8982142451913615e-05
1567,268.80508872799965,6.3935,3.897290019407413e-05
1568,268.95546541599924,6.3456,3.896343804956792e-05
1569,269.10651083299945,6.2014,3.895414287765432e-05
1570,269.2600950679998,5.7805,3.8944825227530894e-05
1571,269.41471073899993,5.9713,3.893536120364203e-05
1572,269.56754862699927,6.0351,3.8925805752962986e-05
1573,269.7221443339995,6.5786,3.891637852907412e-05
1574,269.8717438949998,6.1295,3.890682775234573e-05
1575,270.0283204439993,6.3692,3.8897585020925946e-05
1576,270.1827990799993,5.999,3.8887931807037063e-05
1577,270.33409559699976,5.6452,3.8878399765308695e-05
1578,270.4893160779993,6.9382,3.8869053462469176e-05
1579,270.6430710079994,6.5198,3.885947375259261e-05
1580,270.7986821299992,6.7789,3.8849972408518535e-05
1581,270.95082157699926,5.773,3.884037998166666e-05
1582,271.10342189699986,6.6627,3.883098080438276e-05
1583,271.2537211029994,6.5425,3.8821566428703725e-05
1584,271.400411007,5.923,3.881227587172844e-05
1585,271.5541399979993,6.6666,3.880323203197535e-05
1586,271.70766027899936,6.219,3.879374503580252e-05
1587,271.861252703,6.3895,3.878426273746917e-05
1588,272.01346650399955,6.658,3.877478166006178e-05
1589,272.1679684369992,6.2324,3.87653883049383e-05
1590,272.3206784589993,6.1126,3.875584903882718e-05
1591,272.47626951799975,5.7771,3.8746425557962965e-05
1592,272.62848825699984,6.4901,3.873682065098769e-05
1593,272.7815917729995,5.9837,3.872741855660496e-05
1594,272.9338629289996,6.9887,3.871797363530867e-05
1595,273.08547686099973,5.7821,3.870856921135805e-05
1596,273.23861692399987,6.7406,3.869921980956793e-05
1597,273.39113142399947,6.2647,3.868976651444444e-05
1598,273.5415493829996,6.6648,3.868034970413584e-05
1599,273.69351881199964,6.1859,3.86710525984568e-05
1600,273.8430837979995,6.1881,3.866168201907408e-05
1601,273.9939892119992,5.7404,3.865243540308644e-05
1602,274.1478849689993,6.5064,3.864312676376543e-05
1603,274.29891494599997,6.0911,3.8633625107654334e-05
1604,274.44733369799997,6.1192,3.8624310205493855e-05
1605,274.6014281309999,5.5862,3.86151427747531e-05
1606,274.75464913999986,6.3141,3.860564457092596e-05
1607,274.9102621889997,5.8228,3.859617472500001e-05
1608,275.06749258699983,6.5262,3.8586575133024694e-05
1609,275.2212335619997,6.2288,3.857688242000003e-05
1610,275.3712081429994,6.1942,3.856738533524695e-05
1611,275.52602745999957,6.8934,3.855812062611115e-05
1612,275.679811043,5.9546,3.8548575019074095e-05
1613,275.83138773299925,6.3644,3.8539071267530876e-05
1614,275.98435470999993,6.3291,3.852971071197536e-05
1615,276.1356857089995,6.6266,3.852026713043213e-05
1616,276.28785878799954,6.4273,3.851093636222226e-05
1617,276.44047058199976,5.8929,3.8501540017962974e-05
1618,276.59213744499993,5.8352,3.849212824240741e-05
1619,276.7431594709997,6.1134,3.8482749460679066e-05
1620,276.89140949399916,6.7239,3.847343403246916e-05
1621,277.0415724209997,6.4872,3.846427071000001e-05
1622,277.1882861469994,5.7741,3.8455007723024704e-05
1623,277.3416137179993,6.4989,3.8445939091975334e-05
1624,277.49463927299985,6.2477,3.843648956049385e-05
1625,277.6461259159996,6.6939,3.842705801950621e-05
1626,277.79752786599965,6.8027,3.84176894260494e-05
1627,277.95066684799986,5.6819,3.8408334983765474e-05
1628,278.10691963299996,6.4928,3.839889487802473e-05
1629,278.25811614099985,6.1754,3.838925292351857e-05
1630,278.4096354919993,5.8882,3.837990282592593e-05
1631,278.5591895409998,5.7478,3.8370566582469133e-05
1632,278.70863895599996,5.9485,3.83613271633951e-05
1633,278.8575805399996,6.2269,3.835209694895066e-05
1634,279.0147998129996,6.3325,3.834289597395065e-05
1635,279.16678119599965,6.1661,3.833321053104943e-05
1636,279.3163482679993,6.4752,3.832382892740745e-05
1637,279.4681558079992,5.7305,3.831459230172843e-05
1638,279.62257385499925,6.2028,3.8305227179074076e-05
1639,279.7741311179998,6.2696,3.829570265388892e-05
1640,279.92570718999923,5.5423,3.828633047135807e-05
1641,280.08194992099925,6.2105,3.827698575759263e-05
1642,280.23690258399984,6.0249,3.826734390839507e-05
1643,280.3898450779998,6.2589,3.825777287592594e-05
1644,280.5394745349995,6.4228,3.824833713086421e-05
1645,280.6898474179998,6.549,3.8239097149814856e-05
1646,280.84511355999985,6.7722,3.822980682518521e-05
1647,280.99814799399974,5.9849,3.8220218868271634e-05
1648,281.15071443599936,5.9414,3.821077522104942e-05
1649,281.29976276899924,5.8401,3.820135040672843e-05
1650,281.44738273499934,5.5596,3.819215143493828e-05
1651,281.5980231349995,6.1274,3.818304362111116e-05
1652,281.7489944279996,7.0048,3.8173750152716056e-05
1653,281.9028023359997,5.8357,3.816442342339508e-05
1654,282.0542986419996,6.0282,3.815493335592596e-05
1655,282.2061617299996,5.9249,3.81455761037037e-05
1656,282.36103309199916,6.0204,3.813621727888892e-05
1657,282.5121999359999,6.2938,3.812664775462963e-05
1658,282.6592137759999,6.1913,3.8117308520123506e-05
1659,282.80830762000005,6.1702,3.81082299818519e-05
1660,282.95904060199973,5.9668,3.809903753277782e-05
1661,283.1079184729997,5.7037,3.808973617740742e-05
1662,283.25680523199935,6.3849,3.8080533913086446e-05
1663,283.41106570099964,6.5519,3.807134290820989e-05
1664,283.56303572899924,6.3122,3.806183481493828e-05
1665,283.7201445889996,6.6336,3.805244970944448e-05
1666,283.8718093669995,5.8502,3.804276153419756e-05
1667,284.0226834159994,6.3745,3.803338146839507e-05
1668,284.1711438529992,6.082,3.802408036154326e-05
1669,284.31979446199966,6.5552,3.80149157225926e-05
1670,284.4726850479992,6.4053,3.8005732830185233e-05
1671,284.6289281549998,6.6337,3.7996310155246965e-05
1672,284.78040188699924,6.1008,3.798666133228397e-05
1673,284.92994587199973,6.523,3.7977304885802496e-05
1674,285.081131252,6.0762,3.7968061780370424e-05
1675,285.23595182899953,6.3412,3.795873712709877e-05
1676,285.3887447699999,5.41,3.79491813268519e-05
1677,285.54105145499943,6.4197,3.793976029030866e-05
1678,285.6919606219999,6.5136,3.793035983537041e-05
1679,285.84646233499916,6.2191,3.792103142839506e-05
1680,285.99749949799934,5.8863,3.7911516524135844e-05
1681,286.14720669599956,6.3411,3.790217040691359e-05
1682,286.2979941089998,6.3124,3.7892929301049405e-05
1683,286.4488393679994,6.2264,3.7883624606790175e-05
1684,286.5995476949993,7.0148,3.7874310701358024e-05
1685,286.7512342349992,6.3405,3.7865016017716095e-05
1686,286.9052230419993,5.7591,3.785564385611114e-05
1687,287.05677112600006,6.3215,3.784615355858028e-05
1688,287.207169581,5.8641,3.7836777343086454e-05
1689,287.36325972599934,6.8208,3.7827509753827164e-05
1690,287.51591537700006,5.7116,3.78178845066667e-05
1691,287.66844268599925,6.2135,3.780844933506177e-05
1692,287.82116412899995,6.0323,3.7799036624444486e-05
1693,287.97200002999944,6.7598,3.778959638703709e-05
1694,288.1289353889997,6.4315,3.778027851709878e-05
1695,288.28655363100006,6.3167,3.7770606734567914e-05
1696,288.4379439969998,6.1747,3.776087187895063e-05
1697,288.59150036999927,6.3451,3.775152394345679e-05
1698,288.74528432899933,6.1886,3.7742048555246926e-05
1699,288.9020688259998,6.3556,3.773255207216051e-05
1700,289.05890384899976,6.1684,3.7722893357962966e-05
1701,289.2124958509994,6.5747,3.7713203162592614e-05
1702,289.36632733199986,6.2645,3.7703723685308654e-05
1703,289.5173960969996,6.3869,3.769423693567902e-05
1704,289.6684607349998,5.4388,3.768490168179013e-05
1705,289.8215773719994,6.5313,3.7675582086790146e-05
1706,289.9749656869999,6.5757,3.766613121185187e-05
1707,290.12348540199946,6.0569,3.765666502074077e-05
1708,290.27554844599945,6.1411,3.7647482619259275e-05
1709,290.4293549589993,6.1332,3.763811000444447e-05
1710,290.58323893799934,6.8056,3.7628616041666694e-05
1711,290.7392293969997,6.6438,3.761911713716051e-05
1712,290.89492423199954,7.027,3.7609484999629676e-05
1713,291.045091209,6.0676,3.759987836197536e-05
1714,291.1988639279998,6.3949,3.759059901709878e-05
1715,291.3549397349998,6.3826,3.758110593469138e-05
1716,291.50459570599924,5.4256,3.757148903438272e-05
1717,291.6546245219997,5.0423,3.7562215446296305e-05
1718,291.80941360499946,5.3688,3.755296744586421e-05
1719,291.9589500969996,6.3208,3.7543418548086465e-05
1720,292.1110032609995,5.5523,3.753417909407408e-05
1721,292.26548941299916,6.5211,3.752479452302474e-05
1722,292.41740164399926,5.7843,3.751526743691361e-05
1723,292.56675236199953,6.7087,3.750588391962965e-05
1724,292.71900430799997,6.7924,3.7496658326851876e-05
1725,292.87404258699917,6.4908,3.748726565901237e-05
1726,293.0308860539999,6.6799,3.747770592240742e-05
1727,293.1870050519992,5.8856,3.7468029480308664e-05
1728,293.33822702,6.4151,3.7458375575802507e-05
1729,293.4929313859993,6.4005,3.744904488407411e-05
1730,293.64330733799943,4.2947,3.743949800006176e-05
1731,293.79394170399974,6.4193,3.7430201364444446e-05
1732,293.9473622629994,5.8866,3.742091389419756e-05
1733,294.0982975959996,6.032,3.741144586283952e-05
1734,294.25095415599935,6.3002,3.7402126823024696e-05
1735,294.4024210009993,6.4374,3.73927044118519e-05
1736,294.55519055199966,6.6712,3.738336672456795e-05
1737,294.71247332799976,6.0666,3.737392993030869e-05
1738,294.86453316699954,5.8096,3.736422212876547e-05
1739,295.01953110999966,6.2871,3.7354820580185224e-05
1740,295.4795117779995,5.6464,3.734526464820989e-05
1741,295.6330591599999,6.0845,3.731686874074074e-05
1742,295.7845566729993,6.4264,3.7307378089135846e-05
1743,295.93747315199926,6.3907,3.7298033917530874e-05
1744,296.08957654799997,6.214,3.728859638469135e-05
1745,296.23896796400004,5.6169,3.7279203369444474e-05
1746,296.388855573,6.182,3.7269977550246925e-05
1747,296.53780936899966,5.8573,3.7260738305246914e-05
1748,296.68509701899984,5.5393,3.7251532247901256e-05
1749,296.8337356709999,5.9002,3.724243976549385e-05
1750,296.988826193,6.5807,3.7233274687963016e-05
1751,297.14220263099924,6.2224,3.7223701470740746e-05
1752,297.29691564399945,6.5515,3.72142319790124e-05
1753,297.45194887899925,6.4896,3.7204677025432114e-05
1754,297.6052124119997,6.927,3.719510689993827e-05
1755,297.7554631079993,6.5302,3.718565357382717e-05
1756,297.9041208139997,6.1928,3.7176361154259294e-05
1757,298.05858087399974,6.8556,3.716718715623459e-05
1758,298.2139377659996,6.1583,3.715766067913581e-05
1759,298.3685182879999,5.9722,3.714807327685187e-05
1760,298.51920636199975,5.3802,3.713853746037038e-05
1761,298.67027419499937,5.9032,3.71292242185803e-05
1762,298.81863905999944,6.2008,3.7119910101172886e-05
1763,298.97371515399936,6.6292,3.711073825697535e-05
1764,299.124108301,5.6451,3.710117411851857e-05
1765,299.27961150099964,5.8548,3.709187527629632e-05
1766,299.43231670799923,6.1702,3.70822959345062e-05
1767,299.58633322399965,6.5918,3.7072862575864245e-05
1768,299.7410430059999,5.6832,3.7063366729567904e-05
1769,299.8929837409996,4.8704,3.705380858864199e-05
1770,300.0468482689994,6.1066,3.7044417440740774e-05
1771,300.19984695899984,6.2708,3.7034932932407445e-05
1772,300.3518772539992,6.8018,3.702548380962963e-05
1773,300.50483245299984,5.2098,3.701610337790128e-05
1774,300.6566757289993,6.4184,3.700666165413583e-05
1775,300.8086870649995,6.3616,3.699728731018521e-05
1776,300.95874922999974,6.4386,3.6987900559876586e-05
1777,301.1120565329993,6.3174,3.6978639014135827e-05
1778,301.2618001609999,4.8079,3.696917510728399e-05
1779,301.4149585949999,6.5305,3.695993240092596e-05
1780,301.56847741899946,6.6859,3.6950494306419795e-05
1781,301.7196672509999,5.3681,3.694101935432099e-05
1782,301.87462126099945,5.9508,3.693165862333338e-05
1783,302.022196119,5.7066,3.6922100521728396e-05
1784,302.17437444499956,5.9868,3.691298567141979e-05
1785,302.32468523399984,6.1458,3.690361363012348e-05
1786,302.47241710399976,6.3261,3.6894310525802516e-05
1787,302.6212948579996,5.034,3.688519940802474e-05
1788,302.77176670099925,6.3914,3.68760103747531e-05
1789,302.92599822399916,6.8468,3.686670836956794e-05
1790,303.0797493379996,6.3571,3.6857200959691375e-05
1791,303.2342147059999,6.6859,3.6847718546913615e-05
1792,303.3865152389999,6.3597,3.683817724444447e-05
1793,303.538690802,6.3186,3.6828787864629637e-05
1794,303.6909135799997,6.2876,3.681938903765435e-05
1795,303.84373935299936,5.3438,3.680999542648149e-05
1796,303.9935039709999,6.444,3.6800546345925966e-05
1797,304.1462909189995,6.5831,3.6791307524814825e-05
1798,304.2979132089995,5.9788,3.678188028777781e-05
1799,304.45022102799976,6.2184,3.677252100197536e-05
1800,304.60200849099965,5.3464,3.676311536870372e-05
1801,304.7554303379993,6.0659,3.675375247172842e-05
1802,304.9045965389996,5.3914,3.6744291490740744e-05
1803,305.0540167019999,6.5019,3.673506215024696e-05
1804,305.2072804189993,4.4771,3.6725835721543236e-05
1805,305.3596407569994,6.7601,3.671639352277778e-05
1806,305.5113780779993,6.4098,3.670698107870375e-05
1807,305.66383557799963,6.1999,3.669761610722224e-05
1808,305.8164528539992,6.3797,3.668821089401235e-05
1809,305.9671371159993,6.3824,3.667877880709877e-05
1810,306.11793645499984,6.5709,3.666948488574078e-05
1811,306.2671414819997,6.633,3.666016832314817e-05
1812,306.4188283929998,6.0324,3.665095395654325e-05
1813,306.5719738779999,6.3391,3.664160181746916e-05
1814,306.72634805100006,6.5057,3.6632139612345696e-05
1815,306.87768998499996,5.7997,3.6622627491975314e-05
1816,307.0322817749993,6.285,3.6613270883888925e-05
1817,307.17878162299985,5.3916,3.66037249956173e-05
1818,307.32484864599974,5.5991,3.6594682774135816e-05
1819,307.47770789699916,5.8357,3.658565773734569e-05
1820,307.6304456929993,6.2489,3.657623711913582e-05
1821,307.7841009829999,6.1492,3.6566814828395114e-05
1822,307.93756807799946,6.3049,3.6557324766172874e-05
1823,308.09261855799923,6.877,3.6547847164259304e-05
1824,308.24860872299996,6.1715,3.6538287617962976e-05
1825,308.4035653479996,6.1855,3.6528652148703725e-05
1826,308.5518446819997,6.3261,3.6519086809444446e-05
1827,308.70522529699974,6.5131,3.6509922740061754e-05
1828,308.853644197,6.0939,3.6500466520925934e-05
1829,309.0030508619993,5.994,3.6491291890555556e-05
1830,309.15677476399924,6.8913,3.648207115487659e-05
1831,309.3051041859999,6.057,3.647257822104941e-05
1832,309.45581572099945,5.7015,3.646342671820992e-05
1833,309.6082105969999,6.6268,3.645412779611114e-05
1834,309.7611992689999,6.1751,3.6444728651728424e-05
1835,309.9122583649996,6.4617,3.643527268345679e-05
1836,310.06725699599974,6.606,3.642595504327161e-05
1837,310.21846414599986,6.3092,3.6416388170493834e-05
1838,310.37081606299944,6.5226,3.6407060327160536e-05
1839,310.52427475399963,6.3902,3.63976462223457e-05
1840,310.67732489099944,6.3088,3.6388182393209915e-05
1841,310.83214640499955,6.829,3.6378737886358064e-05
1842,310.9799418519997,5.7221,3.636917283728396e-05
1843,311.13603879699986,6.5645,3.636004243876543e-05
1844,311.28787673699935,6.543,3.635042133129631e-05
1845,311.4427994909993,6.0455,3.6341047120617314e-05
1846,311.59404185699987,5.587,3.633149428314819e-05
1847,311.7413398189992,5.3551,3.632213852882721e-05
1848,311.8928594959998,6.4701,3.631303994481484e-05
1849,312.0436648139994,6.8256,3.630369533104941e-05
1850,312.1965849349999,6.1779,3.62943765427778e-05
1851,312.3452714469995,6.011,3.6284953787777775e-05
1852,312.4980946359992,6.2069,3.627574857790124e-05
1853,312.6504432219999,6.3957,3.626632882432104e-05
1854,312.80171614199935,6.0837,3.625691977308645e-05
1855,312.95564918999935,6.0827,3.624759123030866e-05
1856,313.1087121339997,6.5116,3.6238092440555564e-05
1857,313.26112030199965,6.7924,3.6228647184012395e-05
1858,313.4141505259995,6.1226,3.6219238939876545e-05
1859,313.56944187799945,6.2779,3.620980111487656e-05
1860,313.7224632469997,6.0762,3.620021473512348e-05
1861,313.8756443029997,6.1914,3.6190759827345686e-05
1862,314.0232274479995,6.3626,3.6181304876790146e-05
1863,314.1738109019998,6.4273,3.617218779925926e-05
1864,314.3267099369996,6.0409,3.6162908996543255e-05
1865,314.47978591799983,6.4386,3.6153466374938286e-05
1866,314.6357435129994,6.4543,3.614402168308645e-05
1867,314.7909364649995,6.244,3.6134391847716096e-05
1868,314.94547462399987,6.2565,3.612480484814816e-05
1869,315.097688541,5.237,3.61152663753704e-05
1870,315.2516333049998,6.121,3.6105869132962974e-05
1871,315.40269815899956,5.7908,3.609638189481482e-05
1872,315.5518672529997,6.4689,3.608704289308645e-05
1873,315.7049121639993,5.511,3.607783211314817e-05
1874,315.85556225099936,6.6566,3.6068384511790166e-05
1875,316.0053965749994,6.3943,3.605907880870375e-05
1876,316.1566891519997,6.1215,3.604983456858025e-05
1877,316.31362585199986,6.4464,3.604050786253089e-05
1878,316.46540763899975,6.1195,3.603082671641976e-05
1879,316.61674092999965,6.6134,3.602144327827161e-05
1880,316.76568551699984,6.6704,3.601209906333337e-05
1881,316.9180414329994,5.7908,3.600290416635806e-05
1882,317.0648618319992,6.0226,3.599349867981486e-05
1883,317.2125620299994,5.7494,3.598442962197534e-05
1884,317.3653466859996,6.3999,3.597531314166668e-05
1885,317.5160758259999,5.7914,3.596588918302475e-05
1886,317.669632997,5.9757,3.595659399524692e-05
1887,317.8246820839995,6.0723,3.594710725895064e-05
1888,317.9814948889998,6.1795,3.593754493265436e-05
1889,318.1347988519992,5.6652,3.592786236586422e-05
1890,318.28919459200006,5.9116,3.5918399714321006e-05
1891,318.43968199699975,6.1372,3.590886597962966e-05
1892,318.5912639649996,7.0634,3.5899564906604936e-05
1893,318.74297072899935,6.7691,3.5890218862716074e-05
1894,318.89536324299934,6.7529,3.5880856472901236e-05
1895,319.0471613949994,5.8125,3.587143231598767e-05
1896,319.20198702499965,6.9336,3.58620687099383e-05
1897,319.3527108009994,5.9871,3.585251826395063e-05
1898,319.5016047929994,5.7379,3.5843206747901245e-05
1899,319.65315197999917,6.167,3.5834012401728444e-05
1900,319.8058829219999,6.3116,3.582466149092594e-05
1901,319.95845619600004,5.708,3.581522469524692e-05
1902,320.10928610099927,6.0996,3.580582358944445e-05
1903,320.26118635199964,6.3287,3.579651753537039e-05
1904,320.41192053899977,5.0663,3.5787139904506194e-05
1905,320.56173135599965,6.6655,3.577782500382719e-05
1906,320.7123090169998,6.0415,3.5768579150679014e-05
1907,320.8666758449999,6.3075,3.5759280242160506e-05
1908,321.01924786499967,5.7891,3.574975984401236e-05
1909,321.1695471539997,5.9491,3.5740336679938296e-05
1910,321.3218632419994,6.9181,3.573105268456795e-05
1911,321.47293164999974,5.5699,3.5721663796296324e-05
1912,321.6252757509992,6.1876,3.571233636462963e-05
1913,321.77961734699966,6.7057,3.5702923048642015e-05
1914,321.9308042879993,6.6335,3.569341053135804e-05
1915,322.08408218299974,6.7413,3.5684054445740755e-05
1916,322.23604714799967,6.6293,3.567461047783952e-05
1917,322.3905104939995,6.5669,3.566521989395066e-05
1918,322.54426585299916,5.7362,3.565570057271605e-05
1919,322.69896173100005,6.6897,3.5646191714074104e-05
1920,322.85124353099945,6.3167,3.563665577740744e-05
1921,323.0042469249993,6.7053,3.562725989018519e-05
1922,323.15321584999947,6.0301,3.561780690302469e-05
1923,323.3089114779996,6.6219,3.5608600867283957e-05
1924,323.4617260969999,5.5469,3.559900663450617e-05
1925,323.61610986899996,6.1546,3.558955954864202e-05
1926,323.770043257,6.3684,3.5580029060679015e-05
1927,323.92265873499946,6.5395,3.5570543156543214e-05
1928,324.0726335069994,6.3798,3.5561102669814864e-05
1929,324.2266873159997,6.4144,3.555185194944448e-05
1930,324.3794229739997,6.7158,3.5542346225617315e-05
1931,324.5312207999996,6.4238,3.553291572425931e-05
1932,324.6835672539992,5.986,3.552354263808647e-05
1933,324.83508853700005,6.2885,3.5514140215432126e-05
1934,324.98962874899917,6.0273,3.550477804586423e-05
1935,325.14527845299926,5.8389,3.549524165746918e-05
1936,325.2999136009994,6.2359,3.548565498049384e-05
1937,325.44988517299953,5.3113,3.547610124962964e-05
1938,325.598273736,6.1375,3.546684416296299e-05
1939,325.74709328899917,5.7451,3.545766975555558e-05
1940,325.8978832599996,5.9575,3.544849164166671e-05
1941,326.04984952799987,5.322,3.543917885487656e-05
1942,326.2025601569994,6.6449,3.5429805204320994e-05
1943,326.3559924559995,6.6156,3.5420382784012376e-05
1944,326.50676388899956,6.3744,3.541091180043213e-05
1945,326.65678316999947,6.0969,3.540159762592597e-05
1946,326.81023337399984,6.4696,3.5392338185370423e-05
1947,326.9603622879995,5.5865,3.538287684000004e-05
1948,327.1094964589993,5.8883,3.537359542154325e-05
1949,327.26311109499966,6.3131,3.536438192000001e-05
1950,327.41352543099947,5.9827,3.535491280327161e-05
1951,327.5634058259993,5.5991,3.53456241138889e-05
1952,327.715591655,5.9744,3.5336363815679055e-05
1953,327.86577832999956,6.2359,3.532697922808646e-05
1954,328.0172049169996,6.0628,3.531769926567904e-05
1955,328.17289079799957,6.3911,3.5308351516419794e-05
1956,328.3259755459994,5.7831,3.5298748972098805e-05
1957,328.48044375599966,5.7312,3.5289301833086425e-05
1958,328.63600874299937,6.5342,3.5279773143827164e-05
1959,328.7852495549996,5.4877,3.5270161624197566e-05
1960,328.93620952999936,6.9241,3.526094247876548e-05
1961,329.08484175299964,5.2369,3.525162152271605e-05
1962,329.2318192829998,5.115,3.5242452347716094e-05
1963,329.381395589,6.2062,3.523338358543214e-05
1964,329.53128390599977,6.0569,3.522414353438274e-05
1965,329.6795150329999,5.6805,3.52148932097531e-05
1966,329.8362673249994,6.4505,3.520573436796299e-05
1967,329.98743655199996,5.0331,3.5196086298024736e-05
1968,330.1441369489994,5.9959,3.518673154679018e-05
1969,330.2957997609992,5.8008,3.5177072562530866e-05
1970,330.4467635459996,6.0326,3.5167701505987696e-05
1971,330.5979461179995,6.2793,3.5158382621481486e-05
1972,330.7475551869993,6.7449,3.5149054858271644e-05
1973,330.9002715229999,6.2581,3.5139818878765486e-05
1974,331.0513986249998,5.7478,3.513038932370375e-05
1975,331.2083834639998,5.5857,3.512105984938275e-05
1976,331.36185389599996,6.1158,3.5111376935061725e-05
1977,331.5126978039998,5.6434,3.510189291685189e-05
1978,331.66250989199943,5.0082,3.5092582499135815e-05
1979,331.8196188769998,6.9153,3.5083332834197556e-05
1980,331.97103427799993,5.1676,3.507365294283953e-05
1981,332.120529113,6.1322,3.5064285951111126e-05
1982,332.27636657199946,6.2832,3.505506944345682e-05
1983,332.4270336289992,4.9493,3.504545186080251e-05
1984,332.57825567500004,4.5767,3.503614794783954e-05
1985,332.7302680799994,6.119,3.502680618666669e-05
1986,332.88122806999945,6.2196,3.501743141592597e-05
1987,333.03578608799944,5.8334,3.5008104214012346e-05
1988,333.18615972299995,6.3429,3.4998583347407454e-05
1989,333.33684814499975,6.5192,3.4989290072037055e-05
1990,333.48891982499936,5.9856,3.4979994818271636e-05
1991,333.6393411019999,6.4839,3.497059507629633e-05
1992,333.79063327199947,6.0285,3.496131059820988e-05
1993,333.9447184929995,6.1844,3.4951973822469174e-05
1994,334.10004970999944,6.2988,3.494246869000001e-05
1995,334.2517943439998,5.8019,3.493287867469137e-05
1996,334.4033448749997,6.5094,3.492350721185187e-05
1997,334.5529197809992,6.088,3.4914155936234585e-05
1998,334.703378616,6.7165,3.4904922746728395e-05
1999,334.8534840049997,5.6192,3.4895633527654345e-05
2000,335.0071391219999,6.5447,3.488636345376546e-05
2001,335.1562763309994,6.8123,3.4876888166172874e-05
2002,335.3059122319992,6.2187,3.486768243944448e-05
2003,335.4580624479995,6.2681,3.485843862456791e-05
2004,335.6084987719996,6.1446,3.484906021746914e-05
2005,335.76300658699984,5.6804,3.483975740623458e-05
2006,335.91627073999916,5.8448,3.4830236372839545e-05
2007,336.07082567399993,6.1123,3.482075834481484e-05
2008,336.22524788899955,6.0021,3.4811230044444454e-05
2009,336.3777986649993,5.4641,3.480169841296298e-05
2010,336.53218670299975,6.2542,3.479227784333338e-05
2011,336.687278421,5.8615,3.478275582339511e-05
2012,336.8428613059996,5.6987,3.4773177935308686e-05
2013,336.99551175599936,6.2802,3.4763565922530916e-05
2014,337.1482718139996,5.9418,3.47541448964198e-05
2015,337.3018032509999,5.7712,3.47447151699383e-05
2016,337.4573339159997,6.5576,3.473524809154326e-05
2017,337.60931594199974,6.1348,3.472565027771609e-05
2018,337.7619078349999,5.9282,3.471625532975311e-05
2019,337.9151502119994,5.9453,3.4706839595000026e-05
2020,338.0697285389997,6.1924,3.469737525734571e-05
2021,338.2197618649998,6.2273,3.468784239135807e-05
2022,338.36843921199943,6.2258,3.467857274783955e-05
2023,338.5215778639995,6.4862,3.466939831950617e-05
2024,338.67827548199966,6.3822,3.465994886456794e-05
2025,338.8309363339995,6.1404,3.465027081055561e-05
2026,338.9831833399994,5.8705,3.4640852979135804e-05
2027,339.1382957169999,6.743,3.4631443844012346e-05
2028,339.29445032499916,5.6567,3.462189195697535e-05
2029,339.44906455099954,5.448,3.461223767691362e-05
2030,339.6078662579994,6.1963,3.460262722351852e-05
2031,339.76326012999925,6.1861,3.459281616500004e-05
2032,339.9166322329993,5.6949,3.458329862907412e-05
2033,340.07515983899975,5.9964,3.4573821792654335e-05
2034,340.22940085999926,6.09,3.456402960240745e-05
2035,340.3825733499998,6.0403,3.455451793500002e-05
2036,340.53840570899956,6.2145,3.454507504185187e-05
2037,340.6919653779996,6.3017,3.453541363277778e-05
2038,340.8443015389994,5.3882,3.452597636561733e-05
2039,340.9978990789996,7.0318,3.451655552864199e-05
2040,341.15416205899965,5.779,3.450708248160498e-05
2041,341.3121934869996,6.0459,3.449744205092598e-05
2042,341.46289852799964,5.7877,3.4487677472963e-05
2043,341.6161121309997,6.2888,3.4478373821111135e-05
2044,341.77157551099936,6.0051,3.4468925375123475e-05
2045,341.92534771600003,6.5127,3.445931915179014e-05
2046,342.0826350719999,5.8623,3.4449759653456806e-05
2047,342.23106041999927,5.9537,3.444013091191361e-05
2048,342.38517615,5.9441,3.44309417191358e-05
2049,342.5365029249997,5.9408,3.4421449621913616e-05
2050,342.68658457499987,5.5961,3.4412092817469167e-05
2051,342.83897574099956,6.0619,3.440283291327163e-05
2052,342.9922764979992,5.7176,3.439342754185188e-05
2053,343.14828541099996,6.3303,3.438397116037042e-05
2054,343.30255743899943,6.2999,3.437434117685185e-05
2055,343.4570906099998,6.0295,3.436482526858027e-05
2056,343.6143893209992,6.3557,3.43552844634568e-05
2057,343.76891477499976,6.4614,3.4345575988641986e-05
2058,343.92334020199996,5.3999,3.43360301020988e-05
2059,344.07176600099956,4.9538,3.432643270419754e-05
2060,344.2251823689994,5.7699,3.431732650191362e-05
2061,344.38187964699955,6.09,3.430787187487657e-05
2062,344.53289352499996,6.2808,3.429820474555561e-05
2063,344.68830117799916,5.9255,3.428887040993832e-05
2064,344.844831161,6.8258,3.4279286106419773e-05
2065,344.9961291869995,5.4647,3.426962437222222e-05
2066,345.1473960639996,5.0287,3.4260279686358065e-05
2067,345.2990195069997,5.7367,3.4250938261790154e-05
2068,345.45176792499933,5.303,3.424158210012346e-05
2069,345.602745614,5.7843,3.423214871129633e-05
2070,345.7538065809995,6.3133,3.422283455648152e-05
2071,345.907913991,6.1906,3.4213505304197545e-05
2072,346.06110792599975,6.002,3.420399423462967e-05
2073,346.2108712019999,5.8363,3.419453708709878e-05
2074,346.3636069899994,6.1245,3.418528570333337e-05
2075,346.5118091659997,5.8333,3.417587219388893e-05
2076,346.66728032799983,5.9512,3.416671141759263e-05
2077,346.8221386109999,5.3758,3.415713456055556e-05
2078,346.9747861419992,6.3584,3.414756795944447e-05
2079,347.12758345399925,6.2179,3.4138140596111146e-05
2080,347.2837455539993,6.8857,3.4128707378395066e-05
2081,347.4337839489999,6.0952,3.4119084552654323e-05
2082,347.58563377599967,6.3738,3.410979141753087e-05
2083,347.74145296999995,6.8395,3.4100440842901235e-05
2084,347.8945130279999,6.0525,3.409081603932099e-05
2085,348.04970571099966,6.578,3.40813640570988e-05
2086,348.2048119679994,5.8617,3.407179619691362e-05
2087,348.35991141199975,6.5445,3.406220335475312e-05
2088,348.5108422509993,6.6811,3.40526441901235e-05
2089,348.661450607,6.1127,3.4043312638271655e-05
2090,348.8143078789999,6.1549,3.403401260975314e-05
2091,348.96693503699953,6.1819,3.4024591490061755e-05
2092,349.12291968499994,6.2087,3.401516612654323e-05
2093,349.2784973909993,6.1591,3.400554644481485e-05
2094,349.43269258300006,6.1114,3.399593068740744e-05
2095,349.58930483399945,6.2547,3.398641218382721e-05
2096,349.7446072549992,6.1088,3.3976757476666706e-05
2097,349.9029466919992,6.0639,3.3967147346543246e-05
2098,350.05598826000005,5.8835,3.395739874598769e-05
2099,350.21060206199945,6.3309,3.394793982549385e-05
2100,350.3639212779999,6.3761,3.39383916999383e-05
2101,350.5183841479993,6.2185,3.3928934488950615e-05
2102,350.6684817659998,5.3053,3.3919395473333374e-05
2103,350.8237185129992,5.8656,3.391012176259261e-05
2104,350.9787939099997,6.3436,3.390055062611114e-05
2105,351.1305792539997,6.6628,3.389097315790125e-05
2106,351.2825574969993,5.6851,3.3881608468642004e-05
2107,351.43773194999994,6.2138,3.387222091462965e-05
2108,351.5918979799999,6.384,3.3862650235864246e-05
2109,351.74727358699965,5.9666,3.3853129814012366e-05
2110,351.8982932959998,5.9255,3.3843533818641994e-05
2111,352.0515078589997,6.0267,3.383420946574079e-05
2112,352.20497255600003,6.1843,3.382475907543211e-05
2113,352.36183113599964,6.4523,3.3815283022839554e-05
2114,352.51701747399966,6.3048,3.380560732141975e-05
2115,352.6700532779996,6.0332,3.379602847802474e-05
2116,352.8261181989992,6.7281,3.3786570996728454e-05
2117,352.9784221489999,6.1994,3.377695397691359e-05
2118,353.1294564959999,6.6646,3.376753915876544e-05
2119,353.28156312199917,6.3046,3.375822038876547e-05
2120,353.43454063599984,6.1566,3.3748821932839535e-05
2121,353.58970951299943,6.7246,3.373939054858028e-05
2122,353.7426904739996,6.1908,3.372980729450622e-05
2123,353.89653279699996,6.3274,3.372036200679012e-05
2124,354.0512755659993,6.276,3.37108743327161e-05
2125,354.2034624049993,5.5805,3.370131380913582e-05
2126,354.3588019729996,6.4569,3.369192520327162e-05
2127,354.5118675469994,5.6747,3.368233783117286e-05
2128,354.66068433500004,6.2754,3.36728819862346e-05
2129,354.8141916129998,5.8873,3.366369339154326e-05
2130,354.9662659259993,6.4212,3.3654223502037075e-05
2131,355.11785402499936,6.6252,3.36448308468519e-05
2132,355.2733054479995,5.7571,3.3635475783456814e-05
2133,355.4288615639998,5.8758,3.3625890657963e-05
2134,355.5820449019993,5.4893,3.361627961802472e-05
2135,355.7316246579994,5.6334,3.360682481339508e-05
2136,355.8792771359995,5.9864,3.3597585956481514e-05
2137,356.03050413099936,5.2808,3.3588475497530914e-05
2138,356.186174038,6.1754,3.357913770129634e-05
2139,356.3392242289992,5.923,3.356954647055559e-05
2140,356.488474625,6.2803,3.356009006820993e-05
2141,356.6404770119998,6.1528,3.3550863810679055e-05
2142,356.79179541899975,5.9402,3.354149145129635e-05
2143,356.94370901599996,5.5875,3.353215297067902e-05
2144,357.0966076979994,6.2888,3.3522765593827194e-05
2145,357.24829025300005,5.7767,3.351334605074078e-05
2146,357.4006554079997,6.1698,3.350396656203705e-05
2147,357.5548317019993,6.5351,3.349457113216049e-05
2148,357.7097014789997,6.145,3.348504768790126e-05
2149,357.8626527719998,6.3702,3.347550269993828e-05
2150,358.01366902099926,6.1282,3.346605514339506e-05
2151,358.1660464689994,6.0907,3.345671695067902e-05
2152,358.3168396689998,5.9143,3.344732103728398e-05
2153,358.469952554,6.1415,3.343800959858027e-05
2154,358.62334967900006,5.9858,3.342856536870374e-05
2155,358.7746134729996,5.3315,3.341908670438274e-05
2156,358.9292106589992,6.3426,3.3409750380308676e-05
2157,359.08251346499947,6.1805,3.3400189809629655e-05
2158,359.23537047099944,6.2487,3.339075225530866e-05
2159,359.39009630500004,6.4846,3.338131469993832e-05
2160,359.5458868679998,6.1578,3.337177111697532e-05
2161,359.7013449059996,6.4347,3.336215498722225e-05
2162,359.85742185099934,6.6601,3.335254451209882e-05
2163,360.00987708999946,5.4139,3.3342902319691404e-05
2164,360.16503192299933,6.2858,3.333350646765436e-05
2165,360.3183279199993,6.266,3.332392427283954e-05
2166,360.4686791369995,5.6495,3.331446488851854e-05
2167,360.622435796,5.6135,3.330517862444449e-05
2168,360.7733509269992,5.7429,3.329569674234571e-05
2169,360.9259437029996,6.3098,3.3286376078765466e-05
2170,361.0813940829994,6.3181,3.327695987592596e-05
2171,361.238021698,6.2447,3.3267363589629675e-05
2172,361.392781044,5.8845,3.3257691185925935e-05
2173,361.54636604200005,6.0872,3.324814451660496e-05
2174,361.70003312099925,6.4072,3.323866686438275e-05
2175,361.8523477109993,6.259,3.322917322401237e-05
2176,362.0041334999996,5.3086,3.321977706962964e-05
2177,362.15535665399966,5.9607,3.32103962346914e-05
2178,362.3090333199998,6.1315,3.3201012596666693e-05
2179,362.4618303979996,5.968,3.3191585499753106e-05
2180,362.6162372029994,5.8156,3.318215330765433e-05
2181,362.77077400599956,5.906,3.317261382635804e-05
2182,362.9233025079993,6.1922,3.316307997827164e-05
2183,363.0786024509998,6.2441,3.3153678139691366e-05
2184,363.23189113099943,6.4324,3.314401828320991e-05
2185,363.38792438899964,6.1198,3.313461501370371e-05
2186,363.5435461449997,6.4769,3.312499524919755e-05
2187,363.69754205199933,6.2387,3.3115373579074085e-05
2188,363.85051425099937,6.0703,3.310586860740746e-05
2189,364.00233638400005,6.5326,3.309641969327161e-05
2190,364.1549075469993,5.8799,3.308704402487657e-05
2191,364.3063463109993,6.0465,3.3077636470802476e-05
2192,364.46360841599926,5.8905,3.306828174907412e-05
2193,364.6197006499997,6.7202,3.305859166283954e-05
2194,364.7711478429992,5.4016,3.304893656777781e-05
2195,364.9232069139998,6.7408,3.303959304981483e-05
2196,365.0787765519999,5.8763,3.3030214507407436e-05
2197,365.2335285879999,6.1802,3.302060458666667e-05
2198,365.3878068309996,5.1653,3.301105702950618e-05
2199,365.5426688969992,5.9618,3.3001532773456846e-05
2200,365.7007015469999,6.6795,3.2991969868950643e-05
2201,365.8536740639993,6.2849,3.298216508370371e-05
2202,366.00806062099946,6.6408,3.297277535401239e-05
2203,366.16247603400006,6.1663,3.296324386660498e-05
2204,366.31371108499934,6.0926,3.295371956481486e-05
2205,366.46677748299953,6.2071,3.2944372210802464e-05
2206,366.6207833899998,5.8575,3.293493302098768e-05
2207,366.77394622499924,6.5361,3.2925425458333346e-05
2208,366.9264035439992,5.89,3.2915966839506194e-05
2209,367.08038428599957,6.4748,3.2906552943888905e-05
2210,367.23365994899996,5.4523,3.2897049169506195e-05
2211,367.38638246199935,5.9993,3.28875971258642e-05
2212,367.53647153899965,5.6218,3.2878162108703705e-05
2213,367.6907998779998,6.6469,3.28688962312963e-05
2214,367.84538629099916,6.0602,3.285936977629633e-05
2215,367.9981404219998,6.1143,3.2849832560493864e-05
2216,368.1532930179992,5.7562,3.2840405347098766e-05
2217,368.3038118029999,5.8909,3.283082201487655e-05
2218,368.4561561619994,6.1182,3.28215401760494e-05
2219,368.6101111629996,6.4928,3.281212882253087e-05
2220,368.7635591489998,6.6234,3.280263171876548e-05
2221,368.918099214,5.9386,3.2793153241543264e-05
2222,369.07276781199926,5.9511,3.2783612785493844e-05
2223,369.22716541299997,6.5516,3.277406762512351e-05
2224,369.3830104989993,6.5154,3.2764542465061755e-05
2225,369.5339851659992,5.51,3.275492575734568e-05
2226,369.68527141899995,5.7028,3.2745597852530874e-05
2227,369.83980996399987,5.9212,3.2736256831666726e-05
2228,369.98822772399944,6.7351,3.272672425870373e-05
2229,370.13952046899976,5.6884,3.2717548488024725e-05
2230,370.29305001800003,6.053,3.2708229566172874e-05
2231,370.4471584489993,6.406,3.269875122444448e-05
2232,370.60029031999966,5.6427,3.268923695444447e-05
2233,370.7529154779995,6.3683,3.2679774960555576e-05
2234,370.9084108249999,5.5674,3.267035488765436e-05
2235,371.0630357689997,6.0672,3.266075966228398e-05
2236,371.2148706959997,5.3034,3.2651206848086466e-05
2237,371.37186560899954,6.3617,3.2641835251851896e-05
2238,371.5271353529997,5.7737,3.263215886067905e-05
2239,371.68159378899963,6.3446,3.26225713812346e-05
2240,371.8345009079994,5.9767,3.261303142172841e-05
2241,371.9913797929994,6.6043,3.2603586414444455e-05
2242,372.1468837959992,6.4374,3.259390508265436e-05
2243,372.30008623399954,5.8035,3.2584315282716084e-05
2244,372.4533943849992,5.7328,3.257484286518522e-05
2245,372.60633792499993,5.4607,3.256538076253087e-05
2246,372.75687033099985,6.3034,3.255594637790126e-05
2247,372.91231819599943,6.1167,3.2546643447963e-05
2248,373.06624875499983,5.7433,3.2537057611604984e-05
2249,373.22086417399987,5.9962,3.252754779839507e-05
2250,373.3783789659992,6.8196,3.251801277351857e-05
2251,373.5319713959998,5.5321,3.2508300832222246e-05
2252,373.68903857499936,5.6746,3.249880175253088e-05
2253,373.8394537869999,5.7159,3.248911235234573e-05
2254,373.989355875,5.4522,3.247981845660495e-05
2255,374.1435178689999,6.0703,3.2470564702469145e-05
2256,374.29416927199964,4.7415,3.246106446055556e-05
2257,374.44433752999976,5.7266,3.245174855049384e-05
2258,374.5985981109998,5.5917,3.2442478053888934e-05
2259,374.75457315699987,5.9155,3.243296028123462e-05
2260,374.9106058509997,6.2714,3.2423328643148195e-05
2261,375.0664570989993,6.9049,3.24137107637037e-05
2262,375.22028264599976,5.2692,3.240408352746918e-05
2263,375.37321543599955,5.8209,3.239458974969138e-05
2264,375.5291490739992,6.2264,3.2385154596049404e-05
2265,375.6842997429994,6.4397,3.237552220765433e-05
2266,375.83838989299966,5.9644,3.236595456141981e-05
2267,375.99337477599965,6.4303,3.2356436897222224e-05
2268,376.144962331,6.1693,3.2346867567530916e-05
2269,376.29968865999945,6.7288,3.233750399166672e-05
2270,376.453371263,6.0283,3.2327956990864237e-05
2271,376.610243178,6.6816,3.231847437401237e-05
2272,376.76153470200006,5.5762,3.2308794152222224e-05
2273,376.91219422499944,6.0054,3.2299446546481524e-05
2274,377.06664724799975,6.3036,3.229014057666669e-05
2275,377.2164865699997,6.2734,3.228061690172845e-05
2276,377.36482632799925,5.1651,3.227136158228399e-05
2277,377.5193971339995,6.2307,3.22621995805556e-05
2278,377.67178253399925,6.499,3.225267564166671e-05
2279,377.82055307799965,5.3347,3.224325561222222e-05
2280,377.9764401959992,6.0844,3.2234077171111146e-05
2281,378.1273282379998,6.2155,3.222445353932101e-05
2282,378.2793913659998,6.3002,3.221514055000002e-05
2283,378.432725957,6.2921,3.220568677876543e-05
2284,378.58713799399993,6.1915,3.219629101759264e-05
2285,378.74319836799987,5.6257,3.218676649425926e-05
2286,378.89590998699987,5.7891,3.217712875203705e-05
2287,379.05182056800004,6.4694,3.21676988651235e-05
2288,379.21046207699965,6.0956,3.2158084896728434e-05
2289,379.3641381869993,5.7318,3.21482910281482e-05
2290,379.51687176499945,5.7247,3.213879500796299e-05
2291,379.67177708599957,6.1732,3.2129368076481495e-05
2292,379.82649341899923,5.9804,3.211980675425927e-05
2293,379.9766511309999,6.58,3.211026572672842e-05
2294,380.1285268519996,5.9506,3.2100977113641986e-05
2295,380.28078930599986,5.9086,3.2091618360617324e-05
2296,380.4373026909998,6.1082,3.208220904364203e-05
2297,380.5891216399996,5.861,3.207255424919755e-05
2298,380.74328540399983,5.3799,3.206317993666671e-05
2299,380.8944407249992,5.6921,3.205365791740742e-05
2300,381.050107086,5.713,3.2044338043086463e-05
2301,381.20455628199943,6.3814,3.203472984129635e-05
2302,381.35546620199966,5.8968,3.202518869148151e-05
2303,381.508736797,4.9641,3.2015872398024715e-05
2304,381.664222073,6.2871,3.200641107820991e-05
2305,381.8219001309999,5.7376,3.199682683080252e-05
2306,381.97573605699927,5.5465,3.19870863625926e-05
2307,382.13219792199925,6.5432,3.197758620246914e-05
2308,382.28714699600005,6.127,3.1967935110123457e-05
2309,382.4375081569997,6.3863,3.195836511296297e-05
2310,382.59032183,6.3283,3.194907635808643e-05
2311,382.7456181759999,6.0493,3.19396475983951e-05
2312,382.9021847569993,5.8936,3.193006034203706e-05
2313,383.0559549439995,6.1721,3.1920399710987697e-05
2314,383.20939486799944,6.1956,3.1910904867777784e-05
2315,383.3618723949994,5.7812,3.190143311864199e-05
2316,383.5182594169992,5.8972,3.1892023000246915e-05
2317,383.6720923949997,6.3035,3.1882379645185214e-05
2318,383.8254109619993,5.868,3.187286581858025e-05
2319,383.9781233909998,6.1319,3.186341575185188e-05
2320,384.13669544000004,6.718,3.185397775376546e-05
2321,384.28746364499966,5.7328,3.184419328901236e-05
2322,384.44289949999984,6.2519,3.1834888140493875e-05
2323,384.59893338599977,6.1877,3.182529752518523e-05
2324,384.7550133929999,6.4004,3.181567327024694e-05
2325,384.9063397739992,6.1657,3.1806035567963e-05
2326,385.05997388800006,5.6102,3.17966804692593e-05
2327,385.2123930199996,6.0074,3.1787204238209914e-05
2328,385.36708782299957,5.7924,3.17777900801235e-05
2329,385.5186803049992,5.6825,3.1768249882345716e-05
2330,385.66922791899924,5.5604,3.1758886172160544e-05
2331,385.8230523409993,5.9436,3.1749583079753124e-05
2332,385.9742259279992,5.9596,3.174009900858027e-05
2333,386.12736288999986,6.1367,3.173076428907409e-05
2334,386.2779835269994,6.0735,3.172131512950621e-05
2335,386.42993912199927,5.8963,3.1712008055493844e-05
2336,386.58010461899994,4.7863,3.1702627082962985e-05
2337,386.7328472579993,6.478,3.1693353995185226e-05
2338,386.89130005599964,6.0546,3.168394692395065e-05
2339,387.0449358369997,6.5164,3.1674154159259274e-05
2340,387.19894455899976,6.1897,3.166467869987656e-05
2341,387.3516043509999,6.4432,3.165517482092594e-05
2342,387.50360354199984,5.8576,3.1645735851481486e-05
2343,387.65499251799974,5.5888,3.1636361644197546e-05
2344,387.8039382449997,6.4321,3.162700825271607e-05
2345,387.96055555599924,6.5244,3.1617813684444495e-05
2346,388.1106841589999,5.6559,3.160815411833336e-05
2347,388.259633486,6.2569,3.1598882702469154e-05
2348,388.41432882999925,6.2549,3.1589683136358075e-05
2349,388.56816605699987,5.6392,3.158015126716051e-05
2350,388.7184131009999,5.8455,3.157064296685186e-05
2351,388.8718693889996,6.4107,3.1561366554074086e-05
2352,389.0230138299994,5.8989,3.155189889944448e-05
2353,389.1790757819999,5.6985,3.154256627456792e-05
2354,389.3338334729997,6.3093,3.15329400841358e-05
2355,389.4831186399997,5.7289,3.15233875903704e-05
2356,389.635083313,5.0984,3.151415856339509e-05
2357,389.7908044039996,6.6096,3.150478657808643e-05
2358,389.94629677800003,6.3557,3.149518625111111e-05
2359,390.0952336399996,5.6286,3.148557332265435e-05
2360,390.2467742539993,5.6193,3.1476381058642e-05
2361,390.39576932099953,5.8067,3.146701971475309e-05
2362,390.5468061339998,6.4125,3.145782796888892e-05
2363,390.70120693399986,6.0288,3.1448504155679065e-05
2364,390.8564428269992,5.7285,3.143897854117285e-05
2365,391.0044086479993,5.0824,3.142938079771609e-05
2366,391.1541705319996,6.1445,3.142025159925927e-05
2367,391.3097773499994,6.4724,3.141101376308643e-05
2368,391.46576744899994,6.0216,3.1401415942592604e-05
2369,391.62062234099994,6.11,3.139178578432104e-05
2370,391.77185488299983,6.3859,3.1382218699135826e-05
2371,391.92421190499954,6.6024,3.1372881142345724e-05
2372,392.0804800849992,6.5012,3.136347982524692e-05
2373,392.2341639799997,5.896,3.135378045808646e-05
2374,392.38808887899995,5.6931,3.134434202543212e-05
2375,392.54094203599925,6.4983,3.133485721839508e-05
2376,392.6935318169999,5.7386,3.132541214481484e-05
2377,392.8494206819996,6.8717,3.131599078290127e-05
2378,392.99865796799986,5.6747,3.13063768110494e-05
2379,393.15382797499933,6.0926,3.129715446388892e-05
2380,393.3057756319995,6.0465,3.1287583405246944e-05
2381,393.457848217,6.0915,3.127819805598768e-05
2382,393.6068761059996,5.8808,3.12688150327778e-05
2383,393.76380526899993,6.2319,3.1259604362716075e-05
2384,393.91946053099946,6.515,3.1249936085740746e-05
2385,394.0710280129997,5.8086,3.1240323084074094e-05
2386,394.22441915999934,5.9691,3.123095189506173e-05
2387,394.3772750849994,6.689,3.122149729030865e-05
2388,394.53328469499957,6.0637,3.1212054210123476e-05
2389,394.68592801199975,6.2372,3.1202438842345726e-05
2390,394.84039490099985,5.7905,3.11929885673457e-05
2391,394.99210037299963,5.9185,3.118347459283951e-05
2392,395.14701846499975,6.8767,3.1174105560802514e-05
2393,395.30362121799953,5.7068,3.116455200012347e-05
2394,395.45606213099927,5.9998,3.11548891719136e-05
2395,395.6055386099997,5.0562,3.114546313320991e-05
2396,395.75877847799984,6.5683,3.1136233337160494e-05
2397,395.9163617819995,6.1318,3.112678114709878e-05
2398,396.071223424,6.0795,3.1117054295617285e-05
2399,396.22598327800006,5.7402,3.110750110882719e-05
2400,396.38094880799963,5.6358,3.1097943767901236e-05
2401,396.53126951099966,6.265,3.108837908024691e-05
2402,396.6846675069992,6.6602,3.107907918e-05
2403,396.83775541699924,5.7695,3.106962237993831e-05
2404,396.99169790999986,6.4273,3.106017895975314e-05
2405,397.1471148519995,6.3865,3.105066968882719e-05
2406,397.3036621279998,6.0354,3.1041084908580265e-05
2407,397.46098041799996,6.303,3.103143164246915e-05
2408,397.6177977719999,5.9435,3.102170468419754e-05
2409,397.7715690719997,5.3362,3.101202408555557e-05
2410,397.92557848699926,6.6294,3.1002532905e-05
2411,398.0831216049992,6.4234,3.099302279592596e-05
2412,398.2403335129993,5.8648,3.0983302583333374e-05
2413,398.38964492299965,6.0887,3.09735966331482e-05
2414,398.54217713399976,5.5897,3.096437431475312e-05
2415,398.6927905039993,6.1247,3.095496693771605e-05
2416,398.8471295469999,5.7154,3.0945666542222264e-05
2417,399.00128431399935,5.9492,3.0936142866543225e-05
2418,399.15342033199977,5.8058,3.0926629371296326e-05
2419,399.3099662149998,6.3822,3.0917228124197574e-05
2420,399.4661878329998,5.6427,3.09075673582099e-05
2421,399.61837309899965,5.3308,3.089792986234572e-05
2422,399.77253173400004,6.3415,3.088852294450618e-05
2423,399.9270080039996,6.1828,3.087901654858028e-05
2424,400.07689436799956,5.8152,3.086948952216051e-05
2425,400.22757451399957,5.9938,3.086021706327161e-05
2426,400.37615674099925,5.9827,3.0850929864753106e-05
2427,400.5266521659996,5.048,3.084174295469141e-05
2428,400.68070102099955,5.8832,3.083245716851852e-05
2429,400.8336432879996,5.7228,3.082296378401236e-05
2430,400.98782570000003,6.52,3.081350868703704e-05
2431,401.1412327329999,6.1221,3.080399442030868e-05
2432,401.2941442199999,6.7822,3.0794530407839534e-05
2433,401.4497561089993,6.1965,3.078508657734571e-05
2434,401.6023944899998,5.723,3.0775491813209904e-05
2435,401.7533025139992,6.0606,3.076606496080252e-05
2436,401.9060859199999,6.3676,3.075674540030866e-05
2437,402.0602803389993,6.0306,3.0747317396728395e-05
2438,402.21558659699986,6.2641,3.073779685462964e-05
2439,402.3701097229996,5.7714,3.0728224085679016e-05
2440,402.5245830349995,6.89,3.071866767438274e-05
2441,402.6776573219995,5.8331,3.0709141890864225e-05
2442,402.83391240499986,6.1419,3.069969034000005e-05
2443,402.98345320599947,6.1689,3.0690042702654346e-05
2444,403.1357916199995,6.0409,3.0680806096543225e-05
2445,403.2906461929997,6.2573,3.06714007618519e-05
2446,403.4422886939992,5.7474,3.0661861401790145e-05
2447,403.59554596399994,5.5886,3.065248709598766e-05
2448,403.75347604499984,6.346,3.0643030192283994e-05
2449,403.9103882139998,6.0163,3.063329119975308e-05
2450,404.0654439959999,6.1981,3.0623606955370385e-05
2451,404.21737219399984,6.1294,3.061401937549385e-05
2452,404.3686388729993,4.2589,3.0604650748642025e-05
2453,404.52164202699987,5.9597,3.059530467475309e-05
2454,404.6739098899998,6.2642,3.0585870721172877e-05
2455,404.82191725199937,5.4702,3.057645597475309e-05
2456,404.97182089799935,5.9114,3.0567315344074076e-05
2457,405.12073746699934,5.63,3.05580646971605e-05
2458,405.2703045519993,5.2956,3.0548873294197556e-05
2459,405.42281343099967,5.8571,3.0539647596419795e-05
2460,405.5753489529998,6.1624,3.053023936061733e-05
2461,405.7297377299992,6.3799,3.052075320925926e-05
2462,405.88431493699954,6.0728,3.051128871043215e-05
2463,406.03973286999917,4.4549,3.050175316000004e-05
2464,406.19588301899967,6.6045,3.0492159690679058e-05
2465,406.35002519999944,5.8737,3.0482526496358044e-05
2466,406.5025937339997,5.936,3.047300040382719e-05
2467,406.65687113700005,5.8327,3.0463586435061762e-05
2468,406.8116865619995,6.5192,3.0454065478703724e-05
2469,406.9659723269997,5.5316,3.0444501410000016e-05
2470,407.1187122729998,6.3831,3.043498656339507e-05
2471,407.27126232199953,5.4566,3.042555014259264e-05
2472,407.42141895999976,5.7362,3.0416143402345698e-05
2473,407.56817478099947,4.1551,3.0406855239567943e-05
2474,407.72001584899954,4.9666,3.039779588913585e-05
2475,407.86990888499986,6.3325,3.0388431979259273e-05
2476,408.0246660919993,5.801,3.0379168144629634e-05
2477,408.17839928600006,5.8613,3.0369625870185187e-05
2478,408.3339063359999,5.7472,3.0360133852592625e-05
2479,408.4854772109993,5.5286,3.0350534268024694e-05
2480,408.6412418099999,6.686,3.0341177816851853e-05
2481,408.7940120629992,6.0042,3.033157305981486e-05
2482,408.9477567269996,6.1624,3.0322132674691378e-05
2483,409.10287633200005,6.2538,3.0312647384691367e-05
2484,409.25215815699994,5.1459,3.0303073711358067e-05
2485,409.40692074599974,6.0864,3.02938428303704e-05
2486,409.561140799,6.1544,3.0284308978456817e-05
2487,409.71487447899926,6.534,3.0274792501234594e-05
2488,409.86414421599966,6.1466,3.0265305028024722e-05
2489,410.0176723839995,6.281,3.0256069292283967e-05
2490,410.17351538599996,5.8696,3.0246607943888903e-05
2491,410.328812318,5.7746,3.023697816092593e-05
2492,410.4832796169994,5.9565,3.0227399073456796e-05
2493,410.6405510029999,6.2643,3.0217790011913593e-05
2494,410.7924420579993,5.7267,3.0208153618086445e-05
2495,410.9483742549992,5.8463,3.0198772838333373e-05
2496,411.10211122300007,6.0463,3.0189153103148203e-05
2497,411.257067001,6.4695,3.017965593500001e-05
2498,411.4085549269994,6.2115,3.017009614777781e-05
2499,411.5623485699998,6.1632,3.0160677422839533e-05
2500,411.71533222199923,5.9488,3.015124625037038e-05
2501,411.8674224709994,6.1562,3.014180790080249e-05
2502,412.0177998479994,5.9659,3.013241199179015e-05
2503,412.1716825859994,6.3962,3.012313597055557e-05
2504,412.3277281999999,6.2429,3.0113638404197536e-05
2505,412.4834820979995,6.2773,3.0104014663888903e-05
2506,412.64046317999964,5.8045,3.0094400480864203e-05
2507,412.795057888,6.4009,3.008470336901239e-05
2508,412.94925106499977,6.4759,3.0075152371111116e-05
2509,413.10577822199957,6.5754,3.006563550697531e-05
2510,413.25953428999946,5.2539,3.0055980761358062e-05
2511,413.41588835999937,6.714,3.0046479092530876e-05
2512,413.5699431519997,6.0488,3.0036844060987674e-05
2513,413.72620677299983,5.5155,3.002732312154326e-05
2514,413.880202153,6.162,3.0017670207345683e-05
2515,414.031819242,5.503,3.000816692376545e-05
2516,414.18581020500005,6.2214,2.9998804829629645e-05
2517,414.33749592499953,5.5989,2.9989240497345715e-05
2518,414.4882511229998,4.9453,2.9979937685061764e-05
2519,414.64013949499986,6.3919,2.997062921160497e-05
2520,414.79334849099996,6.0518,2.9961257679876585e-05
2521,414.94780226700004,6.5594,2.995181306851857e-05
2522,415.10632485899987,6.4309,2.9942273535740796e-05
2523,415.26182556599997,6.3807,2.9932493439876586e-05
2524,415.4108397679993,5.7407,2.992289119296301e-05
2525,415.56181570699937,6.4864,2.9913681664938288e-05
2526,415.71449377799945,5.954,2.9904364441481503e-05
2527,415.8631392089992,5.8774,2.9894944562839544e-05
2528,416.0177061679997,5.9813,2.988576166506178e-05
2529,416.17224726599943,6.0242,2.9876227303888927e-05
2530,416.32681089799917,6.2157,2.986669554185185e-05
2531,416.47782909799935,6.4388,2.9857158441604955e-05
2532,416.6308861309999,6.4224,2.9847814726358038e-05
2533,416.7852288259992,5.7036,2.9838389877469174e-05
2534,416.93578668400005,5.9575,2.982885886320988e-05
2535,417.08952907299954,5.8945,2.9819551939506174e-05
2536,417.2419594739995,5.7813,2.9810074183580283e-05
2537,417.39626929899987,6.3925,2.9800653616481484e-05
2538,417.5477447659996,6.4755,2.979112995604939e-05
2539,417.70676339999955,6.5302,2.9781771699567914e-05
2540,417.8647216999998,6.2771,2.977198535814818e-05
2541,418.0179248759996,6.3594,2.9762225182469165e-05
2542,418.1715836829999,5.8728,2.9752749900308678e-05
2543,418.32291479599917,5.3879,2.974327757506177e-05
2544,418.4768223989995,5.8749,2.9733937112777834e-05
2545,418.6287593959996,5.7664,2.97244329583951e-05
2546,418.78123074999985,4.9004,2.971505790506174e-05
2547,418.9344479599995,5.5552,2.970564156592597e-05
2548,419.0889344449997,5.7883,2.9696173000925958e-05
2549,419.24384583899973,6.2549,2.9686584449074118e-05
2550,419.3971715129992,6.5917,2.9677087709567918e-05
2551,419.5477104769998,6.1182,2.9667619901851885e-05
2552,419.7027053239999,5.4027,2.9658325753518547e-05
2553,419.85602481299975,5.8552,2.9648759115679026e-05
2554,420.01118320099977,6.6743,2.9639292374259293e-05
2555,420.16741074199945,5.7348,2.9629727954567933e-05
2556,420.3201729149996,6.0069,2.962007160722228e-05
2557,420.4710969029993,6.179,2.961064366432103e-05
2558,420.6274392289997,6.36,2.9601318556604967e-05
2559,420.78219143599927,6.1464,2.9591686477037072e-05
2560,420.93717354899945,5.7687,2.9582124018518554e-05
2561,421.0890015389996,5.9694,2.957255849975309e-05
2562,421.2431108129995,5.9182,2.9563184533641997e-05
2563,421.3944344499996,6.1311,2.955367561432103e-05
2564,421.54299156199977,5.6923,2.9544326710740767e-05
2565,421.6936661949994,5.135,2.9535154697654332e-05
2566,421.84800144399924,5.738,2.9525857829567928e-05
2567,422.00014086099964,5.9486,2.95163283577778e-05
2568,422.1521626629992,6.1127,2.950694371049383e-05
2569,422.3055089569998,6.1085,2.949755104061729e-05
2570,422.4595641189999,5.7102,2.948808891938275e-05
2571,422.6144000149998,6.7362,2.9478590998395094e-05
2572,422.76983161599946,6.08,2.9469023888642023e-05
2573,422.92254081099964,5.2055,2.945944233148151e-05
2574,423.0789614999994,5.7009,2.94500013718519e-05
2575,423.2338571089995,6.4356,2.9440355961358052e-05
2576,423.3868229889995,5.139,2.9430786333642003e-05
2577,423.5426606909996,6.5653,2.9421338673888936e-05
2578,423.6962519239996,5.931,2.9411731379814845e-05
2579,423.84922954600006,5.6025,2.9402244864321027e-05
2580,424.0020652179992,4.8966,2.9392799463086456e-05
2581,424.1547475769994,6.0091,2.938335953314818e-05
2582,424.3112401439994,6.2627,2.9373939640061755e-05
2583,424.46321854799953,6.2159,2.9364286251481508e-05
2584,424.61959530700005,5.968,2.9354899481296335e-05
2585,424.770421534,5.6451,2.934524959907411e-05
2586,424.92508771899975,6.0907,2.9335939028703736e-05
2587,425.0736537419998,5.9155,2.932638096833334e-05
2588,425.224339548,5.4627,2.9317212768827195e-05
2589,425.3779840499992,6.8075,2.930791136209881e-05
2590,425.5319608309992,5.909,2.9298438703209895e-05
2591,425.6804555659992,5.4463,2.9288924983642024e-05
2592,425.8317403309993,5.8024,2.9279752539012373e-05
2593,425.98832102599954,6.0445,2.927042072123461e-05
2594,426.14607023499957,6.2896,2.9260760966666688e-05
2595,426.297460709,5.7505,2.9251029481111113e-05
2596,426.452665498,5.6604,2.9241660972901246e-05
2597,426.6085996189995,6.3564,2.9232106125308645e-05
2598,426.7612203769995,6.5271,2.9222472696481494e-05
2599,426.90826295899933,5.5954,2.9213051200493867e-05
2600,427.055686056,6.1599,2.9203964763888893e-05
2601,427.21131993199924,5.9883,2.9194868691296297e-05
2602,427.3669111959998,5.9786,2.91852696459877e-05
2603,427.51557359099934,5.7629,2.9175670684753138e-05
2604,427.6656913429997,6.5602,2.9166485826975327e-05
2605,427.82149728499917,6.5984,2.9157215744814865e-05
2606,427.97734429699995,6.387,2.9147607552592637e-05
2607,428.1291472369994,5.9552,2.9137980404567923e-05
2608,428.28474755299976,6.4403,2.912860627246916e-05
2609,428.4368082329993,6.2969,2.9119010302963012e-05
2610,428.58861711699956,6.1857,2.9109608802407452e-05
2611,428.7451698519999,5.8741,2.9100240731172846e-05
2612,428.89700080500006,6.1611,2.909058529135805e-05
2613,429.0527914129998,6.3692,2.9081206152592628e-05
2614,429.2036442259996,6.647,2.9071589460370407e-05
2615,429.35373664599956,5.6573,2.9062281268456792e-05
2616,429.50579522099997,6.1121,2.905300711098767e-05
2617,429.6585375679997,5.9486,2.90436262731482e-05
2618,429.8124527149994,6.3559,2.9034196287098768e-05
2619,429.9656204459998,5.9137,2.9024707835987674e-05
2620,430.1181038899995,5.6745,2.9015235167160504e-05
2621,430.26932490799936,6.3324,2.900583583944449e-05
2622,430.42180341699986,6.2336,2.8996496650370374e-05
2623,430.5739327929996,5.3925,2.8987086340061754e-05
2624,430.72717513299995,5.4081,2.8977690276666675e-05
2625,430.88177819499924,6.5474,2.896823706864201e-05
2626,431.040716556,6.2152,2.895869771419757e-05
2627,431.1963778149993,6.1033,2.8948893648518525e-05
2628,431.34683784999925,5.408,2.893926667290128e-05
2629,431.4976637009995,6.0918,2.8929986186975345e-05
2630,431.65101000399955,6.1923,2.892068355172841e-05
2631,431.80798860199957,5.7821,2.8911213277345683e-05
2632,431.9616506809998,6.4029,2.8901530314012383e-05
2633,432.1150125229997,5.7827,2.889203095234572e-05
2634,432.2681857759999,5.2078,2.8882569939321035e-05
2635,432.42350603699924,5.8514,2.8873102264753116e-05
2636,432.57911184799923,6.1576,2.8863530594197547e-05
2637,432.7334361959993,5.0085,2.8853927436543253e-05
2638,432.88476395499947,5.0008,2.8844389861049392e-05
2639,433.03856635099964,5.762,2.883504445407411e-05
2640,433.1937925059992,5.6388,2.8825553676851884e-05
2641,433.3498606309995,6.1624,2.8815975431604993e-05
2642,433.4998346959992,5.8472,2.88063434258642e-05
2643,433.65437145599935,6.4697,2.8797075146728425e-05
2644,433.8084802939993,6.0734,2.8787554377160498e-05
2645,433.9587005179992,6.2292,2.877796137703705e-05
2646,434.1128470529993,5.1946,2.8768740427592634e-05
2647,434.26711757199973,5.8892,2.8759215643888888e-05
2648,434.4231942159995,5.303,2.874971688283955e-05
2649,434.5777573719997,6.4806,2.8740093023950663e-05
2650,434.7322117249996,5.4987,2.873054916475313e-05
2651,434.8838221679998,6.0638,2.8721010843271612e-05
2652,435.038702846,5.5807,2.871165115919756e-05
2653,435.19076794399916,6.1789,2.8702100129135822e-05
2654,435.34492154599957,6.2112,2.8692701872716084e-05
2655,435.4968753819994,5.8591,2.8683199779629664e-05
2656,435.64987192399985,5.9481,2.8673805327654337e-05
2657,435.80158419799955,4.5796,2.8664368469259263e-05
2658,435.9516030249997,5.929,2.8654999822530876e-05
2659,436.1029628669994,5.5209,2.8645744449876545e-05
2660,436.2561576629996,5.8916,2.8636396563456798e-05
2661,436.4100890639993,5.7647,2.8626930399567936e-05
2662,436.5610344349998,5.378,2.8617433239321013e-05
2663,436.7092668389996,5.8447,2.860812100660496e-05
2664,436.86775874699924,6.2839,2.8598964715555565e-05
2665,437.02371283699995,6.2401,2.8589201571358048e-05
2666,437.1767208169995,6.735,2.8579564940061774e-05
2667,437.3309022379999,5.4656,2.8570100974567916e-05
2668,437.4807984079998,5.6164,2.8560590201111133e-05
2669,437.6340344649998,5.182,2.855133841296299e-05
2670,437.7863988249992,6.2648,2.8541889139074098e-05
2671,437.93762575599976,6.4585,2.8532474476790154e-05
2672,438.09003506799945,6.1881,2.8523143653024698e-05
2673,438.24604706099944,6.7064,2.8513732546172867e-05
2674,438.40225478499997,5.7771,2.8504107930493827e-05
2675,438.5544150629994,5.0307,2.8494466088642e-05
2676,438.70797234099973,6.0214,2.848507133901236e-05
2677,438.861858538,5.0244,2.84755905353704e-05
2678,439.01355052099916,6.016,2.846609885987658e-05
2679,439.16658877699956,5.5031,2.8456719497160544e-05
2680,439.321849938,6.2719,2.8447286226481502e-05
2681,439.4736786499998,5.5389,2.8437698219320986e-05
2682,439.6274655669995,6.1427,2.8428327292716085e-05
2683,439.7815037189994,5.4343,2.8418839730123488e-05
2684,439.9355249149994,5.9424,2.8409321420802502e-05
2685,440.0893050549994,5.7041,2.839982723549383e-05
2686,440.23968739299926,5.1189,2.839032423623461e-05
2687,440.39460761199916,5.3674,2.8381041544506182e-05
2688,440.5490138389996,6.0896,2.8371482292469176e-05
2689,440.7030247369994,6.1732,2.836195118703708e-05
2690,440.85978046799937,6.3093,2.8352449029321015e-05
2691,441.01338710299933,5.4982,2.8342770803024727e-05
2692,441.1647157509997,6.1139,2.8333279288456787e-05
2693,441.31696536399977,6.2268,2.832394003580248e-05
2694,441.47304109299967,5.7844,2.8314537003024734e-05
2695,441.6253285139992,5.8522,2.8304918392839535e-05
2696,441.7777030309999,5.7923,2.8295508457469155e-05
2697,441.93167326099956,6.0984,2.828611016796301e-05
2698,442.08542574999956,5.5925,2.8276604595740753e-05
2699,442.24146826299966,6.5081,2.8267111395493828e-05
2700,442.3948498459995,5.5384,2.825746354913581e-05
2701,442.54465606399935,5.2775,2.82479980160494e-05
2702,442.69720205499925,5.9735,2.823875495635806e-05
2703,442.85141520399975,6.6168,2.8229339029012353e-05
2704,443.0079803769995,6.0832,2.821983224290127e-05
2705,443.16679603099965,6.0365,2.8210165952160528e-05
2706,443.3224438869993,6.55,2.8200370930123464e-05
2707,443.4766937109998,6.0205,2.819075026654322e-05
2708,443.6305509869999,5.9477,2.8181229675617294e-05
2709,443.7816909289995,5.6167,2.817173339969138e-05
2710,443.9375745769994,5.7584,2.8162395404259277e-05
2711,444.09151454699986,5.6522,2.815279333870371e-05
2712,444.24662671199985,6.2042,2.814327135080251e-05
2713,444.4011858089998,5.847,2.813370327160494e-05
2714,444.5557647349997,6.4003,2.8124166694629637e-05
2715,444.7075429709994,5.8589,2.811461800444446e-05
2716,444.8597758219994,5.4674,2.810525097438277e-05
2717,445.00912650199916,6.0958,2.8095848816172875e-05
2718,445.1612455149998,6.2532,2.808662687864202e-05
2719,445.31379885599927,5.9619,2.8077236856358053e-05
2720,445.4679340869998,6.4969,2.806782798734573e-05
2721,445.6204701889992,5.7287,2.8058307891049395e-05
2722,445.7766292159995,6.3661,2.804889468604943e-05
2723,445.9300542339997,5.9809,2.8039270834382712e-05
2724,446.0869087229994,6.9645,2.802978219438276e-05
2725,446.24122021699986,5.9711,2.8020116544629625e-05
2726,446.3972242159998,6.137,2.8010584301913593e-05
2727,446.55292138000004,5.6112,2.8000948931543247e-05
2728,446.704155337,5.894,2.7991342655555565e-05
2729,446.85652422599924,6.4261,2.7982003409197543e-05
2730,447.0109851829993,6.095,2.7972591644753086e-05
2731,447.1660079969997,5.6422,2.7963066285123494e-05
2732,447.3217081319999,5.8449,2.7953488354876555e-05
2733,447.4720151769998,5.9223,2.7943885685617322e-05
2734,447.62516953199975,5.7245,2.7934595177716072e-05
2735,447.78085111199925,5.7831,2.7925147140308694e-05
2736,447.9376435739996,6.3922,2.7915544912716098e-05
2737,448.0911757089998,5.9325,2.790586419364198e-05
2738,448.2404072949994,5.3419,2.7896377868950663e-05
2739,448.39290730099947,5.7736,2.7887172198456824e-05
2740,448.5434088379998,5.8235,2.7877745660679033e-05
2741,448.69933463300003,5.9477,2.7868464312901266e-05
2742,448.8486074419998,5.3768,2.7858847234814857e-05
2743,448.99997832699955,5.9543,2.7849619888024734e-05
2744,449.15385076999974,5.6398,2.784028354567903e-05
2745,449.3102506209998,6.125,2.783079042475313e-05
2746,449.4600808899995,5.2033,2.782113978549385e-05
2747,449.6135829319992,5.356,2.7811878510555584e-05
2748,449.7651593829996,6.2597,2.7802410623209913e-05
2749,449.92191278099926,5.7203,2.7793042231790167e-05
2750,450.07401902999936,6.2486,2.778338189876548e-05
2751,450.22350211699995,5.7987,2.777397667870373e-05
2752,450.3786277849995,6.3337,2.776475386179014e-05
2753,450.5342335669993,6.3353,2.7755184507160538e-05
2754,450.68530534799993,6.3179,2.7745581633333377e-05
2755,450.8378581039997,6.0839,2.773625222450622e-05
2756,450.98829317199943,5.9333,2.7726830844074104e-05
2757,451.14194821399997,6.5115,2.771754978703709e-05
2758,451.2957521979997,6.663,2.7708065005308638e-05
2759,451.4542127069999,6.3242,2.7698577951728395e-05
2760,451.6053207719997,5.4874,2.768880144283954e-05
2761,451.7608669459996,5.9925,2.7679456824691363e-05
2762,451.9162162399998,5.9732,2.766986391648151e-05
2763,452.06940792599926,5.852,2.766026941808647e-05
2764,452.22121902399977,5.7997,2.7650809168148167e-05
2765,452.3716685979998,5.2829,2.7641442806790152e-05
2766,452.52480146199923,6.4545,2.7632147302777827e-05
2767,452.6793208879999,5.7262,2.762270868166671e-05
2768,452.8329741589996,6.1687,2.7613160131851868e-05
2769,452.9880628309993,5.5066,2.7603682283765475e-05
2770,453.14039412199963,5.1194,2.7594107957222237e-05
2771,453.2930332669994,6.6583,2.7584702802037045e-05
2772,453.4466476179996,5.4415,2.7575213266419765e-05
2773,453.60311904099945,6.5661,2.75657912914198e-05
2774,453.7566050179994,5.9314,2.755614252018522e-05
2775,453.90920419099984,5.6369,2.7546657454321023e-05
2776,454.0640987329998,6.5796,2.7537242485679015e-05
2777,454.22068182599924,5.81,2.7527687775864197e-05
2778,454.37623100399924,6.488,2.751801939080249e-05
2779,454.52860009100004,6.142,2.750841043771608e-05
2780,454.68350596599976,6.2726,2.7499013254506212e-05
2781,454.836014343,5.5794,2.7489452070555595e-05
2782,454.9845898419999,5.229,2.7480033483271644e-05
2783,455.143317647,6.6413,2.7470849116728427e-05
2784,455.29434586499974,6.258,2.7461076248024696e-05
2785,455.44434303399976,5.9899,2.7451746063580284e-05
2786,455.594348095,6.6315,2.744248225870375e-05
2787,455.7464885469999,6.4617,2.7433216832901277e-05
2788,455.9008200629996,5.7026,2.742383549629632e-05
2789,456.051878968,5.0897,2.7414300170740757e-05
2790,456.2043361019996,5.7884,2.7404973649074106e-05
2791,456.3576801859999,6.3659,2.7395567660864242e-05
2792,456.508489328,6.2389,2.7386101350370393e-05
2793,456.6605137959996,5.8056,2.7376797203580263e-05
2794,456.8118329299996,5.7797,2.7367403369320988e-05
2795,456.9646974749994,6.4524,2.7358070254197545e-05
2796,457.11498958599987,6.102,2.7348561827160512e-05
2797,457.26841656099987,6.1451,2.7339352727962998e-05
2798,457.4242159209998,5.8956,2.732988711561732e-05
2799,457.57512037800007,6.4458,2.7320276586728434e-05
2800,457.7262517049994,6.193,2.7310949058518542e-05
2801,457.87874406899937,5.6695,2.7301627331604983e-05
2802,458.02893227000004,5.8204,2.7292204560802493e-05
2803,458.184323122,6.4356,2.7282871549321022e-05
2804,458.3385286499997,6.113,2.727335258716053e-05
2805,458.4924730779994,5.9843,2.7263834096790148e-05
2806,458.6454933349996,6.0064,2.7254333925679033e-05
2807,458.8006570239995,5.7991,2.7244874414567912e-05
2808,458.958027914,5.9167,2.723531170376545e-05
2809,459.1121302019992,5.935,2.7225599207160525e-05
2810,459.26283608799986,5.8743,2.7216072629876578e-05
2811,459.419896763,6.3676,2.720677877617287e-05
2812,459.575385352,6.2477,2.719708087759264e-05
2813,459.7314910549994,6.7665,2.718748269592596e-05
2814,459.88558401299997,6.8669,2.717785148537042e-05
2815,460.0399190519993,5.9383,2.716833177586422e-05
2816,460.1955796299999,6.1236,2.715879930246917e-05
2817,460.3491041089992,5.7966,2.714920203185186e-05
2818,460.5000129299997,5.8472,2.713971292376547e-05
2819,460.6543441069998,5.8722,2.7130401630432145e-05
2820,460.8073203169997,5.977,2.7120878171975355e-05
2821,460.9570941789998,6.0474,2.7111435319320998e-05
2822,461.11306228800004,6.331,2.7102179442160525e-05
2823,461.26844231999985,6.0576,2.709256091413582e-05
2824,461.4267741089998,5.8515,2.7082977159876566e-05
2825,461.58261431699975,6.2556,2.707320862660495e-05
2826,461.73844024199934,6.271,2.7063561258641984e-05
2827,461.8913041799997,6.0271,2.7053964316358048e-05
2828,462.0473435999993,5.928,2.704452495777781e-05
2829,462.201956504,6.2447,2.703489383907411e-05
2830,462.35393120499975,5.5171,2.702535744777783e-05
2831,462.5079248859993,6.1817,2.7015964867469167e-05
2832,462.6600764189998,5.7611,2.700645540135807e-05
2833,462.81039253499966,5.8334,2.6997059701481513e-05
2834,462.9638553049999,6.5083,2.6987793139814816e-05
2835,463.1143169549996,5.5022,2.697832288037037e-05
2836,463.268829312,5.7305,2.696902629481485e-05
2837,463.4247162039992,6.1708,2.6959498457345712e-05
2838,463.5783323729993,6.2698,2.694988949388893e-05
2839,463.72796219999964,6.2615,2.6940397571172892e-05
2840,463.88237690799997,5.6822,2.693113897648149e-05
2841,464.034883112,5.5873,2.692161764074076e-05
2842,464.190843114,6.3138,2.691220321191361e-05
2843,464.347048955,6.4672,2.690257219222222e-05
2844,464.5019935999999,6.1006,2.6892942348086468e-05
2845,464.65888368800006,6.2171,2.68833695925309e-05
2846,464.81275557699973,5.2669,2.6873697127530868e-05
2847,464.96964999600004,6.1628,2.6864183397901238e-05
2848,465.1218097339997,5.4045,2.6854518607160516e-05
2849,465.27346470299926,5.8223,2.6845100564938312e-05
2850,465.42686221499935,5.7623,2.6835748151790123e-05
2851,465.58204765699975,5.572,2.682627673512349e-05
2852,465.7365609259996,6.6013,2.6816703222716067e-05
2853,465.88940330900004,5.7503,2.6807168836419772e-05
2854,466.04407887099933,5.8809,2.6797722178888886e-05
2855,466.19723413799966,5.4951,2.678817789481484e-05
2856,466.3522640309993,5.062,2.6778718395679015e-05
2857,466.5084802479996,5.8659,2.6769145848024725e-05
2858,466.66151593999984,5.4841,2.6759520961358036e-05
2859,466.8139003889992,5.8201,2.675006335376543e-05
2860,466.96593562,5.6262,2.67406552446914e-05
2861,467.12051944999985,5.329,2.6731271459999995e-05
2862,467.2766022549995,6.4383,2.6721734348333384e-05
2863,467.43477869599974,6.0903,2.671206790407409e-05
2864,467.5860740479993,5.6035,2.670234785228398e-05
2865,467.74308265799937,6.6889,2.669298679518519e-05
2866,467.8949690009995,4.8132,2.6683308802160544e-05
2867,468.0510240859994,6.3143,2.667392512672843e-05
2868,468.2027297729992,6.2012,2.666428615425929e-05
2869,468.3566671239996,5.6624,2.6654925975740752e-05
2870,468.5106262679992,6.0241,2.6645425848271627e-05
2871,468.6626554629993,5.874,2.6635917686790146e-05
2872,468.816987962,6.2039,2.6626539154814834e-05
2873,468.97001631500007,5.2323,2.661701008932102e-05
2874,469.1230674619992,5.8306,2.6607560460370396e-05
2875,469.2752892169992,5.2071,2.6598122892654337e-05
2876,469.42983537500004,5.6908,2.658872025617285e-05
2877,469.58841955999924,6.5962,2.6579176084259262e-05
2878,469.7404480639998,5.4586,2.6569404148271648e-05
2879,469.89120281799933,6.4373,2.6560003253148185e-05
2880,470.04397419499946,5.5712,2.655069866993831e-05
2881,470.19658368099954,5.8674,2.654126535074076e-05
2882,470.3525990929993,6.0556,2.653184406191362e-05
2883,470.50755981099974,5.6169,2.6522210424259297e-05
2884,470.66068713499953,6.0873,2.65126571320988e-05
2885,470.8127592999999,5.865,2.6503204615000026e-05
2886,470.96585533599955,6.2154,2.649381128364198e-05
2887,471.120233097,5.8242,2.648436783777779e-05
2888,471.27349458999925,6.3051,2.6474836520000012e-05
2889,471.42848751199926,6.0256,2.6465380524691402e-05
2890,471.58343426899955,6.3624,2.6455818595061744e-05
2891,471.7351301989993,6.3067,2.644625107882719e-05
2892,471.88775327299936,5.769,2.643688602154321e-05
2893,472.04302884699973,5.8063,2.64274500519136e-05
2894,472.19690045399966,5.9117,2.6417885668580245e-05
2895,472.34973144299965,6.0625,2.6408388713148158e-05
2896,472.50153750199934,5.7808,2.639893862444448e-05
2897,472.6534264719994,6.3477,2.6389578461728402e-05
2898,472.80780243999925,5.6185,2.6380197054629634e-05
2899,472.9593412189997,5.8665,2.637067503925928e-05
2900,473.11388158799946,5.6092,2.6361313259074083e-05
2901,473.2682382569992,6.1118,2.6351775051172844e-05
2902,473.42074825599957,5.0008,2.634224911679015e-05
2903,473.5711589909997,6.2269,2.633282693549383e-05
2904,473.72382341499997,6.3492,2.6323551917839558e-05
2905,473.87853061699934,6.0015,2.6314113984135813e-05
2906,474.0332529039997,6.2538,2.6304577714814837e-05
2907,474.1839358039997,6.1212,2.629502694783954e-05
2908,474.3370137939992,5.8905,2.6285709080617316e-05
2909,474.49317131799944,5.7875,2.6276284388703705e-05
2910,474.64597871799924,5.6363,2.6266635518148142e-05
2911,474.7977911079997,6.0197,2.6257203101296323e-05
2912,474.95148092099953,6.2721,2.624781791037038e-05
2913,475.10872236499927,5.7387,2.6238349134321004e-05
2914,475.260350042,6.0922,2.6228641123765456e-05
2915,475.4116294109999,4.655,2.6219267608395104e-05
2916,475.5610517619998,5.6535,2.6209932667160512e-05
2917,475.7124802539993,6.3902,2.6200704429938304e-05
2918,475.86672539999927,5.9605,2.6191360845000023e-05
2919,476.02096953099954,5.8593,2.6181843201111122e-05
2920,476.1725001929999,5.7852,2.6172325232037054e-05
2921,476.3249647749999,5.8571,2.6162964636790176e-05
2922,476.4819632459994,5.9426,2.6153552593888926e-05
2923,476.631795239,5.9361,2.6143878406234574e-05
2924,476.7838357639994,6.5487,2.6134608597098807e-05
2925,476.9345656859996,5.8344,2.6125237678024693e-05
2926,477.0856776749997,5.1262,2.6115922321913634e-05
2927,477.235056904,5.4882,2.610660266734573e-05
2928,477.38816478399985,6.2013,2.6097372627160543e-05
2929,477.5405602409992,5.4773,2.6087936820493853e-05
2930,477.69398358299986,5.4802,2.6078516743642013e-05
2931,477.8473395909996,6.0685,2.606905898209878e-05
2932,477.9990281729997,5.744,2.605958056993828e-05
2933,478.15478268599963,6.5423,2.6050219654938325e-05
2934,478.30763579999984,6.3166,2.6040616229444464e-05
2935,478.46098532199994,6.2654,2.6031164992962965e-05
2936,478.6156145949999,6.2691,2.6021708191358052e-05
2937,478.7707682529999,5.1491,2.601215784432099e-05
2938,478.9280806699999,6.2597,2.6002582040308666e-05
2939,479.0864011679996,6.2398,2.5992875351851887e-05
2940,479.23851269699935,5.4966,2.5983107429012397e-05
2941,479.3872445749994,5.5581,2.5973707576851867e-05
2942,479.53971627099963,5.8248,2.5964527625308642e-05
2943,479.68908023099993,5.5637,2.5955111363642003e-05
2944,479.83944180899925,5.8438,2.5945888824074098e-05
2945,479.9916485879994,6.0576,2.593661380907409e-05
2946,480.1433953759997,5.7174,2.5927214628765438e-05
2947,480.29592538499946,5.8299,2.591784797932099e-05
2948,480.4453645579997,5.175,2.5908442551172856e-05
2949,480.5989242629994,5.6352,2.5899206269135802e-05
2950,480.751014165,5.6592,2.5889738460370417e-05
2951,480.89969395799926,5.2627,2.588034479808643e-05
2952,481.0517330959992,5.4783,2.587115518691361e-05
2953,481.20213649299967,5.7931,2.5861782588518557e-05
2954,481.3502624899993,5.9093,2.585249189043214e-05
2955,481.5041133349996,6.6257,2.5843350882345714e-05
2956,481.657142821,5.5065,2.5833859368333352e-05
2957,481.8078060459993,5.9612,2.5824409905185236e-05
2958,481.96195443799934,6.0506,2.5815104423333346e-05
2959,482.113725446,6.247,2.5805603749567926e-05
2960,482.26555051299965,6.4384,2.5796216887283996e-05
2961,482.422715361,6.0175,2.5786853441111113e-05
2962,482.57662596499995,5.7083,2.577716760518522e-05
2963,482.7274492919996,5.3568,2.5767650666358055e-05
2964,482.87787107999975,5.4673,2.5758342003456825e-05
2965,483.0302928839992,6.2572,2.5749050169444483e-05
2966,483.1838644009995,6.2039,2.573964991283952e-05
2967,483.33306070899926,5.1108,2.5730167906851904e-05
2968,483.4855242069998,5.83,2.5720949711913584e-05
2969,483.64103206299933,6.0707,2.571155116512346e-05
2970,483.7942863339995,5.1321,2.5701962428333338e-05
2971,483.9472313409997,5.6898,2.5692489104074103e-05
2972,484.10030195699983,5.7188,2.5683047256728422e-05
2973,484.25280044099964,5.4798,2.5673585552839553e-05
2974,484.40254438899956,5.4131,2.5664184032901257e-05
2975,484.55328467399977,4.8048,2.565492975506178e-05
2976,484.70944187699934,6.1451,2.5645629224012357e-05
2977,484.85819590399933,5.9293,2.5636002746851872e-05
2978,485.0121746269997,5.7943,2.5626811815308667e-05
2979,485.16622621999977,6.1756,2.5617304410308672e-05
2980,485.31670864899934,6.2942,2.5607802255000012e-05
2981,485.46733525199943,5.4783,2.5598502705246924e-05
2982,485.62057880299926,5.5528,2.5589209269691377e-05
2983,485.7749523759994,5.5736,2.5579748216419764e-05
2984,485.9301801499996,5.7003,2.5570230507777814e-05
2985,486.08239902700006,5.6759,2.556065099018522e-05
2986,486.23482474199955,6.6582,2.5551239160617295e-05
2987,486.3860837729999,6.2078,2.5541841296172875e-05
2988,486.54325853699993,6.0848,2.553249932407411e-05
2989,486.6942431389998,5.7053,2.552281308117287e-05
2990,486.84735446299965,6.1325,2.5513472928827198e-05
2991,487.0023195089998,5.9517,2.5504035057222243e-05
2992,487.15783663599996,6.3576,2.5494467556790156e-05
2993,487.3088477069996,4.5432,2.5484862855925973e-05
2994,487.46125526800006,6.4581,2.54755349804321e-05
2995,487.61751564599945,5.6757,2.5466129755925944e-05
2996,487.7742709799995,6.2427,2.5456495448703705e-05
2997,487.92423061499994,6.5931,2.544682129592595e-05
2998,488.07589186599944,5.6243,2.5437548905925935e-05
2999,488.22764005499994,5.816,2.5428191245185213e-05
3000,488.3815463179999,5.8156,2.541882089808642e-05
3001,488.53785606899964,6.0948,2.5409327635493863e-05
3002,488.6882098389997,5.4899,2.5399676600493845e-05
3003,488.8384558199996,5.6505,2.5390388864444493e-05
3004,488.9905323209996,5.8952,2.5381114430308656e-05
3005,489.14406994,5.0361,2.537173582814819e-05
3006,489.29735294799957,5.4842,2.536225385611112e-05
3007,489.448521585,5.233,2.5352795181419775e-05
3008,489.600557107,6.1059,2.534346550839507e-05
3009,489.7530137499998,5.7455,2.5334074047592637e-05
3010,489.9066829409994,5.9102,2.5324664793765474e-05
3011,490.0584145009998,6.0443,2.5315178877530922e-05
3012,490.211571414,5.206,2.5305814568456793e-05
3013,490.36371946799954,6.1091,2.529636006166668e-05
3014,490.5152421119992,4.81,2.5286967424012354e-05
3015,490.66862352299995,5.793,2.527760968197532e-05
3016,490.8237149429997,6.4533,2.5268152922222265e-05
3017,490.9775659319994,5.8969,2.5258573616234614e-05
3018,491.1294348859992,5.9098,2.524908401969141e-05
3019,491.2825088599993,5.9704,2.5239703724753126e-05
3020,491.43841918,5.5861,2.523025427722222e-05
3021,491.5926293019993,5.7046,2.522063584913583e-05
3022,491.7448005369997,5.917,2.5211110147716055e-05
3023,491.8958711309997,5.8826,2.5201714959382772e-05
3024,492.0455672149992,5.6572,2.519238346876546e-05
3025,492.1993574429998,5.8697,2.518314354345679e-05
3026,492.3594696069995,5.9662,2.5173657528888905e-05
3027,492.51300323299984,6.3473,2.5163776631172854e-05
3028,492.66836377099935,6.1255,2.515429936944449e-05
3029,492.82092936999925,6.1792,2.5144711571790174e-05
3030,492.9733919319997,6.09,2.513528274216051e-05
3031,493.127513036,6.5875,2.5125879808580276e-05
3032,493.2814094809992,5.8211,2.5116370501913605e-05
3033,493.43223686500005,5.5296,2.5106871401790162e-05
3034,493.58306380499926,5.4934,2.5097548275370407e-05
3035,493.73696042899974,6.4236,2.508825226006177e-05
3036,493.8869994029992,6.5719,2.5078747783827172e-05
3037,494.04001251499994,6.0452,2.5069484728765468e-05
3038,494.19376404299965,6.1629,2.506003601783954e-05
3039,494.34631855799944,5.6582,2.5050556162407444e-05
3040,494.4993699029992,5.9493,2.5041136803765432e-05
3041,494.6541144599996,6.2285,2.5031685174999997e-05
3042,494.8047667639994,5.4838,2.5022133836604954e-05
3043,494.9603282429998,5.5251,2.501281901271605e-05
3044,495.11478351799997,5.7426,2.50032348209877e-05
3045,495.2700750979993,6.2162,2.4993690221296316e-05
3046,495.42722509599935,5.263,2.4984108359259313e-05
3047,495.5824774869998,5.5456,2.4974420114135854e-05
3048,495.73701377399993,5.9594,2.4964828431358046e-05
3049,495.8877877899995,6.2502,2.495528418635803e-05
3050,496.0418609239996,6.1139,2.494597037314819e-05
3051,496.19494568999926,5.0718,2.4936457883641982e-05
3052,496.3513782099999,6.2979,2.4927020969876592e-05
3053,496.50130036299925,5.5125,2.491736845759264e-05
3054,496.65296495799976,6.2199,2.4908100402839535e-05
3055,496.8087239209999,5.8261,2.4898737388456832e-05
3056,496.9644461909993,5.8909,2.4889126809074094e-05
3057,497.11950339099985,5.774,2.4879530015802494e-05
3058,497.2699382619994,5.5729,2.4869942003148183e-05
3059,497.42171237299954,6.5357,2.486066428320988e-05
3060,497.57355481099967,5.6025,2.4851288090000013e-05
3061,497.7238172539992,5.6555,2.484191840185186e-05
3062,497.87423747399953,6.7561,2.4832644965555557e-05
3063,498.02586442399934,5.5063,2.4823356142284005e-05
3064,498.1762777169997,5.5902,2.48139831853704e-05
3065,498.3303048609996,5.9558,2.4804710342777815e-05
3066,498.4842578479993,6.1414,2.4795203996358074e-05
3067,498.6361577309999,6.1403,2.4785714653395063e-05
3068,498.7928619959994,6.2229,2.4776322307592594e-05
3069,498.9463663099996,5.7774,2.4766658429074104e-05
3070,499.10204831699957,5.9135,2.4757180329074126e-05
3071,499.25579478300006,6.3025,2.4747568318456798e-05
3072,499.4096961189998,6.491,2.4738080892037056e-05
3073,499.5604919339994,5.5092,2.4728583717283972e-05
3074,499.7096775939999,5.5202,2.4719261690493844e-05
3075,499.86157476399967,5.907,2.4710047525802482e-05
3076,500.01601839499926,6.2595,2.4700677985617325e-05
3077,500.16929557299954,6.4074,2.4691159175493866e-05
3078,500.32253762299933,6.7231,2.4681688695987693e-05
3079,500.47184697099965,4.9403,2.467223234506177e-05
3080,500.6258178049993,5.1487,2.466300057876545e-05
3081,500.7753519629996,5.5669,2.4653511742345686e-05
3082,500.92997439600003,6.1172,2.4644268671543248e-05
3083,501.0802910559996,5.3931,2.4634739809753116e-05
3084,501.23144153999965,6.2446,2.4625447830555603e-05
3085,501.38308791099917,6.1188,2.4616121111358036e-05
3086,501.5342814249998,6.2392,2.460676149265437e-05
3087,501.6877521209999,5.9654,2.4597428702963e-05
3088,501.84093337299964,6.0549,2.4587948440864217e-05
3089,501.995395807,5.7801,2.4578500414012366e-05
3090,502.15151015299944,5.5088,2.4568969007901266e-05
3091,502.30711718399925,6.4499,2.4559333462901257e-05
3092,502.45563076599956,5.8158,2.4549729843209907e-05
3093,502.60350417599966,4.671,2.4540543999876574e-05
3094,502.75722559099995,5.6372,2.453141897000001e-05
3095,502.9072099289997,5.8363,2.452193652827163e-05
3096,503.0589618209997,5.7076,2.4512678860308674e-05
3097,503.2125121889994,6.0188,2.4503306043765474e-05
3098,503.36801666799965,6.0058,2.4493837844506184e-05
3099,503.5212260589997,6.247,2.4484242219197578e-05
3100,503.67654652500005,5.6801,2.4474775430061765e-05
3101,503.83109936799974,6.0682,2.4465192914444463e-05
3102,503.9848549389999,6.6205,2.4455652036975345e-05
3103,504.13941390999935,5.873,2.4446154363518525e-05
3104,504.2913515319997,6.0632,2.443662789530865e-05
3105,504.4431789499995,5.9594,2.4427238430000026e-05
3106,504.59364411299975,5.8054,2.4417869031728435e-05
3107,504.74340489299993,5.9614,2.4408582169938278e-05
3108,504.89784343299925,5.6219,2.439932714722225e-05
3109,505.0514107959998,5.6217,2.4389800446419775e-05
3110,505.20553238499997,6.0094,2.438032391580248e-05
3111,505.35538437299965,5.6081,2.4370798046666716e-05
3112,505.50558387399997,5.4355,2.4361562912469183e-05
3113,505.65647079099926,5.5984,2.4352276662777828e-05
3114,505.81018741299977,5.8046,2.4342967322037048e-05
3115,505.9623143509998,6.2766,2.433348130728395e-05
3116,506.1164336359998,5.6467,2.432409716722226e-05
3117,506.2715518929999,6.2086,2.4314578636358027e-05
3118,506.42666249299964,6.4462,2.4305004481604983e-05
3119,506.57695459299975,5.654,2.4295445771481523e-05
3120,506.7250207499992,5.5417,2.4286148461419767e-05
3121,506.8773826009992,5.8866,2.427700383222224e-05
3122,507.02976871600004,5.7562,2.4267611311728404e-05
3123,507.1867613529994,6.4803,2.425819598487657e-05
3124,507.34199691899994,6.084,2.4248516933086457e-05
3125,507.4930027479995,5.5519,2.4238947081419807e-05
3126,507.6470199759997,5.5454,2.422961188796296e-05
3127,507.79705603099956,5.9079,2.422009676617288e-05
3128,507.948802893,5.5882,2.4210839523518558e-05
3129,508.10502969199933,6.8298,2.4201461007222252e-05
3130,508.2602828809995,6.0205,2.4191838576975335e-05
3131,508.4138847739996,5.9489,2.4182248657469157e-05
3132,508.56883509,6.131,2.4172758622716073e-05
3133,508.7216764549994,5.6294,2.416320390197536e-05
3134,508.8769448509993,5.7522,2.4153754945123462e-05
3135,509.0298706679996,6.3713,2.4144178674074103e-05
3136,509.17936604199986,5.7257,2.4134736073950665e-05
3137,509.33395416499934,5.9833,2.4125503443271646e-05
3138,509.48618896599965,6.7625,2.4115968834012394e-05
3139,509.6369386719998,6.3626,2.41065697635803e-05
3140,509.7906934089997,6.3329,2.4097258104691404e-05
3141,509.9443916069995,6.3511,2.4087769231666674e-05
3142,510.09580331100005,5.2389,2.40782899953704e-05
3143,510.2463399139997,6.4648,2.4068929448888938e-05
3144,510.4017596849999,6.0166,2.405964861123457e-05
3145,510.5575975069996,6.5218,2.405006217154326e-05
3146,510.70707507099996,6.0351,2.4040434895987685e-05
3147,510.86039705799976,5.8669,2.4031204985555556e-05
3148,511.01741473399943,6.419,2.4021741440493866e-05
3149,511.1702707919994,5.447,2.4012066234938324e-05
3150,511.3228335849999,5.8645,2.4002614245123482e-05
3151,511.47574105499916,5.0525,2.399319354567906e-05
3152,511.6322486219997,6.1891,2.3983761407283977e-05
3153,511.78816222599926,5.6342,2.397409737907411e-05
3154,511.93828306699925,5.7808,2.396447444061733e-05
3155,512.0946488569998,5.9857,2.3955202975740792e-05
3156,512.2471015129995,6.6455,2.3945559788024713e-05
3157,512.4023615579999,6.3371,2.3936146722530907e-05
3158,512.5570571749995,5.9933,2.3926565840061747e-05
3159,512.7119325109998,6.5129,2.3917010637839532e-05
3160,512.8643845779998,6.0791,2.390745367216054e-05
3161,513.014070878,5.7855,2.389803233006177e-05
3162,513.1640036579993,4.6994,2.3888795706481498e-05
3163,513.3208684409992,6.2113,2.3879537649629668e-05
3164,513.4766263289994,6.2286,2.386987104845682e-05
3165,513.6321388119995,5.9216,2.386025889339506e-05
3166,513.7888794419996,5.9404,2.3850644601604953e-05
3167,513.9441382129999,5.6621,2.3840974007530916e-05
3168,514.1010294419993,5.6048,2.3831384797283958e-05
3169,514.263098122,6.2381,2.3821703047839534e-05
3170,514.4185692369992,6.3796,2.381170764425928e-05
3171,514.5747809069999,5.7025,2.3802105855493828e-05
3172,514.7291935529993,5.4033,2.379246684783954e-05
3173,514.8851546509995,6.1306,2.3782928605987654e-05
3174,515.0343327049995,5.9099,2.377330178080251e-05
3175,515.1858526349997,6.3339,2.37640816718519e-05
3176,515.3380006349998,5.5532,2.3754730802777797e-05
3177,515.4933564599996,5.4744,2.374534580851857e-05
3178,515.6461648639997,5.5443,2.37357534991358e-05
3179,515.7987049129997,5.9357,2.3726325258395083e-05
3180,515.9503881219998,6.2865,2.3716899685370418e-05
3181,516.1042200079992,5.7816,2.3707537393148178e-05
3182,516.2581305529993,6.3163,2.3698056670185186e-05
3183,516.4077135489997,5.9955,2.3688545535617295e-05
3184,516.560925279,6.2036,2.3679303171234602e-05
3185,516.7170021960001,5.9043,2.3669850434197554e-05
3186,516.8714223239995,5.8516,2.3660221722530866e-05
3187,517.0258691139998,6.5438,2.3650689107098795e-05
3188,517.176053141,5.7645,2.364114836228397e-05
3189,517.3255042799992,5.6576,2.363188888320991e-05
3190,517.4760511429995,5.4039,2.3622656293456807e-05
3191,517.6282467719993,5.997,2.3613366387777813e-05
3192,517.782647731,6.3256,2.3603983552037074e-05
3193,517.936628511,6.5124,2.359445222030866e-05
3194,518.0887785909999,5.5148,2.3584937287901254e-05
3195,518.2453145239997,5.4307,2.3575543264074094e-05
3196,518.3985894179996,6.1943,2.3565893754506214e-05
3197,518.5507614039998,5.8259,2.3556420378950626e-05
3198,518.7028502879994,6.0128,2.3547033899691356e-05
3199,518.8539977479995,6.1289,2.3537635870987705e-05
3200,519.0099845429995,5.8378,2.352830645450619e-05
3201,519.1617887619996,5.2988,2.3518683958703734e-05
3202,519.3139253229992,5.3659,2.3509312002777812e-05
3203,519.4689085219998,5.6215,2.3499922746543213e-05
3204,519.6224981449996,6.4666,2.349035419993829e-05
3205,519.776288133,5.7813,2.3480875441111133e-05
3206,519.9304112769996,6.5047,2.347137633777779e-05
3207,520.0830471079998,6.1019,2.3461866822160543e-05
3208,520.236336643,6.1525,2.3452444425493858e-05
3209,520.3938793809994,6.137,2.3442981157345684e-05
3210,520.5473910709998,6.3788,2.343326759395063e-05
3211,520.702385261,6.8486,2.342376967833338e-05
3212,520.8561793069994,5.9921,2.341421069870373e-05
3213,521.0090017059993,6.5406,2.3404716547222254e-05
3214,521.1609361739993,6.3808,2.339528024802472e-05
3215,521.3135237629995,6.044,2.3385901558642025e-05
3216,521.4642091489995,6.1067,2.3376477513703703e-05
3217,521.6185243569998,5.7583,2.33671766362346e-05
3218,521.7696146259996,5.7721,2.335766045067902e-05
3219,521.9249577719993,6.302,2.3348331985864242e-05
3220,522.0756673159995,5.1097,2.3338751236234586e-05
3221,522.2299498029997,6.2523,2.332943638240741e-05
3222,522.3858777369996,6.0376,2.3319912743580253e-05
3223,522.5347278679992,4.9262,2.3310298125679036e-05
3224,522.6823833299995,5.7805,2.330110585364203e-05
3225,522.839192421,6.3665,2.3291983581419756e-05
3226,522.9926415349992,5.5599,2.328232084308644e-05
3227,523.1422029489995,6.0999,2.3272839629012367e-05
3228,523.2935982279996,6.0477,2.3263601908395095e-05
3229,523.4430802869992,6.2953,2.3254252518580266e-05
3230,523.5945193789994,5.1733,2.3245025906296326e-05
3231,523.7449617499997,6.0391,2.3235682486975348e-05
3232,523.9009559460001,6.2779,2.3226396712345694e-05
3233,524.0552636539996,6.0365,2.3216774397469187e-05
3234,524.2058281669997,5.497,2.320725207574076e-05
3235,524.3579679479999,6.3553,2.3197942685925944e-05
3236,524.515548763,5.8727,2.3188558882160534e-05
3237,524.6665499769997,6.6589,2.317884072530865e-05
3238,524.8213666909996,5.7896,2.316950404549387e-05
3239,524.9727171649993,4.9949,2.3159948492469163e-05
3240,525.129538524,6.1114,2.3150603940740768e-05
3241,525.2810808709992,5.6107,2.3140949692716095e-05
3242,525.440767651,6.3905,2.3131559161913602e-05
3243,525.594398065,6.0481,2.312172144851856e-05
3244,525.767749052,5.4159,2.3112159088333373e-05
3245,525.9225976279995,5.8632,2.3101525535123504e-05
3246,526.0786230739996,6.1739,2.3091976503580253e-05
3247,526.2353853549994,5.6902,2.3082342766851866e-05
3248,526.3918618929993,6.0691,2.30726719155556e-05
3249,526.547418526,6.2027,2.306301044018519e-05
3250,526.6987145789999,5.8903,2.3053410830123506e-05
3251,526.8521635519992,5.5339,2.304406548216051e-05
3252,527.0085351039997,6.0333,2.3034585502654366e-05
3253,527.1575796349998,5.4904,2.30249460359877e-05
3254,527.3084950979992,4.9037,2.3015730729135827e-05
3255,527.4609951169996,5.7611,2.300642298098769e-05
3256,527.6119799899998,6.0483,2.299700611191361e-05
3257,527.7675458639997,5.9789,2.298769972024696e-05
3258,527.9231275279999,5.9144,2.297808938154324e-05
3259,528.0722855799995,5.7394,2.2968490849691392e-05
3260,528.2246486169997,5.7933,2.295926753679014e-05
3261,528.3763582409993,5.7851,2.2949872129321015e-05
3262,528.5332986809999,6.1224,2.294050627567904e-05
3263,528.6842495869996,5.932,2.293082155598768e-05
3264,528.8367834639994,6.5676,2.2921508728765483e-05
3265,528.9868597749992,5.9762,2.291209166697531e-05
3266,529.1400428259994,6.3053,2.2902817551851876e-05
3267,529.294069906,6.3843,2.2893375876851904e-05
3268,529.4494730369997,6.5369,2.288386598969136e-05
3269,529.6015158929995,5.8211,2.287427969672844e-05
3270,529.7528169299994,6.3293,2.286487432851853e-05
3271,529.9023104609996,5.7507,2.285554190382721e-05
3272,530.057918382,6.1922,2.2846313652592605e-05
3273,530.2090575929997,5.7372,2.2836728792962963e-05
3274,530.3628776969999,5.3796,2.2827375858888938e-05
3275,530.5171455899999,6.0942,2.2817893310000023e-05
3276,530.6682123389992,5.7957,2.2808358070987658e-05
3277,530.8235187479995,5.8405,2.2799035660061773e-05
3278,530.977927031,5.9849,2.2789450380246923e-05
3279,531.1317622889992,6.1154,2.2779919353271605e-05
3280,531.2864988249994,6.6909,2.2770430549753097e-05
3281,531.4397295519993,5.6808,2.276087127617285e-05
3282,531.5898552279996,5.4225,2.275141551024695e-05
3283,531.7444621229997,4.8184,2.274213473197534e-05
3284,531.8955441749995,5.96,2.273260048222227e-05
3285,532.0503266609994,5.5037,2.2723271140061747e-05
3286,532.2062885839996,5.5911,2.2713720204753126e-05
3287,532.3609174109997,5.8074,2.2704104122777818e-05
3288,532.5158735199993,6.1593,2.2694551168333362e-05
3289,532.6709221379997,5.4303,2.2684980694567954e-05
3290,532.8257532739999,6.1657,2.267542053154321e-05
3291,532.977938778,5.9954,2.2665861588580294e-05
3292,533.1343223139993,6.2936,2.265644550179017e-05
3293,533.2867006659999,5.7188,2.2646820463395062e-05
3294,533.443120633,6.2726,2.2637404827839508e-05
3295,533.5968707929997,5.8524,2.262774840123459e-05
3296,533.7520274149992,6.5405,2.2618257238148177e-05
3297,533.9076591589992,6.2833,2.2608676619814855e-05
3298,534.0648921939992,6.0696,2.2599076540185216e-05
3299,534.2201736429997,5.7279,2.258936925129631e-05
3300,534.372786803,6.1467,2.257977930567904e-05
3301,534.5251856549994,6.1947,2.2570357317777785e-05
3302,534.6757460439994,5.723,2.256095386283954e-05
3303,534.8292739659992,5.6207,2.255165373648152e-05
3304,534.9817104649992,6.0878,2.2542186221728435e-05
3305,535.1350745189993,5.2389,2.2532766335246963e-05
3306,535.2867564299995,5.797,2.2523309985802504e-05
3307,535.4390843699994,5.926,2.251394061888889e-05
3308,535.5919276979994,6.3051,2.2504542754876595e-05
3309,535.7435361329999,5.8771,2.249509791351854e-05
3310,535.8954100409992,5.2603,2.2485743080432102e-05
3311,536.050616081,6.0033,2.2476359283765465e-05
3312,536.2023176679995,6.3585,2.246680165827164e-05
3313,536.3558978539995,4.7351,2.245742182814815e-05
3314,536.5091988229997,6.0888,2.2447944154876575e-05
3315,536.6605325619994,5.1954,2.2438495765740758e-05
3316,536.8137006349998,6.4466,2.2429133311604945e-05
3317,536.9679638969992,6.1405,2.24196843821605e-05
3318,537.1187883869998,5.3749,2.2410159975493844e-05
3319,537.2729963109996,5.3061,2.2400847752963016e-05
3320,537.4257762439993,5.6624,2.2391338546172835e-05
3321,537.5754753779993,4.6371,2.2381900451172848e-05
3322,537.7255848699997,5.7211,2.237265784419754e-05
3323,537.8743628209995,6.0195,2.2363392038024737e-05
3324,538.0253875109993,5.761,2.2354203453703713e-05
3325,538.1790396279994,5.5705,2.234488533981485e-05
3326,538.3306786449994,5.4428,2.2335398518024714e-05
3327,538.4835327069995,5.7286,2.23260503064198e-05
3328,538.6360903209998,6.4779,2.231660309641978e-05
3329,538.7938718059995,5.8768,2.2307191957901253e-05
3330,538.9530275939996,5.9,2.2297434413148168e-05
3331,539.1085649329998,5.509,2.2287618389259313e-05
3332,539.2682821339995,6.09,2.2277959960123508e-05
3333,539.4212721199992,5.7922,2.226816295648152e-05
3334,539.572129145,5.5551,2.225872188617286e-05
3335,539.7274171499994,6.2372,2.224940819623459e-05
3336,539.8782993799996,5.839,2.223983161845679e-05
3337,540.0359408119994,6.2131,2.2230502177962993e-05
3338,540.1926586229993,5.0263,2.222079091740746e-05
3339,540.3462806069992,5.5362,2.2211115870493838e-05
3340,540.5000508439998,5.4014,2.2201631242345693e-05
3341,540.6521139509996,5.8556,2.2192134299012358e-05
3342,540.8117687349995,6.3783,2.21827427312346e-05
3343,540.9641181959996,6.2837,2.2172910219382746e-05
3344,541.1179172839993,6.5244,2.2163482930987688e-05
3345,541.2705120549999,5.744,2.215400542407409e-05
3346,541.4221675259996,6.091,2.2144572296234616e-05
3347,541.573029012,6.0944,2.2135212197716064e-05
3348,541.722407841,5.5807,2.2125899223395065e-05
3349,541.8744889509999,6.0772,2.2116668452283956e-05
3350,542.0286210259992,5.5013,2.2107285873641986e-05
3351,542.1822329439992,6.0288,2.2097783785493843e-05
3352,542.3390157059994,6.0154,2.2088223878580282e-05
3353,542.4916929009996,5.6014,2.2078627103333354e-05
3354,542.6461335569993,5.6112,2.2069186837407414e-05
3355,542.7949742759993,5.51,2.2059661458456842e-05
3356,542.9492552459997,5.8657,2.2050474706790153e-05
3357,543.1030149849994,4.7672,2.2040945182098817e-05
3358,543.2590057959997,6.3653,2.203145802376544e-05
3359,543.4106604089993,5.0736,2.202182506203708e-05
3360,543.5630270449992,5.1734,2.2012463765370374e-05
3361,543.7194927399996,6.3292,2.200306372395062e-05
3362,543.8735634479999,5.8624,2.1993397715679052e-05
3363,544.0265786479995,5.7954,2.1983822264321003e-05
3364,544.1830146759994,6.0614,2.1974446646296303e-05
3365,544.3325089869995,5.3987,2.196472375191358e-05
3366,544.4848023049999,6.4459,2.1955554594444468e-05
3367,544.6385363719992,5.7933,2.194615432314819e-05
3368,544.7887528469992,5.9785,2.1936675964321008e-05
3369,544.9425563749992,4.9208,2.19273863051852e-05
3370,545.0937206049994,5.505,2.1917899247592623e-05
3371,545.2492114009992,6.0197,2.1908570253456812e-05
3372,545.4019385489992,6.6669,2.1898902625555563e-05
3373,545.5563745569998,5.5828,2.188955144271606e-05
3374,545.7131644089995,5.6792,2.1880012584938304e-05
3375,545.86583771,5.6583,2.1870336195061776e-05
3376,546.0199343839995,6.1058,2.1860913226666672e-05
3377,546.167643367,5.112,2.1851396996790125e-05
3378,546.3193827179994,5.5387,2.184227164246918e-05
3379,546.473833518,5.9565,2.1832913887839516e-05
3380,546.6269494009994,5.9356,2.1823380209135837e-05
3381,546.7814965739999,6.0935,2.181392862814818e-05
3382,546.936426706,5.4175,2.180438971771607e-05
3383,547.0913048819993,5.4581,2.1794831501481528e-05
3384,547.2462988879997,6.6401,2.1785259245185207e-05
3385,547.4011537549995,5.6649,2.1775705649135804e-05
3386,547.5564723919997,5.9109,2.176615029259261e-05
3387,547.7068189739994,5.8526,2.1756555034382732e-05
3388,547.8562036149997,5.9825,2.1747265974567942e-05
3389,548.0064743879993,5.7498,2.1738053672654335e-05
3390,548.1591915489998,6.2411,2.1728773558950615e-05
3391,548.3148088829994,6.0938,2.1719345276666707e-05
3392,548.469586399,5.6462,2.1709761679135842e-05
3393,548.6187338809996,5.8538,2.170019312006175e-05
3394,548.7707651599994,4.0853,2.1690983644876543e-05
3395,548.9258978529997,6.0816,2.168158775925927e-05
3396,549.081783179,6.1701,2.1672017870987698e-05
3397,549.2355976189992,5.3532,2.1662396118024697e-05
3398,549.3911863659996,5.4919,2.1652900373827174e-05
3399,549.5454407469997,6.2714,2.1643306649876582e-05
3400,549.6995405069993,5.7642,2.163377703203704e-05
3401,549.8510694489996,6.1964,2.1624259848827194e-05
3402,550.0007101249994,6.0468,2.161491889030868e-05
3403,550.1538522269993,6.2045,2.16056691758642e-05
3404,550.307966587,5.8751,2.1596223080493844e-05
3405,550.4595232129996,5.5623,2.158670557098767e-05
3406,550.613321107,5.5775,2.1577358131419794e-05
3407,550.7619662939996,5.3896,2.156778238703709e-05
3408,550.9135051309995,5.8784,2.1558683180246925e-05
3409,551.061731672,5.7951,2.1549332381728443e-05
3410,551.2114156489997,5.9747,2.1540163902777805e-05
3411,551.3636462869999,5.5868,2.153093676709881e-05
3412,551.5167104369993,5.5343,2.1521535632037055e-05
3413,551.6722017109996,6.3858,2.151209206271609e-05
3414,551.8290232859999,5.9382,2.150250056518523e-05
3415,551.9827884809993,6.1538,2.1492815549135803e-05
3416,552.139510686,6.1239,2.1483322378333383e-05
3417,552.2954071569993,5.7425,2.1473657547839545e-05
3418,552.4520883569994,6.3005,2.1464014974382712e-05
3419,552.6034935319994,5.591,2.145435695018522e-05
3420,552.7584937349993,5.4056,2.1445001004938292e-05
3421,552.9152910309995,6.109,2.1435447524382756e-05
3422,553.0714704989996,5.5531,2.1425774570370384e-05
3423,553.2212083199993,5.9484,2.1416122638456844e-05
3424,553.3746762719993,6.0653,2.1406866626975336e-05
3425,553.5286725749993,5.8882,2.139741618283956e-05
3426,553.6844587609994,5.6336,2.1387891291790173e-05
3427,553.8323125629995,5.5568,2.1378279081543246e-05
3428,553.98679644,5.7364,2.1369137662407435e-05
3429,554.1390841929997,5.9269,2.135962014851856e-05
3430,554.292240971,5.6272,2.1350210463580293e-05
3431,554.4461412109995,5.5037,2.134075968623457e-05
3432,554.6005192439998,6.1378,2.133127112043215e-05
3433,554.7566228139995,5.9907,2.132173087617289e-05
3434,554.9097436089996,6.0779,2.131210506098768e-05
3435,555.0653550199995,6.3143,2.1302639198703713e-05
3436,555.2169939119995,5.6707,2.1293034423209872e-05
3437,555.3669555899996,5.5559,2.128367452660499e-05
3438,555.5213047699999,6.079,2.1274416455308644e-05
3439,555.6718595809998,5.3543,2.126490148234569e-05
3440,555.8283540799994,5.8092,2.1255589385617292e-05
3441,555.9837121709998,5.5109,2.1245949092716067e-05
3442,556.1385530519992,6.0064,2.123635807611113e-05
3443,556.2931810069995,5.9069,2.1226792084012342e-05
3444,556.4463970019997,6.1042,2.121724974753087e-05
3445,556.597840675,5.8835,2.12077822847531e-05
3446,556.7495122479995,6.0167,2.1198439073333348e-05
3447,556.9041789809999,5.7863,2.1189063245864204e-05
3448,557.0588057919995,5.9116,2.1179533835555576e-05
3449,557.2092044559995,5.3295,2.116999052438272e-05
3450,557.3608520539992,4.9459,2.1160692709444456e-05
3451,557.51257953,6.0395,2.115133677037041e-05
3452,557.667412582,6.1348,2.1141976444629657e-05
3453,557.8252119439994,6.2819,2.1132421872716072e-05
3454,557.9796437149998,6.2068,2.112268143481484e-05
3455,558.1333856689998,5.1386,2.111313928722222e-05
3456,558.2913782109999,5.943,2.110365307179013e-05
3457,558.4454043979995,6.0718,2.1093917915864208e-05
3458,558.5998623679998,6.1901,2.1084395688518545e-05
3459,558.7533114799999,5.7858,2.1074864958703716e-05
3460,558.9053728549998,5.8927,2.106538683901239e-05
3461,559.0589575889999,5.3591,2.1056000861728403e-05
3462,559.211300936,5.8411,2.104651569395067e-05
3463,559.3638037809997,5.2886,2.103711634203704e-05
3464,559.517268953,5.9562,2.1027699698950666e-05
3465,559.6731526739995,5.8547,2.1018234867530885e-05
3466,559.8287421879995,5.9173,2.1008616529444498e-05
3467,559.9835024989998,5.9351,2.0999002755617298e-05
3468,560.135172061,5.5298,2.0989455364691384e-05
3469,560.2888602769999,5.5452,2.09800829708025e-05
3470,560.4393282279998,5.6836,2.0970598857222262e-05
3471,560.5901007139992,5.7151,2.096131213302473e-05
3472,560.7393370199998,4.9837,2.0952000548456824e-05
3473,560.8937037629994,5.3497,2.094278899506174e-05
3474,561.0470407529992,5.4766,2.093326174506173e-05
3475,561.2000757319993,5.9607,2.092380739679014e-05
3476,561.3501184289998,6.0635,2.091434106641979e-05
3477,561.5052234669993,5.788,2.090508898895066e-05
3478,561.6562617149993,5.6041,2.0895524570308644e-05
3479,561.8085147489992,6.3068,2.0886192973518553e-05
3480,561.9604270939999,5.8692,2.0876793724135803e-05
3481,562.1134761769999,6.3718,2.086741542265434e-05
3482,562.2680589419997,5.5897,2.0857966268456802e-05
3483,562.4226996949992,5.7355,2.0848430919938307e-05
3484,562.5806765479992,5.9396,2.083888361679014e-05
3485,562.7331419579996,5.4838,2.0829135446604958e-05
3486,562.8808056379994,5.5017,2.0819715349753098e-05
3487,563.0320147329994,6.0402,2.0810589372345696e-05
3488,563.1878881329994,6.3014,2.080127312098767e-05
3489,563.3427162519993,5.4294,2.0791654455987682e-05
3490,563.4964822089996,6.2212,2.0782039519321035e-05
3491,563.6550064859994,6.1333,2.077259809265432e-05
3492,563.8072832669995,5.2114,2.0762826270555606e-05
3493,563.9603891319994,5.9399,2.0753410102592628e-05
3494,564.116420798,5.9899,2.0743965229753094e-05
3495,564.2678859049993,5.8209,2.0734332559259256e-05
3496,564.4217978509996,5.4196,2.072497419154326e-05
3497,564.5752932639998,6.0068,2.0715481713148195e-05
3498,564.7257702799998,5.274,2.0706011603518522e-05
3499,564.8757182659992,5.2419,2.0696713588333334e-05
3500,565.0302034039996,6.054,2.06874569882099e-05
3501,565.1839580440001,5.7794,2.0677930823518567e-05
3502,565.333981189,6.2549,2.066843358549384e-05
3503,565.4884583069997,5.4452,2.0659167520185223e-05
3504,565.6417116119992,6.2046,2.064964288327162e-05
3505,565.7946510449992,5.8812,2.0640179255493863e-05
3506,565.9462336889992,5.4411,2.0630732504321004e-05
3507,566.1008676729998,6.2904,2.0621377273209873e-05
3508,566.252801742,5.759,2.0611839533641986e-05
3509,566.409206202,6.1385,2.0602453350493868e-05
3510,566.5600099389994,5.6051,2.0592814991358033e-05
3511,566.7143317909995,5.846,2.0583487985802526e-05
3512,566.8664868269998,5.982,2.0573975809691403e-05
3513,567.0194608899992,6.4132,2.0564571285679023e-05
3514,567.172585839,5.8815,2.055513524086424e-05
3515,567.3259904509996,6.0311,2.054568034030867e-05
3516,567.479481284,6.0566,2.0536208990123457e-05
3517,567.630445842,6.1049,2.0526742320555597e-05
3518,567.7880088809998,6.2912,2.051741257333336e-05
3519,567.9436923539997,5.4638,2.0507708095432138e-05
3520,568.0973772829993,5.2669,2.0498085192777782e-05
3521,568.2506320429993,6.4797,2.048858715993829e-05
3522,568.4042251819992,6.8781,2.047913285111115e-05
3523,568.5531863679998,5.5294,2.046965807629634e-05
3524,568.7049389979993,5.903,2.046045043845683e-05
3525,568.853777632,5.929,2.0451091079876562e-05
3526,569.0059471939994,6.0998,2.0441898911851892e-05
3527,569.15838076,5.9083,2.0432504429506178e-05
3528,569.3120445209997,6.2532,2.0423102672901245e-05
3529,569.4653733069999,5.7431,2.041360903462966e-05
3530,569.6164750629996,6.077,2.0404149330308688e-05
3531,569.7644741029999,5.6923,2.0394816327530907e-05
3532,569.9155612269997,5.0841,2.0385674738703707e-05
3533,570.0640258049998,5.5384,2.0376354356913617e-05
3534,570.2169933959995,6.272,2.036718831345679e-05
3535,570.3700419339993,5.9956,2.035775454117289e-05
3536,570.5288435439998,6.4291,2.0348305870061774e-05
3537,570.6810978309995,5.482,2.0338515871481486e-05
3538,570.834610199,6.4746,2.032909805308643e-05
3539,570.988523211,5.8631,2.0319631038580246e-05
3540,571.1438020169999,6.1389,2.0310115508827167e-05
3541,571.2947089619993,5.8669,2.0300555202407444e-05
3542,571.4501134809998,6.1744,2.0291223489135848e-05
3543,571.6028694779998,5.6842,2.028163691808644e-05
3544,571.7553083869998,5.9901,2.027221015117285e-05
3545,571.9065179079998,5.8595,2.026278652080248e-05
3546,572.0596125859993,5.7742,2.025345725018522e-05
3547,572.212311407,5.3891,2.0244007166543215e-05
3548,572.3648352419996,5.5378,2.023458896413581e-05
3549,572.5183812799996,6.2703,2.022516338277781e-05
3550,572.6705964929997,6.4775,2.0215697121049386e-05
3551,572.8238092479996,5.1729,2.020629287141977e-05
3552,572.9772816299992,5.9794,2.0196841531728417e-05
3553,573.1307831129998,6.2532,2.0187367353950615e-05
3554,573.2836388629994,5.135,2.017788631043212e-05
3555,573.4369825249996,6.162,2.0168455712654367e-05
3556,573.5882004159994,6.3179,2.015898152950622e-05
3557,573.7378580049999,5.5587,2.014965495006178e-05
3558,573.8884385619995,6.2479,2.0140403635246958e-05
3559,574.0404150959994,4.4773,2.0131111632098802e-05
3560,574.1953746119998,5.9853,2.0121730972283993e-05
3561,574.3492892659997,5.7954,2.0112181081234564e-05
3562,574.5056329449999,5.9588,2.0102680269135844e-05
3563,574.6580186609999,5.9556,2.0093021537160532e-05
3564,574.8104980999997,5.9161,2.0083618452098802e-05
3565,574.9614556479992,5.6611,2.0074200488827195e-05
3566,575.1153020149995,5.8495,2.00648813895679e-05
3567,575.2704180689998,6.0333,2.0055384798518523e-05
3568,575.4255005539999,5.9227,2.0045816466481482e-05
3569,575.5820201529996,6.1697,2.003624357098769e-05
3570,575.73383405,5.4705,2.0026589562037063e-05
3571,575.8841299679998,5.8046,2.001720514870371e-05
3572,576.037057689,6.1168,2.0007925977469154e-05
3573,576.1861426349997,5.3189,1.9998491333148152e-05
3574,576.3387242009994,5.5568,1.9989280398950645e-05
3575,576.4917852869994,6.2381,1.9979871655555592e-05
3576,576.6427448919994,5.7928,1.9970419150617325e-05
3577,576.7922990839998,6.4352,1.996110014154325e-05
3578,576.9432873669994,5.575,1.9951861650308645e-05
3579,577.0938716669998,6.6119,1.9942547714753136e-05
3580,577.2423457699997,5.9331,1.993324001364199e-05
3581,577.3933556919992,5.6081,1.992408214469137e-05
3582,577.5465906449999,6.1653,1.991476989345683e-05
3583,577.6984290819992,6.0763,1.990531838888891e-05
3584,577.8510906629999,6.2863,1.9895932156913617e-05
3585,578.0058236689993,5.4216,1.988651382629631e-05
3586,578.1600954999994,5.4856,1.987696115277781e-05
3587,578.3149250609995,6.2627,1.9867439479876564e-05
3588,578.4663410949997,5.7489,1.985789341858026e-05
3589,578.6226637599993,5.8446,1.9848526116728427e-05
3590,578.7791764149997,6.0832,1.983889349932101e-05
3591,578.9291512350001,5.381,1.9829230099876557e-05
3592,579.0808264489997,5.7051,1.9819953635679038e-05
3593,579.2329168399992,5.057,1.9810595597098793e-05
3594,579.3857764099994,5.7657,1.9801207297098777e-05
3595,579.5387059519999,5.8798,1.9791781374012352e-05
3596,579.6918853139996,5.8129,1.9782335561604936e-05
3597,579.8448182109996,5.6032,1.9772881804753108e-05
3598,579.9997455679995,6.3369,1.9763440413086453e-05
3599,580.1518623719994,5.9861,1.975389031061729e-05
3600,580.3075341859994,5.3053,1.9744480809567907e-05
3601,580.4616971169999,5.6852,1.973488608555558e-05
3602,580.614653908,5.0964,1.972536901271606e-05
3603,580.7665416149994,5.8162,1.971591474888892e-05
3604,580.9172628649994,4.8965,1.970654634858027e-05
3605,581.0697054929997,5.8475,1.969723183055561e-05
3606,581.2264826279998,6.1941,1.9687828275493842e-05
3607,581.3785777539997,4.6099,1.9678164479259304e-05
3608,581.531171607,5.5588,1.966876187395063e-05
3609,581.6873026529993,5.7436,1.9659349129691367e-05
3610,581.8384121219997,5.6135,1.9649710594691366e-05
3611,581.9953337399993,5.533,1.964037855666672e-05
3612,582.1526355869992,6.1703,1.9630711541049436e-05
3613,582.3058807969992,6.4198,1.9620991660185217e-05
3614,582.461294537,5.8018,1.9611523277037046e-05
3615,582.6143119479993,5.9641,1.9601938795679047e-05
3616,582.7649692699997,5.7743,1.959248325024694e-05
3617,582.9150516159998,5.086,1.958318931944447e-05
3618,583.0671598549998,5.9005,1.957391415197536e-05
3619,583.2218425249994,5.5853,1.9564535836296294e-05
3620,583.3741903139999,5.4125,1.9554984250185216e-05
3621,583.5276285379996,6.2098,1.9545583260740748e-05
3622,583.6810575299996,5.8329,1.9536106519444446e-05
3623,583.8329800349993,5.2816,1.952663824302469e-05
3624,583.9860039979994,5.7101,1.951725806351853e-05
3625,584.1392776249995,6.3224,1.950781014864198e-05
3626,584.2938251979995,6.1049,1.9498357142962992e-05
3627,584.4447759129998,6.5235,1.948881342833335e-05
3628,584.599315204,5.7076,1.9479494947839516e-05
3629,584.7483626969997,5.0952,1.946995270666669e-05
3630,584.9020212129999,6.0086,1.9460747716851884e-05
3631,585.0560938929993,4.8481,1.9451269573024704e-05
3632,585.2124479779995,5.5105,1.944176290839511e-05
3633,585.3679260219997,5.4275,1.943211859808647e-05
3634,585.5197288899999,6.1539,1.9422505273827157e-05
3635,585.6746444299997,5.9145,1.9413143993333338e-05
3636,585.8257036489995,4.9698,1.9403578948950657e-05
3637,585.9760018709994,5.8614,1.9394249217839556e-05
3638,586.1306031929998,6.1969,1.9384972928765472e-05
3639,586.284528911,6.1374,1.9375437127901245e-05
3640,586.4362603599993,5.7813,1.936593405592596e-05
3641,586.5867930299992,5.8456,1.935656195123461e-05
3642,586.7381565919995,5.6527,1.9347273608456797e-05
3643,586.8895147119993,6.2879,1.9337922747716074e-05
3644,587.0471010239999,5.8373,1.9328586036172842e-05
3645,587.2014234049993,6.0848,1.9318868828827195e-05
3646,587.3552065059994,6.1372,1.930933021907409e-05
3647,587.506790509,5.2954,1.929985351000001e-05
3648,587.65617948,5.6296,1.9290478979135817e-05
3649,587.8085213639997,6.061,1.9281255878518546e-05
3650,587.9647207219996,6.0799,1.9271854951975347e-05
3651,588.1160071009999,5.9886,1.9262223029444454e-05
3652,588.2649546589992,5.5908,1.9252868447407413e-05
3653,588.418198161,6.2655,1.924367767672844e-05
3654,588.5728900069998,6.1475,1.9234217481728446e-05
3655,588.7272656509995,5.7949,1.9224680532592638e-05
3656,588.878303034,5.6456,1.921514590160499e-05
3657,589.0317954509992,5.9701,1.9205812293395114e-05
3658,589.1867053779997,5.8892,1.9196348250679037e-05
3659,589.3390195849997,6.7925,1.9186785088271637e-05
3660,589.4918011319996,6.0949,1.9177382979629654e-05
3661,589.6456645009994,6.0721,1.9167947901913596e-05
3662,589.7982973029993,5.3366,1.9158455169259287e-05
3663,589.9477623489993,5.774,1.9149029965493847e-05
3664,590.1052724729998,6.19,1.913979701518521e-05
3665,590.2591449409992,5.4224,1.913009850197532e-05
3666,590.4126311059999,5.6892,1.9120583524629664e-05
3667,590.5648804509992,5.2671,1.9111113141604992e-05
3668,590.7203793439994,5.6768,1.9101703716790128e-05
3669,590.8708664879996,5.515,1.9092114605987653e-05
3670,591.0221327689997,5.9326,1.908281665672842e-05
3671,591.1727214939992,6.1567,1.907348387722227e-05
3672,591.3275764289992,5.4583,1.906418273055559e-05
3673,591.4865477459998,5.9729,1.9054639769012372e-05
3674,591.6386261709995,5.5151,1.904482684771609e-05
3675,591.7888501739999,4.8686,1.9035428114074095e-05
3676,591.9420223569996,5.6464,1.9026151997716084e-05
3677,592.0984351549996,5.6912,1.901669495561731e-05
3678,592.2535513729999,5.6998,1.900700571327165e-05
3679,592.4581340149998,4.8218,1.8997477365987666e-05
3680,592.6230786869992,5.9978,1.8984731726358023e-05
3681,592.7796277549996,5.955,1.8974680549938318e-05
3682,592.9348335879995,6.3837,1.8964990477345707e-05
3683,593.0855361189997,5.2095,1.8955418029814825e-05
3684,593.2395657669995,5.4029,1.894610568882719e-05
3685,593.3941704789995,6.4168,1.8936600800185196e-05
3686,593.5500974869992,5.7067,1.892706547401236e-05
3687,593.7052263589994,5.5926,1.8917439739382727e-05
3688,593.8577047619992,5.5569,1.8907849076604968e-05
3689,594.0151991569992,5.6094,1.8898443505246953e-05
3690,594.1726326179996,5.5901,1.8888744435555595e-05
3691,594.3242958719993,6.0546,1.8879013284259306e-05
3692,594.4793299189996,6.1109,1.8869639251728427e-05
3693,594.6318122579996,6.1916,1.8860082282839538e-05
3694,594.7859020679998,6.2917,1.885066189333334e-05
3695,594.940659422,5.555,1.884115884419754e-05
3696,595.095184838,5.7016,1.8831601931543214e-05
3697,595.249239754,6.5763,1.8822056857592612e-05
3698,595.4025702089994,5.9706,1.8812553376728435e-05
3699,595.5537637849993,5.1775,1.88030818154321e-05
3700,595.7113011749998,5.7728,1.879374986722224e-05
3701,595.8664172819999,6.242,1.878403752524696e-05
3702,596.0196528859997,5.9873,1.877444875234569e-05
3703,596.174756032,6.4453,1.8764991893148148e-05
3704,596.3297184699995,5.9383,1.8755420164321036e-05
3705,596.4865786269993,5.9558,1.874585401500003e-05
3706,596.6394130139997,5.8781,1.8736181001172893e-05
3707,596.7954560809994,6.7796,1.8726736340925943e-05
3708,596.9463791379994,5.9749,1.871711436358027e-05
3709,597.1020707859998,6.1607,1.8707783612592633e-05
3710,597.2527928309992,5.8766,1.8698182485246928e-05
3711,597.4063343759999,5.96,1.868887186888891e-05
3712,597.557181661,6.1931,1.86793900155556e-05
3713,597.7110302309993,5.9022,1.8670078907901283e-05
3714,597.8645795109996,5.5428,1.866058833246915e-05
3715,598.0210850049998,5.9593,1.865110727506177e-05
3716,598.1751512459996,5.762,1.8641456035679038e-05
3717,598.3273318369993,5.1537,1.8631921067901235e-05
3718,598.4832662299996,6.0295,1.862253627314815e-05
3719,598.6388332299994,5.4186,1.8612914963888933e-05
3720,598.7937970559997,6.3225,1.8603313565493823e-05
3721,598.9500330829997,6.4699,1.8593757971111135e-05
3722,599.1050477219997,6.1123,1.8584110702654363e-05
3723,599.2544457280001,5.7071,1.8574535828827182e-05
3724,599.4084960009995,5.3608,1.8565306496172842e-05
3725,599.5664295849992,6.1735,1.8555810882407408e-05
3726,599.719931906,6.2723,1.8546064482469167e-05
3727,599.8747336049992,5.737,1.853658254314819e-05
3728,600.0307672109993,6.2584,1.8527031895802487e-05
3729,600.1824765339998,5.6017,1.8517400668641994e-05
3730,600.3377081489998,5.9563,1.8508025246666682e-05
3731,600.4938721179997,5.4304,1.849844658006173e-05
3732,600.6449584919992,5.7335,1.848879743759263e-05
3733,600.7983357879993,5.3526,1.8479483787963e-05
3734,600.9516015929994,5.7809,1.8470015097407412e-05
3735,601.1040129779994,5.9581,1.8460559049197536e-05
3736,601.2592555789997,6.1132,1.8451138243827183e-05
3737,601.4107006300001,5.0796,1.8441564575679015e-05
3738,601.5652826549995,6.4829,1.8432216068086456e-05
3739,601.720166862,6.018,1.8422668573024692e-05
3740,601.8740436929993,5.2881,1.8413110292037044e-05
3741,602.0255349489998,5.5579,1.8403608329135807e-05
3742,602.1770780299994,5.8313,1.839425960481482e-05
3743,602.3320829229997,5.9853,1.8384905202222253e-05
3744,602.4865113739997,5.6694,1.8375337493518524e-05
3745,602.6402666079994,6.0385,1.836581282623459e-05
3746,602.7901936599992,6.2343,1.83563113096914e-05
3747,602.9438178359997,6.1052,1.8347062295617303e-05
3748,603.1012106359995,5.8264,1.8337576527592597e-05
3749,603.2567754049996,6.0151,1.8327859202037062e-05
3750,603.4098637769994,5.6549,1.8318268209321014e-05
3751,603.5607838729993,5.8174,1.8308782168086462e-05
3752,603.7103007469996,4.9212,1.829949353814816e-05
3753,603.8589624549995,5.4897,1.8290258608333345e-05
3754,604.0137791039997,5.8892,1.828107930604942e-05
3755,604.1672952199997,5.7685,1.82715304869136e-05
3756,604.3171921869998,6.0886,1.8262055315740777e-05
3757,604.4693010649999,6.0357,1.8252793675000034e-05
3758,604.6190442009993,6.4981,1.8243412820123485e-05
3759,604.7703831599993,5.3736,1.8234163949135808e-05
3760,604.9232172729999,6.4125,1.822482837425929e-05
3761,605.0727054729996,5.5594,1.8215386534691364e-05
3762,605.2290161909996,5.8626,1.8206157404938274e-05
3763,605.3807130229998,6.7209,1.8196525914629632e-05
3764,605.5301682849995,4.7542,1.8187081433333347e-05
3765,605.6870162769992,5.4921,1.817792581401237e-05
3766,605.8441732869996,6.1241,1.816824606925927e-05
3767,605.9988166779995,5.134,1.8158552606913602e-05
3768,606.1510600649999,5.7688,1.8149000262530908e-05
3769,606.3038133589998,5.6942,1.813960158938272e-05
3770,606.461149969,6.2706,1.8130172295493845e-05
3771,606.61419243,6.2042,1.812047825240741e-05
3772,606.766219315,5.7884,1.8111007779074117e-05
3773,606.9206732469993,5.8293,1.810162794228397e-05
3774,607.0724995109995,5.7212,1.809209055351852e-05
3775,607.2253602709998,5.9705,1.808271702481486e-05
3776,607.379481422,5.8499,1.807328160555558e-05
3777,607.5350533579995,5.6728,1.8063775426851886e-05
3778,607.6920381399996,5.7459,1.8054170774567912e-05
3779,607.8470868549994,5.9833,1.8044478043271616e-05
3780,608.0002377279998,5.2305,1.8034907317777778e-05
3781,608.1537788769992,6.255,1.802545743870376e-05
3782,608.3114440769996,5.7526,1.8015972386543233e-05
3783,608.4647403989993,6.0165,1.800624743969141e-05
3784,608.6183835069996,5.8224,1.7996788603950616e-05
3785,608.7737709389994,5.627,1.798729466092594e-05
3786,608.924278431,5.6497,1.7977713221666708e-05
3787,609.0766312719998,4.8978,1.7968393434259308e-05
3788,609.2321515999993,5.698,1.7959008217530882e-05
3789,609.3823702529999,5.3107,1.7949414061666702e-05
3790,609.535048185,5.7534,1.7940129708271634e-05
3791,609.6879174649994,5.9834,1.793067018759263e-05
3792,609.8405117009997,5.9349,1.7921267790185185e-05
3793,609.9941883819993,6.273,1.791185796592597e-05
3794,610.1474206299999,4.9442,1.7902361182654327e-05
3795,610.2964215579996,4.8654,1.789290240790128e-05
3796,610.447927532,5.7752,1.7883708030493845e-05
3797,610.6047845609992,5.8713,1.7874363191790172e-05
3798,610.7607331639992,6.4482,1.786469051506174e-05
3799,610.9111392489995,6.0209,1.7855053523086422e-05
3800,611.0678461439993,6.0423,1.784576458277778e-05
3801,611.2179678399998,5.1179,1.7836093733456797e-05
3802,611.3726472019998,6.3163,1.7826810228333348e-05
3803,611.5252092589999,5.5044,1.781728425413584e-05
3804,611.6784951319996,5.8446,1.78078221121605e-05
3805,611.833132062,5.4909,1.7798403204629655e-05
3806,611.9889007809998,6.3824,1.77888426210494e-05
3807,612.145303972,5.9814,1.7779245554629653e-05
3808,612.2976042889995,6.4017,1.7769594269506186e-05
3809,612.4514604309998,5.7008,1.7760179162160506e-05
3810,612.6060769919995,5.9689,1.7750685148827173e-05
3811,612.7582857809994,6.3373,1.7741142524135812e-05
3812,612.9122026609994,6.2041,1.7731742820679015e-05
3813,613.0626017369996,5.2874,1.7722248784259284e-05
3814,613.2146181439994,5.9981,1.7712949231481506e-05
3815,613.36991829,6.0005,1.770358067271608e-05
3816,613.5224676349999,5.7104,1.7693994767901246e-05
3817,613.6752448309999,5.1366,1.768457544296297e-05
3818,613.8281338099996,5.3958,1.7675146909259303e-05
3819,613.98140745,5.7595,1.766570020697533e-05
3820,614.1306946909999,5.2851,1.7656248298703702e-05
3821,614.2849103789995,6.537,1.764702299117289e-05
3822,614.4408743280001,6.505,1.7637518054753115e-05
3823,614.5964230579993,5.9572,1.7627888422777778e-05
3824,614.7530168979993,6.538,1.7618283182284e-05
3825,614.9086115659993,6.1943,1.760862269827163e-05
3826,615.0627405709993,6.3018,1.7599016929444468e-05
3827,615.2174939779998,5.878,1.7589499528209873e-05
3828,615.3712279889996,5.6774,1.7579954415432105e-05
3829,615.5259614859997,6.4774,1.7570456486728405e-05
3830,615.6774971259993,5.4029,1.7560898274876558e-05
3831,615.834641036,6.2749,1.7551549226604946e-05
3832,615.9880988369996,5.2683,1.7541859069259282e-05
3833,616.1413840929999,5.9442,1.753237399617286e-05
3834,616.2994883579995,5.6457,1.752291099660498e-05
3835,616.4511946319999,6.2953,1.7513160623580286e-05
3836,616.6017368039993,6.1392,1.7503789478827186e-05
3837,616.7530285789999,6.077,1.7494489944074076e-05
3838,616.9065436199999,5.7801,1.74851498375309e-05
3839,617.0592451879993,6.1585,1.74756767225926e-05
3840,617.2162087229999,6.2594,1.7466259199012387e-05
3841,617.3687176969997,6.1266,1.7456575425123485e-05
3842,617.5232413039994,5.5809,1.744715053395064e-05
3843,617.6778141599998,5.7939,1.7437619525493866e-05
3844,617.8260196149995,5.5294,1.742806798641977e-05
3845,617.977803236,5.9788,1.7418913367098776e-05
3846,618.1310172499998,6.0506,1.7409549626172854e-05
3847,618.2859206289995,6.2231,1.7400104204938274e-05
3848,618.4376473859993,5.9481,1.739053566783954e-05
3849,618.5906120379996,5.3906,1.7381162031666677e-05
3850,618.740515128,6.4497,1.7371726123148148e-05
3851,618.8953214389994,6.7463,1.7362470412777827e-05
3852,619.0511620069992,6.4209,1.7352925141604986e-05
3853,619.206634227,6.5473,1.7343288117469153e-05
3854,619.3620667319992,6.1214,1.7333698451604992e-05
3855,619.5171687109996,5.6218,1.732411395561732e-05
3856,619.6706822569995,5.3598,1.731453338024696e-05
3857,619.8255167789994,4.7784,1.730506247506173e-05
3858,619.9755380959996,5.9396,1.7295493997716068e-05
3859,620.1293935939993,6.3472,1.7286231555061777e-05
3860,620.2858001029999,6.0297,1.7276744370308646e-05
3861,620.437521891,6.4332,1.7267088801975345e-05
3862,620.5917567239994,5.8001,1.7257716084012386e-05
3863,620.7447756749998,6.0401,1.7248202118024738e-05
3864,620.8979125169999,5.865,1.7238757459382767e-05
3865,621.052818145,5.7589,1.7229297742592616e-05
3866,621.2077124839998,5.7142,1.7219745393580256e-05
3867,621.3592587369994,5.6646,1.7210182997283975e-05
3868,621.5083387629993,5.6897,1.720082120475312e-05
3869,621.6642476159996,5.5657,1.719161435043212e-05
3870,621.818493713,5.7268,1.7181996405185185e-05
3871,621.9735500059996,5.8935,1.7172475790617338e-05
3872,622.12539896,5.5625,1.716291175925927e-05
3873,622.2796245149993,6.3209,1.715352181493831e-05
3874,622.4350008889996,6.2383,1.7144017798580274e-05
3875,622.586268909,5.4963,1.7134420148209913e-05
3876,622.7395936619996,6.1048,1.7125081529444447e-05
3877,622.8944722399992,6.1271,1.7115620024938318e-05
3878,623.046062509,5.7304,1.7106058967098797e-05
3879,623.200985128,6.4446,1.7096701790679044e-05
3880,623.3542003009998,5.6899,1.708712382530865e-05
3881,623.5076852449993,5.7939,1.7077679109074106e-05
3882,623.6647611619992,5.9034,1.706820111907409e-05
3883,623.8166348819996,5.2376,1.705851602975313e-05
3884,623.9680521779992,5.6478,1.7049137354382722e-05
3885,624.1221056929999,6.2296,1.7039783716481517e-05
3886,624.2747092059999,5.8015,1.7030298207777785e-05
3887,624.4275186039995,6.3352,1.7020854221049388e-05
3888,624.5832761129996,6.295,1.7011430432037035e-05
3889,624.7359793939995,5.5795,1.7001815427839508e-05
3890,624.8856683059994,5.0918,1.6992391079567916e-05
3891,625.0398950489998,6.423,1.6983135410864243e-05
3892,625.1917139099996,6.0623,1.6973627023703726e-05
3893,625.343241775,5.3705,1.696425463771605e-05
3894,625.4934283139992,5.3329,1.695489502179016e-05
3895,625.6471521369995,4.5815,1.694562295703707e-05
3896,625.8029608629995,6.0934,1.6936146995864233e-05
3897,625.9587691209999,6.5122,1.6926512756975304e-05
3898,626.1125488859998,6.0348,1.691690879148149e-05
3899,626.2641030909999,6.0769,1.690741136938273e-05
3900,626.4181981509992,6.0941,1.6898051138703715e-05
3901,626.5738284049994,4.6686,1.6888539556049394e-05
3902,626.7306003919994,5.6496,1.687894502246915e-05
3903,626.8846369479998,5.6601,1.6869270983950652e-05
3904,627.0382611729992,5.6108,1.6859746587901282e-05
3905,627.1923935209998,6.0721,1.685026840314819e-05
3906,627.3471409099993,5.6851,1.6840745597901275e-05
3907,627.5020142149997,5.8403,1.6831203572160514e-05
3908,627.6541682509996,6.2188,1.6821627925740772e-05
3909,627.8088896719992,5.5349,1.681224074290123e-05
3910,627.9659302049995,6.2702,1.680270521586425e-05
3911,628.1223085519996,6.2462,1.6793009428148187e-05
3912,628.2775815059995,5.5846,1.6783345139320988e-05
3913,628.4322957199993,5.0745,1.6773769464814816e-05
3914,628.5830065479995,5.4483,1.676420722895065e-05
3915,628.7374069029993,5.6561,1.6754907808333344e-05
3916,628.8921596369992,5.5487,1.6745383810925946e-05
3917,629.0457905309995,5.5053,1.6735829232283952e-05
3918,629.2016607019996,5.6119,1.672634449395064e-05
3919,629.3559979009997,5.1867,1.6716713525061773e-05
3920,629.5069307409995,6.3187,1.6707191952901265e-05
3921,629.662579924,6.0931,1.669787876907411e-05
3922,629.8139410629992,6.0272,1.6688277823024728e-05
3923,629.9671511299994,6.1243,1.667892209222227e-05
3924,630.1213971749994,4.9687,1.6669469687716077e-05
3925,630.2747235049992,6.0107,1.6659944963086425e-05
3926,630.428642076,5.8717,1.6650487168765467e-05
3927,630.5808611129996,5.3445,1.6640977933703756e-05
3928,630.733994313,6.3558,1.6631587203580272e-05
3929,630.8886082469999,5.6809,1.6622133809259267e-05
3930,631.0408589559993,5.874,1.6612593830987682e-05
3931,631.1923635119992,4.8458,1.660318982654324e-05
3932,631.3454741879996,5.6998,1.659383816456795e-05
3933,631.5006406919993,5.2767,1.6584389347839545e-05
3934,631.652384123,5.3806,1.6574809848580287e-05
3935,631.8032795159997,5.7298,1.6565441074382738e-05
3936,631.9547564179993,6.1388,1.6556120216049425e-05
3937,632.1082242739994,6.5411,1.654677792117284e-05
3938,632.2595885519995,5.6664,1.653730699487655e-05
3939,632.4146493409999,5.8756,1.6527963706296333e-05
3940,632.56781882,6.153,1.6518394405925952e-05
3941,632.7226024479996,6.1854,1.6508930565864212e-05
3942,632.8751894509996,6.3161,1.649939531222224e-05
3943,633.0298890499998,6.1016,1.648995637672844e-05
3944,633.1858728799998,5.6609,1.6480419146543213e-05
3945,633.3367209589996,6.0559,1.6470792814012377e-05
3946,633.4886546489997,6.0226,1.646147126000005e-05
3947,633.6429887549994,5.9645,1.6452093019567917e-05
3948,633.7976767169994,6.0375,1.644257320185188e-05
3949,633.9505637459997,5.9797,1.6433024066666713e-05
3950,634.1042894729999,6.2191,1.642357783962965e-05
3951,634.259721073,5.5631,1.6414092633271654e-05
3952,634.4167932349992,6.1683,1.6404509643765453e-05
3953,634.5722909699998,6.4941,1.6394806763271642e-05
3954,634.7251707989999,5.9995,1.638520092561729e-05
3955,634.8805255709995,5.6022,1.6375762586481526e-05
3956,635.0332808529993,5.7347,1.6366179952839545e-05
3957,635.1873420829997,6.5316,1.6356751702530887e-05
3958,635.3383542319998,5.6702,1.6347244266913596e-05
3959,635.4900565369999,5.4496,1.6337912756790153e-05
3960,635.6484747159993,6.0277,1.6328548881790174e-05
3961,635.8037836589992,5.488,1.6318776095740762e-05
3962,635.9575772799999,5.6442,1.630919292759262e-05
3963,636.1103116679997,5.6146,1.6299696800493835e-05
3964,636.2609052799999,6.028,1.6290262423271608e-05
3965,636.4181649499997,5.36,1.628094512401237e-05
3966,636.5733109180001,6.4615,1.6271269143456796e-05
3967,636.7250099179992,6.1298,1.6261683469938305e-05
3968,636.8767584509997,5.5296,1.6252318092098766e-05
3969,637.0321808249992,6.0538,1.6242951766604942e-05
3970,637.1898395589997,6.3903,1.6233373817530894e-05
3971,637.3410385829993,5.3788,1.6223642895493857e-05
3972,637.4924585489998,5.5062,1.6214288299691382e-05
3973,637.6473954739995,5.8834,1.620494986734572e-05
3974,637.8002962639994,5.6483,1.6195382633703744e-05
3975,637.9493861749997,5.6465,1.6185948110432102e-05
3976,638.1029027609993,5.592,1.617672719123462e-05
3977,638.2524651679996,4.7163,1.6167271521296335e-05
3978,638.4080998499994,6.0067,1.6158034997284005e-05
3979,638.5613407519995,5.9893,1.6148435941913592e-05
3980,638.7166160409997,6.0525,1.6138978036234605e-05
3981,638.8708845329993,5.8702,1.6129387410925952e-05
3982,639.0229176699995,5.7165,1.611987127413585e-05
3983,639.1753349169994,5.7913,1.6110468197469143e-05
3984,639.3264773729998,4.6794,1.6101065900308675e-05
3985,639.4788405999998,5.1386,1.609173417530869e-05
3986,639.6296256209998,5.7843,1.608233598024695e-05
3987,639.7817018239994,5.633,1.607302387462964e-05
3988,639.9292661739992,5.5698,1.606362940993828e-05
3989,640.0818526639996,4.7957,1.6054519269444452e-05
3990,640.2358390099998,6.3217,1.6045117172592612e-05
3991,640.3918831239998,6.0356,1.6035604590925956e-05
3992,640.5425532319996,5.8119,1.6025984757901274e-05
3993,640.6994304359996,5.8566,1.60166797995062e-05
3994,640.8533188439997,5.7359,1.600699605617289e-05
3995,641.0087865389996,5.8504,1.5997451334567948e-05
3996,641.1590069079994,5.8537,1.5987898223148185e-05
3997,641.3149548899992,5.7374,1.5978610501358026e-05
3998,641.4705834249999,5.8632,1.5968998444876565e-05
3999,641.6225260799993,6.0418,1.5959389116790165e-05
4000,641.7735619639998,6.1561,1.5950012200987658e-05
4001,641.9247481709999,5.4457,1.59406812838889e-05
4002,642.0778258539995,6.1348,1.5931341339567912e-05
4003,642.2264379749995,5.6296,1.592183921061731e-05
4004,642.3746743349993,5.1544,1.591272971987654e-05
4005,642.5264522389998,6.1308,1.590356650993827e-05
4006,642.6789822819992,5.9011,1.5894211938580266e-05
4007,642.8315267879998,6.0022,1.5884789687962993e-05
4008,642.9848329809993,5.685,1.5875382840987678e-05
4009,643.1386819419995,5.0634,1.586591441938276e-05
4010,643.2955864249998,6.3245,1.585641414074074e-05
4011,643.4466371999997,5.7356,1.5846755226296323e-05
4012,643.5940316099995,5.9462,1.583739656333336e-05
4013,643.7449331689995,5.6846,1.5828301506790127e-05
4014,643.894935452,5.6532,1.5818988985617332e-05
4015,644.0471154849993,5.3393,1.5809726491666698e-05
4016,644.2027624759994,5.6141,1.580033620401239e-05
4017,644.35859703,5.9926,1.5790733821419773e-05
4018,644.5118927599997,5.6211,1.578113017679013e-05
4019,644.6662594469999,6.3727,1.577165084481485e-05
4020,644.8215047719996,5.6631,1.5762133206111136e-05
4021,644.9742286860001,5.592,1.5752533992901232e-05
4022,645.1266002949997,5.5262,1.574311423308644e-05
4023,645.2783007329999,6.102,1.5733711632407434e-05
4024,645.4282312569994,5.571,1.57243338395062e-05
4025,645.5779034919997,5.193,1.5715078405617334e-05
4026,645.7313762999993,6.1659,1.570584704006178e-05
4027,645.8815298479994,5.7942,1.5696385321172874e-05
4028,646.036304753,6.6712,1.5687097734753088e-05
4029,646.1857836639992,5.5139,1.5677555239567932e-05
4030,646.3366651259994,6.2516,1.5668321925123498e-05
4031,646.4921292869994,5.7853,1.565900800456791e-05
4032,646.6450574529999,6.1843,1.5649413881666686e-05
4033,646.8020830449996,5.9716,1.563997171475309e-05
4034,646.9557769039993,6.299,1.5630293309382744e-05
4035,647.1082012349998,4.3739,1.562079494e-05
4036,647.2634938669999,5.805,1.561138362530865e-05
4037,647.4153691919992,5.1495,1.560180451524693e-05
4038,647.5633884209992,5.4582,1.5592441057037043e-05
4039,647.7167536499992,6.0479,1.558326848975311e-05
4040,647.8702271449993,6.0584,1.5573815937407433e-05
4041,648.0216227109995,5.7964,1.556434297765435e-05
4042,648.1761482209995,5.509,1.5555001446234574e-05
4043,648.3291938029997,6.172,1.554545839240745e-05
4044,648.4845148469994,5.6357,1.5536009723024715e-05
4045,648.6373398879996,6.0982,1.5526432430925964e-05
4046,648.7917119469994,5.6935,1.551698617561731e-05
4047,648.9439123719994,6.1519,1.5507463792345684e-05
4048,649.0984120429994,5.951,1.549805554197536e-05
4049,649.2534474709992,6.1384,1.548853572111113e-05
4050,649.4072466159996,5.8154,1.5478959558456808e-05
4051,649.5566809219999,5.7016,1.5469466964753138e-05
4052,649.7110392099994,6.2651,1.5460249892283984e-05
4053,649.8652881609996,5.7985,1.5450714553765434e-05
4054,650.0205536879994,6.2502,1.544119554382717e-05
4055,650.1739274499996,5.2919,1.543161982975309e-05
4056,650.3230998539993,5.4586,1.5422143397777796e-05
4057,650.4761332589997,6.0845,1.541292490660498e-05
4058,650.6292586129994,6.0868,1.5403485184506224e-05
4059,650.7792243309996,4.8035,1.5394048829197584e-05
4060,650.9354700799995,6.6683,1.538477011728396e-05
4061,651.0873781149994,6.0933,1.537512643345682e-05
4062,651.2412058669997,6.2822,1.536575093481481e-05
4063,651.3941344099994,5.5122,1.5356255092222255e-05
4064,651.549147623,5.6109,1.5346816105555566e-05
4065,651.7003240759996,5.4593,1.533725108827162e-05
4066,651.854289291,6.0491,1.532792051358026e-05
4067,652.006823228,5.7125,1.5318416481790127e-05
4068,652.1567052689998,4.3423,1.5308996658580294e-05
4069,652.3103306969997,5.5188,1.5299741841604937e-05
4070,652.4647321849998,5.4457,1.5290270960185195e-05
4071,652.6145188779992,4.8714,1.5280732799938273e-05
4072,652.7650119679993,6.0809,1.5271472219691372e-05
4073,652.9160759389997,5.1479,1.5262198740802485e-05
4074,653.0710864389994,6.1698,1.5252872277777797e-05
4075,653.2237501309992,6.0463,1.5243308993148176e-05
4076,653.3790912099994,5.8539,1.523387278450622e-05
4077,653.5319599779996,4.7887,1.522430981759263e-05
4078,653.6860438690001,5.0339,1.5214856817283978e-05
4079,653.840944859,6.1867,1.5205337207469173e-05
4080,653.9922617539996,5.8179,1.5195785408148167e-05
4081,654.146850393,6.2496,1.5186438826172877e-05
4082,654.3007136329998,5.9339,1.5176906561728398e-05
4083,654.4525151359994,6.0804,1.5167402380246943e-05
4084,654.6009295019994,5.1118,1.5158033605802485e-05
4085,654.7500015639998,6.3106,1.5148870861111119e-05
4086,654.9047540449992,6.3894,1.5139662513024688e-05
4087,655.0561688389998,5.6865,1.5130113318148148e-05
4088,655.2095541019999,5.9465,1.5120772161604963e-05
4089,655.3645269829995,6.3688,1.5111301788148169e-05
4090,655.515839789,5.287,1.5101734374321037e-05
4091,655.6682695939999,5.9366,1.5092387755987686e-05
4092,655.8190167479997,4.8985,1.5082987234444446e-05
4093,655.9724712869993,5.6894,1.5073675560740786e-05
4094,656.1293184039996,6.3767,1.5064206434382733e-05
4095,656.2831000699998,4.7645,1.5054531994629646e-05
4096,656.4385108669994,6.0524,1.504503442327163e-05
4097,656.5915639719997,6.1291,1.5035439996049384e-05
4098,656.7458129659999,6.0256,1.5025987178703727e-05
4099,656.8983583009995,6.0909,1.5016465618456816e-05
4100,657.0488656969992,5.5567,1.5007050543518564e-05
4101,657.2015449259998,6.5214,1.4997752253518543e-05
4102,657.3536904289995,6.2463,1.4988340360432124e-05
4103,657.5079014479998,5.9422,1.4978939373333368e-05
4104,657.6574151699997,5.4633,1.4969445864814846e-05
4105,657.8107043159998,5.5986,1.4960187677901232e-05
4106,657.9616637079998,5.2303,1.4950741040740785e-05
4107,658.1179069649997,5.7021,1.4941404914012359e-05
4108,658.2683819599997,5.3777,1.4931776361111161e-05
4109,658.4191447029998,6.0198,1.492247715716053e-05
4110,658.5679872069995,6.4057,1.491317748191362e-05
4111,658.7161834399994,5.889,1.4903976736172864e-05
4112,658.8699313679999,6.3199,1.4894837271296336e-05
4113,659.0211939589999,5.893,1.4885342887777776e-05
4114,659.1753704919993,5.9176,1.4876008827098775e-05
4115,659.3283677589998,5.838,1.4866494412037052e-05
4116,659.4810503009994,5.8279,1.4857058110246953e-05
4117,659.6342558309998,6.2302,1.4847648805864228e-05
4118,659.7866402199998,5.58,1.4838176598333336e-05
4119,659.9411361579996,6.1286,1.4828772187283963e-05
4120,660.0912560919996,4.9399,1.4819226386913598e-05
4121,660.2452041339993,5.7022,1.480989163432101e-05
4122,660.3989362069997,6.5524,1.4800460971358031e-05
4123,660.5519853879996,6.0136,1.4790982645679013e-05
4124,660.7073119569995,6.3488,1.4781512549259308e-05
4125,660.85798135,6.5593,1.477194287481482e-05
4126,661.0107489719994,5.677,1.4762627989938282e-05
4127,661.1644601479993,5.8988,1.4753207937345693e-05
4128,661.318620049,6.164,1.4743711739506188e-05
4129,661.47044568,6.0787,1.4734202521234591e-05
4130,661.6243421149993,6.1292,1.4724832588518538e-05
4131,661.7809058389994,6.481,1.4715330012345702e-05
4132,661.9350087979992,5.3396,1.4705673948642023e-05
4133,662.0884657879997,5.2697,1.4696151038333371e-05
4134,662.2392786379996,5.4439,1.4686673037160491e-05
4135,662.3880014839997,5.5899,1.4677367011049403e-05
4136,662.5401787749997,6.1032,1.4668177158765433e-05
4137,662.6923496909994,5.3721,1.4658794539876586e-05
4138,662.8463578619994,5.6546,1.4649398647222234e-05
4139,663.0002282359992,5.8572,1.4639895792222236e-05
4140,663.1521742549994,5.9132,1.4630392956049394e-05
4141,663.3065319519992,6.7885,1.4621015264876553e-05
4142,663.4624665429992,5.9062,1.4611492359135809e-05
4143,663.6170930909993,5.802,1.4601858900061733e-05
4144,663.7688961249996,4.6947,1.4592328976851877e-05
4145,663.9252600129994,6.1639,1.4582940078642e-05
4146,664.0768887429995,4.3285,1.457329805617289e-05
4147,664.2320983489999,5.822,1.4563929945432137e-05
4148,664.3877926389996,5.7324,1.4554346732160534e-05
4149,664.5385257279995,6.1738,1.4544750028888887e-05
4150,664.6893425429998,5.6222,1.4535438759506204e-05
4151,664.8390154099998,5.6079,1.452612730265437e-05
4152,664.9880320969996,5.3836,1.4516883175000051e-05
4153,665.1441542829998,6.4436,1.4507684990802505e-05
4154,665.2941811579994,5.6606,1.4498054233148157e-05
4155,665.4490126029996,5.5686,1.4488800218888893e-05
4156,665.6051361959999,6.1727,1.4479236656666667e-05
4157,665.7580971219995,6.0779,1.4469586387407403e-05
4158,665.9087820159993,6.0144,1.446016081222224e-05
4159,666.063217207,6.3732,1.4450845212962987e-05
4160,666.2164049899993,5.4002,1.4441331088765475e-05
4161,666.3670752929993,5.3127,1.4431858510864193e-05
4162,666.5175089369995,5.0457,1.4422571705802479e-05
4163,666.6724115409997,6.1532,1.4413271951604972e-05
4164,666.8264670789995,5.6623,1.4403723119074098e-05
4165,666.980079852,6.1696,1.4394215348888906e-05
4166,667.1346782399996,5.4289,1.4384719890493859e-05
4167,667.291750978,6.1663,1.4375180743765477e-05
4168,667.4468463679996,6.2996,1.4365499323456799e-05
4169,667.5984148199996,6.1897,1.4355912954197549e-05
4170,667.7504971549997,5.0407,1.4346556640987696e-05
4171,667.9020680969998,6.3953,1.4337167656296324e-05
4172,668.0527553519996,5.6539,1.4327817997839554e-05
4173,668.2045190199997,4.5575,1.431850675117285e-05
4174,668.3596931189995,5.9233,1.4309139907716063e-05
4175,668.5147112029999,6.1988,1.4299562873888934e-05
4176,668.6653053969994,6.1964,1.4289995041111149e-05
4177,668.8187452169996,5.0572,1.4280700279753118e-05
4178,668.9722146839995,5.1853,1.427122088314819e-05
4179,669.1257914779999,6.1259,1.4261757216666715e-05
4180,669.2786334999992,5.8395,1.4252275025987671e-05
4181,669.7497840289998,6.1153,1.4242847872407405e-05
4182,669.9036140159997,6.2212,1.42137485280247e-05
4183,670.0566933249993,5.6237,1.4204263551049413e-05
4184,670.2130608909993,5.9117,1.4194800115493862e-05
4185,670.3648386529994,5.9547,1.4185166129938283e-05
4186,670.5186798889999,6.3742,1.4175784729691371e-05
4187,670.6739508889996,5.6765,1.4166299293580248e-05
4188,670.8299438689992,6.0991,1.4156713229444458e-05
4189,670.9834665149992,5.9225,1.4147078194012375e-05
4190,671.1363017839994,5.8389,1.4137604556111134e-05
4191,671.2903013759997,5.6141,1.4128166000617304e-05
4192,671.4430450779992,5.9039,1.4118661496728397e-05
4193,671.5969796109994,6.0461,1.4109243353641993e-05
4194,671.7541218749993,6.3099,1.4099734978703737e-05
4195,671.9077468609994,5.1794,1.4090030043950642e-05
4196,672.0629675289993,5.4646,1.4080552486666704e-05
4197,672.2186664639994,6.1401,1.4070980426358071e-05
4198,672.3714293339999,5.4485,1.4061357724814834e-05
4199,672.5246275789996,6.0813,1.4051923156358038e-05
4200,672.6758055569999,4.638,1.4042461367407444e-05
4201,672.8286973429995,6.3067,1.4033131998765463e-05
4202,672.9811030619994,5.79,1.4023696977160512e-05
4203,673.1363533099993,5.877,1.401428788969138e-05
4204,673.2921850699995,6.3381,1.4004711804197573e-05
4205,673.4479055809998,5.8771,1.399509508641979e-05
4206,673.6019787189998,5.6024,1.3985467667037055e-05
4207,673.7552335029995,6.3337,1.397596824370373e-05
4208,673.9073803389992,6.2289,1.3966500583518566e-05
4209,674.0609074199992,5.0824,1.3957121390493866e-05
4210,674.2153944129996,5.6825,1.3947635009814836e-05
4211,674.3655522949994,5.696,1.3938106598580241e-05
4212,674.5164950859998,5.8343,1.3928816341419775e-05
4213,674.669433987,6.0083,1.3919517574382768e-05
4214,674.8195976769994,5.713,1.3910076552037039e-05
4215,674.9705981029992,5.7894,1.3900793028395092e-05
4216,675.1254178749996,5.927,1.3891470967777826e-05
4217,675.2840633440001,6.2341,1.3881936050000004e-05
4218,675.4358826749994,5.5155,1.3872151883456802e-05
4219,675.5936244749992,6.2209,1.386275286074079e-05
4220,675.7427730699992,6.234,1.3853027282222269e-05
4221,675.8967352229993,6.3173,1.384382018320992e-05
4222,676.0464244219993,5.6666,1.3834320350185215e-05
4223,676.1991817339995,6.0166,1.3825067782963013e-05
4224,676.3520722169997,5.9193,1.3815642467098816e-05
4225,676.5065266940001,5.6727,1.380621739925927e-05
4226,676.657423738,5.7673,1.3796673661172854e-05
4227,676.8093862419992,5.8348,1.3787351012283972e-05
4228,676.958530545,5.256,1.3777980555987652e-05
4229,677.1126198099992,6.0842,1.3768770308395096e-05
4230,677.2651912389993,5.8267,1.3759257605802473e-05
4231,677.4164987579998,5.5108,1.374983357327162e-05
4232,677.565396766,5.8602,1.3740506545925963e-05
4233,677.716886315,5.5465,1.3731305366111118e-05
4234,677.8698402709997,5.6431,1.3721945970740779e-05
4235,678.0223736729995,6.0658,1.3712519634012343e-05
4236,678.1763109419999,5.5757,1.370310370179017e-05
4237,678.3273163419999,6.3762,1.3693597875000009e-05
4238,678.4850059569999,5.4978,1.3684275814814862e-05
4239,678.6376020419993,6.4714,1.3674557437901248e-05
4240,678.7893780929999,6.0181,1.3665125902469155e-05
4241,678.9403861119999,5.675,1.365574747808644e-05
4242,679.0952463819995,6.5462,1.3646425320000029e-05
4243,679.2475253579996,6.5813,1.3636878700802492e-05
4244,679.4022756509994,5.6698,1.3627468480123506e-05
4245,679.5529957979998,5.6047,1.3617928034506222e-05
4246,679.7052192579995,6.2443,1.360861355753087e-05
4247,679.8588126479999,6.4224,1.3599230566851867e-05
4248,680.0114358479996,6.0337,1.3589739687901253e-05
4249,680.1621422939998,5.6156,1.35803196075309e-05
4250,680.3139520549994,6.228,1.357102156222223e-05
4251,680.4640470709992,4.2127,1.3561651830432142e-05
4252,680.6205400679992,5.7699,1.3552368439876561e-05
4253,680.774184543,6.023,1.3542728447530884e-05
4254,680.9288410269992,5.8759,1.3533242112530891e-05
4255,681.0780583749993,5.989,1.3523702473024702e-05
4256,681.2333825489995,6.1482,1.351446959413582e-05
4257,681.3863563179993,5.3525,1.3504900791913595e-05
4258,681.5381393719999,5.0766,1.3495456274135848e-05
4259,681.6923717769996,5.9766,1.3486070701851867e-05
4260,681.845742296,6.6657,1.3476558472469175e-05
4261,681.9972450699997,5.7338,1.3467084475432112e-05
4262,682.1491996839995,5.5683,1.3457726268209875e-05
4263,682.3027494549997,5.2884,1.344835713629633e-05
4264,682.4574709669996,6.1405,1.3438882499876575e-05
4265,682.609557455,5.7569,1.3429343601790124e-05
4266,682.7651137029998,6.0207,1.3419898976296314e-05
4267,682.9211281279995,5.9663,1.3410342510987678e-05
4268,683.0761345309993,5.7541,1.340071536604941e-05
4269,683.2292884299995,6.3455,1.3391141291172848e-05
4270,683.3806033809997,5.1539,1.338168205049386e-05
4271,683.5307868079999,5.5777,1.337234286203708e-05
4272,683.6853277119999,6.1891,1.336306582216052e-05
4273,683.8396347279995,6.1408,1.3353547158148172e-05
4274,683.9894420609999,5.0232,1.3344009229259302e-05
4275,684.1437520159998,6.2588,1.3334757895617328e-05
4276,684.2952501969994,6.0643,1.332524007925926e-05
4277,684.4464157419998,6.2172,1.3315890697098788e-05
4278,684.5987461429995,5.8263,1.3306540424135805e-05
4279,684.7532045179996,5.8558,1.3297161920555584e-05
4280,684.9084402219996,6.5229,1.3287620963827203e-05
4281,685.0641728229994,5.8603,1.327805024333334e-05
4282,685.216609567,5.4034,1.3268428706049429e-05
4283,685.3674218669994,4.0471,1.3259009254321025e-05
4284,685.5199759009993,6.209,1.3249719682901257e-05
4285,685.6738086549994,5.8823,1.3240290183580273e-05
4286,685.8288076239996,6.2815,1.3230787780555575e-05
4287,685.9841631089994,6.1169,1.322122588783955e-05
4288,686.1343720389996,5.2947,1.3211641533641995e-05
4289,686.2866911679994,5.7681,1.3202360261481529e-05
4290,686.4353933369994,4.8406,1.3192956662345707e-05
4291,686.5857507049996,5.7598,1.3183778779938294e-05
4292,686.7371453139995,5.4999,1.3174508493024696e-05
4293,686.8851473069999,5.7674,1.3165140653395108e-05
4294,687.035502615,4.7406,1.3156009846172852e-05
4295,687.182401258,4.9621,1.3146736170061774e-05
4296,687.3366431249997,5.6953,1.3137665365185215e-05
4297,687.4873104279995,5.6415,1.3128152232407443e-05
4298,687.6384726429997,5.9071,1.311884344802472e-05
4299,687.7905307999999,6.2171,1.3109517060679033e-05
4300,687.9419281439996,6.159,1.3100128311111132e-05
4301,688.0941927599997,6.004,1.3090781524074092e-05
4302,688.248842256,5.9871,1.3081380950925953e-05
4303,688.4037238149995,5.4809,1.3071849473024733e-05
4304,688.5546844009996,6.0942,1.30622873564198e-05
4305,688.7087503489993,6.0836,1.3052953304444443e-05
4306,688.8623068199995,5.9959,1.3043403106172869e-05
4307,689.0171200939994,6.2394,1.3033969469259283e-05
4308,689.1731549369997,5.9798,1.3024412745308656e-05
4309,689.3253310599994,5.8434,1.3014792373333362e-05
4310,689.4793767309993,5.809,1.3005396240679025e-05
4311,689.6317520449993,5.471,1.2995881472962979e-05
4312,689.7823273859995,6.2939,1.298647275018522e-05
4313,689.9364525389992,5.4954,1.2977190078209889e-05
4314,690.0875201249992,5.5364,1.2967659323333375e-05
4315,690.2409072529999,5.1891,1.2958340931172869e-05
4316,690.3953134489993,6.2796,1.2948865310123482e-05
4317,690.5488266939992,6.4053,1.2939353915617286e-05
4318,690.7000383469995,5.7246,1.292987266475309e-05
4319,690.8510460979996,5.7417,1.2920522344074081e-05
4320,691.0032004909999,6.0461,1.291121321006173e-05
4321,691.1599121969994,5.9855,1.2901798742283949e-05
4322,691.3161076549995,5.989,1.2892152800740754e-05
4323,691.4707162679997,6.0366,1.2882508799012377e-05
4324,691.6237345209993,5.3835,1.2872962532469163e-05
4325,691.7761071139994,5.6167,1.2863513886296335e-05
4326,691.9270002199992,5.2406,1.2854098615246946e-05
4327,692.0785038059994,5.2119,1.2844781038518561e-05
4328,692.2295854499998,6.0933,1.2835435711111154e-05
4329,692.3809872189995,5.1891,1.2826105406049388e-05
4330,692.5332962809998,5.8625,1.2816756259876566e-05
4331,692.6853736979992,6.0399,1.2807379922777796e-05
4332,692.8358654349995,5.5606,1.2797989597530868e-05
4333,692.9874991939996,5.9098,1.2788687509444481e-05
4334,693.1400574499994,5.4533,1.2779323555308637e-05
4335,693.2884826749996,4.7981,1.2769919837716076e-05
4336,693.4416381699994,5.4282,1.2760739851543218e-05
4337,693.5962132069999,5.9899,1.2751295835246928e-05
4338,693.7455687989996,4.6423,1.2741752501296339e-05
4339,693.8984278739999,5.789,1.2732461092345721e-05
4340,694.0514581449997,5.6351,1.2723093991358043e-05
4341,694.2047793649999,5.7965,1.2713655309629657e-05
4342,694.3558026909996,4.4385,1.2704189405987655e-05
4343,694.510715552,6.0032,1.2694864054691397e-05
4344,694.6675497249998,5.5713,1.2685312543271611e-05
4345,694.8183922239996,5.4901,1.267562990938272e-05
4346,694.968794679,5.8847,1.2666322693333338e-05
4347,695.117475092,4.6208,1.2657011755432108e-05
4348,695.2683771889997,5.6761,1.2647846213827157e-05
4349,695.4252206269994,5.5105,1.2638533913395073e-05
4350,695.5765717719996,6.324,1.2628869105308661e-05
4351,695.7291971149998,6.2491,1.2619519613333386e-05
4352,695.8848508339997,6.0174,1.261009415234572e-05
4353,696.041347417,5.6539,1.2600476533209898e-05
4354,696.1949191549993,5.8934,1.2590826732592592e-05
4355,696.3481171309995,6.2178,1.2581359496358054e-05
4356,696.5012409779993,5.6648,1.257187984672844e-05
4357,696.6527447039998,5.6992,1.2562437595432096e-05
4358,696.8031821939994,5.9323,1.2553072066851896e-05
4359,696.9537688689998,5.9586,1.2543802229938312e-05
4360,697.1078190509998,6.812,1.2534489959135825e-05
4361,697.2623573239998,4.9784,1.2524992818765458e-05
4362,697.4129110689992,6.2503,1.2515381120802482e-05
4363,697.5668477469999,6.2843,1.250616639932099e-05
4364,697.7182910879992,6.3415,1.2496660672901261e-05
4365,697.87367602,6.2719,1.24873094460494e-05
4366,698.0312683359998,6.0403,1.2477723196851865e-05
4367,698.1827687989999,5.8555,1.2467989584629658e-05
4368,698.3352745269995,6.1475,1.2458636177901234e-05
4369,698.4869138799995,5.7049,1.2449219383580262e-05
4370,698.6401843949998,5.8103,1.2439874019444486e-05
4371,698.7927007609997,5.6205,1.2430394034629638e-05
4372,698.9476960769998,5.659,1.2420979762839552e-05
4373,699.1017859899994,6.1208,1.241142765987655e-05
4374,699.2553605069998,6.2637,1.2401899151172875e-05
4375,699.4114674069997,6.2542,1.2392438818580254e-05
4376,699.563391527,5.718,1.2382793576358031e-05
4377,699.7158085219999,6.2232,1.2373410188580281e-05
4378,699.8700633859999,5.1698,1.2364000562160533e-05
4379,700.0234760379999,5.678,1.235447772432104e-05
4380,700.1735986929998,4.4378,1.2344947340493829e-05
4381,700.3237387239997,5.655,1.2335738031543253e-05
4382,700.480740641,6.2567,1.2326471602962974e-05
4383,700.6331718519996,6.6589,1.2316791544876594e-05
4384,700.7873138349996,6.0097,1.2307367514567941e-05
4385,700.944487195,5.9484,1.2297866962469162e-05
4386,701.0996691259998,4.992,1.2288148452283976e-05
4387,701.2533851799999,6.2661,1.2278583533086446e-05
4388,701.4034298500001,5.6963,1.2269086539382713e-05
4389,701.555382349,6.5038,1.2259823710555569e-05
4390,701.7068435749998,5.3152,1.225045652043213e-05
4391,701.8570416639996,5.2357,1.2241093388518515e-05
4392,702.0115319839997,6.3804,1.2231816445740791e-05
4393,702.1639818959993,5.0971,1.2222293614382735e-05
4394,702.3190500739993,5.7453,1.2212885947098784e-05
4395,702.4729696979994,5.3103,1.2203305350123496e-05
4396,702.6270098109999,6.0225,1.2193764269938279e-05
4397,702.7797866479996,5.5353,1.2184302219938286e-05
4398,702.9319679179998,6.3572,1.2174860976111114e-05
4399,703.0838652249995,6.1456,1.2165477291604937e-05
4400,703.2366641279996,6.2338,1.215608540746916e-05
4401,703.3915137249996,5.8008,1.2146662949691385e-05
4402,703.5414087290001,5.4377,1.2137108959382765e-05
4403,703.6931501109993,5.3475,1.212785025055556e-05
4404,703.8477872989997,5.6587,1.211848019876543e-05
4405,704.0001580999997,5.1968,1.2108941987283984e-05
4406,704.1553046879999,6.0595,1.2099541654135837e-05
4407,704.3067732059999,5.2201,1.2089958925493876e-05
4408,704.4607103459994,5.9159,1.2080602871851847e-05
4409,704.6145512879993,6.104,1.2071099535308655e-05
4410,704.7648849609996,5.9431,1.206161879141976e-05
4411,704.9147901819997,5.547,1.205232775425929e-05
4412,705.0675560609998,6.568,1.2043063945617334e-05
4413,705.2188763509994,5.3669,1.2033639256975322e-05
4414,705.367026897,5.5793,1.202431230049384e-05
4415,705.5208332729999,5.8075,1.2015146292716101e-05
4416,705.6719163749995,5.9047,1.2005667886049388e-05
4417,705.8258856299999,5.9792,1.1996327494259313e-05
4418,705.9763602519997,6.0077,1.1986838677469137e-05
4419,706.1303685869998,5.9906,1.197754784216052e-05
4420,706.2864389599999,6.1895,1.1968044576481501e-05
4421,706.4418562659994,5.7525,1.1958414428395093e-05
4422,706.591044797,5.9028,1.1948818377345727e-05
4423,706.745807411,5.6139,1.1939604582592628e-05
4424,706.8963659419996,5.7232,1.1930050346728411e-05
4425,707.046787192,5.2763,1.192075238240744e-05
4426,707.198294369,5.6786,1.1911463369506182e-05
4427,707.3507639269992,5.4161,1.1902119411049429e-05
4428,707.5055407479995,6.234,1.1892701633148168e-05
4429,707.6571956339994,5.8757,1.1883160742222238e-05
4430,707.8088074130001,6.546,1.1873792574444487e-05
4431,707.9618313799992,5.8275,1.1864430995432101e-05
4432,708.1153917940001,5.7312,1.1854981238888913e-05
4433,708.2720735859994,5.9671,1.1845508453209924e-05
4434,708.4292665399998,6.0306,1.1835842679938313e-05
4435,708.5830772079998,5.5774,1.1826145790493832e-05
4436,708.7348211859999,6.2624,1.1816635909321021e-05
4437,708.8841161539995,5.7147,1.180726747259261e-05
4438,709.0371154689992,6.0381,1.1798045136851899e-05
4439,709.1884369739992,5.9626,1.1788613044074099e-05
4440,709.3430663209992,5.95,1.1779273528333345e-05
4441,709.4991102569993,5.6473,1.1769730651604944e-05
4442,709.652193295,6.0699,1.176009660043213e-05
4443,709.802305319,5.6651,1.1750639970864203e-05
4444,709.9561156209993,6.1901,1.17413784899383e-05
4445,710.1094462949995,6.3115,1.1731883480802474e-05
4446,710.2637573679995,6.0696,1.172242137820988e-05
4447,710.4159088279994,6.4082,1.1712893331049385e-05
4448,710.5668339289996,5.7087,1.1703506171172845e-05
4449,710.719539613,6.0903,1.1694178453024696e-05
4450,710.8713886799997,5.9422,1.1684754808580289e-05
4451,711.0237718519993,6.1287,1.1675386186790138e-05
4452,711.177538035,5.789,1.1665980982962977e-05
4453,711.335194622,6.414,1.1656493548518516e-05
4454,711.4873918359999,6.3835,1.1646767153456833e-05
4455,711.6427815449997,6.102,1.1637359076728416e-05
4456,711.7959477169998,5.5817,1.1627779132530874e-05
4457,711.9490026809999,4.7924,1.1618310887345696e-05
4458,712.1011676339995,5.1269,1.1608866231728411e-05
4459,712.2501425129994,5.5621,1.1599468328580276e-05
4460,712.405158222,6.5519,1.1590269764506217e-05
4461,712.5535965919998,5.4666,1.1580704559938277e-05
4462,712.7091760429994,6.0374,1.1571536917037052e-05
4463,712.8642233839992,6.2435,1.1561937455246919e-05
4464,713.0149746709994,5.6231,1.1552377353209915e-05
4465,713.1649655049996,5.8587,1.1543063156358037e-05
4466,713.3160116479994,5.0086,1.1533792019197532e-05
4467,713.4733032169997,5.9881,1.1524470332716069e-05
4468,713.627911433,5.6111,1.1514763589012367e-05
4469,713.7786945599992,5.5633,1.1505231743703748e-05
4470,713.9347044289998,6.1021,1.1495921646419782e-05
4471,714.085484958,5.8761,1.1486288491728431e-05
4472,714.2405550899994,5.4188,1.1476979764938283e-05
4473,714.3959333799994,5.7783,1.1467409360061765e-05
4474,714.5507627389998,6.1426,1.1457834622716056e-05
4475,714.700830834,5.386,1.1448278946358031e-05
4476,714.8532028189993,6.0194,1.143899201351854e-05
4477,715.0074803909993,5.4907,1.1429600479259312e-05
4478,715.1573513449994,5.3015,1.142007820351853e-05
4479,715.3077513549997,5.6032,1.1410818810000023e-05
4480,715.4619155269993,5.8063,1.1401527065679012e-05
4481,715.6161531529997,6.1185,1.1392029747345683e-05
4482,715.7687553299993,5.6422,1.1382498983456807e-05
4483,715.921683863,5.534,1.137302094030867e-05
4484,716.0736334499998,5.7126,1.1363632545370384e-05
4485,716.2317614289996,6.3773,1.1354261075370415e-05
4486,716.3874910179993,5.0963,1.1344525017777785e-05
4487,716.5362693529996,6.1328,1.1334880535555554e-05
4488,716.6880145339992,5.7558,1.1325700084938284e-05
4489,716.8369537589997,5.9936,1.1316327804135801e-05
4490,716.9854765849996,5.8927,1.1307145421728426e-05
4491,717.132933678,5.6327,1.1297967885123477e-05
4492,717.2848724979995,6.0195,1.1288862209876578e-05
4493,717.4373864339996,6.6732,1.1279486958641999e-05
4494,717.5880691319999,5.1235,1.1270076915555555e-05
4495,717.7421274919998,5.8599,1.1260785877098773e-05
4496,717.8956614669996,5.611,1.1251194610370385e-05
4497,718.048024011,5.1959,1.124179602314817e-05
4498,718.2031228559999,5.6054,1.1232376562962981e-05
4499,718.3579624619997,5.5267,1.1222816618827176e-05
4500,718.5088558829993,5.3602,1.1213263059506196e-05
4501,718.65847312,5.345,1.1203927455555607e-05
4502,718.8138928369999,5.8132,1.1194694767839536e-05
4503,718.9669126889994,5.6962,1.1185106987037036e-05
4504,719.1214332879999,6.0588,1.1175657410925977e-05
4505,719.2743491889996,5.7977,1.1166128961913608e-05
4506,719.4244652509997,5.9017,1.1156682091790133e-05
4507,719.5763030239996,5.4222,1.1147419312037078e-05
4508,719.7287740359998,5.0759,1.1138048524938276e-05
4509,719.8857926259998,5.9452,1.112863461691362e-05
4510,720.0344147999995,4.8675,1.111893978703707e-05
4511,720.1902538719996,6.0174,1.1109773582222238e-05
4512,720.3427396219995,5.8513,1.1100156651913618e-05
4513,720.4966841389996,6.2511,1.109073352753091e-05
4514,720.6501017569999,5.4012,1.1081243695061744e-05
4515,720.803343648,5.6587,1.1071764364567932e-05
4516,720.95341242,5.4975,1.106230815123458e-05
4517,721.1043947359994,5.5749,1.1053028607037075e-05
4518,721.2587193249992,5.4581,1.1043719791481477e-05
4519,721.4127692669999,6.1107,1.1034186533888941e-05
4520,721.5597995789994,5.9014,1.1024684584197554e-05
4521,721.7085212749998,5.8584,1.101559119098769e-05
4522,721.8644835079995,6.0302,1.1006413684876583e-05
4523,722.0176411519997,5.7003,1.0996803243395076e-05
4524,722.1679567239999,5.6839,1.098735173135807e-05
4525,722.3195523709992,5.1015,1.0978064368765433e-05
4526,722.4710763149997,6.2202,1.09687052434568e-05
4527,722.6222366049997,5.9409,1.0959348670555559e-05
4528,722.7729640969992,5.1146,1.0950025727345715e-05
4529,722.9226284059996,5.9156,1.0940716071481521e-05
4530,723.0761255589996,5.7991,1.0931476490987669e-05
4531,723.2292621099996,5.6304,1.0922008881790124e-05
4532,723.3799549609994,5.5007,1.0912552556543221e-05
4533,723.530476209,5.612,1.0903241258827197e-05
4534,723.685590868,6.4025,1.0893950287407411e-05
4535,723.8353602899997,6.3829,1.0884388449444488e-05
4536,723.9901038539992,5.6798,1.0875137720185208e-05
4537,724.1405163279996,6.0561,1.0865598510308644e-05
4538,724.2929520600001,6.1016,1.0856294793580269e-05
4539,724.442186325,5.9638,1.0846892037654339e-05
4540,724.5909930029993,5.0113,1.0837667229876547e-05
4541,724.7429397979995,5.1565,1.0828488243271607e-05
4542,724.8920990849992,3.6133,1.0819125773518529e-05
4543,725.0445797979992,5.8529,1.080990551339508e-05
4544,725.1957892279997,5.3717,1.0800499526975344e-05
4545,725.3510069689992,6.4916,1.0791158414876584e-05
4546,725.5003358449994,6.0007,1.0781599943271642e-05
4547,725.6515721399992,5.6157,1.0772351752530874e-05
4548,725.8070875649992,6.0093,1.0763031876234564e-05
4549,725.9569804059993,5.7862,1.075343141345681e-05
4550,726.109036502,6.6138,1.0744168824876566e-05
4551,726.2562167359993,5.274,1.0734788338456808e-05
4552,726.4073229189999,5.1868,1.0725697113765437e-05
4553,726.5603789819997,5.4003,1.0716381716419794e-05
4554,726.7133401719993,5.4989,1.0706938767469148e-05
4555,726.865449248,5.8435,1.069748504654326e-05
4556,727.0190437929996,5.6544,1.0688101861172883e-05
4557,727.169109376,5.3327,1.0678619182716054e-05
4558,727.3217786729992,5.8983,1.0669353916666668e-05
4559,727.4743494049999,5.245,1.0659923577530906e-05
4560,727.6261949589998,6.1556,1.0650514675617329e-05
4561,727.7782554379992,5.5969,1.0641134932962971e-05
4562,727.9341738249996,6.0533,1.0631761387839512e-05
4563,728.0823742099992,5.2059,1.062212384561732e-05
4564,728.235302092,6.0426,1.0612970866790151e-05
4565,728.3878111829999,6.3576,1.0603543032407459e-05
4566,728.5411381669992,5.3347,1.0594131254259276e-05
4567,728.6962860019994,6.2149,1.0584656420123456e-05
4568,728.8491223319998,5.6098,1.0575083605123477e-05
4569,729.0015680549996,5.8102,1.0565661076049404e-05
4570,729.1548439819999,6.0838,1.0556228174691401e-05
4571,729.3070365179992,5.534,1.0546778825925945e-05
4572,729.4618229979997,5.8441,1.0537382873580282e-05
4573,729.6146537249997,4.7974,1.0527841912222236e-05
4574,729.7668552629993,6.4167,1.0518392245679049e-05
4575,729.915528769,5.2382,1.0509000214753129e-05
4576,730.0696095499998,5.7615,1.0499815118086425e-05
4577,730.2214616089996,6.2378,1.0490322090864247e-05
4578,730.3704724279996,6.0827,1.04809266973457e-05
4579,730.524573441,6.2014,1.04717314682099e-05
4580,730.672214923,5.6754,1.0462240442222231e-05
4581,730.8264911779997,5.9329,1.0453112667469157e-05
4582,730.9767521939993,6.1142,1.0443590802469155e-05
4583,731.1302862909997,5.9764,1.0434304617469148e-05
4584,731.281028636,5.3504,1.0424845855432125e-05
4585,731.4374234749994,5.8415,1.0415533566975333e-05
4586,731.5903097729997,5.662,1.0405883555308666e-05
4587,731.7401049949995,5.2734,1.039644453135803e-05
4588,731.8939385029998,6.5677,1.038718622543215e-05
4589,732.0473648249999,6.3952,1.0377700899135833e-05
4590,732.1976329029994,5.713,1.0368232191666677e-05
4591,732.3492589509997,5.5843,1.0358945847222257e-05
4592,732.5020154189997,5.3789,1.0349591748209875e-05
4593,732.656469476,5.9748,1.0340162023271604e-05
4594,732.8099356989997,5.6749,1.0330629034691374e-05
4595,732.965730504,5.8945,1.032114608722224e-05
4596,733.1196574429996,6.0444,1.0311532200246937e-05
4597,733.2709197539998,5.574,1.0302036388024711e-05
4598,733.4250483809992,5.7069,1.0292689183024723e-05
4599,733.5787373929998,5.7999,1.0283186171975307e-05
4600,733.7312921859993,5.9307,1.0273700905555573e-05
4601,733.8861773859999,5.8324,1.0264282270679055e-05
4602,734.0399238849996,6.0948,1.025471272037038e-05
4603,734.1948321929995,4.8542,1.0245227546913582e-05
4604,734.3476909239998,6.2169,1.0235679806728399e-05
4605,734.5011195059997,5.9412,1.0226226076913604e-05
4606,734.6531972339999,6.0918,1.021676013697535e-05
4607,734.805123614,5.7266,1.0207374167901234e-05
4608,734.961601297,6.076,1.0197992858580274e-05
4609,735.11452775,5.8946,1.0188353539197576e-05
4610,735.267656901,5.9655,1.0178890389938322e-05
4611,735.4241819769995,6.149,1.0169446682098787e-05
4612,735.5806993429997,6.1352,1.0159788140370403e-05
4613,735.7370958149995,6.2445,1.0150122525987687e-05
4614,735.8923077669997,5.4978,1.0140471777963007e-05
4615,736.0425913729996,5.3977,1.013088982783953e-05
4616,736.197128113,5.8023,1.0121601756975313e-05
4617,736.3493874989999,5.9988,1.0112075465123477e-05
4618,736.5054216529998,6.2615,1.0102661256604968e-05
4619,736.6591978259994,5.1919,1.0093045114382715e-05
4620,736.8153794939999,5.1097,1.0083555166481495e-05
4621,736.9701897309997,6.207,1.0073911172098804e-05
4622,737.1201106929993,4.9088,1.0064343690246963e-05
4623,737.2727363919994,6.5188,1.0055089112407406e-05
4624,737.4287607369997,5.7657,1.0045662257901279e-05
4625,737.5797358709997,5.1756,1.0036049520308666e-05
4626,737.7330795709995,6.576,1.0026709406172835e-05
4627,737.8855481139999,5.6749,1.001726400820992e-05
4628,738.0398847789993,6.6562,1.0007832837283986e-05
4629,738.1940974429999,4.7161,9.998317705370385e-06
4630,738.3502547119997,6.8194,9.98880113765434e-06
4631,738.5007137189996,5.7579,9.97916389975312e-06
4632,738.6533478839992,5.7583,9.969863704444454e-06
4633,738.8073021929995,5.3851,9.960449441049391e-06
4634,738.9581958649997,5.1837,9.950947790864212e-06
4635,739.1130745529999,5.3391,9.941618987407448e-06
4636,739.2667736629992,5.4111,9.932070561481504e-06
4637,739.4141409179992,4.1199,9.922591966419759e-06
4638,739.5654979259998,5.2071,9.913466296296314e-06
4639,739.717600516,4.9452,9.904145526296321e-06
4640,739.8715056069996,5.9344,9.894746989567904e-06
4641,740.0218965559998,4.6661,9.885272754691411e-06
4642,740.1759163659999,6.3942,9.875957345802484e-06
4643,740.3304296709994,5.5524,9.866470011419787e-06
4644,740.4831553149997,6.2588,9.856926499135816e-06
4645,740.6316185279993,5.2183,9.84751097611114e-06
4646,740.7848912209993,6.1811,9.838322219012341e-06
4647,740.9359697359996,5.8941,9.828880177098798e-06
4648,741.0882513589995,6.2173,9.819540330679022e-06
4649,741.2391174719996,5.9354,9.810154616543233e-06
4650,741.3935024229995,5.5931,9.800828222407438e-06
4651,741.5471654179992,6.2383,9.791307195555587e-06
4652,741.6981433789997,5.2915,9.781826205185213e-06
4653,741.8538829909994,6.3581,9.772491322716048e-06
4654,742.0048236569992,6.4474,9.762886536975347e-06
4655,742.1595807859994,6.1121,9.753557772901273e-06
4656,742.3162210359997,6.374,9.74401663709878e-06
4657,742.4721365509995,5.0955,9.734359088333355e-06
4658,742.6259655069998,5.9419,9.72471816753091e-06
4659,742.7853229109996,6.4911,9.715231108642026e-06
4660,742.9373534449996,6.3197,9.70540264475313e-06
4661,743.0931707509999,6.1836,9.6959958697531e-06
4662,743.2467528339994,5.9287,9.686384272222254e-06
4663,743.4012101069993,6.2833,9.676902218271655e-06
4664,743.5524634369995,5.6844,9.667372877283982e-06
4665,743.704278913,6.1277,9.658030242098793e-06
4666,743.8605526239999,6.0578,9.648649652654341e-06
4667,744.0146743159994,5.868,9.639018841172843e-06
4668,744.1686153869996,5.6051,9.62949582006174e-06
4669,744.3228386379997,5.8202,9.619993506913588e-06
4670,744.4763177719997,6.1098,9.610482498395096e-06
4671,744.629498192,6.0512,9.601005771049437e-06
4672,744.7848221469994,5.7668,9.591550681419803e-06
4673,744.937475185,6.0935,9.581965930308651e-06
4674,745.0899184459995,5.4445,9.572530089444459e-06
4675,745.2452844309992,6.2392,9.563131378024731e-06
4676,745.3975194319992,5.218,9.55354511919756e-06
4677,745.5524443449995,6.0016,9.544132653086419e-06
4678,745.7087062869996,6.2888,9.534577714938297e-06
4679,745.8643324329996,6.0366,9.524936801234575e-06
4680,746.0157642069998,6.3054,9.515321511111115e-06
4681,746.1716108769997,6.1571,9.50597733111116e-06
4682,746.3242473179998,6.6575,9.496357122654364e-06
4683,746.4748584319996,6.2483,9.486939044567922e-06
4684,746.6269619749992,5.1648,9.477634309382721e-06
4685,746.7828739500001,6.0476,9.468256309444456e-06
4686,746.9378627229999,5.1824,9.458645126666716e-06
4687,747.087269607,5.7701,9.449057538148187e-06
4688,747.2390917109997,5.0819,9.439829772654323e-06
4689,747.3912176799995,5.1522,9.430461187716061e-06
4690,747.5454985509996,6.1558,9.421079524197552e-06
4691,747.6991274429993,6.2186,9.411548794012358e-06
4692,747.8552773399997,6.4327,9.402068631358062e-06
4693,748.0089566899996,5.1294,9.392448928024689e-06
4694,748.1633796659999,5.3802,9.382933108086429e-06
4695,748.3146529769992,6.0857,9.373406965802517e-06
4696,748.4651661349999,5.8507,9.364069020802513e-06
4697,748.6154350249999,6.1758,9.354776038765433e-06
4698,748.7674158279997,5.8093,9.345497674814824e-06
4699,748.9216214749995,5.9801,9.336120713518554e-06
4700,749.0724257969996,5.4056,9.326602549135827e-06
4701,749.2286546509995,5.4602,9.317288561234571e-06
4702,749.3837259079992,6.0021,9.307659032530897e-06
4703,749.5349845549999,5.7514,9.298077498641995e-06
4704,749.6827998459994,6.0297,9.288746411296328e-06
4705,749.8354036869996,6.1241,9.279613111049384e-06
4706,749.9862234809998,5.8787,9.270203165185226e-06
4707,750.1369718619999,5.9073,9.260878435925968e-06
4708,750.2912493699996,5.9859,9.251585355740767e-06
4709,750.442165333,5.4142,9.242059355493875e-06
4710,750.5952562049997,5.9046,9.23274346290125e-06
4711,750.7482178619994,6.1695,9.223288863642027e-06
4712,750.8998717739996,5.8374,9.213854066296346e-06
4713,751.0522006069996,5.3382,9.204471088271616e-06
4714,751.2055044749995,5.8186,9.195087977901256e-06
4715,751.360724704,6.0868,9.185625852777785e-06
4716,751.5131595069997,5.8011,9.176045482962997e-06
4717,751.6675955579994,5.5446,9.166638446975322e-06
4718,751.8196571839999,6.9999,9.15709342277779e-06
4719,751.9714464099998,5.8891,9.14771571802473e-06
4720,752.1251163929992,5.835,9.138337392283958e-06
4721,752.2756106439992,6.3519,9.128868741234576e-06
4722,752.4315659069998,5.7619,9.119544399629636e-06
4723,752.5852211389993,5.7614,9.109944160925942e-06
4724,752.7386616909998,6.5813,9.10046957253088e-06
4725,752.8930667329996,6.1261,9.090982133086446e-06
4726,753.043999906,5.618,9.081470490925963e-06
4727,753.2005262759994,5.9564,9.072132270925977e-06
4728,753.3569877309992,6.0083,9.062493254321025e-06
4729,753.5134597289998,6.4757,9.052820863395073e-06
4730,753.6657255769996,4.8671,9.043170610679013e-06
4731,753.820204736,5.1109,9.033749357345694e-06
4732,753.9732296369993,5.7069,9.024221770246915e-06
4733,754.1246493629997,5.1341,9.014773961296296e-06
4734,754.280402415,6.1797,9.005428502592612e-06
4735,754.4326493459994,6.2381,8.995820904135854e-06
4736,754.5802889049992,6.1978,8.986414129629645e-06
4737,754.7341338899996,4.9988,8.977291639320983e-06
4738,754.8876810289994,5.9099,8.967816449938277e-06
4739,755.0357871349997,5.2348,8.958339385493853e-06
4740,755.1889504029996,5.6473,8.949183686049429e-06
4741,755.342380694,5.0497,8.939732301851894e-06
4742,755.498831981,6.4585,8.93026450858026e-06
4743,755.6537702859996,5.9413,8.920624460246935e-06
4744,755.8066765589992,5.7966,8.911033110370409e-06
4745,755.9597597719994,5.8357,8.901609147283969e-06
4746,756.1096574139992,5.7494,8.892145563642019e-06
4747,756.265328513,5.8327,8.882901507654367e-06
4748,756.4162916289997,5.1439,8.873293179382736e-06
4749,756.5685998149993,5.8948,8.863966162530907e-06
4750,756.7177126219995,5.5923,8.8545685487037e-06
4751,756.8719559349993,5.9506,8.845349446604939e-06
4752,757.0295822559992,6.0197,8.835846777901286e-06
4753,757.1816404759993,6.0395,8.826118546790152e-06
4754,757.3328601129997,5.9758,8.816739479321028e-06
4755,757.485787482,5.6002,8.807389200617283e-06
4756,757.6405377279998,5.9363,8.79795442290125e-06
4757,757.795263252,6.0123,8.7883946314815e-06
4758,757.9504112879995,5.6963,8.778858476728401e-06
4759,758.1043835529999,5.8257,8.769277019567951e-06
4760,758.2577491599995,5.3654,8.759770960370394e-06
4761,758.4097177399999,5.3083,8.75030360265437e-06
4762,758.5621455829996,6.4129,8.740922575617323e-06
4763,758.7152413539998,5.8262,8.731521280555578e-06
4764,758.8678587989998,5.9295,8.722069118580295e-06
4765,759.018304661,5.8602,8.712645651913582e-06
4766,759.1693100919993,5.5305,8.703349375493847e-06
4767,759.323051673,5.816,8.694034772530907e-06
4768,759.4777328219998,5.8984,8.684551439629657e-06
4769,759.6276985479999,5.6583,8.675007066851858e-06
4770,759.7783198139996,6.0763,8.665741303209895e-06
4771,759.9321210839998,6.2871,8.656435491728438e-06
4772,760.0814325629999,5.9873,8.646958784197579e-06
4773,760.2329858869998,5.6627,8.637731817098815e-06
4774,760.3871544629992,6.051,8.628375954753109e-06
4775,760.5383703999996,5.6521,8.618861338765477e-06
4776,760.6898707949995,5.76,8.609526755185188e-06
4777,760.841077002,5.2849,8.600170360493876e-06
4778,760.9963757079995,6.1061,8.590828800123474e-06
4779,761.1514163799993,6.1021,8.58124677802472e-06
4780,761.3039587389994,5.4987,8.571693522345681e-06
4781,761.4570244839997,5.4936,8.562268003703743e-06
4782,761.6096749379994,5.8576,8.552822060185207e-06
4783,761.7650398679998,6.3189,8.543404513641995e-06
4784,761.9186830519993,6.33,8.53381670240741e-06
4785,762.0710062799999,5.2811,8.524322935987682e-06
4786,762.2210419319999,5.6906,8.51491494395063e-06
4787,762.3761100389993,5.7424,8.505659806604976e-06
4788,762.526549483,5.9244,8.496085643333335e-06
4789,762.6791331199993,5.5837,8.486797204197533e-06
4790,762.8322344849994,6.0014,8.477378180679057e-06
4791,762.9823421369993,5.9848,8.467931622901266e-06
4792,763.1326599169997,6.0007,8.458660324814826e-06
4793,763.2858342889995,5.8063,8.449387525740776e-06
4794,763.438018369,4.8942,8.439935368642016e-06
4795,763.5912457449995,5.7333,8.430532571851867e-06
4796,763.7447899119998,5.2754,8.421091031234569e-06
4797,763.8981946529993,6.1359,8.411594994691364e-06
4798,764.0511419659997,5.8881,8.402135349197577e-06
4799,764.205985222,4.6256,8.39268287635807e-06
4800,764.36198513,6.0603,8.383128792654338e-06
4801,764.5156005969993,6.3026,8.373518220123461e-06
4802,764.667585485,6.0655,8.364012299259265e-06
4803,764.8219423759992,6.1327,8.35462999240743e-06
4804,764.9771166049995,5.6879,8.34510805919757e-06
4805,765.1302064869997,6.1023,8.335542726543249e-06
4806,765.2843668209998,5.9813,8.326089309876573e-06
4807,765.4352980219992,6.3706,8.316568729135804e-06
4808,765.5846967979996,5.8391,8.307237670925967e-06
4809,765.7325013509999,5.7493,8.298018199074093e-06
4810,765.885879896,5.3881,8.288891830864227e-06
4811,766.0358243819992,5.4782,8.279440245987702e-06
4812,766.1907025049995,6.2514,8.270178125802503e-06
4813,766.3434327219993,5.6868,8.260630304012346e-06
4814,766.4951130749996,5.5728,8.251192759259292e-06
4815,766.6455203119995,5.5576,8.241833623395073e-06
4816,766.7988410359994,5.9315,8.232535616111143e-06
4817,766.953798689,5.9188,8.223092843086416e-06
4818,767.1045094419997,5.9037,8.213528471419802e-06
4819,767.2563382899998,5.4965,8.204203893024714e-06
4820,767.4072149549993,5.2282,8.194843850679035e-06
4821,767.5586953509992,5.3454,8.185523289876578e-06
4822,767.7107432779994,6.2218,8.176174158086464e-06
4823,767.8627932099998,6.4487,8.166789648765437e-06
4824,768.0132336719998,6.2342,8.157406272654367e-06
4825,768.1668089159994,5.4689,8.14810400240742e-06
4826,768.3216958749999,6.393,8.138632319629647e-06
4827,768.478156356,6.2343,8.129064312407414e-06
4828,768.6340363829995,5.623,8.119427361604982e-06
4829,768.790966861,6.0146,8.109804873765432e-06
4830,768.9441306179997,5.6149,8.100106788395096e-06
4831,769.0956941559998,6.5505,8.090646201419782e-06
4832,769.2524847919994,6.0861,8.08128743888894e-06
4833,769.4060177129995,6.3507,8.071616127592596e-06
4834,769.5602055559993,6.311,8.062154264444465e-06
4835,769.7139405309999,5.9412,8.052615856666667e-06
4836,769.8661722789993,4.6627,8.043127546358036e-06
4837,770.0187965839996,6.0064,8.033743651913588e-06
4838,770.1733081739994,5.3289,8.024312257962996e-06
4839,770.3263251399994,6.0006,8.01478582858029e-06
4840,770.4803257389995,5.247,8.005324195185238e-06
4841,770.632025723,5.8683,7.995832435370366e-06
4842,770.7901033759999,6.0676,7.986462696481501e-06
4843,770.9447335949999,5.9625,7.976706029012348e-06
4844,771.0974364569993,5.793,7.967156523333342e-06
4845,771.251350949,6.011,7.957727634506184e-06
4846,771.4029946329993,5.7893,7.948225234444472e-06
4847,771.552543971,5.7016,7.938880342160499e-06
4848,771.701181036,4.8962,7.929626583395083e-06
4849,771.853971736,6.286,7.920452790555582e-06
4850,772.0062151129996,6.3466,7.911034727407423e-06
4851,772.1618801079994,5.9529,7.90163744049388e-06
4852,772.314004453,5.3587,7.89203003839506e-06
4853,772.4695395339995,5.6157,7.882638425432142e-06
4854,772.6263277799999,6.226,7.873045716419764e-06
4855,772.7805270889994,5.3741,7.863362746975328e-06
4856,772.9320685769999,5.7311,7.853846129074094e-06
4857,773.0799228839996,5.4113,7.844479273086436e-06
4858,773.2311147809996,5.1039,7.835346135802473e-06
4859,773.3856741789996,5.6245,7.826016859567903e-06
4860,773.5368393689996,4.7257,7.816487037777825e-06
4861,773.6904089849995,6.203,7.807142348148188e-06
4862,773.8438157629998,5.219,7.797673212407407e-06
4863,773.9972625599994,6.5011,7.788207954814863e-06
4864,774.1498550169999,6.0838,7.778733964197544e-06
4865,774.3023148359998,5.6052,7.769310154012377e-06
4866,774.4572675419995,5.5597,7.759889600432096e-06
4867,774.6112448939994,5.7247,7.750345227160537e-06
4868,774.7674959589995,6.3115,7.740835225370374e-06
4869,774.9202646659996,5.7516,7.731191626358052e-06
4870,775.0701064139994,5.6185,7.721760184814835e-06
4871,775.2213790939995,5.7544,7.71250476635807e-06
4872,775.3739939789994,6.4195,7.703171012160537e-06
4873,775.5273563579995,6.6171,7.69374566950622e-06
4874,775.682754126,6.0693,7.68428653629632e-06
4875,775.8379655619992,5.3875,7.674698253148182e-06
4876,775.9917399399992,6.1448,7.665105449135818e-06
4877,776.1438788859996,5.5349,7.655615490185191e-06
4878,776.2950640059998,5.8241,7.646222765308691e-06
4879,776.4463494599995,6.1755,7.636897726604974e-06
4880,776.5961764219992,5.3515,7.627554032407413e-06
4881,776.7484682099994,6.7059,7.61830527679015e-06
4882,776.8995345759995,6.0303,7.6088971059877e-06
4883,777.048314226,5.5021,7.59958975617287e-06
4884,777.2022414329995,5.2737,7.59037616672843e-06
4885,777.3578293969995,5.3425,7.580906758703743e-06
4886,777.5119334969995,5.5225,7.5712887712345806e-06
4887,777.6634508909992,5.575,7.561779474629666e-06
4888,777.8170408329997,5.3158,7.552419415679024e-06
4889,777.9720286819993,6.12,7.542946595061734e-06
4890,778.123027353,6.3092,7.5333743690123525e-06
4891,778.2799642569998,6.3851,7.524043015246934e-06
4892,778.4334867359994,6.3641,7.514372475370412e-06
4893,778.5864174089993,6.1033,7.50489650037039e-06
4894,778.7391590459993,6.261,7.495451145802501e-06
4895,778.8909219099996,5.0221,7.4860200767284115e-06
4896,779.0426076309996,5.6592,7.4766395833333335e-06
4897,779.1893295689997,5.1093,7.467291932839543e-06
4898,779.3396232919995,5.6407,7.458222827962974e-06
4899,779.4910338769996,6.5526,7.448956362469167e-06
4900,779.6412472439997,6.0654,7.439612507716087e-06
4901,779.7934256849994,5.4455,7.43033455253091e-06
4902,779.9490314449995,5.6836,7.4209460263580386e-06
4903,780.1008171089998,5.5247,7.411352221790118e-06
4904,780.2504390699996,4.8618,7.401963608950657e-06
4905,780.3997835649998,6.0727,7.3927378860494e-06
4906,780.5521638390001,5.5204,7.383511689074091e-06
4907,780.704833322,6.1588,7.374108536543228e-06
4908,780.8575770409998,6.3581,7.364681751543212e-06
4909,781.0122421589995,6.2868,7.355261785679029e-06
4910,781.1636075299994,6.494,7.345713904074097e-06
4911,781.3146768329998,6.023,7.336361300740746e-06
4912,781.4670111199994,6.222,7.327036997407455e-06
4913,781.6174931789992,5.5714,7.317644899691383e-06
4914,781.770658638,5.5797,7.30833859228397e-06
4915,781.9218532179993,5.2961,7.298888830802509e-06
4916,782.0712056619996,5.4516,7.289540037345715e-06
4917,782.2225131409996,6.1254,7.2803389056790125e-06
4918,782.3786276689998,6.0234,7.270993045617336e-06
4919,782.5348258159993,6.0604,7.261369695000009e-06
4920,782.6896261399997,6.3786,7.251729909074095e-06
4921,782.8470237919992,6.2958,7.242168228827207e-06
4922,783.0020725199993,5.8634,7.232467670185228e-06
4923,783.1570536679992,5.7514,7.222881914629642e-06
4924,783.3077955569997,6.1643,7.213305261604974e-06
4925,783.4572698459997,5.675,7.203998068024714e-06
4926,783.6065459429992,5.2109,7.194768993765455e-06
4927,783.7550675799994,5.5777,7.1855646314198e-06
4928,783.9052482399993,6.3091,7.1763931020370655e-06
4929,784.0532607789992,4.5981,7.167111955493877e-06
4930,784.2048330239995,6.1842,7.157982235123456e-06
4931,784.356490954,4.7508,7.148616542777792e-06
4932,784.5101896329998,6.1852,7.139268822469164e-06
4933,784.6589303739993,4.9117,7.12978781462964e-06
4934,784.8111003659997,5.8266,7.120604250987673e-06
4935,784.9672856979996,6.1699,7.1112027563580315e-06
4936,785.117101846,5.4038,7.1015793214197656e-06
4937,785.2725955859996,6.158,7.092318028086464e-06
4938,785.425186126,6.2468,7.082739804320992e-06
4939,785.5757885179992,6.0528,7.073315888518561e-06
4940,785.7283659129998,6.6581,7.064011540864224e-06
4941,785.8806280659992,5.3189,7.054598735740786e-06
4942,786.0293197969995,5.2863,7.04518610092596e-06
4943,786.17992589,5.7363,7.035989542901233e-06
4944,786.3303970959996,6.2748,7.026703083395064e-06
4945,786.4834112399994,5.9324,7.017415783765458e-06
4946,786.6406029529999,5.6057,7.00797561981486e-06
4947,786.7960866889998,6.3757,6.998285298333357e-06
4948,786.9501483269996,6.6261,6.988676664382743e-06
4949,787.1016030129995,5.2724,6.979167551604954e-06
4950,787.2543260069997,6.2303,6.969815266543206e-06
4951,787.4037057039995,5.2925,6.960404498024703e-06
4952,787.55342827,5.8665,6.951170302777821e-06
4953,787.7077323719996,5.788,6.94192590234572e-06
4954,787.8589250089999,6.0188,6.932407463765445e-06
4955,788.0089153700001,5.7478,6.923078386975318e-06
4956,788.1625975329998,6.4399,6.91381202148152e-06
4957,788.3139226449994,6.1734,6.904337965864238e-06
4958,788.4642459429997,6.0462,6.894985295493828e-06
4959,788.617998191,5.6135,6.885710491481484e-06
4960,788.7716607570001,5.4627,6.8762109991358125e-06
4961,788.9248204939995,5.7924,6.866736465493839e-06
4962,789.078230479,5.9103,6.8572761645062215e-06
4963,789.2334570129997,6.1256,6.847802171296336e-06
4964,789.391019828,5.9918,6.838232282469187e-06
4965,789.5453586629992,5.7976,6.828521936049415e-06
4966,789.6952375319997,5.9408,6.8189780578395144e-06
4967,789.8471837029992,5.9383,6.809712603395091e-06
4968,789.9994145379997,6.2527,6.800338175987664e-06
4969,790.1562509229998,6.0078,6.790951637530901e-06
4970,790.3083328009998,6.1549,6.78127306629634e-06
4971,790.4582984319995,5.5345,6.771876266913618e-06
4972,790.6108165619999,5.4854,6.762617448888942e-06
4973,790.7636300199993,5.7459,6.753204087592596e-06
4974,790.9145146749997,5.6961,6.743777742963009e-06
4975,791.0672946709992,5.6902,6.734447996975324e-06
4976,791.2206690779994,5.9,6.725022381481522e-06
4977,791.3713910379993,5.1777,6.715563440061767e-06
4978,791.5252381390001,6.2969,6.706252073271641e-06
4979,791.6784236439998,6.1155,6.69675096216053e-06
4980,791.8306269779996,5.6111,6.687304984135817e-06
4981,791.9823784289993,6.1547,6.677907235370423e-06
4982,792.1396516949999,6.1342,6.6685415704320965e-06
4983,792.2925310089995,5.4664,6.658836809259261e-06
4984,792.4466377299996,6.1907,6.64938642728396e-06
4985,792.5999607469994,5.9835,6.6398696727160485e-06
4986,792.7548566339992,5.7302,6.630414876419794e-06
4987,792.9081355959997,5.6271,6.62085795098768e-06
4988,793.0588546579993,5.2694,6.611391684814855e-06
4989,793.2146050029996,5.6657,6.6020842808025066e-06
4990,793.3688174769995,5.6226,6.5924834433333695e-06
4991,793.5248821359992,5.4725,6.582955428456794e-06
4992,793.676808743,6.1324,6.573338104444477e-06
4993,793.8307092739997,5.6436,6.563951176728417e-06
4994,793.983792047,6.0385,6.554445717407409e-06
4995,794.1384282009994,5.8052,6.545002652654342e-06
4996,794.2892494419993,5.5912,6.535451509012375e-06
4997,794.4391099539998,5.7769,6.526141191296309e-06
4998,794.5936559709999,6.0822,6.516891720679058e-06
4999,794.7471669059996,6.2071,6.507351618333363e-06
5000,794.8973658109999,6.0975,6.4978612529012605e-06
5001,795.0445383859997,5.7291,6.48860044345681e-06
5002,795.1996690199994,5.9945,6.4795124034568e-06
5003,795.3515257699992,5.704,6.46995735456793e-06
5004,795.5033296219999,6.4389,6.460561808395077e-06
5005,795.6540373609996,5.0577,6.451206738333332e-06
5006,795.8068339649999,5.9498,6.441889510617305e-06
5007,795.9557294389997,5.8627,6.43247199419757e-06
5008,796.1084799959999,5.8417,6.423230951296305e-06
5009,796.2626452039995,6.4051,6.413844979629679e-06
5010,796.4163063299993,5.7398,6.40432173240742e-06
5011,796.5672909489995,5.7773,6.3948458484568045e-06
5012,796.7177756789997,5.256,6.3855177705555545e-06
5013,796.8693223659993,5.336,6.376231110987668e-06
5014,797.0194445709994,5.9402,6.366873658209926e-06
5015,797.1746254979998,5.852,6.357600397592634e-06
5016,797.3256373439999,5.6722,6.348031412592631e-06
5017,797.4777863699992,6.0038,6.3387090673456826e-06
5018,797.6316796009996,5.8926,6.329317677530882e-06
5019,797.7805374509999,4.7238,6.319831838395096e-06
5020,797.9348854229993,5.8975,6.310621620802498e-06
5021,798.0847122729992,5.5908,6.301107198827155e-06
5022,798.2399086789992,6.2488,6.291844523148199e-06
5023,798.3914713019994,6.2526,6.282283980000036e-06
5024,798.5459347639999,5.7,6.272919906358049e-06
5025,798.6990201519993,5.9182,6.263393918456817e-06
5026,798.8516495699996,5.7208,6.253932371296345e-06
5027,799.0067592659998,5.9683,6.244509923333364e-06
5028,799.1611259279998,5.4916,6.23494579092595e-06
5029,799.3105546049992,5.5148,6.225412297037086e-06
5030,799.4638186149996,5.9502,6.2161862355556045e-06
5031,799.6118588459994,5.9349,6.206718147963003e-06
5032,799.7667442209995,6.016,6.197580771111145e-06
5033,799.9193937049995,6.1276,6.1880250479629865e-06
5034,800.0723827739994,5.5869,6.178600529629641e-06
5035,800.2273920829994,6.2061,6.169151182222249e-06
5036,800.3806561739993,6.332,6.159590656851899e-06
5037,800.5327192689992,5.8317,6.1501318898765425e-06
5038,800.681909942,5.8946,6.1407461308642055e-06
5039,800.8347076739992,5.8417,6.131529874382752e-06
5040,800.9870073009997,5.6693,6.122109000123455e-06
5041,801.1386624199995,5.9626,6.112706653024708e-06
5042,801.294499048,5.7488,6.10334147574077e-06
5043,801.4474936669994,5.5439,6.09373400253086e-06
5044,801.6004980859998,6.2351,6.084279826913592e-06
5045,801.7520910419998,6.1438,6.0748223433333415e-06
5046,801.9038672879997,5.848,6.065476902777778e-06
5047,802.0552887839995,6.1004,6.0560322924691605e-06
5048,802.2077735739995,6.0003,6.04675081790127e-06
5049,802.3594210449992,5.359,6.0373440590740735e-06
5050,802.5091616959999,5.5725,6.0279808041975585e-06
5051,802.6626217999992,6.0137,6.018733003148153e-06
5052,802.8141586429992,4.7147,6.009274263024728e-06
5053,802.9640023339998,5.8655,5.999913169506177e-06
5054,803.1144854989998,5.7939,5.990653499691373e-06
5055,803.2678131469993,5.8992,5.981371094938277e-06
5056,803.420768211,6.4326,5.97191293858026e-06
5057,803.5721398699998,5.7951,5.962461610740749e-06
5058,803.726036303,5.9942,5.953120553765445e-06
5059,803.8803970919998,6.2925,5.943621611913619e-06
5060,804.0357791299994,5.7358,5.934091871790154e-06
5061,804.1894440679998,6.2087,5.924500863333332e-06
5062,804.342405415,5.9293,5.915011717654329e-06
5063,804.4924437049995,5.5992,5.905584618703702e-06
5064,804.6418163019998,5.8538,5.896302015370408e-06
5065,804.7950566629997,6.3786,5.8870872127160636e-06
5066,804.9461646319996,6.2478,5.877633751481509e-06
5067,805.0999504060001,6.0881,5.868302667654351e-06
5068,805.2510929779992,6.1754,5.858806349506213e-06
5069,805.4052471649993,6.2078,5.8494767790123805e-06
5070,805.5561562049998,5.9432,5.8399758519136095e-06
5071,805.7081309380001,5.0541,5.830653500308675e-06
5072,805.8637083399999,5.5785,5.821266963950656e-06
5073,806.0180092289993,5.5696,5.811672069444452e-06
5074,806.1732715669996,6.1547,5.802149075308689e-06
5075,806.3202197439996,6.2555,5.792554996358063e-06
5076,806.4715478809994,5.5046,5.783479717530876e-06
5077,806.6244031289998,5.9761,5.774145134691372e-06
5078,806.7825024159993,5.1876,5.764715658642e-06
5079,806.9408617789995,5.8006,5.75495594419756e-06
5080,807.0947955389993,6.2051,5.745180138456807e-06
5081,807.2452223,4.9184,5.735682376481505e-06
5082,807.3986944929993,5.9966,5.726382196049418e-06
5083,807.5488547199993,5.6611,5.716929105864227e-06
5084,807.6987673609992,6.0787,5.707642365555554e-06
5085,807.8546547859996,6.0704,5.698389923333347e-06
5086,808.0039307929992,5.0243,5.6887847096913915e-06
5087,808.1578006179998,5.9446,5.679535105925965e-06
5088,808.3127144349992,6.1866,5.670055407469177e-06
5089,808.4671098049994,6.3509,5.660501373518562e-06
5090,808.6205617539999,5.3304,5.65097307129634e-06
5091,808.7685004599998,5.749,5.6414889985802635e-06
5092,808.9204480230001,5.5292,5.632349465740788e-06
5093,809.0721816469995,5.7678,5.62296886629633e-06
5094,809.223432367,5.5679,5.613602177469135e-06
5095,809.3682641359992,4.8193,5.6042694527777825e-06
5096,809.5164900729997,5.365,5.59531741413582e-06
5097,809.6687611319994,5.4532,5.5861736064814876e-06
5098,809.8212084979996,5.2628,5.576790379259306e-06
5099,809.9756192239993,5.9486,5.5673792352469275e-06
5100,810.1276361189994,6.17,5.557847929382748e-06
5101,810.2790129329996,6.0685,5.548451610185212e-06
5102,810.4315572079995,5.6314,5.539102663827201e-06
5103,810.5799248349995,4.7723,5.529691450864233e-06
5104,810.7330079949998,5.8569,5.520531238333343e-06
5105,810.888958597,6.122,5.511088778518547e-06
5106,811.0452575619993,6.5616,5.501472543209901e-06
5107,811.1975751929995,5.8054,5.4918097010494e-06
5108,811.3483674149993,5.114,5.482409705493835e-06
5109,811.5011044109997,5.8781,5.473101619074083e-06
5110,811.6531474059993,5.7447,5.4636808381481995e-06
5111,811.8027345849996,5.8248,5.454275186666674e-06
5112,811.9557500759993,6.1091,5.445050915432148e-06
5113,812.1063097439992,5.4076,5.435610410061736e-06
5114,812.262074536,5.8237,5.426319232716071e-06
5115,812.4144526639993,5.956,5.416696600740761e-06
5116,812.5670089329997,5.5006,5.4072877417901405e-06
5117,812.7227495769994,5.5232,5.3978856548148545e-06
5118,812.8760268839997,6.6143,5.388264769629658e-06
5119,813.025522725,5.5504,5.378802498950658e-06
5120,813.17842647,5.9264,5.369563424074098e-06
5121,813.3301879219998,6.0059,5.36014917209881e-06
5122,813.4856511769995,5.8126,5.350770226111118e-06
5123,813.640085557,5.2444,5.341172383827209e-06
5124,813.7938264199993,6.3729,5.33163694833334e-06
5125,813.948185659,5.9713,5.322148101604962e-06
5126,814.1003655869999,5.81,5.312620849814815e-06
5127,814.2501875599992,5.5684,5.303215257901268e-06
5128,814.4060257429992,6.0883,5.293977846234571e-06
5129,814.5566942229998,6.1194,5.284376427839504e-06
5130,814.7084734489999,5.722,5.27504955876546e-06
5131,814.862201383,5.1062,5.26568404166668e-06
5132,815.0129027869998,5.0856,5.256202161666707e-06
5133,815.1674359969993,5.4822,5.246897171666687e-06
5134,815.3203216530001,6.4398,5.237358951049426e-06
5135,815.4723651539998,5.7727,5.227922934691376e-06
5136,815.6247917559995,6.283,5.2185261169136194e-06
5137,815.7791412049992,5.0023,5.209126901419759e-06
5138,815.9337766199997,5.475,5.199601356358069e-06
5139,816.0846810489993,6.2716,5.190056586543224e-06
5140,816.2399576949992,5.8218,5.180737226481502e-06
5141,816.3918554509992,6.171,5.171154739135842e-06
5142,816.5457533239996,5.8668,5.161777547098801e-06
5143,816.7015277009996,5.8953,5.1522835546296666e-06
5144,816.8516439449995,4.6785,5.142660335185229e-06
5145,817.0077897129995,4.9303,5.133385824506204e-06
5146,817.1613059479996,5.3369,5.123757935555568e-06
5147,817.315905937,6.0719,5.114283082283983e-06
5148,817.4717299009999,5.8172,5.104734195185223e-06
5149,817.6275749769993,6.0528,5.095113450987654e-06
5150,817.7864539879993,6.0286,5.085511032160539e-06
5151,817.9370157799995,5.4882,5.075699151851848e-06
5152,818.0864991479993,6.425,5.066388478950651e-06
5153,818.2398221999993,5.8786,5.057167857407425e-06
5154,818.3939002029992,5.3003,5.047704992963009e-06
5155,818.5490357229992,5.2868,5.03819562524695e-06
5156,818.7056813639992,6.0302,5.028623370308644e-06
5157,818.8594217669997,5.8064,5.018950355864227e-06
5158,819.0150639619997,5.8621,5.009462533580295e-06
5159,819.1687066199993,5.6538,4.999850135246942e-06
5160,819.3199460839996,5.5101,4.990367037098792e-06
5161,819.4721424449999,5.4954,4.981043025987664e-06
5162,819.6242673499992,5.8954,4.971632135555604e-06
5163,819.774022824,5.6341,4.962242406604956e-06
5164,819.925249506,5.7625,4.952996657901243e-06
5165,820.0758036289999,6.1591,4.943664291419769e-06
5166,820.2232874109995,5.0084,4.934366804938273e-06
5167,820.373548779,5.6906,4.9252569461111345e-06
5168,820.5267537079999,5.6443,4.9160052964815016e-06
5169,820.6776990529997,5.5608,4.906534579197536e-06
5170,820.8323372289997,6.3673,4.897215890370416e-06
5171,820.9803919249998,4.6349,4.887664740555559e-06
5172,821.1328708769997,5.8541,4.878528638765478e-06
5173,821.282858558,5.7122,4.8691276583333725e-06
5174,821.4367862459994,5.085,4.859861798456816e-06
5175,821.5877104069996,5.9024,4.850364129506207e-06
5176,821.7381420779993,5.7494,4.841047876172838e-06
5177,821.8948509939992,6.1248,4.83175807617286e-06
5178,822.0501728729996,5.6672,4.82209590055559e-06
5179,822.2019708919997,5.6443,4.812507076728401e-06
5180,822.3567499629999,5.8181,4.803124605246912e-06
5181,822.5096158239994,6.0886,4.793580759444494e-06
5182,822.6619743069996,5.8626,4.784133657592605e-06
5183,822.8143685819996,5.6725,4.7747398475926465e-06
5184,822.9708205239995,5.9821,4.765326670061781e-06
5185,823.1237692949999,6.0152,4.7556847661728685e-06
5186,823.2746740389994,5.909,4.746227247160501e-06
5187,823.4237228929996,5.6904,4.73690606469136e-06
5188,823.5797830539996,6.1223,4.727708641543261e-06
5189,823.7343535659993,5.8198,4.718086879938316e-06
5190,823.8905819779993,6.4654,4.708546873209885e-06
5191,824.0455128069998,5.8588,4.698899463333356e-06
5192,824.1950965509996,6.2165,4.689328119691394e-06
5193,824.3478184359992,5.9698,4.6800981947531075e-06
5194,824.4994612639994,5.5194,4.670670245370423e-06
5195,824.6533175939994,5.6144,4.661307500061729e-06
5196,824.8037831469992,5.2679,4.651817271111147e-06
5197,824.9595636019994,6.0209,4.642521843209885e-06
5198,825.1096622299992,5.901,4.63291575234569e-06
5199,825.2621865749998,5.7106,4.623641873518514e-06
5200,825.4150292589993,6.0519,4.614227882160504e-06
5201,825.568764996,6.5442,4.604797319444448e-06
5202,825.7223540039995,5.7895,4.595304863333349e-06
5203,825.8749829389999,6.006,4.585821856728417e-06
5204,826.0294885029998,6.3267,4.576404097654318e-06
5205,826.1801039499996,6.3032,4.566858630987664e-06
5206,826.3335667519996,5.2009,4.557562068827209e-06
5207,826.483676418,5.655,4.548087453950633e-06
5208,826.6337848049998,5.3798,4.538824805925929e-06
5209,826.7869713049995,5.8884,4.529549139444478e-06
5210,826.9420790859995,5.9504,4.520112695864209e-06
5211,827.0960586040001,5.8633,4.510538187469138e-06
5212,827.2502273739992,6.5918,4.501030450987687e-06
5213,827.4027837119993,5.5317,4.491515911111121e-06
5214,827.5573521879996,6.173,4.4820926942593045e-06
5215,827.711708242,6.09,4.472567439506186e-06
5216,827.863341284,5.8508,4.463021597407418e-06
5217,828.0171149379994,6.1781,4.453665054197531e-06
5218,828.1680919479995,6.0332,4.444170543456833e-06
5219,828.3225562309999,6.5636,4.434847973209877e-06
5220,828.4784379539997,5.5205,4.425316484074093e-06
5221,828.6294365499998,5.7052,4.415691886851847e-06
5222,828.7830969549996,5.8611,4.406370633765439e-06
5223,828.9368447749994,6.3248,4.396876455493837e-06
5224,829.0901231049993,5.7704,4.387394242407434e-06
5225,829.2458693659992,5.3408,4.377936093950619e-06
5226,829.3971666309999,6.5152,4.368326370617304e-06
5227,829.5491972780001,5.9024,4.358979754135845e-06
5228,829.6986963649997,5.6215,4.349587329876542e-06
5229,829.8532867249996,5.6984,4.340372195740739e-06
5230,830.0069828839996,6.3232,4.330822227901271e-06
5231,830.1617197579999,5.0103,4.3213517542592615e-06
5232,830.3128697839993,6.0804,4.31178354388892e-06
5233,830.4686084039995,6.0384,4.302465277530898e-06
5234,830.6244483639994,5.6613,4.292836592777788e-06
5235,830.7797097319999,6.1298,4.283218936604982e-06
5236,830.9312090459998,5.6007,4.273649610740793e-06
5237,831.0847332979993,5.0845,4.264292254814856e-06
5238,831.236770468,5.566,4.254808821913597e-06
5239,831.3940224069993,5.5317,4.245423501049433e-06
5240,831.5466284049999,4.5668,4.235727383148169e-06
5241,831.6994861919993,5.8687,4.2262957303086716e-06
5242,831.85307534,5.9183,4.216863014753136e-06
5243,832.0064024629992,5.4822,4.2073239653703854e-06
5244,832.1593031119992,6.0293,4.1979268482716325e-06
5245,832.3181905789997,6.3709,4.188482856543208e-06
5246,832.4742442829993,5.6221,4.178681536234619e-06
5247,832.6292857769995,6.6836,4.169046764259294e-06
5248,832.7819964139999,5.9253,4.159466755185193e-06
5249,832.9345196039994,6.1155,4.150036419814851e-06
5250,833.0889351549995,5.6597,4.14062670740743e-06
5251,833.2423959839998,6.3178,4.131091598333337e-06
5252,833.3935371749994,6.4194,4.121631075061732e-06
5253,833.5483196159994,6.2558,4.112294872037087e-06
5254,833.6978130539992,5.5544,4.1027478555555886e-06
5255,833.851013558,6.1244,4.093497072284003e-06
5256,834.0053347389994,5.6606,4.084057564382754e-06
5257,834.1582625069996,5.2854,4.074533450555601e-06
5258,834.3130158589993,6.2648,4.065088500987663e-06
5259,834.4644990269999,6.3285,4.055541533209889e-06
5260,834.6164554279994,5.6611,4.046175829444448e-06
5261,834.7674108559995,6.0215,4.036813199444467e-06
5262,834.9160076119997,6.0629,4.027483261790149e-06
5263,835.0681263829993,6.0835,4.018301543086422e-06
5264,835.2196262199996,4.9692,4.008918847777781e-06
5265,835.3719669019993,6.1357,3.999565881604944e-06
5266,835.5231725609992,5.5434,3.990181234321033e-06
5267,835.6765409399995,5.2027,3.980823759321023e-06
5268,835.8343614989999,6.3147,3.97136783654321e-06
5269,835.9881884709994,5.5289,3.961633123827191e-06
5270,836.1400245209998,5.1596,3.9521214917901724e-06
5271,836.2931067330001,5.6773,3.942756041296325e-06
5272,836.4452953339996,5.7003,3.93331037925927e-06
5273,836.5948776969999,5.7753,3.923928035864222e-06
5274,836.7489951849993,6.108,3.9146725844444454e-06
5275,836.902199186,5.8475,3.905160125432134e-06
5276,837.0575654309996,6.2375,3.895713658395084e-06
5277,837.2101226579998,5.5537,3.886120656604958e-06
5278,837.3613952839996,5.4246,3.876701443086467e-06
5279,837.5160455429996,5.9861,3.86735658141979e-06
5280,837.665651886,5.7214,3.857830059629675e-06
5281,837.8166142319997,5.9595,3.848567402222236e-06
5282,837.9700499289993,6.2235,3.839255247160534e-06
5283,838.1233773609993,6.7578,3.829786779629663e-06
5284,838.2787411529998,6.5367,3.8203324377160625e-06
5285,838.4316840869997,5.8816,3.8107503142592924e-06
5286,838.5854194670001,5.9499,3.8012863565432378e-06
5287,838.7403684659994,6.2923,3.791812801296313e-06
5288,838.8965026019996,5.817,3.7822412201852287e-06
5289,839.0480643659994,5.7277,3.772601897839545e-06
5290,839.1996271379994,6.5304,3.7632408667284403e-06
5291,839.3476416949998,5.5206,3.753883865740787e-06
5292,839.5021960679996,5.5807,3.744754470061773e-06
5293,839.6524959409999,5.0643,3.7352256047531397e-06
5294,839.8022121589993,5.6163,3.72594104438273e-06
5295,839.9553023169992,6.3411,3.7166858396914083e-06
5296,840.1134663149996,5.3969,3.7072514103704047e-06
5297,840.2668234439998,6.28,3.697483439876592e-06
5298,840.4181958969994,5.9746,3.688020256975361e-06
5299,840.5699584919994,5.403,3.6786692106790256e-06
5300,840.7209543299996,5.9497,3.6693010083333477e-06
5301,840.8730174289994,5.6728,3.65997940098769e-06
5302,841.0271091969998,5.1203,3.650591196358022e-06
5303,841.1818633509993,6.0099,3.6410847074074384e-06
5304,841.3374743819995,6.1502,3.6315308133333504e-06
5305,841.4902667609995,5.8678,3.6219358658024836e-06
5306,841.6419406079995,5.4583,3.6124961442593087e-06
5307,841.7940140909996,5.5886,3.6031207064197715e-06
5308,841.9457708049995,5.3792,3.593743117469134e-06
5309,842.0971989259997,5.7953,3.5843688231481766e-06
5310,842.2547372069994,5.8845,3.575034148518541e-06
5311,842.4082390699996,6.301,3.5653058235185278e-06
5312,842.5614265779996,5.5471,3.5558281927777936e-06
5313,842.7144929809992,5.3454,3.5463806701234724e-06
5314,842.8699763759996,6.3053,3.5369229661728786e-06
5315,843.0271764479994,5.9888,3.5273354633951096e-06
5316,843.1785864889998,5.9203,3.517628554259261e-06
5317,843.330235253,6.2796,3.5082737095679497e-06
5318,843.4830033119997,5.8213,3.498920690123475e-06
5319,843.6357620069994,5.6311,3.4894815040123485e-06
5320,843.7903434599993,6.397,3.4800627793209862e-06
5321,843.9445844689999,6.2453,3.4705230606172865e-06
5322,844.0957070729992,5.8388,3.4609905136419817e-06
5323,844.2487412149994,5.9187,3.4516595428395248e-06
5324,844.3975694249993,4.1949,3.4422192277777874e-06
5325,844.5489593909997,5.6685,3.433032656111107e-06
5326,844.7010699329994,5.3547,3.4236829104321134e-06
5327,844.850644741,4.9623,3.4142899951851825e-06
5328,844.9990838999993,6.1397,3.405053636419786e-06
5329,845.1493462149992,5.8443,3.395889607777797e-06
5330,845.3006174509992,6.012,3.386629413827208e-06
5331,845.4516645839994,5.2705,3.3772794125309094e-06
5332,845.6032699759999,5.9103,3.3679732225925964e-06
5333,845.7526476869998,5.7032,3.3586136916049727e-06
5334,845.9090228719997,5.4465,3.349379144320991e-06
5335,846.0609264159993,5.8786,3.3397371142592837e-06
5336,846.2132061559996,5.8921,3.3303502354938565e-06
5337,846.3679608299999,5.7147,3.320954138765464e-06
5338,846.517685115,4.8266,3.3114152127160904e-06
5339,846.6685158159999,6.2487,3.302144184938272e-06
5340,846.8221668079996,5.7403,3.2928450421605362e-06
5341,846.9748782639999,5.7902,3.283372970802501e-06
5342,847.1316671329996,5.7614,3.2739414529012525e-06
5343,847.2838692249998,5.9275,3.264261116111117e-06
5344,847.4335629039997,5.4984,3.254860402901244e-06
5345,847.5878111739994,5.9467,3.245623981851853e-06
5346,847.7401269819993,5.6203,3.2361052187654394e-06
5347,847.8940136619995,5.9095,3.2266968390123663e-06
5348,848.0480668869995,5.7264,3.217209453703751e-06
5349,848.1968747609999,4.161,3.2076952098765822e-06
5350,848.3520349389992,5.7748,3.198494446666678e-06
5351,848.5078442389995,5.3751,3.1889291970370382e-06
5352,848.6603625499993,5.0247,3.179320220123494e-06
5353,848.811316968,5.117,3.1698927367283914e-06
5354,848.965509355,5.3805,3.160578861172864e-06
5355,849.1175022519992,5.3328,3.151046769074095e-06
5356,849.2691002039992,5.7761,3.141674643888909e-06
5357,849.4214926149998,5.6943,3.1323221420370807e-06
5358,849.577378082,5.2878,3.1229055648765546e-06
5359,849.728936466,5.1524,3.113301869691354e-06
5360,849.8826246659992,6.202,3.103926880864244e-06
5361,850.0348504969998,5.737,3.0944546270987916e-06
5362,850.1912830029996,6.2009,3.0850425594444674e-06
5363,850.3451828729994,5.3742,3.075407611728437e-06
5364,850.4981571219996,6.3799,3.065905160432142e-06
5365,850.6494162989993,6.1957,3.0564577717901277e-06
5366,850.8005456149995,6.2454,3.0471079912345933e-06
5367,850.9513889559994,5.8931,3.0377770937654816e-06
5368,851.1022787089996,5.455,3.0284576770987725e-06
5369,851.2557115509999,5.9531,3.0191483656790308e-06
5370,851.4066725109997,5.5986,3.009684410864211e-06
5371,851.5608060699997,5.9086,3.000370611543257e-06
5372,851.7144726329998,5.3342,2.9908596541975366e-06
5373,851.8682090279999,5.6469,2.981364109259294e-06
5374,852.0234142109994,6.2026,2.9718720084568387e-06
5375,852.1752015089996,5.9789,2.962306724074115e-06
5376,852.3258769529994,5.6293,2.952927635123509e-06
5377,852.4803908389995,6.3611,2.943622767901233e-06
5378,852.6325794549994,5.2531,2.934086387283991e-06
5379,852.786267683,6.3033,2.924698170432122e-06
5380,852.9391622159992,6.0502,2.915211967160536e-06
5381,853.093842024,6.1913,2.9057684418518695e-06
5382,853.2457014289994,5.7364,2.8962352179630113e-06
5383,853.3953662579997,5.9081,2.8868426103704048e-06
5384,853.5500338049997,6.0474,2.8776063790123596e-06
5385,853.704246063,5.8914,2.8680646533950804e-06
5386,853.8613392990001,5.6052,2.8585505403086742e-06
5387,854.0157832759996,5.6678,2.848861437407413e-06
5388,854.1674783089993,6.1194,2.839311171666714e-06
5389,854.3231800909998,5.9678,2.829955629876574e-06
5390,854.4740652219998,5.7755,2.8203465254321105e-06
5391,854.6249744950001,5.9909,2.8110261858642462e-06
5392,854.7767641239998,6.146,2.8017011806173e-06
5393,854.9275617979993,5.3136,2.7923396909877e-06
5394,855.0768886209999,6.4191,2.7830242010494336e-06
5395,855.2290152149999,5.1051,2.7738064677778065e-06
5396,855.3796536350001,5.5811,2.7644154733950823e-06
5397,855.5352769049996,6.1222,2.7551122058642356e-06
5398,855.687804876,5.9174,2.745524636481528e-06
5399,855.8401699119995,5.9087,2.73610347685187e-06
5400,855.9909381299994,6.3477,2.726691588271607e-06
5401,856.1434573439992,5.717,2.7173983017284023e-06
5402,856.2973564439999,5.9744,2.7079754561111558e-06
5403,856.4478098579993,5.7966,2.698479668395093e-06
5404,856.6006931059992,5.8501,2.6891836573457007e-06
5405,856.7536508029998,6.2055,2.6797504901852346e-06
5406,856.908382052,5.4589,2.6703163392592655e-06
5407,857.0576549059997,6.4045,2.660753792839543e-06
5408,857.2102659149996,4.8458,2.651534998827171e-06
5409,857.3630511889996,5.7279,2.6421176323457196e-06
5410,857.5154847849999,6.0088,2.632698438271608e-06
5411,857.6686519360001,5.4673,2.6232761821605277e-06
5412,857.8220012039992,4.7962,2.6138284822222247e-06
5413,857.9726502609992,6.0517,2.6043475744444655e-06
5414,858.126855681,5.5847,2.5950577720370794e-06
5415,858.2841141659992,5.9185,2.5855451083950822e-06
5416,858.4413418979993,5.599,2.5758431334567956e-06
5417,858.5933316679993,5.6732,2.566136875802505e-06
5418,858.7464851770001,5.7959,2.5567501362963207e-06
5419,858.901398473,5.9837,2.547288927654323e-06
5420,859.0556717919999,5.7121,2.537731207345684e-06
5421,859.210561637,6.0671,2.528211830370386e-06
5422,859.3640482839992,6.3799,2.518653081975336e-06
5423,859.5149582039994,5.3638,2.5091739154938456e-06
5424,859.6659080809995,6.0509,2.4998544927778143e-06
5425,859.8150997009998,5.4289,2.4905407846913642e-06
5426,859.9681654619999,5.203,2.481332096172867e-06
5427,860.121072074,5.6028,2.471883248456802e-06
5428,860.2687960489993,5.5288,2.4624475672839875e-06
5429,860.4227360389996,5.7554,2.4533185914197566e-06
5430,860.5733213989997,5.5115,2.4438274972222342e-06
5431,860.7258737899992,5.8688,2.4345235441975366e-06
5432,860.8762422139998,5.0647,2.4251151735185275e-06
5433,861.0280337639997,5.1649,2.415824646851872e-06
5434,861.182051586,5.063,2.4064565653086457e-06
5435,861.3349776339992,6.6677,2.396946166419789e-06
5436,861.4865477349995,5.3423,2.3875180120988103e-06
5437,861.6387403049994,4.9087,2.3781532132716167e-06
5438,861.790433911,6.6886,2.3687573456790124e-06
5439,861.9442325579994,5.2303,2.3593927860494304e-06
5440,862.096352351,5.9997,2.349905209444492e-06
5441,862.2474497419998,6.463,2.340516010493854e-06
5442,862.4003274059996,5.9504,2.3311785701235044e-06
5443,862.5553075059997,5.8495,2.321750177345705e-06
5444,862.7087680309996,5.7043,2.3121859514815323e-06
5445,862.8638281439999,5.4882,2.302710557160531e-06
5446,863.0163333229993,5.4532,2.2931336005555694e-06
5447,863.1695899709994,6.4975,2.2837354647531285e-06
5448,863.3234934879993,5.801,2.2742646937654655e-06
5449,863.479959794,5.3258,2.2647617737654557e-06
5450,863.63130585,5.3449,2.2551073493209896e-06
5451,863.7879216169995,6.4773,2.2457581196296707e-06
5452,863.9431864239996,6.2274,2.2361071398765696e-06
5453,864.0951594129992,5.7217,2.226521195061765e-06
5454,864.2487771999995,6.0479,2.217116994629637e-06
5455,864.404827841,6.0974,2.2076498194444795e-06
5456,864.5585837339995,5.5697,2.198021999506189e-06
5457,864.7097825479996,5.4422,2.1885276093210284e-06
5458,864.8639411069998,5.9096,2.1791892086420074e-06
5459,865.016433838,5.2788,2.169672214753138e-06
5460,865.1694188409992,5.3293,2.1602585224074546e-06
5461,865.3231694979995,5.7486,2.150813264938284e-06
5462,865.4701771399996,5.5277,2.1413279706173296e-06
5463,865.6192206549995,6.2779,2.132244721111126e-06
5464,865.7702043929994,5.0354,2.1230435290740757e-06
5465,865.9216109879999,5.5831,2.1137296559876564e-06
5466,866.0718427899992,5.5649,2.1043720469753446e-06
5467,866.2239557999992,5.7438,2.095110647777815e-06
5468,866.3781144749992,5.4614,2.0857111090123728e-06
5469,866.5309761989993,5.6585,2.07620228790128e-06
5470,866.68474694,5.4568,2.0667838535185502e-06
5471,866.8379556979999,6.7041,2.0572823593827283e-06
5472,866.988351643,5.2163,2.0478202587037253e-06
5473,867.1397194199999,5.6474,2.0385277861728725e-06
5474,867.2926750239994,5.735,2.029194258765482e-06
5475,867.4487952309992,6.1431,2.019754235185234e-06
5476,867.6014019929999,5.5545,2.010121538024734e-06
5477,867.7564895099995,5.8374,2.000686472654334e-06
5478,867.9113210709993,5.3867,1.991121607283963e-06
5479,868.0648810639996,5.5297,1.981561042777774e-06
5480,868.2173331129998,6.1156,1.9720747077777825e-06
5481,868.3688689359997,5.8636,1.9626807590123417e-06
5482,868.5205359249994,5.9371,1.953311373024713e-06
5483,868.673321878,6.8107,1.943962419012352e-06
5484,868.8257333069996,5.9419,1.934524227962986e-06
5485,868.9777766429997,5.5493,1.9251065940123938e-06
5486,869.1293042109992,5.1666,1.9157257443210284e-06
5487,869.2823052519998,5.9117,1.9063669883950807e-06
5488,869.4356908109994,5.3615,1.8969384104938426e-06
5489,869.5877257439997,4.9984,1.8874585873457196e-06
5490,869.743098684,6.2302,1.8780825011111337e-06
5491,869.8938748609999,5.0403,1.8684903813580624e-06
5492,870.0432868689995,3.9593,1.8591745776543435e-06
5493,870.1956581099994,6.0609,1.8499433684568134e-06
5494,870.3446906439995,6.3867,1.8405587875308772e-06
5495,870.4955894029999,5.5582,1.8313478053086809e-06
5496,870.6470053699995,5.139,1.8220372445679422e-06
5497,870.8020965269998,5.1809,1.8126878424074567e-06
5498,870.9570871769993,5.722,1.8031278729012336e-06
5499,871.1092139519997,6.0338,1.7935534653704178e-06
5500,871.2600496359992,5.8953,1.7841571858642436e-06
5501,871.4098497879995,6.6141,1.7748514752469247e-06
5502,871.564476728,6.7426,1.7656012112346077e-06
5503,871.720891334,5.3739,1.756057004876549e-06
5504,871.8748247349995,5.3625,1.7464085524691531e-06
5505,872.0260588369993,6.0938,1.7369020675308934e-06
5506,872.1772191219998,5.7696,1.7275629308642239e-06
5507,872.3305922359996,5.7709,1.7182313181481558e-06
5508,872.483064176,5.1908,1.7087645583333812e-06
5509,872.6358240359996,5.3602,1.6993482560493823e-06
5510,872.7904396059994,5.9699,1.689918979814814e-06
5511,872.9429215629998,4.7491,1.6803828704321346e-06
5512,873.0991664779995,6.1276,1.6709714619136007e-06
5513,873.2512379379996,5.7545,1.6613233779012417e-06
5514,873.4044071349999,5.8008,1.6519369046914034e-06
5515,873.5571009689993,5.7989,1.6424834387037292e-06
5516,873.7113667759995,6.111,1.6330518272222705e-06
5517,873.8663981609998,5.8103,1.6235461809876896e-06
5518,874.0224752129998,5.7182,1.6139586709259357e-06
5519,874.1812514739995,6.3307,1.6043292156173062e-06
5520,874.3334620299993,5.815,1.5945409015432566e-06
5521,874.486018998,5.4295,1.5851302850000194e-06
5522,874.6339306599994,4.6784,1.5757075923456932e-06
5523,874.7816967159997,5.9646,1.5665703398148546e-06
5524,874.9333546979997,5.1089,1.557466695555576e-06
5525,875.0857859799999,5.9335,1.5480946103704153e-06
5526,875.2362909779995,6.1703,1.5386928311111493e-06
5527,875.388390221,5.5549,1.529390488209892e-06
5528,875.5440757699998,5.1304,1.5200128360494282e-06
5529,875.697001083,5.3758,1.51040292283956e-06
5530,875.848204506,5.7163,1.5009615817283996e-06
5531,875.9980524019993,5.7587,1.4916258582716058e-06
5532,876.1534163299993,5.7507,1.4823658327160928e-06
5533,876.3107186489997,6.364,1.4728000101234874e-06
5534,876.4671063489996,5.9364,1.4630793120370746e-06
5535,876.6204209059997,6.0115,1.4534321193827472e-06
5536,876.7767308889997,6.0671,1.4439620654321196e-06
5537,876.9326048099992,6.6235,1.4343116775308973e-06
5538,877.0844473439993,5.7315,1.4246927004321286e-06
5539,877.2385646249995,6.041,1.4153168151852026e-06
5540,877.3914621489994,5.759,1.4058064327777897e-06
5541,877.5452743859996,4.6751,1.3963674019753458e-06
5542,877.6966772559999,5.6104,1.386873938148159e-06
5543,877.852489461,6.3137,1.377526208395108e-06
5544,878.0072295539994,5.7424,1.367908172283977e-06
5545,878.160000756,5.1002,1.3583546027160832e-06
5546,878.3170165709998,5.5035,1.348919749012384e-06
5547,878.4713814069992,5.8196,1.3392347782099246e-06
5548,878.6216854819995,5.5936,1.3297067227778015e-06
5549,878.7728339109999,5.6777,1.3204192216049516e-06
5550,878.9302350569997,5.5654,1.3110908029012769e-06
5551,879.0827258319996,6.2149,1.3013861183950816e-06
5552,879.2394745599995,6.1382,1.2919726612963257e-06
5553,879.3890374849998,5.7475,1.2822959354938324e-06
5554,879.5409316969999,5.7483,1.2730466929629703e-06
5555,879.6921902489994,5.9553,1.2636799124074506e-06
5556,879.8440657359997,5.4085,1.2543385128395314e-06
5557,879.996547107,5.9097,1.2449662436419762e-06
5558,880.1516528459997,6.1405,1.2355528488889157e-06
5559,880.3018795899998,5.5745,1.225992796543224e-06
5560,880.4602269249999,5.749,1.2167051862346013e-06
5561,880.617441073,5.6305,1.2069330853086701e-06
5562,880.7680750469999,6.0187,1.1972370400617716e-06
5563,880.9215189779998,6.1065,1.1879312062963444e-06
5564,881.0807346419997,6.2294,1.1784582335802763e-06
5565,881.2365193319993,5.7862,1.1686360824691823e-06
5566,881.392198341,5.555,1.1590292312345708e-06
5567,881.5446100279996,5.9616,1.1494152362962974e-06
5568,881.696907515,6.1023,1.139996121481507e-06
5569,881.8486773889999,5.7118,1.13059646864202e-06
5570,882.0023548399995,5.7653,1.1212340357407702e-06
5571,882.1559047000001,5.7551,1.1117487120987702e-06
5572,882.3088681039999,5.789,1.1022659237654442e-06
5573,882.4616822179996,6.3416,1.0928221553704043e-06
5574,882.6109492299993,5.0041,1.0833799090123886e-06
5575,882.7631305339992,5.4951,1.0741710120987847e-06
5576,882.9153978559998,5.879,1.0647753153086693e-06
5577,883.0682302289997,6.1112,1.055385098703754e-06
5578,883.2220035849996,6.0221,1.0459542881481988e-06
5579,883.3713722979992,5.394,1.0364599104321026e-06
5580,883.522147185,5.9253,1.0272319776543193e-06
5581,883.6804267689995,6.2042,1.017925412777826e-06
5582,883.8366602099995,5.9539,1.0081661298148527e-06
5583,883.9886671219992,5.6985,9.98519806234588e-07
5584,884.1396515389997,5.9504,9.891251770370869e-07
5585,884.2940213339998,5.7692,9.798047830864298e-07
5586,884.4472484539992,5.4967,9.702839851234657e-07
5587,884.5994316319993,6.484,9.60827131604991e-07
5588,884.7544352309997,5.4831,9.514225508024721e-07
5589,884.9075344059993,6.2311,9.418686465432202e-07
5590,885.0595114359994,6.2886,9.324182545679127e-07
5591,885.2120045289994,6.122,9.230238106173072e-07
5592,885.3638997729995,5.2698,9.136162603086918e-07
5593,885.5136323039997,5.4792,9.042415913580516e-07
5594,885.6674100419996,5.3503,8.949890213580725e-07
5595,885.8187531059993,5.9635,8.855080983950604e-07
5596,885.9716142139996,5.8784,8.761613810494062e-07
5597,886.123477874,5.3594,8.667385422839624e-07
5598,886.273203879,5.3668,8.573533980864523e-07
5599,886.4246565129997,5.585,8.480996109876959e-07
5600,886.5757172509993,5.8821,8.387633361111146e-07
5601,886.7239818239996,5.8536,8.294323245679525e-07
5602,886.876248261,6.1899,8.20277689876553e-07
5603,887.0339292399995,5.3531,8.108850334568263e-07
5604,887.1873135769993,6.0499,8.011546750617272e-07
5605,887.3372505219995,5.1679,7.916893711728657e-07
5606,887.4924927980001,5.6781,7.824271292592722e-07
5607,887.6458015429998,5.3005,7.728474399383012e-07
5608,887.7972309119996,6.1827,7.633885833333632e-07
5609,887.9469085829996,5.6152,7.54029620432134e-07
5610,888.0970107509993,5.8272,7.447912904938292e-07
5611,888.2480940149999,5.3941,7.355224338271793e-07
5612,888.4024852319999,5.9154,7.262026719753401e-07
5613,888.5604854399999,5.9964,7.166793898148394e-07
5614,888.7127242399993,6.1321,7.069266648765449e-07
5615,888.8699142629994,5.2594,6.975119799382701e-07
5616,889.0220188309995,6.1935,6.878271064814979e-07
5617,889.1755784479992,5.4168,6.784330609259482e-07
5618,889.3285599749997,6.3284,6.689484496296749e-07
5619,889.4826204020001,5.3668,6.595151985185233e-07
5620,889.6325178679999,5.3701,6.500060046913948e-07
5621,889.7858635549992,6.2039,6.407453645679073e-07
5622,889.9392516749995,5.7374,6.31280326358058e-07
5623,890.0930877159999,5.7197,6.218093480864495e-07
5624,890.2452320889997,6.1377,6.123197950617776e-07
5625,890.4014735289993,5.9173,6.02927467839548e-07
5626,890.5559141449994,5.4602,5.932911223457017e-07
5627,890.7116050629993,6.4704,5.837402867284236e-07
5628,890.8651005749998,6.1072,5.741305315432544e-07
5629,891.0203307059992,6.0623,5.646678741358213e-07
5630,891.1744480519992,5.7315,5.550718848765735e-07
5631,891.3307172909999,5.9989,5.455658646913997e-07
5632,891.484749921,6.4576,5.359373347530949e-07
5633,891.6423993069993,6.2099,5.264137974691719e-07
5634,891.7965671769998,5.6847,5.166766123457012e-07
5635,891.9494982299993,6.0373,5.071694612963362e-07
5636,892.1064583939997,6.1003,4.977202937654358e-07
5637,892.2584330139998,6.2461,4.880458530864607e-07
5638,892.4115898569999,5.9309,4.786510248148301e-07
5639,892.566167033,6.0406,4.6920115487656957e-07
5640,892.7172565779993,5.103,4.59658864876561e-07
5641,892.86551212,4.7917,4.503235313580434e-07
5642,893.0182459409998,5.4407,4.4117305320991455e-07
5643,893.1738190749993,6.2557,4.317505953086887e-07
5644,893.3279783949993,5.3441,4.2215031395064776e-07
5645,893.4820901499997,5.8277,4.1262771703708404e-07
5646,893.638032887,5.7315,4.031131231481522e-07
5647,893.7922206679996,6.2927,3.935028740740698e-07
5648,893.9442678769992,6.4065,3.839742921604994e-07
5649,894.0988540079998,6.2037,3.745810324691734e-07
5650,894.2482267549995,5.6495,3.6504715753089004e-07
5651,894.3992448529998,6.5149,3.5582461000002733e-07
5652,894.5508448199998,5.8829,3.4650117228398617e-07
5653,894.7037645009996,5.1487,3.371372187654764e-07
5654,894.8554523369994,5.9091,3.2770666888889967e-07
5655,895.0101125989995,6.21,3.1834467932100877e-07
5656,895.1599164829995,5.7783,3.0881583648149637e-07
5657,895.3138896579994,6.2829,2.99547584876575e-07
5658,895.4704420189992,6.1039,2.9004944808643795e-07
5659,895.6226123899996,5.464,2.803923154938326e-07
5660,895.7739820699999,5.9476,2.70991495617301e-07
5661,895.9288466099997,5.5847,2.6163282858025493e-07
5662,896.081823769,6.0995,2.520859018518451e-07
5663,896.2356909739992,5.9401,2.4264355123458373e-07
5664,896.388075844,5.8707,2.3314917413581606e-07
5665,896.5397220949999,5.917,2.237340793827647e-07
5666,896.6907871799995,6.4691,2.1436750148153272e-07
5667,896.8456934709993,6.0814,2.0505295777779045e-07
5668,897.000241711,5.8453,1.9548759179014998e-07
5669,897.1541104969992,5.5836,1.859461748765945e-07
5670,897.3054333159998,6.4378,1.7645808635807227e-07
5671,897.4522508089995,5.6029,1.671154715432055e-07
5672,897.6053983909997,6.0442,1.5803481049384562e-07
5673,897.7536400859999,4.4433,1.4859547925930583e-07
5674,897.9057926839996,5.2201,1.3942141222225703e-07
5675,898.054305566,5.4239,1.3004448814817883e-07
5676,898.2070617079999,5.9611,1.2086640876543542e-07
5677,898.3581371269993,5.2826,1.1145082858025624e-07
5678,898.510496117,4.6801,1.0213192611113753e-07
5679,898.6686142029994,6.3536,9.273240302471453e-08
5680,898.820396909,5.8482,8.296448191360551e-08
5681,898.9737984159992,6.01,7.359043660494224e-08
5682,899.1268103969996,5.8246,6.411382012349032e-08
5683,899.2803531309992,6.0796,5.468097043213605e-08
5684,899.4333903569996,6.0267,4.5195926604946205e-08
5685,899.5892504209996,5.6503,3.575425092594009e-08
5686,899.7420930979997,5.524,2.6137505864215484e-08
5687,899.8976567339996,5.8014,1.6690056543239297e-08
5688,900.046913997,5.8131,7.106349012359071e-09
