step,elapsed_seconds,loss,learning_rate
1,1.374077964999742,11.2119,0.0
2,1.5456580749996647,11.1788,7.535983533337761e-07
3,1.7179513230003067,11.2244,8.452956033337008e-07
4,1.8887046609997924,11.2038,9.410557049998008e-07
5,2.060002264001014,11.1583,1.0359251861114496e-06
6,2.230931441999928,11.2165,1.1310732505555482e-06
7,2.402435673000582,11.2041,1.2260170344446427e-06
8,2.5735354900007223,11.1768,1.3212569622222266e-06
9,2.7451328019997163,11.1588,1.4163116172221636e-06
10,2.9167184510006336,11.1936,1.5116858049997166e-06
11,3.0881935810011782,11.25,1.607005920555417e-06
12,3.259962752001229,11.1998,1.7023225144445556e-06
13,3.4322554680002213,11.1865,1.7976980983338661e-06
14,3.6031489609995333,11.2031,1.8934509644451384e-06
15,3.773631631000171,11.2177,1.988358884444905e-06
16,3.9448351400005777,11.1419,2.0830776533340314e-06
17,4.116851323000446,11.1862,2.1781796444449557e-06
18,4.288958827000897,11.0937,2.273751953889587e-06
19,4.460117443000854,11.1293,2.3693659772228182e-06
20,4.6315514060006535,11.1798,2.4644407761115875e-06
21,4.803590112000165,11.0859,2.5597199105555374e-06
22,4.9756556560005265,11.1141,2.6552683022226932e-06
23,5.147243518000323,11.1169,2.750870602777569e-06
24,5.319233235999491,11.1624,2.846256978333865e-06
25,5.490609423999558,11.1053,2.9417268744449155e-06
26,5.661780034999538,11.049,3.0369358588894913e-06
27,5.833040694000374,10.9454,3.132043244444908e-06
28,6.004494106000493,11.0411,3.2271924988890533e-06
29,6.176487284001269,11.0422,3.322482430000188e-06
30,6.347751852001238,11.1291,3.418007073333784e-06
31,6.519381232999876,10.9506,3.513179708333054e-06
32,6.690961203999905,10.9682,3.6084757922223314e-06
33,6.862648291000369,10.9295,3.70385091000066e-06
34,7.034843991001253,10.8927,3.79921120777807e-06
35,7.205822760999581,11.0188,3.894862602778125e-06
36,7.37732078100089,10.9037,3.989848319444921e-06
37,7.548661068000001,10.8098,4.085118671666553e-06
38,7.720344864999788,10.8572,4.180256568889592e-06
39,7.891680185999576,10.8175,4.27576061666716e-06
40,8.063688684000226,10.8404,4.370850361111581e-06
41,8.234722577000866,10.7036,4.4664822472229094e-06
42,8.406172295999568,10.742,4.56143198388923e-06
43,8.577614956000616,10.8683,4.656754307777899e-06
44,8.749206558000878,10.5661,4.751972509444992e-06
45,8.920748878999802,10.6799,4.8473177983335825e-06
46,9.092109616000016,10.7463,4.94257726722228e-06
47,9.26531631600119,10.6963,5.037780867777555e-06
48,9.437214536001193,10.7482,5.134032077778304e-06
49,9.608681566000087,10.5562,5.229596020555821e-06
50,9.780424791000769,10.7271,5.324778366111786e-06
51,9.951694126000802,10.6371,5.420189665000079e-06
52,10.123548503001075,10.4483,5.515352557222286e-06
53,10.295455294999556,10.4836,5.610873676667123e-06
54,10.467150784001205,10.3428,5.706319173889118e-06
55,10.63857582899982,10.4841,5.801683818889514e-06
56,10.810476144999484,10.4893,5.8969245244447345e-06
57,10.981442677000814,10.616,5.9924930255561375e-06
58,11.15315154900054,10.4537,6.08743451666669e-06
59,11.324305256001026,10.4517,6.182859392222074e-06
60,11.495510976999867,10.3623,6.277947645000192e-06
61,11.667412132999743,10.3869,6.373085022778469e-06
62,11.838917654000397,10.259,6.468481954444643e-06
63,12.010453613000209,10.08,6.563824698889423e-06
64,12.182206433000829,10.2435,6.659130966666756e-06
65,12.353844389001097,10.2687,6.754556194444174e-06
66,12.52527302800081,9.9257,6.849813542778268e-06
67,12.696692751000228,10.004,6.945095361111776e-06
68,12.868434463000085,10.2745,7.040348382778474e-06
69,13.040283706000992,10.188,7.135775598889168e-06
70,13.212106382999991,10.0465,7.231274163333283e-06
71,13.383895871000277,9.8911,7.326668239444795e-06
72,13.555749557001036,9.9281,7.422132021110884e-06
73,13.727762215999974,9.9984,7.517587943888835e-06
74,13.899515416000213,9.747,7.613170988888669e-06
75,14.07113161199959,9.5884,7.708590340000431e-06
76,14.242996758999652,9.8424,7.803926827222716e-06
77,14.414741615000821,9.7684,7.89937755777828e-06
78,14.586065257999508,9.8711,7.994800731667055e-06
79,14.757539391001046,9.4979,8.089952221111565e-06
80,14.930313308999757,9.6258,8.185259146110992e-06
81,15.101906558000337,9.606,8.281253958333159e-06
82,15.273925777999466,9.4316,8.376598793889167e-06
83,15.44597892800084,9.7073,8.472120161666478e-06
84,15.618209895999826,9.4668,8.567725899444366e-06
85,15.790497922000213,9.52,8.663395444999777e-06
86,15.96251989600023,9.4132,8.759084305555816e-06
87,16.13457409700095,9.5685,8.85471593888926e-06
88,16.30705375100115,9.0179,8.950242932222763e-06
89,16.47862368800088,9.2191,9.046133911667007e-06
90,16.649778181999864,9.0406,9.141359082777853e-06
91,16.821976801000346,9.2225,9.236507166666949e-06
92,16.994266833000438,9.2802,9.332133381111716e-06
93,17.165268022999953,9.2516,9.427926089444251e-06
94,17.336251656000968,9.2395,9.522882059444681e-06
95,17.508098669999526,9.3225,9.617877745000038e-06
96,17.67964118999953,9.3146,9.713336198333814e-06
97,17.85139555400019,9.1577,9.80866910555556e-06
98,18.02331790199969,9.084,9.904076448333904e-06
99,18.195263517000058,8.945,9.999599157222797e-06
100,18.367829152000922,9.33,1.0095115281667151e-05
101,18.539864929000032,8.9254,1.0191046986667262e-05
102,18.711275487999956,9.0076,1.0286574788333384e-05
103,18.882628260000274,9.1691,1.0381775428888635e-05
104,19.054539818000194,9.0536,1.0476953502222588e-05
105,19.226923972000804,8.6329,1.0572478577222581e-05
106,19.398368211999696,9.1272,1.0668248177222874e-05
107,19.570528313000978,9.1181,1.076346051999988e-05
108,19.742692400001033,8.6568,1.0859139030555727e-05
109,19.915015561000473,9.0573,1.0954823067222605e-05
110,20.088493400000516,8.8252,1.1050549856111805e-05
111,20.26076302799993,8.9757,1.1146930863888985e-05
112,20.432968488999904,8.675,1.12425916016673e-05
113,20.604873742000564,8.9458,1.1338267631111497e-05
114,20.776839670999834,8.7763,1.143378366388889e-05
115,20.949043176000487,8.5014,1.1529357447222235e-05
116,21.12156452400086,8.8357,1.1624983851666507e-05
117,21.293047917999502,8.2454,1.1720826191666574e-05
118,21.465387856000234,8.6243,1.18161346405557e-05
119,21.6375470160001,8.8066,1.191185462111106e-05
120,21.80961138299972,8.648,1.200750484444446e-05
121,21.981168051999703,8.6488,1.2103113761667273e-05
122,22.15403224900001,8.6222,1.21984148733332e-05
123,22.326275929000985,8.4723,1.229443758777759e-05
124,22.498004311999466,8.4762,1.2390105828333415e-05
125,22.669306973999483,8.235,1.2485537207778382e-05
126,22.840962334001233,8.6197,1.2580681783333098e-05
127,23.013130811999872,8.5459,1.2676029612222112e-05
128,23.1854439180006,8.3192,1.2771725035555492e-05
129,23.357020968000143,8.5831,1.286745340388936e-05
130,23.529489667000234,8.6777,1.2962768254444907e-05
131,23.701426371000707,8.543,1.305861120666729e-05
132,23.873550219999743,7.9619,1.3154046737777714e-05
133,24.045126840001103,8.4693,1.3249766514444573e-05
134,24.2171187060012,8.1251,1.334506176388863e-05
135,24.389117691000138,8.7288,1.3440610677222745e-05
136,24.561055563999616,8.559,1.353614773333397e-05
137,24.733116133000294,8.5723,1.3631653202778075e-05
138,24.905550935000065,8.3965,1.3727290696666995e-05
139,25.07800353499988,8.5712,1.3823091627777507e-05
140,25.25129919400024,8.3924,1.3918841751667263e-05
141,25.423660705000657,8.3412,1.401516911500039e-05
142,25.59562238699982,8.4212,1.4110878574444239e-05
143,25.76828608300093,8.5504,1.4206439113333747e-05
144,25.940171313000974,7.672,1.4302392888889194e-05
145,26.11316202300077,8.3397,1.4397924606666697e-05
146,26.285777242999757,8.317,1.4493953513888806e-05
147,26.45777170400106,8.1675,1.4589808125000573e-05
148,26.630496089999724,8.0654,1.4685351226111785e-05
149,26.80186519400013,8.0194,1.4781346182222075e-05
150,26.974483830999816,8.3169,1.4876501641666538e-05
151,27.14688387299975,8.2589,1.4972469140000412e-05
152,27.318733995000002,8.4791,1.5068215603333657e-05
153,27.490680427999905,8.1129,1.5163708767778289e-05
154,27.663214104000872,7.8587,1.5259224977221996e-05
155,27.835049629000423,8.4593,1.5355061498889377e-05
156,28.007692447999943,8.4274,1.545053137000044e-05
157,28.17978629299978,7.9893,1.5546463417777988e-05
158,28.351694205000967,8.0856,1.564212021888933e-05
159,28.52404401900094,8.5705,1.573755237277813e-05
160,28.696034816000974,7.8268,1.583339260388938e-05
161,28.868076750999535,7.9295,1.592894101222252e-05
162,29.040601181000966,8.2528,1.602449637388923e-05
163,29.21267755699955,7.7745,1.6120328409444683e-05
164,29.384265079001125,8.3331,1.621591809722203e-05
165,29.5564821450007,8.4369,1.6311207783889284e-05
166,29.728866585001015,7.8371,1.6406888147222262e-05
167,29.901472178000404,8.2153,1.6502641028888925e-05
168,30.073256130001027,8.2804,1.6598571931667217e-05
169,30.245330867999655,8.4344,1.6694081975555392e-05
170,30.41771906000031,8.0301,1.6789589220555476e-05
171,30.590277192999565,8.1356,1.6885335050000224e-05
172,30.76174370100125,7.9787,1.698121622444483e-05
173,30.933772017000592,8.1073,1.7076459765000133e-05
174,31.106347966000612,8.1826,1.7172019920000014e-05
175,31.27864284700081,8.254,1.7267931295000382e-05
176,31.450567232999674,8.2484,1.736363871666678e-05
177,31.622659724000187,7.8116,1.7459154568333464e-05
178,31.794874285000333,8.174,1.7554764642778133e-05
179,31.96777490200111,8.1953,1.7650415939444632e-05
180,32.140170569000475,8.3777,1.7746498921666597e-05
181,32.3126334589997,7.7409,1.7842298777777617e-05
182,32.48424603800049,7.5262,1.7938074138889228e-05
183,32.65621657700103,7.8182,1.803341501611107e-05
184,32.828427607000776,8.0912,1.8128957848889008e-05
185,33.000342798999554,7.4931,1.822464157111123e-05
186,33.172446038999624,8.3958,1.8320139516111643e-05
187,33.345711022000614,7.6412,1.8415776888889218e-05
188,33.51842795000084,8.3391,1.8512000882778417e-05
189,33.69140338500074,7.9176,1.860796567166694e-05
190,33.863739927001006,7.8762,1.870410430999982e-05
191,34.03584062899972,7.4605,1.8799826265555265e-05
192,34.2087634239997,8.2774,1.8895465588888733e-05
193,34.381103507999796,7.5687,1.899152149999989e-05
194,34.553439616000105,8.0754,1.9087222025556105e-05
195,34.726057828000194,7.6879,1.9183065934444637e-05
196,34.8986177830011,7.4152,1.9278891459999716e-05
197,35.07106568600102,7.4811,1.9374733557222298e-05
198,35.243729324000014,7.7281,1.9470571753333085e-05
199,35.41563102500004,7.9761,1.9566503152778348e-05
200,35.588425923000614,7.7051,1.9661981938333057e-05
201,35.76003138000124,7.631,1.9757964525000112e-05
202,35.932383438001125,8.0326,1.9853297111111617e-05
203,36.104987791000895,8.1839,1.9949103280555896e-05
204,36.2781522690002,8.133,2.004496945000028e-05
205,36.45014766300119,7.7285,2.0141066199444647e-05
206,36.62260391000018,7.7015,2.0236708972222713e-05
207,36.795578033999846,7.9511,2.0332527382222705e-05
208,36.97038170500127,7.9514,2.0428686876110885e-05
209,37.14727248800045,8.536,2.0526298206110975e-05
210,37.320963316000416,8.0321,2.0624042348333913e-05
211,37.4937161050002,8.5327,2.072106955388942e-05
212,37.66590454099969,7.7671,2.0816449096110874e-05
213,37.83796760500081,7.7741,2.0912139357222057e-05
214,38.010643149000316,7.5605,2.1007744605555373e-05
215,38.18367160799971,7.5503,2.1103655992222536e-05
216,38.355884755999796,7.8514,2.1199732078889105e-05
217,38.52775108100104,8.0293,2.129546203666703e-05
218,38.70045610499983,8.0714,2.1390979537222344e-05
219,38.87399952499982,7.9549,2.1486868368333997e-05
220,39.046989628999654,7.8661,2.158334853611147e-05
221,39.21956373499961,7.675,2.167942010888914e-05
222,39.392445491001126,7.7655,2.1775265109444164e-05
223,39.56588798899975,7.7877,2.1871364946666492e-05
224,39.73934929400093,8.095,2.1967670763333445e-05
225,39.911920910000845,8.7608,2.206406820777779e-05
226,40.08489154000017,8.2358,2.2159978312777942e-05
227,40.25847042799978,7.9186,2.225602324000041e-05
228,40.431932441000754,8.1495,2.2352448731666705e-05
229,40.604947982999875,8.2627,2.244884625611121e-05
230,40.77763785699972,8.0407,2.2544962851110945e-05
231,40.951017182000214,8.1332,2.2640855941111415e-05
232,41.12341876500068,7.7273,2.273724723388922e-05
233,41.294905765000294,7.4952,2.2832952244444745e-05
234,41.46737149399996,7.4422,2.292820343166669e-05
235,41.64013930600049,7.9351,2.3024077577777767e-05
236,41.812739017999775,7.556,2.3120070488333417e-05
237,41.985148412000854,7.8666,2.3215964541666634e-05
238,42.1575170720007,8.2847,2.3311723972222657e-05
239,42.33045370400032,7.5478,2.3407525846111336e-05
240,42.503725364000275,8.0602,2.3503501471666623e-05
241,42.675604887999725,7.5402,2.3599883703889445e-05
242,42.849129292000725,7.8956,2.369528447055624e-05
243,43.02143060799972,7.9646,2.3791755337778242e-05
244,43.194727045000036,7.9072,2.3887469032222522e-05
245,43.367176498000845,7.5815,2.3983730613888637e-05
246,43.53914902100041,7.501,2.4079488805000437e-05
247,43.71129564900002,7.331,2.41749833966666e-05
248,43.88407677699979,8.3106,2.4270702858888806e-05
249,44.05677895200097,8.2796,2.4366713283889114e-05
250,44.22909773200081,7.7691,2.446264690388893e-05
251,44.40149822500098,7.9293,2.4558393325556205e-05
252,44.57505674700042,7.9167,2.465414541111083e-05
253,44.74751227300112,8.1809,2.4750544995555784e-05
254,44.92078111900082,8.1538,2.4846384331666643e-05
255,45.09464563599977,7.6062,2.4942619727777735e-05
256,45.267270620001,7.6284,2.5039240126666806e-05
257,45.44046886999968,8.3017,2.513514722888936e-05
258,45.61212742300086,7.4308,2.5231359433889034e-05
259,45.785278671000924,7.9192,2.532671018388909e-05
260,45.95845161299985,7.5943,2.542292723222292e-05
261,46.13172975099951,8.1415,2.5519146944444504e-05
262,46.304773906000264,8.3489,2.561540790444471e-05
263,46.47802611900079,7.6225,2.571156784277769e-05
264,46.650743375001184,7.0372,2.5807784661111428e-05
265,46.82321087700075,8.156,2.590369525277816e-05
266,46.99616196900024,7.2011,2.599953375222261e-05
267,47.16960647900123,7.9194,2.609566428444446e-05
268,47.34265430199957,8.0862,2.619198375777766e-05
269,47.5156228320011,8.1813,2.6288105171667365e-05
270,47.68784169900027,7.6241,2.6384207340000404e-05
271,47.86057436200099,7.8552,2.6479874531111514e-05
272,48.03339557199979,7.3144,2.6575890973333827e-05
273,48.20613907200095,7.9555,2.6671878656666698e-05
274,48.37870404299974,7.8425,2.6767864302222128e-05
275,48.55194712500088,7.7017,2.686371406999974e-05
276,48.72436978100086,7.9134,2.6959949380555677e-05
277,48.89648707500055,7.8398,2.7055740405000203e-05
278,49.06895143300062,8.1271,2.715130724277818e-05
279,49.24176832699959,7.5895,2.7247183876666492e-05
280,49.41448475300058,7.5155,2.7343152804445104e-05
281,49.58746538000014,7.9278,2.743913089888944e-05
282,49.759496714001216,7.6931,2.7535226298333428e-05
283,49.931766866000544,7.4704,2.7630774102778255e-05
284,50.10345869699995,7.1501,2.7726513541111777e-05
285,50.276260622000336,7.5177,2.7821894084444366e-05
286,50.450262591000865,7.8034,2.791793944111103e-05
287,50.62244003700107,7.8809,2.8014548189444718e-05
288,50.794714522000504,7.8225,2.8110191215000668e-05
289,50.96767801100032,7.9755,2.8205878546666808e-05
290,51.140257465000104,7.5143,2.8302008302222626e-05
291,51.312485529000696,7.7226,2.8397928210000225e-05
292,51.485109299001124,7.5031,2.8493604404444946e-05
293,51.65724289300124,8.1495,2.8589532372777993e-05
294,51.829990203001216,7.6407,2.8685101182778052e-05
295,52.0022407460001,8.0711,2.8781126826666476e-05
296,52.17460967500119,7.6352,2.887678631055577e-05
297,52.3471805829995,7.6123,2.8972538522777742e-05
298,52.51949442899968,7.6084,2.9068389068334e-05
299,52.69173965099981,7.8514,2.9164130356666648e-05
300,52.86410976600018,8.0231,2.9259799405000297e-05
301,53.03678024600049,7.9747,2.935558006277764e-05
302,53.208859193000535,7.9029,2.9451518281110923e-05
303,53.38138194000021,8.4006,2.9547143304999835e-05
304,53.55331888600085,7.476,2.9642940070000097e-05
305,53.725918623000325,7.4068,2.9738518830555323e-05
306,53.8987365640005,7.4496,2.9834416930555868e-05
307,54.071369372000845,8.1265,2.9930388913333246e-05
308,54.2438821020005,7.7619,3.002624369000033e-05
309,54.4163980430003,7.7532,3.012214219333348e-05
310,54.588904153999465,7.6914,3.0217964712222364e-05
311,54.76136698499977,7.5387,3.031378081666642e-05
312,54.93437215599988,7.9258,3.0409674782222286e-05
313,55.107973215999664,7.4695,3.0505774493333067e-05
314,55.27995467300025,7.4187,3.0602559276667305e-05
315,55.454289016000985,7.6865,3.069772952333349e-05
316,55.628681510001115,8.012,3.0794544928889485e-05
317,55.80752899100116,7.7269,3.089238612111128e-05
318,56.004802302000826,6.8416,3.0991352633333614e-05
319,56.18367185100033,7.9831,3.110096971444465e-05
320,56.36090384700037,7.9808,3.119976535611083e-05
321,56.535029673999816,8.0773,3.129827699388948e-05
322,56.70776524400026,7.5156,3.139500618333336e-05
323,56.880340712999896,7.2612,3.149102210055591e-05
324,57.05456877399956,7.149,3.1586888994999955e-05
325,57.2275995330001,7.3587,3.1683664110556086e-05
326,57.400914517000274,7.9683,3.1779810285000475e-05
327,57.573568146999605,8.111,3.187604421111145e-05
328,57.74757233899982,7.6366,3.197194196222275e-05
329,57.920470580000256,7.7601,3.206864233388943e-05
330,58.09348585100088,7.7939,3.216473954722258e-05
331,58.2665386130011,7.8277,3.2260831801111435e-05
332,58.43922345700048,8.388,3.235690784500043e-05
333,58.61272530899987,7.9788,3.2452835827222464e-05
334,58.78613651500018,7.3483,3.254934203555624e-05
335,58.9597073620007,7.6944,3.2646065297222875e-05
336,59.13307941899984,7.668,3.2742023981666844e-05
337,59.306100529000105,7.0571,3.283841442166704e-05
338,59.478362021000066,8.1357,3.293442330611167e-05
339,59.651318092999645,7.9247,3.303029779333378e-05
340,59.82513040199956,8.386,3.312629500555583e-05
341,59.99803863300076,7.9586,3.3222865729445e-05
342,60.17069535900009,7.715,3.3318919616666687e-05
343,60.34359134100123,7.0547,3.3414832632777486e-05
344,60.5165046710008,7.7125,3.351085008499973e-05
345,60.68909866800095,6.9476,3.3606935502777765e-05
346,60.86231262500041,7.8498,3.370276112166721e-05
347,61.03531830999964,7.3914,3.379901732500003e-05
348,61.20959046700045,7.2839,3.3895189112222904e-05
349,61.382647094000276,7.5395,3.3992537900000274e-05
350,61.55499489900103,7.237,3.408814551777849e-05
351,61.72757107600046,7.3148,3.418384434499987e-05
352,61.900191878999976,7.5028,3.427979709888859e-05
353,62.073072848001175,6.9869,3.437567678222271e-05
354,62.24608133100082,7.643,3.4471691107222194e-05
355,62.41846835599972,7.1932,3.4567785846667094e-05
356,62.5909503870007,8.0035,3.4663605912222316e-05
357,62.7640506179996,7.7511,3.47593678000006e-05
358,62.937037363000854,7.7027,3.4855566413889394e-05
359,63.10984856399955,7.1857,3.495171111888946e-05
360,63.28237808900121,7.8429,3.504755175944512e-05
361,63.45509268600108,7.351,3.514363002388867e-05
362,63.62788419699973,7.4397,3.523954788111142e-05
363,63.801185377000365,7.5276,3.53354725694448e-05
364,63.97499067700119,6.7419,3.543169942055607e-05
365,64.14782087800086,6.9713,3.5528352843333174e-05
366,64.32118724700013,7.6777,3.562438732944429e-05
367,64.49413977100085,7.9928,3.5720625858333126e-05
368,64.66757582500031,7.5874,3.5816716280000445e-05
369,64.84080200500102,8.0608,3.591301563777759e-05
370,65.0138419520008,7.3102,3.600933605111096e-05
371,65.18645278000076,7.0937,3.610545342611153e-05
372,65.36023854599989,7.6442,3.620130587222269e-05
373,65.5334517980009,8.0255,3.629781813888864e-05
374,65.70594063099998,7.7876,3.639410085222254e-05
375,65.87924004200067,8.3578,3.648992488722292e-05
376,66.05227940199984,7.8014,3.658627355722274e-05
377,66.22526491999997,7.2607,3.668231723055619e-05
378,66.39796759000092,7.1778,3.677844873944499e-05
379,66.57093334700039,7.7225,3.687440107500051e-05
380,66.7449579690001,7.4983,3.697049928777839e-05
381,66.91852222400121,7.7076,3.706729065833315e-05
382,67.09282918600002,7.783,3.716365193000052e-05
383,67.2662806520002,7.9806,3.726045751833327e-05
384,67.4398986569995,6.578,3.735680529611172e-05
385,67.61357638499976,7.518,3.745321276333319e-05
386,67.78770822499973,8.1837,3.754972265777825e-05
387,67.96014855100111,6.4823,3.7646436650556e-05
388,68.13391420399967,7.5587,3.774232758333306e-05
389,68.30762224200043,7.9749,3.7838775558333916e-05
390,68.48100077900017,7.6433,3.793529632444511e-05
391,68.65455776300041,8.0517,3.803160409055535e-05
392,68.82862468700114,7.1833,3.8128052060556005e-05
393,69.00323592400127,7.5203,3.822477451111101e-05
394,69.17689686700032,7.4711,3.832182369166731e-05
395,69.35074273999999,7.4483,3.8418289055556065e-05
396,69.52551984000092,7.9191,3.851484550444487e-05
397,69.69914476600024,7.7233,3.8611896515555295e-05
398,69.87237124400053,6.9326,3.870840894388898e-05
399,70.04602203800096,7.5122,3.880463917388928e-05
400,70.22064261000014,7.5265,3.89010971000001e-05
401,70.39428041000065,6.6122,3.8998144564444984e-05
402,70.56908305700017,7.7977,3.909457268333325e-05
403,70.74254327600102,7.3726,3.919169759888872e-05
404,70.91624668900113,7.2694,3.9288046714999735e-05
405,71.09028572399984,6.8088,3.938456232277835e-05
406,71.26418305200059,7.885,3.948125638388875e-05
407,71.43756615200073,6.9361,3.9577861920000336e-05
408,71.61022467200019,7.3618,3.9674186483333766e-05
409,71.78351910099991,7.3555,3.977008245611109e-05
410,71.95671800499986,7.6777,3.9866355800556146e-05
411,72.13018943800125,6.5061,3.9962646088889516e-05
412,72.30326713900104,7.5719,4.005889615999978e-05
413,72.47637703200053,7.5581,4.0155177071667114e-05
414,72.64892676900126,6.6968,4.025132724500004e-05
415,72.82247915100015,7.2587,4.034719534777752e-05
416,72.99545459799992,7.5662,4.0443547432222565e-05
417,73.16847873000006,7.5948,4.0539592079999747e-05
418,73.34157385300023,7.4749,4.0635798053889526e-05
419,73.51425360900066,6.3125,4.0731913765555673e-05
420,73.68722302400056,7.3142,4.0827900918333805e-05
421,73.85979304899956,6.9463,4.092400197055617e-05
422,74.03315901300084,7.7055,4.1019840553889385e-05
423,74.20618984000066,7.9582,4.111618617555602e-05
424,74.37913189699975,6.6046,4.121231339833382e-05
425,74.55176594600016,8.0581,4.13083122577781e-05
426,74.72462469099992,7.9413,4.1404275740000635e-05
427,74.89834196500124,7.5891,4.1500330423333354e-05
428,75.07244442500087,7.3033,4.159682085888866e-05
429,75.24579304399958,7.5173,4.169357469277808e-05
430,75.4186074650006,6.1973,4.1789868681666526e-05
431,75.59256123500018,7.44,4.188585884944486e-05
432,75.76667998199991,6.9378,4.198253388611091e-05
433,75.94060377999995,8.1933,4.207917787722282e-05
434,76.1132700119997,6.763,4.217590204277763e-05
435,76.28625942899998,7.7529,4.22717843938891e-05
436,76.46036089300105,7.0873,4.236791066888954e-05
437,76.63366246500118,6.8664,4.246464131222233e-05
438,76.80660817700118,7.2619,4.2560883278888974e-05
439,76.98032747800062,7.0875,4.265723196777799e-05
440,77.15462894600023,7.4579,4.275347198833313e-05
441,77.3270122440008,7.0612,4.285033125722193e-05
442,77.50023176200011,7.455,4.294603772277798e-05
443,77.67404643600094,7.3026,4.3042335676111384e-05
444,77.84897296100098,7.2801,4.31389013533337e-05
445,78.0220443319995,7.4305,4.323612730611179e-05
446,78.19537679400128,7.5578,4.33321843638886e-05
447,78.36890105200109,7.6695,4.342853455111153e-05
448,78.54214016600054,7.4864,4.352491637500054e-05
449,78.71496574100092,8.1402,4.362110394444446e-05
450,78.88801973699992,7.4427,4.3717161649444984e-05
451,79.06141481800114,7.6527,4.381334524500037e-05
452,79.23445858800005,7.7544,4.3909680448889253e-05
453,79.40765063599974,7.4428,4.400580824666678e-05
454,79.58068198100045,7.5032,4.41020104700005e-05
455,79.75366394999946,8.0975,4.4198180693888894e-05
456,79.92687032100002,7.6454,4.429422694388955e-05
457,80.10029732899966,7.4033,4.4390544961111624e-05
458,80.27321775500059,7.306,4.448679681555606e-05
459,80.44586474300013,7.1591,4.4582884863888875e-05
460,80.61947655699987,7.2228,4.4678771142777504e-05
461,80.79279588899954,7.022,4.477519993333368e-05
462,80.96583904399995,7.0782,4.4871511556111725e-05
463,81.13914540699989,7.5719,4.4967688436666627e-05
464,81.3128467509996,7.2863,4.506391276388867e-05
465,81.48793837099947,7.0434,4.5160438488889365e-05
466,81.66122827700019,7.318,4.525825624222206e-05
467,81.83473998800036,6.0835,4.535399221611139e-05
468,82.00794951700118,6.8921,4.5450368450000396e-05
469,82.18175430300107,6.7186,4.5546627673889414e-05
470,82.35501943700001,6.8503,4.56431482333331e-05
471,82.52873588700095,7.2308,4.5739403033333775e-05
472,82.70222906600065,7.0178,4.583599832388953e-05
473,82.87621077699987,7.5811,4.593227665500005e-05
474,83.04963887099984,7.7286,4.602898319333387e-05
475,83.22260100700078,6.2128,4.61252886250006e-05
476,83.3955429130001,7.5249,4.6221407872222294e-05
477,83.56890951999958,7.3198,4.631751789166729e-05
478,83.74264634000065,8.037,4.6413866111111525e-05
479,83.9163698730008,7.3742,4.6510339242222476e-05
480,84.0897105790009,7.5586,4.660688173888957e-05
481,84.26299368299988,7.1478,4.670314624055613e-05
482,84.43600594100099,7.3652,4.679941001277762e-05
483,84.60924412799977,7.0498,4.6895601845555784e-05
484,84.78394587299954,7.4895,4.699175899500006e-05
485,84.95762642800037,7.295,4.70888517161115e-05
486,85.13192845900085,7.2638,4.7185340208889106e-05
487,85.30477021700062,7.7213,4.728216363055556e-05
488,85.47929855999973,7.1784,4.737815739166662e-05
489,85.65341288700074,7.4375,4.747564569555531e-05
490,85.82697133300098,6.9081,4.75718553250004e-05
491,86.00042206600119,7.7261,4.7668294844444166e-05
492,86.1739291419999,7.0535,4.7764677277777486e-05
493,86.34716105200096,7.3356,4.786104230944451e-05
494,86.52047460700123,6.9072,4.795727875444451e-05
495,86.6929412419995,6.4483,4.805357449555535e-05
496,86.86698594600057,6.7819,4.814941074611144e-05
497,87.04130800200073,7.0459,4.824605770055617e-05
498,87.21402668200062,7.2488,4.834295263666718e-05
499,87.3877421899997,7.0222,4.843888875111083e-05
500,87.56114360200081,7.0658,4.85353891555557e-05
501,87.73511353499998,7.612,4.8631748474999775e-05
502,87.9087179119997,7.5538,4.8728378094999955e-05
503,88.08205096200072,7.1991,4.882488632166719e-05
504,88.2555998780008,7.4406,4.892114219333356e-05
505,88.42967445999966,7.1659,4.901753799111147e-05
506,88.60374387100092,7.3413,4.911420908666716e-05
507,88.77739330100121,7.4249,4.921088702111168e-05
508,88.95040438199976,7.9368,4.9307448266111656e-05
509,89.12383735500043,7.5824,4.94034639783331e-05
510,89.29703286600125,7.7608,4.94999004383337e-05
511,89.46955264000098,7.2627,4.959604939055579e-05
512,89.64326638999955,7.6001,4.969190572055595e-05
513,89.81704978299967,6.3499,4.978847637055575e-05
514,89.99041767100061,7.0974,4.988496106500053e-05
515,90.1635149900012,7.2075,4.9981301713333884e-05
516,90.3371933920007,6.2038,4.999139856580241e-05
517,90.51121111000066,7.1138,4.998066474623455e-05
518,90.68484421500034,7.6031,4.996992753444447e-05
519,90.85759283300104,7.4961,4.995921349925926e-05
520,91.03092613900117,7.6492,4.994855433061724e-05
521,91.20437997599947,7.8035,4.9937847852654254e-05
522,91.37722817600115,6.2438,4.992713779290126e-05
523,91.551513978,7.6191,4.991646517302472e-05
524,91.72441810500095,7.6362,4.990571370364201e-05
525,91.8985864059996,7.3187,4.9895030417037e-05
526,92.07243307399949,6.3605,4.9884285794074054e-05
527,92.24638248799965,6.3524,4.98735511496913e-05
528,92.42015550500037,7.3274,4.9862823641851836e-05
529,92.59478043800118,7.0135,4.985208811043204e-05
530,92.76822905399968,7.723,4.9841307408888824e-05
531,92.94209863400101,6.9881,4.983060435493826e-05
532,93.11586746400098,7.0799,4.981987700506175e-05
533,93.28977131000102,7.1281,4.9809138950987615e-05
534,93.46329044199956,6.9766,4.979840305172841e-05
535,93.63710259900108,7.584,4.978770650111107e-05
536,93.81046767800035,6.5881,4.97769686522222e-05
537,93.98440584499986,6.9643,4.976627368117281e-05
538,94.1572262410009,7.1294,4.9755530078641924e-05
539,94.33126280100078,6.6649,4.974486425950618e-05
540,94.50570589699964,7.3218,4.973412986111108e-05
541,94.67960185099946,7.0717,4.9723354518333335e-05
542,94.8533652469996,7.6422,4.971262513160492e-05
543,95.02740578799967,6.9473,4.9701896723827196e-05
544,95.20112255099957,6.54,4.969114810932095e-05
545,95.37465216400051,7.1655,4.9680430975555555e-05
546,95.54827222300082,7.5246,4.966971685191356e-05
547,95.72300445099972,7.1135,4.965899980419748e-05
548,95.89690848700047,7.5151,4.9648211301728335e-05
549,96.07063902700065,7.1513,4.963747449783945e-05
550,96.24529262500073,7.8904,4.9626755291666635e-05
551,96.41868190599962,6.9413,4.9615966865493774e-05
552,96.592892132001,7.9061,4.960527067722215e-05
553,96.76736222799991,7.8183,4.95945108209876e-05
554,96.94165818700094,7.2865,4.958375221327156e-05
555,97.11618012500003,7.5284,4.957299196203706e-05
556,97.29014087299947,6.5858,4.9562221608641916e-05
557,97.46289972100021,6.398,4.9551481714382664e-05
558,97.63673436099998,7.3289,4.9540814076604925e-05
559,97.81060215199977,6.3041,4.953007707296292e-05
560,97.98572445600075,7.3953,4.951935562419749e-05
561,98.15924219599947,7.5604,4.950853146493826e-05
562,98.33243363200017,6.742,4.949782636253088e-05
563,98.50680483600081,7.5738,4.948713790067904e-05
564,98.68193758300004,7.3948,4.9476373860061695e-05
565,98.85696280800039,7.0374,4.946555945919746e-05
566,99.03077886500068,6.3811,4.945475641222222e-05
567,99.20551453699954,7.2025,4.944402575419752e-05
568,99.37927593400127,6.5296,4.943324398709873e-05
569,99.55309560400019,7.3832,4.942251541246914e-05
570,99.72693764500036,6.3495,4.9411785810061706e-05
571,99.9010745659998,7.269,4.940105954296289e-05
572,100.07575779900071,7.6271,4.9390304799012316e-05
573,100.25016428500021,6.9271,4.9379528703456804e-05
574,100.42398892700112,7.0319,4.936875810518517e-05
575,100.59916937300113,7.0793,4.935802797734568e-05
576,100.77510905000054,6.8203,4.934722053691356e-05
577,100.94914902200071,7.0483,4.933634892444445e-05
578,101.12327268300032,7.1573,4.932561422271602e-05
579,101.29824812700099,7.1751,4.931486346493824e-05
580,101.47200517199963,7.2823,4.930406746067901e-05
581,101.6458874430009,7.1022,4.9293333986419674e-05
582,101.81987737599957,7.2586,4.928260060839499e-05
583,101.99455189100081,7.4855,4.927185567895063e-05
584,102.16969460899963,7.547,4.9261078233888905e-05
585,102.34488347000115,7.3117,4.925026969345675e-05
586,102.51936556100009,7.3117,4.9239450667777714e-05
587,102.69432490700092,6.7118,4.922868080666668e-05
588,102.86888372999965,7.6154,4.921787214685178e-05
589,103.04373332700015,6.8879,4.920710980333336e-05
590,103.21867847500107,6.4231,4.9196315913518504e-05
591,103.39307043699955,7.2151,4.918551717308635e-05
592,103.56728098900021,6.125,4.917474707444438e-05
593,103.74179560099947,6.1717,4.916400191808637e-05
594,103.91707072800091,7.1782,4.915322532302469e-05
595,104.0916403400006,6.7492,4.914240296438274e-05
596,104.26606036900012,7.5933,4.9131628286481436e-05
597,104.44130411700098,6.9177,4.912086115067903e-05
598,104.61713109300035,7.0955,4.911004550839506e-05
599,104.79174634599985,6.6322,4.909918779993826e-05
600,104.96697709900036,7.3873,4.9088407067469076e-05
601,105.14224225700127,6.9578,4.907759473450611e-05
602,105.31621379200078,6.5973,4.90667816358025e-05
603,105.49069602500094,5.8558,4.90560366696296e-05
604,105.66489597200052,6.5076,4.9045268578456786e-05
605,105.8404175960004,6.9046,4.903451568450613e-05
606,106.01484124499984,6.7626,4.9023674103765404e-05
607,106.18963149599949,6.7488,4.9012913874320935e-05
608,106.36337347100016,6.976,4.900205939141977e-05
609,106.53707468399989,6.0795,4.899139604808636e-05
610,106.71095342800072,6.8424,4.898067186833336e-05
611,106.8844839680005,6.3805,4.896994150555556e-05
612,107.05952229499962,7.8254,4.895923123722219e-05
613,107.23327189500014,7.6099,4.894842120938274e-05
614,107.40706089699961,7.2327,4.8937702488271535e-05
615,107.5805271019999,6.0987,4.892697338370364e-05
616,107.75479442300093,6.8724,4.8916263226172776e-05
617,107.92983934600124,6.3332,4.890551436592589e-05
618,108.10440457100049,7.4994,4.8894700201666596e-05
619,108.27887011700113,6.3482,4.888392904537032e-05
620,108.45389341600094,7.2432,4.887316348308638e-05
621,108.62917811199986,6.9607,4.886235597833334e-05
622,108.80347603200062,6.4806,4.885153171716051e-05
623,108.97814692400061,7.7008,4.8840779711728356e-05
624,109.15252621200125,7.5023,4.882999057987653e-05
625,109.3265243879996,6.5556,4.88192255772222e-05
626,109.50130275400079,6.8205,4.8808495965061715e-05
627,109.6758382629996,6.5453,4.879770057950613e-05
628,109.85088627299956,7.0893,4.878692757827156e-05
629,110.02513505500065,7.0778,4.877611289882719e-05
630,110.19952199799991,5.9424,4.876536057432094e-05
631,110.37430429000051,7.4028,4.87545963699383e-05
632,110.54868557200098,7.0918,4.874381479283947e-05
633,110.7239248650003,6.9551,4.873304764777773e-05
634,110.89971122800125,7.114,4.872223039771598e-05
635,111.07429609100109,7.1216,4.871137652771599e-05
636,111.24983612100004,6.886,4.87006023345062e-05
637,111.42481116800082,7.0302,4.868976951061726e-05
638,111.59993446299995,7.1815,4.867896306833335e-05
639,111.7743132100004,7.3046,4.866815374870373e-05
640,111.94877787100086,6.968,4.865739560111106e-05
641,112.12369362299978,6.5843,4.864662759944443e-05
642,112.29851162799969,6.9261,4.863582197302465e-05
643,112.47303147999992,7.5347,4.86250353242592e-05
644,112.64716678700097,7.472,4.8614260086172826e-05
645,112.82197597900085,6.6292,4.860351513716052e-05
646,112.99677403100031,7.5113,4.859271965296293e-05
647,113.17164710100042,6.7698,4.858192434518521e-05
648,113.34564781500012,7.1552,4.857113374962966e-05
649,113.52042848200108,7.1562,4.856038847524686e-05
650,113.6964704130005,6.4749,4.8549603497777744e-05
651,113.87136096200084,7.0188,4.853869835419753e-05
652,114.04598860999977,6.8488,4.852794623290125e-05
653,114.22114434700052,6.5682,4.8517161139876565e-05
654,114.3953506680009,7.0909,4.8506352083950556e-05
655,114.56998026899964,6.7094,4.849559363327158e-05
656,114.74504144599996,7.1678,4.848481223370365e-05
657,114.91928103999999,7.2677,4.84740143960494e-05
658,115.09364548899975,7.1825,4.846325035666662e-05
659,115.26851376500053,6.763,4.845248339722219e-05
660,115.4432012440011,7.1382,4.844169978425922e-05
661,115.61739420000049,6.9424,4.843091637475302e-05
662,115.79154204000042,6.6059,4.8420161923703647e-05
663,115.96705459199984,7.0626,4.840941415530863e-05
664,116.14216984199993,7.4212,4.839857896123451e-05
665,116.31699531400045,7.2636,4.8387772034259204e-05
666,116.49198254300063,7.3103,4.83769776683333e-05
667,116.66607025899975,6.7866,4.836617073098762e-05
668,116.84062296500088,6.8766,4.835543307265428e-05
669,117.01506561800124,6.1249,4.83446553389506e-05
670,117.18924599000093,6.9963,4.833388453765425e-05
671,117.36365064300117,7.2984,4.832313719895056e-05
672,117.5376564520011,7.0089,4.8312372404197514e-05
673,117.71155990400075,6.9685,4.830163563919749e-05
674,117.88532708800085,6.2732,4.8290888947098725e-05
675,118.05910189600036,6.586,4.828012242895056e-05
676,118.2332089169995,6.4144,4.826943381876542e-05
677,118.40694663700015,7.1255,4.8258687865555535e-05
678,118.58071043000018,6.3037,4.824796870395055e-05
679,118.7547850459996,7.116,4.823724475450619e-05
680,118.92854225700103,7.2861,4.822649756061731e-05
681,119.10339927300083,7.4149,4.8215768343333264e-05
682,119.27765331000046,6.5456,4.820497920765427e-05
683,119.45203336300074,7.4154,4.819422195240737e-05
684,119.6264599820006,7.3739,4.818346098314814e-05
685,119.80091024400099,6.5386,4.817268272672832e-05
686,119.97526306500004,7.2371,4.816191386506169e-05
687,120.14942081800109,6.4656,4.815115697808638e-05
688,120.3242169109999,7.1382,4.8140414495246885e-05
689,120.49853334900035,7.2888,4.812961847709878e-05
690,120.67400872899998,6.9955,4.811886019376536e-05
691,120.8484894860012,6.9062,4.810797464790119e-05
692,121.02377702600097,6.6992,4.809725410345678e-05
693,121.19797564500004,5.9893,4.808643460691358e-05
694,121.37181376999979,6.9189,4.807568108827155e-05
695,121.54551771200022,6.4751,4.806495086314813e-05
696,121.71924226699957,7.2013,4.805423323037039e-05
697,121.89374410600067,7.4368,4.804350936679009e-05
698,122.06829998300054,6.9465,4.8032729966604886e-05
699,122.24212642299972,6.2951,4.802195762753085e-05
700,122.41621479400055,6.7534,4.80112287544444e-05
701,122.59005846600121,5.9224,4.800047981487655e-05
702,122.76401087200065,7.1786,4.798975390598762e-05
703,122.93854422699951,6.824,4.797901080080246e-05
704,123.11271685000065,6.7848,4.796824159820983e-05
705,123.28709114900084,7.4513,4.7957488181234595e-05
706,123.46226036699954,5.9587,4.79467192732099e-05
707,123.63634987600017,6.6938,4.793589855123454e-05
708,123.8106510230009,7.2965,4.792516578592588e-05
709,123.98506258499947,6.2349,4.791440197308644e-05
710,124.15885097799946,5.978,4.7903637710432026e-05
711,124.33242364000034,7.219,4.7892909660802415e-05
712,124.50672405300065,7.2553,4.7882196582592584e-05
713,124.68080142700092,6.6753,4.7871441390864196e-05
714,124.85518931200022,4.6424,4.78606961953704e-05
715,125.02889371600031,4.6993,4.784991914611112e-05
716,125.2025237910002,6.3643,4.783920639086419e-05
717,125.37649641000098,6.786,4.782848700759256e-05
718,125.55095939199964,6.7609,4.781775258395056e-05
719,125.72603135800091,6.9208,4.780698404975311e-05
720,125.90068260500084,6.1277,4.779617603222225e-05
721,126.07599471700087,6.5406,4.7785389579506124e-05
722,126.24995751300048,6.9955,4.777457171685186e-05
723,126.4236638830007,7.4478,4.7763828868395045e-05
724,126.5981059149999,7.2284,4.7753106058271555e-05
725,126.77206755800034,6.9631,4.774233874209872e-05
726,126.94604153799992,5.4289,4.773160491722222e-05
727,127.12029263899967,7.4099,4.7720866124382715e-05
728,127.29427759300052,6.5911,4.7710108793827194e-05
729,127.46837067200067,6.6165,4.769936675302469e-05
730,127.64314865100096,7.1231,4.768862432944439e-05
731,127.81777928700103,6.5921,4.7677832640617266e-05
732,127.9922189810004,5.3675,4.766705122796294e-05
733,128.16720952000105,6.2184,4.765627829e-05
734,128.34211500400124,7.5692,4.7645483635864215e-05
735,128.516264459,6.2628,4.763468537580245e-05
736,128.6904556490008,6.188,4.7623936835246885e-05
737,128.8645981660011,6.3283,4.761317621203703e-05
738,129.03921009900114,7.154,4.760243720975302e-05
739,129.2141471800005,6.8095,4.759165519055555e-05
740,129.38862172799963,6.5379,4.7580857063086444e-05
741,129.5638607310011,7.273,4.757008736839509e-05
742,129.73841506200006,5.8687,4.7559271045246885e-05
743,129.9132629070009,7.0303,4.75484951062345e-05
744,130.08749819600052,6.8529,4.7537700325925854e-05
745,130.2621023190004,6.3829,4.7526951469876566e-05
746,130.4368338839995,6.2371,4.751617091888886e-05
747,130.60957023800074,5.6923,4.750538117574072e-05
748,130.7844897970008,6.8887,4.749471700703705e-05
749,130.95852952400128,6.8281,4.748392553000003e-05
750,131.13415804299984,6.4259,4.74731755633333e-05
751,131.30788401599966,5.2931,4.746234126913581e-05
752,131.48221598999953,6.5282,4.7451612586543134e-05
753,131.6570536399995,6.9494,4.7440855204197504e-05
754,131.831028736,6.6338,4.743005734641974e-05
755,132.0055651290004,6.731,4.741932456117282e-05
756,132.17932630500036,6.2736,4.74085442281481e-05
757,132.35334285300087,6.5941,4.739782274067896e-05
758,132.52751732100114,6.8808,4.7387088213024666e-05
759,132.70146828299949,6.7266,4.737632552388884e-05
760,132.87546570500126,6.0126,4.73655889667901e-05
761,133.04863290200046,6.2521,4.7354848605185194e-05
762,133.22293989399986,7.4484,4.734415789074066e-05
763,133.39700612900015,6.628,4.7333400733333285e-05
764,133.57231143600075,6.3402,4.7322654284506164e-05
765,133.7471259670001,6.4694,4.731183964382716e-05
766,133.92103941999994,4.8918,4.730104920351854e-05
767,134.09531434200107,6.0147,4.7290302363209865e-05
768,134.26908983999965,6.7196,4.727955019814814e-05
769,134.4429366309996,6.9632,4.726882252592594e-05
770,134.6168468930009,7.2239,4.725809766043212e-05
771,134.79087516900108,6.786,4.724735710808641e-05
772,134.964610594001,6.5819,4.7236612532715975e-05
773,135.13852841100015,6.3044,4.722589349475309e-05
774,135.31283021000127,7.3213,4.721516425666665e-05
775,135.4869522780009,5.0151,4.720439698296296e-05
776,135.66052713499994,6.66,4.719365140629623e-05
777,135.8343929700004,6.6704,4.718293323160494e-05
778,136.0075074840006,7.3241,4.717220550666663e-05
779,136.18204586200045,5.3744,4.716151964753082e-05
780,136.35608540199974,7.5245,4.715074292333336e-05
781,136.52991786100029,5.9727,4.713996903506176e-05
782,136.70326955699966,7.3196,4.71292788222222e-05
783,136.87704134200067,6.0451,4.7118571856419726e-05
784,137.05059672500101,6.3296,4.710784132697534e-05
785,137.2241741480011,6.7875,4.709712862518514e-05
786,137.3988136730004,6.8244,4.7086408444012346e-05
787,137.57240385499972,6.7111,4.707563555395059e-05
788,137.7462969290009,7.2673,4.70649196510494e-05
789,137.92002981000041,5.8904,4.7054182696543136e-05
790,138.09463176499958,6.9313,4.70434623038889e-05
791,138.26928570000018,6.1398,4.703268284141971e-05
792,138.44293971099978,6.6002,4.702189919037036e-05
793,138.6167098650003,5.1594,4.701117857685185e-05
794,138.79095997100012,6.5922,4.700045032296298e-05
795,138.9650378770002,6.7769,4.698970396592588e-05
796,139.1397785320005,6.5081,4.697895327537032e-05
797,139.31376058200112,5.34,4.696816652160494e-05
798,139.48829668500002,5.7647,4.6957426784135835e-05
799,139.6630471820008,6.9676,4.69466522283333e-05
800,139.83746636100113,5.5827,4.693586637549384e-05
801,140.01160249799977,7.6795,4.692509682419746e-05
802,140.1863293410006,7.1846,4.6914348719382714e-05
803,140.36079953800072,6.7173,4.690356258333334e-05
804,140.53484091500104,6.6168,4.689279844376545e-05
805,140.70846918200004,6.2769,4.6882048495802415e-05
806,140.88300865200108,7.04,4.6871333456481495e-05
807,141.05720633700003,7.1022,4.686055763728392e-05
808,141.23206108399972,6.4616,4.684980157049386e-05
809,141.40645513900017,6.6804,4.683901143629623e-05
810,141.58113453400074,6.0441,4.682824743141978e-05
811,141.75580642600107,6.8094,4.681746108506166e-05
812,141.92949154100097,5.8804,4.680668430765427e-05
813,142.10423963700123,7.2095,4.679596013240741e-05
814,142.27896644000066,6.1973,4.6785174913024725e-05
815,142.45391440099957,6.7956,4.677439143092591e-05
816,142.628180822001,6.6303,4.6763586911419685e-05
817,142.80087584400098,5.0844,4.675283273808643e-05
818,142.97580830100014,7.1596,4.6742168485308625e-05
819,143.1505228269998,6.3987,4.673136997197527e-05
820,143.3248475190012,6.7,4.672058885950618e-05
821,143.49858692900125,7.0434,4.670982544586418e-05
822,143.67405338299977,6.7437,4.669911067493828e-05
823,143.84835430699968,6.8058,4.668827533222219e-05
824,144.02263824200054,6.3306,4.667750552043204e-05
825,144.1960705620004,6.2376,4.6666750076111035e-05
826,144.37069383900052,6.7696,4.6656048926666634e-05
827,144.54485089199989,6.4857,4.664526689129633e-05
828,144.719221106001,6.6325,4.663452120648148e-05
829,144.89324414800103,5.3195,4.6623754428641924e-05
830,145.068250155,6.7374,4.661301170234563e-05
831,145.24271890400087,7.2092,4.6602212142839495e-05
832,145.41710966100072,7.1653,4.6591443361913536e-05
833,145.59070413100017,5.5686,4.658067437259259e-05
834,145.7644475119996,6.2153,4.65699559247531e-05
835,145.93900562199997,6.771,4.655923851098763e-05
836,146.1137165580003,6.7994,4.654845896808644e-05
837,146.28812128600111,5.3146,4.653767406382716e-05
838,146.4620324160005,6.9686,4.652691189481484e-05
839,146.63576900100088,6.584,4.651617833012344e-05
840,146.80987555799948,5.7465,4.650544655858023e-05
841,146.98399142400012,6.9399,4.649470505703701e-05
842,147.15809856499982,6.7146,4.648395595932095e-05
843,147.33178675099953,6.4989,4.6473209199259234e-05
844,147.50522242599982,5.8959,4.646248154197531e-05
845,147.67903493599988,5.071,4.6451775774567855e-05
846,147.85350825000023,7.0002,4.64410542067901e-05
847,148.02691887699984,6.0385,4.643028003265432e-05
848,148.20144146200073,7.3518,4.6419579542716074e-05
849,148.37594641900068,7.1181,4.6408802872407406e-05
850,148.55012586700104,6.6781,4.63980244757407e-05
851,148.72467655000037,7.1031,4.638728071919756e-05
852,148.89823397700093,6.3993,4.637650030030868e-05
853,149.07190639200053,5.6113,4.636579233117286e-05
854,149.24633165399973,7.0333,4.635507603320986e-05
855,149.41988891100118,6.2907,4.634430706672834e-05
856,149.59398048200092,6.9046,4.633359236327158e-05
857,149.76785771100003,6.3917,4.632284703000001e-05
858,149.94266201500068,6.9991,4.631210812771607e-05
859,150.11627718800082,6.8241,4.6301321996728424e-05
860,150.2904998539998,6.2127,4.62906008477778e-05
861,150.4636027100005,6.175,4.627985062395056e-05
862,150.63759183000002,7.0947,4.62691652222222e-05
863,150.8119658380001,5.8379,4.625841786438264e-05
864,150.98705227100072,7.36,4.6247665512654316e-05
865,151.1610657279998,6.2932,4.6236855930493775e-05
866,151.3359739309999,6.3537,4.6226106658950593e-05
867,151.5102536960003,6.2739,4.621531750401231e-05
868,151.6841325839996,6.1925,4.6204556272222147e-05
869,151.85718434500086,6.1897,4.619382233981475e-05
870,152.03115860400067,7.0846,4.6183139681481505e-05
871,152.20500561600056,5.7409,4.6172391289074084e-05
872,152.3794786769995,6.508,4.616166945962965e-05
873,152.55311370500021,4.8218,4.6150894131604914e-05
874,152.72737829700054,7.0971,4.6140184323703695e-05
875,152.9011425000008,5.6524,4.612942522320984e-05
876,153.07514683000045,6.5687,4.611870135833333e-05
877,153.24912985599985,6.345,4.610796146395056e-05
878,153.42266160200052,6.6388,4.609721722709877e-05
879,153.59716713300077,7.0799,4.6086502861604955e-05
880,153.77067820400043,7.3002,4.607573404253086e-05
881,153.94519283800037,6.042,4.606502448203701e-05
882,154.11948997299987,6.649,4.6054252879074075e-05
883,154.293950751,6.3965,4.6043488229753046e-05
884,154.4677048880003,6.5422,4.603267111222219e-05
885,154.64189070599969,6.7457,4.602199504635803e-05
886,154.81582469200112,6.4739,4.6011244067777724e-05
887,154.9895200080009,6.945,4.600050245092585e-05
888,155.16385396999976,6.8853,4.5989778219259226e-05
889,155.33806960500078,6.7152,4.597902167376538e-05
890,155.51255594600116,6.2872,4.596827008407403e-05
891,155.68637547800063,6.7461,4.5957493958765466e-05
892,155.8600162570001,7.1438,4.594677134086413e-05
893,156.0341432770001,5.793,4.593604950259255e-05
894,156.20818547400086,6.5931,4.5925303769012275e-05
895,156.38312515399957,7.0851,4.591456121160488e-05
896,156.55719864499952,5.6246,4.590375915185178e-05
897,156.73036908200083,5.868,4.589301472104934e-05
898,156.90456746699965,6.3894,4.588232744771608e-05
899,157.07810363499993,6.5775,4.587156461679014e-05
900,157.25243943700116,5.5989,4.586086196111112e-05
901,157.4259851300012,6.5801,4.585009793783953e-05
902,157.59943672699956,4.7352,4.583939133888882e-05
903,157.77386800400018,6.6191,4.5828678900123485e-05
904,157.9480206090011,5.4214,4.5817911453271525e-05
905,158.12186378000115,6.6994,4.580716209814814e-05
906,158.29574526800025,6.5089,4.5796434915864214e-05
907,158.46946051099985,7.0465,4.578569756092596e-05
908,158.64354677400115,6.7753,4.5774968277345706e-05
909,158.81702677300018,6.0971,4.576422695296296e-05
910,158.99140700200041,6.0456,4.5753518619320985e-05
911,159.16553977399963,6.0971,4.574274929999999e-05
912,159.3390416710008,4.488,4.573199971203697e-05
913,159.51274067300074,5.8836,4.572130099765426e-05
914,159.6865468520009,6.5769,4.5710574068456774e-05
915,159.86048461999962,6.4749,4.5699823254444376e-05
916,160.0344569580011,5.6257,4.568909857549376e-05
917,160.20848884600127,6.0302,4.567837380771605e-05
918,160.38190564599972,6.1805,4.5667625045987646e-05
919,160.55612641799962,6.4366,4.565692103629626e-05
920,160.73125169000014,6.7968,4.564616367160493e-05
921,160.90602585499983,5.6699,4.563535754691354e-05
922,161.0793007480006,6.9234,4.562456891197526e-05
923,161.2540689260004,6.7546,4.561386794419748e-05
924,161.42840494400116,6.7343,4.560309036962966e-05
925,161.60260604500036,5.9284,4.559232367018518e-05
926,161.77643513800103,6.4254,4.558156803753084e-05
927,161.9508916570012,6.3524,4.5570838811851825e-05
928,162.1244521690005,5.8082,4.55600761690123e-05
929,162.29812661300093,6.3764,4.554935627351852e-05
930,162.47173676700004,6.33,4.553863833753086e-05
931,162.6459783350001,6.5511,4.5527919430679045e-05
932,162.8201431590005,5.446,4.5517163845617214e-05
933,162.99447556300038,7.0828,4.5506415364753024e-05
934,163.1698191150008,6.8555,4.549564951401229e-05
935,163.34427554800095,6.3394,4.548477454919746e-05
936,163.51760551000007,6.8356,4.5474063949876514e-05
937,163.69084086099974,6.7867,4.5463360745679e-05
938,163.86453989999973,6.2831,4.545266577574076e-05
939,164.03834750200076,7.0572,4.5441942937407335e-05
940,164.21205246800127,6.5541,4.543121932709873e-05
941,164.38561946400114,6.7959,4.5420495966975275e-05
942,164.5590434429996,6.6252,4.5409785023024665e-05
943,164.73311602099966,5.531,4.53990786991358e-05
944,164.9068014530003,6.553,4.538832734370368e-05
945,165.08007579100013,6.1412,4.537760318759259e-05
946,165.25371638999968,6.1367,4.5366911211666674e-05
947,165.4282081780002,7.2672,4.535619600401232e-05
948,165.6023412400009,7.7055,4.534542447043204e-05
949,165.77608787600002,5.8477,4.533467616209877e-05
950,165.95020783200016,7.3034,4.532395139783946e-05
951,166.1242905449999,6.2556,4.531320496493826e-05
952,166.29878061199997,6.8271,4.530245567802462e-05
953,166.47278749700126,7.329,4.5291683895864165e-05
954,166.64654886900098,7.0368,4.528094332808635e-05
955,166.8206356720002,6.4952,4.527021516870365e-05
956,166.99483246900127,6.9107,4.525946837882713e-05
957,167.16833341600068,5.8056,4.5248712157839533e-05
958,167.34283135700025,6.7585,4.523800573913574e-05
959,167.51727042400125,6.1161,4.522723995882716e-05
960,167.69295729100122,6.5139,4.52164656985802e-05
961,167.8671618010012,5.8774,4.520561669061728e-05
962,168.04233928600115,6.8413,4.5194857105123476e-05
963,168.21688491200075,6.4073,4.518405887512343e-05
964,168.3916249009999,5.5495,4.517327636141977e-05
965,168.56592770899988,6.6094,4.5162494718148126e-05
966,168.73946419300046,6.3131,4.5151672721851784e-05
967,168.91408877100002,6.4023,4.514101999012349e-05
968,169.08806176500002,6.8001,4.513024793895056e-05
969,169.26288538399967,6.9646,4.511950459277771e-05
970,169.43725567900037,6.9496,4.510871225944446e-05
971,169.61200046900012,6.4458,4.5097943727530854e-05
972,169.78698649699982,6.6108,4.508716320351854e-05
973,169.96078051900076,6.0604,4.507636432450612e-05
974,170.134185334,5.96,4.506562999530863e-05
975,170.30827626100108,6.3961,4.5054932144012354e-05
976,170.48214577900035,5.4366,4.504417665296297e-05
977,170.65628839999954,5.7063,4.503345535092587e-05
978,170.82937844200023,5.2095,4.502270302592591e-05
979,171.0033080890007,5.8072,4.5012015674444377e-05
980,171.1769270170007,6.075,4.500127842228396e-05
981,171.35048649599958,5.6338,4.499056120166665e-05
982,171.524983583,6.6179,4.497984884432097e-05
983,171.69858666800064,6.9227,4.496907621851851e-05
984,171.87220919500032,6.2931,4.4958360314135745e-05
985,172.04657834499994,6.5624,4.4947645278888904e-05
986,172.2213214580006,5.6415,4.4936876439629643e-05
987,172.39608049399976,7.1701,4.4926091428395037e-05
988,172.57012072500038,6.7893,4.491530157876539e-05
989,172.74457379600062,6.7161,4.4904561822407426e-05
990,172.91930072200012,6.4893,4.4893794202839506e-05
991,173.09326935900026,7.0044,4.4883000126111134e-05
992,173.2684934730005,6.3356,4.4872266427222223e-05
993,173.4443708939998,6.8765,4.486144896586419e-05
994,173.61901357900024,5.1638,4.485059385993826e-05
995,173.79407727500075,6.1474,4.483981487432096e-05
996,173.96921452100105,6.5332,4.4829009883641906e-05
997,174.14336571700005,5.7143,4.4818198128148114e-05
998,174.31774892900103,6.5413,4.480744235586422e-05
999,174.49189062500045,6.1899,4.4796680390061765e-05
1000,174.6661835570012,6.5945,4.4785928071728394e-05
1001,174.84071393900012,6.6259,4.477517594734567e-05
1002,175.0152980920011,5.7594,4.4764394580370324e-05
1003,175.19033525300074,5.9537,4.4753620823950635e-05
1004,175.36496980599986,6.5401,4.4742824052839494e-05
1005,175.5392947649998,6.97,4.47320369093827e-05
1006,175.71427970600053,6.5506,4.4721278762222196e-05
1007,175.88810281900078,5.6781,4.471047652308642e-05
1008,176.06180042199958,6.5128,4.469974597111105e-05
1009,176.2358037289996,6.42,4.468901720901237e-05
1010,176.4094375650002,6.8748,4.4678286827098695e-05
1011,176.5828950539999,4.6493,4.4667572382407426e-05
1012,176.75682247100121,6.8641,4.465686020975305e-05
1013,176.9306466119997,6.4473,4.4646118120185134e-05
1014,177.10454123400086,5.309,4.4635396464197506e-05
1015,177.27743418799946,6.8153,4.4624657379506094e-05
1016,177.45081779599968,6.4652,4.4613984766851846e-05
1017,177.6242081950004,5.0503,4.460329176919756e-05
1018,177.79842391500097,6.6662,4.459258396796289e-05
1019,177.9727119520012,6.2314,4.458183022049379e-05
1020,178.14637750899965,6.2888,4.457106924580241e-05
1021,178.32012722400032,6.4631,4.4560350705740714e-05
1022,178.49453943200024,6.1046,4.4549627174135735e-05
1023,178.66806672700113,6.2888,4.4538849454320936e-05
1024,178.8421961870008,6.6296,4.4528148464074033e-05
1025,179.01566837999962,7.0527,4.451739887512348e-05
1026,179.1894772730011,5.81,4.450668383259261e-05
1027,179.36288170900116,6.2642,4.4495960463024665e-05
1028,179.53703215800124,6.8536,4.4485262880432095e-05
1029,179.710851283,5.0095,4.447451225561727e-05
1030,179.8847832270003,7.0589,4.4463775744259266e-05
1031,180.0584185810003,6.4368,4.4453037903518455e-05
1032,180.23232903700045,6.9959,4.4442328016419784e-05
1033,180.40546024800096,5.7936,4.443158682925924e-05
1034,180.57870323099996,6.7197,4.442089753987647e-05
1035,180.752002180001,5.8124,4.441020560172839e-05
1036,180.9254675810007,5.5643,4.439951348999998e-05
1037,181.099333518001,6.5379,4.4388798605061735e-05
1038,181.2730659560002,6.61,4.437806351907405e-05
1039,181.44781009500002,7.1545,4.436734423845674e-05
1040,181.62189118100105,5.9926,4.435655357709869e-05
1041,181.7954066279999,6.1421,4.4345818813827115e-05
1042,181.96932129299967,6.2044,4.433510100246908e-05
1043,182.142361876,5.6004,4.4324370451296305e-05
1044,182.3161244189996,6.6582,4.431368484074068e-05
1045,182.48992925499988,6.4573,4.430295546148147e-05
1046,182.66387755399955,6.8835,4.4292234285617215e-05
1047,182.83821465000074,6.8992,4.428149242518514e-05
1048,183.01181642400115,6.1854,4.427072891876546e-05
1049,183.1850204000002,4.8462,4.426001848685185e-05
1050,183.35868693500015,5.4369,4.424932353469131e-05
1051,183.53329202799978,6.2441,4.423860547895059e-05
1052,183.7077580389996,4.2681,4.4227824148888825e-05
1053,183.88180668600035,7.0215,4.4217046270246946e-05
1054,184.0557979109999,6.3502,4.420631607197529e-05
1055,184.22957887099983,6.1399,4.419557318839503e-05
1056,184.4035614910008,5.692,4.4184845321728356e-05
1057,184.57722363200082,5.9228,4.4174107386913565e-05
1058,184.75125852900055,5.8051,4.416338197339507e-05
1059,184.92514034600026,6.4582,4.415264342364194e-05
1060,185.09906350100027,6.3838,4.414190874216044e-05
1061,185.27291909700034,5.2653,4.41311728332716e-05
1062,185.44728260400007,6.7692,4.412044099043209e-05
1063,185.62059982900064,5.5688,4.4109677688024655e-05
1064,185.79480838400013,6.3289,4.409898385802462e-05
1065,185.9684400260012,5.727,4.408822376259263e-05
1066,186.142235067,5.11,4.407750404592594e-05
1067,186.3157933599996,6.9518,4.406678170172839e-05
1068,186.48912663600095,4.4588,4.405606572006171e-05
1069,186.663390746,6.0396,4.4045364363580265e-05
1070,186.837835747001,6.4998,4.40346044830247e-05
1071,187.012938621001,6.8585,4.402384278512346e-05
1072,187.1880372150008,6.4483,4.4013034719197474e-05
1073,187.36212373600029,6.1728,4.4002221865432123e-05
1074,187.53744229900076,5.915,4.399148152141977e-05
1075,187.71132749800017,6.9256,4.3980651988888865e-05
1076,187.88597167599983,6.5913,4.396992023339509e-05
1077,188.06094228000075,6.7203,4.395914307302463e-05
1078,188.2353084210008,5.444,4.394828195728392e-05
1079,188.40995563999968,6.4637,4.393758032141974e-05
1080,188.5853478709996,5.7728,4.3926796340740765e-05
1081,188.75894436099952,6.4682,4.39159640044444e-05
1082,188.9336734820008,5.8654,4.3905251662283915e-05
1083,189.10736198199993,6.1639,4.38944656908642e-05
1084,189.2818570970012,6.8348,4.388374194981483e-05
1085,189.45560958200076,6.6694,4.387297320555555e-05
1086,189.62997741900108,5.9657,4.386224814240742e-05
1087,189.80436086400005,6.7474,4.385148644858025e-05
1088,189.97915564600044,6.6105,4.384072425796294e-05
1089,190.15256952900017,6.861,4.382992422506167e-05
1090,190.32738997300112,6.1534,4.381922130580245e-05
1091,190.50167330300064,6.1253,4.380842589870363e-05
1092,190.6756653249995,5.9417,4.379767798296295e-05
1093,190.8493210960005,6.6468,4.378693493901227e-05
1094,191.0238918289997,6.2941,4.377621274413579e-05
1095,191.19850507699994,6.1921,4.376544286549385e-05
1096,191.37327523000022,4.1178,4.3754661937345656e-05
1097,191.5472534569999,6.1404,4.3743877406111136e-05
1098,191.72273435900024,6.6876,4.373312950864198e-05
1099,191.8970142369999,6.3565,4.372230125117279e-05
1100,192.07093318599982,6.9283,4.371154536753081e-05
1101,192.2444255290011,5.6152,4.370081173740733e-05
1102,192.41860064899993,6.3753,4.369009975123452e-05
1103,192.59265654800038,4.1006,4.3679347884876566e-05
1104,192.7665378820002,5.5551,4.3668607339259216e-05
1105,192.94020466599977,5.2108,4.3657871658456825e-05
1106,193.11417575000087,4.1446,4.364714979746909e-05
1107,193.28820552900106,6.2208,4.363641818074075e-05
1108,193.4623037599995,6.1289,4.362567036604942e-05
1109,193.6365300890011,5.4024,4.3614921907777745e-05
1110,193.81103677200008,6.7659,4.360416938462965e-05
1111,193.98448579700016,6.6843,4.359339905407406e-05
1112,194.15795232500022,5.9345,4.358269086981479e-05
1113,194.3316235630009,6.5975,4.357198078765432e-05
1114,194.505515750001,5.971,4.3561263192592535e-05
1115,194.67853489899971,3.388,4.3550529714320986e-05
1116,194.85229498800072,6.4887,4.353985168901236e-05
1117,195.02594727200085,6.4057,4.352912591679005e-05
1118,195.19972504399993,6.501,4.351840346234569e-05
1119,195.37318631200105,6.5212,4.3507672824567906e-05
1120,195.54672955299975,6.6772,4.349697315993828e-05
1121,195.71985044699977,5.0949,4.3486258849135746e-05
1122,195.89349412699994,6.3381,4.3475571724444466e-05
1123,196.0669050790002,6.6616,4.346484630981481e-05
1124,196.2401897130003,7.119,4.345414430345674e-05
1125,196.41425862300093,6.3564,4.344345192098759e-05
1126,196.58770816200013,6.0137,4.343270517259257e-05
1127,196.76176926100015,5.5423,4.3421993050123445e-05
1128,196.93514417000006,6.3152,4.3411252554691334e-05
1129,197.1088299769999,5.4839,4.340054465030863e-05
1130,197.28230895300112,6.1702,4.3389832281296264e-05
1131,197.45630221099964,6.1061,4.337912107351853e-05
1132,197.62926969100045,5.168,4.3368377558456784e-05
1133,197.80291530500108,6.4188,4.335769912123453e-05
1134,197.9764261979999,5.8223,4.3346984469567866e-05
1135,198.15005709400066,5.9296,4.333627519685184e-05
1136,198.32313407200127,6.5179,4.332555711666659e-05
1137,198.49786332500116,6.4023,4.331487108117281e-05
1138,198.67202164100127,6.4847,4.330408896660494e-05
1139,198.84696901899952,5.648,4.3293337205370316e-05
1140,199.02065492700058,7.093,4.328253482030859e-05
1141,199.1944323380012,5.962,4.3271816201604905e-05
1142,199.3683595069997,5.8216,4.3261088062037044e-05
1143,199.5430746359998,6.0275,4.325035655919753e-05
1144,199.716709413,6.2787,4.323956934691355e-05
1145,199.8898432950009,5.4451,4.32288482203703e-05
1146,200.0637393979996,6.695,4.3218161766296286e-05
1147,200.2380016320003,5.7879,4.320742929820982e-05
1148,200.41193518,6.6239,4.319667366370371e-05
1149,200.58557658300015,5.7271,4.318593625870372e-05
1150,200.7592343819997,5.7194,4.317521533475311e-05
1151,200.93287439100095,6.4095,4.31644945304938e-05
1152,201.10631362999993,6.1504,4.315377403030866e-05
1153,201.28009020399986,6.3047,4.314307450586416e-05
1154,201.45364239500122,6.1712,4.313234157679009e-05
1155,201.62821868500032,6.5579,4.312162772438266e-05
1156,201.80218065200097,6.7725,4.3110851764506134e-05
1157,201.97697355000128,6.8274,4.31001193366666e-05
1158,202.15151463599977,5.9136,4.3089325480678996e-05
1159,202.32643409000048,6.4152,4.30785449956173e-05
1160,202.50029540600008,6.8926,4.306775756635797e-05
1161,202.67404055500083,5.4907,4.305702594864198e-05
1162,202.84767210800055,6.5656,4.304629518388886e-05
1163,203.02170690499952,6.5652,4.303557913104939e-05
1164,203.19543408800018,5.7173,4.3024831354074016e-05
1165,203.369263994,6.7098,4.301411088314811e-05
1166,203.54319084500094,5.705,4.3003384077530855e-05
1167,203.71758109599978,5.3409,4.299264022567895e-05
1168,203.89096216100006,6.3767,4.298188194500002e-05
1169,204.06485398199948,5.0647,4.2971181772962966e-05
1170,204.23837515200103,5.6097,4.296044723592595e-05
1171,204.41124920400034,6.7124,4.294973284654319e-05
1172,204.5849291480008,5.5411,4.2939061845678945e-05
1173,204.7587167820002,6.4446,4.292834029376536e-05
1174,204.9323310609998,6.6503,4.2917609626851864e-05
1175,205.1053053150008,5.9656,4.2906896755987615e-05
1176,205.27952549800102,6.6017,4.289622223993825e-05
1177,205.4534265149996,5.6519,4.2885463477901166e-05
1178,205.62767326300127,6.2239,4.287473056827153e-05
1179,205.80131978999998,5.7417,4.286397414438274e-05
1180,205.97490836399993,4.9184,4.2853250295678956e-05
1181,206.14887305900083,5.9046,4.2842539589012375e-05
1182,206.32370781400095,5.9264,4.283179762382717e-05
1183,206.49776169399956,5.8884,4.2821006140925925e-05
1184,206.6715954650008,6.0251,4.281026670253079e-05
1185,206.8453834209995,6.4103,4.279954076370365e-05
1186,207.02001000900054,5.831,4.2788807757901234e-05
1187,207.1942974450012,6.571,4.277802744407404e-05
1188,207.36924141100098,6.5513,4.276727387938272e-05
1189,207.54275823300122,6.4903,4.27564635846296e-05
1190,207.71666171499965,6.0829,4.2745760298950565e-05
1191,207.8905918069995,6.3252,4.273502593098761e-05
1192,208.0642226710006,5.174,4.272427871555549e-05
1193,208.23768658600056,5.5725,4.271356933179005e-05
1194,208.41284241300127,6.5979,4.2702865807777705e-05
1195,208.58767050000097,6.5048,4.269204958345676e-05
1196,208.76262011400104,6.5315,4.26812490077777e-05
1197,208.93647218700062,6.0337,4.267044624117284e-05
1198,209.11139443399952,6.0293,4.265972477290121e-05
1199,209.28493582100054,6.1541,4.264892076308638e-05
1200,209.4585173180003,5.8367,4.2638213244074085e-05
1201,209.63188766500025,5.0717,4.2627503182839515e-05
1202,209.8058698040004,5.6236,4.26167848573457e-05
1203,209.97964872400007,5.6347,4.260606103111103e-05
1204,210.15287346600053,6.2639,4.259533444993821e-05
1205,210.3265484170006,5.6709,4.258464334654323e-05
1206,210.49995798500095,6.134,4.25739221040741e-05
1207,210.67343838899978,6.9157,4.2563210899012276e-05
1208,210.84692033899955,5.3575,4.255250629759252e-05
1209,211.02033171100084,6.0321,4.254180157098767e-05
1210,211.19458223699985,6.6365,4.253109108203706e-05
1211,211.36894661000042,6.4533,4.252034257407407e-05
1212,211.54297684300036,6.372,4.2509574524259244e-05
1213,211.71590366199962,6.1548,4.2498832457530865e-05
1214,211.88992685700032,5.8511,4.248815877475302e-05
1215,212.06438164000065,6.3728,4.2477416489444434e-05
1216,212.23872976500024,5.7173,4.246664937216046e-05
1217,212.41164335800022,6.6089,4.245588329635796e-05
1218,212.5845565840009,6.9262,4.2445212382716046e-05
1219,212.757854984,6.0459,4.2434537071111116e-05
1220,212.93144696200034,6.0498,4.2423848385432066e-05
1221,213.10512526999992,6.4418,4.241312223796291e-05
1222,213.27835359300116,5.1423,4.240240789851848e-05
1223,213.45153290500093,6.2188,4.23917164344444e-05
1224,213.6251036520007,5.948,4.238101948148142e-05
1225,213.79988104100084,5.6702,4.237030710209879e-05
1226,213.97433962099967,6.3006,4.2359521128580276e-05
1227,214.14786371300033,6.4769,4.234874111901229e-05
1228,214.32175910800106,6.459,4.233803622932101e-05
1229,214.49483718400006,4.6168,4.232730142716045e-05
1230,214.66925019100017,6.3489,4.231661912604933e-05
1231,214.84326965400032,4.9014,4.230585214907411e-05
1232,215.01759299200057,6.5545,4.2295117102098804e-05
1233,215.19071623499985,5.6557,4.2284347669567835e-05
1234,215.36455473500064,6.6352,4.227366661450611e-05
1235,215.53834655600076,5.9039,4.226293321580243e-05
1236,215.71222590800062,5.993,4.225218264925928e-05
1237,215.88587514900064,6.296,4.2241472441604925e-05
1238,216.05921525300073,6.1228,4.2230752008518486e-05
1239,216.23299641999984,6.1289,4.222005147537037e-05
1240,216.40674857700105,5.6169,4.220932321376539e-05
1241,216.58000026100126,5.8399,4.219860489030862e-05
1242,216.75342644299963,7.0132,4.218790697512338e-05
1243,216.92710585900022,5.2345,4.2177191612407364e-05
1244,217.10055656900113,4.6526,4.2166478269629564e-05
1245,217.27382719399975,6.521,4.2155771734629576e-05
1246,217.44740314800038,6.0334,4.2145084643456764e-05
1247,217.62071598399962,6.6818,4.2134363729753016e-05
1248,217.79417367399947,6.4074,4.212366630141972e-05
1249,217.96740569100075,6.427,4.211295725913574e-05
1250,218.14126130600016,5.8136,4.21022676157407e-05
1251,218.31492668800092,5.7126,4.209153277240743e-05
1252,218.4888551790009,5.628,4.208081410154322e-05
1253,218.66263648400127,6.9046,4.207007321277778e-05
1254,218.8372496009997,6.1773,4.205934677771607e-05
1255,219.01098280900078,4.2144,4.2048569415987636e-05
1256,219.18473219500083,6.2219,4.2037843024135794e-05
1257,219.35731200100054,3.4823,4.202711890629624e-05
1258,219.53066088299965,6.2088,4.2016463178024654e-05
1259,219.70452345000012,7.1184,4.2005769388395064e-05
1260,219.87827677099995,6.2143,4.199503406574069e-05
1261,220.0515622969997,6.0431,4.198430551709873e-05
1262,220.2253890330012,5.88,4.1973606426358016e-05
1263,220.39881053300087,5.4922,4.1962872279135826e-05
1264,220.57285520299956,6.2026,4.195217966827156e-05
1265,220.74626149399955,6.1274,4.1941431686790125e-05
1266,220.92005831300048,6.1191,4.19307246891358e-05
1267,221.09384647300067,5.8461,4.192000153808643e-05
1268,221.26715307700033,4.5585,4.1909271647777767e-05
1269,221.44014601900017,6.4657,4.1898575745061765e-05
1270,221.61372393500096,6.0913,4.188789294351847e-05
1271,221.78775898899949,5.7269,4.1877181652962914e-05
1272,221.96102109099957,6.337,4.186643758981484e-05
1273,222.13464589900104,6.2429,4.185574189407401e-05
1274,222.3087142559998,5.265,4.184502745882712e-05
1275,222.48259978399983,6.0695,4.183428315962958e-05
1276,222.65636313899995,6.6939,4.182354699500004e-05
1277,222.83028770599958,5.9671,4.1812816617901175e-05
1278,223.00395197800026,6.5717,4.1802074054074095e-05
1279,223.17846116500004,5.7592,4.179136490154319e-05
1280,223.3519910720006,5.6826,4.178059570765431e-05
1281,223.52472880499954,6.3323,4.176987839018513e-05
1282,223.69844425100018,5.7258,4.175920947771599e-05
1283,223.87333823500012,5.7845,4.174848894586415e-05
1284,224.04715168500115,7.1486,4.173769785574077e-05
1285,224.22029164000014,5.3401,4.1726962713148146e-05
1286,224.3936183700007,5.6538,4.171627693129626e-05
1287,224.56739523200122,6.1437,4.170558219296299e-05
1288,224.74114381400068,6.194,4.1694858340555544e-05
1289,224.91412169500109,5.9582,4.168413028012338e-05
1290,225.0876356050012,5.9667,4.167345278802467e-05
1291,225.2609407180007,4.7069,4.166274224450616e-05
1292,225.43464750299972,5.9699,4.165204260783945e-05
1293,225.6078087850001,5.6454,4.164132331253089e-05
1294,225.78132543700121,6.7629,4.163062763561727e-05
1295,225.95489307500065,6.1495,4.1619918070679025e-05
1296,226.12892416500108,5.4483,4.1609211943395066e-05
1297,226.30285128000105,6.7329,4.159846734074069e-05
1298,226.47644675500123,6.6337,4.1587727876234525e-05
1299,226.65002674300013,5.6373,4.157700921864197e-05
1300,226.8235106000011,5.5233,4.1566292480123435e-05
1301,226.99720465800056,5.7621,4.155559362777779e-05
1302,227.17062089200044,7.0873,4.154486516796293e-05
1303,227.34369530799995,6.1101,4.153416374913574e-05
1304,227.51756132400078,6.4173,4.152347771864192e-05
1305,227.691589424001,5.9855,4.151274661222218e-05
1306,227.86475830699965,6.542,4.150200279234564e-05
1307,228.03821024399986,3.5967,4.149131567864195e-05
1308,228.2114231150008,6.926,4.148060534432093e-05
1309,228.38533526399988,6.34,4.14699105190741e-05
1310,228.55953861600028,5.5038,4.145917856888883e-05
1311,228.73332423899956,6.0432,4.1448424257283974e-05
1312,228.91005634300018,5.6807,4.1437697767345704e-05
1313,229.08412029899955,5.9022,4.142678761987655e-05
1314,229.25825831800103,6.3438,4.141603912049381e-05
1315,229.432317832001,6.1448,4.1405294565308656e-05
1316,229.60563891099991,5.897,4.1394549660679016e-05
1317,229.77903880899976,6.7671,4.138385055839502e-05
1318,229.9526054050002,5.5152,4.1373146875987655e-05
1319,230.1264768910005,6.8586,4.136243646228392e-05
1320,230.29967877700074,6.3427,4.1351707708827126e-05
1321,230.47341872700054,6.7327,4.134100997944446e-05
1322,230.64724832499996,6.1187,4.1330285888024726e-05
1323,230.8209539540003,6.5018,4.1319554364135795e-05
1324,230.99499888799983,6.1936,4.130882763395058e-05
1325,231.16879339499974,6.3902,4.1298094763209815e-05
1326,231.34233323300032,5.8925,4.128735803246911e-05
1327,231.51573735999955,6.6329,4.127664941592589e-05
1328,231.68928643100116,5.2927,4.126594698654319e-05
1329,231.86284808900018,5.7242,4.12552375095679e-05
1330,232.0363616300001,6.153,4.124451880166659e-05
1331,232.21019235700078,5.1856,4.12338061641358e-05
1332,232.38340289799999,6.3078,4.122307556882715e-05
1333,232.55717503800042,6.7729,4.121238807030862e-05
1334,232.73112955299985,6.7277,4.120165963179009e-05
1335,232.9053957770011,6.483,4.11909234753086e-05
1336,233.07978757400087,6.9504,4.118015921703706e-05
1337,233.25342807299967,6.5071,4.116939638993829e-05
1338,233.42676874900098,6.2392,4.115868276086412e-05
1339,233.59999613800028,5.3695,4.114798070500001e-05
1340,233.77438188400083,5.3542,4.113728865925926e-05
1341,233.94963732399992,6.7853,4.112652588030858e-05
1342,234.1241868369998,6.6653,4.111570585345677e-05
1343,234.2983129109998,6.3139,4.110489313932097e-05
1344,234.47235674900003,5.596,4.1094177369074075e-05
1345,234.64621784500014,5.7414,4.108342976802463e-05
1346,234.82019974000104,6.9428,4.107269824635801e-05
1347,234.99421350299963,6.3856,4.1061971419320925e-05
1348,235.16829185300048,4.864,4.1051225114506114e-05
1349,235.34225399000024,6.0263,4.10404727796296e-05
1350,235.5157704659996,6.696,4.1029738257222204e-05
1351,235.68987557800028,5.9831,4.101902212135799e-05
1352,235.8637698700004,6.3189,4.100828488672837e-05
1353,236.03775486199993,5.3342,4.0997550818950646e-05
1354,236.21101807600098,5.3272,4.098680395407405e-05
1355,236.38435408100122,6.621,4.097610659691355e-05
1356,236.55799923199993,5.2428,4.0965411706358036e-05
1357,236.731803785,5.4632,4.0954692871851806e-05
1358,236.90572209499987,6.0494,4.0943963276666655e-05
1359,237.0794953929999,5.4996,4.093322492493826e-05
1360,237.25318248300027,5.3738,4.092250355932097e-05
1361,237.42655454899977,5.5015,4.0911778905740764e-05
1362,237.60071949899975,7.2692,4.090108350808637e-05
1363,237.77531392499986,6.6397,4.089032961839508e-05
1364,237.94899070500105,6.7495,4.0879486013888856e-05
1365,238.12268881300042,5.323,4.0868835015432113e-05
1366,238.29607132800083,6.7002,4.0858110397777726e-05
1367,238.46894723300102,6.5361,4.084740405320987e-05
1368,238.64271858600114,5.2943,4.083673476802463e-05
1369,238.81598716500048,6.5679,4.082601051993825e-05
1370,238.9901644620004,5.709,4.0815315766111116e-05
1371,239.16343775899986,5.8368,4.080455467950619e-05
1372,239.33676952300084,5.7511,4.079386590759256e-05
1373,239.51078175099974,6.2398,4.078316420796292e-05
1374,239.6844384039996,6.4127,4.077242572796299e-05
1375,239.8579945140009,6.6693,4.0761697860678985e-05
1376,240.03247540800112,6.5496,4.0750989345185116e-05
1377,240.20749456799967,5.0982,4.074020683364201e-05
1378,240.3819864449997,4.9746,4.072941636370374e-05
1379,240.5558610930002,5.6754,4.071864379339506e-05
1380,240.72998490700047,5.5886,4.070791399043213e-05
1381,240.90389639800014,6.5945,4.0697164668395036e-05
1382,241.07830091399956,5.7144,4.068642916160492e-05
1383,241.25235612300094,6.8466,4.0675657143950576e-05
1384,241.4270190770003,6.8189,4.0664909457222234e-05
1385,241.600123532,6.3166,4.065413830425921e-05
1386,241.7754677949997,5.6653,4.064344799611111e-05
1387,241.94920048700078,6.025,4.063256310067904e-05
1388,242.12424462800118,6.3983,4.0621904070061716e-05
1389,242.29715131500052,6.898,4.061109839283947e-05
1390,242.4714162479995,5.8135,4.0600426188086406e-05
1391,242.64501996800027,6.9251,4.058967155765425e-05
1392,242.81907724800112,5.4923,4.0578947886913536e-05
1393,242.99272704500072,5.6833,4.056820900370373e-05
1394,243.16715246900094,6.2786,4.055748910666661e-05
1395,243.34057063799992,6.7106,4.054671953154316e-05
1396,243.51514571000007,6.4205,4.053602127709877e-05
1397,243.68903821899949,5.8547,4.052524422469139e-05
1398,243.86256206500002,5.2237,4.0514508429999937e-05
1399,244.03666084399993,5.8798,4.050378860234571e-05
1400,244.21053350700095,5.779,4.049304974611105e-05
1401,244.3837126819999,5.2139,4.048231587006167e-05
1402,244.55672343200058,6.1276,4.047163109469132e-05
1403,244.73031736200028,6.7686,4.04609475748765e-05
1404,244.904031131,4.6973,4.0450231999012314e-05
1405,245.07723434400032,4.9925,4.043951029401235e-05
1406,245.25191364700004,6.7909,4.04288154664197e-05
1407,245.42508766100036,6.3558,4.0417971672098776e-05
1408,245.59840687700125,6.2359,4.040733713901228e-05
1409,245.77200065200122,6.7947,4.0396644010493836e-05
1410,245.94505917599963,6.3717,4.0385930285925876e-05
1411,246.11877771500076,6.3144,4.037524568919747e-05
1412,246.29255877000105,6.8954,4.0364526952345706e-05
1413,246.46602665300088,6.5309,4.035379822456788e-05
1414,246.63842371899955,6.0994,4.03430918158025e-05
1415,246.81183221900028,6.2993,4.033244774604931e-05
1416,246.98611386300036,6.6341,4.032174616401229e-05
1417,247.1596946690006,6.6637,4.031098651746915e-05
1418,247.3334730480001,5.3722,4.030027299228398e-05
1419,247.50654103000124,5.4799,4.0289537627345624e-05
1420,247.6819407359999,5.7879,4.027885791061725e-05
1421,247.85569198600024,5.0438,4.0268029956481504e-05
1422,248.02884626200103,4.8498,4.025730631950617e-05
1423,248.20193285800087,3.8854,4.024661398648142e-05
1424,248.37553973099966,6.0588,4.023593577444445e-05
1425,248.54904175500087,5.3751,4.022520876364193e-05
1426,248.72198198800106,6.0197,4.0214502897592586e-05
1427,248.8960842489996,4.9624,4.0203833240123425e-05
1428,249.06955388999995,6.4491,4.019307512080245e-05
1429,249.24347929100077,6.459,4.0182377772160426e-05
1430,249.41698141800043,6.1604,4.017164141709875e-05
1431,249.5901616379997,4.4164,4.0160929336296274e-05
1432,249.76350547200127,6.0785,4.0150240212469165e-05
1433,249.93685374800043,5.7472,4.0139540101851856e-05
1434,250.11041885600025,6.6796,4.012883271925928e-05
1435,250.2850050119996,6.399,4.0118126421790115e-05
1436,250.45856204700067,5.9622,4.010734702962958e-05
1437,250.63233349000075,6.3355,4.0096637866728414e-05
1438,250.80646970700036,5.9073,4.0085907195246896e-05
1439,250.98100032100047,6.1032,4.0075161244567874e-05
1440,251.15462483600095,5.2312,4.006438965623456e-05
1441,251.32797009800015,5.4115,4.005366714055549e-05
1442,251.5017503300005,5.4142,4.0042968426913504e-05
1443,251.6762990440002,6.7854,4.003224336277773e-05
1444,251.84981537600106,6.1193,4.0021464564259215e-05
1445,252.0231468080001,4.2893,4.0010758803641975e-05
1446,252.19668179400105,5.8738,4.0000057202037e-05
1447,252.37064785300026,4.8061,3.9989343890432074e-05
1448,252.5450441410012,6.0959,3.997860429518515e-05
1449,252.7179196699999,6.2158,3.9967840011111124e-05
1450,252.89162318200033,6.4653,3.995716836802471e-05
1451,253.06628044600075,7.0716,3.994644061648143e-05
1452,253.24041357200076,6.5302,3.9935664504629575e-05
1453,253.4139570820007,6.4153,3.992491698407411e-05
1454,253.58745618300054,5.771,3.991420982962963e-05
1455,253.76127255900064,5.7044,3.9903493180987586e-05
1456,253.93566617500073,6.7863,3.9892762747963e-05
1457,254.1092038959996,5.9075,3.9882001103950544e-05
1458,254.28293343699988,6.3798,3.987128311462966e-05
1459,254.45704055700116,6.3655,3.986056373179009e-05
1460,254.6310542760002,5.899,3.9849813659074034e-05
1461,254.80547183199997,4.9155,3.9839074995370316e-05
1462,254.97839008600022,6.3966,3.982824494086423e-05
1463,255.15210234799997,6.1333,3.9817636157345696e-05
1464,255.3261552189997,4.9207,3.980691403845682e-05
1465,255.49962910900103,6.3768,3.979616484450611e-05
1466,255.67379120400074,6.5408,3.978545724888888e-05
1467,255.84741073000077,6.0997,3.9774647260123465e-05
1468,256.02154086500013,5.5583,3.976397212969134e-05
1469,256.19543781300126,5.9809,3.975324051240741e-05
1470,256.36896386100125,6.2585,3.9742509962654346e-05
1471,256.54188780500044,5.8727,3.973179574012345e-05
1472,256.71564585600026,4.8677,3.9721124392160426e-05
1473,256.88957621600093,5.3641,3.971039558870365e-05
1474,257.06318448599995,5.6571,3.969965864407405e-05
1475,257.23629808199985,6.1154,3.9688941377901165e-05
1476,257.4102453989999,6.2484,3.9678258111790115e-05
1477,257.58434957700047,5.9596,3.966751777654315e-05
1478,257.7584519410011,5.6916,3.965677023487652e-05
1479,257.93147886800034,5.6471,3.964603016104932e-05
1480,258.10504195700014,6.1339,3.9635341237469145e-05
1481,258.27812215500126,5.4039,3.962462791141975e-05
1482,258.45126489500035,6.4388,3.961394628512338e-05
1483,258.62443370599976,5.6018,3.960325924518522e-05
1484,258.7987120550006,6.6169,3.9592569009506115e-05
1485,258.97196717800034,5.5959,3.9581814595987655e-05
1486,259.1453263130006,5.1314,3.9571118581357994e-05
1487,259.319062083001,6.5067,3.9560412610061705e-05
1488,259.49310243200125,2.9553,3.954969201012341e-05
1489,259.66581792800025,4.7617,3.953894276203699e-05
1490,259.83959490300003,6.1952,3.952828504574068e-05
1491,260.0143152340006,5.3126,3.951755654030859e-05
1492,260.188623764001,6.4385,3.9506771831728336e-05
1493,260.36159710799984,6.232,3.94960166829629e-05
1494,260.5356092380007,5.9899,3.9485336869074e-05
1495,260.7094544060001,3.4481,3.947450816148151e-05
1496,260.88335319700127,6.0481,3.9463863055679e-05
1497,261.0574296039995,6.3236,3.94531252106173e-05
1498,261.2309765930004,6.0955,3.944238810845682e-05
1499,261.4050759590009,6.1353,3.9431668700123434e-05
1500,261.5797776470008,6.1663,3.9420918172345634e-05
1501,261.7540987000011,5.4499,3.941006569913582e-05
1502,261.9282817100011,6.5178,3.939938096135803e-05
1503,262.1020571749996,6.0923,3.938862477537037e-05
1504,262.2763479509995,6.3597,3.937789294666665e-05
1505,262.45028816299964,6.4372,3.936713757580239e-05
1506,262.62400451600115,6.1779,3.935640688481479e-05
1507,262.7989072729997,6.3618,3.934567930617285e-05
1508,262.9733842429996,5.3561,3.933488989141978e-05
1509,263.146928305001,5.7862,3.932411231858022e-05
1510,263.3209162020012,5.3469,3.9313403630493796e-05
1511,263.4949321189997,5.6462,3.9302656810185136e-05
1512,263.6687781470009,5.8733,3.929191903598767e-05
1513,263.84283013300046,6.7287,3.9281180543641966e-05
1514,264.0163331679996,3.9064,3.9270438078580175e-05
1515,264.1895693030001,5.1122,3.9259732226357955e-05
1516,264.3627403219998,6.4956,3.924903800561722e-05
1517,264.53610525600016,6.8732,3.9238356363703696e-05
1518,264.70850521800094,6.5783,3.9227650953148165e-05
1519,264.8823724770009,6.1725,3.9217007402901264e-05
1520,265.0559114429998,6.1469,3.920627837679008e-05
1521,265.2299330429996,5.9403,3.919556554623454e-05
1522,265.4037080979997,6.2709,3.918482536049379e-05
1523,265.578078853001,5.2067,3.917409592993829e-05
1524,265.75207350799974,6.8467,3.9163335631666635e-05
1525,265.9256203420009,5.8486,3.915258703962963e-05
1526,266.0994863320011,5.6941,3.9141878070864144e-05
1527,266.2735935230012,5.6413,3.913114241962965e-05
1528,266.4466890929998,5.8514,3.912040270074074e-05
1529,266.61974795199967,5.7115,3.910971769882716e-05
1530,266.7928572510009,6.4495,3.909902581222216e-05
1531,266.9672615689997,5.5654,3.90883447696296e-05
1532,267.14086794300056,4.1657,3.907757304487657e-05
1533,267.3139325690008,6.4168,3.9066865378456755e-05
1534,267.48734575600065,6.2297,3.905617905820983e-05
1535,267.6613059320007,5.2713,3.904547491962957e-05
1536,267.8363736579995,6.3985,3.903472942629625e-05
1537,268.0095240040009,3.822,3.90239300549383e-05
1538,268.1824709909997,4.613,3.901324245475308e-05
1539,268.3560743649996,3.8018,3.9002564308888914e-05
1540,268.52890332100105,5.3046,3.899185015703697e-05
1541,268.7031318070003,6.4238,3.8981177629444395e-05
1542,268.87700849000066,5.0968,3.8970425188024615e-05
1543,269.0515007920003,6.6475,3.8959695339938295e-05
1544,269.225285247001,5.7416,3.894892305999994e-05
1545,269.3984542270009,5.3164,3.893817981709875e-05
1546,269.5722179679997,4.675,3.892750793006172e-05
1547,269.7469017889998,5.3271,3.891678077370368e-05
1548,269.92175009899984,5.5647,3.890599027617279e-05
1549,270.0953162650003,5.2404,3.889520511722221e-05
1550,270.26806837000004,3.6358,3.8884491243641965e-05
1551,270.4416781020009,5.454,3.8873818687345623e-05
1552,270.6156893589996,5.4966,3.8863111065617244e-05
1553,270.7891567130009,4.7075,3.885237040851852e-05
1554,270.9622652979997,5.6799,3.884165282950618e-05
1555,271.1367818630006,5.4608,3.8830974843024676e-05
1556,271.3112449849996,5.2312,3.882020091641978e-05
1557,271.4847902820002,5.4879,3.880943014358028e-05
1558,271.65892295900085,5.5435,3.879872317376536e-05
1559,271.8334664369995,6.5932,3.8787970750555576e-05
1560,272.0075983650004,5.7524,3.877719340179013e-05
1561,272.18157068500113,6.6612,3.8766444409135754e-05
1562,272.3550349470006,5.8015,3.875570338469134e-05
1563,272.5290148080003,5.9065,3.8745000211728336e-05
1564,272.70262293999986,6.2241,3.8734257717037e-05
1565,272.8760720200007,5.5709,3.872354532660491e-05
1566,273.0493016119999,6.1738,3.871283984709879e-05
1567,273.2238281450009,6.0632,3.870214353438269e-05
1568,273.3977174360007,4.0041,3.8691373640123384e-05
1569,273.57269651800016,7.01,3.8680640677839505e-05
1570,273.7459597690013,5.8817,3.866983161012342e-05
1571,273.9199428060001,5.2668,3.8659141584321e-05
1572,274.0941416660007,5.3803,3.8648398854259286e-05
1573,274.2687466160005,5.6954,3.863764521672833e-05
1574,274.4423275730005,6.6101,3.862686606722222e-05
1575,274.6166958369995,6.0695,3.8616153295925864e-05
1576,274.7905535450009,6.3989,3.860539082839504e-05
1577,274.96465992900085,5.5402,3.859466029055556e-05
1578,275.1381909740012,5.8566,3.85839080709876e-05
1579,275.3120212619997,5.1799,3.8573197691604926e-05
1580,275.4859561860012,6.1544,3.856247045549385e-05
1581,275.6597027560001,5.8195,3.855173999950621e-05
1582,275.8331937029998,5.9363,3.8541005623395076e-05
1583,276.0067354920011,5.8454,3.853029691864198e-05
1584,276.18072830799974,5.5747,3.851958942135797e-05
1585,276.3550251409997,6.247,3.850884367956788e-05
1586,276.5281519270011,5.654,3.849809186179008e-05
1587,276.7021464130012,6.3296,3.848740096135804e-05
1588,276.8759405239998,5.276,3.847666029759261e-05
1589,277.05062466100026,5.4293,3.8465924799259225e-05
1590,277.22461516300064,5.8656,3.845515464314808e-05
1591,277.39899001100093,6.6359,3.844440288481474e-05
1592,277.5720071480009,4.9215,3.8433647661851846e-05
1593,277.74555965500076,5.7365,3.842296783240744e-05
1594,277.9201223929995,5.5436,3.841225122882715e-05
1595,278.0943729850005,5.979,3.840147080419756e-05
1596,278.26784427200073,4.4599,3.839072760870373e-05
1597,278.44159038399994,5.6641,3.8380009903209866e-05
1598,278.6157120560001,6.518,3.836928719141971e-05
1599,278.7908728929997,6.0269,3.8358533080493845e-05
1600,278.96450974599975,5.8191,3.8347724076172797e-05
1601,279.1383255590008,5.3132,3.83370059409876e-05
1602,279.3122530849996,6.5077,3.832628270771598e-05
1603,279.48609690800004,6.4699,3.831554362259261e-05
1604,279.65914505900037,5.6161,3.830481181388891e-05
1605,279.8328761060002,5.3386,3.8294128775802436e-05
1606,280.00703873400016,4.7721,3.828340480876542e-05
1607,280.1809513139997,5.93,3.8272655780308605e-05
1608,280.35434054399957,5.7579,3.826191173820984e-05
1609,280.52785432900055,5.5495,3.825122253364195e-05
1610,280.701738619,5.2998,3.824050230135802e-05
1611,280.87567552700057,6.4236,3.822977592425919e-05
1612,281.0492182529997,6.053,3.821903009685185e-05
1613,281.22241052699974,6.5732,3.820831975907407e-05
1614,281.3959126760001,5.0412,3.819763021623456e-05
1615,281.56970449599976,5.4792,3.81869203836419e-05
1616,281.7429063390009,5.3484,3.8176200608086446e-05
1617,281.9166504599998,5.8968,3.816549587450611e-05
1618,282.0903853110012,6.393,3.815477626969133e-05
1619,282.2640734150009,5.2408,3.814405620160488e-05
1620,282.4370743800009,4.3654,3.813332448790126e-05
1621,282.6103714740002,5.7342,3.812264930919753e-05
1622,282.7841786000008,6.0486,3.811195729611113e-05
1623,282.9588341359995,5.3608,3.8101229764259214e-05
1624,283.13225637100004,4.3933,3.809044080537038e-05
1625,283.305461629001,5.9222,3.807973724858017e-05
1626,283.4794277710007,6.0671,3.80690513274074e-05
1627,283.65281574500113,5.6557,3.8058312715432034e-05
1628,283.82731656299984,6.1903,3.8047607713024716e-05
1629,284.00085079100063,5.035,3.803683170808643e-05
1630,284.17469601000084,5.2784,3.802612375543212e-05
1631,284.3479227759999,4.6462,3.801538793364199e-05
1632,284.5216948850011,6.5119,3.800469252500001e-05
1633,284.69496543400055,5.7404,3.7993977574074e-05
1634,284.86857274999966,6.5291,3.7983271855185165e-05
1635,285.04244577899954,4.5588,3.797255696567901e-05
1636,285.2163096830009,5.9721,3.796182588777777e-05
1637,285.39029615100117,6.0194,3.795109615759261e-05
1638,285.5640683800011,5.8179,3.794035814598762e-05
1639,285.7378154960006,5.1077,3.792963463728394e-05
1640,285.9109548560009,5.7251,3.791890464222215e-05
1641,286.08461136299957,6.2405,3.7908208801913534e-05
1642,286.25850443499985,5.0467,3.789749561222222e-05
1643,286.4323272109996,5.388,3.7886762169444435e-05
1644,286.60701087300004,5.2965,3.7876031101790056e-05
1645,286.78120667000076,6.4794,3.786524727037038e-05
1646,286.9557426250012,5.1231,3.785449825827156e-05
1647,287.12958079000055,6.4081,3.784371629543212e-05
1648,287.3027334510007,3.5571,3.783299201080247e-05
1649,287.47617272800017,5.2982,3.782229235783953e-05
1650,287.649263022,5.0527,3.781159721104938e-05
1651,287.82293063900033,5.4126,3.780091335111104e-05
1652,287.99784964399987,5.8219,3.77901926172839e-05
1653,288.1718778400009,4.8473,3.777939504327162e-05
1654,288.34580268900027,5.5864,3.77686474701852e-05
1655,288.51950797300015,4.8835,3.7757916496419756e-05
1656,288.6932121259997,6.2838,3.7747192794012345e-05
1657,288.8662837440006,5.3778,3.773646618030858e-05
1658,289.04037509299997,6.386,3.7725791611357955e-05
1659,289.2151080069998,5.4925,3.7715044337407376e-05
1660,289.38910257099997,5.3468,3.7704247883765465e-05
1661,289.56263539500105,5.5219,3.769351226851855e-05
1662,289.7360616650003,5.666,3.768280416888889e-05
1663,289.90995306700097,4.8261,3.767209351969137e-05
1664,290.08351881199997,4.9678,3.76613607058642e-05
1665,290.25717922399963,6.1432,3.765064407999994e-05
1666,290.4306463240009,4.5161,3.763992793049376e-05
1667,290.6042229049999,6.1567,3.7629226294814845e-05
1668,290.77788795200104,6.6672,3.761850410469132e-05
1669,290.95191677100047,5.6249,3.760778716487656e-05
1670,291.1262615220003,6.0681,3.759703571043213e-05
1671,291.3001546350006,4.9605,3.758628620481476e-05
1672,291.4731290620002,5.3289,3.757554292432102e-05
1673,291.6471499390009,5.8592,3.756486761932093e-05
1674,291.8207711340001,6.322,3.755412488820981e-05
1675,291.99421130300107,5.5106,3.7543416681851854e-05
1676,292.16629319599997,4.3664,3.753270773555549e-05
1677,292.3398147650005,5.0941,3.7522083571419686e-05
1678,292.5131065759997,4.5322,3.751136760302466e-05
1679,292.68592946900026,4.6295,3.7500674328148086e-05
1680,292.85937679500057,6.3666,3.7490006300679036e-05
1681,293.0342105680011,6.3541,3.747929515370372e-05
1682,293.2073224480009,5.5533,3.746851202685186e-05
1683,293.38133779500095,5.7634,3.7457822539567874e-05
1684,293.5547772810005,4.7919,3.744701693462958e-05
1685,293.72805897000035,5.1102,3.7436370349012375e-05
1686,293.9016323979995,6.3838,3.742567307648148e-05
1687,294.0752422450005,5.7613,3.7414965474753115e-05
1688,294.24869206699987,6.385,3.740424556376537e-05
1689,294.4228433349999,4.723,3.739353811932098e-05
1690,294.5963358330009,5.628,3.7382787452839516e-05
1691,294.7701307080006,5.8605,3.7372073886234507e-05
1692,294.94347466600084,5.6896,3.7361344568641954e-05
1693,295.11717125200084,6.0498,3.7350649307283884e-05
1694,295.29060166599993,5.758,3.7339930975617285e-05
1695,295.4636373760004,4.6702,3.7329222658086394e-05
1696,295.6366663030003,6.2824,3.731853829487647e-05
1697,295.811088597,6.5182,3.7307862554753114e-05
1698,295.9845521549996,5.2975,3.729709333030859e-05
1699,296.1586437440001,5.126,3.728638697691358e-05
1700,296.33251810600086,6.2332,3.727564320524689e-05
1701,296.50621926700114,5.3715,3.7264906291851795e-05
1702,296.6799150099996,5.7982,3.7254184898333345e-05
1703,296.8544685449997,5.1596,3.724345830111108e-05
1704,297.0278002819996,5.4866,3.723269223956788e-05
1705,297.2018605180001,4.9927,3.7221973444259196e-05
1706,297.375508051,6.3339,3.721125005790119e-05
1707,297.54913902599947,4.1702,3.720052830222217e-05
1708,297.7220164400005,5.9672,3.718981244629627e-05
1709,297.89565285200115,5.2701,3.717913505092591e-05
1710,298.0700436879997,4.7361,3.716841413067896e-05
1711,298.2443683390011,5.191,3.715765840271599e-05
1712,298.41850504099966,6.244,3.714689049129627e-05
1713,298.5917160090012,5.7835,3.7136140928580266e-05
1714,298.76554206900073,5.5422,3.712545606129627e-05
1715,298.94001833900074,6.5451,3.711472058172834e-05
1716,299.115377565,6.256,3.7103948514320927e-05
1717,299.28911942000013,6.3718,3.70931253003704e-05
1718,299.462863054001,5.3236,3.708239662561723e-05
1719,299.63704463199974,5.5846,3.707167527629629e-05
1720,299.8115748880009,4.6361,3.706091952117277e-05
1721,299.9859038129998,6.3918,3.705015309228399e-05
1722,300.15949777900096,5.32,3.70393866144444e-05
1723,300.3332848379996,5.9773,3.702867393833329e-05
1724,300.5076883590009,5.8571,3.7017945466975254e-05
1725,300.6814401410011,6.3087,3.700717650438267e-05
1726,300.85538324499976,6.2865,3.699645113993826e-05
1727,301.0294636110011,6.092,3.698571669450611e-05
1728,301.2039159979995,5.3753,3.697497225006171e-05
1729,301.37715123199996,5.1429,3.696420303962958e-05
1730,301.55056974000036,6.8548,3.695350620265434e-05
1731,301.7243776790001,6.3967,3.6942807189814765e-05
1732,301.89854797299995,6.4104,3.69320763327778e-05
1733,302.072284023001,5.3755,3.692132661734562e-05
1734,302.24540117000106,6.0813,3.6910599726975245e-05
1735,302.41918874600015,5.5366,3.6899915759382727e-05
1736,302.59339893000106,4.6418,3.688918937499997e-05
1737,302.7672074029997,5.6004,3.687843247530857e-05
1738,302.94053084500047,6.5785,3.6867702882037056e-05
1739,303.11507105000055,5.6546,3.6857008686234555e-05
1740,303.28926348300047,5.7282,3.684623111555555e-05
1741,303.4630903460002,5.2847,3.6835477758518486e-05
1742,303.63637219799966,5.2322,3.682474758339505e-05
1743,303.8102154090011,6.8333,3.681405425543205e-05
1744,303.9836734010005,3.6906,3.68033249116666e-05
1745,304.15714199099966,5.8447,3.679260928395055e-05
1746,304.33103037900037,6.3223,3.678190375024685e-05
1747,304.50406939300046,5.0056,3.6771172620740765e-05
1748,304.6774961610008,5.8217,3.6760486722098755e-05
1749,304.8513846040005,5.9512,3.674978747253085e-05
1750,305.0258445260006,6.1218,3.6739051354382655e-05
1751,305.19919936299993,5.6555,3.672827998827157e-05
1752,305.3726958999996,5.7207,3.6717578964629596e-05
1753,305.5456196800005,6.3137,3.67068770146913e-05
1754,305.7194198600009,5.577,3.66962033942592e-05
1755,305.893113002001,6.1611,3.6685467138209833e-05
1756,306.06629505599994,3.2406,3.667474181012343e-05
1757,306.24014117800107,6.3436,3.66640613704321e-05
1758,306.414302737001,5.5897,3.665332851555551e-05
1759,306.58779683300054,6.2537,3.6642579067407434e-05
1760,306.76068767200013,5.4687,3.6631866554753066e-05
1761,306.93459139900006,4.9142,3.662119583691358e-05
1762,307.1089984600003,5.8899,3.661045760290119e-05
1763,307.2833439570004,5.7101,3.659969062240736e-05
1764,307.4572060499995,5.3536,3.658892869462963e-05
1765,307.6306783979999,5.7394,3.6578199344382745e-05
1766,307.80417047300034,5.1959,3.656748689561724e-05
1767,307.9788518759997,6.2279,3.65567793855555e-05
1768,308.1532535309998,5.5872,3.654599811777772e-05
1769,308.326456883,5.0582,3.653522896481477e-05
1770,308.50017875400044,4.9688,3.652454434067901e-05
1771,308.6740544460008,5.1002,3.65138215016666e-05
1772,308.84731657700104,2.5052,3.650308669858027e-05
1773,309.0207785900002,6.2935,3.6492391434321014e-05
1774,309.19430554000064,6.035,3.648167333012343e-05
1775,309.3680262409998,5.3639,3.6470973899074045e-05
1776,309.54197424999984,4.2421,3.64602499643827e-05
1777,309.71528078899973,6.1272,3.644951188833327e-05
1778,309.88943787800054,6.0522,3.6438812236357965e-05
1779,310.0634732390008,5.4586,3.642806056858021e-05
1780,310.23759915200026,5.8008,3.6417321833148124e-05
1781,310.4110547880009,5.9194,3.640657141666666e-05
1782,310.5845443070011,5.549,3.639586437111103e-05
1783,310.75832424300097,5.6618,3.638515047574076e-05
1784,310.9316569849998,5.681,3.637442950098768e-05
1785,311.1056366440007,6.7651,3.636372872771602e-05
1786,311.279259242001,2.7393,3.6352986403086375e-05
1787,311.45302040800016,5.2477,3.6342273462345655e-05
1788,311.6265257390005,5.159,3.6331539932530796e-05
1789,311.7992411340001,5.7167,3.632083381475308e-05
1790,311.97263744700103,5.1983,3.63101756451234e-05
1791,312.1457617240012,5.2627,3.629946768339503e-05
1792,312.318984593001,6.3378,3.6288785071666654e-05
1793,312.4924713270011,5.8924,3.627809087351854e-05
1794,312.66565564400116,5.8863,3.6267384533395086e-05
1795,312.8395805479995,5.8617,3.6256692687716e-05
1796,313.013820219001,5.6388,3.624594798993825e-05
1797,313.1876094199997,4.3309,3.623519950283952e-05
1798,313.36180318100014,6.2497,3.6224470584321e-05
1799,313.53562028300075,6.0168,3.621372213290119e-05
1800,313.7086687200008,6.5277,3.6202994289259226e-05
1801,313.88205653800105,6.3522,3.619230677061728e-05
1802,314.05601147200105,5.7907,3.6181604821234564e-05
1803,314.22954035899966,6.1369,3.617086156666669e-05
1804,314.4029785740004,4.7537,3.6160152030185186e-05
1805,314.57640541600085,5.8321,3.614944706283945e-05
1806,314.74982824499966,5.3508,3.6138737942901235e-05
1807,314.92421362499954,4.4729,3.6128040362160436e-05
1808,315.09797662300116,5.8336,3.611726875518517e-05
1809,315.27127370699964,5.773,3.610654910716053e-05
1810,315.44479705199956,5.562,3.609584895617277e-05
1811,315.6182820720005,2.3404,3.6085135263271616e-05
1812,315.7922444899996,6.1271,3.607442009549378e-05
1813,315.9662246450007,5.5392,3.606368749876546e-05
1814,316.1392087960012,3.5126,3.605295330376538e-05
1815,316.31225597199955,5.9225,3.604227913456787e-05
1816,316.48591058199963,6.1486,3.6031591743765405e-05
1817,316.6591528509998,4.7807,3.602086571833336e-05
1818,316.8329968039998,6.276,3.601017847030865e-05
1819,317.0075866700008,6.3652,3.5999446595740686e-05
1820,317.18152614000064,6.6958,3.598866804765434e-05
1821,317.35443302100066,4.6093,3.597793406197525e-05
1822,317.5277182660011,5.8503,3.596725143833327e-05
1823,317.70111518500016,5.0576,3.595656070234562e-05
1824,317.87330466300045,5.1149,3.5945861634567856e-05
1825,318.04685058200084,6.203,3.59352306199383e-05
1826,318.22142952300055,5.5048,3.5924523486666636e-05
1827,318.39488606600025,5.3627,3.591374042129628e-05
1828,318.5684086140009,5.355,3.590303317679015e-05
1829,318.7420376459995,5.3359,3.589232766864191e-05
1830,318.91481201200077,5.6929,3.588160320111108e-05
1831,319.08864266099954,4.1758,3.587094077833329e-05
1832,319.2623682760004,6.3642,3.586021075419753e-05
1833,319.4357230530004,5.5715,3.584948644672834e-05
1834,319.608629837001,4.5107,3.583878096117284e-05
1835,319.7812456829997,5.7965,3.582811024790126e-05
1836,319.9545803680012,5.6366,3.5817456191234554e-05
1837,320.1291847049997,5.8677,3.5806759840678986e-05
1838,320.3023821380011,5.3758,3.57959795566666e-05
1839,320.475752321001,6.0213,3.578528660567894e-05
1840,320.6496976750004,5.2332,3.577458089617284e-05
1841,320.82358429800115,5.7048,3.576384394456785e-05
1842,320.996555963,5.452,3.5753114363642005e-05
1843,321.1708750279995,6.0738,3.5742439334012323e-05
1844,321.34460325799955,5.56,3.57316761209259e-05
1845,321.5182100410002,6.0577,3.572095283851855e-05
1846,321.6914776659996,5.7015,3.571023895734571e-05
1847,321.8652384649995,3.9246,3.5699532002592585e-05
1848,322.0386297180012,5.2448,3.568881115691354e-05
1849,322.21146435800074,5.7239,3.5678113050987604e-05
1850,322.38515480800015,5.4763,3.5667440737901256e-05
1851,322.5590109010009,3.8149,3.5656719067345664e-05
1852,322.7325530070011,5.3416,3.564598453135805e-05
1853,322.90597915800026,5.018,3.5635270975802506e-05
1854,323.08004792300017,5.9803,3.562456954228394e-05
1855,323.2541128640005,5.318,3.5613823618518444e-05
1856,323.4273051529999,4.7624,3.560308025975302e-05
1857,323.60116882500006,5.4296,3.559239435623455e-05
1858,323.77492326300126,6.3003,3.558165315499997e-05
1859,323.94985416300005,6.2789,3.55709335230864e-05
1860,324.12296412700016,4.9838,3.556013162080243e-05
1861,324.29617306100045,5.4206,3.554945166049386e-05
1862,324.4700164090009,5.2646,3.55387543054938e-05
1863,324.6440458140005,5.787,3.552802785685187e-05
1864,324.8176203910007,6.1798,3.551728510240739e-05
1865,324.991188901,5.795,3.55065700167284e-05
1866,325.1650751600009,5.8243,3.549585969586419e-05
1867,325.3389329310012,4.2426,3.5485122882098746e-05
1868,325.5123534350005,5.3399,3.5474389895555504e-05
1869,325.6859553510003,5.8738,3.546368429271606e-05
1870,325.85989242399955,6.4501,3.545296581364194e-05
1871,326.0342297070001,4.7529,3.544223253895056e-05
1872,326.20801690900043,5.1998,3.543147130037041e-05
1873,326.38164998700086,6.2723,3.542073955814818e-05
1874,326.55541718099994,6.1659,3.5410029359876565e-05
1875,326.72921522700017,4.8996,3.539929269469134e-05
1876,326.90327321100085,6.0998,3.538856700753081e-05
1877,327.0766658200009,4.8077,3.537782561462965e-05
1878,327.2501895940004,6.0792,3.536711700783947e-05
1879,327.4236618650011,5.4837,3.5356405618395003e-05
1880,327.59743894500025,6.2239,3.534570047549377e-05
1881,327.77058290400055,5.425,3.5334976787530815e-05
1882,327.9446035559995,5.0429,3.532428186851845e-05
1883,328.1188579410009,6.3771,3.5313545911975346e-05
1884,328.29425549500047,5.3628,3.53027892162963e-05
1885,328.46733736900023,5.6531,3.529195585660495e-05
1886,328.6407698990006,5.111,3.528127941209872e-05
1887,328.8146762390006,6.0384,3.527056494487647e-05
1888,328.9888710640007,5.9446,3.5259843058827104e-05
1889,329.16302391499994,6.0207,3.524907167055556e-05
1890,329.3371530960012,5.8672,3.523833909913579e-05
1891,329.511086161001,6.101,3.5227581915308596e-05
1892,329.68508973999997,5.8476,3.521685080098759e-05
1893,329.85891990799973,4.2782,3.520610709666662e-05
1894,330.0316964450012,4.2099,3.51953767695062e-05
1895,330.2053242760012,5.6549,3.518470911771607e-05
1896,330.378312062001,5.7891,3.517398879635803e-05
1897,330.5520232840008,5.1031,3.516331399672832e-05
1898,330.7249844850012,5.9207,3.515259135320989e-05
1899,330.8983610440009,5.5884,3.514191712117281e-05
1900,331.0718501800002,5.9408,3.5131216204753075e-05
1901,331.24562122300085,5.6296,3.512050441401238e-05
1902,331.41911399400124,4.6941,3.510977962709878e-05
1903,331.5927952130005,5.4058,3.509907105308645e-05
1904,331.7659021620002,5.5894,3.508834170549383e-05
1905,331.9384576430002,5.4669,3.5077659641357944e-05
1906,332.1118760270001,5.7039,3.506701738950613e-05
1907,332.2853151729996,4.8251,3.505630674814812e-05
1908,332.4588538500011,5.7596,3.504560344796298e-05
1909,332.63133735700103,5.3524,3.503488470746909e-05
1910,332.8050263080004,5.9255,3.5024239513518463e-05
1911,332.97843480200027,6.1223,3.5013524904691366e-05
1912,333.15170638900054,6.305,3.500282101351848e-05
1913,333.3261126239995,5.6101,3.499211525925928e-05
1914,333.49958940800025,5.1854,3.4981359086358016e-05
1915,333.6730550880002,5.4464,3.4970645654197545e-05
1916,333.84650089200113,6.0798,3.4959940925617296e-05
1917,334.0198966980006,4.8939,3.494922901358021e-05
1918,334.1930210800001,6.5357,3.493851934098765e-05
1919,334.36643956400076,6.1252,3.4927841517345674e-05
1920,334.5400212450004,6.4294,3.491713799888888e-05
1921,334.7133596479998,5.4173,3.490641806950621e-05
1922,334.8861162890007,6.1391,3.4895720678148144e-05
1923,335.05954875099997,4.7875,3.4885061149506115e-05
1924,335.2334331740003,5.4082,3.487434881061722e-05
1925,335.40793638800096,4.2829,3.486361784395055e-05
1926,335.5812634570011,5.3846,3.485278681796299e-05
1927,335.7547895560001,5.7589,3.484214410049379e-05
1928,335.9286288960011,6.0397,3.483144004864193e-05
1929,336.10391276799965,5.8345,3.4820699242839475e-05
1930,336.2774869040004,5.8811,3.480982984962962e-05
1931,336.451406694001,6.5575,3.479917311771602e-05
1932,336.62514517099953,6.9041,3.478843844925927e-05
1933,336.7995803040012,6.0612,3.477771392154314e-05
1934,336.9730467059999,6.0353,3.476694112512341e-05
1935,337.14628635400004,5.4611,3.475623519209876e-05
1936,337.31955235200076,5.9708,3.4745543549876556e-05
1937,337.4939604129995,5.3714,3.473484308358023e-05
1938,337.66780938900047,5.0698,3.472408193919746e-05
1939,337.8421983320004,5.4355,3.4713346661790105e-05
1940,338.0153924440001,4.9326,3.4702582375061696e-05
1941,338.18854079599987,4.0035,3.469189264975307e-05
1942,338.3627425659997,5.6729,3.4681203311728397e-05
1943,338.5368642579997,5.5037,3.467045370530859e-05
1944,338.71077248300026,5.4615,3.465969664537029e-05
1945,338.88546950099953,6.085,3.4648974456543185e-05
1946,339.05859227899964,5.8843,3.4638184735123435e-05
1947,339.2317162060008,4.9808,3.462749013246914e-05
1948,339.4051174280012,5.8036,3.4616806810617287e-05
1949,339.5788571209996,6.2266,3.460610775043211e-05
1950,339.7521583079997,3.6563,3.4595389524876496e-05
1951,339.92521357900114,4.2805,3.458468662203701e-05
1952,340.098797476001,5.9814,3.4573997172777763e-05
1953,340.2720058390005,5.1701,3.456329104858026e-05
1954,340.44580790500004,6.132,3.455259101222218e-05
1955,340.61915908800074,5.0611,3.4541867147098756e-05
1956,340.7931334620007,4.7702,3.453116963086414e-05
1957,340.96722062200024,5.9175,3.4520429852037064e-05
1958,341.14074590699965,6.5834,3.4509681742222236e-05
1959,341.3145253750008,4.8399,3.449895994043205e-05
1960,341.48791768199953,5.6297,3.4488240272592545e-05
1961,341.66162822000115,5.1627,3.447753726586418e-05
1962,341.8351093370002,3.9282,3.446681498487652e-05
1963,342.0082271499996,4.5795,3.445610218524693e-05
1964,342.18152078099956,4.8431,3.4445426278703674e-05
1965,342.3549485470012,5.5347,3.443472361716044e-05
1966,342.52889891500126,5.366,3.442402091827155e-05
1967,342.70272946800105,5.5065,3.44132801773456e-05
1968,342.87648536599954,6.565,3.4402547532530844e-05
1969,343.05008051500045,6.1941,3.4391824859012335e-05
1970,343.223820438001,4.0189,3.4381111477037e-05
1971,343.39776007100045,4.4825,3.4370375957901215e-05
1972,343.570951650001,5.266,3.435965108320982e-05
1973,343.74448815300093,4.969,3.43489540545679e-05
1974,343.9181483850007,5.6546,3.4338246504259234e-05
1975,344.0912409450011,5.7157,3.432753093358017e-05
1976,344.26409969900124,4.5258,3.431683949907409e-05
1977,344.43741093599965,5.0794,3.4306171126975275e-05
1978,344.6106941470007,4.7558,3.42954726612346e-05
1979,344.7836588299997,5.9201,3.428477310660487e-05
1980,344.9568035430002,4.9626,3.4274091698456754e-05
1981,345.1302819150005,5.1899,3.426340778271598e-05
1982,345.3034162690001,3.7814,3.4252705535678996e-05
1983,345.47671365300084,5.4339,3.424201424425924e-05
1984,345.65025937599967,4.8049,3.4231317652036996e-05
1985,345.82424200100104,5.5834,3.422060896395056e-05
1986,345.9985789500006,6.39,3.4209860366296243e-05
1987,346.17203835700093,4.6527,3.4199099807901245e-05
1988,346.3455300229998,5.2277,3.4188391395061704e-05
1989,346.51916206700116,5.5865,3.417768449672834e-05
1990,346.69256421700084,4.8023,3.416697338777778e-05
1991,346.8659909369999,6.4866,3.415626694351852e-05
1992,347.03997023600095,5.6285,3.414555994907403e-05
1993,347.2132957369995,1.7801,3.413481949382711e-05
1994,347.3871647690012,5.7266,3.412411895672842e-05
1995,347.56072102100006,5.7948,3.411338483222214e-05
1996,347.73399375699955,6.092,3.4102671973395005e-05
1997,347.90754075600125,5.9883,3.409197857641978e-05
1998,348.08143705600014,5.5824,3.408126473629625e-05
1999,348.25495575700006,4.4731,3.4070535466357964e-05
2000,348.43003980399953,5.2381,3.405981682623456e-05
2001,348.60348071500084,5.6284,3.404901645691356e-05
2002,348.7771889220003,5.2357,3.403830699765434e-05
2003,348.95097817399983,5.7589,3.402758056234571e-05
2004,349.12464377000106,4.8841,3.401685651703702e-05
2005,349.29801391399997,4.8474,3.4006128648456816e-05
2006,349.4709908490004,5.5885,3.399543598993829e-05
2007,349.6447413400001,5.9887,3.3984756551296225e-05
2008,349.8178001039996,4.8323,3.39740316371605e-05
2009,349.99095172499983,4.423,3.3963352013888883e-05
2010,350.1645464539997,4.7001,3.3952661899259255e-05
2011,350.3385813120003,5.1244,3.394195081320987e-05
2012,350.512408296001,5.7456,3.393119859222219e-05
2013,350.68515545100126,4.9829,3.3920469456666684e-05
2014,350.8583271410007,6.2199,3.390980945462964e-05
2015,351.03205682800035,5.4222,3.38991220679629e-05
2016,351.205446199001,6.4465,3.388839411950615e-05
2017,351.3792925230009,6.1333,3.3877689253333276e-05
2018,351.55295125700104,6.1862,3.3866953103333355e-05
2019,351.7273977290006,5.2664,3.385623535901238e-05
2020,351.9012380100012,4.6873,3.384546614179013e-05
2021,352.07490850999966,5.6744,3.383474348129626e-05
2022,352.24814800400054,4.4096,3.382401940506172e-05
2023,352.42159738400005,5.7133,3.3813324946172823e-05
2024,352.5943511710011,5.1628,3.380262257228391e-05
2025,352.76796894499967,5.9312,3.379195966265427e-05
2026,352.94166892000067,6.1799,3.378123840981477e-05
2027,353.1156339010013,5.4062,3.3770517445802484e-05
2028,353.2910044250002,5.5729,3.375977792586419e-05
2029,353.4645778440008,5.2387,3.37489532210494e-05
2030,353.6376629999995,4.6744,3.3738240764320984e-05
2031,353.811423045001,5.559,3.372754350938274e-05
2032,353.9848575819997,4.2302,3.371682292969137e-05
2033,354.16000038700076,4.7129,3.3706122738456794e-05
2034,354.33454775599967,5.9652,3.369530619876542e-05
2035,354.5076371289997,5.3011,3.368453652320984e-05
2036,354.68093029100055,5.6451,3.367385325586423e-05
2037,354.85421293699983,3.9168,3.366315540796295e-05
2038,355.0287410010005,5.4119,3.365246280864197e-05
2039,355.2024794099998,5.4935,3.364168289790126e-05
2040,355.37593573900085,5.4896,3.363095910185183e-05
2041,355.55035341800067,5.5762,3.362025498382716e-05
2042,355.72462000700034,5.6181,3.3609487009259204e-05
2043,355.8985963800005,6.1757,3.359872988438265e-05
2044,356.0724203789996,6.1883,3.3587986109135804e-05
2045,356.24524243700034,4.3822,3.3577257444753016e-05
2046,356.419319351,5.6091,3.3566592129135766e-05
2047,356.5940168190009,5.4989,3.355585371043207e-05
2048,356.7681574440012,6.4232,3.35450018945061e-05
2049,356.94210858100087,6.3277,3.353431237845682e-05
2050,357.11586025700126,5.7911,3.352357488771607e-05
2051,357.2891274829999,4.653,3.35128491744444e-05
2052,357.46239801199954,5.3897,3.350214940549382e-05
2053,357.63500889700117,5.4433,3.3491469169074e-05
2054,357.8082253900011,5.2626,3.3480804707469135e-05
2055,357.98159910100003,5.8192,3.347010882962962e-05
2056,358.1562446050011,6.1722,3.345941414580247e-05
2057,358.32894578000014,5.1085,3.3448629782283936e-05
2058,358.50374509300127,6.1127,3.3437973442592516e-05
2059,358.6771321619999,5.6559,3.342717826197528e-05
2060,358.85051172400017,5.5037,3.3416477590617214e-05
2061,359.02516306300095,4.5964,3.3405773799567895e-05
2062,359.1986769160012,4.9819,3.339498839185188e-05
2063,359.3717702890008,5.2388,3.3384279497222225e-05
2064,359.5458488719996,6.2014,3.337360021543208e-05
2065,359.7198699090004,5.5319,3.336285680259259e-05
2066,359.89374346000113,5.7915,3.335210377432102e-05
2067,360.06714883899986,5.5816,3.334137385154317e-05
2068,360.2409552530007,5.8083,3.3330676952283944e-05
2069,360.41527864099953,5.8094,3.33199389735802e-05
2070,360.5886462689996,5.9103,3.3309186200740674e-05
2071,360.76235270899997,4.9472,3.329848139456783e-05
2072,360.93656222699974,5.5492,3.328775757635806e-05
2073,361.11065891900034,5.2113,3.327699748746915e-05
2074,361.28496008100046,4.5411,3.326625740179011e-05
2075,361.45862273199964,5.4743,3.3255499191357974e-05
2076,361.6312433350013,4.1,3.3244777487160504e-05
2077,361.8043087340011,4.8962,3.3234127015432115e-05
2078,361.97810967400073,5.422,3.32234372248148e-05
2079,362.1508744620005,4.6244,3.321271102265425e-05
2080,362.32409038399965,4.7559,3.320204356574076e-05
2081,362.49820695200106,5.5141,3.319135690901234e-05
2082,362.6721136209999,5.8084,3.318061036438265e-05
2083,362.8453835849996,4.8878,3.3169872860432106e-05
2084,363.0193319450009,4.9242,3.315917575518513e-05
2085,363.193037508001,4.1237,3.314844010419754e-05
2086,363.36612122800034,5.3525,3.3137717906234505e-05
2087,363.5409142839999,5.528,3.312703459271599e-05
2088,363.71418890300083,5.4355,3.311624184722219e-05
2089,363.8879906500006,5.8215,3.310554795098759e-05
2090,364.0619070590001,5.2031,3.309482307172841e-05
2091,364.2361737280007,5.1288,3.3084087808456724e-05
2092,364.4099581600003,4.6514,3.307332041691361e-05
2093,364.5841324410012,6.1875,3.306259989018515e-05
2094,364.758063827001,5.3636,3.3051846118024615e-05
2095,364.9320522500002,5.4119,3.3041108894320946e-05
2096,365.1048403570003,5.599,3.3030364280185146e-05
2097,365.2783097720003,5.3621,3.301970152543202e-05
2098,365.4518922259995,3.7789,3.300898915617286e-05
2099,365.6252864680009,5.5608,3.299827837518518e-05
2100,365.7988371290012,6.5127,3.2987575332098695e-05
2101,365.9730362040009,5.0014,3.2976863317962966e-05
2102,366.1468385219996,5.655,3.296611113746914e-05
2103,366.31999556400115,4.5031,3.295538154444442e-05
2104,366.4935816819998,4.9147,3.294469053481475e-05
2105,366.6675747090012,5.0309,3.2933983404753034e-05
2106,366.8420164070012,5.9531,3.2923241246111124e-05
2107,367.0158682420006,4.9815,3.291247249401233e-05
2108,367.1890626429995,4.0575,3.2901735810123405e-05
2109,367.36269564600116,6.366,3.2891049924999967e-05
2110,367.53717046699967,5.9043,3.288032899074074e-05
2111,367.7107055159995,4.7514,3.286955939234567e-05
2112,367.88401393300046,4.7775,3.2858843828148174e-05
2113,368.05727980400115,6.1515,3.284814784209877e-05
2114,368.2308558759996,5.3599,3.283745148364193e-05
2115,368.4039805860011,4.2923,3.282673831783945e-05
2116,368.578404064001,4.7649,3.281605572444446e-05
2117,368.75226001900046,6.3599,3.280528893209869e-05
2118,368.9259330799996,5.2659,3.279455519246913e-05
2119,369.09884710200095,5.5173,3.278383771716051e-05
2120,369.27176019500075,6.0492,3.277316023660486e-05
2121,369.44495348999953,3.5836,3.276248816111109e-05
2122,369.6180216390003,5.5448,3.275179974617279e-05
2123,369.7909288430001,5.3796,3.274111914469134e-05
2124,369.9643714120011,5.3607,3.273044218067904e-05
2125,370.1377086140001,5.4269,3.271973588240739e-05
2126,370.31075342999975,6.1641,3.2709037086358e-05
2127,370.48410871600026,5.5389,3.26983528912346e-05
2128,370.65819439699953,5.5373,3.268765314209877e-05
2129,370.8316352040001,6.1785,3.267690587265434e-05
2130,371.0048577710004,4.1265,3.266619584703704e-05
2131,371.17788354000004,5.522,3.2655501683395054e-05
2132,371.35148149199995,6.307,3.264482823851845e-05
2133,371.5256184970003,5.9733,3.2634110001666684e-05
2134,371.6996581330004,6.138,3.262336299222221e-05
2135,371.87326763500096,5.6833,3.261261574080239e-05
2136,372.04626930700033,5.4228,3.2601898139506196e-05
2137,372.2194274829999,4.98,3.259122093104935e-05
2138,372.3922967569997,3.0788,3.2580536157839436e-05
2139,372.56559026300056,5.4168,3.256986201246912e-05
2140,372.73899501100095,4.9078,3.2559168141666685e-05
2141,372.9122832869998,6.0168,3.254846188629623e-05
2142,373.0863157149997,5.7267,3.253776739179007e-05
2143,373.25941025300017,5.876,3.252702029080248e-05
2144,373.4339065790009,5.3851,3.251633277080247e-05
2145,373.60777610399964,4.9691,3.250550326493828e-05
2146,373.7809035099999,4.9246,3.249482916160492e-05
2147,373.95385712999996,5.2138,3.2484145106728414e-05
2148,374.12709829900086,4.7003,3.2473470730185204e-05
2149,374.3008433390005,6.3913,3.246277542666666e-05
2150,374.4746230410001,4.0376,3.2452048757469125e-05
2151,374.64805874800004,5.1926,3.2441320327715975e-05
2152,374.82095886500065,5.0258,3.2430614984999984e-05
2153,374.99491547100115,5.7701,3.2419944504135746e-05
2154,375.1689290869999,5.6869,3.240920102234567e-05
2155,375.34346819700113,4.9725,3.239846593493827e-05
2156,375.51867745399977,5.5283,3.238769183117278e-05
2157,375.69217103400115,5.1778,3.237687660481478e-05
2158,375.86530265700094,5.398,3.236616786703704e-05
2159,376.0388021790004,6.0272,3.235547494049379e-05
2160,376.2123070480011,5.1838,3.234476271197534e-05
2161,376.3850093479996,5.5881,3.233405440499997e-05
2162,376.55797978900046,4.4224,3.2323403390370385e-05
2163,376.7313785839997,4.6696,3.23127257094444e-05
2164,376.9048154280008,5.4641,3.230202516302463e-05
2165,377.0782516550007,5.4161,3.229130640530861e-05
2166,377.2512245529997,5.1915,3.228060560882709e-05
2167,377.4240351919998,3.399,3.22699300327777e-05
2168,377.5972938220002,4.0809,3.2259263848580216e-05
2169,377.770268151,4.8109,3.2248560844259204e-05
2170,377.94291644199984,5.714,3.2237881684506176e-05
2171,378.1160594129997,6.336,3.222723826388888e-05
2172,378.2895951669998,6.5715,3.221654556870368e-05
2173,378.4624323570006,4.9011,3.2205829045617266e-05
2174,378.6368383090012,5.5826,3.21951670028395e-05
2175,378.8097405990011,6.1972,3.2184397939999944e-05
2176,378.9826736089999,5.8781,3.217372720555555e-05
2177,379.156221063,5.2635,3.21630507427778e-05
2178,379.3307461029999,5.2225,3.2152341418148154e-05
2179,379.5037988900003,4.6913,3.214155841419754e-05
2180,379.67689826700007,5.8806,3.213087362358024e-05
2181,379.8506396949997,5.4597,3.2120196277222215e-05
2182,380.02465098799985,5.2206,3.210946886499995e-05
2183,380.19864559100097,5.8002,3.209873262641974e-05
2184,380.37180077300036,5.7894,3.208798544333329e-05
2185,380.5452702800012,5.8197,3.207729580438265e-05
2186,380.719561412001,4.6468,3.206659385641975e-05
2187,380.89271814899985,4.7603,3.2055825188950554e-05
2188,381.06583961900105,5.1365,3.204514426037035e-05
2189,381.23957464200066,4.8374,3.203446687055554e-05
2190,381.4137996080008,5.3711,3.202373330555559e-05
2191,381.586959794,5.1757,3.2012976177901253e-05
2192,381.7599772980011,5.7904,3.200228700104937e-05
2193,381.9331032980008,4.7027,3.1991606923333353e-05
2194,382.10758572600025,5.7081,3.1980922870061704e-05
2195,382.28150185199956,4.3874,3.197014955876545e-05
2196,382.45513627000037,6.8527,3.19594066404938e-05
2197,382.62854874000004,5.4556,3.194869518364197e-05
2198,382.802841136001,5.4336,3.19379913564197e-05
2199,382.9762796699997,6.0924,3.192723866740739e-05
2200,383.1493976720012,5.2088,3.191653283827163e-05
2201,383.3223915760009,6.3835,3.1905838309691305e-05
2202,383.4960802630012,5.4635,3.1895168930740746e-05
2203,383.6710399679996,4.9337,3.1884445198024715e-05
2204,383.84427863100063,5.6151,3.187363970475304e-05
2205,384.0174485000007,5.7204,3.186294804024687e-05
2206,384.1913777820009,4.6134,3.185225558907405e-05
2207,384.36505711800055,5.9864,3.184152684253088e-05
2208,384.5385718460002,4.6618,3.183079919401235e-05
2209,384.71167908999996,5.1772,3.1820092884506195e-05
2210,384.88602089900087,5.2456,3.180940524160493e-05
2211,385.05940868200014,4.5805,3.1798632326790087e-05
2212,385.2329914969996,4.7478,3.17879412629012e-05
2213,385.4066565780013,5.6131,3.1777229185802495e-05
2214,385.5799663430007,4.7074,3.176650600111114e-05
2215,385.75311051300014,6.0568,3.175580326141974e-05
2216,385.9267467240006,3.4631,3.174511664697531e-05
2217,386.1005665520006,5.5811,3.173440264938266e-05
2218,386.27331598099954,6.1329,3.1723668973209884e-05
2219,386.446880038,4.7687,3.171300963197531e-05
2220,386.62060281400045,6.1999,3.1702302616234496e-05
2221,386.79345987099987,5.3514,3.169157082370363e-05
2222,386.96734126000047,6.3126,3.168090263944443e-05
2223,387.1407673160011,5.3405,3.167016262944445e-05
2224,387.31443838999985,4.7644,3.165946289290119e-05
2225,387.4878872400004,4.8736,3.1648739055061716e-05
2226,387.6616140340011,5.0675,3.163803549444445e-05
2227,387.8346837930003,5.8273,3.162731135635798e-05
2228,388.0080689990009,4.3394,3.161662844290125e-05
2229,388.181850246001,6.7479,3.160592219018518e-05
2230,388.35473400199953,4.9952,3.1595198283271595e-05
2231,388.52790807699967,5.8186,3.15845327943827e-05
2232,388.70177743299973,3.5483,3.1573837967407375e-05
2233,388.87561346800067,5.9752,3.15631059419136e-05
2234,389.04872660399997,5.2907,3.155237153938265e-05
2235,389.2217864209997,6.0372,3.154169137617278e-05
2236,389.3951027960011,4.9511,3.153100221808635e-05
2237,389.5685743030008,5.6813,3.1520310443888833e-05
2238,389.74172230300064,5.1978,3.150959580858028e-05
2239,389.9145922110001,5.5733,3.149891246327155e-05
2240,390.0876857210005,5.3953,3.148823592728396e-05
2241,390.26109482799984,5.6791,3.147755793796292e-05
2242,390.43476301900046,5.4447,3.146684991209878e-05
2243,390.6083003920012,5.4548,3.1456127790493775e-05
2244,390.7811393760003,5.648,3.144541501666667e-05
2245,390.9542528740003,4.1118,3.143474905277777e-05
2246,391.12758085800124,4.4561,3.142406683049378e-05
2247,391.3010659629999,6.0337,3.141336157413578e-05
2248,391.47444710200034,5.6068,3.140265755648148e-05
2249,391.6484758610004,5.6871,3.1391954193456777e-05
2250,391.8222194000009,5.805,3.1381202975987583e-05
2251,391.9959954670012,4.2401,3.1370480120617294e-05
2252,392.1697688889999,5.7807,3.135975346049382e-05
2253,392.343420485,5.5208,3.134902756561727e-05
2254,392.51663247800025,4.4365,3.133830510666664e-05
2255,392.691438924001,5.2916,3.1327616304259234e-05
2256,392.86537214800046,5.5216,3.131683247858027e-05
2257,393.03847515800044,5.3903,3.130609377024687e-05
2258,393.21125362100065,5.0629,3.129541216586415e-05
2259,393.38480882899967,5.736,3.1284741775864156e-05
2260,393.5588075070009,5.2703,3.127403107364197e-05
2261,393.7333373140009,5.2938,3.1263289326543154e-05
2262,393.9069562450004,6.5752,3.125250783302464e-05
2263,394.0801330409995,5.8344,3.124179772364198e-05
2264,394.2538735020007,4.624,3.123110702987656e-05
2265,394.42646579699976,5.3934,3.1220387360432077e-05
2266,394.6001295770002,6.0982,3.120972665475311e-05
2267,394.7729689000007,5.6865,3.119900840709879e-05
2268,394.9469059260009,6.0265,3.118834025962966e-05
2269,395.1205007540011,5.3999,3.117760223098758e-05
2270,395.2945226989996,4.8775,3.116688775499993e-05
2271,395.4680316009999,5.784,3.1156147493950556e-05
2272,395.64156387100047,4.3039,3.114543233716042e-05
2273,395.81529050599966,5.2244,3.1134722959382705e-05
2274,395.98882442099966,5.0581,3.11239994666666e-05
2275,396.161884829,6.0857,3.111328636425926e-05
2276,396.3353726080004,4.3051,3.110260935537037e-05
2277,396.50926136900125,5.1992,3.109189977067902e-05
2278,396.6828295030009,4.4165,3.1081160542777785e-05
2279,396.8562016650012,5.5454,3.107044514074072e-05
2280,397.0304882550008,5.1985,3.105974231783943e-05
2281,397.20354923000014,5.5741,3.104898584049379e-05
2282,397.37703642900124,6.0626,3.103830274407402e-05
2283,397.54995855299967,5.0189,3.102758961919756e-05
2284,397.7240846679997,5.5524,3.1016923355061664e-05
2285,397.89773684300053,2.3755,3.100616919351849e-05
2286,398.0713532580012,5.7614,3.0995454709506177e-05
2287,398.24493285100107,5.1243,3.098473680783948e-05
2288,398.4184597880012,6.079,3.097402074870371e-05
2289,398.59288847300013,6.1254,3.096331801179009e-05
2290,398.7679055890003,5.8649,3.095254635123458e-05
2291,398.9411446590002,5.8813,3.094173276783946e-05
2292,399.1152189510012,6.6207,3.093103938771604e-05
2293,399.2889743579999,5.5529,3.092029938981481e-05
2294,399.463493356001,5.4906,3.0909574135740725e-05
2295,399.6371466010005,6.2636,3.089879291537031e-05
2296,399.8103497539996,5.4901,3.088808333672833e-05
2297,399.98388520499975,5.8359,3.087738728432096e-05
2298,400.1574560530007,5.3627,3.086667787413582e-05
2299,400.33113001899983,5.1781,3.085596596956793e-05
2300,400.50489208699946,4.9498,3.0845238424506104e-05
2301,400.67851816999973,4.4684,3.0834517266419784e-05
2302,400.8527819530009,4.979,3.082380118524686e-05
2303,401.02565977300037,5.752,3.081304121771598e-05
2304,401.19933587299965,4.9316,3.080237414561722e-05
2305,401.3738167850006,6.2484,3.079164594629623e-05
2306,401.54766263000056,5.7137,3.07808793945062e-05
2307,401.720933265,6.108,3.07701483922839e-05
2308,401.89468947500063,5.2767,3.075945356938266e-05
2309,402.06828581300033,5.1525,3.074871822135798e-05
2310,402.2420095039997,5.0631,3.0738008666666596e-05
2311,402.41509981499985,5.6234,3.0727289824691284e-05
2312,402.5887667480001,5.6131,3.071659805827163e-05
2313,402.76185420299953,5.5184,3.070588483981479e-05
2314,402.9343665870001,4.8677,3.0695201634321005e-05
2315,403.10825119900073,6.1309,3.0684550631234584e-05
2316,403.2815485080009,5.6571,3.067381506154314e-05
2317,403.4544956130012,6.0011,3.0663117355740754e-05
2318,403.62794167300126,5.6698,3.0652445732962906e-05
2319,403.80174437000096,4.9801,3.064173528345674e-05
2320,403.9749757820009,4.4019,3.06310076782716e-05
2321,404.1485133799997,5.4674,3.062031332956787e-05
2322,404.3219743560003,5.1153,3.060959989660491e-05
2323,404.4956967630005,6.0116,3.059889354574077e-05
2324,404.6698321269996,5.4775,3.058816816358019e-05
2325,404.84296412000003,5.2804,3.057742234987658e-05
2326,405.0166346400001,4.6329,3.056673591969128e-05
2327,405.1898983259998,5.2797,3.0556012812037045e-05
2328,405.36345729499953,4.321,3.0545318066481485e-05
2329,405.53635330700126,4.9844,3.053460077604934e-05
2330,405.7097520030002,5.0752,3.0523929820987586e-05
2331,405.88356737200047,5.9552,3.0513229207530862e-05
2332,406.0572035509995,4.1272,3.0502493136481476e-05
2333,406.2307496829999,5.4315,3.049177425839507e-05
2334,406.4041912650009,4.5939,3.048106892407405e-05
2335,406.5779637979995,6.2626,3.047035873432092e-05
2336,406.751935368,5.4072,3.045963963456786e-05
2337,406.9255746030012,5.1559,3.0448897041851865e-05
2338,407.0991342800007,4.5424,3.0438171429444383e-05
2339,407.27255859400066,6.1099,3.0427469243888905e-05
2340,407.4461469050002,4.8161,3.0416761512160518e-05
2341,407.61905845900037,5.4914,3.0406048773827174e-05
2342,407.79278552600044,5.5248,3.039537235882709e-05
2343,407.9664986050011,4.5731,3.0384648488518536e-05
2344,408.1400172829999,4.2754,3.0373925162716045e-05
2345,408.3132655950012,5.9312,3.0363216552098794e-05
2346,408.4864776480008,5.4692,3.0352514806604915e-05
2347,408.6604341660004,5.4507,3.0341820525987653e-05
2348,408.83540431500114,5.9012,3.0331080143395085e-05
2349,409.0088064720003,6.0666,3.0320283980246912e-05
2350,409.18250961600097,5.7935,3.0309576850432107e-05
2351,409.3562107400012,5.9917,3.0298862375308584e-05
2352,409.5299507489999,4.9007,3.028813510061731e-05
2353,409.70324119399993,4.8174,3.0277415853950652e-05
2354,409.8763518800006,5.3339,3.0266725054259187e-05
2355,410.04976728600013,4.19,3.025602420432093e-05
2356,410.2234222770003,4.1739,3.0245328878641933e-05
2357,410.3964928740006,5.4253,3.0234601751728388e-05
2358,410.5702790390005,5.4556,3.0223923232283878e-05
2359,410.74349540500043,5.3946,3.0213194457839432e-05
2360,410.9176126350012,5.993,3.020250430753089e-05
2361,411.0914073130007,5.919,3.019175624629632e-05
2362,411.2655221460009,4.8511,3.0181027985370326e-05
2363,411.43864943100016,4.987,3.0170281858395077e-05
2364,411.6130760720007,5.6979,3.015959420277773e-05
2365,411.78656119399966,4.1087,3.014882305333332e-05
2366,411.9598760400004,5.6352,3.0138118622345685e-05
2367,412.1331314760009,3.4307,3.0127421526481436e-05
2368,412.3071756680001,6.2701,3.0116723210061713e-05
2369,412.48085537100087,5.0686,3.01059716354938e-05
2370,412.6535562480003,4.9319,3.0095259336728344e-05
2371,412.827445672001,5.1438,3.0084599024938277e-05
2372,413.0010428559999,4.3644,3.0073861500678946e-05
2373,413.17473884100036,5.5097,3.006315491993822e-05
2374,413.34786305800117,5.0221,3.0052430933827193e-05
2375,413.521153048001,5.656,3.0041743676666658e-05
2376,413.69505664999997,5.7793,3.0031042015370313e-05
2377,413.8693012519998,4.7795,3.002030630703707e-05
2378,414.0428575120004,6.2207,3.0009556501419735e-05
2379,414.2161809429999,6.3188,2.999881731981481e-05
2380,414.3905385380003,5.4093,2.9988138080246887e-05
2381,414.5632634350004,3.5618,2.9977380287901268e-05
2382,414.73704113700114,5.1704,2.996671398691354e-05
2383,414.9105593250006,5.7551,2.9955986311049317e-05
2384,415.0840189339997,3.101,2.9945275621234547e-05
2385,415.2576064799996,4.3379,2.993457385413579e-05
2386,415.4314505710008,5.7343,2.9923855883456743e-05
2387,415.6045766040006,5.3596,2.991312612413575e-05
2388,415.7781643569997,5.6418,2.9902440755678963e-05
2389,415.95180728500054,4.5719,2.9891724129567912e-05
2390,416.12565553700006,5.641,2.988099952487652e-05
2391,416.2990562310006,5.7791,2.9870272069999973e-05
2392,416.4724345369996,5.3063,2.9859572201543146e-05
2393,416.64574294200065,5.2824,2.9848866455493768e-05
2394,416.8191365700004,4.5117,2.9838169898456734e-05
2395,416.9919710129998,4.7424,2.9827471107160526e-05
2396,417.16506841699993,5.2237,2.981679562962963e-05
2397,417.33838472000025,5.8944,2.980611610216048e-05
2398,417.5112522319996,5.1083,2.9795416586111068e-05
2399,417.6850726390003,5.2589,2.978474686648143e-05
2400,417.85872312799984,4.7531,2.9774009946234594e-05
2401,418.0320900179995,4.0733,2.97632956438889e-05
2402,418.2053674930012,5.969,2.9752587322654346e-05
2403,418.37925311800063,5.7907,2.9741898093148107e-05
2404,418.55280692999986,5.1836,2.9731164744814833e-05
2405,418.7261744210009,5.5345,2.972045006104941e-05
2406,418.9000826829997,5.4269,2.9709744223580206e-05
2407,419.0734696620002,4.5733,2.9699007152345683e-05
2408,419.2469819550006,5.0567,2.9688302249135823e-05
2409,419.4202987860008,5.8704,2.967759822641969e-05
2410,419.593629332001,5.8871,2.9666897646296287e-05
2411,419.76656069599994,4.7995,2.9656200213148176e-05
2412,419.9399285689997,5.8719,2.9645527346172818e-05
2413,420.1133485379996,5.0584,2.9634826322345687e-05
2414,420.2862108040008,6.3697,2.9624112207283937e-05
2415,420.45960332399954,4.0174,2.9613448396234567e-05
2416,420.6337556760009,6.0371,2.960274578925922e-05
2417,420.8073921640007,5.3161,2.9591996013950622e-05
2418,420.98077813000054,5.8559,2.9581272072036992e-05
2419,421.15464091800095,5.5913,2.957057038209875e-05
2420,421.3282023089996,4.9338,2.955983734975302e-05
2421,421.50237623199973,5.5562,2.9549132156666647e-05
2422,421.6752412370006,3.865,2.953837593123454e-05
2423,421.8486445689996,4.8646,2.9527703414259244e-05
2424,422.02196417199957,4.951,2.951699826061721e-05
2425,422.1959771840011,5.5446,2.9506304483765358e-05
2426,422.37027622999994,5.1565,2.9495563219074096e-05
2427,422.5432286079995,5.3942,2.9484799189197555e-05
2428,422.7168288310004,4.984,2.9474133608086342e-05
2429,422.89074063299995,5.3458,2.9463410780308666e-05
2430,423.0641257919997,3.8976,2.945267258598764e-05
2431,423.2368652940004,5.3617,2.9441974604320914e-05
2432,423.40994035400036,5.641,2.9431310347839448e-05
2433,423.58312829200077,5.0497,2.9420627275061703e-05
2434,423.7560306760006,5.2441,2.940993741475307e-05
2435,423.93015555500097,4.2443,2.939926423395062e-05
2436,424.103891955001,5.075,2.9388516612716e-05
2437,424.2773823059997,4.931,2.9377787923703642e-05
2438,424.4501835200008,4.9585,2.9367079327654256e-05
2439,424.6236306459996,5.1256,2.93564110543827e-05
2440,424.79700977300126,4.4232,2.9345705498827098e-05
2441,424.97070008100127,5.1179,2.9335005171481468e-05
2442,425.1445146650003,4.5983,2.932428246006173e-05
2443,425.317522972,4.8084,2.9313550456172833e-05
2444,425.4909553289999,5.4195,2.9302873383271563e-05
2445,425.66428722599994,6.042,2.9292173366358033e-05
2446,425.8371389420008,4.9341,2.9281463769753086e-05
2447,426.0106628470003,5.1026,2.9270803801358026e-05
2448,426.1846390539995,5.9891,2.9260087609629615e-05
2449,426.3575194360001,5.6508,2.9249343058148126e-05
2450,426.5302483560008,4.4447,2.9238680778209844e-05
2451,426.7032255760005,4.9528,2.9228017245987636e-05
2452,426.8772493230008,5.0175,2.9217336521049354e-05
2453,427.0508531659998,5.3607,2.920659269746915e-05
2454,427.2236417210006,5.1133,2.9195878298271596e-05
2455,427.39718286100106,5.4968,2.9185213088703677e-05
2456,427.57014540599994,5.6526,2.9174504077098752e-05
2457,427.7431018700008,4.3959,2.9163828646357988e-05
2458,427.91653613000017,3.3422,2.9153149848209833e-05
2459,428.09045296600016,5.9547,2.914244323080244e-05
2460,428.2635759590012,5.1787,2.9131697580987636e-05
2461,428.43668707600045,5.4185,2.912101817777781e-05
2462,428.6101124649995,4.7767,2.911033678209875e-05
2463,428.78302134000114,5.0204,2.909962941709873e-05
2464,428.95769025200025,5.9417,2.9088955109197552e-05
2465,429.1317772809998,5.7193,2.9078169164012376e-05
2466,429.3056814070005,5.8673,2.906742356604933e-05
2467,429.47922057399956,5.3912,2.9056691183456712e-05
2468,429.6527185270006,5.8146,2.904597345413578e-05
2469,429.82689973500055,5.4044,2.9035265882777803e-05
2470,430.0014085319999,6.1327,2.9024508187962908e-05
2471,430.17531919000066,6.4849,2.9013741782345626e-05
2472,430.3496455229997,5.0753,2.9003006005370348e-05
2473,430.5228683630012,5.3215,2.8992243129629554e-05
2474,430.6962129500007,5.7298,2.8981556187036964e-05
2475,430.86975752299986,5.5916,2.8970857216419727e-05
2476,431.04297305600085,4.5664,2.8960142545123475e-05
2477,431.2164985039999,5.868,2.8949449730185218e-05
2478,431.389931396001,5.4618,2.893873775697529e-05
2479,431.56380653700035,4.9695,2.892803239759253e-05
2480,431.73732282400124,4.6193,2.8917300011913585e-05
2481,431.910432906001,5.4517,2.890658595882716e-05
2482,432.08389855399946,5.7634,2.8895902838888855e-05
2483,432.25743574400076,5.631,2.888519557753081e-05
2484,432.4307405159998,5.0189,2.8874482481604913e-05
2485,432.6040624420002,5.5938,2.8863787352592576e-05
2486,432.7774384550012,5.9602,2.8853079774876558e-05
2487,432.950027750001,3.5314,2.8842386807777705e-05
2488,433.1233437840001,5.5671,2.88317342667901e-05
2489,433.29618434500117,5.0463,2.8821029018024692e-05
2490,433.4692606339995,5.6083,2.8810363697962934e-05
2491,433.6428209599999,5.1702,2.8799683563950648e-05
2492,433.81597079200037,3.8894,2.8788968912160474e-05
2493,433.99018124900067,5.1351,2.8778274126604887e-05
2494,434.1634077840008,5.1239,2.8767519192530844e-05
2495,434.33670485400035,3.592,2.875682966030862e-05
2496,434.51087074300085,5.5439,2.8746135900246933e-05
2497,434.68387787400025,5.8615,2.873538662030867e-05
2498,434.85759965299985,5.7844,2.872469883549378e-05
2499,435.03122999300103,5.3428,2.871397425950616e-05
2500,435.2048590960003,4.8239,2.8703260184382675e-05
2501,435.3788068920003,6.2843,2.869253795160496e-05
2502,435.55167742100093,5.3337,2.868180837320986e-05
2503,435.72479382300116,4.0539,2.8671133574135738e-05
2504,435.898558592,5.4065,2.86604497072839e-05
2505,436.0718881360008,5.9502,2.8649716420432127e-05
2506,436.2453515260004,6.7391,2.8639024930185142e-05
2507,436.4183216300007,5.3631,2.862829784148149e-05
2508,436.59199618800085,5.6063,2.861763930537036e-05
2509,436.76496199400026,5.7536,2.8606917751111062e-05
2510,436.9385463769995,4.3233,2.859624086055551e-05
2511,437.11199235300046,5.6861,2.85855235949382e-05
2512,437.2851490760004,5.1995,2.8574819858641932e-05
2513,437.45836481399965,5.3061,2.8564131191666698e-05
2514,437.631382941001,4.8642,2.855344156864198e-05
2515,437.805020926,6.4238,2.854275753481477e-05
2516,437.97878092500105,5.0425,2.853204495499995e-05
2517,438.15205091200005,5.8115,2.8521310821419723e-05
2518,438.3253634550001,5.768,2.8510616933765365e-05
2519,438.4990949740004,6.2433,2.8499917149691347e-05
2520,438.67257523599983,6.0185,2.8489201204753092e-05
2521,438.84570193500076,5.6179,2.8478484974197568e-05
2522,439.0198310529995,4.7979,2.8467799644197467e-05
2523,439.192847100001,4.7522,2.8457049919444435e-05
2524,439.36607794200063,5.4269,2.844636813148145e-05
2525,439.5390893040003,5.8939,2.8435680195061654e-05
2526,439.71270408000055,5.6467,2.8425001005864127e-05
2527,439.88587499000096,5.6908,2.8414281650493763e-05
2528,440.05951549600104,5.1712,2.8403592792098756e-05
2529,440.2328016980009,5.0287,2.8392877727469064e-05
2530,440.4054342800009,4.1954,2.83821787805555e-05
2531,440.57876917000067,5.9205,2.837151794950617e-05
2532,440.7523372070009,6.3153,2.836081914740741e-05
2533,440.92541523399996,4.1643,2.83501117673457e-05
2534,441.09856828100055,5.6768,2.833942390679012e-05
2535,441.27158519800105,5.2034,2.8328731436543166e-05
2536,441.4455289279995,5.6764,2.8318050118950625e-05
2537,441.61954517100094,5.3533,2.8307316913394993e-05
2538,441.7927564500005,4.8786,2.8296570000987648e-05
2539,441.96608306800044,5.9992,2.8285882458148094e-05
2540,442.13980722900124,5.4532,2.8275183239012325e-05
2541,442.3133521380005,4.4308,2.8264456793703638e-05
2542,442.48746135200054,5.5082,2.8253748753456794e-05
2543,442.6608179120012,5.1691,2.8242997295432094e-05
2544,442.8340403029997,4.9212,2.8232299950370338e-05
2545,443.00768655200045,4.8614,2.8221606746975328e-05
2546,443.1807809410002,3.5458,2.821088571216046e-05
2547,443.354058410001,5.6607,2.820020642234564e-05
2548,443.5276294659998,5.5336,2.8189506008333366e-05
2549,443.70144845100003,5.5683,2.8178792680246936e-05
2550,443.8749274720012,5.0621,2.816806208543211e-05
2551,444.04880551399947,5.9228,2.8157351588271563e-05
2552,444.2222915580005,5.4494,2.814661859777774e-05
2553,444.3956077109997,5.7634,2.8135913904814765e-05
2554,444.5693718040002,4.3022,2.8125216559629613e-05
2555,444.7428801490005,5.0545,2.8114487777530812e-05
2556,444.9164535250002,5.7152,2.8103779814629644e-05
2557,445.09016620500006,5.1709,2.8093061224629614e-05
2558,445.26381021700035,5.189,2.808234472919745e-05
2559,445.4372511929996,5.06,2.807162782493822e-05
2560,445.6106790390004,4.3843,2.8060905921728376e-05
2561,445.7841796410012,5.4669,2.8050208854506143e-05
2562,445.95780242100045,4.6438,2.8039491751111135e-05
2563,446.1308239730006,4.1126,2.8028779397098693e-05
2564,446.30466562699985,6.1328,2.8018103515061718e-05
2565,446.47817116400074,5.1946,2.800737197759258e-05
2566,446.651865324,5.5864,2.7996663412222246e-05
2567,446.82517508800083,5.1427,2.798594025895056e-05
2568,446.9991410290004,5.0171,2.797524204172841e-05
2569,447.17264511900066,5.5047,2.7964499240185127e-05
2570,447.34629639800005,5.6254,2.7953791341728397e-05
2571,447.5194701190012,4.8852,2.7943073016543132e-05
2572,447.69302116700055,4.5742,2.7932383025185184e-05
2573,447.8667472470006,5.4665,2.792166855234562e-05
2574,448.0396508930007,4.8042,2.7910941572098758e-05
2575,448.21251050499995,5.5252,2.7900271239876497e-05
2576,448.3860014439997,5.4373,2.788960325160487e-05
2577,448.5591602780005,5.5548,2.787889166740738e-05
2578,448.7331071460012,6.317,2.786820433493822e-05
2579,448.906211169,4.3322,2.7857462812345703e-05
2580,449.079699721,5.379,2.7846782387036967e-05
2581,449.2533851600001,5.774,2.7836070411049376e-05
2582,449.4266350880007,5.9207,2.7825347572283877e-05
2583,449.6004235600012,4.9561,2.781466600858028e-05
2584,449.77417275600055,5.4146,2.7803926486234518e-05
2585,449.94794033499966,4.1211,2.77932067424074e-05
2586,450.12147172799996,5.2657,2.7782477770864225e-05
2587,450.29468315300073,5.314,2.7771764081604867e-05
2588,450.4685446530002,5.162,2.776107320660489e-05
2589,450.6418151100006,4.2818,2.7750342190185154e-05
2590,450.8142984410006,4.984,2.7739651302469083e-05
2591,450.9877377089997,4.8435,2.7729001005432054e-05
2592,451.1612775049998,5.313,2.771829424777777e-05
2593,451.33441895800024,5.5732,2.770757958179005e-05
2594,451.50718249199963,7.2173,2.769689444561731e-05
2595,451.68056183500084,5.073,2.768622334148151e-05
2596,451.85438400900057,6.067,2.767552630049382e-05
2597,452.0281077029995,5.7911,2.7664793669814736e-05
2598,452.2012404320012,5.9105,2.7654057985308575e-05
2599,452.3747813610007,5.0837,2.7643381145679e-05
2600,452.5485346500009,4.7382,2.763267124098766e-05
2601,452.7214980919998,4.5346,2.762194992104935e-05
2602,452.89478442700056,4.8896,2.7611272313333308e-05
2603,453.06829858200035,5.368,2.7600576350123446e-05
2604,453.24210925100124,4.979,2.7589855717777724e-05
2605,453.41548660400076,5.8446,2.7579136509259207e-05
2606,453.58830309600125,4.4737,2.7568434834259248e-05
2607,453.7618800529999,5.6207,2.755776233654323e-05
2608,453.9363122800005,6.021,2.7547048681604946e-05
2609,454.11051594200035,5.1556,2.753627775179015e-05
2610,454.28328524800054,3.9524,2.752552787265431e-05
2611,454.45689324900013,6.1179,2.7514863055740747e-05
2612,454.6303784720003,4.5461,2.7504147927777778e-05
2613,454.8035148529998,4.9699,2.749343270506174e-05
2614,454.97707474600065,5.3472,2.7482746757962974e-05
2615,455.1508435190008,5.5123,2.7472035267839468e-05
2616,455.32398070900126,5.0093,2.7461311845308623e-05
2617,455.4973579279995,5.1003,2.745062034666666e-05
2618,455.67103515300005,4.8775,2.743991810487656e-05
2619,455.84379335000085,6.0214,2.7429198338209905e-05
2620,456.0171397819995,6.1074,2.741853297339506e-05
2621,456.1908728840008,5.3818,2.7407836725370306e-05
2622,456.3647294300008,5.7179,2.7397111041851802e-05
2623,456.53815778900025,5.3444,2.738638444123454e-05
2624,456.71128479800063,5.96,2.737567247765426e-05
2625,456.88548934400023,5.1725,2.7364987737160442e-05
2626,457.0589076390006,5.1915,2.735423049253083e-05
2627,457.2319806939995,5.8709,2.7343529852469146e-05
2628,457.40493988399976,5.0403,2.733284610320981e-05
2629,457.57838111099954,5.3373,2.7322170539320923e-05
2630,457.75141021000127,2.8983,2.7311462306604907e-05
2631,457.92508682300104,5.9009,2.7300782278950608e-05
2632,458.0983769510003,5.6685,2.729005964604935e-05
2633,458.2715569640004,5.3714,2.7279359992283915e-05
2634,458.4448907670012,5.8559,2.7268674895308605e-05
2635,458.6185278820012,5.6004,2.7257978198271594e-05
2636,458.79160576399954,4.6233,2.7247263281049328e-05
2637,458.9651876370008,4.5069,2.7236565428765415e-05
2638,459.1403819770003,5.0926,2.7225851200678953e-05
2639,459.31389326300086,5.5762,2.7215041679567854e-05
2640,459.48860528099976,5.5781,2.7204332811728327e-05
2641,459.6622615369997,5.6503,2.7193544281975242e-05
2642,459.8361712549995,6.1452,2.718282824771607e-05
2643,460.01004459400065,3.3654,2.7172083442654316e-05
2644,460.18395281000085,5.6246,2.7161360465123397e-05
2645,460.35827319500095,5.5111,2.7150612392345654e-05
2646,460.53137128399976,5.4037,2.7139858798456752e-05
2647,460.70546711600036,4.515,2.7129175413580177e-05
2648,460.8789605000002,4.1657,2.711842717777775e-05
2649,461.0522930340012,4.6072,2.710772462277778e-05
2650,461.22587310200106,4.5829,2.7097022369259238e-05
2651,461.39995180299957,3.5473,2.7086306208148126e-05
2652,461.57365094600027,4.9697,2.707555727623452e-05
2653,461.74677135899947,4.8127,2.7064845156481417e-05
2654,461.919644996,4.4461,2.7054151898271605e-05
2655,462.09471036099967,5.4041,2.704347487950616e-05
2656,462.2683624279998,5.0318,2.70326783558024e-05
2657,462.441826268001,5.0401,2.702195944425927e-05
2658,462.61502378300065,5.081,2.7011245934259187e-05
2659,462.7892504120009,5.3659,2.7000555802222177e-05
2660,462.96295556900077,5.1935,2.6989800995864212e-05
2661,463.1362841549999,4.2237,2.6979079857345614e-05
2662,463.30957563300035,5.9755,2.696837762975306e-05
2663,463.48356403400066,6.0613,2.6957680854999956e-05
2664,463.65739161999954,6.152,2.6946943164197546e-05
2665,463.83057774900044,4.9519,2.6936210862777777e-05
2666,464.004294114,5.0806,2.692552552765431e-05
2667,464.1795615379997,6.5855,2.6914797383456793e-05
2668,464.35314052300055,5.3814,2.6903975296604867e-05
2669,464.5268136200011,5.096,2.689326537907405e-05
2670,464.69998415900045,4.8708,2.6882545020370355e-05
2671,464.8740860649996,4.9836,2.687185385407404e-05
2672,465.0475346530002,4.7363,2.686111234006165e-05
2673,465.2215537740012,5.4098,2.6850398937407433e-05
2674,465.39527947399984,5.5729,2.6839657958703635e-05
2675,465.56927464900036,5.2402,2.6828929306604865e-05
2676,465.7432263690007,5.5947,2.6818171177592598e-05
2677,465.91764943400085,5.7231,2.6807456136851854e-05
2678,466.09181300400087,4.7088,2.679669333864201e-05
2679,466.2660319170009,3.5902,2.678593436851849e-05
2680,466.44017086200074,5.6602,2.677518403901233e-05
2681,466.6140450109997,5.6451,2.676443409462957e-05
2682,466.7876513070005,5.9851,2.6753705689135795e-05
2683,466.961678611,5.1154,2.6742987174321e-05
2684,467.1349043040009,5.2994,2.673224016796296e-05
2685,467.30925433500124,6.2008,2.6721556943518445e-05
2686,467.482818804001,5.3992,2.6710784887036987e-05
2687,467.6560762379995,5.3213,2.6700073279259226e-05
2688,467.8297323509996,4.9078,2.668937338962959e-05
2689,468.00350833599987,5.4795,2.667863759549383e-05
2690,468.1774866939995,5.044,2.666793621858019e-05
2691,468.3510828689996,3.5791,2.665719713320981e-05
2692,468.5246487029999,5.3313,2.664648002919746e-05
2693,468.69900741400124,5.4818,2.663576547635796e-05
2694,468.87302457900114,5.1608,2.6625002113209862e-05
2695,469.0477173140007,5.3511,2.6614257522160524e-05
2696,469.22200246600005,6.1276,2.6603473255740775e-05
2697,469.39561597800093,6.0487,2.6592718388518522e-05
2698,469.5692563049997,5.2761,2.658200111432097e-05
2699,469.743524558,4.6474,2.6571282215802485e-05
2700,469.9173585160006,4.6021,2.6560519739691307e-05
2701,470.09013958000105,4.6901,2.6549788508024715e-05
2702,470.2638424050001,4.3268,2.6539128818888876e-05
2703,470.4375766659996,3.7515,2.6528405660555566e-05
2704,470.6118907170003,5.4915,2.6517681661913612e-05
2705,470.78569476600023,5.0209,2.650691766111114e-05
2706,470.95977303899963,5.1942,2.6496194173024703e-05
2707,471.1344207410002,5.6453,2.6485448723086413e-05
2708,471.30854476900095,5.9447,2.6474669180123458e-05
2709,471.4813329669996,5.5509,2.646392318438269e-05
2710,471.65473262900014,4.4293,2.645325041487653e-05
2711,471.8287791040002,5.203,2.6442550021172818e-05
2712,472.0033739040009,5.0592,2.6431805646049312e-05
2713,472.17671575700115,5.2436,2.642102206197526e-05
2714,472.3506528580001,5.3926,2.641032761598761e-05
2715,472.5239346840008,5.3028,2.6399589719320955e-05
2716,472.69796236,5.1376,2.6388892880123413e-05
2717,472.8716345080011,4.6667,2.6378156573827157e-05
2718,473.04526404600074,5.4203,2.63674372155555e-05
2719,473.219337814,6.08,2.6356706089444417e-05
2720,473.39288432899957,4.8268,2.6345968367716044e-05
2721,473.5666961400002,5.4739,2.6335251020123393e-05
2722,473.7414284440001,5.2592,2.6324531363271594e-05
2723,473.9156434260003,4.5116,2.6313741936234503e-05
2724,474.09042213999965,3.4857,2.6302985876419696e-05
2725,474.2653561019997,6.0688,2.6292196935740737e-05
2726,474.43929017499977,5.2525,2.628139784567894e-05
2727,474.6127181470001,4.9074,2.6270666861975302e-05
2728,474.78620444400076,5.5737,2.625995922969129e-05
2729,474.9606334929995,5.9506,2.6249241825432057e-05
2730,475.1349376199996,4.9265,2.6238483283209857e-05
2731,475.30971805599984,5.9709,2.622772176666668e-05
2732,475.48418358399977,5.892,2.6216935343456816e-05
2733,475.6586301799998,5.5784,2.62061572933333e-05
2734,475.83267384600003,5.4389,2.6195396348827144e-05
2735,476.0066485520001,5.3213,2.618464279845677e-05
2736,476.1809461800003,5.6769,2.6173917192777763e-05
2737,476.3548539960011,5.6411,2.6163150926296326e-05
2738,476.52879696400123,4.8756,2.6152425580925928e-05
2739,476.7035859890002,5.5077,2.6141671800123397e-05
2740,476.8776678960003,5.6345,2.6130883552592576e-05
2741,477.05134145900047,5.7215,2.6120148340061725e-05
2742,477.2246607649995,6.1807,2.6109420799135747e-05
2743,477.39832363200003,5.4507,2.6098730389506126e-05
2744,477.5723631010005,6.2361,2.6088012698827146e-05
2745,477.7460400960008,6.1319,2.6077269056357988e-05
2746,477.9189131359999,4.6789,2.6066542349567892e-05
2747,478.0921672100012,5.4099,2.6055869385370356e-05
2748,478.2654826630005,4.4966,2.60451810636419e-05
2749,478.43963110000004,5.0973,2.6034479099999987e-05
2750,478.61255293400063,4.9107,2.602373139870367e-05
2751,478.7858244279996,4.5283,2.601305735679006e-05
2752,478.95882943000106,5.286,2.6002358526543224e-05
2753,479.1313959039999,4.5065,2.5991682398888894e-05
2754,479.30484960600006,6.0293,2.5981031743827145e-05
2755,479.4779002590003,4.9554,2.597032157351844e-05
2756,479.65028443200026,5.501,2.595963702104941e-05
2757,479.82416839399957,4.9842,2.594899834172838e-05
2758,479.99774947900005,4.6898,2.593825987296295e-05
2759,480.1716420900011,6.0455,2.5927545227222157e-05
2760,480.34497311700034,5.4319,2.5916805403086397e-05
2761,480.51828964200104,4.8727,2.5906112102469105e-05
2762,480.692038995001,5.5578,2.589542161919747e-05
2763,480.86568146100035,5.0785,2.5884687895987658e-05
2764,481.04038795900124,5.2086,2.5873969614320926e-05
2765,481.21346444700066,6.0894,2.586318475481474e-05
2766,481.38729798700115,4.6872,2.5852498847962913e-05
2767,481.56070015000114,4.491,2.5841766200061712e-05
2768,481.7344326929997,5.1065,2.5831070122530833e-05
2769,481.9076579040011,4.8727,2.5820349388580178e-05
2770,482.0810659890012,5.713,2.5809656422654347e-05
2771,482.25490817100035,5.589,2.5798944814876475e-05
2772,482.42826925699956,4.8597,2.5788221037345705e-05
2773,482.60157823699956,5.0837,2.5777513460308665e-05
2774,482.7749496510005,5.1124,2.576681776888883e-05
2775,482.94801175000066,5.2268,2.575611794364199e-05
2776,483.12133602700123,5.8425,2.5745430010246884e-05
2777,483.29425808999986,5.8451,2.57347324242592e-05
2778,483.4687346640003,5.734,2.5724059129197486e-05
2779,483.64303630799986,6.1703,2.5713268053827123e-05
2780,483.8165949230006,5.2885,2.570252679074072e-05
2781,483.9898658229995,4.8159,2.5691811696790048e-05
2782,484.1638225839997,5.756,2.5681123843703657e-05
2783,484.337397583,5.7979,2.567038405654324e-05
2784,484.51123308800015,5.0224,2.5659667488518474e-05
2785,484.6844601140001,5.8228,2.564893854024691e-05
2786,484.8576383889995,5.5111,2.5638248474074033e-05
2787,485.03161014800025,5.143,2.562755536401227e-05
2788,485.204562070001,5.4767,2.5616809843395008e-05
2789,485.3776909820008,5.4734,2.560614628925926e-05
2790,485.55151234299956,4.6403,2.55954529927778e-05
2791,485.72531320300004,5.388,2.55847219421605e-05
2792,485.89871683599995,4.6359,2.557399912086415e-05
2793,486.0709950260007,5.0281,2.5563292827469072e-05
2794,486.244568043001,4.2054,2.555265421265434e-05
2795,486.41768148400115,5.6217,2.5541940992098706e-05
2796,486.5908920540005,5.7352,2.5531258721234567e-05
2797,486.7645829970006,5.9758,2.5520559354320955e-05
2798,486.93867389300067,5.3038,2.5509843291975244e-05
2799,487.11225628099965,5.1219,2.5499095943086454e-05
2800,487.2852778050001,5.6912,2.548838099376542e-05
2801,487.45867606499996,4.2721,2.5477702265555502e-05
2802,487.63226157200006,4.5642,2.5467001244629662e-05
2803,487.8063999120004,5.0122,2.5456281567222156e-05
2804,487.9795642680001,5.9002,2.5445536284876564e-05
2805,488.15264214200033,5.2923,2.5434843545123425e-05
2806,488.32562719400084,5.1367,2.54241581594444e-05
2807,488.4986671509996,5.8305,2.5413483648148097e-05
2808,488.67188788400017,4.4312,2.540280320549384e-05
2809,488.84555498900045,5.9713,2.5392105525864136e-05
2810,489.0193943329996,5.1754,2.5381387054691384e-05
2811,489.19272189799995,5.2064,2.5370652080740752e-05
2812,489.3658793909999,5.6305,2.535995755067896e-05
2813,489.5386977369999,4.2997,2.534927012006173e-05
2814,489.7116849310005,5.2563,2.533860493969129e-05
2815,489.8854973310008,4.9131,2.5327923021296317e-05
2816,490.0596536640005,5.1935,2.5317194247160425e-05
2817,490.2336413440007,5.582,2.530643731543203e-05
2818,490.4068794449995,4.0873,2.52957039496296e-05
2819,490.5801230699999,4.6614,2.5285009398271596e-05
2820,490.75353057900065,4.4859,2.5274307304382745e-05
2821,490.927230325,5.6366,2.5263610451604873e-05
2822,491.1004183010009,4.6048,2.525289595938274e-05
2823,491.274491012,5.1157,2.524219431172837e-05
2824,491.4486279770008,5.6327,2.523145272753083e-05
2825,491.62236753599973,5.4631,2.5220702780617317e-05
2826,491.79599724500076,5.7778,2.5209983485308643e-05
2827,491.9691724780005,4.6637,2.5199262871790132e-05
2828,492.1422330759997,4.8158,2.518857105450614e-05
2829,492.3147393140007,4.1237,2.5177893707592536e-05
2830,492.48790551300044,5.5007,2.516723898913583e-05
2831,492.6617983039996,5.6995,2.5156549721296296e-05
2832,492.8353568900002,5.3819,2.5145815189753087e-05
2833,493.0085793010003,4.6795,2.5135101654382702e-05
2834,493.1820318509999,5.5746,2.5124406777654318e-05
2835,493.35491101000116,5.6626,2.5113701799259228e-05
2836,493.5285025030007,4.34,2.510303882888882e-05
2837,493.7013266670001,5.5571,2.5092317392901227e-05
2838,493.87423408200084,5.0574,2.5081650108580192e-05
2839,494.04748580900014,4.8432,2.5070980975925852e-05
2840,494.2208289049995,5.001,2.506027945839502e-05
2841,494.3945161740012,5.5327,2.504957710469137e-05
2842,494.56867906200023,6.2444,2.5038857897469166e-05
2843,494.74233367000124,5.2123,2.5028110717469167e-05
2844,494.9159319040009,5.3177,2.501739074888884e-05
2845,495.0894004040001,6.3995,2.500667103314816e-05
2846,495.26242023899977,4.1377,2.4995964390308595e-05
2847,495.43603515200084,4.5975,2.4985288326975304e-05
2848,495.60942005200013,5.7935,2.4974565136975305e-05
2849,495.78285090200006,4.1734,2.496386476024692e-05
2850,495.956621497,5.2174,2.4953152462716005e-05
2851,496.1303941360002,5.437,2.494243739919747e-05
2852,496.3042361830012,5.075,2.4931706777654285e-05
2853,496.4773867519998,5.241,2.4920975104567917e-05
2854,496.6509762509995,4.4736,2.491028936672839e-05
2855,496.8242962109998,6.1874,2.4899573137839488e-05
2856,496.9981137779996,4.5518,2.4888873406481466e-05
2857,497.1712387740008,5.1778,2.487813576450612e-05
2858,497.3447392440012,5.9519,2.4867459526172798e-05
2859,497.5177405200011,6.1292,2.485674456345682e-05
2860,497.69093403900115,5.4415,2.4846070696049416e-05
2861,497.86451610199947,6.0344,2.4835380314135804e-05
2862,498.0382601479996,5.27,2.482466358598764e-05
2863,498.21164991000114,5.4351,2.4813938289567934e-05
2864,498.3855549580003,6.0706,2.4803237642222205e-05
2865,498.5597891369998,4.6674,2.479250019796292e-05
2866,498.7327265460008,4.2448,2.4781747951172764e-05
2867,498.906123404,3.8297,2.4771053273456752e-05
2868,499.07990258500104,5.6981,2.4760366977469084e-05
2869,499.2540123050003,5.8476,2.474963840141968e-05
2870,499.4267224089999,5.5543,2.4738887677283878e-05
2871,499.5997447280006,4.379,2.472823356191356e-05
2872,499.77256961400053,5.0171,2.4717547451358054e-05
2873,499.94657915100106,5.617,2.470688690185179e-05
2874,500.1197449049996,4.8389,2.469613803932095e-05
2875,500.29361587400126,4.0887,2.468544311327156e-05
2876,500.46694229100103,4.8723,2.467471697419749e-05
2877,500.64019943899984,5.0162,2.4664016482345707e-05
2878,500.8136925020008,4.7107,2.4653323639629577e-05
2879,500.9866617839998,4.946,2.4642613761296295e-05
2880,501.15985277100117,4.4854,2.4631939360678986e-05
2881,501.333408986,5.7126,2.462124891185183e-05
2882,501.50746746000004,4.9211,2.4610530106481433e-05
2883,501.68131121999977,6.4757,2.4599787429135828e-05
2884,501.8545610359997,5.0341,2.4589054348642006e-05
2885,502.02747221900063,5.4462,2.457836301777779e-05
2886,502.2010075390008,5.5779,2.4567691745678984e-05
2887,502.37426864200097,3.499,2.4556973996975253e-05
2888,502.5472481910001,5.1044,2.4546285669506197e-05
2889,502.72044382900094,5.5095,2.4535607846851853e-05
2890,502.89445764500124,5.2981,2.452491664919751e-05
2891,503.06936275299995,6.7239,2.451417124098762e-05
2892,503.2438449319998,4.1932,2.4503313376357994e-05
2893,503.4173984500012,5.9547,2.4492601961543232e-05
2894,503.59225068399974,5.0206,2.448189432271602e-05
2895,503.76527337399966,5.118,2.447109404302471e-05
2896,503.9395252129998,4.3979,2.446041951376544e-05
2897,504.1137159150003,6.0804,2.4449663625678958e-05
2898,504.2878138039996,5.0886,2.4438909015493834e-05
2899,504.4606571100012,5.7404,2.442816450586415e-05
2900,504.63348268400114,4.9512,2.4417498660925923e-05
2901,504.80681648500104,5.6733,2.4406825967592532e-05
2902,504.98066748900055,4.7052,2.4396128207963e-05
2903,505.1553790020007,4.4338,2.4385392533518535e-05
2904,505.3292946780002,4.8318,2.4374550193456737e-05
2905,505.5024371140007,4.4047,2.4363872884938294e-05
2906,505.6758870630001,6.1323,2.4353188051358033e-05
2907,505.8500738769999,6.1338,2.4342480638641983e-05
2908,506.02413714999966,4.9019,2.433172695086414e-05
2909,506.1973509090003,6.1013,2.4320973642407347e-05
2910,506.3711963700007,4.8259,2.431029366370363e-05
2911,506.5446574050002,5.5443,2.429956290432102e-05
2912,506.7178298809995,4.0131,2.428885023611106e-05
2913,506.8910916550012,5.4759,2.4278162108456755e-05
2914,507.06500007999966,5.9049,2.4267464031604896e-05
2915,507.2383340569995,5.2925,2.4256727768148086e-05
2916,507.41164932600077,6.2426,2.4246027958888817e-05
2917,507.5843064239998,4.84,2.4235335640493796e-05
2918,507.7579921380002,5.3422,2.4224676939567847e-05
2919,507.93190793600115,5.8605,2.421395769580248e-05
2920,508.10566325699983,5.3265,2.4203215421790153e-05
2921,508.2790653740012,5.9059,2.419249327753087e-05
2922,508.45170928600055,4.3477,2.4181788983086344e-05
2923,508.62498372700065,5.4524,2.4171135310925936e-05
2924,508.79813421499966,5.9773,2.4160436318950614e-05
2925,508.9711448529997,5.8747,2.4149745907160438e-05
2926,509.1445224750005,5.046,2.4139068968086376e-05
2927,509.317611339,4.922,2.4128366243271618e-05
2928,509.4905781360012,3.3921,2.4117688201357975e-05
2929,509.6646283070004,4.7154,2.410700695783952e-05
2930,509.838365869,5.8497,2.40962618178395e-05
2931,510.01166815299985,4.1096,2.4085533663703676e-05
2932,510.1849761270005,4.5785,2.4074838934197553e-05
2933,510.35874653500105,5.483,2.4064139577036976e-05
2934,510.5323144360009,5.2199,2.4053412044506196e-05
2935,510.7048651080004,4.2724,2.4042694734938287e-05
2936,510.8778275220011,6.1928,2.4032051636296265e-05
2937,511.05083935600123,4.8663,2.4021373899753108e-05
2938,511.22378510199997,4.8698,2.4010689219012312e-05
2939,511.3975490890007,4.8199,2.4000018746357992e-05
2940,511.5712657160002,5.5364,2.3989286543765383e-05
2941,511.74566207099997,4.8352,2.3978565652777784e-05
2942,511.9197417739997,5.328,2.3967803151913525e-05
2943,512.0928706270006,4.8192,2.3957051604444403e-05
2944,512.2660280929995,4.7429,2.394636721839505e-05
2945,512.4394021030002,4.1425,2.393567919925929e-05
2946,512.6130596780004,5.4799,2.392497642956793e-05
2947,512.7857256940006,5.1938,2.3914254708024713e-05
2948,512.9591303300003,4.9956,2.39036049993827e-05
2949,513.132317253001,4.8558,2.3892898063888853e-05
2950,513.3055641789997,5.2548,2.3882208890432078e-05
2951,513.4787334770008,4.6177,2.387151008518512e-05
2952,513.6527558910002,5.2664,2.3860823164197516e-05
2953,513.8260565729997,5.4105,2.3850085170493847e-05
2954,513.9992835640005,4.8998,2.3839383713641915e-05
2955,514.1722087380003,4.3794,2.3828687870987597e-05
2956,514.3450527830009,3.8212,2.3818018003950647e-05
2957,514.5189005930006,5.2659,2.380734416950614e-05
2958,514.6927281480002,5.7335,2.37966144319753e-05
2959,514.8657808380012,5.4789,2.3785882919012326e-05
2960,515.0396520570011,4.7288,2.3775205379691297e-05
2961,515.2131685100012,5.3869,2.3764470244938293e-05
2962,515.3858503030006,4.5681,2.3753758717160467e-05
2963,515.5591555320007,5.8391,2.3743097632222212e-05
2964,515.7324932129995,5.6563,2.3732398761913595e-05
2965,515.9058897489995,4.621,2.3721707182839515e-05
2966,516.0786975049996,5.6607,2.371100076617287e-05
2967,516.2525151629998,5.7713,2.370033466932101e-05
2968,516.4262343219998,4.6551,2.3689600432530884e-05
2969,516.5992699180006,5.4518,2.3678883318271567e-05
2970,516.7727897839995,4.1466,2.3668199506481432e-05
2971,516.9463198960002,4.2538,2.3657486815555553e-05
2972,517.1196148060008,5.4362,2.3646767739999992e-05
2973,517.2922087360002,5.8513,2.3636078939567867e-05
2974,517.4653132780004,3.8239,2.362542732462956e-05
2975,517.638761174001,5.1063,2.3614739660061662e-05
2976,517.8119301300012,4.2637,2.3604030440061746e-05
2977,517.9849872699997,4.4948,2.3593342842654303e-05
2978,518.1584634570008,5.0914,2.358265747209872e-05
2979,518.3319186549998,2.5138,2.357195034475303e-05
2980,518.5053677619999,3.3177,2.3561244025000006e-05
2981,518.6794153580013,5.4516,2.35505327915432e-05
2982,518.8531984900001,5.8289,2.353979362907405e-05
2983,519.0271446780007,4.7513,2.3529059535617255e-05
2984,519.2004910630003,4.8681,2.351832989932092e-05
2985,519.37360721,4.9703,2.3507624227037062e-05
2986,519.5468840280009,5.7619,2.3496941149876562e-05
2987,519.7202398139998,4.3524,2.3486242154506132e-05
2988,519.893946614,5.5427,2.3475542098518467e-05
2989,520.0674156980003,4.784,2.346481578234567e-05
2990,520.2410051509996,4.3347,2.3454108330061663e-05
2991,520.4151419850004,5.4706,2.344339853598768e-05
2992,520.5890734960012,5.5618,2.3432646225e-05
2993,520.7623171930009,5.2562,2.342190828438275e-05
2994,520.9361478049996,4.8257,2.3411223100802426e-05
2995,521.1090994320002,4.9161,2.340048208049385e-05
2996,521.2834672930003,5.5601,2.3389812474999957e-05
2997,521.4566426069996,5.5447,2.3379047329197555e-05
2998,521.6305202080002,4.9077,2.33683634666666e-05
2999,521.8042100559996,5.9918,2.3357631899074095e-05
3000,521.9790972560004,4.9233,2.334690281358021e-05
3001,522.1532885180004,5.341,2.3336100905864195e-05
3002,522.3269408460001,5.3334,2.332535702629628e-05
3003,522.5007587550008,4.6789,2.3314631751666606e-05
3004,522.673907032,5.5147,2.3303901847592573e-05
3005,522.8472431680002,5.1721,2.329322078246914e-05
3006,523.0201831350005,4.6321,2.32825176754938e-05
3007,523.1938683429998,5.1336,2.3271843798765426e-05
3008,523.3677435789996,4.9885,2.326112623098759e-05
3009,523.5410626370012,5.1953,2.3250387679567843e-05
3010,523.7156415360005,5.2824,2.3239686367901248e-05
3011,523.8892663919996,6.0976,2.3228916159629577e-05
3012,524.0624742580003,4.4396,2.321819415716051e-05
3013,524.2363386039997,5.5466,2.320750890697531e-05
3014,524.4095334570011,6.0395,2.3196767405123425e-05
3015,524.5831915800009,5.5584,2.318608617444445e-05
3016,524.7568676219998,5.6798,2.3175364035432052e-05
3017,524.9302275259997,6.0389,2.316464177956788e-05
3018,525.1041080779996,4.6302,2.315393894388886e-05
3019,525.2774631259999,5.3766,2.314320597351845e-05
3020,525.4510319849996,5.3069,2.3132509132469133e-05
3021,525.6242854320008,4.4042,2.3121789626357997e-05
3022,525.7987489509997,5.0875,2.3111090769012372e-05
3023,525.972630788001,4.1269,2.3100324186975237e-05
3024,526.1461005900001,4.8058,2.3089590325493822e-05
3025,526.3198647650006,5.9146,2.3078885689259284e-05
3026,526.4933696150001,4.2519,2.3068150211851797e-05
3027,526.6664557510012,3.7197,2.305744841419749e-05
3028,526.8399975989996,4.714,2.3046769552283875e-05
3029,527.0134797680003,4.3154,2.303604880345681e-05
3030,527.1869960160002,4.6963,2.302533916320982e-05
3031,527.3612460719996,5.1867,2.3014633269876534e-05
3032,527.5346018929995,5.5906,2.3003870623703654e-05
3033,527.706887362001,4.8531,2.2993180455802453e-05
3034,527.8804550590012,6.2748,2.298254106197531e-05
3035,528.0540928520004,5.3222,2.2971824336481417e-05
3036,528.2276414010012,5.1635,2.2961107274506145e-05
3037,528.4007272239996,2.5658,2.295038949370365e-05
3038,528.5743882690003,4.6413,2.293971170864198e-05
3039,528.7487425609997,4.3359,2.292899253660487e-05
3040,528.9217541440012,4.6924,2.2918234324814773e-05
3041,529.0953109040001,5.3162,2.290754449598769e-05
3042,529.2688980969997,4.6902,2.2896824213024686e-05
3043,529.441998444001,4.8407,2.288611796895061e-05
3044,529.6151280409995,4.9083,2.287543420302472e-05
3045,529.7899974650009,5.8762,2.2864743384506153e-05
3046,529.9631466009996,4.6996,2.2853893950370302e-05
3047,530.1359238540008,3.0076,2.2843260184691295e-05
3048,530.3092842730002,4.7066,2.283259886728395e-05
3049,530.483336401001,4.94,2.2821892561172786e-05
3050,530.6570374330004,3.5082,2.2811154562407383e-05
3051,530.830272915,5.9507,2.2800429763395043e-05
3052,531.0041137509997,5.528,2.278974061604941e-05
3053,531.1779545460013,4.8701,2.2778999335864177e-05
3054,531.3515738599999,5.7592,2.2768275958148178e-05
3055,531.5253300870008,4.9209,2.2757560905123416e-05
3056,531.6988287460008,4.8978,2.2746829414074096e-05
3057,531.8730291690008,5.898,2.2736106339259244e-05
3058,532.0482223010004,2.3741,2.2725372521728427e-05
3059,532.2227207249998,6.292,2.271453700098762e-05
3060,532.395942864001,5.5828,2.2703789297222195e-05
3061,532.5689746120006,4.1824,2.2693089798703688e-05
3062,532.7426056130007,6.0854,2.268241572024692e-05
3063,532.9160821750011,5.3481,2.2671695930493802e-05
3064,533.088899196,2.8163,2.2660988684876522e-05
3065,533.2627306289996,5.6295,2.265031608697528e-05
3066,533.4357534219998,4.836,2.2639590526543187e-05
3067,533.6089632929998,5.4331,2.2628908316234555e-05
3068,533.7834102140005,5.1323,2.2618212862469163e-05
3069,533.9569430610009,5.1064,2.26074472329629e-05
3070,534.1302103020007,5.4293,2.2596738390987604e-05
3071,534.304094434001,5.1957,2.2586038522469137e-05
3072,534.4770688429999,5.0376,2.2575304675246915e-05
3073,534.6501259190009,5.7804,2.2564631081234517e-05
3074,534.8232008680006,5.5322,2.2553942847777797e-05
3075,534.9964650439997,5.8802,2.2543263386419704e-05
3076,535.1702471709996,4.7957,2.2532565765678993e-05
3077,535.3436137290009,5.7308,2.2521840002160433e-05
3078,535.5169463580005,4.2006,2.251113337586413e-05
3079,535.6904004540011,5.3229,2.2500436604938202e-05
3080,535.8638538280011,4.3799,2.248973393580248e-05
3081,536.0374854700003,5.2576,2.2479017461111068e-05
3082,536.210344002,4.4122,2.246830887043208e-05
3083,536.3842183420002,5.1194,2.2457640013271545e-05
3084,536.5575415140011,4.9721,2.244690251783949e-05
3085,536.7313288550013,5.0631,2.243620640635796e-05
3086,536.905249757001,5.3222,2.242546679117278e-05
3087,537.0786753720004,5.2387,2.2414734907345715e-05
3088,537.2518633070013,5.5645,2.240403115820985e-05
3089,537.4259535140009,4.9103,2.239334358432093e-05
3090,537.5990386180001,5.5417,2.23826048598148e-05
3091,537.7722697410009,5.4462,2.2371914143888916e-05
3092,537.9460427110007,5.4511,2.2361223949876576e-05
3093,538.1194235210005,5.6771,2.2350494420925877e-05
3094,538.2927440269996,4.8688,2.2339788256543182e-05
3095,538.4663588309995,4.5102,2.23290893551852e-05
3096,538.6407836279996,4.0369,2.231833988759257e-05
3097,538.8145668609995,5.7222,2.2307611095370312e-05
3098,538.9880447369997,6.1386,2.2296885158518454e-05
3099,539.1609126330004,4.421,2.2286170558703662e-05
3100,539.3345330869997,4.2258,2.2275500933024708e-05
3101,539.5083897540007,6.0505,2.2264786739506122e-05
3102,539.6816764100004,5.3257,2.225405266783947e-05
3103,539.8554809159996,4.3509,2.2243354957222158e-05
3104,540.028719856,3.7346,2.2232624816481435e-05
3105,540.2020726360006,5.2792,2.222193569012346e-05
3106,540.3757380460011,4.8004,2.2211230695679043e-05
3107,540.5496755839995,5.5925,2.2200511166049387e-05
3108,540.7234516669996,5.2611,2.2189779982160457e-05
3109,540.8972252980002,4.5561,2.2179050603271555e-05
3110,541.0708502910002,3.0112,2.2168321570246876e-05
3111,541.2440195550007,4.4111,2.215760599722222e-05
3112,541.4179040560011,5.6472,2.214691431475308e-05
3113,541.591194476001,3.5883,2.2136180241604966e-05
3114,541.764602538,5.5435,2.212549140253088e-05
3115,541.9380051450007,5.2467,2.211476886641973e-05
3116,542.1114984720007,4.831,2.2104078766481473e-05
3117,542.2854338350007,4.8626,2.2093366724197555e-05
3118,542.4587487740009,5.3313,2.2082629287654273e-05
3119,542.6322677010012,4.208,2.207193295543209e-05
3120,542.8058572760001,4.2745,2.2061219219938295e-05
3121,542.979532876001,4.7735,2.2050507685493767e-05
3122,543.1525042800004,3.8077,2.203978102950613e-05
3123,543.326150926001,6.4957,2.2029107096604888e-05
3124,543.499920917,5.575,2.2018392534999993e-05
3125,543.6738326539999,3.0922,2.2007663279629565e-05
3126,543.8476733110001,6.0101,2.199692936672835e-05
3127,544.0213015059999,5.692,2.1986191820864137e-05
3128,544.1947133160011,4.8328,2.1975476144073997e-05
3129,544.3680987930002,5.1851,2.1964775111419715e-05
3130,544.5407201819999,5.7394,2.1954072738456795e-05
3131,544.7139977269999,4.3552,2.194341698055555e-05
3132,544.8875440560005,3.5129,2.1932720492530867e-05
3133,545.0610321149998,5.5184,2.1922006153827168e-05
3134,545.2344675220011,5.0952,2.191129467037037e-05
3135,545.4080892350012,5.5141,2.1900593301481516e-05
3136,545.5816852330008,4.6312,2.1889875858765374e-05
3137,545.7554363729996,4.9472,2.1879160274629612e-05
3138,545.928461675001,5.7236,2.1868432047592623e-05
3139,546.1026963080003,5.3806,2.185774839771601e-05
3140,546.2771833450006,4.0595,2.1846994682777737e-05
3141,546.4506584780011,4.5904,2.1836225327407407e-05
3142,546.6244204160012,5.0005,2.182551565641972e-05
3143,546.7983120160006,4.684,2.1814789434197508e-05
3144,546.9721207860002,4.7319,2.1804060023518508e-05
3145,547.1463126590006,4.9379,2.1793333344567935e-05
3146,547.3201891860008,5.7575,2.1782572323024658e-05
3147,547.4926440050003,4.8953,2.1771845032469097e-05
3148,547.6658962350011,4.8831,2.176119885654322e-05
3149,547.8395855460003,4.7215,2.1750499872345648e-05
3150,548.014144738001,5.373,2.173978282160488e-05
3151,548.1881700310005,4.3605,2.1729006658518492e-05
3152,548.3623770859995,5.044,2.171826361685188e-05
3153,548.5367170469999,3.9918,2.170749795709874e-05
3154,548.7095151070007,4.9447,2.1696743151049325e-05
3155,548.8838823580008,5.8878,2.1686082989999928e-05
3156,549.0584046910008,5.645,2.167531772635801e-05
3157,549.2331456330012,5.6725,2.166454916061726e-05
3158,549.4085665029997,4.8187,2.165376088672839e-05
3159,549.5814048089997,5.9465,2.1642907714197542e-05
3160,549.7552633640007,5.4937,2.163226015901228e-05
3161,549.929764120001,6.0372,2.1621526244567845e-05
3162,550.1032435800007,3.5813,2.161075699216051e-05
3163,550.2773297690001,5.1193,2.1600048024197517e-05
3164,550.4512510960012,5.757,2.1589301888950585e-05
3165,550.624045781,5.0191,2.1578566017469147e-05
3166,550.7978458440011,5.7629,2.156789541376541e-05
3167,550.9708109080002,3.6648,2.15571718058024e-05
3168,551.1497770810001,5.2371,2.1546500177345603e-05
3169,551.3227986929996,5.6588,2.153544865611108e-05
3170,551.4961776580003,5.2498,2.1524768685555535e-05
3171,551.6702083460004,5.7296,2.151407040327162e-05
3172,551.8433433280006,4.3455,2.1503321104567893e-05
3173,552.0173251630004,5.7378,2.149264176722221e-05
3174,552.1907519800006,4.2462,2.1481895979506117e-05
3175,552.3643810329995,5.4574,2.1471193623641922e-05
3176,552.5374719480005,5.5245,2.1460477134876467e-05
3177,552.7118173220006,4.5129,2.1449791013209853e-05
3178,552.8852787100004,5.5965,2.1439027238950617e-05
3179,553.0582634679995,5.9658,2.1428322133024718e-05
3180,553.2320180229999,4.4713,2.1417642574753117e-05
3181,553.4057255959997,5.3633,2.1406914944567868e-05
3182,553.5796126420009,3.6005,2.1396195536543157e-05
3183,553.7533200130001,4.4336,2.138545667456791e-05
3184,553.9271275129995,6.1839,2.1374737639876507e-05
3185,554.1005933910001,4.4354,2.136400884580247e-05
3186,554.2740635660011,5.1484,2.1353293013765402e-05
3187,554.4477007860005,6.376,2.1342594235432074e-05
3188,554.620642019001,5.1883,2.133187578197527e-05
3189,554.7939513189995,5.2942,2.1321199729753083e-05
3190,554.9677374229996,3.9697,2.1310507107469156e-05
3191,555.141257059,5.0327,2.1299770677345648e-05
3192,555.3150154670002,5.9908,2.1289058548888908e-05
3193,555.4886014610001,4.8212,2.1278338998086433e-05
3194,555.662174725001,5.3553,2.1267621131358022e-05
3195,555.8364325630009,6.0386,2.125691064716047e-05
3196,556.0094020830002,4.3119,2.1246145207283964e-05
3197,556.1835540100001,5.1059,2.1235473590925915e-05
3198,556.3567004899996,4.4872,2.1224718447839438e-05
3199,556.5301159139999,5.9988,2.1214030251481452e-05
3200,556.7033511219997,4.2585,2.1203329485617223e-05
3201,556.8764384810002,3.2488,2.119263349475311e-05
3202,557.0507168229997,5.359,2.1181944593086366e-05
3203,557.2252823420004,5.4813,2.117118959024689e-05
3204,557.3990551330007,5.0543,2.116041518876539e-05
3205,557.5731368470006,4.1095,2.1149689834753113e-05
3206,557.7470103200012,5.534,2.113894000790121e-05
3207,557.9202091719999,5.5369,2.1128211686172794e-05
3208,558.0936794990012,4.0791,2.1117522155678942e-05
3209,558.2677324100005,4.3943,2.1106814287592596e-05
3210,558.44109011,4.42,2.1096066565864202e-05
3211,558.6142678240012,5.2466,2.1085367236172836e-05
3212,558.788127672,4.8866,2.107467836580248e-05
3213,558.9622468990001,3.9357,2.1063946247962986e-05
3214,559.1366982449999,5.047,2.1053198543703627e-05
3215,559.3105264980004,5.1441,2.1042424035123403e-05
3216,559.4842450920005,5.5638,2.103169685499993e-05
3217,559.658543556001,6.0327,2.10209728329012e-05
3218,559.8328572290011,4.6413,2.101021166740737e-05
3219,560.008257636,5.7577,2.0999451091543222e-05
3220,560.1813363190013,3.5498,2.0988630637777733e-05
3221,560.3549885030006,6.0429,2.0977940979567922e-05
3222,560.5305131330006,5.7296,2.096722477253081e-05
3223,560.7052114689996,5.3067,2.095638810654315e-05
3224,560.880162114001,4.3962,2.0945600538580263e-05
3225,561.0538972449995,5.0534,2.0934803855678992e-05
3226,561.2296011210001,5.2556,2.0924084670493844e-05
3227,561.4048818770007,5.46,2.0913234294999984e-05
3228,561.5792740230008,4.8803,2.0902410739074054e-05
3229,561.7535420149998,5.9913,2.0891648752345695e-05
3230,561.928218897001,4.8115,2.0880893822160475e-05
3231,562.1031870810002,5.1875,2.0870114502407395e-05
3232,562.2777670120013,4.9688,2.0859309805740694e-05
3233,562.4524549170001,4.2398,2.0848536515925922e-05
3234,562.6276964299996,5.2557,2.0837751914259233e-05
3235,562.8024908309999,4.8195,2.0826928623888913e-05
3236,562.9773743400001,4.5567,2.081614182456785e-05
3237,563.151071227001,4.9257,2.0805343773271614e-05
3238,563.3257543460004,4.7432,2.079462310499995e-05
3239,563.5003117760007,5.2581,2.0783844468333308e-05
3240,563.6746762460007,5.9383,2.077306885913582e-05
3241,563.848467795,4.8281,2.076230083209878e-05
3242,564.0238416700013,5.7049,2.075157583697524e-05
3243,564.197864791,3.9179,2.0740750549012316e-05
3244,564.3721873160011,4.807,2.0730005168888856e-05
3245,564.546215489001,5.2745,2.071924945055551e-05
3246,564.7208490110006,5.2336,2.0708510768950585e-05
3247,564.8952628040006,3.7013,2.0697726182098776e-05
3248,565.0690096449998,5.7945,2.0686956897901233e-05
3249,565.2433975860004,5.9582,2.0676235916296294e-05
3250,565.4186395609995,4.8759,2.0665474485061697e-05
3251,565.591993606,5.8218,2.0654650687160432e-05
3252,565.7648657250011,5.3381,2.0643952259567893e-05
3253,565.9380393539996,4.6279,2.0633284797407405e-05
3254,566.1118692600012,3.9154,2.062259579913582e-05
3255,566.287741469001,4.9404,2.0611868206728397e-05
3256,566.4611383869997,5.5651,2.0601000439135783e-05
3257,566.6342382510011,5.1883,2.059030006481475e-05
3258,566.808074341001,4.6563,2.0579619896111074e-05
3259,566.9817330630012,5.851,2.0568883912098758e-05
3260,567.1553562810004,3.3645,2.0558163719012362e-05
3261,567.3291242699997,3.578,2.0547444546296274e-05
3262,567.503220732,5.5345,2.0536723991728403e-05
3263,567.6770946510005,4.8294,2.0525977579074024e-05
3264,567.8505080550003,4.5867,2.0515242869012268e-05
3265,568.0241863179999,5.3356,2.0504538051049348e-05
3266,568.1980072410006,4.8374,2.0493813233765368e-05
3267,568.3728375560004,5.738,2.048309251061727e-05
3268,568.5471566760007,4.6222,2.0472291206790123e-05
3269,568.72031135,4.443,2.046153998870371e-05
3270,568.8938265979996,4.8281,2.045084421728394e-05
3271,569.0677174640005,6.1055,2.044013252641968e-05
3272,569.2405939880009,4.3778,2.0429401285802426e-05
3273,569.4140117219995,4.6234,2.0418730213148167e-05
3274,569.5880340430012,4.1636,2.0408024219938214e-05
3275,569.7619759999998,4.5765,2.0397278139197524e-05
3276,569.9357711909997,5.4201,2.0386546094567865e-05
3277,570.1090882219996,4.5548,2.0375816096419742e-05
3278,570.283029657001,5.9879,2.0365123293209808e-05
3279,570.4562723079998,3.3089,2.0354387136913593e-05
3280,570.6299556940012,4.9619,2.0343687454197485e-05
3281,570.8038605140009,4.5464,2.0332963630864222e-05
3282,570.9781129929997,5.3641,2.03222242178395e-05
3283,571.1516507979995,4.4093,2.031147769129628e-05
3284,571.3265095610004,5.6266,2.030076751074072e-05
3285,571.5000610030002,5.5187,2.0289968980432044e-05
3286,571.673698730001,4.9848,2.027925064604932e-05
3287,571.8475418790003,4.9513,2.0268537588395074e-05
3288,572.0214190280003,5.3434,2.025779855932095e-05
3289,572.1951027489995,4.3716,2.0247072245802424e-05
3290,572.3682916380003,6.2607,2.0236348397839482e-05
3291,572.5414046910009,5.9974,2.0225664399135725e-05
3292,572.7155270790008,5.6182,2.021497619685188e-05
3293,572.8890117320007,4.9781,2.0204223433271564e-05
3294,573.0621467029996,4.3186,2.0193516386481502e-05
3295,573.2353151530006,3.6346,2.018283314586415e-05
3296,573.409176223,5.4384,2.017215039969134e-05
3297,573.5830913009995,4.7203,2.0161410800061657e-05
3298,573.756491821001,4.4765,2.015067590018522e-05
3299,573.9300177820005,4.2948,2.013996248783949e-05
3300,574.1035947809996,4.5662,2.012926458981484e-05
3301,574.2780067740005,5.7041,2.0118542389320932e-05
3302,574.4514756509998,4.5894,2.0107716472036968e-05
3303,574.6248137460007,6.1235,2.0097073669567856e-05
3304,574.7984608450006,5.6522,2.0086372328271608e-05
3305,574.9725688910003,3.96,2.0075651792592592e-05
3306,575.1469711810005,5.7769,2.00648989253703e-05
3307,575.3204451340007,4.5909,2.005413877524691e-05
3308,575.4941635630003,4.9781,2.004343057049381e-05
3309,575.6676227700009,5.2337,2.003271389895058e-05
3310,575.8420560520008,4.0043,2.002199682024689e-05
3311,576.0163452390007,4.9087,2.0011233985432126e-05
3312,576.1903823190005,4.5556,2.0000471108518537e-05
3313,576.3638690790012,4.9847,1.9989727692283938e-05
3314,576.5369688190003,5.3001,1.9979027890370355e-05
3315,576.7100307230012,4.9142,1.9968340342098758e-05
3316,576.883045169001,4.4675,1.995766149641974e-05
3317,577.0568306069999,5.1959,1.994697545814817e-05
3318,577.2300128139996,4.8882,1.9936249814259265e-05
3319,577.403583673,4.7495,1.992556136555558e-05
3320,577.577168373,4.9746,1.9914843405864126e-05
3321,577.7506955000008,4.1887,1.99041242091358e-05
3322,577.9241313530001,4.7426,1.98934150971605e-05
3323,578.097963305001,5.4078,1.9882709559629627e-05
3324,578.2714278750009,4.3469,1.987197933746914e-05
3325,578.445039784001,4.8454,1.9861270484814805e-05
3326,578.6190488030006,6.0181,1.985055641839507e-05
3327,578.7929843860002,4.547,1.9839812628765403e-05
3328,578.9674884569995,5.8073,1.982907536944446e-05
3329,579.1414147150008,5.6406,1.9818297305740728e-05
3330,579.315401666001,5.6044,1.9807570382777775e-05
3331,579.4885716139997,4.379,1.9796829182592598e-05
3332,579.6622484460004,5.0047,1.9786139539691373e-05
3333,579.8361171770011,4.9033,1.9775423337345677e-05
3334,580.0096068420007,5.4268,1.9764679473271626e-05
3335,580.1832407479997,4.984,1.9753981741913562e-05
3336,580.3566099130003,4.4775,1.974324954049375e-05
3337,580.5304203920005,5.5286,1.9732551140185156e-05
3338,580.7034005950009,4.7071,1.9721826659259268e-05
3339,580.8769004260012,5.0483,1.9711147995617295e-05
3340,581.051100865001,5.1479,1.970043984049375e-05
3341,581.2252819599998,5.2084,1.9689687995493767e-05
3342,581.400740684001,5.6228,1.9678931566913555e-05
3343,581.5745225299997,4.9085,1.966809968444438e-05
3344,581.7480367400003,4.8231,1.9657376683580203e-05
3345,581.9217758049999,5.6656,1.9646666933148154e-05
3346,582.0952081570013,5.1565,1.963594139222225e-05
3347,582.2691833680001,5.4259,1.962524904617286e-05
3348,582.4421351969995,3.8821,1.9614497799629594e-05
3349,582.615740483001,5.9306,1.96038217734568e-05
3350,582.7897320850007,4.813,1.959309868179013e-05
3351,582.9638327040011,4.0043,1.958236484932092e-05
3352,583.1379431189998,4.1743,1.9571623350678993e-05
3353,583.3112840940012,5.6347,1.9560873906357973e-05
3354,583.48455784,5.0642,1.955016745197526e-05
3355,583.6583192950002,5.173,1.953947313679012e-05
3356,583.831423005,4.7846,1.9528749388950647e-05
3357,584.0049499609995,5.0466,1.9518055443395052e-05
3358,584.1789305620005,5.0413,1.950735047500002e-05
3359,584.3527614930008,5.0842,1.9496613321481487e-05
3360,584.5259788580006,3.5326,1.9485884868271582e-05
3361,584.6991799870011,5.4868,1.947519328771604e-05
3362,584.8722763959995,4.7748,1.9464498271728404e-05
3363,585.046177047001,5.2321,1.9453815437592526e-05
3364,585.2198482519998,5.0942,1.9443079436913546e-05
3365,585.3937099190007,4.8696,1.9432356689444477e-05
3366,585.567179222,5.1329,1.9421624741728327e-05
3367,585.7413706759999,6.4261,1.94109268354321e-05
3368,585.9149766419996,5.1956,1.940015935265432e-05
3369,586.0886058619999,5.1735,1.938944939179012e-05
3370,586.262395193,4.8874,1.937872866851851e-05
3371,586.437720797001,4.9619,1.9368001185308614e-05
3372,586.6117698750004,4.158,1.9357179211419753e-05
3373,586.785703173,4.7602,1.934643060493828e-05
3374,586.9591667280001,5.4629,1.9335699167407333e-05
3375,587.1326774570007,3.315,1.9324989499691358e-05
3376,587.3060587520013,5.4647,1.931427791759256e-05
3377,587.479952877,5.5864,1.930357968012338e-05
3378,587.6536376479999,5.9633,1.929284007882719e-05
3379,587.8298700690011,3.8213,1.9282123884629554e-05
3380,588.0039589450007,4.9607,1.927124346012343e-05
3381,588.177631857001,5.2222,1.9260498120308658e-05
3382,588.351113191,5.1427,1.9249776234876515e-05
3383,588.5253453200003,4.4389,1.9239073999259194e-05
3384,588.6989446620009,5.0063,1.9228320387222164e-05
3385,588.8734573199999,5.9255,1.9217599879506182e-05
3386,589.0467958070003,5.0307,1.9206820001419697e-05
3387,589.2211960910008,4.948,1.9196121332469165e-05
3388,589.3952614339996,5.8313,1.918536255061722e-05
3389,589.5697831630005,5.1723,1.9174617929753074e-05
3390,589.7440301080005,5.2456,1.9163844100185202e-05
3391,589.9180484610006,4.0183,1.9153088935864154e-05
3392,590.0913017530002,5.8275,1.9142345900246916e-05
3393,590.2651670670002,5.1398,1.9131649087345677e-05
3394,590.4396772150012,5.2815,1.9120916295493805e-05
3395,590.6138114679998,5.7326,1.911014499685184e-05
3396,590.7870819020009,3.9547,1.909939542833326e-05
3397,590.9610996370011,5.1945,1.908870407419755e-05
3398,591.1346241770007,5.1654,1.9077960715617283e-05
3399,591.3084126120011,5.1512,1.906724774574073e-05
3400,591.4837952950002,4.9612,1.9056526440740696e-05
3401,591.6579338800002,5.7668,1.904568994234563e-05
3402,591.8314516419996,5.0229,1.9034946963765382e-05
3403,592.0050208280009,4.5324,1.902423182499997e-05
3404,592.178771017001,5.3772,1.9013518765185173e-05
3405,592.3523451410001,4.8822,1.9002792395555542e-05
3406,592.5257683340005,5.4678,1.899207808462961e-05
3407,592.6991910640008,4.4571,1.89813761375926e-05
3408,592.8730424240002,3.9585,1.897066899419747e-05
3409,593.0469320520006,5.5061,1.89599360890741e-05
3410,593.2205101500003,5.371,1.894920203845675e-05
3411,593.3937841520001,5.5991,1.8938487969999976e-05
3412,593.5680880729997,5.2533,1.8927790548271634e-05
3413,593.7420862190011,4.1684,1.891703748685179e-05
3414,593.9157705979997,5.2346,1.8906293447283886e-05
3415,594.0895371229999,4.345,1.889556542234571e-05
3416,594.2645697669996,5.3534,1.8884839946419706e-05
3417,594.438687975,5.1926,1.8874037515061664e-05
3418,594.6120082630005,4.8728,1.8863291938395054e-05
3419,594.7850268830007,5.3375,1.8852590130925956e-05
3420,594.9584096990002,5.9377,1.8841915809259185e-05
3421,595.1328171590012,5.0561,1.88312123993827e-05
3422,595.3067139750001,6.2112,1.882044345672837e-05
3423,595.4810587949996,6.096,1.8809713160925875e-05
3424,595.6549857379996,5.7556,1.8798953977469145e-05
3425,595.8292858100012,3.6798,1.878821671746911e-05
3426,596.0029662590005,5.8777,1.8777451705370404e-05
3427,596.1766837329997,5.1354,1.8766735017098756e-05
3428,596.3507712650007,5.369,1.875600850388888e-05
3429,596.5258639759995,5.2967,1.874526928666669e-05
3430,596.6999235990006,5.1351,1.8734456113518462e-05
3431,596.8734077339996,3.7641,1.8723710677530805e-05
3432,597.0472521310003,4.1704,1.8713000598827085e-05
3433,597.220329111,2.1241,1.8702269976666675e-05
3434,597.393586481001,4.7292,1.8691584134074018e-05
3435,597.5686073489996,3.7563,1.8680893337962934e-05
3436,597.7428167500002,4.4098,1.8670090912283956e-05
3437,597.9163008819996,4.627,1.8659334859876476e-05
3438,598.0896585570008,5.6491,1.8648630832901214e-05
3439,598.2632524319997,4.1272,1.8637925284259234e-05
3440,598.4368354880007,4.8417,1.8627212178827096e-05
3441,598.6102777340002,5.4445,1.8616496466049375e-05
3442,598.783638537001,5.2051,1.8605787536172765e-05
3443,598.9570921650011,5.0011,1.8595090307901247e-05
3444,599.1311660330011,4.3152,1.8584384382962912e-05
3445,599.304985842,5.9369,1.8573615799876525e-05
3446,599.4783665499999,5.4139,1.8562907882098757e-05
3447,599.6518063390013,5.4985,1.855219945228389e-05
3448,599.8255442950012,6.0007,1.854148833999997e-05
3449,599.9992488150001,4.5293,1.853077064030857e-05
3450,600.1732760920004,5.8555,1.8520055623333253e-05
3451,600.347844766,5.6501,1.850930971586422e-05
3452,600.5217922419997,5.389,1.8498531614135757e-05
3453,600.6956400390009,4.8285,1.8487794304999982e-05
3454,600.869400091,4.3255,1.8477060615555557e-05
3455,601.0432404210005,5.2717,1.8466335399382694e-05
3456,601.2183950670005,5.457,1.8455614868518505e-05
3457,601.3926364840008,5.5927,1.8444794062345606e-05
3458,601.5678334309996,4.9544,1.8434037516790113e-05
3459,601.7413594910013,2.2753,1.8423225781913554e-05
3460,601.9147235199998,3.7649,1.841251141716047e-05
3461,602.0885271259995,5.7925,1.8401810982283934e-05
3462,602.2626395290008,4.934,1.839108199271603e-05
3463,602.437389879,4.3688,1.8380338574629664e-05
3464,602.6113434809995,4.8704,1.83695494267284e-05
3465,602.7844008160009,4.1057,1.835880770617279e-05
3466,602.9579889260003,5.8059,1.8348129549444426e-05
3467,603.13074848,4.7936,1.833741398864192e-05
3468,603.3044205130009,5.2798,1.83267466967284e-05
3469,603.4789928610007,4.7813,1.8316028014999993e-05
3470,603.6531266860002,5.8491,1.8305191404197554e-05
3471,603.8270428010001,6.3018,1.8294501945308666e-05
3472,604.0004490800002,4.8161,1.8283765994444402e-05
3473,604.1735595099999,4.7606,1.8273046705246854e-05
3474,604.3477425479996,4.9398,1.826237713104934e-05
3475,604.5223017540011,4.8359,1.8251627479691293e-05
3476,604.6961860680003,4.1167,1.8240847485308617e-05
3477,604.8703766729996,4.4205,1.8230106345246872e-05
3478,605.044044444001,5.9326,1.8219367231419742e-05
3479,605.2175386550007,4.1746,1.8208635814197484e-05
3480,605.3915777020011,4.7421,1.819792977283944e-05
3481,605.565313223,4.8611,1.818718577117287e-05
3482,605.7389596150006,4.3979,1.81764701233333e-05
3483,605.9124789050002,5.6277,1.816574264098765e-05
3484,606.0856203490002,4.5748,1.8155031981111086e-05
3485,606.2592682270006,5.0867,1.8144353395925944e-05
3486,606.4324230800012,5.3716,1.813362642876537e-05
3487,606.6068879360009,5.5756,1.812294107635802e-05
3488,606.7807210070005,4.4165,1.8112172787222236e-05
3489,606.9543790210009,3.7104,1.810144115351845e-05
3490,607.1274436700005,4.4997,1.8090716413703658e-05
3491,607.3016349820009,5.925,1.808003147845671e-05
3492,607.4750960870006,3.7807,1.8069284603024706e-05
3493,607.6497312980009,3.5097,1.8058578581604917e-05
3494,607.8241382039996,5.1427,1.804780005253083e-05
3495,607.9980602880005,4.3355,1.8037023546296244e-05
3496,608.1726898590005,4.4675,1.802629383018512e-05
3497,608.346312859001,5.0847,1.801551635407403e-05
3498,608.5205039610009,3.7679,1.8004799471728344e-05
3499,608.6942154190001,5.6919,1.7994045323888893e-05
3500,608.8689022510007,5.2368,1.798332746333326e-05
3501,609.0429557349999,4.9596,1.7972537541234513e-05
3502,609.2165314800004,5.2905,1.796180007141977e-05
3503,609.3898598420001,5.931,1.7951079089012345e-05
3504,609.5638388269999,5.1977,1.7940380084876524e-05
3505,609.7375810459998,5.4368,1.7929639532222146e-05
3506,609.9123267070008,5.4078,1.7918920263271637e-05
3507,610.0866371000011,6.0157,1.7908123549567914e-05
3508,610.2601825399997,5.666,1.789737272901232e-05
3509,610.4331626330004,3.8993,1.7886656569506182e-05
3510,610.6076140780006,5.9436,1.7875976219074014e-05
3511,610.7811170969999,5.2537,1.7865203663580215e-05
3512,610.9546189150005,4.9858,1.7854498708642005e-05
3513,611.1287333150012,5.119,1.7843788041296245e-05
3514,611.302355709,6.1687,1.783304484043213e-05
3515,611.4763169130001,4.7483,1.7822329270987625e-05
3516,611.6515876940011,5.1503,1.7811583010679e-05
3517,611.8252076870012,5.2747,1.780076498740741e-05
3518,611.9997462400006,4.4116,1.7790054858148132e-05
3519,612.1733232179995,3.7717,1.7779276939753025e-05
3520,612.3466595200007,4.6317,1.7768563500864205e-05
3521,612.5202356230002,4.516,1.7757858756481425e-05
3522,612.6945925399996,5.0611,1.7747150797839495e-05
3523,612.8681676520009,4.4423,1.773638607740743e-05
3524,613.0416403939998,5.1978,1.7725674386913592e-05
3525,613.2154008859998,6.1438,1.771496190864195e-05
3526,613.3895464859997,5.0872,1.7704231274135763e-05
3527,613.5626649959995,4.3567,1.7693484312160507e-05
3528,613.7362643680008,4.2303,1.7682806354938226e-05
3529,613.9096150820005,4.5903,1.767208463432101e-05
3530,614.0837465210006,4.8446,1.7661387310864135e-05
3531,614.2572595410002,4.7727,1.7650642009876484e-05
3532,614.4308338259998,5.0958,1.7639921613271564e-05
3533,614.6049613430005,5.5491,1.762921092796295e-05
3534,614.7785493330011,4.9427,1.7618464475617208e-05
3535,614.9523306160008,4.7027,1.7607746796481513e-05
3536,615.1266519119999,4.2307,1.7597023385123412e-05
3537,615.3004042270004,3.4547,1.7586252717283956e-05
3538,615.4747823540001,4.013,1.7575537011666655e-05
3539,615.6490997050005,4.9656,1.756476611956793e-05
3540,615.8226582890002,4.1399,1.7554008990493776e-05
3541,615.9964712260007,5.2743,1.754329836543211e-05
3542,616.1699574530012,4.7097,1.7532568739691302e-05
3543,616.3431602500004,4.8959,1.7521868309691337e-05
3544,616.5167485689999,6.1482,1.7511168855432104e-05
3545,616.691083058,5.068,1.7500442169197478e-05
3546,616.8652192640002,3.3726,1.74896888828395e-05
3547,617.0388975059996,4.7996,1.747894269685186e-05
3548,617.2127640600011,5.7992,1.7468215319938203e-05
3549,617.3866766080009,5.2651,1.7457486794012285e-05
3550,617.5608601309996,5.0177,1.7446744382345686e-05
3551,617.7348931460001,4.7365,1.743600375080242e-05
3552,617.9086019830011,5.6063,1.7425256698888915e-05
3553,618.0829662270007,4.8671,1.741453269370365e-05
3554,618.2574104920004,5.465,1.74037713971605e-05
3555,618.4306120069996,5.0484,1.739300198728393e-05
3556,618.6037857070005,1.9273,1.7382304750617212e-05
3557,618.7777645210008,5.5765,1.737162062135796e-05
3558,618.9524256620007,4.9843,1.7360884263518507e-05
3559,619.1265394300008,6.0991,1.735010227018516e-05
3560,619.299605096001,4.7487,1.7339349763209905e-05
3561,619.4734812670013,3.3476,1.7328671213703678e-05
3562,619.6477655020008,4.6488,1.7317936718580225e-05
3563,619.8211534420007,4.198,1.730717774543213e-05
3564,619.9950240319995,4.8418,1.729646981604932e-05
3565,620.1682227540005,4.2911,1.7285741905061736e-05
3566,620.341367983001,3.6931,1.7275047585555494e-05
3567,620.5152675469999,4.4067,1.7264364773024716e-05
3568,620.6887982349999,5.422,1.7253626517283944e-05
3569,620.8626059540002,5.0926,1.7242915281111118e-05
3570,621.0365085049998,4.688,1.7232190274259253e-05
3571,621.2108713950001,5.2599,1.722144852185179e-05
3572,621.384179521001,5.0325,1.721069044185186e-05
3573,621.5581702460004,4.3441,1.7199992218148165e-05
3574,621.7327133409999,2.7203,1.718925296172832e-05
3575,621.9074249580008,5.4054,1.7178480700802453e-05
3576,622.0811501290009,4.9946,1.71676924274074e-05
3577,622.2544455160005,5.861,1.715697006851848e-05
3578,622.4278835320001,5.6193,1.7146276953086432e-05
3579,622.6016053149997,4.8707,1.7135564314814788e-05
3580,622.7756574190007,5.4109,1.7124842672469137e-05
3581,622.9497250250006,5.0039,1.711410060086418e-05
3582,623.1234623250002,5.9586,1.710335384635803e-05
3583,623.2967147769996,5.0467,1.7092625909382705e-05
3584,623.4704504390011,5.4612,1.7081928081543198e-05
3585,623.6457690050011,5.0404,1.707121346987656e-05
3586,623.819304734001,4.8619,1.7060323809197527e-05
3587,623.9931886430004,4.6905,1.7049675031172834e-05
3588,624.1674776970012,5.6928,1.703893856648145e-05
3589,624.3413348480008,2.8195,1.7028174673271534e-05
3590,624.5153986099995,4.7144,1.701744750203696e-05
3591,624.6891464970013,4.6661,1.7006706267098756e-05
3592,624.8627456440008,5.9943,1.6995978190123448e-05
3593,625.0369725830005,5.4667,1.6985264970308655e-05
3594,625.210570565001,5.2822,1.6974512041296303e-05
3595,625.3842225410008,4.5159,1.696379565783945e-05
3596,625.5580379490002,4.6868,1.695307514290118e-05
3597,625.7319326939996,5.0352,1.6942341358148113e-05
3598,625.9056818709996,5.2808,1.693160810672834e-05
3599,626.0792808540009,3.703,1.6920888245802442e-05
3600,626.2536780250011,4.2408,1.691017281438274e-05
3601,626.427288025001,5.4402,1.689940657074074e-05
3602,626.6011174619998,4.3396,1.6888682584444443e-05
3603,626.7765058550012,3.3686,1.6877955979197518e-05
3604,626.9506926670001,4.5264,1.6867125646481497e-05
3605,627.124448509001,4.7938,1.6856384613950547e-05
3606,627.298446271001,5.6054,1.6845657587777798e-05
3607,627.4722648770003,3.1253,1.683491189635799e-05
3608,627.6458464860007,3.5461,1.6824188513086438e-05
3609,627.8200354,6.035,1.681346742765426e-05
3610,627.9939161310012,4.8778,1.680271780524688e-05
3611,628.1678061250004,5.0098,1.6791935356913545e-05
3612,628.3407698339997,5.4241,1.6781245645308647e-05
3613,628.515932792001,5.4507,1.6770570320432055e-05
3614,628.6895659740003,4.5475,1.6759696867407394e-05
3615,628.8628519860013,5.178,1.6749039586666636e-05
3616,629.0364287960001,5.1868,1.6738348232469165e-05
3617,629.2101573979999,5.4662,1.6727625569938255e-05
3618,629.3834390470001,4.7321,1.671691781246914e-05
3619,629.5572250509995,5.8031,1.670620843765425e-05
3620,629.7313033290011,4.9158,1.669548672629625e-05
3621,629.9056616239995,5.4375,1.66847368114815e-05
3622,630.0789705290008,5.5945,1.6673974014259185e-05
3623,630.2531020700008,4.4231,1.6663279245185216e-05
3624,630.4282777669996,5.5562,1.665253127104936e-05
3625,630.602047534001,4.3471,1.664170603919754e-05
3626,630.7766457279995,5.6018,1.6630991569938244e-05
3627,630.950937087,5.4982,1.66202074586419e-05
3628,631.1246491900001,5.2302,1.660945452876542e-05
3629,631.2983274119997,4.7811,1.6598727931049334e-05
3630,631.4717970780002,4.5154,1.6588012475617298e-05
3631,631.6455456740005,5.2466,1.657729576481477e-05
3632,631.8220784740006,4.883,1.6566575912469105e-05
3633,631.9954672639997,3.1612,1.655568150981483e-05
3634,632.1694513940001,4.9482,1.65449698160494e-05
3635,632.3426209320005,4.6868,1.653423354475308e-05
3636,632.5152544230004,3.1102,1.652354454246916e-05
3637,632.6888210810012,4.7615,1.6512889003518543e-05
3638,632.8630425909996,4.6481,1.6502179241543214e-05
3639,633.0365382769996,5.0084,1.6491415361666603e-05
3640,633.2106838640011,5.191,1.6480707170864135e-05
3641,633.3847854930009,5.1111,1.6469963597715994e-05
3642,633.559387491001,4.9393,1.6459213059691332e-05
3643,633.7330492170004,5.0689,1.6448437258209816e-05
3644,633.9068276930011,5.0997,1.6437711203888857e-05
3645,634.0819422060013,5.553,1.6426979510246897e-05
3646,634.255894330001,5.8974,1.641618034141972e-05
3647,634.4295912500002,4.1883,1.640544228432101e-05
3648,634.6039370449998,5.4577,1.6394721881296292e-05
3649,634.7776919059997,4.8962,1.6383955933148105e-05
3650,634.9518083980001,5.3495,1.637323523203706e-05
3651,635.1247553640005,4.3875,1.636248895092593e-05
3652,635.2978913240004,5.7116,1.6351807504197498e-05
3653,635.4712805460003,5.1727,1.6341123939444426e-05
3654,635.645355703,5.4647,1.6330414567469066e-05
3655,635.819106504001,5.4504,1.6319671955061723e-05
3656,635.9928429829997,4.1717,1.6308944896296274e-05
3657,636.1666329,4.7728,1.629821715160497e-05
3658,636.3415609399999,4.9819,1.6287496129753093e-05
3659,636.5149857939996,5.7595,1.6276698149444382e-05
3660,636.6894666839999,5.799,1.6265995704567938e-05
3661,636.8622189380003,5.8176,1.625521978493823e-05
3662,637.0356431540004,3.8741,1.624455185061727e-05
3663,637.2091518529996,4.2614,1.6233852494506097e-05
3664,637.3824802279996,4.7989,1.622313896160494e-05
3665,637.556653220001,4.8798,1.6212445597839514e-05
3666,637.731137136001,6.212,1.6201683359567825e-05
3667,637.9051307160007,5.5971,1.6190919147222166e-05
3668,638.0786630800012,4.1425,1.6180178314753108e-05
3669,638.2525315430012,4.6737,1.616946548592593e-05
3670,638.4258131490005,5.7377,1.6158736257962963e-05
3671,638.599505397,5.8764,1.614803752574068e-05
3672,638.7739523979999,4.7942,1.613731867672835e-05
3673,638.9479607940011,4.5085,1.61265484697531e-05
3674,639.1221669740007,5.4173,1.611580502703705e-05
3675,639.2959228430009,5.7145,1.6105057052222216e-05
3676,639.4694256309995,4.9749,1.609432620827153e-05
3677,639.6434624379999,4.9912,1.6083619919382715e-05
3678,639.816993724,5.4029,1.6072873829382694e-05
3679,639.991453775001,5.3363,1.606216481623455e-05
3680,640.1663201890005,4.5602,1.6051397042716016e-05
3681,640.3405228310003,5.8058,1.6040545132716066e-05
3682,640.5137109469997,5.5616,1.6029843842469084e-05
3683,640.6873723990011,3.8908,1.601915930061722e-05
3684,640.8607186009995,4.8032,1.600844025611114e-05
3685,641.0342660839997,5.3273,1.5997738919135778e-05
3686,641.2076790169995,5.5066,1.598702203055556e-05
3687,641.3809599380002,4.712,1.5976324253271607e-05
3688,641.5545239200001,5.9709,1.596562247623454e-05
3689,641.7288672539999,4.239,1.5954909894197517e-05
3690,641.9053857700001,5.372,1.5944151282283875e-05
3691,642.0788343730001,3.8802,1.5933239874320976e-05
3692,642.2520504370004,5.3041,1.5922545993641992e-05
3693,642.4249369839999,4.7952,1.5911857786975277e-05
3694,642.5984177580012,3.6361,1.5901184453950583e-05
3695,642.7721936039998,4.7277,1.589047207296298e-05
3696,642.9464336500005,5.8384,1.5879749130123438e-05
3697,643.119211792,5.3564,1.586898890672835e-05
3698,643.2940059169996,5.6295,1.5858326439012313e-05
3699,643.4674035839998,4.8755,1.5847474429382725e-05
3700,643.6414857399996,4.9382,1.583683346814813e-05
3701,643.8147534460004,4.9758,1.582608140358018e-05
3702,643.9876146200004,4.575,1.5815393489938292e-05
3703,644.1611633989996,5.2906,1.580471742864193e-05
3704,644.33486318,4.6679,1.579400216166662e-05
3705,644.5085399510008,5.1196,1.578328543740739e-05
3706,644.6817672280013,5.4271,1.5772559544814804e-05
3707,644.8555501829997,4.7181,1.5761870767962954e-05
3708,645.0291978700006,5.2704,1.5751142495185118e-05
3709,645.2028458229997,5.1198,1.57404196788271e-05
3710,645.3762480519999,4.2546,1.5729710651111096e-05
3711,645.549897117,5.5628,1.5719004487037064e-05
3712,645.7241789809996,5.4485,1.5708285189938254e-05
3713,645.8981986689996,6.2369,1.5697514860308666e-05
3714,646.0720408280013,5.0171,1.568678031932096e-05
3715,646.2457380060005,4.2488,1.5676048022037044e-05
3716,646.4200784719997,5.5487,1.5665322299074087e-05
3717,646.5947472400003,4.6364,1.565456087481475e-05
3718,646.7686443020011,5.6673,1.564378468635795e-05
3719,646.9437232119999,4.9403,1.5633042010555564e-05
3720,647.1171230950004,4.6101,1.5622237968086385e-05
3721,647.2919199440003,5.7894,1.56115357791358e-05
3722,647.4654503950005,4.0291,1.560068754419745e-05
3723,647.6384623270005,4.3343,1.559003741339506e-05
3724,647.8119566290006,5.1666,1.557935350438275e-05
3725,647.9866224609996,5.2544,1.556865051709871e-05
3726,648.1598677700003,4.8517,1.5557866611666604e-05
3727,648.3341233880001,4.8877,1.5547169621111067e-05
3728,648.507603733,4.5573,1.553641966098765e-05
3729,648.681710625,5.8549,1.552570791679006e-05
3730,648.8559693269999,4.5221,1.5514954231666595e-05
3731,649.0301302530006,5.7593,1.5504200426851835e-05
3732,649.2035814320006,4.7375,1.5493448735987613e-05
3733,649.3774837060009,4.5844,1.548274601074068e-05
3734,649.5512919009998,5.4126,1.5472008940555555e-05
3735,649.7252683179995,5.2112,1.5461274111913543e-05
3736,649.8989523239998,4.691,1.5450542966481417e-05
3737,650.0726314620006,3.3851,1.54398234034568e-05
3738,650.2457077399995,4.8685,1.5429098627345644e-05
3739,650.4196086000011,5.3119,1.5418412687160504e-05
3740,650.593333797,4.7444,1.5407680952962945e-05
3741,650.7670645720009,4.4809,1.53969539798765e-05
3742,650.9404780479999,4.2919,1.5386232696975283e-05
3743,651.113758679001,4.5081,1.5375525730617224e-05
3744,651.2870074120001,6.1556,1.5364832551975295e-05
3745,651.461409982001,4.8422,1.5354145239012317e-05
3746,651.6357790769998,4.1022,1.5343373301975254e-05
3747,651.8109165120004,5.8559,1.5332619186481478e-05
3748,651.9860165909995,5.2993,1.5321802488827157e-05
3749,652.1595368830003,5.7916,1.5310992196296238e-05
3750,652.333182194001,4.2107,1.5300276593827085e-05
3751,652.5071623759995,5.7475,1.5289557083456817e-05
3752,652.6808285340012,4.0048,1.52788244923457e-05
3753,652.8559600780009,4.878,1.5268105047222247e-05
3754,653.0297383420002,5.7205,1.525728747135805e-05
3755,653.2030816740007,4.4046,1.5246564650740674e-05
3756,653.3767285000013,5.5022,1.5235865387036974e-05
3757,653.5508341929999,5.5214,1.5225145396296308e-05
3758,653.7250288939995,5.4944,1.5214396333827091e-05
3759,653.8985896880004,5.6177,1.5203646995802428e-05
3760,654.0714916199995,5.47,1.5192929881790135e-05
3761,654.2452685740009,4.2695,1.5182256879938288e-05
3762,654.4192492670009,4.9113,1.5171529989197497e-05
3763,654.5918038729997,4.856,1.5160792039135757e-05
3764,654.7654868410009,4.7503,1.5150137186481427e-05
3765,654.9388998300001,5.4963,1.5139424653209827e-05
3766,655.1126152180004,3.1823,1.5128716589691372e-05
3767,655.2861640049996,4.3425,1.5117987760185215e-05
3768,655.4599470089997,5.8262,1.5107273879691353e-05
3769,655.63368558,4.3823,1.5096546400802458e-05
3770,655.8078693240004,4.9444,1.5085828196790069e-05
3771,655.9819364690011,4.3317,1.5075071035740668e-05
3772,656.1557310560001,5.1708,1.5064325444444438e-05
3773,656.3285481149996,5.6513,1.5053599556728425e-05
3774,656.5030986260008,3.9631,1.5042932497901213e-05
3775,656.6777604300005,5.4455,1.5032158409197527e-05
3776,656.8517853009998,4.8482,1.502137338191359e-05
3777,657.0272321600005,3.9689,1.5010631608518478e-05
3778,657.2010988109996,5.2339,1.4999800851172851e-05
3779,657.3754952979998,4.8198,1.4989069854382703e-05
3780,657.5494846590009,4.6318,1.4978309449999961e-05
3781,657.722538891001,3.6995,1.4967567473148075e-05
3782,657.8958298609996,5.251,1.4956883171419766e-05
3783,658.069566387001,5.6226,1.4946187237160469e-05
3784,658.2437512640008,6.2155,1.493546415660491e-05
3785,658.4168854640011,5.071,1.4924710019320986e-05
3786,658.5904740400001,6.1261,1.491402774117281e-05
3787,658.764753849,5.3351,1.49033101322839e-05
3788,658.9386024619998,5.7035,1.4892550806604883e-05
3789,659.1125816510012,4.2895,1.4881820633209814e-05
3790,659.2858333410004,5.1952,1.4871083176913542e-05
3791,659.460203304001,5.5494,1.4860387734444413e-05
3792,659.6340231360009,5.951,1.4849619033024686e-05
3793,659.8079410270002,4.1289,1.4838890697345636e-05
3794,659.9817730020004,4.9366,1.4828153450864169e-05
3795,660.1560168310007,4.2288,1.481743025043204e-05
3796,660.3299518610002,5.3465,1.4806671542469136e-05
3797,660.5037581119996,4.3799,1.479593395018521e-05
3798,660.6775355980008,5.1397,1.4785199842592617e-05
3799,660.8514008889997,5.6244,1.4774469368950561e-05
3800,661.0253494530007,4.6837,1.4763737611543143e-05
3801,661.1990381060004,4.5787,1.4753006503271626e-05
3802,661.3722018380013,4.7104,1.4742282720493855e-05
3803,661.5465341239997,4.603,1.473159811327156e-05
3804,661.7203496330003,5.4559,1.4720836113333291e-05
3805,661.8943721600008,5.3732,1.4710102532222148e-05
3806,662.0689638269996,4.8236,1.4699365118395004e-05
3807,662.2426322850006,2.7933,1.4688578816543175e-05
3808,662.4162923090007,4.1637,1.4677868597407408e-05
3809,662.5901092380009,6.371,1.4667145852777759e-05
3810,662.7633445820011,4.1261,1.4656412492901195e-05
3811,662.9374726440001,5.3703,1.4645719672469143e-05
3812,663.1106939960009,3.9015,1.4634971015555515e-05
3813,663.284200772001,5.415,1.4624286410679039e-05
3814,663.4574244260002,4.8677,1.4613572303518553e-05
3815,663.6312618720003,4.5816,1.4602873968827191e-05
3816,663.805739757001,4.3431,1.4592152635185153e-05
3817,663.9797613850005,4.5082,1.4581374691604898e-05
3818,664.1524732850012,4.858,1.4570634697345692e-05
3819,664.3266155130004,6.1309,1.4559968649135741e-05
3820,664.5002372580002,5.603,1.4549226538765425e-05
3821,664.6743759569999,4.2621,1.4538509379753023e-05
3822,664.8478342110011,4.4844,1.4527753490061674e-05
3823,665.0222900219997,5.6616,1.4517046004135792e-05
3824,665.1958713889999,4.5941,1.4506282336790123e-05
3825,665.3694591540007,6.1289,1.4495563009753104e-05
3826,665.542534147,5.0105,1.4484850300185165e-05
3827,665.7165087770009,5.3358,1.4474167203765387e-05
3828,665.8901802640012,5.8221,1.4463432242530839e-05
3829,666.0635097470004,6.4951,1.4452702715432025e-05
3830,666.2372330830003,5.1814,1.444200689932092e-05
3831,666.4113090600003,4.959,1.4431278786296277e-05
3832,666.584519117001,5.1499,1.442054450858023e-05
3833,666.7584659439999,4.9734,1.4409846917036996e-05
3834,666.9322462929995,6.0157,1.4399107952654329e-05
3835,667.1076960740011,4.2893,1.4388377114135799e-05
3836,667.2812904530001,5.1699,1.437754392067897e-05
3837,667.4546204609996,5.4713,1.4366837715802428e-05
3838,667.6277762890004,5.4785,1.4356143729444427e-05
3839,667.8021435230003,5.1466,1.4345443116728324e-05
3840,667.9759841510004,5.2384,1.4334684918395048e-05
3841,668.1492826390004,6.0173,1.4323955417160473e-05
3842,668.322533433,5.2376,1.4313260095432046e-05
3843,668.4958981,4.9198,1.430256497172835e-05
3844,668.6695748630009,4.7241,1.4291862015678941e-05
3845,668.8434921820008,5.8346,1.4281142919506146e-05
3846,669.0172675770009,5.0458,1.4270401039876552e-05
3847,669.1912412800011,3.911,1.425967882580243e-05
3848,669.3656217150001,4.6254,1.424893861240743e-05
3849,669.5390641049999,5.0336,1.4238174420740763e-05
3850,669.7126698270004,4.8825,1.4227469825493783e-05
3851,669.8876772109998,5.9031,1.4216752996913602e-05
3852,670.0614296060012,3.9128,1.4205945520678954e-05
3853,670.2346773950012,5.4104,1.4195223730493811e-05
3854,670.4082242820004,5.3214,1.4184528322962981e-05
3855,670.581511063001,5.0472,1.417381892697528e-05
3856,670.755196131,5.5486,1.4163116492469091e-05
3857,670.9294382799999,5.3422,1.4152396024629627e-05
3858,671.1030417090005,5.0141,1.4141640022222241e-05
3859,671.2768168620005,5.5016,1.4130927861419706e-05
3860,671.4504946420002,5.9107,1.4120197740617241e-05
3861,671.6237100990002,4.8435,1.41094790206173e-05
3862,671.7974733219999,5.4052,1.4098788393086442e-05
3863,671.9713568200004,4.6058,1.4088059868456727e-05
3864,672.1461052310005,4.6439,1.407733034246907e-05
3865,672.3195211740003,4.7075,1.4066540641666664e-05
3866,672.492518387,5.5588,1.4055833174135819e-05
3867,672.6657184830001,4.4364,1.4045158706790118e-05
3868,672.8394901280008,4.8443,1.4034465588024714e-05
3869,673.0135185210002,4.788,1.4023735514320935e-05
3870,673.1869015550001,4.4436,1.4012997141172818e-05
3871,673.3608798490004,4.7542,1.4002291504259207e-05
3872,673.5352623010003,5.1036,1.3991553897839493e-05
3873,673.7091084100011,3.9645,1.3980790596172787e-05
3874,673.8818424260007,4.4843,1.3970054931604875e-05
3875,674.0550705109999,4.3392,1.3959399510555542e-05
3876,674.2286860120003,5.0307,1.3948702363827188e-05
3877,674.4019018170002,5.2456,1.3937983002037026e-05
3878,674.575198677001,3.7043,1.3927294603024649e-05
3879,674.748145996,4.7746,1.3916591343024693e-05
3880,674.9214487580011,4.7067,1.390591984012341e-05
3881,675.0947176890004,4.4067,1.389521999617287e-05
3882,675.2684784419998,4.2991,1.3884523034567893e-05
3883,675.4422195380012,4.9558,1.3873801094074046e-05
3884,675.6160851929999,5.8131,1.3863074787654296e-05
3885,675.7897926250007,5.9558,1.3852342271790053e-05
3886,675.9629340150004,4.6755,1.3841622918395092e-05
3887,676.1360265790008,4.2591,1.3830928164320932e-05
3888,676.3100449080011,5.8688,1.3820250992037048e-05
3889,676.4835143620003,5.4463,1.3809510097345635e-05
3890,676.6567730639999,4.2432,1.3798795909567869e-05
3891,676.830752195001,5.3734,1.3788099412098698e-05
3892,677.0049098880008,5.5594,1.3777366823580207e-05
3893,677.1798058280001,5.1819,1.376660971759262e-05
3894,677.3535673250008,3.446,1.3755812321913614e-05
3895,677.5269761180007,4.5046,1.3745086647098748e-05
3896,677.7000253639999,5.2499,1.3734390876913528e-05
3897,677.8736073079999,5.2632,1.3723699310987604e-05
3898,678.0478953870006,5.2107,1.3712987124012283e-05
3899,678.221104354001,4.4981,1.3702235699629568e-05
3900,678.3942698490009,5.5822,1.3691540593518531e-05
3901,678.5678662600003,3.1789,1.3680850644629606e-05
3902,678.741045746001,5.0848,1.3670131994876561e-05
3903,678.9144060250001,4.7759,1.3659443989135756e-05
3904,679.0881483829999,4.7507,1.3648745387407435e-05
3905,679.261723734,4.8032,1.3638018575061718e-05
3906,679.4354928909997,5.0125,1.3627303857530798e-05
3907,679.6084029140002,4.7583,1.3616577527592523e-05
3908,679.7818936910007,4.9269,1.360590392345678e-05
3909,679.9563135429999,5.7545,1.3595197528950593e-05
3910,680.1304503129995,4.9274,1.3584427616604917e-05
3911,680.3042844070005,4.3774,1.3573684615617305e-05
3912,680.4777516289996,4.6012,1.3562943766851783e-05
3913,680.6518935580007,4.2369,1.3552240586172788e-05
3914,680.8260547660011,5.1051,1.3541492463086403e-05
3915,681.0001414340004,5.2221,1.353074130888885e-05
3916,681.1740337440006,5.5746,1.3519981913394996e-05
3917,681.3474371960001,3.8531,1.3509261660308564e-05
3918,681.5226712140011,4.5518,1.349855663697534e-05
3919,681.6967307409996,5.9744,1.3487739895864127e-05
3920,681.8707296390003,5.6021,1.3476991578456794e-05
3921,682.0443773730003,3.9964,1.3466254629259278e-05
3922,682.2182897670009,4.5923,1.3455534835678984e-05
3923,682.3916139900011,3.6011,1.3444799598827118e-05
3924,682.5650446430009,4.5283,1.343409669845675e-05
3925,682.7388504320006,4.7131,1.3423398480555515e-05
3926,682.9119957470011,5.0772,1.3412667766049392e-05
3927,683.0853729840001,5.4018,1.3401970389012281e-05
3928,683.2588317070004,4.608,1.3391274032962915e-05
3929,683.4321319400005,4.6805,1.3380567519567911e-05
3930,683.6060454140006,4.1503,1.3369869718888838e-05
3931,683.7799786160012,4.9076,1.3359127884259243e-05
3932,683.9542305819996,5.7294,1.3348398557654273e-05
3933,684.1283233920003,4.1493,1.3337646329691329e-05
3934,684.3013753520008,3.892,1.3326891103950651e-05
3935,684.4747917069999,4.1535,1.3316213979876496e-05
3936,684.6488624490012,4.9032,1.3305509500555502e-05
3937,684.8221328910004,3.6785,1.3294765335678994e-05
3938,684.99567622,5.1487,1.3284070637530898e-05
3939,685.1692630230009,4.598,1.3273351757407337e-05
3940,685.3432790850002,5.0875,1.3262640080802496e-05
3941,685.5172845010002,4.7401,1.3251896933456754e-05
3942,685.6906990309999,5.2088,1.3241156052530823e-05
3943,685.8641280160009,5.3743,1.3230455475246839e-05
3944,686.0377882539997,5.9389,1.3219749465493853e-05
3945,686.2118231180011,5.9857,1.3209025500617278e-05
3946,686.3854171710009,3.8625,1.3198284730987675e-05
3947,686.559607696001,4.1687,1.3187569885061702e-05
3948,686.7331222270004,5.049,1.317681423074073e-05
3949,686.9073616260011,4.7363,1.3166101951481458e-05
3950,687.0814881179995,3.842,1.3155346447469087e-05
3951,687.2565202340011,4.8032,1.3144604739567918e-05
3952,687.4308176200011,4.9424,1.3133797546172866e-05
3953,687.6048753590003,3.5399,1.3123033453518507e-05
3954,687.7787072829997,5.5805,1.3112295384753115e-05
3955,687.9527049429998,4.4252,1.3101562778024629e-05
3956,688.1262886229997,2.6361,1.3090818555123473e-05
3957,688.3002434959999,5.7275,1.3080107550802406e-05
3958,688.4743881909999,5.7236,1.3069365987962951e-05
3959,688.647615885,4.2971,1.305862186555557e-05
3960,688.8214304869998,3.5081,1.304792374728398e-05
3961,688.995233347001,5.6978,1.3037193473024716e-05
3962,689.1694074900006,4.3522,1.3026467406851811e-05
3963,689.3432420530007,5.2782,1.3015715303950566e-05
3964,689.5173893740011,4.9234,1.3004991202777789e-05
3965,689.6914553509996,3.3475,1.2994238204320914e-05
3966,689.8657451470008,3.9222,1.2983493059691348e-05
3967,690.0394934020005,3.3414,1.297272956222222e-05
3968,690.2132546009998,3.7019,1.2962010449444411e-05
3969,690.3866355480004,3.7225,1.2951280639444468e-05
3970,690.5604113360005,5.5546,1.2940582489320913e-05
3971,690.733635034001,4.3987,1.2929850804135795e-05
3972,690.9075084190008,5.1707,1.2919162597530842e-05
3973,691.0806019070005,5.1117,1.2908421010308619e-05
3974,691.2544327859996,4.4338,1.2897741600493841e-05
3975,691.428359847001,4.7672,1.2887011689012363e-05
3976,691.6020601100008,5.6858,1.287627532722222e-05
3977,691.7756856619999,5.8113,1.2865557061975242e-05
3978,691.949652745001,4.9169,1.2854840590617296e-05
3979,692.1231905830009,4.0772,1.2844098047962916e-05
3980,692.2994450580009,5.0361,1.2833386911357976e-05
3981,692.4728671310004,5.6334,1.2822504494506126e-05
3982,692.6462230420002,4.4715,1.281180410253079e-05
3983,692.8194042760006,4.7689,1.2801101775925934e-05
3984,692.9929495240012,4.9283,1.279041270820982e-05
3985,693.1670708230013,5.4219,1.2779697233456745e-05
3986,693.3405109489995,4.0953,1.276895083234565e-05
3987,693.5140341059996,5.9111,1.2758220291357976e-05
3988,693.6874569720003,4.354,1.2747538409074106e-05
3989,693.8622013370004,5.1088,1.273682354104932e-05
3990,694.0356543620001,3.503,1.2726043262407333e-05
3991,694.208907708,5.4822,1.2715326910308622e-05
3992,694.3829493289995,5.3263,1.2704634125802389e-05
3993,694.5566149429997,5.087,1.2693901001851788e-05
3994,694.7298262530003,4.9321,1.2683178673395007e-05
3995,694.9031016429999,5.348,1.2672484713333305e-05
3996,695.0762813270012,6.1059,1.2661796079259214e-05
3997,695.2497866730009,4.7119,1.2651096244444377e-05
3998,695.4240878460005,3.5638,1.2640392632962895e-05
3999,695.5976916769996,5.3709,1.2629629024506113e-05
4000,695.771788641001,5.4879,1.2618909253765365e-05
4001,695.945185437,5.1286,1.2608152585679045e-05
4002,696.1187952630007,5.8895,1.2597461960617302e-05
4003,696.2918064509995,4.6945,1.2586744006975331e-05
4004,696.4653509889995,5.3529,1.2576065649259195e-05
4005,696.6390932120012,4.9436,1.256535686814807e-05
4006,696.8131143570008,5.3766,1.2554625693333317e-05
4007,696.9858607810002,4.6266,1.2543879181728386e-05
4008,697.159381802001,5.1142,1.2533222017777747e-05
4009,697.3339695180002,4.8846,1.2522509754320999e-05
4010,697.507569323001,4.1999,1.2511735054567909e-05
4011,697.681669384001,4.3467,1.2501018753333304e-05
4012,697.8549116490012,5.0304,1.2490268069074025e-05
4013,698.0291667660003,5.2266,1.2479573193209877e-05
4014,698.2030800680004,4.8251,1.2468817548148125e-05
4015,698.377015213,4.9731,1.2458081963765422e-05
4016,698.5525960909999,4.5809,1.2447355750864181e-05
4017,698.7261932760011,5.1871,1.2436503396913596e-05
4018,698.8998870480009,3.704,1.2425796774320959e-05
4019,699.0740677260001,5.5396,1.2415065448703678e-05
4020,699.2479350480007,4.5304,1.2404318005740685e-05
4021,699.4221576460004,4.9896,1.2393585439197491e-05
4022,699.5956488290012,4.7558,1.2382832014506146e-05
4023,699.7695145100006,4.086,1.2372115440432114e-05
4024,699.9439228869996,4.6311,1.2361390635432046e-05
4025,700.1170044520004,4.6548,1.2350620627901237e-05
4026,700.2914971130012,5.5512,1.2339942428333318e-05
4027,700.4653270220006,4.4726,1.2329171131049305e-05
4028,700.6392421020009,5.0112,1.231843932086414e-05
4029,700.8134000770006,5.3414,1.2307706046172873e-05
4030,700.9871665280007,3.8837,1.2296948554135773e-05
4031,701.1611310320004,4.9206,1.2286228713950615e-05
4032,701.3350209979999,6.184,1.2275486226049393e-05
4033,701.5086215169995,5.6127,1.2264761625740756e-05
4034,701.6821610330007,4.2645,1.2254035316975293e-05
4035,701.855990469001,4.385,1.2243322182962908e-05
4036,702.0301640360012,4.9974,1.2232594743765374e-05
4037,702.2034003829995,5.206,1.2221841905925934e-05
4038,702.3779359830005,4.2738,1.2211148469506145e-05
4039,702.5517340000006,4.3979,1.2200379678086415e-05
4040,702.7261577570007,5.2533,1.2189646564691343e-05
4041,702.8998904340006,5.4379,1.2178882975246926e-05
4042,703.0731127039999,4.7501,1.2168153874382692e-05
4043,703.2469572379996,5.4398,1.2157464701666654e-05
4044,703.4201322580011,3.3706,1.2146730474135742e-05
4045,703.5940379700005,5.7486,1.2136042926790147e-05
4046,703.767822541,4.79,1.212530539277777e-05
4047,703.9413120580011,4.7277,1.2114576776481429e-05
4048,704.115142011,5.6391,1.2103873117098768e-05
4049,704.288579686001,5.4863,1.2093143960246945e-05
4050,704.4621788969998,4.883,1.2082427090246912e-05
4051,704.6358364709995,3.6329,1.2071717356666678e-05
4052,704.8101769420009,5.271,1.2060999372098747e-05
4053,704.984200465,5.4939,1.205024213364191e-05
4054,705.1583557930007,5.8199,1.2039492532469104e-05
4055,705.3315234519996,3.9663,1.2028743242962947e-05
4056,705.5050578680002,4.836,1.201805617444442e-05
4057,705.6792202859997,3.7548,1.2007341921172821e-05
4058,705.8526892950013,4.8972,1.199659156925918e-05
4059,706.0267984000002,5.039,1.1985883066975329e-05
4060,706.2003755780006,4.9287,1.1975132950185159e-05
4061,706.3744461950009,5.7074,1.196442185524687e-05
4062,706.5481696040006,4.2662,1.195367794438268e-05
4063,706.7223951800006,4.7738,1.1942954283641921e-05
4064,706.8961457770001,3.9089,1.1932207084135732e-05
4065,707.0691822610006,4.1314,1.1921472730246924e-05
4066,707.2436788610012,5.2349,1.1910795361358012e-05
4067,707.4190093569996,4.9477,1.1900028244629618e-05
4068,707.593088253001,5.0413,1.1889201373641983e-05
4069,707.7664377050005,5.4308,1.1878451633703641e-05
4070,707.940132361,4.4709,1.1867758097901227e-05
4071,708.1138191360005,4.8247,1.1857032751358032e-05
4072,708.2877034940011,4.975,1.184631759240734e-05
4073,708.4616899330013,5.1751,1.1835579227777705e-05
4074,708.6354422920012,4.6647,1.182484175808637e-05
4075,708.8085514390004,2.9695,1.1814112393395015e-05
4076,708.9823833390001,5.1451,1.1803416682469104e-05
4077,709.1565138639999,5.9355,1.1792697678888825e-05
4078,709.3300065420008,5.2206,1.1781947730925913e-05
4079,709.5039574620005,4.5856,1.177123645179013e-05
4080,709.6777979810013,4.7412,1.1760502253888867e-05
4081,709.8519640819995,5.2269,1.1749770902222196e-05
4082,710.0269441310011,4.5549,1.1739015000987674e-05
4083,710.2005892870002,3.7762,1.1728216256790092e-05
4084,710.3747596060002,4.6711,1.171749751950616e-05
4085,710.5483540519999,5.324,1.1706752681111088e-05
4086,710.7223405559998,5.192,1.169603453246908e-05
4087,710.8958241479995,4.4286,1.1685289210123456e-05
4088,711.0701520900002,5.1595,1.1674581793271566e-05
4089,711.2433883089998,4.5477,1.1663818895185164e-05
4090,711.4174588180013,5.7203,1.1653134820432044e-05
4091,711.5910942840001,5.1035,1.1642382373765382e-05
4092,711.7657597990001,4.0225,1.1631661929074011e-05
4093,711.9389764560001,5.696,1.1620885670987647e-05
4094,712.112268025001,2.5765,1.1610196413456731e-05
4095,712.2849894980009,4.8189,1.1599493394999933e-05
4096,712.4601872439998,4.5443,1.1588832263888872e-05
4097,712.6331485390001,4.6125,1.1578014407839449e-05
4098,712.8065655800001,5.1711,1.1567345788641914e-05
4099,712.9802121770008,4.0293,1.155664171993825e-05
4100,713.154263972001,5.2873,1.1545915417345671e-05
4101,713.3289371390001,4.4389,1.1535176546728316e-05
4102,713.5026718080007,5.1331,1.152439390240741e-05
4103,713.6780051160003,3.448,1.1513665911172861e-05
4104,713.8551782900013,4.7203,1.1502788125308594e-05
4105,714.0312086000013,5.1212,1.149190144691355e-05
4106,714.2073500700008,5.1772,1.1480981751419679e-05
4107,714.3808317929997,4.975,1.1470164062530887e-05
4108,714.5565814800011,4.9596,1.145945616765431e-05
4109,714.7308172690009,5.4715,1.1448608464012339e-05
4110,714.9042183330002,3.8032,1.1437853223703687e-05
4111,715.0782693689998,5.0742,1.142714960611107e-05
4112,715.2525928120012,5.3325,1.1416408851851818e-05
4113,715.4274934660007,5.9526,1.1405640750740698e-05
4114,715.6008573920008,4.446,1.139484598018521e-05
4115,715.7746321390005,3.9994,1.138413775104934e-05
4116,715.9485147750001,3.9769,1.1373422216419732e-05
4117,716.1227857249996,4.1976,1.1362688411543137e-05
4118,716.2964568000007,2.8817,1.1351928721728372e-05
4119,716.4703637090006,4.2985,1.1341208803580205e-05
4120,716.6449012230005,5.0244,1.133047523234561e-05
4121,716.819470841001,4.4837,1.1319699965617226e-05
4122,716.9934227400008,5.1136,1.130892195580241e-05
4123,717.1665649269999,5.2503,1.129817918685182e-05
4124,717.3406502030011,5.1334,1.128750207617284e-05
4125,717.5164624780009,4.3393,1.1276761606975272e-05
4126,717.689588737001,4.8193,1.1265901926604943e-05
4127,717.8630547840003,5.9696,1.125521335432091e-05
4128,718.0365150850012,5.4742,1.1244502935987617e-05
4129,718.2103712700009,3.2343,1.1233797564629617e-05
4130,718.3840823560004,4.5337,1.1223065185493758e-05
4131,718.55779549,3.7791,1.121234244006173e-05
4132,718.7314591440008,3.9382,1.1201624122901238e-05
4133,718.9052607169997,5.0133,1.1190899308209884e-05
4134,719.0790687610006,4.0871,1.1180170348580188e-05
4135,719.2525834389999,3.4918,1.1169440372839429e-05
4136,719.4259486089995,4.4037,1.1158726859382706e-05
4137,719.5997652879996,4.6732,1.114802713086422e-05
4138,719.7738969710008,4.3453,1.1137296787098795e-05
4139,719.9478588760012,5.5609,1.1126550515185125e-05
4140,720.121000389001,4.4884,1.1115810849814807e-05
4141,720.2947456040001,4.954,1.1105120427283949e-05
4142,720.4682951670002,5.0656,1.1094402063086411e-05
4143,720.6418753830003,5.2836,1.108369263253084e-05
4144,720.8152274960012,4.0792,1.1072974266666686e-05
4145,720.988447609001,4.609,1.1062270307222183e-05
4146,721.1621566080012,4.4121,1.105157918969129e-05
4147,721.3363285610012,4.9118,1.104085441450614e-05
4148,721.5098803159999,4.9961,1.1030104495678945e-05
4149,721.6829993909996,4.6881,1.1019390379444395e-05
4150,721.8567971440007,4.5105,1.10087029516667e-05
4151,722.0316115580008,4.7158,1.099797755166666e-05
4152,722.2052007000002,5.3767,1.0987184031234538e-05
4153,722.3784760970011,3.4499,1.0976468496790089e-05
4154,722.5527420030012,4.8842,1.096577893462965e-05
4155,722.7260931159999,5.6856,1.0955022374506191e-05
4156,722.8994381150005,4.5415,1.0944319123703695e-05
4157,723.0731014440007,5.5793,1.0933621738580274e-05
4158,723.2463937270004,4.7835,1.0922892590493844e-05
4159,723.4198137460007,5.7215,1.0912203987222208e-05
4160,723.5941287469996,6.0022,1.0901496818333268e-05
4161,723.7675943680006,4.4675,1.0890733709506163e-05
4162,723.9404570850002,5.532,1.088002888296289e-05
4163,724.1148156970012,5.4211,1.0869362112530828e-05
4164,724.2879446160005,5.1305,1.0858595073827088e-05
4165,724.4614380309995,5.1767,1.0847905092715998e-05
4166,724.6358206389996,5.9523,1.0837197280000028e-05
4167,724.8101662240006,5.0427,1.0826429282654282e-05
4168,724.9839855999999,4.0503,1.0815668003024709e-05
4169,725.158377355001,5.1276,1.0804940882654247e-05
4170,725.3332838130009,5.7169,1.079417521524686e-05
4171,725.507270383001,4.5121,1.0783378391913546e-05
4172,725.681302287001,4.9182,1.0772640754444462e-05
4173,725.8554433469999,5.1125,1.0761896758518492e-05
4174,726.0296031020007,5.661,1.075114423080249e-05
4175,726.203379894001,5.3975,1.0740393248271614e-05
4176,726.3767959750003,5.4146,1.0729670741728359e-05
4177,726.5505820880007,4.366,1.0718963195864196e-05
4178,726.7242234349997,5.2378,1.070823719635804e-05
4179,726.8976388250012,3.6584,1.0697518622716002e-05
4180,727.0715689370008,5.5022,1.0686813392654294e-05
4181,727.245520157001,5.2443,1.0676073123456748e-05
4182,727.4193634020012,4.8378,1.0665338100185112e-05
4183,727.5937616770007,4.787,1.0654607781790094e-05
4184,727.7675450770002,5.2509,1.0643844785740669e-05
4185,727.9417197950006,4.9613,1.0633112640308567e-05
4186,728.1162198130005,5.1038,1.0622369145679012e-05
4187,728.2899734060011,4.9352,1.0611588531543177e-05
4188,728.4635838040012,4.8313,1.0600864339876465e-05
4189,728.6377915739995,5.4231,1.0590154565000005e-05
4190,728.811788033001,5.0479,1.0579397443456807e-05
4191,728.98610998,5.11,1.0568651461172847e-05
4192,729.1604293769997,4.7986,1.0557896232716036e-05
4193,729.3351433330008,5.9293,1.054713226376542e-05
4194,729.5096743419999,3.9118,1.053635363222215e-05
4195,729.6832922960002,3.9715,1.0525576194814778e-05
4196,729.8575137940006,4.7984,1.0514861506234536e-05
4197,730.031742217001,5.5514,1.0504104098888912e-05
4198,730.2063223069999,4.823,1.0493350198888901e-05
4199,730.3804145270005,5.1259,1.0482574852777798e-05
4200,730.5543740890007,5.3727,1.0471829188271626e-05
4201,730.7278278209997,5.5238,1.046109299018514e-05
4202,730.901973510001,4.4718,1.0450380106419772e-05
4203,731.0756525950001,4.1049,1.0439634414999966e-05
4204,731.249352633,4.2534,1.0428913107901245e-05
4205,731.4231574050009,5.4237,1.0418191329876504e-05
4206,731.597419261001,3.3871,1.0407460946913533e-05
4207,731.7715440299999,5.2514,1.039670397802464e-05
4208,731.9461836390001,5.1195,1.0385955839753064e-05
4209,732.1199173460009,4.5781,1.0375178922839513e-05
4210,732.2939799920005,5.9287,1.0364452626604865e-05
4211,732.4677698800006,4.3047,1.035370798185178e-05
4212,732.6430618900013,4.7789,1.0342972153518454e-05
4213,732.8169111759998,4.962,1.033215619598768e-05
4214,732.9916535240009,5.2609,1.032142560876545e-05
4215,733.1656247660012,5.1729,1.0310633226296246e-05
4216,733.3391701760011,5.0104,1.0299902947777745e-05
4217,733.5127656580007,4.2288,1.0289185116481447e-05
4218,733.6871617409997,4.976,1.0278469949259184e-05
4219,733.8615053249996,5.3485,1.0267711912654277e-05
4220,734.0351453109997,3.5376,1.0256943200679025e-05
4221,734.2087231860005,4.8037,1.0246229196790085e-05
4222,734.3830992660005,4.74,1.0235511250802465e-05
4223,734.5568211240006,4.8102,1.022474890413574e-05
4224,734.7317294019995,5.0864,1.0214029417283888e-05
4225,734.9056188270006,5.6522,1.0203225146419698e-05
4226,735.0804347800004,5.0798,1.0192497330864159e-05
4227,735.2543988779998,5.146,1.0181703884259208e-05
4228,735.4287127040006,5.3293,1.0170967936790048e-05
4229,735.6027315219999,5.3695,1.0160203264567825e-05
4230,735.7768365720003,4.1182,1.014946169845677e-05
4231,735.9513910260011,5.4463,1.0138713358086377e-05
4232,736.1257345200011,5.4908,1.0127943024382697e-05
4233,736.2995791060002,5.3228,1.0117177201790145e-05
4234,736.4737501150012,4.6017,1.0106447235555516e-05
4235,736.6481629999998,5.8438,1.0095695864814797e-05
4236,736.8221480060001,4.2138,1.008493543469134e-05
4237,736.9963182250012,4.7951,1.0074194199629616e-05
4238,737.1704197689996,5.1114,1.006343291475304e-05
4239,737.3439674010006,4.533,1.005269272740743e-05
4240,737.5181107690005,5.395,1.004197829277776e-05
4241,737.692239512,4.42,1.0031228478827098e-05
4242,737.8666634809997,5.9638,1.0020476811790069e-05
4243,738.0402955050013,4.9307,1.0009712572716046e-05
4244,738.2138866059995,5.0303,9.998992867283986e-06
4245,738.3877538529996,5.3555,9.98828132209877e-06
4246,738.5617984540004,4.8573,9.977546982345637e-06
4247,738.7355899329996,4.9151,9.966801875617299e-06
4248,738.9093773450004,5.2593,9.956079595679029e-06
4249,739.0829638640007,3.7333,9.945345360740676e-06
4250,739.2570990290005,4.7151,9.934633542654275e-06
4251,739.430838536,4.925,9.923876876296217e-06
4252,739.6055289380001,5.7,9.913167893765368e-06
4253,739.7799339940011,3.8472,9.902377603765462e-06
4254,739.9547138670005,5.3067,9.891616160740669e-06
4255,740.1285784780011,4.7297,9.880819837839517e-06
4256,740.3027885259999,4.8577,9.87008278993825e-06
4257,740.4761938909996,4.2855,9.859338369938253e-06
4258,740.6509033170005,4.6868,9.848624822345615e-06
4259,740.8253121350008,5.6695,9.837776487530831e-06
4260,740.9995228730004,4.581,9.827084478456749e-06
4261,741.1743584470005,5.622,9.816329636296245e-06
4262,741.3501363710002,5.4789,9.8055355985185e-06
4263,741.5249686970001,5.287,9.794682897407393e-06
4264,741.6986513880001,3.0805,9.783894391172832e-06
4265,741.8733632929998,4.4246,9.773172820370385e-06
4266,742.0471302189999,5.1291,9.762387340864126e-06
4267,742.2211884290009,4.399,9.751657243518541e-06
4268,742.3959270230007,3.9681,9.74085284567901e-06
4269,742.5699683309995,4.6029,9.730125467777711e-06
4270,742.7448317649996,3.8825,9.719389397160505e-06
4271,742.9183330010001,5.107,9.70859102358022e-06
4272,743.0914554200008,3.4104,9.697882739999975e-06
4273,743.2644666329998,3.3047,9.687195144012356e-06
4274,743.4386133000007,4.4235,9.676515572654255e-06
4275,743.6136655690007,5.1773,9.665773665061733e-06
4276,743.7891314520002,4.7082,9.654962165555553e-06
4277,743.9635979690011,4.5855,9.644135340185139e-06
4278,744.1381840230006,4.5598,9.633359919691292e-06
4279,744.3124154649995,5.4111,9.622583516604861e-06
4280,744.4870639050005,4.8083,9.611827124382655e-06
4281,744.6621658580007,4.9793,9.601043420432038e-06
4282,744.835818507001,4.3156,9.590235071728326e-06
4283,745.0103024609998,4.6234,9.579516845061658e-06
4284,745.1848953000008,4.7145,9.568749480432071e-06
4285,745.3597095180012,4.7179,9.557969807160422e-06
4286,745.5340505730001,4.1346,9.5471814540741e-06
4287,745.7086163130007,5.5233,9.53641680456791e-06
4288,745.8831446010008,4.7684,9.52564317814814e-06
4289,746.0581778770011,4.2218,9.514872306543132e-06
4290,746.2320968759996,5.0038,9.50406549339502e-06
4291,746.4060019299995,4.6701,9.493329534567847e-06
4292,746.5801472359999,5.2655,9.482586414691313e-06
4293,746.7544375279995,5.5927,9.471840075864209e-06
4294,746.9293215279995,5.4528,9.461087964567877e-06
4295,747.1040025029997,5.1611,9.450284903580243e-06
4296,747.2785051770006,4.8142,9.439500979197524e-06
4297,747.4527462580008,5.3515,9.428735061049304e-06
4298,747.6270209499999,4.9276,9.417977506728325e-06
4299,747.8030501550002,5.1129,9.407218046357969e-06
4300,747.9765203660008,3.9629,9.396369099814805e-06
4301,748.1503169509997,4.3456,9.385647385864183e-06
4302,748.3249250610006,5.4589,9.37491830586421e-06
4303,748.4991109910006,5.2317,9.364135604197527e-06
4304,748.6733850260007,4.3916,9.35339386049382e-06
4305,748.8479867290007,5.0688,9.342630733148166e-06
4306,749.0223666420006,4.8914,9.331763755308654e-06
4307,749.1961929970003,4.0839,9.321090661604915e-06
4308,749.3706675789999,4.8196,9.310362897654329e-06
4309,749.5449528709996,4.2507,9.299585941481482e-06
4310,749.719483805,3.9093,9.288832045308649e-06
4311,749.8937478730004,4.9877,9.278055496296262e-06
4312,750.0686207899998,4.8699,9.267299251234562e-06
4313,750.2442210999998,4.6465,9.256513150123485e-06
4314,750.4186666630012,5.1208,9.245666634074096e-06
4315,750.5932314319998,5.2527,9.234896608641963e-06
4316,750.7676002480002,4.9221,9.224126437592545e-06
4317,750.9421330759997,5.1844,9.213360443641978e-06
4318,751.1161081570008,5.5525,9.20258954320981e-06
4319,751.2902031190006,4.8937,9.191848169382666e-06
4320,751.4644825079995,5.0208,9.181095842530812e-06
4321,751.6384332590005,4.133,9.17034585067894e-06
4322,751.813329255001,5.7432,9.159605946975313e-06
4323,751.9890800640005,5.1382,9.148804327530824e-06
4324,752.1636889609999,5.9504,9.137954729691317e-06
4325,752.3380392220006,5.1347,9.127186933394988e-06
4326,752.5117872400006,2.4085,9.116383748086388e-06
4327,752.6862804230004,5.1305,9.10569633370364e-06
4328,752.8613706930009,5.3049,9.094924233642004e-06
4329,753.0354616759996,6.1243,9.084108822036997e-06
4330,753.2127827160002,4.2244,9.073372015246929e-06
4331,753.386649131,4.7809,9.062417911172816e-06
4332,753.5605158729995,4.0413,9.051689195987673e-06
4333,753.7346918439998,3.9124,9.040952118271596e-06
4334,753.9100353590002,4.5683,9.030205913086432e-06
4335,754.0841932189996,4.3602,9.019382159506195e-06
4336,754.2585875960012,4.9795,9.008634194259246e-06
4337,754.433053787001,5.1998,8.997864351234586e-06
4338,754.6079098440005,5.1183,8.987094008086421e-06
4339,754.782158942,6.0038,8.976303712592604e-06
4340,754.9559447850006,4.1534,8.96554896722221e-06
4341,755.1305684990002,4.969,8.954813007098722e-06
4342,755.3046906470008,5.1711,8.944037013888878e-06
4343,755.479215288,3.9361,8.933292506604901e-06
4344,755.6537190210001,5.4223,8.922520430246944e-06
4345,755.8285690169996,5.2689,8.91173969888892e-06
4346,756.0036452820004,4.876,8.900956474691368e-06
4347,756.1778773360002,4.9225,8.89014828024694e-06
4348,756.3521504510009,5.2179,8.879392953950616e-06
4349,756.5257889410004,5.0956,8.86863689777772e-06
4350,756.7000999070005,4.9418,8.857914211728396e-06
4351,756.874461286001,3.8855,8.847147347592615e-06
4352,757.0486047630002,4.0931,8.836388780987641e-06
4353,757.2225888699995,4.8817,8.825637236111139e-06
4354,757.3960957180007,4.3734,8.814905110925847e-06
4355,757.570289614001,5.278,8.804196720740698e-06
4356,757.7442991560001,4.844,8.793445436913539e-06
4357,757.9213292029999,4.0894,8.782699267716071e-06
4358,758.0951978100002,5.2624,8.771773999135769e-06
4359,758.2690182309998,5.2895,8.76103581438274e-06
4360,758.4437786850012,3.848,8.75030977314818e-06
4361,758.6178997460011,4.4613,8.739521922715999e-06
4362,758.7919854390002,5.017,8.72877367351852e-06
4363,758.966137458001,4.7106,8.718025253827162e-06
4364,759.1408232360009,5.3199,8.707278883703674e-06
4365,759.3157942380003,5.119,8.696496266419685e-06
4366,759.4909298849998,5.0196,8.685690180123452e-06
4367,759.6651969300001,4.5958,8.67482609876541e-06
4368,759.8394428949996,6.082,8.664129914197566e-06
4369,760.0141144030003,4.9042,8.65336516271602e-06
4370,760.1883182580004,5.0765,8.642587961419763e-06
4371,760.3625670490001,5.5154,8.631829450802492e-06
4372,760.5369368320007,4.9062,8.621079336543192e-06
4373,760.7121911859995,5.1165,8.610311340246846e-06
4374,760.8864765819999,5.164,8.599489116975317e-06
4375,761.0601918550001,4.7289,8.588736745679043e-06
4376,761.234540671001,4.8586,8.578016310740717e-06
4377,761.4085104120004,5.4783,8.567256696049319e-06
4378,761.5822607400005,5.2113,8.5565087815432e-06
4379,761.7555568999996,4.5335,8.54579453746906e-06
4380,761.9288112049999,5.062,8.535096112962965e-06
4381,762.1023061360011,5.3956,8.524404319876472e-06
4382,762.276657466,3.7982,8.513681811419688e-06
4383,762.45078302,5.0484,8.502929008518552e-06
4384,762.624939237001,4.6362,8.492178018086411e-06
4385,762.7990962100012,5.4686,8.48142383746911e-06
4386,762.9721417649998,5.7971,8.470673858395079e-06
4387,763.1457409590002,4.4331,8.459988792222212e-06
4388,763.3203251960003,3.9551,8.449278876851841e-06
4389,763.4943524970004,6.1838,8.438437449691311e-06
4390,763.667721236001,4.9032,8.4277667732098e-06
4391,763.8416635730009,4.8662,8.41705056104931e-06
4392,764.0155274850003,4.3768,8.406318954197511e-06
4393,764.1897356310001,4.7245,8.395588273765441e-06
4394,764.3636142430005,5.181,8.384835488580244e-06
4395,764.5374907050009,3.6682,8.374101153641939e-06
4396,764.7110052099997,3.9809,8.363372353271615e-06
4397,764.8849105299996,5.1262,8.352654491666694e-06
4398,765.0584075679999,4.4431,8.341918833703732e-06
4399,765.2319886990008,5.5424,8.331211590370296e-06
4400,765.4063891630012,5.4817,8.32050225104939e-06
4401,765.5815146530003,5.0943,8.309731047962982e-06
4402,765.7553989919998,5.362,8.298922236234507e-06
4403,765.9299332490009,5.5857,8.288194582345693e-06
4404,766.103717078,5.4931,8.277410328024687e-06
4405,766.2777745200001,4.3888,8.266684101296317e-06
4406,766.451938092001,5.5882,8.255938634691368e-06
4407,766.6262226390008,4.7899,8.245194785308574e-06
4408,766.8005125380005,4.5754,8.23443754956787e-06
4409,766.9750710200005,4.2782,8.223673171172846e-06
4410,767.1496880369996,5.6073,8.21289969129625e-06
4411,767.3243679660009,3.8871,8.202124804876554e-06
4412,767.4983060940012,5.3219,8.191337821975331e-06
4413,767.671590815,5.0123,8.18060235006175e-06
4414,767.8451530120001,5.8552,8.169899040864198e-06
4415,768.019975575,4.378,8.159186698950615e-06
4416,768.1939966549999,4.9293,8.14839371518516e-06
4417,768.3678791500006,5.4678,8.137660264444463e-06
4418,768.5419228730007,4.8684,8.126921126357967e-06
4419,768.7157158509999,3.6363,8.116178589321012e-06
4420,768.8898870350004,4.9218,8.105450281172811e-06
4421,769.0633239409999,4.9461,8.094702876049404e-06
4422,769.2371083760008,4.4522,8.083997330432107e-06
4423,769.4106000810007,4.7464,8.073269730123428e-06
4424,769.5843875749997,3.7404,8.062562954691327e-06
4425,769.7596353320005,6.0806,8.051838461358018e-06
4426,769.9333045260009,4.7632,8.041009314567843e-06
4427,770.1071470269999,4.9656,8.030295231419699e-06
4428,770.2812124550001,4.7762,8.019567050493753e-06
4429,770.4549573960012,4.9088,8.008814432715994e-06
4430,770.6283929800011,4.7513,7.998095436234599e-06
4431,770.8029631709996,4.176,7.987390981049353e-06
4432,770.9768406540006,4.9074,7.976614068271532e-06
4433,771.150605107001,4.863,7.965880150987676e-06
4434,771.3245538179999,4.4806,7.955149478827178e-06
4435,771.4990685720004,5.3599,7.944411898703646e-06
4436,771.6726426000005,4.2384,7.9336351354938e-06
4437,771.8469322910005,5.1455,7.922924191234526e-06
4438,772.020415631001,5.3292,7.91216822648146e-06
4439,772.1942278200004,6.1159,7.90146088203702e-06
4440,772.3676614329997,4.6919,7.890729241543237e-06
4441,772.5420028099998,4.7196,7.88002662000003e-06
4442,772.7166806990008,4.4001,7.869260624753045e-06
4443,772.8908889900013,4.8129,7.858482488024638e-06
4444,773.0657633170013,4.8937,7.847729529938214e-06
4445,773.2397399250003,5.388,7.83692686308639e-06
4446,773.4158521339996,5.4679,7.826181003580179e-06
4447,773.5901093610009,5.4333,7.815318114876557e-06
4448,773.764970047001,5.2241,7.804558525185152e-06
4449,773.9393730350002,3.3567,7.79377001413577e-06
4450,774.1144295400009,5.0634,7.783003509567933e-06
4451,774.2887481680009,4.7395,7.772196168395041e-06
4452,774.4626681059999,3.7441,7.761435643086445e-06
4453,774.6363545140011,5.3115,7.750699099999985e-06
4454,774.8099321259997,4.1304,7.739983721049377e-06
4455,774.9836470490009,5.7696,7.729268429135722e-06
4456,775.1582841670006,5.0221,7.718509456728361e-06
4457,775.3320689310003,5.4689,7.707698563641924e-06
4458,775.5053221360013,3.5151,7.697037318518519e-06
4459,775.6787517450011,4.5853,7.686333283827146e-06
4460,775.852703591001,4.8359,7.675636025740706e-06
4461,776.0263167249996,4.959,7.664891672962927e-06
4462,776.2008942419998,5.4391,7.654182483148126e-06
4463,776.3741302979997,4.4862,7.643405437098788e-06
4464,776.5480072280006,4.2307,7.63271396228391e-06
4465,776.722131030001,5.5339,7.621978081357989e-06
4466,776.896079776001,4.9363,7.611230692901239e-06
4467,777.0712808950011,4.5902,7.600486665061662e-06
4468,777.2455556559999,3.6306,7.589678945617234e-06
4469,777.4190327680008,4.4372,7.5789164186419455e-06
4470,777.5922928190012,4.6111,7.568212754753023e-06
4471,777.7662946510009,4.7326,7.557509025617282e-06
4472,777.9400126929995,3.4873,7.546782422962984e-06
4473,778.1139779010009,5.5737,7.536055717715995e-06
4474,778.2889940570003,4.7688,7.525314393395005e-06
4475,778.4644053770007,4.9281,7.5144520666049435e-06
4476,778.6382385300003,4.2877,7.503685604999955e-06
4477,778.8120739330006,5.2888,7.492954819259285e-06
4478,778.9862412290004,4.971,7.482220471543139e-06
4479,779.1597984929995,5.4249,7.471472329197477e-06
4480,779.3333365130002,3.4084,7.460760115061727e-06
4481,779.5077267350007,5.4517,7.450046426543222e-06
4482,779.6820301490006,5.5471,7.439278026790087e-06
4483,779.8558383729996,5.8871,7.4285192897531056e-06
4484,780.0294893000009,3.9629,7.4177859501851136e-06
4485,780.2032751320003,4.2653,7.407071808641902e-06
4486,780.3774179360007,4.7273,7.396346043518482e-06
4487,780.5506275970001,5.1848,7.385597203950584e-06
4488,780.7243560269999,4.0607,7.374905037160468e-06
4489,780.8981720709999,2.9376,7.364183107716083e-06
4490,781.072699974,5.1184,7.353449013765462e-06
4491,781.246702030001,5.1141,7.34267185660496e-06
4492,781.4206155960001,4.8833,7.331933763580195e-06
4493,781.5943924990006,4.8319,7.321195239876571e-06
4494,781.7681511310002,4.8935,7.310468764938233e-06
4495,781.9423399440002,4.6292,7.299745487654247e-06
4496,782.1172122839998,3.9568,7.2889950544444755e-06
4497,782.2915643209999,5.3612,7.278197916543217e-06
4498,782.465667112001,4.2111,7.267435132345645e-06
4499,782.6401791870012,5.303,7.256691107283958e-06
4500,782.8152041100002,5.6459,7.245915751111038e-06
4501,782.9888360180012,3.8329,7.235113790493753e-06
4502,783.1625936150012,4.288,7.224386526419758e-06
4503,783.3360135889998,3.3909,7.213669840678977e-06
4504,783.5118277220008,5.4625,7.202960917901252e-06
4505,783.6856929050009,4.4472,7.192109212037057e-06
4506,783.8594309159998,4.256,7.181374169320993e-06
4507,784.034722892,5.6812,7.170650360370324e-06
4508,784.208510769,2.0596,7.159832409444428e-06
4509,784.3826628660008,3.8023,7.149106649135822e-06
4510,784.5567250519998,5.6606,7.138355911666611e-06
4511,784.7307763879999,2.9183,7.12761000851846e-06
4512,784.9055042380005,3.6986,7.116867696172841e-06
4513,785.0794545230001,4.6009,7.106076870493806e-06
4514,785.2534715900001,4.3806,7.095348299197457e-06
4515,785.4290579360004,4.8646,7.0846031604321125e-06
4516,785.6033020499999,3.3893,7.07375779401232e-06
4517,785.7770585850012,5.0586,7.063002831419785e-06
4518,785.9512497610012,4.0597,7.052279316049404e-06
4519,786.1261249020008,5.5958,7.0415291157406694e-06
4520,786.3006785580001,4.7583,7.030735855246856e-06
4521,786.4750232179995,5.4141,7.019953484506103e-06
4522,786.6494405360008,6.1712,7.009198088518459e-06
4523,786.823549697001,3.9371,6.998428069876545e-06
4524,786.9982323679997,4.0736,6.987686681111117e-06
4525,787.1722100389998,4.0354,6.976897087098772e-06
4526,787.3462705740003,5.0735,6.966157562839481e-06
4527,787.5206684879995,4.6362,6.955417547345705e-06
4528,787.6966363390002,5.1515,6.944649639012318e-06
4529,787.8707117760005,5.2756,6.9337184782098445e-06
4530,788.0448637190002,5.0525,6.923048308765456e-06
4531,788.2193551720011,6.0239,6.912292257839448e-06
4532,788.3931144920007,3.0899,6.901524657592567e-06
4533,788.5684134319999,5.163,6.890799244567886e-06
4534,788.7425020669998,5.6226,6.879944277716055e-06
4535,788.9162374000007,4.5695,6.869230690432055e-06
4536,789.0900729349996,5.2291,6.858500465370393e-06
4537,789.2643100140012,5.2551,6.847774424320985e-06
4538,789.4385011169998,5.9823,6.8370156414197525e-06
4539,789.6123963570008,4.6264,6.826262180370296e-06
4540,789.7860869960004,5.1411,6.815529795061659e-06
4541,789.9606216230004,5.3875,6.804817895679011e-06
4542,790.1348913029997,5.6462,6.794035395185145e-06
4543,790.3093265930002,4.4095,6.78328189833326e-06
4544,790.4831772990001,3.5835,6.7725095207406665e-06
4545,790.6578116420005,5.1254,6.7617815025925955e-06
4546,790.8314333710005,4.0327,6.7510004687036276e-06
4547,791.0059021720008,5.5504,6.740278121851812e-06
4548,791.1803647750003,4.8742,6.729512426543155e-06
4549,791.3542942000004,5.5068,6.718736031357986e-06
4550,791.5284904929995,4.6043,6.708005739012352e-06
4551,791.7018741000011,4.3304,6.697256973703692e-06
4552,791.8755732059999,3.3461,6.686551957222215e-06
4553,792.0499671489997,5.0834,6.675829476419687e-06
4554,792.2243298009998,4.7382,6.66506473499996e-06
4555,792.3986794249995,4.8916,6.654295418888923e-06
4556,792.5719010169996,5.335,6.6435400038271475e-06
4557,792.7456544830002,3.0168,6.6328470768518334e-06
4558,792.919649458001,4.403,6.6221203741974655e-06
4559,793.094135364001,4.5282,6.611375841481432e-06
4560,793.2680941440012,5.0651,6.600615542839467e-06
4561,793.4418753940008,4.6977,6.589870638456741e-06
4562,793.6161278130003,5.3793,6.5791455779629866e-06
4563,793.7904185290008,5.3945,6.568389931049346e-06
4564,793.9639868659997,4.5818,6.557628890987638e-06
4565,794.1382374510013,4.7976,6.546918343888869e-06
4566,794.3118436929999,5.5045,6.536161913765437e-06
4567,794.4863305769995,4.8304,6.525446404567887e-06
4568,794.660717955001,5.714,6.514674373086416e-06
4569,794.8350739580001,4.3195,6.5039051316666765e-06
4570,795.0091811540005,4.0232,6.493146218394996e-06
4571,795.1829408209996,4.3381,6.482398489506186e-06
4572,795.3569145350011,4.6491,6.471672452839533e-06
4573,795.5308897129999,4.2474,6.46093280481474e-06
4574,795.7042262180003,5.7484,6.4501944500616586e-06
4575,795.8781043380004,4.8326,6.439491536666648e-06
4576,796.0521867450007,5.2368,6.428758123024692e-06
4577,796.2259986950012,5.6987,6.418013788827099e-06
4578,796.3996129110001,3.3357,6.407285537407342e-06
4579,796.5734431609999,4.7871,6.39656617691361e-06
4580,796.7479688519998,3.7879,6.385839448456765e-06
4581,796.9221219660012,5.1286,6.37506452475306e-06
4582,797.0965625789995,4.7535,6.364316131975339e-06
4583,797.2717492030006,4.2172,6.353513110987613e-06
4584,797.446818204,4.8421,6.342730653086393e-06
4585,797.6201693980001,4.6931,6.331928173580265e-06
4586,797.7942491530011,5.8632,6.321218979382709e-06
4587,797.968357152,4.2807,6.310476006481419e-06
4588,798.1420954780006,5.1799,6.299732129691282e-06
4589,798.3157797189997,4.6817,6.289003915061708e-06
4590,798.4897515110006,4.9163,6.278288789753112e-06
4591,798.664914934001,5.1489,6.26754875080246e-06
4592,798.8388804000006,4.6491,6.256736426296328e-06
4593,799.0131893130001,5.2634,6.245998152345678e-06
4594,799.1868457560013,3.7142,6.235238363148072e-06
4595,799.3605705450009,3.6143,6.2245119236419566e-06
4596,799.534281092001,5.0653,6.213791297469124e-06
4597,799.7084433340005,4.3154,6.203066594876466e-06
4598,799.882590139001,5.0343,6.192322596543143e-06
4599,800.056534841,4.1368,6.1815745737037355e-06
4600,800.2300506410011,5.0402,6.170834035678979e-06
4601,800.4045907110012,5.2119,6.160122077345693e-06
4602,800.578692735,4.5811,6.149348482407353e-06
4603,800.752687436001,4.8824,6.138602523703668e-06
4604,800.9264161780011,4.6056,6.127858830123384e-06
4605,801.1005319489996,3.961,6.117140393703658e-06
4606,801.2742953079996,3.8675,6.10639223814809e-06
4607,801.448785343,5.5746,6.095665687962987e-06
4608,801.6230989939995,4.6201,6.084895297345711e-06
4609,801.7971883810005,4.3623,6.0741347854320676e-06
4610,801.9710450780003,5.2383,6.063386492160472e-06
4611,802.1448067420006,4.0386,6.052657978765369e-06
4612,802.3192224499999,4.4647,6.0419291847530865e-06
4613,802.4933617620009,4.8401,6.031164062530848e-06
4614,802.6667057150007,5.5852,6.020408777962927e-06
4615,802.8403974960002,4.8709,6.009709046049333e-06
4616,803.0144110170004,5.1098,5.998986079999936e-06
4617,803.188056164001,4.3633,5.988246663580216e-06
4618,803.3621738010006,5.7489,5.9775297737654445e-06
4619,803.5364410439997,4.912,5.9667874714814164e-06
4620,803.7108415109997,5.271,5.956024139814747e-06
4621,803.8850645319999,5.3216,5.9452602941974525e-06
4622,804.0590838589997,4.1414,5.934505936913615e-06
4623,804.2337253200003,4.6545,5.923762557037022e-06
4624,804.4081345880004,4.8057,5.91298583895058e-06
4625,804.5821732599998,4.8795,5.9022148561728715e-06
4626,804.7558702019996,4.8946,5.891474854999929e-06
4627,804.9299887380002,5.3444,5.880749299691318e-06
4628,805.1039065919995,4.4048,5.8699966485184835e-06
4629,805.2778047810007,4.5033,5.859261580740672e-06
4630,805.4515528720003,4.6674,5.84853779981479e-06
4631,805.6257738229997,4.3,5.837803329321018e-06
4632,805.8002457840012,5.0665,5.82705362129628e-06
4633,805.974207311001,5.0977,5.81628829876536e-06
4634,806.1477568949995,5.2761,5.805541943703663e-06
4635,806.320921261,4.5754,5.794831548271557e-06
4636,806.4946481850002,4.8407,5.7841449879011914e-06
4637,806.6691611589995,5.2181,5.773421340925917e-06
4638,806.8435466070005,4.8333,5.762643081234498e-06
4639,807.0176896339999,4.9814,5.751880452901193e-06
4640,807.1920202390011,5.7959,5.741129204999973e-06
4641,807.3662172839995,4.5466,5.7303713032098024e-06
4642,807.5402282880004,4.368,5.719621244259227e-06
4643,807.7152021849997,4.8237,5.7088816314197544e-06
4644,807.8890762720002,5.2654,5.698079571975318e-06
4645,808.0636187239998,5.1748,5.687335686851852e-06
4646,808.2378234219996,4.4464,5.676568977283908e-06
4647,808.412106107,5.2087,5.665815609444408e-06
4648,808.5861951370007,4.915,5.655053961666645e-06
4649,808.7620239070002,4.0163,5.644309084999927e-06
4650,808.935912936,5.6701,5.633459620925868e-06
4651,809.1099876730004,4.4124,5.62272690543203e-06
4652,809.2837234180006,4.2079,5.611977928024709e-06
4653,809.4576509920007,4.7984,5.601254215000018e-06
4654,809.6320830200002,4.3738,5.590522701666623e-06
4655,809.8063895220002,4.3434,5.579750823827107e-06
4656,809.9812897510001,4.5979,5.568990780370376e-06
4657,810.1547938889998,3.977,5.5581691182098105e-06
4658,810.3294629330012,4.7228,5.547484750802401e-06
4659,810.5021401840004,4.2676,5.5366981732716095e-06
4660,810.6758072060002,4.1271,5.526043659567876e-06
4661,810.8497869290004,4.1712,5.515323702160524e-06
4662,811.0241431610011,5.1241,5.504580554259203e-06
4663,811.198698745,4.8311,5.4938259617283826e-06
4664,811.3719133070008,4.8251,5.483044310987656e-06
4665,811.5460603810006,4.9074,5.472352627283961e-06
4666,811.7201028159998,5.2676,5.461601545061684e-06
4667,811.8942194320007,4.8474,5.450855603395089e-06
4668,812.0680868990003,4.3497,5.440115336666651e-06
4669,812.2419648949999,3.924,5.429385791666625e-06
4670,812.4161514820007,4.9467,5.418650648456785e-06
4671,812.5897780570012,3.3226,5.407896242530814e-06
4672,812.7632017800006,3.6533,5.397176487407435e-06
4673,812.9374150309995,5.1658,5.386474661419677e-06
4674,813.1109764360008,5.278,5.375717524753043e-06
4675,813.2851279480001,4.6629,5.364998004320959e-06
4676,813.4591501049999,5.2396,5.354258361604919e-06
4677,813.633086236001,5.1886,5.343514528765381e-06
4678,813.8084882519997,5.3681,5.332772877345632e-06
4679,813.9830182429996,4.6048,5.321951448703672e-06
4680,814.1571742460001,5.2169,5.311171650000013e-06
4681,814.3316529479998,5.412,5.300422994753007e-06
4682,814.5052742549997,5.4036,5.289650136543217e-06
4683,814.679045764,4.6008,5.278930223703693e-06
4684,814.8534686439998,4.5401,5.268209881357989e-06
4685,815.0274950889998,4.5042,5.257438705061701e-06
4686,815.2017785970002,3.8109,5.246690936358023e-06
4687,815.3762560690011,5.7166,5.23593937283946e-06
4688,815.5503939360005,4.0047,5.225174437901159e-06
4689,815.7252867400002,5.0996,5.214419902592599e-06
4690,815.8997652409998,5.7101,5.203626177962978e-06
4691,816.073256646001,4.8236,5.192851459691334e-06
4692,816.2475622940001,4.2052,5.182121151728331e-06
4693,816.4211570110001,5.1144,5.171378040555552e-06
4694,816.59502952,4.7852,5.160667415123466e-06
4695,816.769133197,4.8744,5.149938972901263e-06
4696,816.9450314490005,5.1822,5.139191499197466e-06
4697,817.119656922001,4.5875,5.128332335432023e-06
4698,817.2933020420005,4.1395,5.117552076851806e-06
4699,817.4669312540009,4.3369,5.106829405617253e-06
4700,817.6412619060011,4.5812,5.096118922901166e-06
4701,817.816032992001,5.2564,5.085353494320916e-06
4702,817.9898591649999,5.2258,5.074565890740757e-06
4703,818.1637299860013,3.5561,5.063838558641948e-06
4704,818.3376763810011,5.6333,5.0531035875308495e-06
4705,818.5119909090008,4.3924,5.042365642716002e-06
4706,818.6867939149997,4.2311,5.031608720925907e-06
4707,818.8618632320013,5.2699,5.020814533333273e-06
4708,819.0363917180002,4.9321,5.010008580000003e-06
4709,819.2102398139996,4.1746,4.9992355550617545e-06
4710,819.3855085819996,4.837,4.988497072345688e-06
4711,819.5598908219999,5.1728,4.97768391234561e-06
4712,819.7341728390002,2.9803,4.966920087036997e-06
4713,819.9089325210007,5.5241,4.956166470185142e-06
4714,820.084411318001,5.6438,4.9453725839505474e-06
4715,820.258601644,5.9215,4.934537302716075e-06
4716,820.432305399001,4.3154,4.923789097962905e-06
4717,820.6064137579997,4.9626,4.913069723271618e-06
4718,820.7808951420011,3.1999,4.902320733271615e-06
4719,820.9552768820013,4.2658,4.891551388086385e-06
4720,821.1291267340002,4.7922,4.880783862592558e-06
4721,821.3033486929999,4.5246,4.870058774197528e-06
4722,821.4778585460008,4.5946,4.859295889074006e-06
4723,821.6517010620009,5.2422,4.848525310000002e-06
4724,821.8253284809998,5.0211,4.837794524197464e-06
4725,821.9998851820001,5.0914,4.827073728209841e-06
4726,822.1749700119999,4.6407,4.816301773024651e-06
4727,822.349121878,4.4014,4.805498866975272e-06
4728,822.5235478739996,4.5222,4.79474580487656e-06
4729,822.6972929300009,3.7304,4.783977585370342e-06
4730,822.8717263620001,3.5226,4.773254303703717e-06
4731,823.0452359070005,5.6265,4.762487046851833e-06
4732,823.2188259070008,3.8735,4.751774446790086e-06
4733,823.3930574740007,5.3092,4.741062250308642e-06
4734,823.5677712979996,5.6581,4.730307065925937e-06
4735,823.7420231449996,5.3449,4.719523313024632e-06
4736,823.9159062380004,4.3463,4.708763280123429e-06
4737,824.0899990880007,4.4256,4.698031388950564e-06
4738,824.2638978209998,5.2446,4.6872850493209716e-06
4739,824.437371510001,4.6082,4.676550215000008e-06
4740,824.6116849940008,5.3018,4.665842612592563e-06
4741,824.7860648719998,5.7657,4.655081303456732e-06
4742,824.9597840549995,4.8394,4.6443230892592835e-06
4743,825.1341247680011,5.5528,4.63359244592595e-06
4744,825.3081201690002,5.1203,4.622832318827147e-06
4745,825.4819391550009,4.5769,4.61209173555548e-06
4746,825.6558291710007,4.8337,4.601364749135734e-06
4747,825.829922723,4.3851,4.59063074370365e-06
4748,826.0048155540007,4.5023,4.579877676913519e-06
4749,826.178936612001,4.821,4.569088212345623e-06
4750,826.3533319630005,5.4443,4.55834604746907e-06
4751,826.5270918500009,5.0255,4.547573738641908e-06
4752,826.701545760001,4.2477,4.536848894938234e-06
4753,826.8761550870004,5.8769,4.526082409259252e-06
4754,827.05177817,5.6596,4.515305467222203e-06
4755,827.2254124480005,4.8412,4.504463223580207e-06
4756,827.3990991270002,3.9775,4.493737304814833e-06
4757,827.5739386500009,5.062,4.4830222625308675e-06
4758,827.7479926760006,4.3358,4.472230230061719e-06
4759,827.9221082519998,4.8595,4.461483136666611e-06
4760,828.0962431650005,5.0489,4.450737704876556e-06
4761,828.2699878620006,4.5541,4.439980684629619e-06
4762,828.443522032001,4.8786,4.4292613986419155e-06
4763,828.6173897549997,4.4898,4.4185482826542505e-06
4764,828.7913590330008,5.1634,4.407818083580223e-06
4765,828.9666116259996,4.713,4.397078950185146e-06
4766,829.1410226090011,5.4581,4.386264495555514e-06
4767,829.3148487010003,5.4013,4.375494862098756e-06
4768,829.4893655169999,5.4377,4.364766110061674e-06
4769,829.6629117280008,5.2043,4.35399138030862e-06
4770,829.8370016400004,4.1481,4.343278706790127e-06
4771,830.0115145239997,4.5095,4.332534871913552e-06
4772,830.1861419659999,4.9724,4.3217580764814305e-06
4773,830.3609430199995,6.0982,4.31097836228398e-06
4774,830.5346048160009,4.083,4.3001881414814595e-06
4775,830.7085894780012,4.3267,4.289468455000012e-06
4776,830.8829928550003,5.5293,4.27873257407409e-06
4777,831.0570071210004,5.1255,4.267964077592601e-06
4778,831.2308860190005,4.979,4.257219214012276e-06
4779,831.4054345719996,4.1418,4.24649383833336e-06
4780,831.5805643210006,4.7752,4.2357150956790385e-06
4781,831.7543458250002,5.4335,4.224901443148166e-06
4782,831.9287310210002,4.5314,4.2141813431481046e-06
4783,832.1028067380012,5.6022,4.203415158209833e-06
4784,832.2775654060006,5.7889,4.192661359814753e-06
4785,832.452078888,5.0914,4.181878352592544e-06
4786,832.626696098001,3.7652,4.171110635370384e-06
4787,832.8000947279997,3.854,4.160333806481436e-06
4788,832.9745447610003,5.0203,4.149625222716069e-06
4789,833.1479485340005,2.088,4.1388511495061285e-06
4790,833.3215121060002,5.0557,4.1281540997530396e-06
4791,833.4954525249996,5.0873,4.1174333705555624e-06
4792,833.6701679420003,5.568,4.106703968518449e-06
4793,833.8448132089998,5.0014,4.09591856592591e-06
4794,834.0198330639996,4.6972,4.085116108395082e-06
4795,834.1942464120002,5.0691,4.074334199876495e-06
4796,834.3687628530006,4.7097,4.063557346172825e-06
4797,834.5431665779997,5.2046,4.052794385123448e-06
4798,834.7169479969998,3.5943,4.042025531419729e-06
4799,834.890804820001,4.6402,4.031300310740715e-06
4800,835.065543349001,4.3248,4.0205670883950275e-06
4801,835.2394144850005,4.8089,4.0097796067283645e-06
4802,835.4130702769999,5.0082,3.999046475061652e-06
4803,835.5873054950007,5.7536,3.988338003086434e-06
4804,835.7618321509999,5.0003,3.977571843024635e-06
4805,835.9361524560009,4.2947,3.966795645432125e-06
4806,836.1098520340001,5.2142,3.956045490555577e-06
4807,836.2838686079995,4.6703,3.945322284444381e-06
4808,836.4586442279997,5.564,3.934579682222256e-06
4809,836.6325682269999,5.5878,3.9237902401851264e-06
4810,836.8066684599999,4.8778,3.913056076975252e-06
4811,836.9809370920011,4.1606,3.902304005061724e-06
4812,837.1556203630007,5.0439,3.891545284691289e-06
4813,837.3300042999999,5.255,3.880771072962946e-06
4814,837.5038808190002,5.069,3.870005653580272e-06
4815,837.6782047310007,4.896,3.8592706282716e-06
4816,837.8522149140008,4.7388,3.848514275925908e-06
4817,838.0262653350001,3.4616,3.83776629351848e-06
4818,838.2005049529998,4.2465,3.827022134012365e-06
4819,838.3741272900006,5.6016,3.81625822432094e-06
4820,838.5481933760002,5.3301,3.8055530022222564e-06
4821,838.7222512120006,4.4595,3.794805210555513e-06
4822,838.8966543320003,5.744,3.7840569986419273e-06
4823,839.07121826,4.4969,3.7732967070987335e-06
4824,839.2453944000008,4.995,3.7625163464197643e-06
4825,839.4187775610008,4.7069,3.7517720712963224e-06
4826,839.5923961870012,4.8663,3.7410662350000293e-06
4827,839.7660657329998,4.3551,3.730346739938245e-06
4828,839.9401281890005,4.4927,3.71963005339509e-06
4829,840.1140428449999,3.8694,3.708884708024657e-06
4830,840.2879031379998,5.7683,3.6981529396296454e-06
4831,840.462909494001,4.992,3.6874126395061325e-06
4832,840.637033002,3.3731,3.676616083456802e-06
4833,840.8114066239996,5.7256,3.66586205388883e-06
4834,840.9864280300008,3.8095,3.6550946711111144e-06
4835,841.1598554960001,4.3606,3.6442935256172318e-06
4836,841.3344068759998,4.7518,3.633596696481506e-06
4837,841.5084535750011,5.1933,3.622817266975326e-06
4838,841.6825142329999,5.3357,3.6120672730864057e-06
4839,841.8561134290012,4.5697,3.601330403518527e-06
4840,842.0303223430001,4.2421,3.590609764876518e-06
4841,842.2043585219999,3.7738,3.579856674753018e-06
4842,842.377720425,4.937,3.5691112008641335e-06
4843,842.5519115250008,5.9247,3.5584162328394343e-06
4844,842.726531802,4.6248,3.5476621995061523e-06
4845,842.9001748709998,5.0283,3.536883128765428e-06
4846,843.073930247001,4.3997,3.5261660454938284e-06
4847,843.24729768,3.4467,3.5154417518518777e-06
4848,843.4219808050002,5.1052,3.504737930061758e-06
4849,843.5961883159998,4.9637,3.49396124858023e-06
4850,843.7700145700001,4.6994,3.4831993421604813e-06
4851,843.9438237120012,4.9971,3.472477600493851e-06
4852,844.11773765,4.0419,3.46174561141972e-06
4853,844.2915951539999,3.1649,3.451005414999936e-06
4854,844.4659884040011,4.2228,3.4402747730864217e-06
4855,844.640218427001,5.1888,3.4295129305555283e-06
4856,844.8152551100011,4.4083,3.418754015432074e-06
4857,844.9893128590011,4.6622,3.4079493476542935e-06
4858,845.162598844001,4.0223,3.397202885864181e-06
4859,845.3370581300005,5.0569,3.3865093782716016e-06
4860,845.5115092430005,5.8074,3.375733870679043e-06
4861,845.6857532350004,4.6208,3.364964069629578e-06
4862,845.8599948829997,4.9974,3.3542170720370523e-06
4863,846.0347059600008,5.4478,3.3434575402468804e-06
4864,846.2098368290008,5.8136,3.332675942160507e-06
4865,846.3843864890005,5.2594,3.321868501049308e-06
4866,846.5584467299996,4.8194,3.3110899690122823e-06
4867,846.732448697001,4.2873,3.3003448578394325e-06
4868,846.9072253779996,4.6504,3.289606809074053e-06
4869,847.0811386780006,4.9287,3.278809047469061e-06
4870,847.2551341090002,4.7168,3.268080310308619e-06
4871,847.429101654001,5.5639,3.257337315432024e-06
4872,847.6029906969998,4.8907,3.246599439753034e-06
4873,847.7768245759999,4.4889,3.235866911172819e-06
4874,847.9507342680008,4.8817,3.225133580308576e-06
4875,848.1246052389997,5.4615,3.214401886481466e-06
4876,848.2982968560009,4.463,3.203670041172846e-06
4877,848.4725234220004,4.137,3.1929469033950222e-06
4878,848.647035592001,4.6714,3.18218981858025e-06
4879,848.82123383,5.565,3.171416758209883e-06
4880,848.9950368339996,6.197,3.1606643402468715e-06
4881,849.1689745519998,3.6882,3.1499400016049173e-06
4882,849.3436644909998,4.679,3.1392043658024117e-06
4883,849.5177185390003,4.992,3.128421697654316e-06
4884,849.6920281479997,4.972,3.117674215308636e-06
4885,849.8657547319999,5.5047,3.1069160640740448e-06
4886,850.0389564400011,4.6397,3.096186661604866e-06
4887,850.2131533330012,4.2378,3.0854975016666675e-06
4888,850.3871645199997,5.235,3.0747465363580254e-06
4889,850.5610984710002,4.4276,3.0640022090122956e-06
4890,850.7351501900011,5.4674,3.053270763209892e-06
4891,850.9084737060002,3.8548,3.0425256274691173e-06
4892,851.0825248199999,5.011,3.031825260123461e-06
4893,851.2561394790009,3.9803,3.0210813403086125e-06
4894,851.4295204940008,4.5764,3.010374366049401e-06
4895,851.6033583570006,5.7873,2.999662568395084e-06
4896,851.7769595829996,4.7883,2.988928022469162e-06
4897,851.9513481409995,4.7786,2.9782196466666078e-06
4898,852.1256038160009,4.6869,2.967446584876532e-06
4899,852.3000719740012,5.0685,2.9566961035184417e-06
4900,852.4742395289995,4.972,2.9459272798765482e-06
4901,852.6481953040002,4.5321,2.9351813362345548e-06
4902,852.8223558490008,5.1065,2.9244374812345597e-06
4903,852.9957444709999,3.5036,2.9136816947531178e-06
4904,853.1694069950008,2.9099,2.902982936049381e-06
4905,853.3430826490003,4.6266,2.8922640890123365e-06
4906,853.5176300620005,4.8504,2.8815484471604924e-06
4907,853.6913519360005,5.4706,2.8707697964197034e-06
4908,853.8648281429996,4.8282,2.8600401129629252e-06
4909,854.0381638649997,5.1208,2.8493332400617354e-06
4910,854.21157451,3.3207,2.838637482654244e-06
4911,854.3850165149997,4.9479,2.8279299269135305e-06
4912,854.5585073310012,4.3633,2.8172300180863696e-06
4913,854.7316451480001,4.3012,2.806518496296279e-06
4914,854.9051353449995,4.4354,2.7958277537036783e-06
4915,855.0793881070003,3.5361,2.78511576382709e-06
4916,855.2527720470007,4.6174,2.7743577124690555e-06
4917,855.426311616,4.8938,2.7636559544444716e-06
4918,855.6003531570004,4.355,2.7529495345061164e-06
4919,855.7739352940007,4.0268,2.7421989685801784e-06
4920,855.9490278900012,5.1535,2.731494963209902e-06
4921,856.1238624569996,5.4547,2.720683102098731e-06
4922,856.2987831959999,5.0719,2.7098872971604294e-06
4923,856.4731284150002,5.1052,2.6990892865431993e-06
4924,856.6471125919998,4.669,2.688327953765446e-06
4925,856.8212128550003,3.5797,2.6775866505555135e-06
4926,856.9963414980011,3.2221,2.6668374296912824e-06
4927,857.1709756319997,5.4846,2.656027454691351e-06
4928,857.3465450439999,5.3801,2.6452468892591843e-06
4929,857.5209636750005,4.2133,2.6344187856172096e-06
4930,857.6959944070004,5.5211,2.6236445997531057e-06
4931,857.8715272770005,4.9443,2.6128420473456982e-06
4932,858.0463921390001,4.8165,2.601950331728392e-06
4933,858.2207408160011,4.6361,2.591212709691304e-06
4934,858.3957062680001,4.3993,2.5804527795678323e-06
4935,858.5708442240011,5.2217,2.5696546159258705e-06
4936,858.7449731180004,5.4428,2.5588403812962737e-06
4937,858.9188331550013,4.4861,2.548095308395071e-06
4938,859.0938563,4.2992,2.537361140802441e-06
4939,859.2679962559996,5.1615,2.5265531019136035e-06
4940,859.4422354880007,5.3484,2.5158141717901483e-06
4941,859.6160320319996,4.8285,2.505052164506194e-06
4942,859.7899838379999,3.8883,2.4943220853086202e-06
4943,859.964053261001,4.3059,2.4835893820370438e-06
4944,860.1378401359998,4.3515,2.4728401984568216e-06
4945,860.3112899919997,1.9588,2.4621127114197507e-06
4946,860.484862835001,3.6106,2.4514034843209466e-06
4947,860.658897579,4.5132,2.4406924367901207e-06
4948,860.832976013,3.0015,2.429948102530888e-06
4949,861.0064846610003,4.4339,2.419208173888915e-06
4950,861.1799218960005,5.4069,2.408494802839528e-06
4951,861.3540426740001,5.0379,2.3977822240741023e-06
4952,861.5283195539996,4.472,2.387045165678953e-06
4953,861.7020460170006,5.3299,2.3762791107407035e-06
4954,861.8759907000003,4.1327,2.3655599580246267e-06
4955,862.0506852970011,3.9206,2.3548171467900615e-06
4956,862.2244761790007,4.9382,2.3440292334567794e-06
4957,862.3988190119999,4.6514,2.3333039740740527e-06
4958,862.5725753250008,4.1581,2.3225460445061186e-06
4959,862.7473292020004,5.9067,2.3118213480247062e-06
4960,862.9218271560003,5.5359,2.3010319298147675e-06
4961,863.0957014119995,4.5583,2.290248816604873e-06
4962,863.2699670050006,4.832,2.2795256491975113e-06
4963,863.4445186520006,4.847,2.268773071851843e-06
4964,863.6186239600011,4.9895,2.2579996258641435e-06
4965,863.7929140240012,5.2199,2.2472477761110887e-06
4966,863.9669411710001,4.8564,2.236487364073997e-06
4967,864.1412982639995,4.4269,2.2257494565431526e-06
4968,864.3147809220009,3.5238,2.2149836961728342e-06
4969,864.4887102080011,4.3413,2.204282216049408e-06
4970,864.663316305001,5.5696,2.1935424270987493e-06
4971,864.8377631639996,4.9356,2.1827600554321093e-06
4972,865.0114973380005,4.9053,2.171999709320921e-06
4973,865.1854165240002,5.4919,2.1612670152469205e-06
4974,865.3594609829997,5.4121,2.1505322291357988e-06
4975,865.5333617430006,4.9316,2.13979366043206e-06
4976,865.7067940159995,5.0846,2.1290555848765604e-06
4977,865.8805059130009,4.8587,2.118353333395068e-06
4978,866.055314194,5.2296,2.1076296462962554e-06
4979,866.2309580300007,4.9532,2.0968341552469185e-06
4980,866.4048141960011,4.6157,2.0859965266666834e-06
4981,866.5786218230005,4.9495,2.0752584932715426e-06
4982,866.753010452001,4.3642,2.06453468728392e-06
4983,866.9277995760003,4.8236,2.053764074074105e-06
4984,867.1015093639999,4.5915,2.042976119938195e-06
4985,867.2752567040006,4.9385,2.0322545177777207e-06
4986,867.4505392360006,5.3656,2.021528571481496e-06
4987,867.6247932280003,3.9615,2.0107112724074062e-06
4988,867.7984958159996,5.1139,1.999959816604907e-06
4989,867.9722422340001,4.5272,1.9892297952469276e-06
4990,868.1475887390006,4.8164,1.978510681728385e-06
4991,868.3222259430004,4.6186,1.9676847914814554e-06
4992,868.4961152390006,5.0516,1.95690323802466e-06
4993,868.6705923940008,5.4506,1.9461676242592153e-06
4994,868.8443300620002,5.0797,1.935397093086383e-06
4995,869.0184661479998,5.1548,1.924673479074002e-06
4996,869.191910644,4.8666,1.913926744691369e-06
4997,869.3652801509998,4.8741,1.9032186318518053e-06
4998,869.5386613280007,4.8145,1.8925178624074225e-06
4999,869.7126719080006,5.0844,1.8818133630864209e-06
5000,869.8864461169997,3.9157,1.8710712992592193e-06
5001,870.0597262120009,5.2135,1.8603443562344947e-06
5002,870.2336813700003,4.7469,1.8496496345061232e-06
5003,870.4075685349999,4.3281,1.838909301543229e-06
5004,870.5810192480003,4.8592,1.8281787646912852e-06
5005,870.7550998019997,4.735,1.8174734487654222e-06
5006,870.9287807750006,5.7286,1.8067202013579533e-06
5007,871.1026875940006,5.1444,1.7959966749382218e-06
5008,871.2760950200009,5.0601,1.7852706274691266e-06
5009,871.4504471740001,5.1817,1.774567640617264e-06
5010,871.62429858,5.2507,1.7638035530863906e-06
5011,871.7985328630002,5.3924,1.7530637767284141e-06
5012,871.972688717,3.862,1.7423134995678324e-06
5013,872.1469811389998,5.0435,1.7315656717283524e-06
5014,872.3214371619997,5.6157,1.7208072609258885e-06
5015,872.4962000579999,5.0386,1.710039999197538e-06
5016,872.6700121230006,5.5531,1.6992454016666715e-06
5017,872.8439752619997,4.7912,1.6885218686419901e-06
5018,873.0181179709998,5.9771,1.6777819518518533e-06
5019,873.1910146200007,2.8131,1.6670349016666143e-06
5020,873.3646635730001,4.7825,1.6563651864814845e-06
5021,873.5390505939995,5.515,1.6456451756789393e-06
5022,873.7132545170007,5.8144,1.6348807641975051e-06
5023,873.8875662070004,5.0109,1.6241192930246396e-06
5024,874.0612420470006,4.27,1.6133626760493348e-06
5025,874.2354057140001,3.306,1.602641861728321e-06
5026,874.4086941309997,5.4572,1.59188986067903e-06
5027,874.5829255709996,4.872,1.5811978892592671e-06
5028,874.7565513660011,4.8028,1.5704364311727949e-06
5029,874.930034338,4.8631,1.5597222630863773e-06
5030,875.1030978140006,3.5628,1.549017697160493e-06
5031,875.2765959650005,4.7272,1.5383297543210163e-06
5032,875.4506408540001,5.0772,1.5276282561728583e-06
5033,875.624064566,3.9761,1.5168816929629737e-06
5034,875.7974109959996,4.6029,1.5061694915431968e-06
5035,875.9710680500011,2.0871,1.4954737483950098e-06
5036,876.1446107270003,5.1154,1.4847501046913347e-06
5037,876.3179443160006,5.1249,1.4740423519135293e-06
5038,876.4911873920009,5.3368,1.4633377772838964e-06
5039,876.6654572549996,4.7795,1.4526481661111257e-06
5040,876.8407059220008,4.6413,1.4418872380247194e-06
5041,877.015721789001,5.5812,1.431065974753032e-06
5042,877.1897262559996,4.9551,1.4202727520988e-06
5043,877.3637049420013,4.8444,1.4095298925925205e-06
5044,877.53895878,5.8931,1.3987890899382683e-06
5045,877.7121598249996,4.9049,1.387974305740769e-06
5046,877.8865275360004,5.4908,1.3772734585185354e-06
5047,878.0599420950002,5.0247,1.3665176695678683e-06
5048,878.2335278320006,3.9694,1.355814912530834e-06
5049,878.4069443990011,5.6469,1.345093026543226e-06
5050,878.5801882060005,4.9064,1.3343910794444636e-06
5051,878.7536411330002,3.3679,1.3236976851233817e-06
5052,878.9275971260013,5.4429,1.3129882230863755e-06
5053,879.1010953460009,4.4451,1.3022499785802223e-06
5054,879.274092697,4.4532,1.2915443188271813e-06
5055,879.4479820329998,6.1452,1.280862753148182e-06
5056,879.6212546790011,3.0999,1.2701236406790052e-06
5057,879.7951755329996,4.9223,1.2594314625308745e-06
5058,879.9689829210001,4.6892,1.2486977247530896e-06
5059,880.143497649,5.3614,1.2379705614197822e-06
5060,880.3176576490005,4.9157,1.2271969301234366e-06
5061,880.4910935930002,5.1362,1.2164466306172406e-06
5062,880.6650096490011,5.0744,1.2057387740123106e-06
5063,880.8389552219996,5.2386,1.1950045439506453e-06
5064,881.0128482380005,5.3082,1.1842696845061784e-06
5065,881.1865707220004,4.2947,1.173531142469164e-06
5066,881.3599819669998,4.9473,1.1628114264197021e-06
5067,881.533633645,4.56,1.1521076838271471e-06
5068,881.7074306560007,4.814,1.141384999814754e-06
5069,881.8814844040007,4.9404,1.1306583838889051e-06
5070,882.0549446910009,4.6246,1.1199075790123249e-06
5071,882.2283308309998,4.9148,1.1092095075926234e-06
5072,882.402305904001,4.4659,1.0984967490741015e-06
5073,882.5771620510004,5.1036,1.0877649354938235e-06
5074,882.7513546150003,5.4924,1.0769731351234602e-06
5075,882.9244447540004,4.9834,1.0662156057407168e-06
5076,883.0982317390008,5.7169,1.0555295335185012e-06
5077,883.271574628001,5.8543,1.0448046619753015e-06
5078,883.4457466550011,4.8493,1.0341031718518135e-06
5079,883.6200367189995,5.5265,1.0233579380246162e-06
5080,883.7941438550006,4.5658,1.0125919440740538e-06
5081,883.9686099740011,5.2637,1.0018502217284287e-06
5082,884.1433359410003,4.857,9.910728051852002e-07
5083,884.3175403410005,4.7007,9.802847648765768e-07
5084,884.4920379310006,4.7325,9.695399110494051e-07
5085,884.6664741639997,4.1296,9.587645578395254e-07
5086,884.8415755189999,4.1425,9.480022057407556e-07
5087,885.0157434600005,5.6186,9.371893999999825e-07
5088,885.189024913001,3.9738,9.264368698147619e-07
5089,885.3629033239995,5.2642,9.157478920370056e-07
5090,885.5367521690005,3.3468,9.050126414814119e-07
5091,885.7103444940003,3.4848,8.942799140123359e-07
5092,885.884376940001,4.0203,8.835628906790239e-07
5093,886.0582443060011,4.3616,8.728103462344983e-07
5094,886.2321502129998,4.2296,8.620879111728097e-07
5095,886.4057205950012,3.8391,8.513459744444618e-07
5096,886.580041827001,5.2105,8.406387943210192e-07
5097,886.753918714001,4.7826,8.298780692592045e-07
5098,886.9274932120006,5.5427,8.191424631481093e-07
5099,887.1007504860008,5.8011,8.084255417283971e-07
5100,887.2744930370009,5.4671,7.977335846295786e-07
5101,887.4480318160004,4.2519,7.870102540740221e-07
5102,887.6221712959996,5.4929,7.762944263579541e-07
5103,887.796245122001,4.4521,7.655506430246872e-07
5104,887.9696983100002,3.7898,7.548020048765203e-07
5105,888.1435531919997,4.5522,7.440945874074068e-07
5106,888.3174694210011,4.8057,7.333656396296629e-07
5107,888.4922652990008,5.4741,7.226230166666736e-07
5108,888.665810972001,5.5015,7.118394112345439e-07
5109,888.8393341230003,3.883,7.011238301234735e-07
5110,889.0130576840002,5.4432,6.904168080246243e-07
5111,889.1871648420001,4.4725,6.796877841975136e-07
5112,889.3602306510002,5.2715,6.689456333949961e-07
5113,889.5337465320008,4.8824,6.582593095679213e-07
5114,889.7072980860012,4.5271,6.475523448764842e-07
5115,889.8815582850002,5.0349,6.368354517901131e-07
5116,890.0571180700008,5.0828,6.260820713580362e-07
5117,890.2313984280008,5.2132,6.151795932098081e-07
5118,890.4047450090002,4.4889,6.044848472839371e-07
5119,890.5788335720008,4.8855,5.937849925925942e-07
5120,890.752490068,3.9756,5.830371012963243e-07
5121,890.9262055319996,4.4565,5.723205503703921e-07
5122,891.0993283709995,5.2642,5.615983429629823e-07
5123,891.2730396030001,3.381,5.509097415432318e-07
5124,891.4475386260001,5.6247,5.401860359876221e-07
5125,891.6216143260008,5.4101,5.294166688270929e-07
5126,891.794935244001,3.7807,5.186699838888643e-07
5127,891.9681780909996,4.4645,5.079662445061528e-07
5128,892.1416648180002,5.1531,4.972731416049203e-07
5129,892.3159444270004,3.4861,4.865732501233955e-07
5130,892.4901812179996,3.8253,4.7580150919752653e-07
5131,892.6652439299996,2.9559,4.650549524690795e-07
5132,892.840158381001,5.945,4.5424583006170587e-07
5133,893.0142461120013,4.879,4.434466096295664e-07
5134,893.1882849150006,4.795,4.3269675524692523e-07
5135,893.3621225130009,4.9647,4.2196405265432224e-07
5136,893.5369278590006,4.9731,4.112279363580218e-07
5137,893.7112453990012,5.0013,4.0043827814815194e-07
5138,893.8855578990006,4.7222,3.896744780864381e-07
5139,894.0598648409996,5.0065,3.7891769691354437e-07
5140,894.2342754239999,4.2495,3.681616146913702e-07
5141,894.4086835030012,5.6348,3.5739264191357315e-07
5142,894.5835062919996,5.5674,3.4662322666659806e-07
5143,894.7584486770011,4.9298,3.3583520067903553e-07
5144,894.9331180950012,4.8666,3.2503474123452006e-07
5145,895.1070046879995,3.9065,3.1425650444440455e-07
5146,895.280766713,3.8367,3.0351768061729904e-07
5147,895.4554339179995,5.241,2.9279049950617363e-07
5148,895.6304401640009,4.0086,2.82015802283947e-07
5149,895.8048136270008,5.1114,2.7120979549383196e-07
5150,895.9787178570004,5.6645,2.6045052425918703e-07
5151,896.1528899900004,3.7976,2.4971395345672056e-07
5152,896.3263351269998,3.7237,2.3895819987653224e-07
5153,896.5007784869995,5.2972,2.2825424895062674e-07
5154,896.6757433840012,5.9846,2.174874183950737e-07
5155,896.8506518739996,4.1303,2.0668769475311045e-07
5156,897.0254303760012,5.8505,1.9588841555548964e-07
5157,897.1994116320002,3.866,1.850969616049192e-07
5158,897.3737006909996,4.5958,1.7436681419748523e-07
5159,897.5475281470008,4.0422,1.6360397037030185e-07
5160,897.7218527960013,3.1695,1.5287475358019555e-07
5161,897.8955901629997,5.1815,1.4210811703704307e-07
5162,898.0700477860009,4.7045,1.3138687469131383e-07
5163,898.2444180020011,4.6786,1.2061623253082355e-07
5164,898.4184428870012,5.6317,1.0985604962958084e-07
5165,898.592596845001,5.1026,9.911708413575805e-08
5166,898.7661750340012,5.1559,8.835948895062341e-08
5167,898.9405816300005,5.5806,7.764168660489568e-08
5168,899.1148814139997,4.1644,6.687715493822744e-08
5169,899.2886111879998,3.3685,5.6125970864223666e-08
5170,899.4621000919997,4.9885,4.5400121975325284e-08
5171,899.6360159960004,4.9685,3.469220172833687e-08
5172,899.8105007400009,4.8388,2.3950174444409278e-08
5173,899.9845731990008,4.5368,1.3180691851821803e-08
5174,900.1585884320011,4.666,2.4392216666335734e-09
