step,elapsed_seconds,loss,learning_rate
1,1.3492681869993248,11.2062,0.0
2,1.473552617999303,11.1911,7.44010476110917e-07
3,1.5944552869987092,11.2067,8.11581564443663e-07
4,1.7140373349993752,11.2058,8.787691111107659e-07
5,1.8356574760000512,11.1599,9.451893105556843e-07
6,1.956073788998765,11.2214,1.0129344177777159e-06
7,2.0767029319995345,11.1886,1.0796811349993934e-06
8,2.213790992998838,11.2378,1.1466870627777504e-06
9,2.334132502999637,11.2293,1.2228068616665647e-06
10,2.457798969999203,11.2191,1.289699388333045e-06
11,2.5779304560001037,11.2232,1.3583078483326164e-06
12,2.696733544999006,11.216,1.4251470994440752e-06
13,2.8187264659991342,11.1897,1.4912468466668037e-06
14,2.9394781829996646,11.2338,1.5588179688883328e-06
15,3.0588270949992875,11.2478,1.6264128883328036e-06
16,3.1788858780000737,11.1512,1.6924729672215713e-06
17,3.3005781060001027,11.2294,1.7593239516665766e-06
18,3.4216444339999725,11.1134,1.8266795777779205e-06
19,3.5423831769985554,11.207,1.8939083594442412e-06
20,3.6616917249994003,11.215,1.9609896216661583e-06
21,3.782939472999715,11.1884,2.027241533888729e-06
22,3.9052048529993044,11.2061,2.094532239443652e-06
23,4.026202466999166,11.1804,2.162424200555001e-06
24,4.146796511999128,11.2253,2.229745112777487e-06
25,4.269131507999191,11.2102,2.2966621055547876e-06
26,4.389471483998932,11.1853,2.3646323294441473e-06
27,4.511557075999008,11.2438,2.4315519761108186e-06
28,4.631904889998623,11.25,2.499892299444279e-06
29,4.751849897000284,11.2187,2.566330974444403e-06
30,4.871939619999466,11.2386,2.6328611166667947e-06
31,4.993563142999847,11.1312,2.699753019444163e-06
32,5.114438668999355,11.1881,2.7671364116667977e-06
33,5.2362612139986595,11.2205,2.8349341283329626e-06
34,5.356094452999969,11.2411,2.901995344443801e-06
35,5.475135311999111,11.2229,2.9685688638882213e-06
36,5.594920371999251,11.234,3.0347704177772055e-06
37,5.71515978899879,11.2418,3.101256938888481e-06
38,5.834707926998817,11.2425,3.1680641227770446e-06
39,5.957016895999914,11.2602,3.234480859444173e-06
40,6.080170538998573,11.1788,3.302345604999775e-06
41,6.199352977999297,11.2174,3.37083147388815e-06
42,6.321017454998582,11.1732,3.4371087594445273e-06
43,6.440839711998706,11.174,3.5046153044438854e-06
44,6.560723983999196,11.1589,3.571187859999757e-06
45,6.680785124999602,11.1825,3.6377746633327965e-06
46,6.800066388999767,11.2134,3.7045475622219076e-06
47,6.921488219999446,11.1387,3.7707961433332258e-06
48,7.041046106998692,11.2725,3.838087565554815e-06
49,7.1598379489987565,11.234,3.904699656666505e-06
50,7.277312640999298,11.229,3.970724853333093e-06
51,7.3951349449998816,11.2165,4.035954447221633e-06
52,7.515166338000199,11.351,4.10144172444436e-06
53,7.638235061998785,11.2614,4.168043412777883e-06
54,7.759056727998541,11.177,4.2369493950001116e-06
55,7.879929990998789,11.208,4.3036580516662875e-06
56,8.002625166000144,11.214,4.370798385554937e-06
57,8.12111294999886,11.1768,4.438935124999262e-06
58,8.240031317000103,11.2915,4.504741882777428e-06
59,8.360333712998909,11.254,4.570792289443692e-06
60,8.47996246099865,11.2414,4.637703806110949e-06
61,8.601607852999223,11.1988,4.704055486110722e-06
62,8.721240630999091,11.1284,4.772263291110398e-06
63,8.837620700998741,11.1513,4.838083065555516e-06
64,8.9578633860001,11.2047,4.902718700555448e-06
65,9.077638119999392,11.2262,4.969578382777197e-06
66,9.19847619599932,11.1988,5.036081893333378e-06
67,9.317692429998715,11.1787,5.103216857221721e-06
68,9.439194499998848,11.1561,5.169538746665947e-06
69,9.561072119999153,11.1763,5.237002417222054e-06
70,9.682326914999067,11.2252,5.304774869999973e-06
71,9.803331719000198,11.1707,5.372059217777658e-06
72,9.925154026999735,11.181,5.439307968888696e-06
73,10.044668890999674,11.2617,5.507126828332629e-06
74,10.16565976899983,11.1745,5.5733090649998e-06
75,10.285021530999074,11.1751,5.640416667222073e-06
76,10.406296068000302,11.211,5.7068336766658635e-06
77,10.52557474599962,11.2137,5.7741829049993815e-06
78,10.64641306699923,11.1929,5.840551336666774e-06
79,10.766793384998891,11.162,5.907583719444018e-06
80,10.888398851999227,11.2411,5.974514753888797e-06
81,11.00830163899991,11.1317,6.042224776110743e-06
82,11.129562976999296,11.1777,6.108711553888498e-06
83,11.250640881999061,11.2404,6.176084734999879e-06
84,11.371809876000043,11.1965,6.243363206110896e-06
85,11.492456688998573,11.2055,6.310639919999327e-06
86,11.614950811999734,11.1792,6.377666308888164e-06
87,11.736599973999546,11.2273,6.445675369444265e-06
88,11.85460872799922,11.2225,6.513312539443885e-06
89,11.97599549000006,11.1655,6.579104397777781e-06
90,12.095274459999928,11.1943,6.646298709444334e-06
91,12.213742101999742,11.2865,6.712619668888794e-06
92,12.334600766998847,11.1229,6.778409226665948e-06
93,12.453754866999589,11.1311,6.845501019999777e-06
94,12.572094540999387,11.2109,6.9117326766667655e-06
95,12.691305323000051,11.1695,6.977424816666624e-06
96,12.808082862999072,11.1567,7.043724506111175e-06
97,12.928402446999826,11.1994,7.108554185000078e-06
98,13.049361964998752,11.1096,7.17550421833342e-06
99,13.169429235998905,11.1722,7.242607177221443e-06
100,13.29021351099982,11.1729,7.309304350000175e-06
101,13.411091988999033,11.1478,7.376487796110369e-06
102,13.531308196999817,11.2097,7.443557342777341e-06
103,13.65033003699864,11.1231,7.51043234388817e-06
104,13.771488425998541,11.1608,7.5766252527773765e-06
105,13.894604060998972,11.1581,7.643867572221804e-06
106,14.013878058998671,11.2058,7.712222494999677e-06
107,14.138175565998608,11.2127,7.778457861110534e-06
108,14.258854976998919,11.0548,7.847522325555474e-06
109,14.380644626999128,11.1978,7.914534553332892e-06
110,14.501867113998742,11.1641,7.982164534443857e-06
111,14.621504670998547,11.1502,8.049487943333386e-06
112,14.742534671999238,11.122,8.115971576666602e-06
113,14.86335475099986,11.1191,8.183178240555612e-06
114,14.982271056000172,11.2216,8.25039308111122e-06
115,15.102519998999924,11.1612,8.31645902555566e-06
116,15.22198537999975,11.132,8.3832907738886e-06
117,15.340579501998945,11.0784,8.44962322555552e-06
118,15.460522347999358,11.1444,8.515532543888186e-06
119,15.582553047999681,11.1523,8.582464654999866e-06
120,15.70258298599947,11.1131,8.64994562611072e-06
121,15.822889920000307,11.1902,8.716652769444409e-06
122,15.944696839998869,11.0907,8.783473287221569e-06
123,16.06464928999958,11.0785,8.851173230555611e-06
124,16.182257074999143,11.1468,8.917808886111137e-06
125,16.300528457999462,11.1083,8.983159986666781e-06
126,16.421720689999347,11.0916,9.048837063888236e-06
127,16.54196536999916,11.112,9.116133161666464e-06
128,16.661613264999687,11.1897,9.183024452777319e-06
129,16.78235159599899,11.1128,9.24942247222235e-06
130,16.90497855600006,11.1238,9.316497983333344e-06
131,17.02530578099868,11.1418,9.384567187221869e-06
132,17.144998322999527,11.0191,9.451439351666218e-06
133,17.264544098999977,11.1361,9.517988039999384e-06
134,17.38335132999964,11.0647,9.584389364444077e-06
135,17.502918188998592,11.065,9.650456787221628e-06
136,17.62135202799982,11.1725,9.716775056110944e-06
137,17.742020604999198,11.1186,9.782702051666598e-06
138,17.86242433499865,11.064,9.8496487166661e-06
139,17.98406912700011,11.0386,9.916553208332618e-06
140,18.10423123199871,11.1455,9.984167707777185e-06
141,18.225664669000253,11.0702,1.0050925478332527e-05
142,18.345479178999085,11.1163,1.0118337617777799e-05
143,18.467212726998696,11.0579,1.0184932822221527e-05
144,18.585322290999102,11.0377,1.0252487317777399e-05
145,18.706737222999436,11.0882,1.0318159710555443e-05
146,18.82663757499904,11.1065,1.038554683888833e-05
147,18.950727894998636,11.0664,1.0452243231110414e-05
148,19.072686006998993,11.1319,1.0521186885555128e-05
149,19.196977995999987,10.9793,1.058885740166665e-05
150,19.317019886999333,11.0505,1.0658005412222135e-05
151,19.44058763099929,11.0461,1.0724670254443887e-05
152,19.560244479000175,11.0969,1.0793331415555562e-05
153,19.68105518899938,11.0166,1.0859940371110496e-05
154,19.8006428030003,11.0306,1.0926803219443982e-05
155,19.91634738999892,11.0018,1.0993319835555062e-05
156,20.037391639998532,11.0629,1.1057501864444123e-05
157,20.15593089599861,10.9012,1.1124959668888753e-05
158,20.27599497600022,10.9626,1.1190891723888653e-05
159,20.398389919999317,11.0465,1.1257985318333239e-05
160,20.519538227999874,10.9612,1.1325395036110422e-05
161,20.638685556999917,10.9939,1.1392847855000179e-05
162,20.758102070998575,10.9405,1.1458960605555655e-05
163,20.877925275999587,10.9244,1.1525300474443914e-05
164,20.999649514998964,10.989,1.1591973619999611e-05
165,21.121591065999382,11.037,1.1659459102777167e-05
166,21.241756577999695,10.9125,1.172720803222142e-05
167,21.36161824299961,10.9375,1.1793947212222015e-05
168,21.48163471299995,10.9473,1.1860600387222399e-05
169,21.600072330998955,11.0314,1.1927281873332607e-05
170,21.720007799000086,10.9634,1.1993109908888882e-05
171,21.83963659499932,10.9363,1.2059608798332799e-05
172,21.958198729000287,10.925,1.2126106331666556e-05
173,22.076686049998898,11.0386,1.2192060747222261e-05
174,22.19701366299887,11.0116,1.2257868767221428e-05
175,22.317098886998792,10.8439,1.2324568368332822e-05
176,22.437178401998608,10.9791,1.239169040555478e-05
177,22.555819764000262,10.9853,1.2458102047777275e-05
178,22.674379078998754,10.9252,1.252402923166604e-05
179,22.795299694998903,10.8573,1.2590073988332937e-05
180,22.917322616998717,11.0096,1.2657059781111255e-05
181,23.03730539499884,10.8538,1.2724859726665981e-05
182,23.156624801998987,10.937,1.2791440222777561e-05
183,23.276993441999366,10.8142,1.2857833893889012e-05
184,23.39993005099859,10.9315,1.2925043588332605e-05
185,23.518604967999636,10.8195,1.2992932340555652e-05
186,23.63819109099859,10.9821,1.3058977570554917e-05
187,23.759952657999747,10.552,1.3125400339443635e-05
188,23.881805871000324,10.8176,1.3192947232777846e-05
189,24.00426015099947,10.8964,1.3260722609999601e-05
190,24.125827681999,10.8698,1.3328747683332646e-05
191,24.245708222999383,10.6863,1.3396251742776966e-05
192,24.36661857999934,10.8775,1.3462968674444306e-05
193,24.486263464999865,10.5569,1.3530000810555471e-05
194,24.607295764999435,10.8274,1.3596520396665962e-05
195,24.72744756300017,10.56,1.366372382333288e-05
196,24.848199015999853,10.8404,1.3730655627777094e-05
197,24.96572547699907,10.6201,1.3797590566110658e-05
198,25.08588505700027,10.5315,1.3862828191666067e-05
199,25.20740025899977,10.667,1.3929652746665952e-05
200,25.328480786998625,10.5769,1.3997101755555076e-05
201,25.44895953000014,10.5026,1.4064359949444325e-05
202,25.568863571999827,10.6522,1.4131342587221904e-05
203,25.69121248999909,10.5447,1.4197890262777138e-05
204,25.81459780499972,10.4705,1.4265844720555633e-05
205,25.933478946999458,10.5602,1.433448846722159e-05
206,26.055306651000137,10.5367,1.440053446055572e-05
207,26.174578487998588,10.941,1.4468225651666622e-05
208,26.295182326999566,10.409,1.4534429723888835e-05
209,26.41691813899888,10.5434,1.460144769888858e-05
210,26.53652284599957,10.5775,1.4668949231666679e-05
211,26.652124774000185,10.659,1.4735507368333049e-05
212,26.771903646000283,10.55,1.4799675723888868e-05
213,26.890265824999005,10.6092,1.4866352641111009e-05
214,27.010899703000177,10.2873,1.4932074622776984e-05
215,27.130799496999316,10.2244,1.4998997653888688e-05
216,27.24897731999954,10.5901,1.5065657725555058e-05
217,27.368517664999672,10.4701,1.513129405944407e-05
218,27.488580642999295,10.471,1.5197733280555341e-05
219,27.609234228999412,10.294,1.5264437136111158e-05
220,27.731042288000026,10.0401,1.5331434529999672e-05
221,27.84983270900011,10.4576,1.5399289220554745e-05
222,27.97028341799887,10.1715,1.5465152988888602e-05
223,28.090420516999075,10.4863,1.5532120804999877e-05
224,28.212274661000265,10.2769,1.5598827986666746e-05
225,28.332556501998624,10.3985,1.566653746444394e-05
226,28.453188749999754,10.1327,1.573325490499984e-05
227,28.572624053000254,10.0845,1.5800261795555142e-05
228,28.692567983998742,10.0175,1.5866653251111228e-05
229,28.81513258999985,10.0671,1.593342155277747e-05
230,28.936148091999712,10.121,1.6001370556111096e-05
231,29.058768421999048,9.8486,1.606864285944438e-05
232,29.178895105000265,10.0839,1.6136978894443626e-05
233,29.296666480999193,10.0121,1.6203530639999776e-05
234,29.416004550999787,9.6957,1.626895019999918e-05
235,29.53524748199925,10.0222,1.6335302998332837e-05
236,29.655372776998774,9.8288,1.6401510436110887e-05
237,29.774208078999436,9.9717,1.6468202043332794e-05
238,29.8952011450001,10.0248,1.6534253816110627e-05
239,30.016837834999023,9.4541,1.6601382232777015e-05
240,30.136749256998883,10.1858,1.6669032397777402e-05
241,30.255726294999477,9.7737,1.673559159722168e-05
242,30.37648979199912,9.833,1.680179118333298e-05
243,30.496751435999613,9.8689,1.686877154611062e-05
244,30.616904978000093,9.7901,1.6935574671666068e-05
245,30.73718563299917,9.5769,1.7002403251111296e-05
246,30.85954821999985,9.4641,1.7069246404999932e-05
247,30.978488828999616,9.4331,1.7137186261110806e-05
248,31.10001799299971,9.9376,1.720330592666667e-05
249,31.221391860999574,9.868,1.7270838331666408e-05
250,31.337795998999354,9.3651,1.7338209191666467e-05
251,31.45993734699914,9.6472,1.7402774683888412e-05
252,31.583548964999864,9.3025,1.7470743588333384e-05
253,31.70554537299904,9.6658,1.75393799138884e-05
254,31.826376213999538,9.6263,1.7607564811666332e-05
255,31.946150769999804,9.6531,1.7674319840554947e-05
256,32.066275880999456,9.5055,1.7740920054443954e-05
257,32.18822427399937,9.5623,1.780761152888873e-05
258,32.307642378998935,9.1648,1.787533339833317e-05
259,32.42901828399954,9.6417,1.794181192611076e-05
260,32.55104947600012,9.2376,1.8009757567777142e-05
261,32.673464522998984,9.5138,1.8076835137222185e-05
262,32.795165812998675,9.6682,1.814496002777762e-05
263,32.91491973200027,9.3581,1.8212504097777533e-05
264,33.03400773899921,9.0463,1.8279131593888248e-05
265,33.155201042000044,9.5594,1.8345313035554988e-05
266,33.27769345199886,8.8177,1.84125493822224e-05
267,33.40020862399979,9.2528,1.8480665600000066e-05
268,33.52074779199938,9.3401,1.8548666840554993e-05
269,33.64207867599907,9.5769,1.8615619446111142e-05
270,33.7608016209997,8.955,1.868294042999979e-05
271,33.88435112600018,9.1591,1.874905238999923e-05
272,34.00482499999998,9.2052,1.881806464611044e-05
273,34.12423566899997,9.2845,1.8884635183332852e-05
274,34.242891346999386,9.2099,1.895093692999985e-05
275,34.36479664899889,8.9644,1.901683471166608e-05
276,34.48651769499884,9.1099,1.9084463403332846e-05
277,34.60670979799943,9.0675,1.9152254631666845e-05
278,34.7283457529993,9.1818,1.92190403177776e-05
279,34.85019183499935,8.7584,1.928648039333287e-05
280,34.97114989599868,8.9231,1.935410647722165e-05
281,35.09351363699898,9.0192,1.942174734666676e-05
282,35.21388339999976,8.9936,1.94893638455556e-05
283,35.3340214889995,9.0916,1.9556301538888067e-05
284,35.45310235999932,8.4036,1.9623053288888617e-05
285,35.57351014499909,8.9774,1.968917111499953e-05
286,35.695640108999214,9.0502,1.975605434944454e-05
287,35.81300797499898,8.7548,1.9823971164999724e-05
288,35.93517903099928,9.0126,1.9889095648888744e-05
289,36.05774460700013,8.946,1.995701732444407e-05
290,36.178828125999644,8.5829,2.0025059751110854e-05
291,36.2985228790003,8.823,2.0092345856111125e-05
292,36.41777193300004,8.8439,2.0158831310554888e-05
293,36.53323475099933,8.9579,2.022514109055515e-05
294,36.6562422829993,8.7733,2.028908848388811e-05
295,36.778779471000234,8.9263,2.035746325666676e-05
296,36.89882478599975,8.8802,2.0425596503333105e-05
297,37.0196358180001,8.5391,2.049238456722176e-05
298,37.140986611999324,8.6753,2.0559436129444497e-05
299,37.261343909998686,8.9184,2.0626899081110724e-05
300,37.38264298899958,8.9726,2.069374543222188e-05
301,37.50494945599894,8.7847,2.0761131528332852e-05
302,37.624057232998894,8.811,2.0829048485554974e-05
303,37.74410675499894,9.1133,2.089531377166673e-05
304,37.86199953899995,8.7268,2.096195737333296e-05
305,37.98267076399861,8.3709,2.1027490154999922e-05
306,38.10217051299878,8.5168,2.1094526961666514e-05
307,38.22255665299963,8.9665,2.116087221888847e-05
308,38.34269454999958,8.6893,2.122775289833347e-05
309,38.46510960199885,8.5986,2.129449098611076e-05
310,38.587540266998985,8.6205,2.136245703166626e-05
311,38.708137718000216,8.5787,2.1430786744444453e-05
312,38.82685106200006,8.8785,2.149766468111112e-05
313,38.94315629799894,8.3145,2.1563876167221884e-05
314,39.06427115799852,8.5274,2.1628077367777224e-05
315,39.184867275000215,8.5652,2.1695483517221675e-05
316,39.30591552599981,8.8752,2.176225044611076e-05
317,39.42928535600004,8.562,2.182961601166628e-05
318,39.548374272999354,8.0403,2.189812331999949e-05
319,39.67017246099931,8.6679,2.1964340172221963e-05
320,39.79251419100001,8.7232,2.203193797388849e-05
321,39.91394478899929,8.8562,2.2099846922777338e-05
322,40.03345149699999,8.4759,2.2167465190555557e-05
323,40.15441384599944,8.5245,2.2233926280000055e-05
324,40.27601587599929,8.344,2.2301102200000164e-05
325,40.39663618499981,8.2796,2.236852268388854e-05
326,40.51876360899951,8.6152,2.2435642346110602e-05
327,40.64015873099925,8.7795,2.2503409846110827e-05
328,40.760913770000116,8.3168,2.2570940208888717e-05
329,40.88160053399952,8.6048,2.2637968496666064e-05
330,41.003509518999635,8.5364,2.2705206144999264e-05
331,41.1240448970002,8.6387,2.277273446499951e-05
332,41.24490978199901,8.8892,2.2839749438889056e-05
333,41.36764724199929,8.5685,2.2906827441111092e-05
334,41.48914037299983,8.2875,2.29753444299998e-05
335,41.610439381000106,8.3092,2.30424558411111e-05
336,41.73218012899997,8.4544,2.3109923494444553e-05
337,41.85164072399857,8.1759,2.3177580289999848e-05
338,41.97090221899998,8.6935,2.3243889432222003e-05
339,42.09001226299915,8.5883,2.331014280166629e-05
340,42.21125772999949,8.9151,2.337637640999977e-05
341,42.33335904900014,8.4607,2.3443837499444272e-05
342,42.45267236899963,8.3414,2.3511457211111015e-05
343,42.5706624329996,8.1516,2.3577781552777297e-05
344,42.69071660999907,8.4122,2.3643373487777557e-05
345,42.81053249300021,8.2443,2.3710185262777184e-05
346,42.93205516799935,8.4625,2.3776690094444145e-05
347,43.05383381599859,8.1439,2.3844444596110813e-05
348,43.173849733999305,8.3111,2.3911776322777064e-05
349,43.29439175299922,8.1563,2.3978493318888164e-05
350,43.41364615299972,8.1001,2.404547711055481e-05
351,43.53570843499983,8.1826,2.4111718948888667e-05
352,43.65619859399885,8.3566,2.4179527863888224e-05
353,43.776320142998884,8.0103,2.424641033388879e-05
354,43.89723501499975,8.3388,2.431321917388838e-05
355,44.01756527299949,8.1534,2.4380296550000116e-05
356,44.13756635699974,8.5907,2.4447198363333075e-05
357,44.25696768799935,8.4636,2.45138892911109e-05
358,44.377829249999195,8.3836,2.458012032999957e-05
359,44.49945259099877,7.9607,2.4647301234443957e-05
360,44.619122398999025,8.4476,2.471484261666673e-05
361,44.738617078999596,8.2046,2.4781362410555327e-05
362,44.85864940299871,8.2987,2.48478465627775e-05
363,44.98060442699898,8.1429,2.4914574708332616e-05
364,45.10166649799976,7.738,2.4982199786665865e-05
365,45.22306252499948,8.0235,2.504949655055498e-05
366,45.34455238800001,8.3877,2.511726434777706e-05
367,45.46576717899916,8.5782,2.518439208999957e-05
368,45.5872534049995,8.244,2.5251738748333488e-05
369,45.707030374998794,8.6056,2.531920256333251e-05
370,45.825808675999724,8.1137,2.5385758734444408e-05
371,45.944044013000166,8.1946,2.545181693999944e-05
372,46.067167495999456,8.3082,2.551754534333264e-05
373,46.18702330299857,8.5292,2.5585816103889054e-05
374,46.30531577599868,8.4306,2.565250531222167e-05
375,46.42640486900018,8.7051,2.5718208437221825e-05
376,46.54864480099968,8.3597,2.578552490777737e-05
377,46.6691941809986,8.1495,2.5853280216666058e-05
378,46.788956010999755,8.0285,2.592025932611048e-05
379,46.910062361999735,8.2968,2.5986850149999252e-05
380,47.03064379500029,8.2312,2.6054203742777544e-05
381,47.15073045200006,8.2678,2.6121140191666604e-05
382,47.27209122000022,8.4125,2.6187872842777627e-05
383,47.39394671899936,8.5052,2.625519092944463e-05
384,47.513735724998696,7.8424,2.6322860348888452e-05
385,47.635859518999496,8.0927,2.6389573024999766e-05
386,47.756803014999605,8.6886,2.6457352165554972e-05
387,47.874738112999694,7.5883,2.6524578010000068e-05
388,47.99625827099953,8.2069,2.659013408499959e-05
389,48.12152781799887,8.4771,2.6657630558888235e-05
390,48.250369729999875,8.3625,2.6727872213888178e-05
391,48.37948829800007,8.5912,2.6799475927221768e-05
392,48.50154258799921,8.0159,2.6871201417777934e-05
393,48.62407992199951,8.3118,2.6938367560555382e-05
394,48.74769691599977,8.1702,2.7006690687221638e-05
395,48.8674117319988,8.0686,2.7075039967221526e-05
396,48.98945034699864,8.4281,2.7141638873332946e-05
397,49.11151411599894,8.3344,2.7209317059443695e-05
398,49.23128731199904,7.8525,2.727716321499934e-05
399,49.35316031000002,8.2434,2.7343760605555063e-05
400,49.47267455099973,8.0786,2.741149609499998e-05
401,49.59170352599904,7.7277,2.747786085611046e-05
402,49.71243530099855,8.2657,2.7543992056110563e-05
403,49.83269234599902,8.1532,2.7611026586110812e-05
404,49.9489991800001,7.8603,2.7677872736110454e-05
405,50.072023806998914,7.8576,2.7742327502222305e-05
406,50.19407753499945,8.441,2.781076533555481e-05
407,50.31482536399926,8.0394,2.7878537720555165e-05
408,50.434662562000085,8.0283,2.7945660334444257e-05
409,50.55667030599943,7.9217,2.8012248333333347e-05
410,50.678493706000154,8.2771,2.8080040270000004e-05
411,50.79680510899925,7.5142,2.8147681132221704e-05
412,50.92003943199961,8.3305,2.8213468034999905e-05
413,51.04213533099937,8.1932,2.8281870155555628e-05
414,51.16277411199917,7.6476,2.8349709781111113e-05
415,51.28438064599868,8.0369,2.841735978166677e-05
416,51.40526166699965,8.0577,2.8484327816666133e-05
417,51.526923382998575,8.2344,2.855141901111084e-05
418,51.64801358799923,8.1278,2.8619048826110684e-05
419,51.76762345699899,7.749,2.8686916672221642e-05
420,51.88980318499853,7.8412,2.875282984499993e-05
421,52.010747594998975,7.7348,2.8820598175554752e-05
422,52.13186815100016,8.1845,2.8887887352777597e-05
423,52.25229860999934,8.4367,2.8955143328333485e-05
424,52.37253682699884,7.614,2.90220233077778e-05
425,52.49417586799973,8.4838,2.908886715722171e-05
426,52.61690479599929,8.4598,2.9156367074999964e-05
427,52.737724829999934,8.0014,2.9225016369444146e-05
428,52.857627243000024,7.9733,2.9291676533888072e-05
429,52.97803670599933,8.1546,2.935829010999947e-05
430,53.09814069099957,7.5752,2.942518427333299e-05
431,53.2182616329992,8.0472,2.949207275444375e-05
432,53.33713569399879,7.7215,2.9558664713888194e-05
433,53.46000441899923,8.5367,2.9624764854999942e-05
434,53.58116969099865,7.9049,2.969301360277718e-05
435,53.70112980199883,8.1944,2.9760334151110837e-05
436,53.8214202449999,7.8896,2.9826972512777908e-05
437,53.942623322000145,7.8463,2.989374361722185e-05
438,54.06260799299889,8.0247,2.996112810888816e-05
439,54.182566544999645,7.9028,3.0027807678333274e-05
440,54.30413279499953,8.0607,3.0094831699444615e-05
441,54.423597694998534,8.0136,3.016193265166597e-05
442,54.543303935999575,8.1035,3.022835460999987e-05
443,54.66285051699924,8.033,3.0294854684999442e-05
444,54.78367877399978,8.0418,3.036118514111068e-05
445,54.9043034690003,8.0932,3.0428278502777173e-05
446,55.026207498000076,8.1412,3.0495376714999214e-05
447,55.14935276399956,8.1632,3.056306047833257e-05
448,55.271812696999405,8.0697,3.063146291944375e-05
449,55.39415550599915,8.4912,3.069957907333345e-05
450,55.51634804499918,8.0484,3.0767526636110336e-05
451,55.637014279998766,8.2862,3.083537274555561e-05
452,55.7569800099991,8.2212,3.090237000611119e-05
453,55.87796879399866,8.0472,3.096919212166641e-05
454,55.9987005619987,8.1341,3.103636864555483e-05
455,56.12080530200001,8.6167,3.11034562644444e-05
456,56.241884831999414,8.0945,3.117126392277796e-05
457,56.36243726199973,7.996,3.1238511080555326e-05
458,56.480788355000186,7.9779,3.130546151999927e-05
459,56.59953731399946,7.9249,3.1371192839444325e-05
460,56.718318647999695,7.9131,3.1437208340554814e-05
461,56.83814849800001,7.6948,3.1503236268332935e-05
462,56.95924602000014,7.9238,3.156978757722148e-05
463,57.07948295299866,8.1224,3.16370327299996e-05
464,57.19903420199989,7.9043,3.170375260333256e-05
465,57.32035638299931,7.8334,3.1770175742777714e-05
466,57.44075005999912,7.9289,3.1837593246110474e-05
467,57.55955051899946,7.2859,3.190454091611072e-05
468,57.679001705999326,7.7405,3.197058338999947e-05
469,57.79939068400017,7.6151,3.203692043333325e-05
470,57.919938547998754,7.9795,3.210372388888876e-05
471,58.04037600099946,7.8637,3.2170789606665905e-05
472,58.161916598999596,7.8451,3.223763679499926e-05
473,58.28460976699898,8.2182,3.230517190555474e-05
474,58.40579466700001,8.2967,3.237324685333281e-05
475,58.525660979999884,7.631,3.2440605759999624e-05
476,58.64232634799919,8.2233,3.25071742272222e-05
477,58.76285749999988,7.9504,3.25720451827773e-05
478,58.88496942100028,8.4905,3.2639125722777556e-05
479,59.00746648399945,7.7999,3.2706850109999426e-05
480,59.12907667699983,8.238,3.277518100222147e-05
481,59.2493355280003,7.8411,3.2842492726111026e-05
482,59.368656078999265,7.9416,3.2909289048888645e-05
483,59.48937656299859,7.8723,3.297565706888842e-05
484,59.61014546399929,8.0847,3.304258067388825e-05
485,59.73056500799976,7.8893,3.310973045111092e-05
486,59.85285528799977,7.844,3.317677192500014e-05
487,59.96972080900014,8.042,3.324454537944399e-05
488,60.08967357899928,7.8128,3.330943801833302e-05
489,60.21100647399908,8.0992,3.3376171616110795e-05
490,60.331362445000195,7.7087,3.3443900098332556e-05
491,60.452115111998864,8.2506,3.351043178277703e-05
492,60.572828930999094,7.8838,3.35775241427776e-05
493,60.69465691699952,8.1458,3.3644525669444393e-05
494,60.81479322699852,7.6839,3.371218457666651e-05
495,60.933703979999336,7.6797,3.3779000091111204e-05
496,61.05451326199909,7.5766,3.38450177427775e-05
497,61.1753479709987,7.766,3.391253641777742e-05
498,61.291816027000095,7.9925,3.397927941999923e-05
499,61.41358470299929,7.8282,3.4043863778332605e-05
500,61.53437935799957,7.7519,3.411159000166663e-05
501,61.656860959999904,8.1074,3.4178699658888135e-05
502,61.77697620700019,8.2008,3.4246700833332906e-05
503,61.897362821999195,7.9192,3.431359943055517e-05
504,62.01803864399881,8.0369,3.43804660322217e-05
505,62.14034371799971,7.8953,3.444740062944422e-05
506,62.262742971999614,7.9477,3.451540744444376e-05
507,62.384632133000196,8.025,3.458331076944382e-05
508,62.5050949589986,8.2544,3.465135638500013e-05
509,62.62590972699945,8.1913,3.471804158499961e-05
510,62.74286272899917,8.2738,3.478518034666599e-05
511,62.86192759000005,8.1198,3.4850107356110635e-05
512,62.983401522998975,8.0982,3.4916318948333154e-05
513,63.106208147999496,7.6301,3.498373632222158e-05
514,63.2276155769996,7.7671,3.5052081518332567e-05
515,63.3488410889986,8.1282,3.51194836316659e-05
516,63.471180266999,7.6125,3.518698850944424e-05
517,63.59249751399875,7.8506,3.525533876666588e-05
518,63.71006986499924,8.1347,3.532215768999979e-05
519,63.83143045699944,8.0903,3.538743330388873e-05
520,63.95377637799902,8.1966,3.5454949298332904e-05
521,64.07324611399963,8.355,3.55228613661105e-05
522,64.19333791099962,7.1243,3.558932371888861e-05
523,64.3133427419998,8.3259,3.56559254722217e-05
524,64.43415449799977,8.2427,3.572262723722209e-05
525,64.5545935329992,7.9946,3.5789823142222304e-05
526,64.674008598,7.8045,3.585665122777755e-05
527,64.79323830799876,7.3699,3.592304906166646e-05
528,64.91303082299964,7.9674,3.598925786888888e-05
529,65.03346859900012,7.7777,3.605568789777762e-05
530,65.15407383799902,8.343,3.612268210777782e-05
531,65.27703293299965,7.7827,3.61897948322217e-05
532,65.39797747299963,7.8055,3.6258053072222334e-05
533,65.51887643499867,7.9687,3.6325216109444225e-05
534,65.63993005799966,7.888,3.6392418238332943e-05
535,65.7612978950001,8.2891,3.645954193444393e-05
536,65.88007472099889,7.5081,3.652714874111047e-05
537,66.00004376499965,7.8171,3.659307649499978e-05
538,66.12039206199915,7.9154,3.6659823725555426e-05
539,66.24115115199857,7.9166,3.672656587444383e-05
540,66.3611781489999,8.0042,3.679361279499972e-05
541,66.48108404799859,7.9091,3.686026758333254e-05
542,66.60259324799881,8.1384,3.692697206499967e-05
543,66.72419311900012,7.9531,3.69945171872223e-05
544,66.84440350499972,7.6283,3.7062032554444565e-05
545,66.96466017499915,7.8765,3.71288189222216e-05
546,67.08512382899971,8.0742,3.719563245999982e-05
547,67.2021044689991,7.808,3.7262864479999836e-05
548,67.32521947500027,8.062,3.732737904499926e-05
549,67.44539458899999,7.8384,3.739585109444407e-05
550,67.56794298599925,8.4285,3.746265193388859e-05
551,67.68892262000008,7.9411,3.7530584201666794e-05
552,67.8126711449986,8.4024,3.7597927058888877e-05
553,67.93577718599954,8.3581,3.766660031388811e-05
554,68.05540407300032,7.9232,3.773506072888874e-05
555,68.17820881399894,8.1314,3.780156281055497e-05
556,68.29753975199856,7.5063,3.786966667722178e-05
557,68.41532976999952,7.3653,3.793608330333276e-05
558,68.53625675100011,8.1675,3.8001507063889016e-05
559,68.65526616500028,7.7315,3.806858342444381e-05
560,68.77558817299905,8.0831,3.8134727776666e-05
561,68.89249910800027,8.0817,3.820158375833267e-05
562,69.01209622699935,7.6062,3.82664626399997e-05
563,69.13362954799959,8.1866,3.83332701649993e-05
564,69.25469302499914,8.1312,3.8400523862777246e-05
565,69.37699071299903,7.9551,3.8467766369444186e-05
566,69.49717791999865,7.2479,3.853571691944429e-05
567,69.62047859499944,7.9017,3.8602651524999804e-05
568,69.74071693599944,7.4771,3.867100520222165e-05
569,69.86476952399971,8.0529,3.873789679888837e-05
570,69.98433416199987,7.2724,3.880674787611093e-05
571,70.10971787000017,7.998,3.887315384611106e-05
572,70.2321552049998,8.2482,3.894284179999987e-05
573,70.35096961499949,7.7607,3.9010886801110654e-05
574,70.46975422600008,7.8521,3.907687279333307e-05
575,70.59089725499871,7.9169,3.91430456466666e-05
576,70.7115563389998,7.7512,3.921044973444421e-05
577,70.8335373179998,7.8678,3.927726705666626e-05
578,70.95351965400005,7.9488,3.934499575555492e-05
579,71.07641814599992,7.7112,3.94116607422216e-05
580,71.19920153899875,8.1252,3.947999559722222e-05
581,71.32098328400025,7.8835,3.954808849055553e-05
582,71.4405437509995,7.8658,3.961573599111034e-05
583,71.56177518799996,8.1826,3.968219240166642e-05
584,71.6853423779994,8.1357,3.974951236444415e-05
585,71.80704225299996,8.0041,3.981811321499966e-05
586,71.92418258399994,8.037,3.988576708277732e-05
587,72.04717640299896,7.5829,3.995075586277785e-05
588,72.16858790100014,8.2061,4.0019116821665904e-05
589,72.29041197699917,7.6393,4.008655056388812e-05
590,72.41282728799888,7.7972,4.015439186333323e-05
591,72.53444291699998,7.9801,4.022233607055569e-05
592,72.65659787799996,7.5427,4.029000784444381e-05
593,72.77721059599935,7.1208,4.035788739611033e-05
594,72.89772003599865,8.1975,4.04248074799994e-05
595,73.01973838799859,7.7547,4.049167010666679e-05
596,73.13964639199912,8.0932,4.0559435111666365e-05
597,73.25940497599913,7.64,4.062613816611096e-05
598,73.38112669699876,7.7667,4.069266441611035e-05
599,73.50170026500018,7.621,4.076018400333346e-05
600,73.62430404999941,8.0876,4.082720357833346e-05
601,73.74446464099856,7.9015,4.089537486333333e-05
602,73.8641883299988,7.5756,4.096217708499959e-05
603,73.98440854799992,7.443,4.1028662931111184e-05
604,74.10402554999928,7.5847,4.109536860666595e-05
605,74.22442292099913,7.802,4.116197643277701e-05
606,74.34553408899956,7.4959,4.1228715467222074e-05
607,74.46508684899891,7.7082,4.129604999277743e-05
608,74.58579075499983,7.8098,4.136243903444463e-05
609,74.7037491029987,7.2418,4.1429447744444086e-05
610,74.82217579799908,7.8324,4.149513280277764e-05
611,74.94045927200023,7.3449,4.1560878486111006e-05
612,75.06112650399882,8.3176,4.162656037666643e-05
613,75.17994907699904,8.1407,4.1693445104444136e-05
614,75.30091242900016,7.8901,4.175969519777735e-05
615,75.42075497399856,7.4383,4.1826743448888615e-05
616,75.54174610999871,7.7481,4.189368340111085e-05
617,75.66395106100026,7.2976,4.196058861944443e-05
618,75.78685388600024,8.0868,4.202850683333256e-05
619,75.91043708199868,7.7227,4.209677705611083e-05
620,76.03196752599979,7.8507,4.216547968833261e-05
621,76.15492275299948,7.6566,4.223301889055519e-05
622,76.27530498600026,7.5651,4.230130134444456e-05
623,76.39742183399903,8.217,4.2368166801110825e-05
624,76.52022228699934,8.088,4.24359051594446e-05
625,76.64389916099935,7.4518,4.250416334833264e-05
626,76.76514887699886,7.7232,4.25728787505553e-05
627,76.88597629099968,7.4515,4.264036859611123e-05
628,77.00862317300016,7.843,4.270754887722231e-05
629,77.1299397570001,7.7532,4.2775548409444026e-05
630,77.24876545999905,7.1061,4.284298025944432e-05
631,77.3704022389993,7.9275,4.290899219388848e-05
632,77.49305820199879,7.7162,4.29765863772223e-05
633,77.61665749500025,7.7891,4.304464474555567e-05
634,77.73810760499873,7.8116,4.311330897222231e-05
635,77.86054097499982,7.8223,4.3180807152777765e-05
636,77.98464871099895,7.647,4.324884397166595e-05
637,78.10665997599972,7.83,4.331832434833309e-05
638,78.22908169899893,8.034,4.3385597741666465e-05
639,78.3493308929992,8.0004,4.345352598055494e-05
640,78.46652295899912,7.8895,4.3520391177777734e-05
641,78.58855770899936,7.3816,4.358554613444439e-05
642,78.71053235,7.7753,4.3653252595554984e-05
643,78.83166402999996,8.1727,4.372106163055529e-05
644,78.95218272599959,8.3371,4.378836340722147e-05
645,79.07500003799942,7.618,4.385537856888833e-05
646,79.19700779899904,8.1276,4.392350169333339e-05
647,79.32240116399953,7.6726,4.399119146333255e-05
648,79.44175490499947,7.9638,4.406102703055492e-05
649,79.56360623099863,8.0698,4.412734375555475e-05
650,79.68424600099934,7.4232,4.419491025277745e-05
651,79.80644330399991,7.8357,4.426198748500004e-05
652,79.92750033499942,7.7704,4.432982383777724e-05
653,80.05209206099971,7.7002,4.439717399166612e-05
654,80.17202035399896,7.7024,4.446633503388815e-05
655,80.29160072099876,7.4998,4.453303057333263e-05
656,80.4136154709995,8.0394,4.459941207999994e-05
657,80.53390906499953,8.0026,4.466771958722146e-05
658,80.65507179499946,7.8667,4.473408430888816e-05
659,80.77621827700023,7.622,4.480126540444367e-05
660,80.8985624349989,7.7903,4.486868294611062e-05
661,81.01772546699976,7.7738,4.493655516777734e-05
662,81.13621253899873,7.7162,4.5002903993333044e-05
663,81.25695744299992,7.8466,4.506870138000017e-05
664,81.37810044499929,8.2517,4.513564401777735e-05
665,81.49960683300014,7.9959,4.520321301055548e-05
666,81.61969348399907,8.0022,4.527049529777792e-05
667,81.74142420499993,7.8197,4.5337304741666834e-05
668,81.86655267899914,7.705,4.54055048355551e-05
669,81.98863289699875,7.5587,4.547435291388865e-05
670,82.11016767399997,7.7519,4.55421384349999e-05
671,82.2332571019997,7.8899,4.560965411444462e-05
672,82.35699826699965,7.7295,4.567802142111052e-05
673,82.48056169399933,7.7462,4.574746461722195e-05
674,82.60157937799886,7.5195,4.5815470965555706e-05
675,82.72277166999993,7.7453,4.5882749415555334e-05
676,82.84325872199952,7.4435,4.595006494833292e-05
677,82.96011559699946,8.082,4.601698573277746e-05
678,83.08058190599877,7.3934,4.608187021055528e-05
679,83.20201662099862,7.7635,4.6148795382777185e-05
680,83.32329787900017,8.1101,4.621636813111056e-05
681,83.44651043299928,8.1482,4.6283714342777487e-05
682,83.5673771189995,7.5775,4.635204957944451e-05
683,83.689089599,8.1113,4.641935334888836e-05
684,83.81227572199896,7.9957,4.648681548722177e-05
685,83.9342456309987,7.5775,4.655523211500016e-05
686,84.05638550499862,7.9535,4.662305370611042e-05
687,84.17704585699903,7.4793,4.6690899943332626e-05
688,84.298422337999,8.017,4.675797101833269e-05
689,84.42118141699939,8.1177,4.682541010277722e-05
690,84.5424470580001,8.0703,4.689361902555498e-05
691,84.66335341899867,7.7585,4.6960981903888144e-05
692,84.78375088099892,7.5509,4.70281009549995e-05
693,84.90382340999895,7.5476,4.7095056389999734e-05
694,85.02556827300032,7.9332,4.7161791498888814e-05
695,85.14633949999916,7.4149,4.722944755722185e-05
696,85.26681724199989,7.9363,4.729650473777737e-05
697,85.39001508000001,8.0834,4.736344758722226e-05
698,85.512200965999,7.7317,4.743184630111096e-05
699,85.63297325500025,7.3683,4.7500005566666413e-05
700,85.7549689970001,8.0804,4.756689794277716e-05
701,85.87423936899904,7.3027,4.7634611204999195e-05
702,85.99478806600018,7.8624,4.7700911326665947e-05
703,86.11757861499973,7.6969,4.776789383611079e-05
704,86.23851482999999,7.6162,4.783601567055485e-05
705,86.36189482999907,8.146,4.790330994000013e-05
706,86.48584739199941,7.1566,4.797173548277796e-05
707,86.60658644499927,7.6788,4.8040859419444235e-05
708,86.72723250499985,7.9814,4.8107749208332586e-05
709,86.84842569699867,7.7516,4.817480596055551e-05
710,86.968362960999,7.0412,4.824206616611062e-05
711,87.08574583500013,7.8914,4.830872767888852e-05
712,87.20890750299986,8.1277,4.837383668888834e-05
713,87.32831315699877,7.7238,4.844225156222214e-05
714,87.44838513299874,6.8927,4.8508767271666026e-05
715,87.56760960099928,6.8464,4.8575465750554946e-05
716,87.68825594999907,7.3459,4.864161357999971e-05
717,87.80948384299882,7.6388,4.8708705964444464e-05
718,87.93148142999962,7.7629,4.8775990823332906e-05
719,88.05613589399945,7.8601,4.8843769007777765e-05
720,88.179507765999,7.2254,4.891299140833326e-05
721,88.30241378199935,7.4195,4.8981543549443814e-05
722,88.42449469699932,7.976,4.904992204055513e-05
723,88.54622918899986,8.1824,4.911768394555516e-05
724,88.66777361899949,7.9573,4.918523772055475e-05
725,88.78913285999988,7.8239,4.925284633944405e-05
726,88.91198962099952,7.0502,4.9320261215554845e-05
727,89.03425014099957,8.073,4.938850056111127e-05
728,89.1541929799987,7.6955,4.9456429888333436e-05
729,89.27654887300014,7.5452,4.952315472555509e-05
730,89.39917705999869,7.9075,4.959097327555557e-05
731,89.51954948899947,7.577,4.965919652500008e-05
732,89.63991194099981,7.2694,4.9726080571666294e-05
733,89.7614812619995,7.4132,4.9792915549444133e-05
734,89.88491276700006,8.1554,4.986038281722156e-05
735,90.00548973100013,7.334,4.992890962333351e-05
736,90.1264286709993,7.2618,4.999608305333317e-05
737,90.24768775499979,7.3353,4.999296068234574e-05
738,90.37094513899865,7.9312,4.998547259154327e-05
739,90.49222115599878,7.8922,4.997788126543218e-05
740,90.61266056299974,7.4765,4.997039429080247e-05
741,90.7350426920002,7.9701,4.996294213771605e-05
742,90.85536938099904,6.8523,4.995540726419755e-05
743,90.97681181499865,7.8434,4.994797701944449e-05
744,91.09767685299994,7.8794,4.994049150876542e-05
745,91.22004593099882,7.3254,4.993296115814814e-05
746,91.34362832399893,7.4441,4.992546125598769e-05
747,91.4619540650001,7.0101,4.991782596358024e-05
748,91.58397668999896,7.9917,4.991052380654327e-05
749,91.70510072700017,7.6817,4.9903010662098754e-05
750,91.82773202599856,7.3476,4.9895531393456875e-05
751,91.94690269300008,6.9885,4.988795574561732e-05
752,92.06902614199862,7.8585,4.988059906314818e-05
753,92.19085360799909,7.8116,4.9873072137160545e-05
754,92.31079658199997,7.5514,4.9865539952407396e-05
755,92.43239894599901,7.5912,4.985813931796297e-05
756,92.55165744999977,7.0384,4.985064452271611e-05
757,92.6727967579991,7.5398,4.9843268527160553e-05
758,92.79614339099862,7.7576,4.9835777240493855e-05
759,92.91798086999916,7.6817,4.982817514413584e-05
760,93.03931787999863,7.1561,4.982065690919761e-05
761,93.15732320399911,7.2498,4.981310049777777e-05
762,93.27846235799916,8.0447,4.9805880277098835e-05
763,93.39747374099898,7.3707,4.979840725728402e-05
764,93.51780821699867,7.3415,4.979105883827164e-05
765,93.63826748599968,7.3414,4.978362794253091e-05
766,93.75833837999926,6.4199,4.977619912654327e-05
767,93.8808986139993,7.5468,4.976877518864204e-05
768,94.00090151999939,7.6498,4.976122310617288e-05
769,94.12144549599907,7.7357,4.975381364197538e-05
770,94.24132708499928,7.7413,4.974636633895067e-05
771,94.36035291299959,7.7023,4.973896539462972e-05
772,94.48160699300024,7.4654,4.973161806395071e-05
773,94.60474828599945,7.3112,4.972414422104936e-05
774,94.72720002599999,8.0261,4.971653760179014e-05
775,94.84742986299898,6.7555,4.970898200493835e-05
776,94.96776225299982,7.5251,4.9701537232037066e-05
777,95.08874056700006,7.5116,4.969411893888887e-05
778,95.21019633799915,7.8927,4.968665671197538e-05
779,95.3296139060003,7.0162,4.967915646876542e-05
780,95.45169152899871,8.297,4.9671793428333335e-05
781,95.57263909099856,6.9749,4.966426308592598e-05
782,95.69493481999962,8.1872,4.96567888132099e-05
783,95.815349004999,7.0578,4.964924166759262e-05
784,95.93492206999872,7.3008,4.9641799013641974e-05
785,96.05474402999971,7.5628,4.9634414785493874e-05
786,96.1785135329992,7.6529,4.9627020344444504e-05
787,96.3006689369995,7.6388,4.9619393886172885e-05
788,96.42193507399861,7.983,4.9611849006851906e-05
789,96.54172106399892,7.1893,4.960435245308648e-05
790,96.66270185899884,7.7034,4.959696959635803e-05
791,96.78515958000025,7.1631,4.958950885135802e-05
792,96.90596685299897,7.4175,4.9581946354753126e-05
793,97.02516913899854,6.7894,4.957448935185188e-05
794,97.14526678699985,7.4138,4.956712567228396e-05
795,97.26569254599963,7.4753,4.955971331000001e-05
796,97.38680134999959,7.4377,4.955228946567904e-05
797,97.50587299200015,6.9045,4.954481124888889e-05
798,97.62613169999895,7.0729,4.953744871845685e-05
799,97.74702882800011,7.7619,4.9530034142469195e-05
800,97.87040399599937,6.9351,4.952256816728404e-05
801,97.99194985000031,8.2335,4.951495355191358e-05
802,98.11407979099931,7.9404,4.950745782191366e-05
803,98.236318235,7.7004,4.9499911023086486e-05
804,98.35563818099945,7.6283,4.949237834740741e-05
805,98.47686674499892,7.4361,4.948499039092591e-05
806,98.59897879100026,7.8853,4.947751767925924e-05
807,98.72235401099897,7.8846,4.946998053722225e-05
808,98.84563708699898,7.5938,4.946236268086427e-05
809,98.96816500400018,7.6622,4.9454752248086465e-05
810,99.0892107439995,7.0201,4.944717934197539e-05
811,99.21117169900026,7.6117,4.9439717003271634e-05
812,99.3315383070003,7.1563,4.943219537901235e-05
813,99.45332774499911,7.8852,4.942474467493827e-05
814,99.57393664899973,7.1624,4.941723785376545e-05
815,99.69641851699998,7.8578,4.94097977807408e-05
816,99.81722247499965,7.6595,4.940224100055556e-05
817,99.93597178599885,6.6714,4.939478392839506e-05
818,100.05683754100028,8.1356,4.938744002018526e-05
819,100.17918709500009,7.4437,4.937994983302478e-05
820,100.30104559699976,7.5585,4.9372429675308646e-05
821,100.42285139900014,7.7534,4.936491226395065e-05
822,100.54233434100024,7.5817,4.935739335882722e-05
823,100.66282503899856,7.6127,4.9350012736358063e-05
824,100.7843449840002,7.3211,4.9342524364135815e-05
825,100.90417965399865,7.3633,4.933507013419757e-05
826,101.02717067999947,7.6456,4.932766314759265e-05
827,101.14914806500019,7.4222,4.9320097335000054e-05
828,101.27087021999978,7.5911,4.93125588043827e-05
829,101.39203396499943,6.9579,4.930504275228396e-05
830,101.51405462099865,7.605,4.929756678722226e-05
831,101.63662768799986,7.9436,4.929003974796301e-05
832,101.75887951799996,8.0164,4.9282480275123484e-05
833,101.8812803009987,6.891,4.927489564339508e-05
834,102.00130551899929,7.2639,4.926736898925934e-05
835,102.12326449200009,7.7206,4.925995515358027e-05
836,102.2451661569994,7.6103,4.925243108487658e-05
837,102.36503077599991,6.8419,4.924491523253095e-05
838,102.48734282300029,7.7796,4.9237503393086414e-05
839,102.60843343899978,7.567,4.922996766524698e-05
840,102.72923769199951,7.3054,4.9222487458765495e-05
841,102.85058883199963,7.7302,4.921502451370375e-05
842,102.97111789999872,7.709,4.920753686648149e-05
843,103.09237078299884,7.2731,4.920008306481488e-05
844,103.21219228299924,7.1552,4.9192597540432186e-05
845,103.33018229200025,6.5926,4.9185211321543236e-05
846,103.4526379580002,7.7052,4.917792013722231e-05
847,103.57385563199932,7.0407,4.917038502567906e-05
848,103.69686485199963,7.9976,4.9162885483148205e-05
849,103.82019988899992,7.7748,4.9155296244444455e-05
850,103.94165450299988,7.5056,4.914768540388897e-05
851,104.06322026399903,7.7485,4.914018890882716e-05
852,104.18319546699968,7.4403,4.9132681576049414e-05
853,104.30231629700029,7.1412,4.912526971864203e-05
854,104.4253703559989,7.8256,4.911791840512347e-05
855,104.54728135000005,7.396,4.91103310341358e-05
856,104.6691426819998,7.7928,4.9102802782160583e-05
857,104.79046432599898,7.4388,4.909529197172841e-05
858,104.91248622999956,7.809,4.9087797246604935e-05
859,105.03455585600022,7.6117,4.908026395327162e-05
860,105.15532115799942,7.3373,4.907273244055556e-05
861,105.27455692100011,7.3861,4.906525355845678e-05
862,105.39660959499997,7.8509,4.9057901868580326e-05
863,105.51949432499896,7.0951,4.905038933123465e-05
864,105.63995319599962,8.1531,4.904278800580251e-05
865,105.7600188969991,7.2163,4.9035354450000086e-05
866,105.87944160999905,7.4305,4.9027935303827155e-05
867,106.00168847999885,7.2751,4.902056491432104e-05
868,106.12321061299917,7.3221,4.9013017431913606e-05
869,106.24173281299954,7.3966,4.900552605561733e-05
870,106.36246827799914,7.937,4.899819830018523e-05
871,106.48441300899867,6.943,4.899074845296296e-05
872,106.6073629019993,7.5197,4.8983213563580295e-05
873,106.72835184499854,6.4426,4.8975638366728386e-05
874,106.85120960399945,7.6826,4.896816527030864e-05
875,106.97175220099962,6.6354,4.896058506864202e-05
876,107.09249811999871,7.5909,4.895313598697534e-05
877,107.21408719899955,7.4116,4.89456844467902e-05
878,107.33346148799865,7.5229,4.893817880944454e-05
879,107.45651743799863,7.9308,4.893081274320992e-05
880,107.57897858799879,8.0586,4.8923232634012415e-05
881,107.70093866999923,7.1165,4.891566509419753e-05
882,107.82241339499888,7.5254,4.8908127078888875e-05
883,107.94515210399913,7.3908,4.8900622889382756e-05
884,108.06604182699994,7.3863,4.889305779746916e-05
885,108.18972759499957,7.7112,4.888558815283959e-05
886,108.31120144799934,7.3329,4.887796803376547e-05
887,108.43024621499899,7.704,4.887044840209882e-05
888,108.55142838000029,7.7383,4.886309896228397e-05
889,108.67248816000028,7.5478,4.885563542129637e-05
890,108.79660418899948,7.3866,4.884815729771606e-05
891,108.91866176199983,7.8154,4.884050650543211e-05
892,109.0400538899994,7.8233,4.8832961456605014e-05
893,109.1618816249993,7.1334,4.8825466674197517e-05
894,109.2834642279995,7.625,4.881793053296299e-05
895,109.40822817799926,7.8842,4.881045190333332e-05
896,109.53030753500025,6.843,4.880273961148148e-05
897,109.64910993899866,7.111,4.8795207687345725e-05
898,109.77014596299887,7.4744,4.878785867623455e-05
899,109.88922280599945,7.5552,4.878040967092591e-05
900,110.01221714599887,6.8107,4.877304842629639e-05
901,110.1304912859996,7.4279,4.8765455774753074e-05
902,110.25018466899928,6.3568,4.875817002851857e-05
903,110.37385483700018,7.4069,4.875076622833339e-05
904,110.49483071099894,6.7631,4.874314357641983e-05
905,110.61625288599862,7.5216,4.873566932691361e-05
906,110.73746090599889,7.4821,4.87281773674692e-05
907,110.85914894099915,7.7681,4.872069241679016e-05
908,110.98204141899987,7.8236,4.871318413382714e-05
909,111.10159296100028,7.3098,4.870555693969144e-05
910,111.22291977699933,7.1521,4.869821108654328e-05
911,111.34364572599952,7.1179,4.8690714405802504e-05
912,111.46380430099998,6.5158,4.868326236358023e-05
913,111.58433293399867,7.0008,4.8675850447901294e-05
914,111.70474701899911,7.4246,4.866841191956795e-05
915,111.82572001399967,7.2598,4.866098184302471e-05
916,111.9464444690002,6.6898,4.8653499078642023e-05
917,112.06711928299956,7.0563,4.864605222851851e-05
918,112.18660159399951,7.2753,4.863861569771613e-05
919,112.3079431189999,7.3216,4.863124125820989e-05
920,112.42915041199922,7.5513,4.862373772395069e-05
921,112.55026744799943,6.6732,4.861627334932104e-05
922,112.67194948699944,7.6679,4.860879059796299e-05
923,112.79496438800015,7.5753,4.860128865987654e-05
924,112.91770737499974,7.5379,4.859368314888893e-05
925,113.03816231499877,7.1418,4.858611126240742e-05
926,113.15857836800024,7.3829,4.857865612753094e-05
927,113.28117257399936,7.5355,4.8571240180987654e-05
928,113.39963240299949,7.0069,4.856367473209884e-05
929,113.51958064599967,7.4923,4.8556352795926e-05
930,113.6405353479986,7.3754,4.854895700925934e-05
931,113.76622183299878,7.4007,4.8541495702098856e-05
932,113.88803412000016,6.6444,4.8533725871481504e-05
933,114.01029502599886,7.793,4.8526200295000084e-05
934,114.1309330490003,7.8312,4.8518668410061754e-05
935,114.25177031800013,7.3188,4.851120968586421e-05
936,114.37251859999924,7.7515,4.850375741734572e-05
937,114.49274821499966,7.6046,4.849631139061729e-05
938,114.61213483199936,7.3629,4.8488884800370355e-05
939,114.7340499740003,7.8621,4.848151245913588e-05
940,114.85628097799963,7.5299,4.8473989340617346e-05
941,114.97708826599956,7.8015,4.846638447648157e-05
942,115.09667504400022,7.4958,4.845898535777777e-05
943,115.21738507899863,6.7865,4.845159255290128e-05
944,115.33824803799871,7.4372,4.844415418388895e-05
945,115.45821025700025,7.1371,4.843668939086422e-05
946,115.58005253099873,7.0921,4.8429278886604965e-05
947,115.70354665899868,7.9856,4.842176134814823e-05
948,115.82642757099893,8.3443,4.841415250679022e-05
949,115.94821724899884,6.9117,4.840655729549382e-05
950,116.07164637099959,7.901,4.839903912598767e-05
951,116.19294186299885,7.4578,4.8391407483518544e-05
952,116.31424554200021,7.6142,4.838392475635812e-05
953,116.4343917770002,8.0181,4.8376442631419824e-05
954,116.5512972689994,7.9243,4.836902421117289e-05
955,116.67452288899949,7.3881,4.8361817888888946e-05
956,116.79680596300022,7.7897,4.835421032500001e-05
957,116.91825751800025,7.154,4.834664997543219e-05
958,117.04041900999982,7.7992,4.833915050283957e-05
959,117.16208417099915,7.3038,4.83316236322223e-05
960,117.28329089099861,7.4466,4.832410626827166e-05
961,117.40251364799951,7.0396,4.831663394753085e-05
962,117.523255529999,7.5804,4.830926469913586e-05
963,117.64446606299862,7.2199,4.8301814951604976e-05
964,117.76416907999919,6.7317,4.8294336628395076e-05
965,117.88243308399979,7.425,4.82869426830247e-05
966,118.00112245499986,7.2622,4.827964253771611e-05
967,118.12253989499914,7.279,4.8272319492407405e-05
968,118.24416452699916,7.8026,4.826482655586421e-05
969,118.36745414399957,7.7343,4.825730583611111e-05
970,118.49036377700031,7.8064,4.824971185308641e-05
971,118.61460501399961,7.4657,4.8242120265061734e-05
972,118.73706885499996,7.5282,4.8234448847962974e-05
973,118.85673562099873,7.2368,4.822689319944447e-05
974,118.97549600399907,7.298,4.821949623679016e-05
975,119.0978840480002,7.2374,4.821216187771611e-05
976,119.21827256399956,6.6562,4.8204620983209855e-05
977,119.33921702099906,6.8933,4.8197182793765475e-05
978,119.45749293500012,6.7337,4.818972037444444e-05
979,119.58049845999994,6.7934,4.8182408266419783e-05
980,119.6992202019992,7.0861,4.817482557413583e-05
981,119.8219214949986,6.5877,4.81675050268519e-05
982,119.94248720099858,7.6313,4.815991701314814e-05
983,120.05969143599941,7.9053,4.8152478642222275e-05
984,120.18146138799966,7.1347,4.814525821160501e-05
985,120.30123530499986,7.3257,4.813772953327159e-05
986,120.4226695819998,6.8121,4.8130327777160484e-05
987,120.54682488300023,7.9124,4.8122834343271675e-05
988,120.6697842020003,7.6128,4.81151771795062e-05
989,120.79169574699881,7.5976,4.8107587731111146e-05
990,120.91320445099882,7.5252,4.8100062853456825e-05
991,121.035654927,7.6564,4.809255379820997e-05
992,121.15412374999869,7.4369,4.808499845691361e-05
993,121.27770546899956,7.7655,4.80776674463581e-05
994,121.40163163899888,6.4148,4.807006417290127e-05
995,121.52472558899899,7.2009,4.8062418265308675e-05
996,121.64681584999926,7.468,4.8054812811790135e-05
997,121.76736960699964,6.8925,4.804726996777783e-05
998,121.88673034199928,7.4077,4.803983093203706e-05
999,122.00897120300033,7.2301,4.803246581265436e-05
1000,122.13064713099993,7.3419,4.8024922100925956e-05
1001,122.2530059949986,7.5316,4.8017386866419804e-05
1002,122.37439355999959,6.7897,4.8009847895679104e-05
1003,122.49786730499909,7.0192,4.800235955827164e-05
1004,122.62030696500005,7.4291,4.799474063716057e-05
1005,122.74153695799941,7.6728,4.798717706246918e-05
1006,122.86276624199854,7.5177,4.7979701412037056e-05
1007,122.98459141199965,6.7531,4.797219842012347e-05
1008,123.1027893419996,7.4136,4.7964694072716046e-05
1009,123.22671462799917,7.4188,4.795741268962968e-05
1010,123.34903846099951,7.7423,4.79497494574692e-05
1011,123.46940041599919,6.0033,4.794220292709882e-05
1012,123.59018829999877,7.652,4.793476366567906e-05
1013,123.70916628099985,7.6051,4.7927317967530856e-05
1014,123.82845982700019,6.6046,4.791996472253086e-05
1015,123.9506106939989,7.5419,4.791260416574073e-05
1016,124.07112248500016,7.2864,4.790506745580253e-05
1017,124.19280945599894,6.4731,4.7897636306851846e-05
1018,124.31545585399908,7.5528,4.789011549783959e-05
1019,124.63786729399908,7.1939,4.788254844228404e-05
1020,124.7599412239997,7.2575,4.786264394432097e-05
1021,124.88273426199885,7.3494,4.785510914728401e-05
1022,125.00478315999862,7.2127,4.7847521772839485e-05
1023,125.12524911899891,7.2195,4.783998383086429e-05
1024,125.24628214499899,7.368,4.783255200024699e-05
1025,125.3659096249994,7.8902,4.782508595666671e-05
1026,125.48842547899949,6.9868,4.7817708949691406e-05
1027,125.60809657899881,7.1687,4.781014875265437e-05
1028,125.72966562999864,7.8268,4.78027530677778e-05
1029,125.8493341430003,6.3692,4.779525477259265e-05
1030,125.97276884100029,7.8866,4.778785675185185e-05
1031,126.09564741199938,7.6126,4.778024990506176e-05
1032,126.21867843899963,7.7559,4.777265737049383e-05
1033,126.3399689529997,6.8307,4.776506741530868e-05
1034,126.4627543079987,7.6638,4.7757568866358117e-05
1035,126.5808419240002,6.8693,4.775000418092599e-05
1036,126.69911633499942,6.7436,4.774269758092599e-05
1037,126.82041631599895,7.3767,4.773540181919762e-05
1038,126.94142461499905,7.419,4.7727921654321024e-05
1039,127.06305968699962,7.706,4.7720450146604925e-05
1040,127.18531619299938,7.0433,4.7712935920864185e-05
1041,127.30811917599931,7.2411,4.770539578462971e-05
1042,127.42927794699972,7.1408,4.7697807541234634e-05
1043,127.54836887700003,6.6485,4.769033022141982e-05
1044,127.6695767759993,7.65,4.768297643018528e-05
1045,127.79050004399869,7.3141,4.767550818246918e-05
1046,127.91412700099863,7.8311,4.766803210148147e-05
1047,128.03584806099934,7.6015,4.766041308913586e-05
1048,128.1577547979996,7.2931,4.7652898010740805e-05
1049,128.27796984999986,5.8844,4.764536371543211e-05
1050,128.3966956109998,6.7055,4.7637935737963e-05
1051,128.51734838099947,7.3291,4.763060394938271e-05
1052,128.63775127000008,5.6244,4.762317541419752e-05
1053,128.76068980499986,7.8188,4.761572540030865e-05
1054,128.88420545499866,7.2038,4.760814934672847e-05
1055,129.00566214199898,7.1117,4.7600525573888946e-05
1056,129.12751401499918,6.8369,4.7593016638703703e-05
1057,129.24693727699923,6.9123,4.7585499997160556e-05
1058,129.368652268,7.0618,4.757812504771614e-05
1059,129.49327532299867,7.141,4.757061713987657e-05
1060,129.61707734499942,7.3562,4.756293052635803e-05
1061,129.73984049299906,6.4772,4.7555281442160485e-05
1062,129.86334763299965,7.5662,4.754770686419761e-05
1063,129.98428348499874,6.8745,4.754008929012355e-05
1064,130.1059519399987,7.3005,4.7532614984074155e-05
1065,130.22622309899998,6.9188,4.7525107680925954e-05
1066,130.3474771809997,6.5599,4.7517680294506227e-05
1067,130.46711054200023,7.702,4.751019832524693e-05
1068,130.5854492719991,5.864,4.75028088676543e-05
1069,130.7064601059992,7.0422,4.7495505233086486e-05
1070,130.82629036099934,7.3116,4.748803823611121e-05
1071,130.94927937699867,7.5839,4.748063133740749e-05
1072,131.0705204799997,7.3929,4.747305193561732e-05
1073,131.19267247599964,7.2643,4.7465568729321044e-05
1074,131.3162822209997,6.8606,4.745802752209885e-05
1075,131.43659657999888,7.7362,4.7450398840617286e-05
1076,131.5574940839997,7.4294,4.744296583506173e-05
1077,131.67919720099962,7.5422,4.743549854623465e-05
1078,131.79934887199852,6.7174,4.742799452901243e-05
1079,131.92332797199924,7.2907,4.742056963290126e-05
1080,132.0446690179997,6.8035,4.7412924920925906e-05
1081,132.1657606890003,7.3696,4.740543832283958e-05
1082,132.28798619999907,7.0483,4.7397964485432154e-05
1083,132.40910782799983,7.3252,4.739041509104937e-05
1084,132.53142447699975,7.7203,4.738293250907416e-05
1085,132.65390936599943,7.5531,4.7375390963580344e-05
1086,132.7756611650002,7.0081,4.7367833126172857e-05
1087,132.89905358000033,7.6729,4.7360309427716143e-05
1088,133.02007147399854,7.3831,4.7352697755061707e-05
1089,133.14094388000012,7.5672,4.734521653802471e-05
1090,133.2623757379988,7.0781,4.7337762032098844e-05
1091,133.38291104999917,7.196,4.733027386154323e-05
1092,133.50297512399993,7.1908,4.732281992975308e-05
1093,133.62410831600027,7.5056,4.731541466345682e-05
1094,133.74473583500003,7.1804,4.7307934664506185e-05
1095,133.86687295199954,7.2463,4.7300491240370394e-05
1096,133.98653469300007,5.5114,4.729295715672839e-05
1097,134.10642080300022,7.1343,4.7285566395432155e-05
1098,134.22879708799883,7.4612,4.727816746561738e-05
1099,134.35004589799973,7.2952,4.72706116128395e-05
1100,134.47090573099922,7.7726,4.726312699925928e-05
1101,134.59292968299997,7.033,4.7255663511605014e-05
1102,134.71433966599943,7.3534,4.724812876074074e-05
1103,134.834694191999,5.4895,4.724063836586426e-05
1104,134.95499635600027,6.9305,4.72332058670988e-05
1105,135.07564899599856,6.2729,4.722577436456791e-05
1106,135.19580463799866,5.6263,4.721833134907414e-05
1107,135.31836798599943,7.4941,4.721091978401237e-05
1108,135.4408431060001,7.0881,4.720335861703708e-05
1109,135.56039589600005,6.9398,4.719580087820995e-05
1110,135.68089190599858,7.5425,4.718840746154321e-05
1111,135.80450867099898,7.6903,4.718097583586426e-05
1112,135.92558452699996,6.987,4.7173348159691436e-05
1113,136.0475203879996,7.4227,4.716586611641981e-05
1114,136.16919677999977,7.0721,4.715833743537037e-05
1115,136.28863910899963,5.2718,4.715083360679015e-05
1116,136.4115480979999,7.3837,4.7143447215123474e-05
1117,136.5340989260003,7.6,4.713587787129632e-05
1118,136.65526468999997,7.3525,4.7128298990123485e-05
1119,136.77604680100012,7.5209,4.712082191716058e-05
1120,136.89592276300027,7.594,4.7113370860987646e-05
1121,137.01559585799987,6.2471,4.710596660148148e-05
1122,137.1373528339991,7.4465,4.7098586498765415e-05
1123,137.25875148500018,7.5873,4.709107799030868e-05
1124,137.3765270490003,7.8973,4.708358208833342e-05
1125,137.49943722999888,7.3819,4.707631057407413e-05
1126,137.61872303400014,7.1782,4.706872526549382e-05
1127,137.74082260799878,6.5344,4.706132480913586e-05
1128,137.86305895999976,7.2492,4.705381786734573e-05
1129,137.98463452099895,6.7445,4.7046258714135886e-05
1130,138.10533919499903,7.1843,4.703876445648157e-05
1131,138.22759235099875,7.0048,4.7031300643827234e-05
1132,138.34628890400018,6.4781,4.7023765459135794e-05
1133,138.46650274999956,7.4845,4.7016432329320976e-05
1134,138.58591103199979,6.7051,4.700902486092594e-05
1135,138.70691401600016,6.7841,4.700164974870376e-05
1136,138.82471073600027,7.4343,4.6994178587098795e-05
1137,138.94806764500026,7.3302,4.6986927479259254e-05
1138,139.0715850359993,7.4284,4.6979297913086485e-05
1139,139.19250824799929,6.8068,4.6971669615987694e-05
1140,139.31387921699934,7.8543,4.696421176765432e-05
1141,139.43598758999906,7.011,4.6956711589135824e-05
1142,139.5585193879997,7.0057,4.694917437006181e-05
1143,139.68024840999897,7.163,4.694157730253086e-05
1144,139.80206112999986,7.283,4.693409849962965e-05
1145,139.92239468799926,6.5891,4.692658078617289e-05
1146,140.0439575119999,7.5861,4.6919156213518564e-05
1147,140.1667345299993,6.8938,4.691165337827162e-05
1148,140.2874393509992,7.5874,4.690407648209882e-05
1149,140.4078497190003,6.7447,4.6896627319567955e-05
1150,140.52879083799962,6.5341,4.6889200177716076e-05
1151,140.64622739100014,7.2647,4.688172468444452e-05
1152,140.76674072399874,6.9657,4.687448556185184e-05
1153,140.88874305099853,7.0938,4.686702756512351e-05
1154,141.00961741900028,7.319,4.685949984364206e-05
1155,141.13287141799992,7.5039,4.685204604080253e-05
1156,141.25719217799997,7.7456,4.6844432727716094e-05
1157,141.3808707070002,7.6309,4.683676592660499e-05
1158,141.50445827799922,6.935,4.682913505104942e-05
1159,141.62573092299863,7.4197,4.6821514154135795e-05
1160,141.74724912999955,7.7184,4.681401318179011e-05
1161,141.86917134899886,6.6763,4.680651369882723e-05
1162,141.99280411600012,7.2997,4.6798991375061756e-05
1163,142.11537200199928,7.3311,4.679135721555561e-05
1164,142.23627222199866,6.7385,4.678378539882718e-05
1165,142.35925901799965,7.5465,4.677630910308644e-05
1166,142.48232252599882,6.7393,4.6768736937654377e-05
1167,142.6017747320002,6.5797,4.676110656395069e-05
1168,142.72170296699915,7.1696,4.6753759185123476e-05
1169,142.84365594100018,6.5372,4.6746351538641976e-05
1170,142.96512342799906,6.8842,4.673883561648151e-05
1171,143.08392647799883,7.5974,4.6731337587716106e-05
1172,143.20256239300033,6.601,4.672397657425925e-05
1173,143.32689243599998,7.3957,4.671666699240744e-05
1174,143.45037248299923,7.545,4.670900654648151e-05
1175,143.56982758999948,7.1484,4.6701373369506196e-05
1176,143.6920789929991,7.4255,4.669400485012352e-05
1177,143.81299378899894,6.9648,4.6686464666172916e-05
1178,143.9354684459995,7.366,4.667898982493833e-05
1179,144.0553514359999,6.7257,4.667143824024696e-05
1180,144.1749465039993,6.3386,4.666402865549392e-05
1181,144.2951274799998,6.9717,4.665659934067909e-05
1182,144.41722539399962,7.0411,4.6649236584814876e-05
1183,144.53866282299896,6.9266,4.664169893716058e-05
1184,144.6612322009987,7.0385,4.663420657302472e-05
1185,144.78213638600027,7.3257,4.6626641775740804e-05
1186,144.90105501499966,6.9679,4.661917719049385e-05
1187,145.02401885399922,7.7582,4.661184320746914e-05
1188,145.14657483500014,7.3996,4.660423318888891e-05
1189,145.26906900699942,7.3407,4.6596667341543285e-05
1190,145.39050204900013,7.0849,4.658911090858033e-05
1191,145.51045320899902,7.2724,4.658161012592594e-05
1192,145.63136402999953,6.2307,4.6574206924382744e-05
1193,145.75092310499895,6.7311,4.6566739099814894e-05
1194,145.8729944509996,7.3921,4.655936395808645e-05
1195,145.99795823099885,7.3209,4.655183587858029e-05
1196,146.11983578699983,7.4386,4.654412157993827e-05
1197,146.23979238799984,6.984,4.653655721962962e-05
1198,146.361787586,6.9694,4.652918954574073e-05
1199,146.48511847699956,7.0791,4.652160202191361e-05
1200,146.60661286699906,7.0974,4.651404989469136e-05
1201,146.7271239490001,6.0453,4.650654543462965e-05
1202,146.84903026899883,6.7295,4.649910493851852e-05
1203,146.97084446699955,6.8685,4.6491593798641983e-05
1204,147.0907014659988,7.417,4.648406684012352e-05
1205,147.20911710499968,6.864,4.6476656469938265e-05
1206,147.3290086929992,7.1702,4.64693561078395e-05
1207,147.4515330359991,7.6582,4.6461959964135873e-05
1208,147.5716848969987,6.6752,4.645439065104941e-05
1209,147.69199097199999,7.1319,4.644698048888895e-05
1210,147.8150581709997,7.4888,4.6439545916049454e-05
1211,147.938484848999,7.4696,4.643195477580248e-05
1212,148.06093011899975,7.3998,4.6424341210678996e-05
1213,148.18202212100005,7.2503,4.641677638697538e-05
1214,148.30648578399996,6.7085,4.6409292972469156e-05
1215,148.4311297789991,7.1667,4.640161727345688e-05
1216,148.5520443819987,6.8132,4.639393074351855e-05
1217,148.6698108499986,7.5181,4.63864619515433e-05
1218,148.78953050899872,7.7366,4.637919926703708e-05
1219,148.90987190899978,6.9325,4.637179958376546e-05
1220,149.03112964199863,7.0919,4.636437067000007e-05
1221,149.15324701399913,7.3291,4.6356887911666644e-05
1222,149.2749763869997,6.2255,4.634935991734566e-05
1223,149.39321764899978,7.0795,4.6341840852777816e-05
1224,149.51659395099887,6.9397,4.633454990203703e-05
1225,149.63946761899933,6.6423,4.632692537030863e-05
1226,149.76423021200026,7.2352,4.6319313252963053e-05
1227,149.88650307999887,7.4292,4.6311628273518596e-05
1228,150.01044827899932,7.5294,4.630409115851852e-05
1229,150.13047306399858,6.0961,4.629643510833342e-05
1230,150.25372030699873,7.2634,4.628901435191359e-05
1231,150.37717179900028,6.106,4.628141795932101e-05
1232,150.49910941899907,7.4629,4.6273807879506195e-05
1233,150.6200384219992,6.767,4.626626443117285e-05
1234,150.74096825199922,7.5945,4.625879883265436e-05
1235,150.8613990979993,6.8544,4.625133442444448e-05
1236,150.98264243700032,7.0546,4.624391277308646e-05
1237,151.10474944899943,7.3044,4.6236418064814805e-05
1238,151.22642666999855,7.0037,4.622889249734569e-05
1239,151.34671766700012,7.1783,4.622136713561731e-05
1240,151.4686128889989,6.6828,4.621394617098764e-05
1241,151.58825999299916,6.977,4.620642908135801e-05
1242,151.7073984939998,7.6868,4.619903710993831e-05
1243,151.82638098200005,6.6065,4.61916870600618e-05
1244,151.94596500199987,5.6915,4.6184334953642056e-05
1245,152.06434320599874,7.3853,4.617695926080249e-05
1246,152.18707480899866,7.1578,4.61696595737655e-05
1247,152.3081310079997,7.4659,4.6162068517037085e-05
1248,152.43071373599923,7.3159,4.615460921438272e-05
1249,152.55328346500028,7.165,4.6147031975493905e-05
1250,152.67449398299868,7.1119,4.613946951716054e-05
1251,152.79856642999948,6.8697,4.6131984938642015e-05
1252,152.92013778199907,6.5681,4.612433244561735e-05
1253,153.04189416499867,7.6722,4.611682796123463e-05
1254,153.16184146500018,7.1668,4.61093147975926e-05
1255,153.28198926999903,5.3421,4.610191225981481e-05
1256,153.40343358499922,7.228,4.609448708265439e-05
1257,153.5209437199992,5.5912,4.608699074074083e-05
1258,153.64142618699952,6.9884,4.6079731702098844e-05
1259,153.76482119499997,7.8969,4.6072305944321054e-05
1260,153.8840701329991,7.0684,4.6064691054074124e-05
1261,154.00692770899877,7.0752,4.605727760364196e-05
1262,154.1283617680001,6.8415,4.60497391680247e-05
1263,154.24759435899978,6.8603,4.604224960814823e-05
1264,154.37062163100018,7.2387,4.603488517851856e-05
1265,154.49079412500032,7.1086,4.6027300816049436e-05
1266,154.61213587199927,7.0095,4.601986792104948e-05
1267,154.7340398239994,6.8879,4.60123880948148e-05
1268,154.85550927499935,5.8538,4.600485997728401e-05
1269,154.97465016000024,7.2043,4.599735977086424e-05
1270,155.09676092900008,7.3175,4.598999537790125e-05
1271,155.22147677999965,6.73,4.598246406259258e-05
1272,155.33940176899887,7.3684,4.5974778486172875e-05
1273,155.4596820679999,7.109,4.596749945944446e-05
1274,155.58313002499926,6.6152,4.596005772475312e-05
1275,155.70653215499988,7.1396,4.595245052913588e-05
1276,155.82912123200003,7.6408,4.594482434518526e-05
1277,155.95042597599968,6.9948,4.593725553388892e-05
1278,156.07319562799967,7.3746,4.592976470703704e-05
1279,156.19672678200004,6.7741,4.592219460716052e-05
1280,156.31787358699876,6.779,4.591456768123458e-05
1281,156.43593165399943,7.272,4.590708872975315e-05
1282,156.55762304000018,6.5917,4.589978894018523e-05
1283,156.67915661400002,6.9666,4.5892290451111195e-05
1284,156.7996562520002,7.9008,4.588478860117285e-05
1285,156.91834001899952,6.2272,4.587734089074078e-05
1286,157.03887549499996,6.8342,4.5869994951296384e-05
1287,157.16150786700018,7.1506,4.586258315160497e-05
1288,157.28228191000017,7.1119,4.585501772876544e-05
1289,157.40112529199905,6.9185,4.584755304123457e-05
1290,157.52222741100013,7.1981,4.5840218189444466e-05
1291,157.64145310999993,5.7479,4.583274893382724e-05
1292,157.76355679299922,7.0444,4.582538467080252e-05
1293,157.88422891399932,6.6559,4.581785576802478e-05
1294,158.00432638799975,7.5618,4.5810397902592674e-05
1295,158.12522352999986,7.2277,4.5802983441481495e-05
1296,158.24687818299935,6.4623,4.579551713154323e-05
1297,158.3689213739999,7.6248,4.578800765858028e-05
1298,158.49054868999883,7.55,4.5780480283209964e-05
1299,158.6101138569993,6.8604,4.577297353333332e-05
1300,158.72955731099864,6.749,4.576559347351858e-05
1301,158.84921123299864,6.7494,4.575821119993836e-05
1302,158.97203550199993,7.8721,4.575082425345679e-05
1303,159.0925509539993,7.3311,4.574324371259267e-05
1304,159.21357891799926,7.1651,4.5735804773518606e-05
1305,159.33625225499964,7.1059,4.572834374370371e-05
1306,159.4564562659998,7.3862,4.572076503320991e-05
1307,159.57562281299943,4.7829,4.571334349808644e-05
1308,159.69348277799872,7.6711,4.570595842364206e-05
1309,159.81572561699977,7.3585,4.5698708353950646e-05
1310,159.93798489300025,6.6492,4.569118035024693e-05
1311,160.06006731599882,6.9905,4.5683631289938276e-05
1312,160.18206597599965,6.7811,4.567608181672846e-05
1313,160.30433761599852,6.8551,4.566856156561732e-05
1314,160.42681542599894,7.4632,4.566101310055554e-05
1315,160.54932455999915,7.0399,4.565344381993827e-05
1316,160.66918586099928,6.9604,4.5645889551419776e-05
1317,160.7923922959999,7.5927,4.563847501080248e-05
1318,160.9134621989997,6.4011,4.563087788623464e-05
1319,161.03455765499893,7.6902,4.562341006580252e-05
1320,161.15591815299922,7.1684,4.561593355617289e-05
1321,161.27781244299877,7.5376,4.560844274154326e-05
1322,161.39993965199938,7.0457,4.56009259738889e-05
1323,161.5200841829992,7.3367,4.5593384211419734e-05
1324,161.6423715559995,7.2528,4.558595522438276e-05
1325,161.76539828099885,7.154,4.557841847537043e-05
1326,161.88581747399985,6.8673,4.557082510808644e-05
1327,162.0066253320001,7.4809,4.556338754919754e-05
1328,162.12835727799938,6.3525,4.5555932645555586e-05
1329,162.25064582999948,6.8257,4.5548409166172906e-05
1330,162.37172547199953,7.134,4.55408695196297e-05
1331,162.49323345299854,6.1315,4.553339010000002e-05
1332,162.61501036499976,7.2616,4.552589721500002e-05
1333,162.7367285069995,7.6253,4.551838091746919e-05
1334,162.856891808,7.4635,4.5510862967777807e-05
1335,162.97677330700026,7.286,4.550344316672838e-05
1336,163.0974741029986,7.5919,4.54960408297531e-05
1337,163.21756699599973,7.9068,4.548856487604941e-05
1338,163.34032747199853,7.2404,4.5481173139320996e-05
1339,163.46066333499948,6.2562,4.547360665018527e-05
1340,163.58202023400008,6.6611,4.546617508179011e-05
1341,163.70384905299943,7.5368,4.545867653425926e-05
1342,163.82644632099982,7.4722,4.5451159809444455e-05
1343,163.94902756099873,7.0183,4.544358884537045e-05
1344,164.0703469149994,6.8892,4.543602149870373e-05
1345,164.19304951599952,6.9932,4.5428542550679045e-05
1346,164.31499063299998,7.7607,4.54209590598766e-05
1347,164.43685952499982,7.4731,4.541344344456797e-05
1348,164.55868956700033,5.774,4.5405906228271634e-05
1349,164.6799291719999,7.0945,4.5398397802469216e-05
1350,164.80250728699866,7.5754,4.539091306413585e-05
1351,164.92566423799872,7.0945,4.5383351359876567e-05
1352,165.04817701899992,7.3264,4.537574529790124e-05
1353,165.17263297799946,6.4497,4.536818206975315e-05
1354,165.29367774099956,6.4944,4.536050493895065e-05
1355,165.41725305499858,7.43,4.5353004229691356e-05
1356,165.5397217009995,6.2055,4.534540296740746e-05
1357,165.66028365999955,6.1888,4.533783595537045e-05
1358,165.781212210999,6.9381,4.533039551234573e-05
1359,165.90346014399984,6.5768,4.532293442469134e-05
1360,166.02668465699935,6.6543,4.5315385952777817e-05
1361,166.1479923909992,6.6832,4.5307769143086445e-05
1362,166.27186659699873,7.9042,4.530028603104941e-05
1363,166.39247620499918,7.5584,4.529265306240744e-05
1364,166.51326578599947,7.5676,4.5285200231111156e-05
1365,166.6347185149989,6.1731,4.5277751543642044e-05
1366,166.75470749399938,7.5587,4.5270240728024745e-05
1367,166.87236163099988,7.3959,4.5262831823642005e-05
1368,166.99473466899872,6.1952,4.525558192012346e-05
1369,167.11783063700022,7.3146,4.524801654012348e-05
1370,167.2392652999988,6.6624,4.524036345808646e-05
1371,167.36065149899878,6.9071,4.523292924635803e-05
1372,167.4805707659998,6.8395,4.522543497074074e-05
1373,167.6036461299991,7.1163,4.521803381561734e-05
1374,167.7237766019989,7.2407,4.5210446285617324e-05
1375,167.8407527899999,7.4543,4.520301932290132e-05
1376,167.9648390149996,7.3955,4.519581244481484e-05
1377,168.08636415899855,6.423,4.5188144258642e-05
1378,168.20967506600027,6.032,4.518064207851857e-05
1379,168.3329331749992,6.6515,4.517302418654321e-05
1380,168.45513552099874,6.4097,4.516539325722224e-05
1381,168.57797636099895,7.5156,4.515786154555557e-05
1382,168.7006213629993,6.5807,4.515029934253085e-05
1383,168.82230006200007,7.632,4.514272495506175e-05
1384,168.94575588899897,7.6076,4.5135211465370355e-05
1385,169.06840319799994,7.2979,4.51275911082717e-05
1386,169.18932639299965,6.8745,4.511996428462967e-05
1387,169.31092858899865,7.0223,4.511255925308646e-05
1388,169.43522284199935,7.3663,4.510503954703707e-05
1389,169.55669273999956,7.7739,4.509737749722229e-05
1390,169.6789397749999,6.6192,4.5089878096790214e-05
1391,169.80072439299875,7.7509,4.508233492932106e-05
1392,169.92223168499913,6.5624,4.507480904956796e-05
1393,170.04454741399968,6.8525,4.5067306499197544e-05
1394,170.16925992199867,7.3341,4.5059761277283945e-05
1395,170.28844811999988,7.5945,4.5052064669444463e-05
1396,170.4139376029998,7.2686,4.504465104561736e-05
1397,170.5379871339992,6.874,4.50369618854939e-05
1398,170.65850251099982,6.4212,4.5029303108827146e-05
1399,170.77898429999914,7.0761,4.502185557e-05
1400,170.8993899420002,6.8311,4.501442268283955e-05
1401,171.02059502999873,6.4765,4.500699305561733e-05
1402,171.14166710300015,7.0923,4.499951159876544e-05
1403,171.26390550999895,7.6122,4.49920407512346e-05
1404,171.38542568699995,5.8529,4.498449655000008e-05
1405,171.50643101700007,6.1451,4.49769940420988e-05
1406,171.6280356169991,7.7879,4.496951647277782e-05
1407,171.7491208479987,7.2535,4.496201442333339e-05
1408,171.87075592099973,7.2132,4.495454277148147e-05
1409,171.9934786929989,7.5499,4.494702583246922e-05
1410,172.11349658200015,7.0978,4.493946023753094e-05
1411,172.2347920939992,7.2255,4.493204296685185e-05
1412,172.35608127900014,7.6988,4.492456763086427e-05
1413,172.47546170399983,7.4065,4.4917075494135876e-05
1414,172.5960063879993,6.998,4.490969282654325e-05
1415,172.71403457399902,7.2516,4.490226140018523e-05
1416,172.83717931799947,7.5764,4.489498942765435e-05
1417,172.95956632999878,7.5589,4.4887379554382755e-05
1418,173.08182470199972,6.5372,4.4879822574753065e-05
1419,173.20237898599953,6.8021,4.487227971098766e-05
1420,173.32591813899853,6.7405,4.4864832111851926e-05
1421,173.4498203839994,6.245,4.485721742179016e-05
1422,173.56926176999877,6.3979,4.484956255037038e-05
1423,173.68961794499955,5.2647,4.484218008820992e-05
1424,173.81191282599866,7.0773,4.483476031074077e-05
1425,173.93254715900002,6.5357,4.482720780450626e-05
1426,174.05519027399896,7.1692,4.481975790574078e-05
1427,174.1784569829997,6.281,4.48121977022223e-05
1428,174.2968443640002,7.2677,4.480458231049391e-05
1429,174.41936581699883,7.2229,4.479728708222225e-05
1430,174.53901127599966,7.1442,4.478971302981482e-05
1431,174.65721797100014,5.6173,4.478232354314823e-05
1432,174.7787597739989,7.1095,4.477502308259262e-05
1433,174.896945212,6.8017,4.476752500080255e-05
1434,175.01984944299875,7.5271,4.4760240601234626e-05
1435,175.14423128699855,7.4235,4.475264501111112e-05
1436,175.26706718599962,6.9963,4.474497088839509e-05
1437,175.38580437400014,7.0757,4.473737089141976e-05
1438,175.5091793599986,6.937,4.473006789216049e-05
1439,175.63207453199902,7.163,4.472244764697538e-05
1440,175.75258093399862,6.6089,4.471485666518517e-05
1441,175.87428512899896,6.6761,4.470741380216056e-05
1442,175.9944218210003,6.596,4.4699906733518605e-05
1443,176.11626769299983,7.6978,4.469246966037039e-05
1444,176.23855813499904,7.0984,4.468496180944453e-05
1445,176.35704223500034,5.8088,4.4677422842592645e-05
1446,176.47677208200002,6.788,4.467009283925928e-05
1447,176.59519656500015,6.0637,4.466272060604942e-05
1448,176.71673660899978,7.1865,4.465539263950621e-05
1449,176.83702595399882,7.1942,4.4647898315370415e-05
1450,176.95703102900006,7.3813,4.464047280469144e-05
1451,177.07430640500024,7.9457,4.4633064190185215e-05
1452,177.1961272589997,7.3922,4.4625830920185204e-05
1453,177.31836806199863,7.2435,4.461830228635807e-05
1454,177.44121884099877,6.9112,4.4610753636419826e-05
1455,177.56299143599972,6.7187,4.460318187314824e-05
1456,177.6857046969999,7.4619,4.4595667597777836e-05
1457,177.80629530999977,7.0545,4.458809199765441e-05
1458,177.92684804799865,7.3448,4.45806378935186e-05
1459,178.05052779699872,7.3933,4.457320056444452e-05
1460,178.1722815439989,6.8786,4.4565571434321016e-05
1461,178.2929687779997,6.2225,4.455804710290123e-05
1462,178.41385071100012,7.2619,4.455059968845681e-05
1463,178.53128665799886,7.0218,4.454314106919754e-05
1464,178.65244137199988,5.8714,4.453589617160498e-05
1465,178.77280713300024,7.2668,4.4528403364876546e-05
1466,178.89379090999864,7.4833,4.452097289901241e-05
1467,179.01547824299996,7.1106,4.45135060351235e-05
1468,179.13842244700027,6.85,4.450599843654323e-05
1469,179.2617839049999,7.01,4.449841723092594e-05
1470,179.38530431799882,7.1779,4.449080586487655e-05
1471,179.50616867499957,6.9302,4.448317612203712e-05
1472,179.62766507699962,5.9207,4.447570827938279e-05
1473,179.749817205,6.5795,4.4468209166419755e-05
1474,179.87221245099863,6.6463,4.446067426364203e-05
1475,179.99219681499926,6.9937,4.4453121615617285e-05
1476,180.11245765499916,7.3868,4.44457021970371e-05
1477,180.23444960399866,7.09,4.443827897722225e-05
1478,180.35576758599927,6.8914,4.443075767722231e-05
1479,180.4778821359996,6.6307,4.4423269343888926e-05
1480,180.59806285999912,7.0397,4.441573313925925e-05
1481,180.71894272999998,6.6606,4.440830396740744e-05
1482,180.84188477599855,7.3451,4.44008459443827e-05
1483,180.96319721799955,6.6322,4.439326652413585e-05
1484,181.08536690999972,7.4553,4.4385770485864274e-05
1485,181.20703722299913,6.9258,4.437824038666669e-05
1486,181.32673391000026,6.6512,4.437071750759262e-05
1487,181.44894842899885,7.3997,4.4363329415000074e-05
1488,181.56714648399975,4.1298,4.435579618882721e-05
1489,181.68543242799933,5.9913,4.434847483376545e-05
1490,181.80603856999915,7.0796,4.434118364475311e-05
1491,181.92672407099963,6.5601,4.433374591469135e-05
1492,182.05026539400023,7.3534,4.432628902574082e-05
1493,182.17246255399914,7.2452,4.431867358314821e-05
1494,182.2936949269988,6.9636,4.4311126556851915e-05
1495,182.41124077699897,5.6312,4.430364781469136e-05
1496,182.53134871099974,6.9765,4.429637494981481e-05
1497,182.6541450549994,7.3296,4.4288978539259266e-05
1498,182.77430351099974,7.1047,4.428140112913584e-05
1499,182.89543078499992,7.1219,4.427396749098764e-05
1500,183.0196557929994,7.0909,4.4266506993642035e-05
1501,183.1433291909998,6.5196,4.425882637376544e-05
1502,183.26711205900028,7.3843,4.425120574456798e-05
1503,183.38438225699974,7.0587,4.424355765555559e-05
1504,183.50803704399914,7.333,4.4236323329382746e-05
1505,183.62928300199928,7.3285,4.422868977561735e-05
1506,183.75126491899937,7.3271,4.422119964858032e-05
1507,183.87236037799994,7.2684,4.421367499882718e-05
1508,183.99385765199986,6.4266,4.420618784456789e-05
1509,184.114447381,6.7371,4.419869456166666e-05
1510,184.23645670599944,6.4009,4.419124710197532e-05
1511,184.35703571799968,6.8453,4.418372217845686e-05
1512,184.4782269369989,6.8685,4.417628133444446e-05
1513,184.60153944000012,7.6663,4.4168786645432084e-05
1514,184.72146392099967,4.9678,4.416117813975307e-05
1515,184.84023418799916,6.4383,4.4153769614321066e-05
1516,184.96053242000016,7.3892,4.414644479919754e-05
1517,185.0815759899997,7.6564,4.4139027689691345e-05
1518,185.20469253699957,7.4172,4.413154548808647e-05
1519,185.32723160899877,7.1632,4.412394658265435e-05
1520,185.44602826200025,7.12,4.411638714956794e-05
1521,185.5704075470003,6.8337,4.4109061421851926e-05
1522,185.6932779130002,7.2336,4.410134074888896e-05
1523,185.81498666599873,6.1999,4.40937231212963e-05
1524,185.9363392059986,7.6658,4.408627807876543e-05
1525,186.05861592699875,6.7604,4.407879137808643e-05
1526,186.18181133100006,6.7249,4.4071233384259325e-05
1527,186.30559991500013,6.7004,4.4063636555432105e-05
1528,186.42691759099944,6.8907,4.405600373765431e-05
1529,186.54825826100023,6.894,4.404850538240748e-05
1530,186.67075535000004,7.3159,4.404101359290126e-05
1531,186.7914484009998,6.6183,4.4033447666296316e-05
1532,186.91103990699958,5.6687,4.402600083759264e-05
1533,187.03149603400016,7.3119,4.4018618356049386e-05
1534,187.15442806699866,7.2069,4.4011175968518595e-05
1535,187.27738085700003,6.1099,4.400359636290123e-05
1536,187.39986504199987,7.2769,4.3996008804629636e-05
1537,187.51790835799875,5.3215,4.398844304654328e-05
1538,187.63729730900013,5.9587,4.398115774660502e-05
1539,187.75640147599916,4.8157,4.3973720253827175e-05
1540,187.87708919499892,6.5274,4.396643308018521e-05
1541,187.9992555209992,7.2446,4.3958980978703733e-05
1542,188.1197333709988,6.1691,4.395145037524692e-05
1543,188.2419512079996,7.4432,4.394400032438272e-05
1544,188.36319043099866,6.87,4.3936471691604986e-05
1545,188.48393648099955,6.6159,4.392897485783949e-05
1546,188.6047057249998,5.7241,4.392152908777776e-05
1547,188.72745991199918,6.366,4.391407861728404e-05
1548,188.85022805500012,6.6275,4.390650101561732e-05
1549,188.9729329109996,6.1858,4.3898919678888965e-05
1550,189.0916584810002,5.2705,4.389134220469141e-05
1551,189.2107579299991,6.4766,4.3884005272530874e-05
1552,189.33012844099903,6.7106,4.3876649842098764e-05
1553,189.45087360399884,6.1054,4.386928207271607e-05
1554,189.56953245600016,6.6708,4.386183516296306e-05
1555,189.69145764099994,6.3878,4.385451150277776e-05
1556,189.81309931099895,6.3956,4.384699122598766e-05
1557,189.93456961399897,6.6103,4.38394865925309e-05
1558,190.05647656600013,6.4681,4.383198656018527e-05
1559,190.17875012699915,7.4758,4.382446657462963e-05
1560,190.29817709599956,6.7679,4.3816894460123544e-05
1561,190.42073323600016,7.5755,4.3809529190308626e-05
1562,190.5415215239991,6.9123,4.3801975679197546e-05
1563,190.65907847000017,6.7375,4.3794512061481495e-05
1564,190.7770847899992,7.2501,4.3787268009320967e-05
1565,190.89883060299871,6.608,4.37799937626544e-05
1566,191.02101063999908,7.1587,4.377244238561729e-05
1567,191.14454229799958,6.9482,4.3764909890987726e-05
1568,191.26448587199957,5.217,4.375729056901239e-05
1569,191.38838833799855,7.7404,4.3749880710740824e-05
1570,191.5115970429997,6.963,4.374223462419762e-05
1571,191.6339086199987,6.3316,4.373463451413584e-05
1572,191.75577025100029,6.6106,4.372708835864199e-05
1573,191.87828396499935,6.92,4.371956248277782e-05
1574,192.00207020000016,7.4934,4.3712005498641985e-05
1575,192.1239268729987,7.0275,4.3704360541975385e-05
1576,192.24631118899924,7.3273,4.369683509617286e-05
1577,192.36839419699936,6.7254,4.3689274476913584e-05
1578,192.49012651199882,6.9465,4.368175340074074e-05
1579,192.61025772599896,6.5494,4.367423665104946e-05
1580,192.73452459500004,7.17,4.366680958944443e-05
1581,192.85367348399996,6.8333,4.365914864160498e-05
1582,192.9747114490001,6.9406,4.365178191493832e-05
1583,193.09632222099935,6.9013,4.364432504246918e-05
1584,193.22020673899897,6.7883,4.3636804706913585e-05
1585,193.34201404099986,7.1765,4.362916358524694e-05
1586,193.46310246699977,6.5296,4.3621637950925926e-05
1587,193.58574137699907,7.2468,4.361416151617286e-05
1588,193.70700898099858,6.3956,4.360660613944449e-05
1589,193.82924160499897,6.5538,4.359910632265439e-05
1590,193.95237058199928,6.8512,4.359156722141984e-05
1591,194.07711278900024,7.4891,4.3583969544814875e-05
1592,194.1992723739986,6.3488,4.3576270887098855e-05
1593,194.31884604699917,6.8148,4.3568723734506204e-05
1594,194.44235320000007,6.7687,4.3561346860679005e-05
1595,194.56403749499987,7.0619,4.355373182413581e-05
1596,194.68361241899947,5.783,4.354621974469141e-05
1597,194.8042595579991,6.7936,4.353882585561728e-05
1598,194.92709532499975,7.4459,4.3531383580370355e-05
1599,195.05103536599927,7.0031,4.352381381179019e-05
1600,195.17244312799994,6.8834,4.351615774197539e-05
1601,195.29449991799993,6.3757,4.3508655090987686e-05
1602,195.41704002999904,7.4314,4.350112750154321e-05
1603,195.53614381599982,7.3939,4.349356888981483e-05
1604,195.65619968099963,6.6127,4.3486203626296316e-05
1605,195.7777545659992,6.8306,4.347880243345684e-05
1606,195.89935416200024,5.8374,4.347129470580254e-05
1607,196.0199787599995,6.728,4.3463785026172865e-05
1608,196.13892306100024,6.9393,4.345633320876543e-05
1609,196.25834790099907,6.7413,4.3448997824135846e-05
1610,196.37944472100025,6.3265,4.344162780240749e-05
1611,196.50193196799955,7.312,4.3434157177345674e-05
1612,196.62402499400014,6.9432,4.342659137666667e-05
1613,196.74518295300004,7.4322,4.3419051738580304e-05
1614,196.8667622619996,6.2563,4.341157364203703e-05
1615,196.988738267999,6.2539,4.340407108796295e-05
1616,197.10877575799896,6.4409,4.33965463117284e-05
1617,197.23284744800003,6.9602,4.338911290228399e-05
1618,197.35650068999894,7.2664,4.3381473473765474e-05
1619,197.47810687799938,6.3079,4.337384218358025e-05
1620,197.5982161769989,5.334,4.336632519685186e-05
1621,197.71941434099972,6.7665,4.335890519395064e-05
1622,197.84183953299907,6.9995,4.335143077172846e-05
1623,197.9650591869995,6.4856,4.3343889078209886e-05
1624,198.08655605799868,5.8454,4.333626866407412e-05
1625,198.20770608899875,7.0044,4.332874239833338e-05
1626,198.33055556399995,7.0167,4.3321290106296374e-05
1627,198.45038605099944,6.5861,4.3313713516851895e-05
1628,198.57303974899878,7.0551,4.330630835641982e-05
1629,198.69455542299875,6.0402,4.329875549141985e-05
1630,198.8148640419986,6.4183,4.329124370703708e-05
1631,198.93284170699917,6.0168,4.328381893753094e-05
1632,199.05537947299854,7.3522,4.327652958932105e-05
1633,199.17564857199977,6.826,4.3268966161728414e-05
1634,199.29771131099915,7.3661,4.326154736882725e-05
1635,199.421922558,5.4173,4.325397603876551e-05
1636,199.54336655399857,7.029,4.3246340413456835e-05
1637,199.66523361999862,7.066,4.323883176395062e-05
1638,199.7884623459995,6.8539,4.3231323595679034e-05
1639,199.90899931799868,6.4095,4.322371709382715e-05
1640,200.0277255259989,6.9716,4.32162723543827e-05
1641,200.1471226679987,7.136,4.3208939616172836e-05
1642,200.26754199599964,6.0343,4.32015721299383e-05
1643,200.3876256049989,6.4088,4.3194140134259286e-05
1644,200.5081123479995,6.4827,4.3186736066851875e-05
1645,200.6313824709996,7.3857,4.3179294583086414e-05
1646,200.75226119499894,6.1897,4.3171687500555634e-05
1647,200.87385981399893,7.2749,4.316422153345678e-05
1648,200.99175238499993,4.5802,4.315671914709881e-05
1649,201.11216119799974,6.4968,4.3149435435617294e-05
1650,201.23175113399884,6.2595,4.3142006619074085e-05
1651,201.35104659900026,6.5672,4.3134616055802465e-05
1652,201.47330556999987,6.9952,4.312726174783952e-05
1653,201.59774834699965,5.7814,4.311972667080249e-05
1654,201.72170941999866,6.6341,4.311203832117288e-05
1655,201.844685955999,5.8531,4.3104338438827174e-05
1656,201.9657654599996,7.2675,4.309679692222228e-05
1657,202.08631824799886,6.5955,4.3089321791851914e-05
1658,202.2084683409994,7.2345,4.308187512425927e-05
1659,202.32899265699962,6.6199,4.3074342951666734e-05
1660,202.4486253719988,6.5869,4.306689253543212e-05
1661,202.5708859159986,6.531,4.305951198783954e-05
1662,202.69326232099957,6.7825,4.305196469265439e-05
1663,202.8154583409996,5.6719,4.304439003314813e-05
1664,202.93637265599864,6.1835,4.3036860887469174e-05
1665,203.05798342799972,7.0938,4.302940556580246e-05
1666,203.1786856339986,5.8216,4.302190063907409e-05
1667,203.29983313199955,7.385,4.301444930438277e-05
1668,203.4214767960002,7.517,4.300696843728395e-05
1669,203.54503900899908,6.6776,4.299944559617287e-05
1670,203.66826731699985,6.9016,4.299183493913579e-05
1671,203.79033691800032,6.168,4.298423102228399e-05
1672,203.908836487999,6.6093,4.297668862845686e-05
1673,204.0320011879994,6.9245,4.296936753734574e-05
1674,204.1546571229992,7.1296,4.296176692765439e-05
1675,204.2736142899994,6.6599,4.295420750641982e-05
1676,204.39102483900024,5.7169,4.294684860296305e-05
1677,204.5118727329991,6.4189,4.293960397049381e-05
1678,204.6306969219986,5.8143,4.293215431709878e-05
1679,204.74990925999919,5.7961,4.292481724728397e-05
1680,204.87143563799873,7.1921,4.29174575880864e-05
1681,204.99408449099974,7.2742,4.2909953792839494e-05
1682,205.1139509959994,6.6642,4.290238468765432e-05
1683,205.23509577299956,6.7107,4.289497201697531e-05
1684,205.35488429999896,6.173,4.288750230839514e-05
1685,205.47502635099954,6.3706,4.2880100000123514e-05
1686,205.59699953899872,7.204,4.287268563450625e-05
1687,205.71893131899924,6.6969,4.286515989351857e-05
1688,205.83988040999975,7.3723,4.285763869364198e-05
1689,205.96302683799877,6.1071,4.285017315222225e-05
1690,206.08416244499858,6.6152,4.2842572324629665e-05
1691,206.20493629599878,6.7465,4.283509064185188e-05
1692,206.3240059259988,6.7696,4.28276425354321e-05
1693,206.44715463899956,7.0113,4.2820285108703695e-05
1694,206.56738359500014,6.8765,4.2812694920123455e-05
1695,206.68543039399992,6.1121,4.280526237592593e-05
1696,206.80350782299865,7.238,4.279797627981489e-05
1697,206.92655623099927,7.3902,4.27906863252469e-05
1698,207.04768954499923,6.4354,4.278311132925926e-05
1699,207.17028338199998,6.0146,4.277561601135802e-05
1700,207.29370987399852,7.1957,4.276805734228399e-05
1701,207.4145429529999,6.4974,4.2760440812963e-05
1702,207.53412637200017,6.8861,4.275296666567904e-05
1703,207.65521475999958,6.101,4.27455950297531e-05
1704,207.77530097099952,6.6258,4.273812159e-05
1705,207.8980916189994,6.1027,4.273069757209882e-05
1706,208.019955062,7.2282,4.272313619512345e-05
1707,208.13994290299888,5.69,4.2715605443333326e-05
1708,208.25976855599947,6.9008,4.270819063462967e-05
1709,208.38158986099916,6.4075,4.27007949608642e-05
1710,208.50298118699902,5.6323,4.269329013129636e-05
1711,208.62408150099873,6.4411,4.268578329148147e-05
1712,208.74660261499957,7.0594,4.267830597419752e-05
1713,208.868514718999,6.8627,4.2670752026975316e-05
1714,208.98887508699954,6.6614,4.266322872141975e-05
1715,209.10974822000026,7.5309,4.265579211043216e-05
1716,209.2330707029996,7.1313,4.264833323104944e-05
1717,209.3540511809988,7.1958,4.2640727004876525e-05
1718,209.47174886299945,6.3853,4.263324959666669e-05
1719,209.59308212900032,6.7297,4.2625991158086404e-05
1720,209.7139489229994,6.0195,4.261849250277784e-05
1721,209.8367228019997,7.1209,4.2611026047839506e-05
1722,209.95926659999895,6.5985,4.2603451733827155e-05
1723,210.07993031499973,6.8896,4.259588942691366e-05
1724,210.202703130999,6.7735,4.258844159975311e-05
1725,210.3260711669991,7.1993,4.258086800580253e-05
1726,210.44889829599924,7.1201,4.257325108222221e-05
1727,210.5709469579997,7.0715,4.256567188358026e-05
1728,210.69393219099948,6.4081,4.255812866765435e-05
1729,210.8146064929988,6.2177,4.255054602092599e-05
1730,210.93174204699972,7.6317,4.254308938469135e-05
1731,211.0531713319997,7.2288,4.253587519456794e-05
1732,211.17426381699988,7.4718,4.2528366946111155e-05
1733,211.29406036599903,6.4718,4.252089095827165e-05
1734,211.4160916309993,7.054,4.251349366685185e-05
1735,211.53810168899872,6.3185,4.25059597376544e-05
1736,211.66017182299947,5.7979,4.2498440065370393e-05
1737,211.78172609299872,6.7315,4.249089566691364e-05
1738,211.90305498799898,7.4897,4.248339584839515e-05
1739,212.02382132599996,6.7817,4.247590653370374e-05
1740,212.14600742999937,6.7348,4.24684490657408e-05
1741,212.2667796730002,6.3633,4.2460907817407426e-05
1742,212.38743073899968,6.5496,4.245344684043215e-05
1743,212.50506702500024,7.6561,4.244600075648156e-05
1744,212.62484874300026,4.8522,4.243876004049391e-05
1745,212.74481844000002,6.8918,4.243135482283956e-05
1746,212.86659808199875,7.283,4.242394790481481e-05
1747,212.98624855799972,6.3223,4.241643074592593e-05
1748,213.10794310799974,6.8569,4.2409029945061825e-05
1749,213.22960487899945,6.9482,4.2401531941666716e-05
1750,213.3511633879989,7.0589,4.2394024176419744e-05
1751,213.47121214399886,6.5743,4.2386520416296297e-05
1752,213.59392706799918,6.6158,4.237909924820986e-05
1753,213.71468028699928,7.2874,4.237154015962971e-05
1754,213.834187086999,6.627,4.236407784308641e-05
1755,213.95712285099944,7.1029,4.235670112246922e-05
1756,214.07790474600006,4.1467,4.234910996197532e-05
1757,214.19983481899908,7.1427,4.2341660301234595e-05
1758,214.321835327999,6.6921,4.2334135587654356e-05
1759,214.44325778299935,7.2248,4.2326595267839504e-05
1760,214.56287322800017,6.6106,4.231909990401237e-05
1761,214.68345351899916,5.9479,4.2311718110679043e-05
1762,214.80693685199913,6.7663,4.230427599592593e-05
1763,214.92965244999868,6.6856,4.2296663757469116e-05
1764,215.05211061099908,6.3252,4.228908023123456e-05
1765,215.17204306599888,6.7904,4.22815195266667e-05
1766,215.29219922599987,6.3385,4.227410255907413e-05
1767,215.41500730299958,7.0759,4.2266693106358045e-05
1768,215.53663974200026,6.7866,4.2259121928271634e-05
1769,215.65674002299966,5.8887,4.225161768000003e-05
1770,215.7761461709997,6.1978,4.2244205496604925e-05
1771,215.8968817469995,6.2972,4.22368280558642e-05
1772,216.01539082599993,3.4359,4.2229368407345725e-05
1773,216.1369306710003,7.2545,4.22220420200618e-05
1774,216.25756904899936,7.0904,4.2214555520987676e-05
1775,216.37809975599885,6.3903,4.2207070013580306e-05
1776,216.49853518499913,5.4047,4.219965847567909e-05
1777,216.61894967399894,7.0205,4.219223778469134e-05
1778,216.74123574499936,7.0264,4.218479817104944e-05
1779,216.86273559099936,6.5585,4.217725514820993e-05
1780,216.9854573979992,6.7627,4.2169754694506184e-05
1781,217.10712443599914,6.7694,4.216218424475312e-05
1782,217.22675654799968,6.5656,4.2154665164444503e-05
1783,217.34626057599962,6.6612,4.214728364888894e-05
1784,217.46466732799854,6.5915,4.2139896092469125e-05
1785,217.5855755800003,7.5756,4.213259109481487e-05
1786,217.7046296970002,3.8466,4.212513990216057e-05
1787,217.82525681699917,6.1646,4.21177813137037e-05
1788,217.94594032999885,6.2509,4.211034189370377e-05
1789,218.06670684799974,6.8136,4.2102888084444455e-05
1790,218.18791992600018,6.3044,4.2095433199135895e-05
1791,218.30798588200014,6.2873,4.208794954401241e-05
1792,218.42595685199922,7.1934,4.208053970493826e-05
1793,218.54930797299858,6.9166,4.207326639820986e-05
1794,218.67094771399934,6.9954,4.206564979672844e-05
1795,218.79210106899882,6.9582,4.205813220154327e-05
1796,218.91547693099892,6.4458,4.205065174845678e-05
1797,219.03738056899965,5.6946,4.20430402048766e-05
1798,219.16135878099885,7.1719,4.203551252987662e-05
1799,219.28270299499854,6.8494,4.2027869126851884e-05
1800,219.4060201100001,7.4496,4.2020374325123464e-05
1801,219.52766007299942,7.2037,4.201274447703708e-05
1802,219.65021291799894,6.7704,4.200524583586421e-05
1803,219.77018489299917,7.048,4.199768210061735e-05
1804,219.8916232499996,5.7602,4.199028067462969e-05
1805,220.01350716199886,6.8967,4.198278611388897e-05
1806,220.13579939800002,6.4913,4.197525276222223e-05
1807,220.25562888899913,5.5255,4.196770580851855e-05
1808,220.37792458399963,6.8655,4.1960296369753105e-05
1809,220.49815924999893,6.9067,4.195276094944449e-05
1810,220.62007857999924,6.4856,4.1945349773950627e-05
1811,220.73862903199915,3.3837,4.1937820606049456e-05
1812,220.85961719099942,7.1631,4.1930490476111176e-05
1813,220.98260178799865,6.475,4.192303529833338e-05
1814,221.10286408399952,4.6294,4.191543551049389e-05
1815,221.22293804499895,6.8278,4.19080105645679e-05
1816,221.34370445499917,6.9389,4.190059175067908e-05
1817,221.46406143899912,6.117,4.189315075339515e-05
1818,221.58693539199885,7.2273,4.1885727944321015e-05
1819,221.70953367699985,7.0638,4.1878146954753075e-05
1820,221.83353076899948,7.4308,4.187057952246921e-05
1821,221.95474423499945,5.8231,4.186291902006175e-05
1822,222.076364610999,6.9573,4.185542871925935e-05
1823,222.19674840900007,6.3456,4.184792220567909e-05
1824,222.316982291999,6.2457,4.184048760907416e-05
1825,222.43932011200013,7.112,4.183306951672848e-05
1826,222.56100887299908,6.7726,4.1825524023209896e-05
1827,222.68109915700006,6.4878,4.181802020858032e-05
1828,222.80129610999938,6.3373,4.181058980290126e-05
1829,222.9236166190003,6.5809,4.1803175665740756e-05
1830,223.04570754899942,6.6094,4.179563062746919e-05
1831,223.1679991860001,5.0988,4.1788094790679036e-05
1832,223.2903106369995,7.2716,4.17805398721605e-05
1833,223.41054536699994,6.446,4.1772985382839594e-05
1834,223.52868953299912,5.5209,4.176555582598768e-05
1835,223.64994449199912,6.8117,4.175826369364204e-05
1836,223.77058506999856,6.614,4.1750787891790166e-05
1837,223.89220067899987,6.8731,4.1743332413209904e-05
1838,224.01384155099913,6.5352,4.173583771179011e-05
1839,224.13673708699935,7.0629,4.1728318163765425e-05
1840,224.25834541099903,6.5584,4.172073897234576e-05
1841,224.37985452999965,6.6594,4.171323183839512e-05
1842,224.49671322799986,6.4635,4.1705738601358014e-05
1843,224.61889108200012,6.9482,4.169853291524698e-05
1844,224.7399819789989,6.7906,4.169098187919762e-05
1845,224.8595696020002,7.0442,4.168350239987657e-05
1846,224.9799864859997,6.9005,4.167612131574083e-05
1847,225.10005123799965,4.9219,4.166868341641975e-05
1848,225.21873649899862,6.4774,4.166127308481481e-05
1849,225.3398898509986,6.7441,4.165394997166667e-05
1850,225.46199128300032,6.5836,4.164647001938276e-05
1851,225.5827659159986,4.932,4.1638947328950694e-05
1852,225.70284168699982,6.2283,4.1631475394382804e-05
1853,225.82247753499905,6.1746,4.162406737876547e-05
1854,225.94461188700006,6.9881,4.16166779683334e-05
1855,226.06446336299996,6.3457,4.1609145355123473e-05
1856,226.1844895689992,6.1808,4.160172681037042e-05
1857,226.3058111649989,6.2856,4.15943305561112e-05
1858,226.4273108790003,7.2618,4.1586842381049435e-05
1859,226.5502310769989,7.0776,4.157934278351852e-05
1860,226.66779020600006,5.9088,4.157177027203708e-05
1861,226.78803236599924,6.477,4.156451105759258e-05
1862,226.91167971699906,6.3004,4.15570741156173e-05
1863,227.0340149629992,6.9399,4.1549450366790124e-05
1864,227.15488491299948,7.1278,4.154189846345684e-05
1865,227.27775633799865,6.894,4.153443410851853e-05
1866,227.40003138499924,6.6867,4.152684974370369e-05
1867,227.5202104259988,5.8569,4.151929650753085e-05
1868,227.64148466400002,6.2487,4.151188400209883e-05
1869,227.7633180369994,6.8821,4.1504389968271604e-05
1870,227.88664161699853,7.2986,4.1496874438888896e-05
1871,228.00794779599892,5.7637,4.148926697030871e-05
1872,228.12761099599993,6.2407,4.148176955716051e-05
1873,228.24820608899972,7.1989,4.1474383931975326e-05
1874,228.37008522799988,7.1912,4.1466953574938296e-05
1875,228.49000998599877,6.1938,4.145942329530864e-05
1876,228.61094663099902,7.2078,4.1452014451728424e-05
1877,228.73024566499953,6.3401,4.14445591041976e-05
1878,228.85306199099978,7.1458,4.143717642450622e-05
1879,228.97385576299894,6.5552,4.1429615910246984e-05
1880,229.09682401200007,7.1211,4.142214616790131e-05
1881,229.21735234399966,6.3917,4.141456359419762e-05
1882,229.338798408,6.163,4.1407113716975376e-05
1883,229.46075110399943,7.3002,4.13996087924692e-05
1884,229.58218981000027,6.336,4.139208612932107e-05
1885,229.69924580299994,6.4937,4.1384598583271676e-05
1886,229.8217210040002,6.4337,4.137738034574077e-05
1887,229.94251918599912,6.8373,4.1369809405617356e-05
1888,230.0655680689997,6.9403,4.136234807617291e-05
1889,230.18933973399908,7.0546,4.135476005098772e-05
1890,230.3129494320001,6.9334,4.134711972246917e-05
1891,230.43637459899946,7.0678,4.13394854264198e-05
1892,230.55906049899932,6.7557,4.1331874601913646e-05
1893,230.679006037999,5.563,4.132429867376546e-05
1894,230.79710659400007,5.4332,4.13168818732099e-05
1895,230.91809825899873,6.6275,4.130958697432107e-05
1896,231.0355248169999,6.6866,4.130214254234567e-05
1897,231.15697702899888,6.2756,4.129489347814814e-05
1898,231.27723942899866,6.8793,4.1287392088333385e-05
1899,231.39717105199998,6.7612,4.127996671845688e-05
1900,231.51409210499878,6.9643,4.1272563947098845e-05
1901,231.63678538599925,6.6996,4.126535892975308e-05
1902,231.76076062599896,5.8859,4.125777492925925e-05
1903,231.88219992499944,6.4593,4.125011952401233e-05
1904,232.0007500949996,6.8667,4.1242622675617335e-05
1905,232.1198052939999,6.8438,4.123530161061735e-05
1906,232.24022391299877,6.766,4.1227948824197607e-05
1907,232.35860148699976,6.3587,4.1220520811975356e-05
1908,232.4791098429996,6.7294,4.121320196240746e-05
1909,232.5966831400001,6.4807,4.120577702679019e-05
1910,232.71855466399938,6.8601,4.1198509446419757e-05
1911,232.83987451400026,6.9532,4.1190996669382696e-05
1912,232.9595775990001,7.276,4.1183506566172854e-05
1913,233.0809982849987,6.6223,4.117611904185191e-05
1914,233.20127708600012,6.1681,4.1168637878333395e-05
1915,233.32153984199977,6.3893,4.116119745783955e-05
1916,233.44355027500023,6.9568,4.115377428537041e-05
1917,233.56254443699981,6.3526,4.114624889037046e-05
1918,233.68324020999898,7.3723,4.113889795950618e-05
1919,233.80328007299977,7.2754,4.113145507740744e-05
1920,233.9257061999997,7.3296,4.112403439827165e-05
1921,234.04767057499885,6.5739,4.111648654055562e-05
1922,234.16521102499973,7.0646,4.110894826160499e-05
1923,234.28824796200024,5.8602,4.110170279851861e-05
1924,234.40955109700008,6.5084,4.109410492240745e-05
1925,234.53110643800028,5.6397,4.108661777154328e-05
1926,234.65153729699887,6.4934,4.107911373956793e-05
1927,234.77174960199955,6.717,4.1071679507530925e-05
1928,234.8939955599999,7.0013,4.106425674604941e-05
1929,235.01623598199876,6.8111,4.105672417827166e-05
1930,235.1377682450002,6.8181,4.104915879222231e-05
1931,235.26071038199916,7.4009,4.104166932438277e-05
1932,235.38275893399987,7.5867,4.103409078790124e-05
1933,235.5039151889996,7.1475,4.102654670265436e-05
1934,235.62499204699998,7.0008,4.1019058362530874e-05
1935,235.74667355499878,6.4191,4.101159465833333e-05
1936,235.86855531899892,6.9197,4.100407140475314e-05
1937,235.9911152249988,6.4373,4.099655409481481e-05
1938,236.11318783099887,6.1823,4.0988984672160515e-05
1939,236.23386197699983,6.4113,4.0981448312284024e-05
1940,236.35494227900017,6.1375,4.097400244783953e-05
1941,236.47396184900026,5.3523,4.096653365765431e-05
1942,236.59409154499917,6.7808,4.095918309691362e-05
1943,236.71539301600023,6.4769,4.095176680358034e-05
1944,236.83891855399997,6.6692,4.094427891648155e-05
1945,236.9619464239986,6.7131,4.093666572061729e-05
1946,237.08390698599942,6.7766,4.092905859777782e-05
1947,237.20536969800014,6.3377,4.092153518604941e-05
1948,237.32646448099877,6.7315,4.0914040880864234e-05
1949,237.44781680699998,7.1969,4.090655753104947e-05
1950,237.5652467259988,4.929,4.089907277648151e-05
1951,237.68356283499998,5.3778,4.089181052709878e-05
1952,237.80497537100018,6.9853,4.0884514365308725e-05
1953,237.92452983299881,6.162,4.0877027546851846e-05
1954,238.04563723799947,7.0682,4.0869645351419796e-05
1955,238.16559175899965,6.0001,4.086216714765439e-05
1956,238.28705380300016,5.831,4.085476406111119e-05
1957,238.4102493829996,6.8406,4.084726469870374e-05
1958,238.5325628929986,7.4031,4.083966866018519e-05
1959,238.65431032299966,6.0127,4.083211385160493e-05
1960,238.77650976699988,6.6568,4.0824598447716086e-05
1961,238.89806940299968,6.3703,4.081704778919753e-05
1962,239.01662763199965,5.3959,4.080955226993831e-05
1963,239.13565655399907,5.9333,4.080221928123463e-05
1964,239.25484275399867,5.7726,4.079487795796305e-05
1965,239.37369052699978,6.5161,4.078752296679015e-05
1966,239.49541377199967,6.2068,4.078018645654319e-05
1967,239.61819882700001,6.5237,4.077267756438277e-05
1968,239.74153244300032,7.4728,4.0765094655987726e-05
1969,239.86406639399866,6.9801,4.0757481422530905e-05
1970,239.98414928300008,5.0349,4.0749917863703797e-05
1971,240.10346050899898,5.526,4.074250397709875e-05
1972,240.2235149449989,6.4258,4.073513514265431e-05
1973,240.34338505199958,6.1042,4.0727717474074094e-05
1974,240.46593981399928,6.5139,4.072031606413588e-05
1975,240.5863126309996,6.7819,4.0712768687037036e-05
1976,240.7051632879993,5.6813,4.070532562320992e-05
1977,240.82695679599965,5.8994,4.0697978493888874e-05
1978,240.94752820400026,5.82,4.069047952518517e-05
1979,241.06844303199978,7.0708,4.068303406506172e-05
1980,241.18944861699856,6.0036,4.067557899790127e-05
1981,241.31100460199923,6.1821,4.066810819358029e-05
1982,241.43110972399882,5.1224,4.066059743907407e-05
1983,241.5524223529992,6.5389,4.065318034493835e-05
1984,241.67390333299954,5.7236,4.0645703448148156e-05
1985,241.79577400400012,6.4501,4.0638208049259325e-05
1986,241.91791418199864,7.3427,4.063067960759259e-05
1987,242.03872735599907,5.9339,4.0623136062530885e-05
1988,242.16047629799868,6.3066,4.061567460086421e-05
1989,242.2817259399999,6.5304,4.0608163459382695e-05
1990,242.40221742299946,6.0087,4.060067967944454e-05
1991,242.52160058499976,7.3421,4.059323526111111e-05
1992,242.6437358509993,6.6242,4.0585871685555583e-05
1993,242.76294766199862,2.5693,4.057833568271606e-05
1994,242.88591480499963,6.6004,4.057096537888895e-05
1995,243.00890019100007,6.7562,4.056338985012347e-05
1996,243.13136686599864,7.2417,4.055579319746919e-05
1997,243.25380929499988,6.8999,4.054822390753094e-05
1998,243.37571785399996,6.5492,4.0540668322407474e-05
1999,243.49399073099994,5.6556,4.053314538172839e-05
2000,243.61585102499885,6.2817,4.052580973993827e-05
2001,243.73799431599946,6.956,4.051832905475311e-05
2002,243.86018049999984,6.5839,4.0510789327777785e-05
2003,243.9802226539996,6.6599,4.0503226234321026e-05
2004,244.09866679699917,6.2601,4.0495829173888965e-05
2005,244.2196136019993,5.8993,4.048851812160497e-05
2006,244.34012756999982,6.5211,4.048106384987657e-05
2007,244.4611452600002,7.0022,4.047361315370375e-05
2008,244.5806702209993,6.0545,4.046615138919757e-05
2009,244.70059673200012,5.8916,4.045876181796303e-05
2010,244.8197398659995,5.6798,4.045136024154326e-05
2011,244.93800263499907,6.3502,4.044400500401239e-05
2012,245.06093334499928,6.8048,4.043670897277783e-05
2013,245.1807234810003,6.4301,4.0429125257160535e-05
2014,245.2997524759994,7.139,4.0421717686666753e-05
2015,245.4180148309988,6.4641,4.041438070018524e-05
2016,245.53918100400006,7.3462,4.040708382913585e-05
2017,245.66218634299912,6.977,4.03995982090741e-05
2018,245.78373865100002,7.1225,4.039201628018519e-05
2019,245.9061531589996,6.5011,4.038450141901239e-05
2020,246.02779548499893,5.5986,4.0376947251605e-05
2021,246.1498476910001,6.823,4.036943106080248e-05
2022,246.26940056899912,5.2119,4.036190379117283e-05
2023,246.38961000899872,6.7122,4.035452654555555e-05
2024,246.51063067299947,6.3144,4.034709909222228e-05
2025,246.62771752699882,6.7323,4.033962692524694e-05
2026,246.74941753299936,7.0774,4.033241781333334e-05
2027,246.87173739900027,6.488,4.032489199487659e-05
2028,246.99554626999998,6.5125,4.031735048734576e-05
2029,247.11901145299998,6.3957,4.030970456296299e-05
2030,247.23838393299957,5.843,4.0302085104321026e-05
2031,247.36065288200007,6.4639,4.0294709576172875e-05
2032,247.47961859899988,5.8186,4.02871745465432e-05
2033,247.6006710139991,5.8842,4.0279815550679085e-05
2034,247.72314919499877,6.9388,4.027235139314817e-05
2035,247.84310601499965,6.316,4.0264789209876554e-05
2036,247.96380707400021,6.8103,4.025737586395061e-05
2037,248.08359339599883,5.1598,4.024992585049381e-05
2038,248.20309770199856,6.4437,4.024253112481482e-05
2039,248.32526940299977,6.3278,4.0235150603703794e-05
2040,248.44631991999995,6.6078,4.0227622813148134e-05
2041,248.5677395549992,6.6439,4.022014663500001e-05
2042,248.68965848199878,6.5547,4.021264225938276e-05
2043,248.81253976900007,7.0869,4.020512636395066e-05
2044,248.93430153400004,7.1223,4.019753783160496e-05
2045,249.0543495769998,5.6852,4.0190032251481555e-05
2046,249.17562597399956,6.5814,4.018260553808645e-05
2047,249.29578020199915,6.3813,4.01751362216667e-05
2048,249.41818796499865,7.2418,4.0167717538395125e-05
2049,249.54146122699967,7.3086,4.016015896672843e-05
2050,249.6618999509992,6.6111,4.015255759808643e-05
2051,249.78075243799867,5.7455,4.014510403117286e-05
2052,249.90231578099883,6.4538,4.013777412679016e-05
2053,250.0221940880001,6.379,4.0130277416790166e-05
2054,250.13921820099858,6.3012,4.012286773950625e-05
2055,250.2560955049994,6.9289,4.0115652921419755e-05
2056,250.376480429999,7.1092,4.0108445409321035e-05
2057,250.49469263599894,6.2385,4.010100431839508e-05
2058,250.6145042449989,7.0806,4.009370502092601e-05
2059,250.73663686299915,6.5508,4.0086311517592614e-05
2060,250.85795919999873,6.5591,4.0078772333827147e-05
2061,250.98145719899912,5.5872,4.007127433395066e-05
2062,251.1029616300002,6.2303,4.0063661136358034e-05
2063,251.22373864399924,6.3919,4.005615518870378e-05
2064,251.34604023799875,7.0643,4.004869832154327e-05
2065,251.46597533899876,6.5209,4.004115664425929e-05
2066,251.58497298699876,6.9266,4.0033753247469154e-05
2067,251.70275851399856,6.6466,4.0026404032345747e-05
2068,251.8211004019995,6.7925,4.001912761277776e-05
2069,251.94282702599958,6.7176,4.0011818290432186e-05
2070,252.06289231399933,6.8785,4.000431751555555e-05
2071,252.18378483299966,6.1448,3.999690093506178e-05
2072,252.30587278999883,6.4671,3.9989443490555606e-05
2073,252.42694044499876,6.3094,3.998190321456796e-05
2074,252.5465043610002,5.7412,3.997443539753094e-05
2075,252.66705727999943,6.4668,3.996704770759259e-05
2076,252.7853356889991,5.7578,3.9959604791049376e-05
2077,252.90340216899858,6.1732,3.995229666012345e-05
2078,253.02474345100018,6.7002,3.994500935074074e-05
2079,253.14252829699944,6.0479,3.993753172234572e-05
2080,253.26184244099932,6.0632,3.9930248795e-05
2081,253.38447328799884,6.6621,3.992290188648148e-05
2082,253.50603720599975,6.8091,3.991533046382722e-05
2083,253.62719875199946,5.9589,3.990782943246915e-05
2084,253.74946414799888,5.6928,3.990033791086425e-05
2085,253.86958149199927,5.0237,3.989280179839513e-05
2086,253.98751620099938,6.4699,3.9885375370617295e-05
2087,254.10878606099868,6.7746,3.987809250586424e-05
2088,254.2285544360002,6.5253,3.9870612446605e-05
2089,254.34994212399943,6.7155,3.9863216247962965e-05
2090,254.4700270229987,6.0405,3.9855726356049394e-05
2091,254.59063933799916,6.3294,3.984831395919757e-05
2092,254.71068927799934,5.5436,3.9840873189321004e-05
2093,254.83227391499895,7.0922,3.983345586845678e-05
2094,254.95299406699996,6.4941,3.9825955821049464e-05
2095,255.07463592899876,6.5532,3.981849749172847e-05
2096,255.1916639430001,6.6706,3.981099632697536e-05
2097,255.31240991699997,6.6667,3.980377671240749e-05
2098,255.43208428399885,4.7027,3.9796318338333406e-05
2099,255.54867528399882,6.5608,3.978892425777786e-05
2100,255.67063702199994,7.3097,3.978173875080251e-05
2101,255.79320395399918,6.0187,3.9774211708395066e-05
2102,255.9164405880001,6.6363,3.976664025753086e-05
2103,256.03697441999975,5.5397,3.9759037719691435e-05
2104,256.1584224549988,6.2805,3.975157494586419e-05
2105,256.27956366299986,6.2176,3.974409144320996e-05
2106,256.40154976699887,6.9223,3.973661335796295e-05
2107,256.52268837799966,6.2622,3.972909290296296e-05
2108,256.64146924600027,5.5187,3.9721605624074166e-05
2109,256.7605983079993,7.2191,3.971427067598766e-05
2110,256.8817543639998,6.9019,3.970691628765435e-05
2111,257.0021149610002,5.8432,3.969944425932103e-05
2112,257.1224268499991,6.0787,3.9692007646111126e-05
2113,257.2423919439989,7.1678,3.9684579849814826e-05
2114,257.36184335799953,6.4234,3.9677185129753134e-05
2115,257.481571463999,5.2249,3.9669808329444445e-05
2116,257.6011168650002,5.8537,3.96624231734568e-05
2117,257.72346418399866,7.2451,3.965503293709878e-05
2118,257.84484435299964,6.4395,3.964748729450616e-05
2119,257.96452299799967,6.4289,3.9639997322592645e-05
2120,258.0819972199988,6.9618,3.963259543716049e-05
2121,258.20118741999977,5.3373,3.9625361083271635e-05
2122,258.3217582420002,6.5969,3.961798268549389e-05
2123,258.441556202999,6.6186,3.961054771043216e-05
2124,258.56247158099904,6.4635,3.960315114820995e-05
2125,258.6827586069994,6.4024,3.9595690178703756e-05
2126,258.80040322899913,6.9555,3.9588259110864276e-05
2127,258.92318058899946,6.5411,3.9581009089629615e-05
2128,259.04674375600007,6.5728,3.957342932913586e-05
2129,259.1667541329989,7.1605,3.9565803493641974e-05
2130,259.28614948499853,5.4804,3.9558382276358046e-05
2131,259.4065982209995,6.7811,3.955102491432099e-05
2132,259.52734242899896,7.1679,3.954358149283957e-05
2133,259.64804923799966,7.0722,3.953613079685191e-05
2134,259.7719142999995,6.9627,3.9528674000925945e-05
2135,259.8935690879989,6.6375,3.952104559580255e-05
2136,260.01232302599965,6.5739,3.951351959055557e-05
2137,260.13354232599886,6.2482,3.9506183914629644e-05
2138,260.25192618099936,4.4247,3.94987166187038e-05
2139,260.373403788999,6.3955,3.949139990277779e-05
2140,260.49448254599884,6.1214,3.9483916686172893e-05
2141,260.615012921,6.9026,3.947643859796295e-05
2142,260.7379152599988,6.7769,3.9468993084567924e-05
2143,260.8596297519998,7.0024,3.946141034796295e-05
2144,260.9827949339997,6.4776,3.945389145574075e-05
2145,261.1060587489992,6.0939,3.9446301377777865e-05
2146,261.22705902899907,6.0097,3.943867491160498e-05
2147,261.3476958749998,6.4793,3.943119644493834e-05
2148,261.46589310499985,5.8963,3.9423760864691434e-05
2149,261.58598457100015,7.2475,3.9416461089753133e-05
2150,261.70581604200015,5.548,3.940906268148147e-05
2151,261.8249062369996,6.2744,3.940166355981485e-05
2152,261.9436329279997,5.9757,3.9394296415432085e-05
2153,262.0644009759999,6.7097,3.9386967443518605e-05
2154,262.1843688249992,6.6543,3.9379525974197604e-05
2155,262.3058118150002,6.1351,3.9372114900802504e-05
2156,262.42880045899983,6.6128,3.936462750987653e-05
2157,262.5516432789991,6.2919,3.935703856549391e-05
2158,262.6719387920002,6.3904,3.934945211462968e-05
2159,262.7922837719998,7.0317,3.934201718283958e-05
2160,262.9122535709994,6.3602,3.933458760098768e-05
2161,263.0312509839987,6.7706,3.9327180814321027e-05
2162,263.1515337000001,6.0199,3.9319832009444516e-05
2163,263.27349976000005,5.9573,3.9312416931851896e-05
2164,263.39337698599957,6.4946,3.9304888727592585e-05
2165,263.5145223689997,6.4305,3.929748451172847e-05
2166,263.6341527509994,6.3186,3.9290016669197535e-05
2167,263.75253417099884,5.0481,3.928262338234568e-05
2168,263.8714533809998,5.1264,3.927531709679022e-05
2169,263.9912351849998,6.0501,3.926797166722225e-05
2170,264.1093769629988,6.7401,3.926057363790132e-05
2171,264.22946964899893,7.1944,3.925327884635801e-05
2172,264.3484858869997,7.4746,3.924587236790125e-05
2173,264.4669993209991,6.0249,3.9238529535617286e-05
2174,264.5861059479994,6.6123,3.92312099470371e-05
2175,264.70568622300016,7.2948,3.922385959956798e-05
2176,264.82531079,6.9188,3.9216482301666654e-05
2177,264.94473841800027,6.3471,3.9209098460493844e-05
2178,265.067852917,6.218,3.920171919833334e-05
2179,265.1906419070001,6.052,3.9194127416666686e-05
2180,265.31066074499904,6.8891,3.9186542951913654e-05
2181,265.4300952470003,6.38,3.9179138953456826e-05
2182,265.5501551540001,6.2598,3.917175667956796e-05
2183,265.67370972999925,6.7182,3.916435123030865e-05
2184,265.79490298899873,6.8498,3.9156732950123455e-05
2185,265.917488183999,6.749,3.9149246947222254e-05
2186,266.0402025589992,5.6882,3.914168733141982e-05
2187,266.16132044799997,5.8222,3.913409612864205e-05
2188,266.2811233929988,5.9368,3.9126623025308676e-05
2189,266.4033303489996,6.2906,3.911923629166672e-05
2190,266.52399768599935,6.3606,3.9111700755679014e-05
2191,266.64274582799953,6.4744,3.910424166370371e-05
2192,266.76264824699865,6.8766,3.909691269697535e-05
2193,266.882624595999,5.9793,3.908950752265439e-05
2194,267.00280534099875,6.8062,3.908210911253095e-05
2195,267.12318596600016,5.8813,3.90746908665432e-05
2196,267.24484960799964,7.5706,3.906724989975317e-05
2197,267.36583346899897,6.5845,3.905974818327162e-05
2198,267.48659132600005,6.4457,3.9052279279444465e-05
2199,267.6079531889991,6.9068,3.9044825627469225e-05
2200,267.7250536749998,6.3086,3.9037332529506215e-05
2201,267.8452510269999,7.3151,3.903010626308644e-05
2202,267.9637096379993,6.5057,3.902267751740746e-05
2203,268.08400546899975,5.8608,3.901536453154323e-05
2204,268.2024982940002,6.5816,3.900794780691364e-05
2205,268.31964982299905,6.6437,3.9000622309999985e-05
2206,268.43933660499897,5.732,3.899341098500002e-05
2207,268.56065909399877,6.9659,3.898600772987658e-05
2208,268.68142697799885,5.4476,3.8978517245679067e-05
2209,268.8016344709995,6.0211,3.897106917567905e-05
2210,268.92453304599985,6.6594,3.8963647181481514e-05
2211,269.04474572899926,5.8633,3.895607063944451e-05
2212,269.16359104599906,6.2221,3.8948632290493835e-05
2213,269.2841295199996,6.8075,3.8941300229197526e-05
2214,269.4033806419993,5.6929,3.89338664597531e-05
2215,269.5245837929997,6.9807,3.89264976577161e-05
2216,269.6442343990002,4.6228,3.8919022672592595e-05
2217,269.91055270200013,6.5713,3.891163104561729e-05
2218,270.0296126719986,7.047,3.8895200426111186e-05
2219,270.150146295,6.1458,3.888784545703711e-05
2220,270.27285306999875,7.1013,3.8880404601358026e-05
2221,270.39250926800014,6.4427,3.8872838392345765e-05
2222,270.5127235130003,7.2893,3.886544908938274e-05
2223,270.6330471879992,6.3931,3.885802251981491e-05
2224,270.75442269999985,5.9772,3.8850594555308675e-05
2225,270.87540513599924,6.0858,3.8843106391049454e-05
2226,270.99683857499986,6.3007,3.883563794580256e-05
2227,271.1162963629995,6.8085,3.882814282253094e-05
2228,271.2382100859995,5.4485,3.8820757230308646e-05
2229,271.36147084799995,7.4981,3.8813237227469123e-05
2230,271.482387439999,5.8333,3.880563517055556e-05
2231,271.6041652879994,6.7629,3.879816171185184e-05
2232,271.72288202299933,4.7162,3.8790656194074073e-05
2233,271.8441241159999,6.977,3.878331125777786e-05
2234,271.9641574689995,6.4577,3.877583511907407e-05
2235,272.08438291399943,6.9094,3.876842518858032e-05
2236,272.2058225609999,6.0595,3.876100287432104e-05
2237,272.32634757899905,6.6661,3.875350929166675e-05
2238,272.44398285699936,6.2316,3.8746073860308716e-05
2239,272.5619643689988,6.6753,3.8738798018827235e-05
2240,272.6829826989997,6.4473,3.8731528972283984e-05
2241,272.80421230199863,6.6545,3.87240562318519e-05
2242,272.92446960300003,6.5301,3.871657529648148e-05
2243,273.04546329799996,6.481,3.870915213135802e-05
2244,273.16454966699894,6.8941,3.870168871592594e-05
2245,273.284622571,5.5969,3.86943280878395e-05
2246,273.4049784639992,5.7675,3.868691731629637e-05
2247,273.5256927350001,6.999,3.8679494520185225e-05
2248,273.64518182899883,6.6737,3.867204669925932e-05
2249,273.76731115499933,6.6249,3.866466092166674e-05
2250,273.88943670499975,6.8556,3.865713251993828e-05
2251,274.00979841799926,5.6434,3.8649594850000016e-05
2252,274.1296402099997,6.8498,3.864215561740742e-05
2253,274.25137096599974,6.5255,3.863475118901236e-05
2254,274.3704817029993,5.341,3.862724571716048e-05
2255,274.4926649779991,6.3748,3.8619886545926024e-05
2256,274.61152005499935,6.763,3.861235396098768e-05
2257,274.7308184579997,6.5664,3.8605005181851896e-05
2258,274.8493774540002,6.0961,3.859764809265437e-05
2259,274.9702861179994,6.5675,3.8590323153580306e-05
2260,275.0927530230001,6.0886,3.858286481024691e-05
2261,275.2146600199994,6.6531,3.8575312114074084e-05
2262,275.3350637549993,7.4612,3.8567771346481525e-05
2263,275.4544665939993,6.8674,3.856034675450617e-05
2264,275.575256995,5.7492,3.8552980952839526e-05
2265,275.6940951969991,6.5181,3.8545531938950635e-05
2266,275.8140966310002,6.986,3.853818631228394e-05
2267,275.93668298800003,6.6714,3.8530778704876574e-05
2268,276.0578330039989,6.9845,3.8523206955123446e-05
2269,276.17910898899936,6.3389,3.85157300339506e-05
2270,276.30171740100013,6.0791,3.8508241534629616e-05
2271,276.42162715499944,6.6327,3.8500686887222245e-05
2272,276.54205873299907,5.0814,3.8493277303642e-05
2273,276.6633319379998,6.2978,3.848584461179014e-05
2274,276.7823104809995,6.2123,3.8478360721728454e-05
2275,276.90165741499914,7.0576,3.8471012689691364e-05
2276,277.0211449819999,5.6312,3.8463646068209904e-05
2277,277.14225882499886,6.4274,3.8456269168024775e-05
2278,277.26210350899964,5.5577,3.8448793912469195e-05
2279,277.3786237280001,6.5343,3.844139348117287e-05
2280,277.50004155999886,6.1756,3.843421434932107e-05
2281,277.6194407309995,6.6599,3.842670909438278e-05
2282,277.7409153230001,6.9838,3.8419336112654405e-05
2283,277.86115708599937,6.0374,3.841184707734573e-05
2284,277.98139943599926,6.5424,3.8404414096851915e-05
2285,278.099408009999,3.2156,3.8396998585740786e-05
2286,278.21639582900025,6.8172,3.838970388432099e-05
2287,278.3364115539989,6.3061,3.838248659944445e-05
2288,278.4575073769993,6.9267,3.837508182024695e-05
2289,278.57987398600017,7.0334,3.836760750993832e-05
2290,278.7018915379995,6.7484,3.836006044259261e-05
2291,278.8215466439997,6.8656,3.835251852327165e-05
2292,278.9420971219988,7.4803,3.834512774203705e-05
2293,279.06566308499896,6.6251,3.833768541037045e-05
2294,279.18879903800007,6.4446,3.8330070144938314e-05
2295,279.3105651730002,7.165,3.832246895117283e-05
2296,279.4306111119986,6.6532,3.831494336814821e-05
2297,279.550955454999,6.9262,3.830753002135803e-05
2298,279.6707627099986,6.4915,3.8300107072777845e-05
2299,279.79105664099916,6.4416,3.8292706507098856e-05
2300,279.912722572999,6.3171,3.8285284004567886e-05
2301,280.0336498409997,5.6964,3.82777698711111e-05
2302,280.15458904299885,6.2367,3.8270310379259266e-05
2303,280.2734513710002,6.7586,3.82628489068519e-05
2304,280.3927509570003,5.8602,3.825550470475314e-05
2305,280.5162643329986,7.1155,3.824814515543219e-05
2306,280.6379863279999,6.6438,3.824052193092591e-05
2307,280.75829680899915,7.0286,3.82330087893828e-05
2308,280.87987688999965,6.5056,3.822557856925931e-05
2309,281.00150532299995,6.2826,3.8218077396913604e-05
2310,281.1235356369998,6.2341,3.821056663833341e-05
2311,281.24439640199853,6.8407,3.8203037213456864e-05
2312,281.36505832199873,6.5973,3.8195568816172904e-05
2313,281.4853100599994,6.5232,3.8188122374753174e-05
2314,281.6027313329996,5.9829,3.818069764067904e-05
2315,281.724087306,7.0492,3.817344402895063e-05
2316,281.84469087599973,6.7653,3.8165963717222294e-05
2317,281.9664082620002,6.9979,3.815852239117288e-05
2318,282.0887084039987,6.6992,3.8151002143209934e-05
2319,282.20642289399984,6.2075,3.814345649074077e-05
2320,282.3250033329987,5.3299,3.8136180764135874e-05
2321,282.4476704289991,6.5565,3.812886965024698e-05
2322,282.56836766999913,6.3832,3.812130488160496e-05
2323,282.6896774729994,6.9432,3.811385101617289e-05
2324,282.8112480939999,6.5503,3.8106366359074124e-05
2325,282.9298385099992,6.5273,3.8098863477654375e-05
2326,283.05010674799996,6.0428,3.809153031919755e-05
2327,283.1711410169992,6.4674,3.8084111491296335e-05
2328,283.29056557199874,5.6377,3.8076637050246945e-05
2329,283.409682047999,6.3327,3.806926113987657e-05
2330,283.5302263029989,6.3992,3.8061914537654306e-05
2331,283.6473681419993,6.9367,3.80544794928395e-05
2332,283.7680293789999,5.4635,3.8047252711358055e-05
2333,283.8883003079991,6.5405,3.803979123302472e-05
2334,284.0081652279987,5.5835,3.8032365826975366e-05
2335,284.13036780499897,7.3433,3.8024960531728436e-05
2336,284.25100767000004,6.5363,3.8017429695370355e-05
2337,284.37183193999954,6.1151,3.800998636283954e-05
2338,284.4914317160001,5.717,3.800253131425928e-05
2339,284.61212835699916,7.0058,3.7995146043209886e-05
2340,284.7328435629988,5.8283,3.798769866648152e-05
2341,284.8546013059986,6.5853,3.798024301104946e-05
2342,284.97607372399943,6.4857,3.797273218641974e-05
2343,285.0961237779993,5.8238,3.7965234919938333e-05
2344,285.21441998499904,5.363,3.795781603308648e-05
2345,285.33620726499976,6.8455,3.7950503918642024e-05
2346,285.45578011199905,6.5929,3.7943002053271696e-05
2347,285.5760808670002,6.532,3.7935616078333356e-05
2348,285.69726614499996,6.8225,3.7928180803456815e-05
2349,285.81827237200014,7.0834,3.792070710876549e-05
2350,285.9383675809986,6.7222,3.7913237512716086e-05
2351,286.0597847979989,6.9998,3.790582475302472e-05
2352,286.18235979199926,5.9602,3.789832472753095e-05
2353,286.3020716640003,6.0346,3.789076941876543e-05
2354,286.42010516699884,6.3465,3.7883361101481503e-05
2355,286.5372957620002,5.4191,3.7876080297469176e-05
2356,286.65585857800033,5.2371,3.7868850513024745e-05
2357,286.77660405999995,6.5368,3.786153205592593e-05
2358,286.89834232999965,6.4712,3.7854082225555575e-05
2359,287.0195057239998,6.4201,3.784656796228403e-05
2360,287.1415982660001,6.9041,3.7839094506111177e-05
2361,287.262345879999,6.8814,3.783155421500009e-05
2362,287.3821572929992,5.9835,3.782409781049382e-05
2363,287.4999167389997,6.212,3.7816705599135826e-05
2364,287.6225511390003,6.7178,3.780943770820989e-05
2365,287.7435437189997,5.3199,3.780186902654328e-05
2366,287.8638580909992,6.6365,3.77943947844445e-05
2367,287.9820628219986,4.831,3.778696465586423e-05
2368,288.0993357360003,7.1289,3.7779659667530946e-05
2369,288.2216624519988,6.2662,3.777243601283951e-05
2370,288.3408475109991,6.0867,3.7764880099876555e-05
2371,288.46235860199886,6.0663,3.7757508937284004e-05
2372,288.5830595119987,5.6317,3.775002811950619e-05
2373,288.70418664599856,6.5988,3.774256736222228e-05
2374,288.82357071499973,6.2114,3.773508852635806e-05
2375,288.943574977,6.8715,3.7727718382469186e-05
2376,289.06516880100025,6.7843,3.772031199067908e-05
2377,289.1848217379993,6.0624,3.7712815637901316e-05
2378,289.30567668099866,7.2948,3.770542806234573e-05
2379,289.4274014069997,7.2282,3.7697956589321015e-05
2380,289.5510115349989,6.383,3.7690447323148195e-05
2381,289.66890456999863,4.8632,3.7682831064012356e-05
2382,289.7908320030001,6.2264,3.767552843913581e-05
2383,289.9128211549996,6.765,3.7668018717839594e-05
2384,290.03098575699914,4.4543,3.766049225117283e-05
2385,290.1498045879998,5.6018,3.7653187435617266e-05
2386,290.2727308579997,6.7039,3.764585920246915e-05
2387,290.3929717760002,6.4843,3.7638284437901314e-05
2388,290.5130468169991,6.503,3.7630848396604926e-05
2389,290.6337379309989,5.8691,3.762343395419757e-05
2390,290.75497715599886,6.6466,3.761598271679018e-05
2391,290.875413705,6.7772,3.7608505438580254e-05
2392,290.99575331099913,6.4941,3.760107048012354e-05
2393,291.11665686000015,6.5328,3.7593639165185254e-05
2394,291.23624640199887,5.6954,3.7586179445493874e-05
2395,291.35578400600025,5.9365,3.757879612419755e-05
2396,291.47364464400016,6.7256,3.757140747765435e-05
2397,291.5900638860003,6.9075,3.7564133441296304e-05
2398,291.7096780699994,6.0958,3.755696437567908e-05
2399,291.83260922799855,6.2824,3.7549560764876526e-05
2400,291.9534826039999,5.9349,3.754198164629638e-05
2401,292.07361884700003,4.765,3.7534513239567935e-05
2402,292.19452377699963,6.9288,3.752710341802469e-05
2403,292.3171779309996,6.7964,3.751964269098765e-05
2404,292.438105928999,6.1018,3.751208055246912e-05
2405,292.5582089899999,6.5176,3.7504608610493896e-05
2406,292.67848776199935,6.5204,3.749719144061735e-05
2407,292.7981915649998,5.5811,3.74897660830864e-05
2408,292.917997008999,6.2021,3.7482373539444525e-05
2409,293.0384730629994,7.0158,3.7474980933950604e-05
2410,293.15947624,6.8475,3.746754119228396e-05
2411,293.2781943230002,5.9141,3.746007784327161e-05
2412,293.3970775109992,6.841,3.745274441783957e-05
2413,293.5170719500002,6.2511,3.7445398428642e-05
2414,293.63682002399946,7.3348,3.743800260061736e-05
2415,293.75729569599935,4.9974,3.743061034888892e-05
2416,293.8794689789993,7.0177,3.74231766990124e-05
2417,294.0003159219996,6.4248,3.7415635260432155e-05
2418,294.12113911899905,6.827,3.740816614753093e-05
2419,294.24262264199933,6.6821,3.740070763259261e-05
2420,294.36435044799873,5.9466,3.739322263314815e-05
2421,294.48620980799933,6.7145,3.7385704766111195e-05
2422,294.60405447299854,5.3875,3.737818217240747e-05
2423,294.72396723699967,5.9174,3.737090004111114e-05
2424,294.84364811900014,6.0923,3.736349938407408e-05
2425,294.9652425280001,6.6515,3.735611111030873e-05
2426,295.088168409,6.3175,3.734861274598772e-05
2427,295.20847311599937,6.2668,3.73410258420988e-05
2428,295.33066338999924,6.0973,3.733359760179021e-05
2429,295.453336605,6.1754,3.7326060347283975e-05
2430,295.5733831839989,5.1765,3.731848699086422e-05
2431,295.6935620059994,6.5204,3.731106870197538e-05
2432,295.8143248239994,6.8044,3.730364833401242e-05
2433,295.9354878939994,6.3184,3.7296194451049436e-05
2434,296.05684327400013,6.2168,3.728871784240749e-05
2435,296.17653657899973,5.5978,3.728121884604943e-05
2436,296.293989931999,6.1861,3.727383530592598e-05
2437,296.4174597379988,6.065,3.726659479086423e-05
2438,296.53834732299947,6.1166,3.7258961794691404e-05
2439,296.6654199929999,6.3694,3.725149419086421e-05
2440,296.78748115599956,5.4865,3.724365918518518e-05
2441,296.9080324709994,6.3606,3.723611953216053e-05
2442,297.0325739479995,5.9058,3.722867944413585e-05
2443,297.1533142319986,6.2061,3.7221002892037075e-05
2444,297.27455897399886,6.7189,3.7213542788271595e-05
2445,297.3965418539992,6.9899,3.720605562691364e-05
2446,297.5174945359995,6.0609,3.719852237913579e-05
2447,297.63828555599866,6.0673,3.7191046234691406e-05
2448,297.7596997359997,6.9149,3.718360778098772e-05
2449,297.88078116699944,6.6212,3.717611400685189e-05
2450,298.00130835100026,5.2907,3.716864047993832e-05
2451,298.1218565349991,6.0869,3.7161197616666675e-05
2452,298.2444497079996,6.0914,3.715374856728403e-05
2453,298.3657954549999,6.432,3.714618637061735e-05
2454,298.48621845399975,6.1433,3.713870301753087e-05
2455,298.6088673969989,6.5271,3.7131255996049466e-05
2456,298.73248249899916,6.7383,3.71236962569136e-05
2457,298.8534469309998,5.734,3.7116057523827175e-05
2458,298.97373720699943,4.2716,3.7108592662098764e-05
2459,299.09610383200015,6.9421,3.710115707302471e-05
2460,299.2176576619986,6.4037,3.709361437061736e-05
2461,299.3388417589995,6.345,3.708611124080248e-05
2462,299.4593238609996,5.9763,3.70786216645679e-05
2463,299.5793714909996,6.0715,3.707118410808647e-05
2464,299.7012511510002,7.0031,3.706378113370372e-05
2465,299.82399088199963,6.7162,3.7056259864321073e-05
2466,299.9464864879992,6.9734,3.70486955396297e-05
2467,300.06606723599907,6.5486,3.70411230883951e-05
2468,300.18939181099995,6.7275,3.703374164462966e-05
2469,300.3115887919994,6.5549,3.702613236549389e-05
2470,300.4350876289991,7.0323,3.701853731271614e-05
2471,300.55654369999866,7.4443,3.7010964629567914e-05
2472,300.6786622259988,6.3547,3.700345960623458e-05
2473,300.7990208129995,6.535,3.6995931701296376e-05
2474,300.92094266999993,6.6462,3.698849556320988e-05
2475,301.0438404109991,6.5445,3.6980973043642e-05
2476,301.16285743499975,5.6245,3.697334313253089e-05
2477,301.2850086210001,6.7691,3.6966025355987646e-05
2478,301.403907246,6.313,3.695850247759266e-05
2479,301.52671813599954,6.1161,3.695115259518523e-05
2480,301.64781783499893,5.9954,3.694358356432104e-05
2481,301.76911915799974,6.4367,3.693610096814817e-05
2482,301.8917598480002,6.7876,3.692859318191366e-05
2483,302.00955513999907,6.5887,3.692104464592601e-05
2484,302.1305601490003,6.0274,3.69137814779013e-05
2485,302.25241963400003,6.4774,3.690629840993827e-05
2486,302.37590690199977,6.915,3.689877797030864e-05
2487,302.4949023680001,4.579,3.689115634450619e-05
2488,302.615778116,6.6259,3.688380365697536e-05
2489,302.73611281599915,6.1819,3.687634884080255e-05
2490,302.85896603999936,6.6207,3.6868914765740736e-05
2491,302.98095107799963,6.3649,3.686134107197536e-05
2492,303.0992269090002,5.2218,3.685381183691362e-05
2493,303.2201439199998,6.181,3.684650012753093e-05
2494,303.34307390199865,6.3089,3.683905440074083e-05
2495,303.4644043289991,4.7421,3.6831454615802516e-05
2496,303.587351913,6.6411,3.682396975314819e-05
2497,303.70754285899966,6.9646,3.6816379195493874e-05
2498,303.83140631599963,6.8185,3.6808955718950666e-05
2499,303.95123984199927,6.3414,3.6801250063395116e-05
2500,304.0704440419995,6.0826,3.6793911259321004e-05
2501,304.19636621099926,7.237,3.678655487512347e-05
2502,304.3150073710003,6.4502,3.677879043265432e-05
2503,304.43472000399925,5.9306,3.677145266506181e-05
2504,304.55523480400007,6.6392,3.676404754882725e-05
2505,304.67641161999927,7.054,3.675663292814815e-05
2506,304.79756341400025,7.5932,3.6749153128209884e-05
2507,304.91858033899916,6.5783,3.674167739851855e-05
2508,305.0419656180002,6.4924,3.673419842617286e-05
2509,305.16203585399853,6.9342,3.6726584790061746e-05
2510,305.2829984179989,5.6418,3.67191609493828e-05
2511,305.40355995999926,6.7426,3.6711705502901306e-05
2512,305.52766571899883,6.235,3.6704265509444535e-05
2513,305.6486834239986,6.3875,3.669660909376551e-05
2514,305.7691925509989,6.0546,3.6689129126419817e-05
2515,305.892492039,7.3587,3.668169051561732e-05
2516,306.0154158280002,6.1322,3.6674087183950694e-05
2517,306.13352493099956,6.8073,3.6666490990000065e-05
2518,306.25230990699856,6.7036,3.6659217312160565e-05
2519,306.3760673889992,7.2083,3.665187762518526e-05
2520,306.49861442899964,6.9926,3.6644232716172935e-05
2521,306.6177381990001,6.6064,3.663666895925934e-05
2522,306.74033955199957,6.017,3.662926141617289e-05
2523,306.86318273899997,6.0873,3.6621743756049465e-05
2524,306.9841916839996,6.4492,3.661414103419758e-05
2525,307.10587517899876,6.9142,3.660669535135808e-05
2526,307.2280880119997,6.6881,3.659917785450624e-05
2527,307.34981268799856,6.81,3.659162447358023e-05
2528,307.46964983399994,6.1669,3.658412464493829e-05
2529,307.59216438899966,6.0604,3.6576732350247005e-05
2530,307.7108402590002,5.4828,3.656916531080253e-05
2531,307.8341300659995,6.8242,3.656182695524697e-05
2532,307.95893165300004,7.2654,3.655422937333332e-05
2533,308.07884606900006,5.3502,3.654649889308642e-05
2534,308.2003359369992,6.8696,3.6539118646975386e-05
2535,308.3220395919998,6.1943,3.6531626058333335e-05
2536,308.445694869999,6.7173,3.6524111067098747e-05
2537,308.5690292119998,6.4092,3.6516482451913625e-05
2538,308.6900424509986,6.0353,3.65088602715433e-05
2539,308.8130034149999,6.9354,3.650138665944443e-05
2540,308.9351534969992,6.6189,3.6493805314320984e-05
2541,309.057663607,5.6611,3.648626221567902e-05
2542,309.18161904599947,6.6448,3.647870193450621e-05
2543,309.306072768999,6.3847,3.647105648907413e-05
2544,309.4282076419986,6.0807,3.646337012117283e-05
2545,309.5503856799987,6.0801,3.645582038679016e-05
2546,309.6707353820002,4.7631,3.6448291041913565e-05
2547,309.7920455579988,6.6915,3.6440821172284e-05
2548,309.9128101309998,6.3612,3.643336592858029e-05
2549,310.0372378430002,6.5801,3.642592085327169e-05
2550,310.15954511699965,6.3644,3.641824023728403e-05
2551,310.28159932499875,6.8664,3.6410689005925954e-05
2552,310.40092451499913,6.3099,3.6403141397222276e-05
2553,310.523142394999,6.7637,3.6395783345617335e-05
2554,310.6447956159991,5.5468,3.6388238647716075e-05
2555,310.7685148749988,6.282,3.6380736392962986e-05
2556,310.8892261029996,6.7775,3.637305587141984e-05
2557,311.0116090449992,6.1181,3.6365642257098756e-05
2558,311.13240803999906,6.3607,3.635809209740739e-05
2559,311.25452608900014,6.0848,3.635062535413588e-05
2560,311.37416839399884,5.7526,3.6343091917963056e-05
2561,311.4957556520003,6.6336,3.6335704580370356e-05
2562,311.61848851799914,5.8098,3.6328206887345704e-05
2563,311.73834109699965,5.4086,3.6320577576234654e-05
2564,311.861835497999,7.0749,3.631322327790123e-05
2565,311.98300601200026,6.3917,3.630561454000004e-05
2566,312.1046733229996,6.6938,3.629812491512355e-05
2567,312.22470945199893,6.3281,3.629061645740741e-05
2568,312.3475581669991,6.1248,3.628320544123457e-05
2569,312.46889738199934,6.5228,3.6275621040061724e-05
2570,312.59089744799894,6.5843,3.62681425044445e-05
2571,312.7120365129995,6.2123,3.6260601220802515e-05
2572,312.83363834400006,5.5969,3.625311299543211e-05
2573,312.9552626709992,6.533,3.62456094325309e-05
2574,313.0742692369986,6.2115,3.623811078462967e-05
2575,313.19601867299934,6.6469,3.6230758971851855e-05
2576,313.31710286699854,6.4584,3.622324582833334e-05
2577,313.43922881899925,6.5144,3.621577525530865e-05
2578,313.56228980999913,7.2266,3.620823783327159e-05
2579,313.6830742109996,5.7237,3.620064909913585e-05
2580,313.80384942599994,6.4055,3.619317753870376e-05
2581,313.92791288399894,6.7203,3.618572909944451e-05
2582,314.0496587409998,6.8223,3.6178071995493814e-05
2583,314.17156946199975,5.9505,3.617054957475308e-05
2584,314.2917034089987,6.3555,3.616303153783957e-05
2585,314.41396269599863,5.3042,3.615561370765439e-05
2586,314.53542207099963,6.4854,3.614807614685189e-05
2587,314.6573208279988,6.4822,3.614056890746915e-05
2588,314.78016961199864,6.1981,3.6133039726913654e-05
2589,314.9008859509995,5.5079,3.612546161506173e-05
2590,315.02008489699983,6.3643,3.6118003558086445e-05
2591,315.14262013999905,6.088,3.611064322901234e-05
2592,315.2640293259992,6.5386,3.610309757969137e-05
2593,315.383526575999,6.6074,3.6095595534197524e-05
2594,315.5025815709996,7.5614,3.608821640222221e-05
2595,315.6243444270003,5.9177,3.608085892253089e-05
2596,315.7462825929997,6.9617,3.607335741901234e-05
2597,315.8685132929986,6.8697,3.606582447049384e-05
2598,315.99378130999867,6.9169,3.605827959333342e-05
2599,316.117046551999,6.1516,3.6050551337160485e-05
2600,316.2408186550001,5.7208,3.604294129395071e-05
2601,316.3619299389993,5.7985,3.603530372858025e-05
2602,316.4843985539992,6.0027,3.602782539759259e-05
2603,316.6072045479996,6.3506,3.602024567425933e-05
2604,316.72834881699964,6.2215,3.6012690220000024e-05
2605,316.8520998439999,6.871,3.600520125876542e-05
2606,316.97209117700004,5.7458,3.599757074234574e-05
2607,317.0932630719999,6.7301,3.599015202444443e-05
2608,317.217591790999,7.1609,3.598267856648155e-05
2609,317.34010714299984,6.3757,3.5975016928395135e-05
2610,317.4608151889988,5.2688,3.596743738753088e-05
2611,317.58371844799876,7.106,3.5959990933888885e-05
2612,317.705224207999,6.1387,3.5952383875740756e-05
2613,317.82603304499935,6.1235,3.594490104783953e-05
2614,317.946787502,6.4887,3.593745029845678e-05
2615,318.0689996740002,6.5091,3.5929990368333364e-05
2616,318.1908039059999,5.9675,3.5922453814321075e-05
2617,318.31232740299856,6.1435,3.591489835641975e-05
2618,318.43394385399915,5.8348,3.5907423061666754e-05
2619,318.55147562399907,6.9878,3.58999200629013e-05
2620,318.67433659199924,6.9712,3.589267455055556e-05
2621,318.7971407419991,6.3938,3.588508481654325e-05
2622,318.92075135399864,6.8137,3.587750803191357e-05
2623,319.04238713799896,6.473,3.586987479895065e-05
2624,319.1639216879994,7.0895,3.586236163425933e-05
2625,319.2896635870002,5.9747,3.5854840701481466e-05
2626,319.41240550899965,6.0578,3.5847102090493866e-05
2627,319.53246758599926,6.9787,3.583951977388894e-05
2628,319.65194462699947,6.2159,3.583211395265439e-05
2629,319.77275410199945,6.33,3.5824723256543206e-05
2630,319.8919223619996,3.7601,3.581727962753093e-05
2631,320.01269372299976,6.9023,3.5809919039814834e-05
2632,320.1302301380001,6.7754,3.580246934074082e-05
2633,320.25401627499923,6.3745,3.579523592771603e-05
2634,320.37526148100005,6.9478,3.5787573330308645e-05
2635,320.4959580229988,6.4925,3.578008678339509e-05
2636,320.6160648819987,5.6699,3.577264273191366e-05
2637,320.73638489099903,5.6247,3.5765219612037107e-05
2638,320.8571788779991,6.2548,3.575779464722226e-05
2639,320.9791235949997,6.6575,3.575033633179014e-05
2640,321.102558691,6.805,3.574281073790122e-05
2641,321.22525195900016,6.6739,3.573519001771611e-05
2642,321.34725480499947,7.2548,3.572762644456794e-05
2643,321.4688031709993,4.793,3.572008847246915e-05
2644,321.5915807509991,6.6891,3.5712587562716125e-05
2645,321.71400796299895,6.5289,3.570501113790131e-05
2646,321.83397526099907,6.4009,3.569744938858026e-05
2647,321.9538804999993,5.9011,3.5690039263580294e-05
2648,322.0745434189994,5.2403,3.5682646005864255e-05
2649,322.1944475479995,6.0309,3.5675190616975336e-05
2650,322.31423486600033,5.706,3.566778534654324e-05
2651,322.4351028159999,4.6548,3.566039411962961e-05
2652,322.55622528999993,6.0183,3.565294299283958e-05
2653,322.67812922099984,6.0117,3.564546341950619e-05
2654,322.79666470699885,5.8939,3.563792281604947e-05
2655,322.92102914299903,6.5711,3.563061064950624e-05
2656,323.04299345399886,6.1486,3.562294826024692e-05
2657,323.16627066399997,6.1499,3.561540991277778e-05
2658,323.2882826139994,6.2397,3.560780359790128e-05
2659,323.410180511999,6.53,3.560025842209884e-05
2660,323.5323082099985,6.3789,3.559273856561734e-05
2661,323.6551196049986,5.2004,3.558520925660492e-05
2662,323.77933669399863,6.8805,3.5577622600061724e-05
2663,323.90057223799886,6.9413,3.556995196432098e-05
2664,324.0246881000003,7.0712,3.5562467466296334e-05
2665,324.14686965500005,6.1274,3.5554811700987646e-05
2666,324.2687064439997,6.0906,3.554725641493827e-05
2667,324.3860665739994,7.5176,3.553975275481488e-05
2668,324.5080766769988,6.0855,3.553251651555563e-05
2669,324.6289198909999,6.4249,3.5524975489938305e-05
2670,324.75153665499965,6.0753,3.551751387432101e-05
2671,324.8722208599993,6.1531,3.5509947411790135e-05
2672,324.99092326999926,5.745,3.5502486425370374e-05
2673,325.11363904799873,6.524,3.549515299506177e-05
2674,325.23601284399956,6.5207,3.5487596105308684e-05
2675,325.3566792769998,6.474,3.548003170314823e-05
2676,325.47860711799876,6.6654,3.5472575712777786e-05
2677,325.6012082340003,6.7769,3.5465061341296355e-05
2678,325.72224500599987,5.7909,3.54575000039507e-05
2679,325.842904404999,4.6003,3.545001795345679e-05
2680,325.9638726159992,6.8408,3.544256837111115e-05
2681,326.0851257639988,6.6221,3.543510346975314e-05
2682,326.2058710559995,6.9586,3.542762084518517e-05
2683,326.32664219099934,6.1232,3.542017470740744e-05
2684,326.4475938129999,6.2403,3.541271103271603e-05
2685,326.56948715,7.2124,3.540525161753089e-05
2686,326.69008294099876,6.4249,3.539773616006181e-05
2687,326.8091652419989,6.4376,3.539028358216052e-05
2688,326.9287076569999,5.9645,3.538292590586418e-05
2689,327.04874709899923,6.5298,3.53755620989506e-05
2690,327.1694616570003,6.1917,3.5368140842777807e-05
2691,327.2904520310003,4.5788,3.536068905734574e-05
2692,327.41321857099865,6.4359,3.535322045259268e-05
2693,327.53598707199853,6.5753,3.534564278080246e-05
2694,327.6614414429987,6.2779,3.533807921006176e-05
2695,327.78387095799917,6.6504,3.533031958790128e-05
2696,327.90563251799904,7.0196,3.532275642703705e-05
2697,328.026699996999,6.8826,3.531524934672841e-05
2698,328.1453317029991,6.4518,3.5307770035185205e-05
2699,328.2671024149986,6.0235,3.530045013728397e-05
2700,328.3866924510003,5.6337,3.529293616351851e-05
2701,328.5064385429996,5.6825,3.528555315518526e-05
2702,328.6265493869996,5.497,3.527816186672838e-05
2703,328.74798801499855,4.9431,3.5270758971481555e-05
2704,328.87043989299855,6.4414,3.526324626629638e-05
2705,328.9907880749997,6.207,3.5255695024074115e-05
2706,329.11314566299916,6.2677,3.524824789024698e-05
2707,329.2372717219987,6.7593,3.524071823864205e-05
2708,329.35939158200017,6.9099,3.52330541867284e-05
2709,329.4793229779989,6.6623,3.522550084098771e-05
2710,329.59991913500016,5.5518,3.521807779117291e-05
2711,329.72099056799925,6.2483,3.52106591817284e-05
2712,329.8450320489992,6.2279,3.5203186691234556e-05
2713,329.9668773759986,6.4477,3.519553391240747e-05
2714,330.0901938520001,6.5152,3.518800239314821e-05
2715,330.2118967989991,6.2933,3.518041078814821e-05
2716,330.3358459020001,6.3115,3.5172882814197546e-05
2717,330.45575863699924,5.5789,3.51652455107408e-05
2718,330.5777063179994,6.4015,3.515782074419759e-05
2719,330.6994447649995,7.0318,3.5150308800061734e-05
2720,330.82074117499906,6.0616,3.5142773777345695e-05
2721,330.9418051369994,6.6771,3.513530905580253e-05
2722,331.06490754100014,6.3373,3.51278323139506e-05
2723,331.1866706609999,5.8179,3.512023488845679e-05
2724,331.3090928719994,4.6423,3.5112710693641997e-05
2725,331.4328750169989,6.9706,3.5105163835987695e-05
2726,331.5564787450003,6.462,3.509751234129639e-05
2727,331.67835144199853,6.0762,3.508989075185183e-05
2728,331.79822086499917,6.6922,3.50823630424075e-05
2729,331.9208765589992,6.8358,3.5074960591172845e-05
2730,332.0427493070001,6.0224,3.506740031574074e-05
2731,332.1665896300001,6.9951,3.505983637703712e-05
2732,332.2895239999998,6.8984,3.5052229801358073e-05
2733,332.4131898759988,6.6172,3.50446290630864e-05
2734,332.5341391740003,6.6192,3.5037011286358055e-05
2735,332.65595100799874,6.5127,3.502953779395071e-05
2736,332.77688711799965,6.6594,3.502201744302477e-05
2737,332.8972611019999,6.6317,3.501454927895063e-05
2738,333.02040631099953,6.1564,3.50070923143828e-05
2739,333.14468999899873,6.6284,3.499951343703703e-05
2740,333.26768426200033,6.7072,3.499183359111112e-05
2741,333.39033261999975,6.9012,3.498426005697531e-05
2742,333.50980722299937,7.2443,3.497669303432102e-05
2743,333.63289448999967,6.4969,3.496930650580256e-05
2744,333.75718018099906,7.2755,3.4961720919691395e-05
2745,333.8815575890003,7.1361,3.495405439870377e-05
2746,334.002602474,5.8905,3.494636573537045e-05
2747,334.1238192109995,6.464,3.4938883153888945e-05
2748,334.2451734669994,5.6835,3.493141002111119e-05
2749,334.36713839299955,6.1679,3.4923919485123455e-05
2750,334.48835164699994,6.0445,3.4916396958333394e-05
2751,334.6101799579992,5.7594,3.49089076911112e-05
2752,334.7301150209987,6.4929,3.49013963502469e-05
2753,334.85006946799876,5.5567,3.4893968064382724e-05
2754,334.9702251609997,6.9727,3.4886566788271594e-05
2755,335.09108607399867,5.985,3.4879149990926e-05
2756,335.2115730739988,6.5792,3.4871697560864186e-05
2757,335.33211439299885,6.2009,3.4864265453148216e-05
2758,335.4506441989997,5.9778,3.4856826582098855e-05
2759,335.5734902469994,7.0087,3.484950850932106e-05
2760,335.69473782299974,6.4406,3.484193695154329e-05
2761,335.81513629799883,6.1533,3.483444378358029e-05
2762,335.935694451,6.5334,3.482699940006176e-05
2763,336.0596665379999,6.2648,3.4819562394876606e-05
2764,336.1839493970001,6.2976,3.481184896703702e-05
2765,336.30472194199865,7.1344,3.480423976728398e-05
2766,336.42579836999903,5.8294,3.479678458944453e-05
2767,336.5479925719992,5.3787,3.478931183148155e-05
2768,336.67082873300023,6.1639,3.4781771682716044e-05
2769,336.79391370399935,6.2582,3.4774190722777865e-05
2770,336.9159669309993,6.682,3.476658903740748e-05
2771,337.0383603889986,6.4903,3.475905476962964e-05
2772,337.16083049199915,6.052,3.475150229302477e-05
2773,337.2833127499998,6.0398,3.4743938363024676e-05
2774,337.4037450119995,6.2638,3.473638616722226e-05
2775,337.52493754199895,6.492,3.472894637172846e-05
2776,337.64894303599976,6.8754,3.472146380975315e-05
2777,337.7704054469996,6.7947,3.471382004623458e-05
2778,337.8961267609993,6.8384,3.4706299731666756e-05
2779,338.01934003399947,7.1467,3.4698553866605e-05
2780,338.1395841599988,6.6126,3.469094867166669e-05
2781,338.26118995700017,6.0928,3.4683515582469174e-05
2782,338.3841019470001,6.8816,3.4676017724629705e-05
2783,338.5074717560001,6.8143,3.466836909395069e-05
2784,338.63057219499933,6.116,3.4660821283395096e-05
2785,338.75163449699903,6.6716,3.465321986716048e-05
2786,338.87266708099924,6.5277,3.464573498234569e-05
2787,338.9958468320001,6.4869,3.463826838253092e-05
2788,339.11733251999976,6.6529,3.463067254401239e-05
2789,339.23816795399944,6.6154,3.4623170343148214e-05
2790,339.3623697459989,5.6024,3.461570774777786e-05
2791,339.486036160999,6.3463,3.4608050473765465e-05
2792,339.6072215519998,5.8348,3.4600410758580274e-05
2793,339.7287662809995,6.2896,3.459292304061729e-05
2794,339.8491896439991,5.4095,3.458543048679014e-05
2795,339.9706910929999,6.6177,3.4577995150987675e-05
2796,340.0932727239997,6.7488,3.45704922066667e-05
2797,340.2175963310001,6.9576,3.4562924058024725e-05
2798,340.34137217399984,6.3833,3.45552530870988e-05
2799,340.46179039399976,6.2622,3.4547616026049446e-05
2800,340.58341376599856,6.9314,3.454016744975316e-05
2801,340.703890236,5.5499,3.453266621790124e-05
2802,340.827782725999,5.7857,3.452523401012345e-05
2803,340.9516195549986,5.9896,3.451758853160496e-05
2804,341.073323528999,6.9365,3.450993243061728e-05
2805,341.194051692999,6.4792,3.450235164018523e-05
2806,341.31316458999936,6.3501,3.449498245839511e-05
2807,341.43399472799865,6.846,3.4487600489259266e-05
2808,341.552734122999,5.991,3.448017023259261e-05
2809,341.6734027040002,7.029,3.447283817530863e-05
2810,341.7955340979988,6.0796,3.446539039895066e-05
2811,341.9187889959994,6.264,3.4457849310432115e-05
2812,342.0396791429994,6.7907,3.445023820086427e-05
2813,342.16010836500027,5.3505,3.444277641246915e-05
2814,342.28056816499884,6.3124,3.443533917462963e-05
2815,342.4044844250002,6.0789,3.4427915959444435e-05
2816,342.5285493949996,6.1685,3.442026745234576e-05
2817,342.6503547679986,6.7032,3.441261029141981e-05
2818,342.77186375199926,5.0663,3.440507245938276e-05
2819,342.8933961269995,5.8564,3.4397571543518604e-05
2820,343.0153057719999,5.4065,3.4390076796419824e-05
2821,343.1379924699995,6.9115,3.438255618086428e-05
2822,343.25810885399915,5.7814,3.437498272604943e-05
2823,343.381445478999,6.2773,3.436756334543212e-05
2824,343.50442005900004,6.7121,3.435995871425927e-05
2825,343.6258701480001,6.576,3.435236320006172e-05
2826,343.7474581229999,6.8871,3.434486946802472e-05
2827,343.87076982299914,5.6527,3.4337360003395096e-05
2828,343.9925193279996,6.0386,3.432974903919751e-05
2829,344.11344327000006,5.4348,3.4322229024506155e-05
2830,344.23462816199935,6.518,3.43147598133951e-05
2831,344.35854015099903,6.815,3.4307266222963056e-05
2832,344.4798014729986,6.4941,3.429964107327163e-05
2833,344.6008994120002,5.8635,3.429215109703712e-05
2834,344.72352155599947,6.7182,3.4284671478148155e-05
2835,344.8467484979992,6.7116,3.427711121228404e-05
2836,344.96711978999883,5.4967,3.426950078617284e-05
2837,345.0892429859996,6.6611,3.4262073937654324e-05
2838,345.20953264799937,6.2172,3.425451493364203e-05
2839,345.3295987549991,5.9351,3.424711463574073e-05
2840,345.45015122599943,6.2255,3.423969792722222e-05
2841,345.5712189149999,6.5739,3.42322555235186e-05
2842,345.6939742779996,7.1192,3.422477375419757e-05
2843,345.81562212599965,6.4126,3.4217205652530874e-05
2844,345.93760492,6.4378,3.420969148388888e-05
2845,346.05997799800025,7.1943,3.420217373703705e-05
2846,346.18072323999877,5.2885,3.419460301030871e-05
2847,346.3034394219994,5.6069,3.418715166080251e-05
2848,346.4221202209992,6.6469,3.417958176179015e-05
2849,346.5445916139997,5.2191,3.417223797160502e-05
2850,346.6663088280002,6.3536,3.4164696477592654e-05
2851,346.79118388200004,6.5551,3.4157185317530945e-05
2852,346.91531269199913,6.0354,3.414946945191366e-05
2853,347.03651501499917,6.1761,3.4141817208950626e-05
2854,347.1578065100002,6.0788,3.41343289962963e-05
2855,347.27801355599877,7.1862,3.412683670080247e-05
2856,347.39956944000005,5.8079,3.411942133191362e-05
2857,347.5200548969988,6.2909,3.411192062765432e-05
2858,347.64366036299907,7.02,3.410447676753089e-05
2859,347.76379829599864,7.2042,3.409685787327161e-05
2860,347.88549439399867,6.5284,3.408942962950625e-05
2861,348.00743791399873,6.9276,3.408192858314814e-05
2862,348.13090910400024,6.3614,3.4074399235679034e-05
2863,348.251865577,6.6057,3.406678159876551e-05
2864,348.3759300469992,6.9669,3.405930957888892e-05
2865,348.49799605599947,5.9037,3.405162362858032e-05
2866,348.61718281199865,5.2193,3.4044121897654413e-05
2867,348.7366805069996,5.2137,3.4036740386172826e-05
2868,348.8586053399995,6.5879,3.4029380906543194e-05
2869,348.97683692399914,6.8399,3.402184543222227e-05
2870,349.0967493150001,6.7454,3.401455967672844e-05
2871,349.2166200929987,5.6983,3.400714421413582e-05
2872,349.33665057799954,6.0258,3.3999753492963e-05
2873,349.46035346899953,6.6577,3.399233618444444e-05
2874,349.58155636099946,5.9188,3.398465699000003e-05
2875,349.7048623869996,5.6699,3.397723183358025e-05
2876,349.8243596020002,5.9176,3.3969617324135827e-05
2877,349.94551186199897,6.2958,3.3962234174012366e-05
2878,350.06822227500015,5.8002,3.3954764227469184e-05
2879,350.1865696099994,6.2396,3.394718650432104e-05
2880,350.30835339799887,5.5902,3.393988238617286e-05
2881,350.43090271599976,6.9504,3.3932352511049396e-05
2882,350.55356713999936,6.1993,3.39247967068519e-05
2883,350.67749668599936,7.2749,3.391723291919761e-05
2884,350.80008429699956,6.4082,3.390958496462965e-05
2885,350.9220465849994,6.626,3.3902009768703744e-05
2886,351.043314732,6.7555,3.389448138277781e-05
2887,351.1628103940002,4.9688,3.388699629061732e-05
2888,351.28323142499903,6.2436,3.3879596417654405e-05
2889,351.4036092739989,6.5575,3.3872179011481484e-05
2890,351.52721847199973,6.1485,3.386473684129635e-05
2891,351.6492425469987,7.5934,3.3857100170246966e-05
2892,351.7739471579989,5.1936,3.3849596301296305e-05
2893,351.89546133899967,6.9079,3.384190410234568e-05
2894,352.01815644899943,6.2586,3.3834369295925994e-05
2895,352.138816875,6.2544,3.3826822745617346e-05
2896,352.2624060189992,5.742,3.3819361461358054e-05
2897,352.3863946709989,7.1109,3.381174786098772e-05
2898,352.50915190900014,6.1599,3.380409201012354e-05
2899,352.62914836799973,6.7778,3.3796513293333354e-05
2900,352.7488548450001,5.9885,3.378910363413581e-05
2901,352.8703445079991,6.7691,3.3781706346358025e-05
2902,352.99268957799904,5.878,3.3774211787839496e-05
2903,353.1152374180001,5.8116,3.376666772870376e-05
2904,353.23981076199925,5.9027,3.3759101277962965e-05
2905,353.3598282719995,5.6191,3.3751417765740746e-05
2906,353.4805259519999,7.1551,3.374399345746913e-05
2907,353.60401478899985,7.1675,3.37365530777778e-05
2908,353.72448157799954,5.9754,3.3728932689444516e-05
2909,353.8452364149998,7.0985,3.3721486744506264e-05
2910,353.9700354050001,6.2482,3.371403622265439e-05
2911,354.091363698999,6.6415,3.370634049092598e-05
2912,354.2115808939998,5.213,3.3698840286172825e-05
2913,354.3333071119996,6.5572,3.369141436185185e-05
2914,354.4553265779996,6.9144,3.368391022685186e-05
2915,354.5756387959991,6.396,3.367637991679018e-05
2916,354.6978551209995,7.1916,3.366894251203705e-05
2917,354.8173240010001,5.9212,3.366140618956796e-05
2918,354.93995735799945,6.4451,3.3654020055617276e-05
2919,355.06289696800013,6.8557,3.364646631851855e-05
2920,355.18428012799995,6.5296,3.363887825123466e-05
2921,355.30669562,6.9353,3.3631385417284036e-05
2922,355.42633318200023,5.4671,3.3623828599506235e-05
2923,355.54715473299984,6.5452,3.361643803956797e-05
2924,355.6694489769998,7.1077,3.360898208993828e-05
2925,355.78669149099915,6.8536,3.360143618691365e-05
2926,355.9086018959988,6.1346,3.359420340518519e-05
2927,356.02988688299956,5.9737,3.358665306518527e-05
2928,356.1527588439985,4.3974,3.3579174279135866e-05
2929,356.2772767639999,6.0751,3.357160257827168e-05
2930,356.3954123629992,6.8874,3.356390875401235e-05
2931,356.51750953199917,5.3068,3.355663586253095e-05
2932,356.63701234899963,5.8602,3.3549080574259253e-05
2933,356.76050154899895,6.5904,3.354170707055559e-05
2934,356.8819490349997,6.3955,3.353402563216049e-05
2935,357.0032964439997,5.8583,3.35265935327161e-05
2936,357.12459004299853,7.2986,3.351909128938279e-05
2937,357.25113450199933,5.9466,3.3511615965308685e-05
2938,357.3725270349987,6.2198,3.350377677623463e-05
2939,357.4964959689987,5.7617,3.349629883234566e-05
2940,357.6176289979994,6.6434,3.348864583092591e-05
2941,357.738999702,6.0759,3.3481170034444444e-05
2942,357.86224661599954,6.3097,3.347367712604943e-05
2943,357.9839376029995,6.0471,3.346607938876545e-05
2944,358.1055220979997,5.6381,3.345855772851859e-05
2945,358.22607684299874,5.4794,3.345106424654323e-05
2946,358.3487837350003,6.6225,3.3443607734259244e-05
2947,358.46777335499974,6.3495,3.34360453646297e-05
2948,358.58882155299943,6.2215,3.342868482092596e-05
2949,358.7118697499991,6.334,3.3421217286111105e-05
2950,358.83518390599966,6.3025,3.341361539820995e-05
2951,358.9576847729986,5.8527,3.340595254012352e-05
2952,359.0785971839996,6.4295,3.33984489003087e-05
2953,359.2007485569993,6.2962,3.3390977875555626e-05
2954,359.321777354,5.9821,3.3383435970000046e-05
2955,359.4454025670002,5.7112,3.3375969694197584e-05
2956,359.5658812719994,4.7688,3.336835237845685e-05
2957,359.6896137169988,6.4092,3.3360914775000004e-05
2958,359.8149631369997,6.6602,3.335327937543219e-05
2959,359.9363640779993,6.4314,3.334553951277777e-05
2960,360.05960516399864,5.9371,3.3338034925740724e-05
2961,360.1810211619995,6.3563,3.333043799882719e-05
2962,360.30146482300006,5.7503,3.332294411376546e-05
2963,360.4238124959993,6.9878,3.331549955660497e-05
2964,360.5464399679986,6.9086,3.330794874179019e-05
2965,360.66834290599945,5.4821,3.330038186419761e-05
2966,360.7892267729985,6.6353,3.329285387530866e-05
2967,360.9131269139998,6.7493,3.328539842858025e-05
2968,361.0347413439995,5.5685,3.3277752233642014e-05
2969,361.1562502830002,6.5827,3.327023802129633e-05
2970,361.2799708129987,5.6813,3.326274201104943e-05
2971,361.4024189209995,5.609,3.3255106807037125e-05
2972,361.52417235699977,6.4071,3.3247548385617266e-05
2973,361.6422036940003,6.8747,3.324003315537039e-05
2974,361.7617834499997,5.211,3.323275574654322e-05
2975,361.8834807739986,6.1422,3.3225360391172865e-05
2976,362.00464275599916,5.6385,3.3217834519814855e-05
2977,362.12766000400006,5.6951,3.3210369284938283e-05
2978,362.24940239999887,6.2813,3.3202710593518595e-05
2979,362.36792535199857,3.8327,3.319526479820996e-05
2980,362.48990859399964,4.4725,3.3187938105925975e-05
2981,362.611654196,6.4031,3.318042027407411e-05
2982,362.73330649799937,6.8475,3.317289370006182e-05
2983,362.8561840279999,5.8544,3.316539926302472e-05
2984,362.9784647790002,6.0681,3.315777150956797e-05
2985,363.1003077259993,6.284,3.3150251489629726e-05
2986,363.2219855739986,6.7696,3.314273252364201e-05
2987,363.34244476999993,5.3716,3.313523224080256e-05
2988,363.4655589369995,6.7121,3.312779167530866e-05
2989,363.5868869859987,6.1019,3.312014750339507e-05
2990,363.708291130999,5.6552,3.3112708183456854e-05
2991,363.82576961299856,6.5754,3.310520914938272e-05
2992,363.94702562400016,6.6283,3.3097968818580324e-05
2993,364.0680645979992,6.3936,3.309047065493831e-05
2994,364.1887528999996,6.0599,3.3082994781604983e-05
2995,364.3090173649998,6.0518,3.3075553786296345e-05
2996,364.42981134099864,6.6127,3.3068118146481574e-05
2997,364.5504424339997,6.5745,3.3060668297777834e-05
2998,364.67298970799857,6.2292,3.3053226024629694e-05
2999,364.7946794009986,7.2021,3.304566330166673e-05
3000,364.9182956249988,5.8472,3.3038140474629675e-05
3001,365.03672665999875,6.3532,3.3030520799876614e-05
3002,365.16105090699966,6.435,3.3023169483271607e-05
3003,365.2843460839995,5.8575,3.30155288581482e-05
3004,365.406257568,6.6523,3.300791548567905e-05
3005,365.52747259900025,6.3121,3.300039399592595e-05
3006,365.6469010660003,5.815,3.2992911228580335e-05
3007,365.76844121799877,6.3366,3.298553195425933e-05
3008,365.889545299,6.1217,3.297803710061729e-05
3009,366.0131665609988,6.5571,3.29705601431482e-05
3010,366.13792580799964,6.329,3.296292641475309e-05
3011,366.26139325499935,7.008,3.295523656666673e-05
3012,366.3833692529988,5.5373,3.2947602801111125e-05
3013,366.5070585859994,6.4877,3.2940077084876534e-05
3014,366.62995432800017,7.18,3.2932451176234566e-05
3015,366.751372445,6.6214,3.29248592451852e-05
3016,366.87275956699887,6.8002,3.2917366155061807e-05
3017,366.9930204199991,6.826,3.290984636351856e-05
3018,367.1163337069993,5.6211,3.290244211580248e-05
3019,367.23960176699984,6.5405,3.2894831988333405e-05
3020,367.36454114799926,6.4958,3.2887223447963005e-05
3021,367.48554264999984,5.553,3.287945712000007e-05
3022,367.60874079599853,6.0767,3.2872017513086406e-05
3023,367.7295142289986,5.5407,3.2864442247963005e-05
3024,367.84999431199867,6.1264,3.2856983053086456e-05
3025,367.9705187439995,6.912,3.284953910246921e-05
3026,368.0913053589993,5.3727,3.284209630209879e-05
3027,368.210986185999,5.0879,3.283464532308649e-05
3028,368.3317906249995,5.8738,3.282724928537043e-05
3029,368.4537932659987,5.69,3.281980766388895e-05
3030,368.5748709979998,5.9628,3.281227523395063e-05
3031,368.69786105799903,6.1849,3.280479506938281e-05
3032,368.8195412289988,6.744,3.279720782043215e-05
3033,368.94166624099853,5.722,3.278968860697531e-05
3034,369.06287289399916,7.1971,3.2782144036296296e-05
3035,369.1834383619989,6.4643,3.2774665929197604e-05
3036,369.3059198430001,6.2903,3.276722192660499e-05
3037,369.42599748999965,3.4715,3.2759651480617347e-05
3038,369.54843841,5.9597,3.275225502024698e-05
3039,369.6705069130003,5.6785,3.2744667848642e-05
3040,369.7901416549994,5.8457,3.273716488746922e-05
3041,369.91001369900005,6.6331,3.2729787021975386e-05
3042,370.0311076599992,5.9095,3.272239269851851e-05
3043,370.15180974899886,5.9846,3.2714872784753106e-05
3044,370.27148862799913,5.9861,3.2707454225740744e-05
3045,370.3962987340001,6.9323,3.270006602728402e-05
3046,370.5161326469988,5.999,3.269236479030873e-05
3047,370.635480384999,4.0568,3.268496365611111e-05
3048,370.756064838999,6.0382,3.267759437574074e-05
3049,370.87890724299905,6.0161,3.267016033469134e-05
3050,370.9998035849985,4.5555,3.2662581059135886e-05
3051,371.122606216999,6.8756,3.26551057869753e-05
3052,371.2455489940003,6.6759,3.264752478660492e-05
3053,371.3685089539995,6.0431,3.263994299012351e-05
3054,371.48886501800007,6.6932,3.263236269753089e-05
3055,371.6120557909999,6.283,3.262492998222227e-05
3056,371.7331468639986,5.9768,3.261732227913584e-05
3057,371.85690556199916,7.0201,3.260984241098772e-05
3058,371.97751479699946,3.5595,3.26022123218519e-05
3059,372.1007307489999,7.2915,3.2594745346543254e-05
3060,372.22123862899934,6.7636,3.258715980956794e-05
3061,372.3419181199988,5.4806,3.257970995265438e-05
3062,372.4631297519991,7.0876,3.257226391975318e-05
3063,372.5848050579989,6.4404,3.2564791263703785e-05
3064,372.70294186499996,4.1157,3.2557276737592653e-05
3065,372.8241387179987,6.7121,3.254997807512345e-05
3066,372.9433392230003,6.0287,3.25425074884568e-05
3067,373.0657038199988,6.5383,3.253515213629636e-05
3068,373.1881698439993,6.3449,3.252758969654319e-05
3069,373.31065126700014,6.2131,3.252000375395064e-05
3070,373.4318888229991,6.3082,3.251247120802468e-05
3071,373.55546034100007,6.3272,3.250498464203713e-05
3072,373.6764403649995,6.3004,3.2497367154444445e-05
3073,373.79583691399966,6.9105,3.248989171975311e-05
3074,373.91764482100007,6.5288,3.248251457037037e-05
3075,374.0393742319993,6.8969,3.247500114228399e-05
3076,374.1605128430001,5.9667,3.246749109962972e-05
3077,374.28177617099936,6.83,3.246001196388893e-05
3078,374.4053565039994,5.3992,3.2452518825926e-05
3079,374.52546755799995,6.3372,3.244482975290126e-05
3080,374.6453045019989,5.5968,3.2437476961358024e-05
3081,374.7668706509994,6.3838,3.243008961141978e-05
3082,374.88693495199914,5.7429,3.242251861246912e-05
3083,375.0093239609996,6.2738,3.2415163585247e-05
3084,375.12939783,5.9729,3.240761701061734e-05
3085,375.25020365099954,6.4225,3.240019719067906e-05
3086,375.3727694720001,6.4828,3.239274333814822e-05
3087,375.4932433929989,6.2951,3.238518514216054e-05
3088,375.61455553299857,6.4634,3.237773799030869e-05
3089,375.7392439140003,6.2133,3.2370247184321057e-05
3090,375.85996565999994,6.5192,3.2362560877407445e-05
3091,375.9828006919997,6.541,3.2355079639074115e-05
3092,376.1049739909995,6.6438,3.234751834765435e-05
3093,376.2263240359989,6.5889,3.233998155740743e-05
3094,376.34664852700007,5.9636,3.2332463132901314e-05
3095,376.4675351499991,5.8666,3.232505954975312e-05
3096,376.5892163030003,5.0645,3.231760108623461e-05
3097,376.7096936199996,6.728,3.231008979962963e-05
3098,376.83230391899997,7.1176,3.230260181018517e-05
3099,376.9532830809985,5.4787,3.229508135672842e-05
3100,377.0751598810002,5.3376,3.2287609190308656e-05
3101,377.19785741600026,6.9467,3.2280095680987665e-05
3102,377.31787208399874,6.4111,3.227251568191358e-05
3103,377.4402393729997,5.8351,3.226510797444451e-05
3104,377.5596226540001,4.7633,3.225755972487661e-05
3105,377.67996872799995,6.3587,3.225017786450622e-05
3106,377.80337190799946,5.7878,3.224274721222229e-05
3107,377.9281561789994,6.7071,3.223514193333336e-05
3108,378.05171713299933,6.3358,3.222743846259259e-05
3109,378.17433056200025,5.75,3.221980616172847e-05
3110,378.292715874999,4.4481,3.221220030574078e-05
3111,378.4157796950003,5.5271,3.2204890952345726e-05
3112,378.5372660430003,6.6549,3.219733462055563e-05
3113,378.6562101359996,5.0516,3.2189844337469177e-05
3114,378.778360327,6.6126,3.2182492866666755e-05
3115,378.89950469299947,6.3003,3.217494759592599e-05
3116,379.01890464499957,6.0282,3.216747284333333e-05
3117,379.13841361699997,6.02,3.2160100531605e-05
3118,379.2597728259989,6.3937,3.215272026308648e-05
3119,379.38356460999967,5.3415,3.21452401480247e-05
3120,379.5019182670003,5.5361,3.2137592329074076e-05
3121,379.6251565829989,5.9252,3.21302868658642e-05
3122,379.7441256959992,5.0108,3.212266241845684e-05
3123,379.8655248140003,7.2593,3.2115332845000076e-05
3124,379.98756896899977,6.6793,3.210785324722228e-05
3125,380.1101777570002,4.1565,3.210027371074077e-05
3126,380.2321509220001,7.1217,3.209274932228401e-05
3127,380.3556527319997,6.9231,3.208522345907416e-05
3128,380.476664722999,6.0383,3.2077592147901294e-05
3129,380.6031629879999,6.5928,3.2070114961666654e-05
3130,380.7227277179991,6.9176,3.2062314084629675e-05
3131,380.84289994699975,5.321,3.205491047185194e-05
3132,380.9630855239993,4.5971,3.20475152398148e-05
3133,381.08431995799947,6.6122,3.204009429746921e-05
3134,381.2056995419989,6.118,3.2032617622469194e-05
3135,381.3261985119989,6.6108,3.2025127342716097e-05
3136,381.44683314400027,6.0019,3.201768021290129e-05
3137,381.56810518599923,5.8583,3.20102393428395e-05
3138,381.68684439999925,6.6908,3.200275557030866e-05
3139,381.80840119799905,6.5187,3.199541684993827e-05
3140,381.9310062349996,5.1012,3.198792334222229e-05
3141,382.0544297999986,5.7272,3.198034981012353e-05
3142,382.17799516000014,6.2342,3.197271936209886e-05
3143,382.3004115139993,5.9185,3.1965099548271586e-05
3144,382.42181185200025,6.0894,3.195754145870378e-05
3145,382.54356990299857,6.376,3.1950052644074115e-05
3146,382.6660242959988,6.688,3.194253103006181e-05
3147,382.7868598169989,6.1528,3.1934976534938324e-05
3148,382.9055924959994,5.999,3.19275173627778e-05
3149,383.02760354699967,6.0686,3.1920186497592664e-05
3150,383.15086446699934,6.5606,3.19126582537655e-05
3151,383.27128167499905,5.7033,3.1905028112037085e-05
3152,383.3933549829999,6.1611,3.189761721259261e-05
3153,383.5173047469998,5.2638,3.189008474808642e-05
3154,383.63697756299916,6.2545,3.188242686092592e-05
3155,383.76032030900024,7.055,3.1875035750308715e-05
3156,383.8835177919991,6.744,3.186743447006174e-05
3157,384.0058017599986,6.7537,3.1859827269876586e-05
3158,384.1275336689996,6.1524,3.185227529228395e-05
3159,384.24550113499936,6.8493,3.1844739829814865e-05
3160,384.3686637739993,6.6171,3.1837486752037094e-05
3161,384.48903357699965,7.1076,3.1829878991543244e-05
3162,384.6098415439992,4.2671,3.182244520530865e-05
3163,384.73107709599935,6.2737,3.1814991785679107e-05
3164,384.85385440199934,6.9537,3.1807494215061774e-05
3165,384.97532046999913,5.9148,3.179992840456798e-05
3166,385.0988408109988,6.8404,3.179241025055557e-05
3167,385.21985278099964,4.9876,3.1784770424444475e-05
3168,385.3407698889987,6.3504,3.1777303215802494e-05
3169,385.4584381829991,6.7798,3.176985894216058e-05
3170,385.5789142550002,6.3639,3.1762608644938294e-05
3171,385.70233623999957,6.7708,3.1755163548456865e-05
3172,385.8231081209997,5.3709,3.174749983185191e-05
3173,385.9462127400002,6.7682,3.174009091654322e-05
3174,386.0672481169986,5.6421,3.173249826845688e-05
3175,386.19086859399977,6.6659,3.172501358030865e-05
3176,386.3125342479998,6.5558,3.171739540253086e-05
3177,386.4363173769998,5.717,3.170986159185192e-05
3178,386.55874086399854,6.7861,3.170225071320995e-05
3179,386.6784593359989,7.1358,3.169468280166672e-05
3180,386.80165159900025,5.6416,3.1687286151296285e-05
3181,386.92573812499904,6.6264,3.167969846419757e-05
3182,387.04842936099885,4.5954,3.167203894450621e-05
3183,387.1706635270002,5.5665,3.1664459894259326e-05
3184,387.2921769179993,7.1221,3.165690248092598e-05
3185,387.41525581899987,5.6726,3.1649412159012406e-05
3186,387.53600486199866,6.297,3.164181806438272e-05
3187,387.6597866769989,7.3138,3.1634363358827146e-05
3188,387.78126693000013,6.3785,3.162666115993825e-05
3189,387.9020669399997,6.1975,3.1619217410926e-05
3190,388.0257148769997,5.4299,3.161176601592598e-05
3191,388.1471987999994,6.2401,3.16041295445062e-05
3192,388.27058729999953,7.1024,3.1596631548518526e-05
3193,388.3931399029989,6.0271,3.158901133746923e-05
3194,388.51455573099884,6.4426,3.158145576901242e-05
3195,388.6371275319998,7.1001,3.157395603345681e-05
3196,388.7571313259996,5.705,3.156638044820991e-05
3197,388.8795325209994,6.3147,3.155897475228397e-05
3198,389.00104158499926,5.9226,3.155141873129628e-05
3199,389.1252195519992,7.07,3.1543874744814804e-05
3200,389.2464997829993,5.1562,3.15362532954321e-05
3201,389.36874242999875,4.3629,3.152876838746921e-05
3202,389.4921964610003,6.6403,3.152121929845679e-05
3203,389.61513359499986,6.6797,3.151360202419755e-05
3204,389.7378853959999,6.2647,3.1506018748703714e-05
3205,389.8579383439992,5.371,3.149844100728404e-05
3206,389.98050676099956,6.4272,3.1491029125432135e-05
3207,390.1021705289986,6.6592,3.1483467350802545e-05
3208,390.22148144199855,5.2665,3.147594438888889e-05
3209,390.3438175299998,5.6143,3.146858347172844e-05
3210,390.4667140169986,5.4924,3.146096904518525e-05
3211,390.5890719399995,6.4316,3.1453459466481516e-05
3212,390.710587268999,6.1211,3.144590526518523e-05
3213,390.8335834619993,5.3444,3.1438389839382746e-05
3214,390.95579364699915,6.2228,3.143080956506176e-05
3215,391.07794799099975,6.225,3.142323975993833e-05
3216,391.19553145399914,6.7208,3.141573343191362e-05
3217,391.3186783450001,7.0917,3.140847946432104e-05
3218,391.4417794259989,5.5729,3.140084347395063e-05
3219,391.56561020499976,6.7589,3.139326537932105e-05
3220,391.68514719799896,4.7029,3.138561385358026e-05
3221,391.8029480619989,6.9301,3.137823764777783e-05
3222,391.9268165929989,6.8091,3.137097884197537e-05
3223,392.048401389,6.4181,3.136332098919759e-05
3224,392.1711274749996,5.6642,3.135580849518518e-05
3225,392.2928795560001,6.0472,3.134824725672843e-05
3226,392.4137905619991,6.6575,3.134073226481487e-05
3227,392.5361559140001,6.462,3.1333260937901264e-05
3228,392.65685438499895,6.045,3.132571468759259e-05
3229,392.7794865699998,6.9466,3.1318258720987695e-05
3230,392.9000044259992,6.2506,3.1310682422098814e-05
3231,393.02305134499875,6.4577,3.130324928777779e-05
3232,393.1440066539999,6.2549,3.129565077938277e-05
3233,393.2652859989994,5.3525,3.128818102197531e-05
3234,393.3876394079998,6.3995,3.128071298160503e-05
3235,393.5084603239993,6.0436,3.1273150928456836e-05
3236,393.6298656399995,5.6315,3.1265694851111185e-05
3237,393.7503690249996,6.0069,3.125819624302472e-05
3238,393.87362306199975,6.1045,3.125068764759267e-05
3239,393.99446493399955,6.4248,3.1243151531790193e-05
3240,394.1141404959999,7.008,3.1235686861296296e-05
3241,394.2331917859992,6.1337,3.122829359549384e-05
3242,394.3546978510003,6.6642,3.1220951633456846e-05
3243,394.4732412630001,4.9331,3.121344998370379e-05
3244,394.5929475159992,6.1713,3.1206129683086493e-05
3245,394.71558898999865,6.4952,3.119874022969136e-05
3246,394.83817519699915,6.454,3.1191180319567905e-05
3247,394.9581018589997,5.0129,3.118361076253093e-05
3248,395.0763561629992,6.7943,3.117620310358026e-05
3249,395.1996941409998,7.0712,3.11689071261111e-05
3250,395.3223162639988,6.1479,3.116128772703712e-05
3251,395.4457319239991,6.85,3.115372581222228e-05
3252,395.5659431029999,6.5492,3.114610068654319e-05
3253,395.6886378170002,5.9595,3.113867601530863e-05
3254,395.8112457360003,5.3045,3.113111702555564e-05
3255,395.9353121229997,6.1669,3.112353941672839e-05
3256,396.0602238249994,6.7677,3.111587476296302e-05
3257,396.18166844699954,6.2204,3.110816636944453e-05
3258,396.302566811999,6.0156,3.110067398327161e-05
3259,396.4243856329995,7.0464,3.109320208709876e-05
3260,396.5451585539995,4.4199,3.1085697610925974e-05
3261,396.66520357399895,4.6121,3.107824444395068e-05
3262,396.7855017519996,6.5602,3.107082976283959e-05
3263,396.9056607040002,6.0112,3.1063401881666655e-05
3264,397.02593777499897,5.7735,3.1055984364259273e-05
3265,397.14690370300013,6.5132,3.104852515493826e-05
3266,397.2664465149992,5.912,3.10410892665432e-05
3267,397.39338394399965,6.6597,3.103371479925932e-05
3268,397.5178117819996,5.8586,3.10258877827778e-05
3269,397.6413965209995,5.8522,3.101820718074078e-05
3270,397.763506923,6.2969,3.101057482006177e-05
3271,397.88544742500017,6.9881,3.100303432740744e-05
3272,398.0058021749992,5.595,3.099551343271607e-05
3273,398.1291705929998,5.7749,3.098806965981488e-05
3274,398.2510483249989,5.6472,3.098044476030871e-05
3275,398.37384587499946,5.8055,3.097294353018517e-05
3276,398.4968341579988,6.5099,3.0965349918024676e-05
3277,398.619153792999,5.554,3.09577687967902e-05
3278,398.73984171899974,6.9078,3.0950152421728376e-05
3279,398.860568909,4.4191,3.094276670592597e-05
3280,398.9830075760001,6.2202,3.093530871141984e-05
3281,399.1063171939986,5.7983,3.092775552191362e-05
3282,399.23002707999876,6.5079,3.092015148987657e-05
3283,399.3530670330001,5.4693,3.091250671209882e-05
3284,399.4751346489993,6.594,3.090491858055564e-05
3285,399.5970996119995,6.5993,3.0897376717345685e-05
3286,399.71919399499893,5.9775,3.0889850519876555e-05
3287,399.8383272430001,6.1444,3.088231539456793e-05
3288,399.9613218510003,6.5226,3.087495027932108e-05
3289,400.08310590699875,5.5364,3.086736769820994e-05
3290,400.20639997800026,7.246,3.0859844143765424e-05
3291,400.32397268899877,6.8836,3.085223884765437e-05
3292,400.44552921600007,6.5355,3.084498563172839e-05
3293,400.562868048999,6.0852,3.083747919376543e-05
3294,400.6821370609996,5.6645,3.083024414574078e-05
3295,400.80073965599877,4.7855,3.082286393783952e-05
3296,400.92379307400006,6.5247,3.081554693746916e-05
3297,401.0452128399993,5.7356,3.080795487796299e-05
3298,401.16403695699955,5.8613,3.080045286123466e-05
3299,401.2848342899997,5.4029,3.0793108872530865e-05
3300,401.4047401560001,5.6254,3.0785667854753106e-05
3301,401.5244215879993,6.7525,3.077827001160496e-05
3302,401.6469810039998,5.6737,3.0770875648641994e-05
3303,401.76986438399945,7.0277,3.076331691395061e-05
3304,401.89045947999875,6.8783,3.0755729174321055e-05
3305,402.0129527709996,4.9867,3.0748277243456855e-05
3306,402.1362559629997,6.5848,3.0740730694321015e-05
3307,402.25675251699977,5.6697,3.0733116903271635e-05
3308,402.3792070389991,6.1695,3.0725667328703745e-05
3309,402.50400571999853,6.5355,3.071805816154328e-05
3310,402.6253541879996,5.2884,3.071040642839515e-05
3311,402.74718719999873,6.2349,3.0702923222716095e-05
3312,402.87139520599885,5.8091,3.06954025865432e-05
3313,402.9937341650002,6.1277,3.0687735754753156e-05
3314,403.11315031699996,6.5006,3.068018629672842e-05
3315,403.2338365679989,6.2622,3.067280251598771e-05
3316,403.3526617369989,5.9054,3.066530927932103e-05
3317,403.4741393309996,6.1801,3.065801028820996e-05
3318,403.5930378719986,6.0939,3.065047256018519e-05
3319,403.71397656999943,5.851,3.064318964259262e-05
3320,403.8357433359997,6.0003,3.063572224962964e-05
3321,403.9563893059985,5.3838,3.0628204710555574e-05
3322,404.0771128719989,5.9513,3.062075443790131e-05
3323,404.19852587700007,6.6076,3.061330742209886e-05
3324,404.3189817900002,5.8703,3.060580824259258e-05
3325,404.4413932669995,5.9429,3.0598368544382716e-05
3326,404.56460937500015,7.0566,3.059082319074083e-05
3327,404.68684565999865,5.7217,3.05832201035803e-05
3328,404.8110651529987,6.7783,3.05756748859877e-05
3329,404.93556672500017,6.6765,3.0567939324753105e-05
3330,405.05383011399863,6.5443,3.056031520135806e-05
3331,405.1752974909996,5.8505,3.055302663604941e-05
3332,405.29653523199886,5.8571,3.0545512424382704e-05
3333,405.4176448629987,6.123,3.053803252253085e-05
3334,405.53790092599957,6.5975,3.053056068814817e-05
3335,405.65903676499875,6.037,3.052313146944448e-05
3336,405.77712932599934,6.1293,3.0515655830308732e-05
3337,405.89853293799933,6.5722,3.0508361439012366e-05
3338,406.0185705389995,6.3384,3.050081821141978e-05
3339,406.14219645499907,6.1948,3.049344979604939e-05
3340,406.2648981399998,6.5922,3.048582890709878e-05
3341,406.3876822579987,6.5227,3.0478257601913628e-05
3342,406.5111517139994,6.672,3.0470675843086422e-05
3343,406.63316649899934,6.0796,3.0463068350432132e-05
3344,406.75384232299984,6.0629,3.0455524020493907e-05
3345,406.87549306300025,6.5276,3.044807401598766e-05
3346,406.99526922399855,6.4393,3.044055627913588e-05
3347,407.1189260310002,6.58,3.043316189166675e-05
3348,407.23952685399854,5.1011,3.0425540540246956e-05
3349,407.36036251399855,6.9827,3.041806366333338e-05
3350,407.47800295100024,5.9042,3.0410641261481567e-05
3351,407.60053877300015,5.4115,3.040339101487658e-05
3352,407.7229685839993,5.3785,3.0395815934320982e-05
3353,407.8472940800002,6.7119,3.038824794382722e-05
3354,407.9681973609986,6.0108,3.0380583330864254e-05
3355,408.0903558989994,6.6777,3.037311139111111e-05
3356,408.2098006469987,6.041,3.0365573850740813e-05
3357,408.3289513990003,6.2816,3.0358201312283985e-05
3358,408.45124692399986,6.1045,3.0350853790740773e-05
3359,408.5753879240001,6.1737,3.0343297783765478e-05
3360,408.69511929299915,4.9392,3.0335572435493907e-05
3361,408.8165167440002,6.644,3.0328242368950672e-05
3362,408.938476067,6.0153,3.032075057777783e-05
3363,409.06218539699876,6.3992,3.031321082456796e-05
3364,409.18363978199886,6.0801,3.0305584840617363e-05
3365,409.31173205199957,6.0919,3.0298034191790204e-05
3366,409.4335142780001,6.4016,3.0290159261790164e-05
3367,409.5571884279998,7.3476,3.028265194086426e-05
3368,409.677568228999,6.2696,3.0275033384999986e-05
3369,409.7985830919988,6.417,3.026759020037041e-05
3370,409.91974755699994,6.1988,3.0260124242962955e-05
3371,410.0428170769992,6.0263,3.0252643469259258e-05
3372,410.1652839870003,5.3737,3.0245053019567916e-05
3373,410.2866888539993,6.124,3.023748885580253e-05
3374,410.4070927949997,6.5122,3.022999455327161e-05
3375,410.5278225309994,4.8882,3.0222556099691435e-05
3376,410.64906551199965,6.6491,3.021510390061737e-05
3377,410.77339083100014,6.6544,3.0207629399753084e-05
3378,410.8967188679999,6.9872,3.0199958011605e-05
3379,411.0171261029991,4.9155,3.019233888969144e-05
3380,411.14098267999907,6.1155,3.0184876903888913e-05
3381,411.2644328059996,6.1232,3.0177270535061752e-05
3382,411.3858845679988,6.2575,3.016964939586424e-05
3383,411.5072705799994,5.9129,3.016215252975307e-05
3384,411.6283562289991,6.1267,3.015463861290132e-05
3385,411.7516974629998,6.964,3.014717346104938e-05
3386,411.8714971749996,6.2565,3.0139567907345723e-05
3387,411.99403669099956,6.0931,3.0132161832098848e-05
3388,412.1182864599996,6.7012,3.0124611721975393e-05
3389,412.2422289199985,6.2855,3.011693812049392e-05
3390,412.3672987859991,6.3231,3.0109303100246923e-05
3391,412.48992245499903,5.2763,3.0101571490308688e-05
3392,412.6121170739989,6.8623,3.0093996098827165e-05
3393,412.73478853099914,6.4162,3.0086423484814798e-05
3394,412.8582781449986,6.2375,3.0078861907160537e-05
3395,412.98050515499926,6.7133,3.0071252199135823e-05
3396,413.1045478999986,5.4361,3.0063714196296335e-05
3397,413.2274450829991,6.3478,3.0056053915493887e-05
3398,413.34505509500013,6.3221,3.0048474242839576e-05
3399,413.468462756,6.2475,3.004121632851854e-05
3400,413.5913225889999,6.0685,3.0033590791481514e-05
3401,413.71457716700024,6.8711,3.002601874586426e-05
3402,413.8357610490002,6.1002,3.0018405040185222e-05
3403,413.9585758409994,5.5768,3.00109204519753e-05
3404,414.07635804799975,6.6521,3.000330459148155e-05
3405,414.19713594699897,6.0867,2.9996075458024685e-05
3406,414.3185313689992,6.6525,2.9988609787901232e-05
3407,414.58332743400024,5.8372,2.9981112824074064e-05
3408,414.70396590199925,5.0251,2.996476103993835e-05
3409,414.82635724600004,6.5647,2.9957327983703732e-05
3410,414.94719979599904,6.4316,2.9949779420493896e-05
3411,415.0691400659998,6.7575,2.994230705024693e-05
3412,415.1926902739997,6.3649,2.9934782737901277e-05
3413,415.3125424989994,5.376,2.9927153967592626e-05
3414,415.43281999399915,6.5399,2.9919749335061807e-05
3415,415.55197262099864,5.274,2.9912332129567888e-05
3416,415.67565423499946,6.5234,2.9904978013642047e-05
3417,415.7984637169993,6.3573,2.9897351984629694e-05
3418,415.91655256099875,6.0175,2.988975458283957e-05
3419,416.0381582259997,6.5077,2.988248560728394e-05
3420,416.156205239,6.957,2.987496368123456e-05
3421,416.2814464229996,6.1149,2.9867692083827236e-05
3422,416.4054954209987,7.1614,2.9859967813271632e-05
3423,416.5292186789993,7.2132,2.9852299719197596e-05
3424,416.65227559899904,6.7726,2.9844657457407476e-05
3425,416.7733231539987,4.8675,2.9837055419444525e-05
3426,416.8945482500003,6.9312,2.9829577172530898e-05
3427,417.0171421140003,6.2086,2.9822092067901243e-05
3428,417.1398282929986,6.5159,2.98145394668519e-05
3429,417.2636636619991,6.4378,2.9806961015617307e-05
3430,417.38729608099857,6.3296,2.9799326320246988e-05
3431,417.5081155600001,5.2264,2.9791702028703782e-05
3432,417.6284557589988,5.6393,2.978422643333336e-05
3433,417.747297128999,3.1616,2.9776791899320987e-05
3434,417.8705574790001,5.897,2.9769455378950683e-05
3435,417.9928938039993,4.9357,2.976186092043216e-05
3436,418.11644897899896,5.7325,2.975431290339511e-05
3437,418.2379770209991,5.8616,2.9746682550987748e-05
3438,418.35873902299863,6.8158,2.9739171272222276e-05
3439,418.4809896739989,5.2917,2.973172671518518e-05
3440,418.60117365800033,6.0131,2.9724183995432092e-05
3441,418.723472828,6.6514,2.9716754076296327e-05
3442,418.85050934299943,6.3563,2.970920993092601e-05
3443,418.97171723499923,6.1709,2.970136497265432e-05
3444,419.09442837200004,5.4166,2.9693852688333324e-05
3445,419.2163766449994,6.8222,2.968626716339511e-05
3446,419.33692682699984,6.4938,2.9678785235679064e-05
3447,419.45845423299943,6.5996,2.9671335446543292e-05
3448,419.5802166479989,6.9905,2.96638237185803e-05
3449,419.7038906029993,5.9661,2.965632116407415e-05
3450,419.8281076709991,6.9017,2.9648681399567966e-05
3451,419.94521388999965,6.7814,2.9640991535679074e-05
3452,420.06799670799955,6.5254,2.9633810982345666e-05
3453,420.1927765729997,6.1074,2.9626213558086414e-05
3454,420.31594315300026,5.5763,2.961852033604946e-05
3455,420.43680591999873,6.315,2.9610883325061723e-05
3456,420.557640043,6.4788,2.9603441673209963e-05
3457,420.682643705999,6.6813,2.9595983944567886e-05
3458,420.80534522999915,6.0541,2.9588278914938273e-05
3459,420.9252940869992,3.4269,2.9580698580432086e-05
3460,421.04626760799874,4.6992,2.9573286267839562e-05
3461,421.16594855199946,6.8271,2.9565823154814807e-05
3462,421.28705914700004,6.1267,2.9558429253950602e-05
3463,421.40840545599895,5.501,2.9550962383395086e-05
3464,421.53197197999907,6.2097,2.9543469376296323e-05
3465,421.65300716899947,5.1659,2.9535831577222217e-05
3466,421.77260418100013,6.9208,2.952837901592594e-05
3467,421.8939288379988,6.0424,2.9520989225000022e-05
3468,422.0174444759996,6.4388,2.9513503026049383e-05
3469,422.13778611199996,5.8349,2.950588282777781e-05
3470,422.25997624799857,6.8054,2.949844834679021e-05
3471,422.3826993490002,7.2618,2.9490904866049423e-05
3472,422.5041884909988,5.8917,2.9483334286296332e-05
3473,422.6217404259987,5.9172,2.9475833942037023e-05
3474,422.7446796439999,6.2382,2.946858463487663e-05
3475,422.86827504400026,6.07,2.9460987253271666e-05
3476,422.9882002939994,5.3538,2.945329559796296e-05
3477,423.11109716099963,5.6485,2.9445942138642e-05
3478,423.2339536649997,6.981,2.943836503944449e-05
3479,423.35576550399855,5.3055,2.943079839209879e-05
3480,423.4787149909989,5.9839,2.9423266592345756e-05
3481,423.60122733499884,6.0539,2.941567525617285e-05
3482,423.7245991580003,6.1394,2.9408124912530904e-05
3483,423.84670141399874,6.6943,2.9400495836358056e-05
3484,423.9679701139994,6.0373,2.9392928929506236e-05
3485,424.09165313999983,6.3557,2.9385445273765522e-05
3486,424.2131263449992,6.4283,2.9377837153641974e-05
3487,424.334786903999,6.7062,2.9370349434321043e-05
3488,424.45642845699876,5.7449,2.9362830858024746e-05
3489,424.5765761849998,5.2582,2.9355317526790115e-05
3490,424.69752824900024,5.777,2.9347904231543244e-05
3491,424.82008456899894,7.0585,2.9340442490493835e-05
3492,424.94138908899913,4.9526,2.9332875452222274e-05
3493,425.06178021099913,4.7522,2.9325386616851856e-05
3494,425.18415783599994,6.3627,2.931794328808646e-05
3495,425.3054782229992,5.6104,2.931039492104946e-05
3496,425.4264880209994,5.4364,2.9302911524135894e-05
3497,425.54795075199945,6.603,2.9295438405370414e-05
3498,425.66816296899924,5.1165,2.928794962098773e-05
3499,425.7910455559995,6.8322,2.9280528425678998e-05
3500,425.90966686699903,6.3701,2.927293854740746e-05
3501,426.03339606499867,6.1278,2.9265628343024715e-05
3502,426.15534267399926,6.2897,2.9257982056172827e-05
3503,426.27589649199945,6.9837,2.9250450973827193e-05
3504,426.4005129319994,6.2917,2.9243003971543303e-05
3505,426.52347989400005,6.5041,2.923530598956792e-05
3506,426.64160681199974,6.4556,2.9227721045308726e-05
3507,426.764621676999,6.9994,2.9220448699691444e-05
3508,426.8868650659988,6.827,2.9212841764753117e-05
3509,427.00609545099906,5.401,2.920529261030873e-05
3510,427.1298619709996,6.9445,2.9197918385493893e-05
3511,427.2501710999986,6.1797,2.9190299292839556e-05
3512,427.37043787699986,6.2022,2.9182852730864286e-05
3513,427.4932250559996,6.6246,2.917543834901243e-05
3514,427.61490434199914,7.0725,2.916787113055559e-05
3515,427.7386210709992,5.8126,2.916035240413586e-05
3516,427.86150082399945,6.4176,2.9152716197654352e-05
3517,427.9845576560001,6.3756,2.9145140162592588e-05
3518,428.1087502849987,5.5767,2.9137533610061762e-05
3519,428.22969602899866,4.7601,2.912981207339513e-05
3520,428.3514939279994,5.7264,2.9122401403518568e-05
3521,428.4737370160001,5.5314,2.9114892159629708e-05
3522,428.59433361099946,6.2991,2.910734646858033e-05
3523,428.7141381129986,5.7792,2.909990488722228e-05
3524,428.83531993699944,6.4055,2.909248821290122e-05
3525,428.9592160969987,7.1379,2.908502266351858e-05
3526,429.08388701199874,6.1782,2.9077375603518604e-05
3527,429.20414602299934,5.726,2.9069678298271618e-05
3528,429.3247600220002,5.5785,2.906225319500001e-05
3529,429.4482487160003,5.5681,2.9054811767160507e-05
3530,429.5725372509987,6.0399,2.9047182355432168e-05
3531,429.69380600600016,6.0642,2.903952609333334e-05
3532,429.8172506559986,6.2312,2.9032029856851884e-05
3533,429.94150286699914,6.7921,2.902434342882715e-05
3534,430.0651468489996,6.2969,2.901674650981488e-05
3535,430.1899849199999,5.8587,2.900911087580246e-05
3536,430.3134806500002,5.5216,2.9001399856728385e-05
3537,430.43450245299937,4.5707,2.8993784545679024e-05
3538,430.5569109190001,5.0983,2.8986309428950632e-05
3539,430.6814373399993,6.4052,2.8978750617592665e-05
3540,430.803173463999,5.6229,2.8971075541419763e-05
3541,430.9257194740003,6.4528,2.8963548448642025e-05
3542,431.0464530979989,6.0155,2.8955989457037035e-05
3543,431.16677876599897,6.1045,2.8948520709691366e-05
3544,431.28994331799913,7.2555,2.8941096986851946e-05
3545,431.41432771899963,5.9164,2.8933509936604995e-05
3546,431.5365703619991,4.5479,2.89258147820371e-05
3547,431.6572510440001,5.9726,2.8918225300679036e-05
3548,431.779120055,6.7431,2.891082683500007e-05
3549,431.8994107259987,6.6065,2.8903293003086445e-05
3550,432.0209979479987,6.1539,2.889587879061731e-05
3551,432.1403587139994,5.8426,2.8888381707839573e-05
3552,432.2622517239997,6.785,2.8881006489074127e-05
3553,432.3832268869992,6.0503,2.8873495690617302e-05
3554,432.5055841109988,6.5507,2.8866023574444535e-05
3555,432.62628429899996,6.1477,2.8858470804135875e-05
3556,432.7461928269986,2.9524,2.885100928512353e-05
3557,432.8684710109992,6.7426,2.8843607150123446e-05
3558,432.99225175599895,6.2403,2.8836066198888978e-05
3559,433.1096969699993,7.0873,2.8828360031419732e-05
3560,433.23204633599926,6.0684,2.8821181981296342e-05
3561,433.352353672999,4.7423,2.8813611263642066e-05
3562,433.47538707999956,5.8795,2.880618080685188e-05
3563,433.5975200349985,5.4966,2.8798599758580325e-05
3564,433.7201782229986,6.348,2.8791050054753076e-05
3565,433.8400772829991,5.8595,2.8783489089074117e-05
3566,433.96064600499994,5.3739,2.877608012382721e-05
3567,434.08409083399965,5.5393,2.8768569711604938e-05
3568,434.2080783749989,6.5429,2.8761019474938322e-05
3569,434.3284524669998,6.1886,2.875336376716057e-05
3570,434.45031541299977,6.0442,2.8745936502530946e-05
3571,434.5710332509989,6.4379,2.8738410723888953e-05
3572,434.69057642499865,6.1323,2.8730962765925994e-05
3573,434.81402973399963,5.3585,2.8723579240370413e-05
3574,434.93386123100026,4.0254,2.871596753407411e-05
3575,435.05648311299956,6.4099,2.8708563246049448e-05
3576,435.17730041699906,6.3693,2.8700953850987693e-05
3577,435.3019551549987,7.0198,2.8693544852839534e-05
3578,435.42495555299865,6.6821,2.868578073246917e-05
3579,435.5490896800002,6.1556,2.8678260212963e-05
3580,435.6717167379993,6.5506,2.8670562746358066e-05
3581,435.7948529360001,6.3991,2.866302440493829e-05
3582,435.9167404139989,7.0023,2.865542206901241e-05
3583,436.0371178619989,5.9693,2.8647888753642037e-05
3584,436.1551400919998,6.5408,2.864045469685186e-05
3585,436.2787091399987,6.3045,2.8633195240617295e-05
3586,436.4005980459988,6.2955,2.862555784123456e-05
3587,436.5227520389999,5.9009,2.8618024537716137e-05
3588,436.6440274759989,6.7398,2.861048712277784e-05
3589,436.76405643,4.0852,2.860300646172843e-05
3590,436.88165324299916,5.9342,2.8595583247160566e-05
3591,437.00160147799943,5.7841,2.8588337921234633e-05
3592,437.1237697559991,6.9611,2.858092391240742e-05
3593,437.2460449659993,6.5708,2.8573384538024774e-05
3594,437.36954740299916,6.5669,2.8565836486913568e-05
3595,437.49086390199955,5.9983,2.8558220201543303e-05
3596,437.61282057099925,5.94,2.8550737675926e-05
3597,437.735019189,6.0679,2.854320450444453e-05
3598,437.8578820699986,6.3469,2.853565908253092e-05
3599,437.9800803479993,4.9457,2.8528068431172826e-05
3600,438.10443549999945,5.5456,2.8520518687963e-05
3601,438.22744977,6.4162,2.8512855383518578e-05
3602,438.35145027399994,5.7367,2.8505238893209856e-05
3603,438.4715992450001,4.8387,2.849760579734575e-05
3604,438.59337471399886,5.616,2.8490187464074124e-05
3605,438.7133802919998,6.1409,2.848267506975311e-05
3606,438.8351734299995,6.7196,2.847525537185184e-05
3607,438.95772028899955,4.0542,2.8467687763456785e-05
3608,439.07947047199923,4.8666,2.846018329845686e-05
3609,439.20241402399915,7.1898,2.8452663946172836e-05
3610,439.32345139099925,6.1089,2.8445075735740768e-05
3611,439.44910954399893,6.3298,2.843759876290132e-05
3612,439.5695342609997,6.4471,2.8429849434629703e-05
3613,439.692288496999,6.5443,2.8422375143641988e-05
3614,439.81312014499963,5.7436,2.8414832036604944e-05
3615,439.9352084099992,6.4011,2.8407377943395087e-05
3616,440.05762396299906,6.3672,2.8399832710617298e-05
3617,440.179328401,6.5924,2.8392295557345683e-05
3618,440.30004533099964,6.1247,2.8384775719691398e-05
3619,440.4212307079997,6.903,2.8377318004259335e-05
3620,440.54156278699884,6.0891,2.8369841517592645e-05
3621,440.6612191409986,6.5543,2.8362406785000074e-05
3622,440.7809662439995,6.737,2.8355007595987724e-05
3623,440.90279850799925,5.3714,2.83476371319136e-05
3624,441.0247390599998,6.7346,2.83401046649383e-05
3625,441.1462510330002,5.8763,2.8332591097654316e-05
3626,441.2684663809996,6.7188,2.8325081302777852e-05
3627,441.39260385499983,6.5161,2.83175434808025e-05
3628,441.51429527099936,6.4632,2.8309887388271662e-05
3629,441.6361035589998,5.8967,2.8302367942037055e-05
3630,441.7564016420001,5.6532,2.8294853386234627e-05
3631,441.87633337399893,6.3972,2.828742399086428e-05
3632,441.9998737899987,6.2053,2.8280016720061808e-05
3633,442.1201832859988,4.4438,2.827240357012344e-05
3634,442.23949381199964,6.0964,2.8264957435123485e-05
3635,442.35989080499894,5.8696,2.825758927987655e-05
3636,442.47804657099914,4.6969,2.8250160407530902e-05
3637,442.59783080499983,5.916,2.8242873571419827e-05
3638,442.72093825499906,5.7698,2.8235484989197548e-05
3639,442.8439252249991,5.9763,2.8227883737222273e-05
3640,442.96693889999915,6.5053,2.822029403555563e-05
3641,443.08760680999876,6.2813,2.821269883746914e-05
3642,443.2113991059996,6.0269,2.820525798500001e-05
3643,443.3349682939988,6.2122,2.8197610597037034e-05
3644,443.45675156499965,6.4064,2.8189982380555634e-05
3645,443.57783570299944,6.8177,2.8182463771481483e-05
3646,443.69631107999885,6.9214,2.8174994740740745e-05
3647,443.81998861399916,5.5975,2.8167679402222235e-05
3648,443.94419449699853,6.6062,2.8160042758333395e-05
3649,444.06818686399856,6.0025,2.815235394006182e-05
3650,444.19096944099874,6.4508,2.8144728168765455e-05
3651,444.3108631979994,5.6727,2.8137143038950708e-05
3652,444.4323508159996,6.7418,2.8129736541111163e-05
3653,444.5552617789999,6.5373,2.812223752895068e-05
3654,444.6776335309987,6.4823,2.8114665050246978e-05
3655,444.7988030969991,6.6579,2.810710537179013e-05
3656,444.91817089100005,5.5783,2.8099616353518533e-05
3657,445.03975450599864,5.8616,2.809225306975316e-05
3658,445.1611312389996,6.1327,2.8084735332345698e-05
3659,445.2821264239992,6.8389,2.8077255820308658e-05
3660,445.4105340819988,6.9038,2.8069792153950696e-05
3661,445.53309295299914,6.9421,2.8061864299259266e-05
3662,445.65208377899944,4.9272,2.8054290068086496e-05
3663,445.7726792829999,5.4965,2.80469427488889e-05
3664,445.89311194699985,5.8331,2.803950641870376e-05
3665,446.0188002619998,5.9705,2.803207668283959e-05
3666,446.14220924099936,7.1703,2.8024298676543294e-05
3667,446.263822293,6.6558,2.801667109845688e-05
3668,446.38533689499855,5.8477,2.8009178415061766e-05
3669,446.50602139999864,6.0824,2.8001693814629692e-05
3670,446.62695745699966,6.8416,2.7994238100246984e-05
3671,446.75073288599924,6.9642,2.7986765065432135e-05
3672,446.8732027320002,6.1583,2.7979134550493913e-05
3673,446.99356391699985,5.8,2.7971570651234623e-05
3674,447.11713382000016,6.5723,2.796413110154322e-05
3675,447.2398050119991,6.7005,2.7956514462716044e-05
3676,447.36130043999947,6.3102,2.7948941596666744e-05
3677,447.4842711149995,6.2569,2.7941449072160574e-05
3678,447.60570679099874,6.5667,2.7933862862407445e-05
3679,447.7299670309985,6.4512,2.7926351737839508e-05
3680,447.85154051300015,6.0849,2.7918696655802523e-05
3681,447.975611808999,6.8805,2.7911174090370396e-05
3682,448.0974754859999,6.734,2.7903533440617308e-05
3683,448.2189500179993,5.1653,2.7895996241666717e-05
3684,448.3398471119999,6.4066,2.7888488458395135e-05
3685,448.45756765199985,6.5281,2.7881021206172865e-05
3686,448.5806801029994,6.5944,2.787378711858023e-05
3687,448.70252372699906,5.981,2.7866176763456886e-05
3688,448.8263992249995,6.9946,2.7858627319876607e-05
3689,448.9496163139993,5.3383,2.7851002072222265e-05
3690,449.07355546299914,6.5819,2.7843394598024775e-05
3691,449.19572643599895,4.9653,2.7835754860061798e-05
3692,449.3170273609994,6.4646,2.7828207612098857e-05
3693,449.43714604900015,5.9207,2.7820709305864245e-05
3694,449.5566407569986,4.839,2.7813297244753174e-05
3695,449.67654170700007,5.8449,2.780592376975316e-05
3696,449.80058005499995,6.8929,2.7798522708703734e-05
3697,449.92049346899876,6.4529,2.779087459962969e-05
3698,450.04200010899876,7.0704,2.7783449727839528e-05
3699,450.16376577399933,6.0506,2.7775967475370434e-05
3700,450.28729109099913,6.2778,2.7768451958271625e-05
3701,450.40877563899994,6.1159,2.7760832456604946e-05
3702,450.5296584709995,5.9197,2.775332165716048e-05
3703,450.65270425999915,6.4121,2.774585688876543e-05
3704,450.77523884999937,6.021,2.7738267289506203e-05
3705,450.8974469730001,6.2792,2.7730672795432166e-05
3706,451.01803239699984,6.5903,2.7723158684567906e-05
3707,451.1393491809995,5.8139,2.771571166037036e-05
3708,451.26070523899944,6.5068,2.7708229496728465e-05
3709,451.3837597879992,6.4055,2.7700735440246966e-05
3710,451.5050115289996,5.7409,2.7693147734567947e-05
3711,451.62475790200006,6.4587,2.7685667498518552e-05
3712,451.7494465990003,6.6045,2.767823567222225e-05
3713,451.87312312999893,7.1626,2.767050583246915e-05
3714,451.9935787100003,6.2267,2.7662945829999988e-05
3715,452.11424468899895,5.5015,2.7655496774938272e-05
3716,452.2370915779993,6.5943,2.7648044049506156e-05
3717,452.3621172669991,5.9984,2.7640473324135884e-05
3718,452.4850799319993,6.5972,2.7632756319135855e-05
3719,452.60411696399933,6.1241,2.7625169194012347e-05
3720,452.72529864900025,5.9147,2.7617824728765444e-05
3721,452.84694717399907,6.8467,2.7610325934814862e-05
3722,452.9692273059991,5.5277,2.76028174454939e-05
3723,453.0873945639996,5.9433,2.7595282626666685e-05
3724,453.2082919149998,6.5179,2.7587969567716138e-05
3725,453.3323440639997,6.6206,2.758051355740744e-05
3726,453.4542156309999,6.0581,2.7572804633580318e-05
3727,453.57704447299875,6.0761,2.7565324589197616e-05
3728,453.7004575129995,6.0101,2.7557762096728457e-05
3729,453.82325950999984,6.9882,2.75501327725309e-05
3730,453.9472922650002,5.8863,2.7542566489135784e-05
3731,454.0708731679988,6.661,2.7534896837098784e-05
3732,454.1891946019987,6.2505,2.7527272551666704e-05
3733,454.3115295789994,6.0323,2.751997524728397e-05
3734,454.4339823099999,6.4337,2.7512399882284014e-05
3735,454.5563994309996,6.4353,2.7504864669012432e-05
3736,454.67945400499957,6.0466,2.7497289823148233e-05
3737,454.8008530719999,4.6757,2.748969803049387e-05
3738,454.9207239789994,5.8793,2.748221207907411e-05
3739,455.0447959659996,6.3749,2.747481171333338e-05
3740,455.1694763859996,5.8276,2.746715155018519e-05
3741,455.2913551290003,5.8412,2.7459390190308655e-05
3742,455.4118573699998,5.729,2.745192872333333e-05
3743,455.53355722499873,5.9253,2.744449541759265e-05
3744,455.6532125899994,7.2964,2.7436925601172852e-05
3745,455.775011452999,6.1107,2.7429585750925958e-05
3746,455.89775103600005,4.9247,2.7422047838271636e-05
3747,456.01996975600014,6.9431,2.7414500138580302e-05
3748,456.1410685439987,6.3038,2.740694407617288e-05
3749,456.26331806300004,6.89,2.7399472428333405e-05
3750,456.38320777099943,5.4572,2.739191142512353e-05
3751,456.5058711490001,6.8498,2.7384526682654375e-05
3752,456.6273398579997,5.2534,2.7376965283642057e-05
3753,456.75132873999974,6.1291,2.7369467205123478e-05
3754,456.8709304819986,6.731,2.7361815894320985e-05
3755,456.99607971099977,5.5956,2.7354435580185245e-05
3756,457.11735182099983,6.7952,2.7346708712716075e-05
3757,457.24208588999863,6.6323,2.7339217580493814e-05
3758,457.3626396499985,6.5935,2.733151968296299e-05
3759,457.483988390999,6.6967,2.732406702660497e-05
3760,457.60346779999963,6.6104,2.7316595130061816e-05
3761,457.72578289899866,5.416,2.7309205548642047e-05
3762,457.8483338249989,6.0929,2.7301661800061816e-05
3763,457.9672059549994,5.9475,2.7294098970246918e-05
3764,458.0876508929996,6.0426,2.7286749233148222e-05
3765,458.2086389119995,6.5713,2.7279323329876545e-05
3766,458.328559096999,4.642,2.7271852379753128e-05
3767,458.4515709449988,5.8441,2.7264444517777854e-05
3768,458.576239213,6.8613,2.7256834358024746e-05
3769,458.6980398220003,5.4362,2.7249167605925974e-05
3770,458.8192427119993,6.1561,2.724164446129629e-05
3771,458.94195609099916,5.6217,2.7234154894753105e-05
3772,459.0655146549998,6.3918,2.7226559615679032e-05
3773,459.18432860899884,6.7944,2.721896042703711e-05
3774,459.3085899990001,5.1172,2.7211636288950644e-05
3775,459.4320516159987,6.6026,2.7203953386790183e-05
3776,459.5554229070003,5.7391,2.719632956709878e-05
3777,459.67798600199967,4.9406,2.718871853481485e-05
3778,459.79801607599984,6.6185,2.7181126249321032e-05
3779,459.9199877989995,5.8961,2.717373769302474e-05
3780,460.0436592199985,5.9381,2.7166213350061793e-05
3781,460.16246739300004,5.0029,2.71585861574692e-05
3782,460.2848146790002,6.5239,2.7151230113765487e-05
3783,460.4045252179985,6.5831,2.7143675453024697e-05
3784,460.5284752129992,7.2888,2.7136295984506255e-05
3785,460.6488137719989,6.1786,2.7128655534506166e-05
3786,460.77144264100025,7.1279,2.7121222069012396e-05
3787,460.8939232390003,6.7859,2.711365803487662e-05
3788,461.01552175399956,6.7915,2.710609406450619e-05
3789,461.1374546619991,5.3524,2.7098584574567908e-05
3790,461.2573269940003,6.4904,2.709106575518524e-05
3791,461.37736983299874,6.7154,2.7083653634012375e-05
3792,461.49441766499876,7.0546,2.7076253780370382e-05
3793,461.61443002099986,5.462,2.7069031364629682e-05
3794,461.7365890250003,6.368,2.7061607663148225e-05
3795,461.86110553899925,5.277,2.7054071991481545e-05
3796,461.9818161429994,6.5279,2.704639193833334e-05
3797,462.10096534399963,5.4978,2.7038926057962997e-05
3798,462.2240868379995,6.5042,2.7031578090864284e-05
3799,462.34437503499976,6.835,2.702399671777781e-05
3800,462.46655562699925,6.0282,2.7016561734444513e-05
3801,462.5885971159987,5.4577,2.700902481456799e-05
3802,462.71084218099895,5.987,2.700149136444452e-05
3803,462.8318125779988,5.8051,2.69939403173457e-05
3804,462.95193344499967,6.4869,2.6986466343271642e-05
3805,463.07423754499905,6.6262,2.697905233111119e-05
3806,463.1954447909993,5.9321,2.6971477672037104e-05
3807,463.3148253769996,4.0802,2.696401984185185e-05
3808,463.43621637399883,5.4973,2.69566454675309e-05
3809,463.5576431649988,7.3824,2.6949165392777808e-05
3810,463.67725196299943,5.6432,2.69416747815432e-05
3811,463.79958124599943,6.4532,2.6934275431604976e-05
3812,463.9191324889998,5.4692,2.69267259112346e-05
3813,464.03943542399975,6.6158,2.6919351585555565e-05
3814,464.156151055,6.1478,2.6911932181913664e-05
3815,464.2776220429987,5.96,2.6904731892654367e-05
3816,464.40119930499895,5.6735,2.6897210282160567e-05
3817,464.5225921229994,5.8815,2.6889604068024754e-05
3818,464.64240608899854,6.0472,2.6882101015925975e-05
3819,464.76447585999995,7.1497,2.6874707224012386e-05
3820,464.8854171639996,6.6493,2.6867177657407495e-05
3821,465.00692573000015,5.4324,2.6859710657654324e-05
3822,465.13063991200033,5.6528,2.68521564566667e-05
3823,465.2531613909996,6.745,2.6844564349691422e-05
3824,465.37400677000005,5.3677,2.6837010088518604e-05
3825,465.4941754669999,7.1416,2.6829548320617315e-05
3826,465.6119951969995,6.446,2.6822127763209858e-05
3827,465.7335919420002,6.5587,2.6814838444567987e-05
3828,465.85420558199985,6.7229,2.6807352613642016e-05
3829,465.9750496509987,7.3592,2.6799902325308634e-05
3830,466.09917196399874,6.3506,2.6792439035123517e-05
3831,466.22303336099867,6.8443,2.67847585419136e-05
3832,466.3423652949987,6.2753,2.677714264222221e-05
3833,466.4660758629998,6.1862,2.676976672012351e-05
3834,466.5889810059998,6.9655,2.6762142944135792e-05
3835,466.7147517889989,5.3122,2.675455999981481e-05
3836,466.8354669069995,6.2208,2.6746785691666676e-05
3837,466.9550727429996,6.7817,2.6739332232222252e-05
3838,467.072319846,6.6617,2.6731940473271633e-05
3839,467.19630557599885,6.1629,2.6724724941666664e-05
3840,467.3182167389987,6.495,2.6717020260740793e-05
3841,467.4387099839987,7.0902,2.6709506484074066e-05
3842,467.56087988499894,6.4511,2.670209039302476e-05
3843,467.68031414899997,6.0774,2.6694501074753137e-05
3844,467.8018686209998,5.9604,2.6687171562037038e-05
3845,467.92398134999894,6.9365,2.6679681219753143e-05
3846,468.04823607599974,6.332,2.6672147434876565e-05
3847,468.17068553399986,5.3559,2.6664469504506166e-05
3848,468.2924035169999,5.7646,2.6656913057654325e-05
3849,468.41484635300003,6.1562,2.6649392062592578e-05
3850,468.5351565379988,6.1667,2.6641845045987678e-05
3851,468.6582876550001,6.8519,2.663440791555556e-05
3852,468.78064104199984,5.8186,2.662677992685194e-05
3853,468.9022177079987,6.5492,2.661925866283958e-05
3854,469.02415969899994,6.5446,2.6611746891111143e-05
3855,469.14513617599914,6.0559,2.660420868629635e-05
3856,469.2656039659996,6.762,2.6596753656790107e-05
3857,469.39320140699965,6.579,2.6589329862469224e-05
3858,469.51457140599996,6.1653,2.658145397475308e-05
3859,469.6370006569996,6.6296,2.6573957262716036e-05
3860,469.75752614799967,6.8701,2.6566403625617263e-05
3861,469.87646156699884,6.3301,2.6558957907901226e-05
3862,469.99952692700026,6.4467,2.6551607440555647e-05
3863,470.1224289949987,5.9699,2.654398747462965e-05
3864,470.2443698089992,6.0349,2.6536430147530887e-05
3865,470.3671987489997,5.9119,2.6528881792777794e-05
3866,470.488421262,6.8903,2.6521320502839487e-05
3867,470.6109374759999,5.6188,2.651383882771606e-05
3868,470.73323761699976,6.4795,2.650628107641976e-05
3869,470.8575846139993,6.2331,2.6498732287345663e-05
3870,470.98078322699985,5.4322,2.649105987759261e-05
3871,471.1045657300001,6.1919,2.6483411510061734e-05
3872,471.22724139399907,6.3234,2.6475816220925954e-05
3873,471.34819772399896,5.015,2.646823671314821e-05
3874,471.4693355299987,5.5999,2.6460766262530845e-05
3875,471.59151539399863,5.9486,2.645328878876542e-05
3876,471.71298932900027,6.2592,2.644572123487661e-05
3877,471.8333745359996,6.3434,2.643824719777782e-05
3878,471.9533621600003,5.3372,2.6430814347222288e-05
3879,472.0746013070002,5.9085,2.6423412223765486e-05
3880,472.1964658500001,6.0212,2.641592792975307e-05
3881,472.31649490699965,5.6329,2.640840146666669e-05
3882,472.43813197599957,5.1194,2.6400997680864208e-05
3883,472.5591090279995,6.2196,2.639348940919757e-05
3884,472.68222957999933,6.9372,2.638603030364204e-05
3885,472.80639415899896,7.0545,2.637843295530864e-05
3886,472.9280455319986,5.9952,2.6370725209074155e-05
3887,473.04903858800026,5.6916,2.6363250336790202e-05
3888,473.17064859699894,7.0534,2.6355776767654393e-05
3889,473.2943939460001,6.6108,2.634827170598766e-05
3890,473.414812731,5.2993,2.634062924098768e-05
3891,473.53845917800027,6.4184,2.633319216425931e-05
3892,473.6616420150003,6.5646,2.6325565261049413e-05
3893,473.78328483399855,6.2649,2.6317963938827232e-05
3894,473.90314139699876,4.6424,2.6310455309321025e-05
3895,474.02491935499893,5.6208,2.6303036366790136e-05
3896,474.14489631299875,6.3244,2.629553901623459e-05
3897,474.2661066059991,6.3162,2.628812443864207e-05
3898,474.390357586999,6.3262,2.6280643470061728e-05
3899,474.51139745899854,5.4826,2.6272983333395096e-05
3900,474.63184957699923,6.6979,2.6265506208580326e-05
3901,474.7515695809998,4.5079,2.6258063202160514e-05
3902,474.87170282199986,6.4598,2.625067868148153e-05
3903,474.9940662099998,5.9701,2.6243269327098773e-05
3904,475.11616506599967,6.0074,2.6235712124691398e-05
3905,475.2364835970002,6.1515,2.622817703870371e-05
3906,475.35816387199884,6.2746,2.6220738096049384e-05
3907,475.47835099700023,5.9972,2.621323985790123e-05
3908,475.5992589460002,6.1802,2.6205816988642005e-05
3909,475.72326871099904,6.6954,2.619834837740739e-05
3910,475.84615493099955,6.1119,2.6190702356913597e-05
3911,475.97092598499876,5.8741,2.6183111764197587e-05
3912,476.09393262699996,5.7007,2.6175416590185253e-05
3913,476.21581436699853,5.5563,2.6167818178271687e-05
3914,476.33790431499983,5.9353,2.616029456345682e-05
3915,476.46047533099954,6.4223,2.61527582096297e-05
3916,476.5834292799991,6.6707,2.614519350765432e-05
3917,476.70396724999955,4.7721,2.6137617193086427e-05
3918,476.82404919500004,6.0132,2.6130100241358087e-05
3919,476.94629441599864,7.0081,2.6122749931728436e-05
3920,477.06791866099957,6.839,2.6115193052716035e-05
3921,477.1898190659995,4.8325,2.6107684207962974e-05
3922,477.30870687399874,5.7863,2.6100171400308725e-05
3923,477.42938809399857,4.5658,2.6092823942530865e-05
3924,477.5497428910003,5.6811,2.6085381381605016e-05
3925,477.66992828099865,6.1691,2.607795876314817e-05
3926,477.7890608429989,6.2895,2.607054154802472e-05
3927,477.91041755199876,6.6529,2.6063179424074157e-05
3928,478.0320284699992,5.5299,2.6055677983271677e-05
3929,478.151488472,5.9737,2.6048185288456784e-05
3930,478.27247054299914,5.5228,2.604080756333335e-05
3931,478.3963922849998,6.0347,2.6033334862098814e-05
3932,478.5196919959999,6.9455,2.602569699314823e-05
3933,478.64357082599963,5.1426,2.6018078452962968e-05
3934,478.76269561499976,4.792,2.6010431151234577e-05
3935,478.88519241099857,5.6463,2.600307702067901e-05
3936,479.0107258879998,6.2541,2.599552330932101e-05
3937,479.1321945419986,5.0604,2.598775616944452e-05
3938,479.254781136,6.3561,2.598025906808648e-05
3939,479.37864479699965,5.6926,2.5972699664382706e-05
3940,479.4997352699993,6.4803,2.5965062415555586e-05
3941,479.62240736999956,6.1249,2.5957587642098792e-05
3942,479.7438181519992,6.593,2.5950020953580268e-05
3943,479.86383956200007,6.4058,2.5942514435679012e-05
3944,479.9840716559993,7.0169,2.5935050666419802e-05
3945,480.10713398699954,7.1079,2.592769281290124e-05
3946,480.2296387709994,4.9505,2.5920095709012394e-05
3947,480.35232297699986,5.3233,2.5912526732592573e-05
3948,480.4749422980003,6.2211,2.590495988290126e-05
3949,480.59917004899944,6.2113,2.5897328193148184e-05
3950,480.72350292400006,4.9695,2.588972457623461e-05
3951,480.8470855229989,6.1453,2.588204510475317e-05
3952,480.96935680599927,6.1318,2.5874384259321028e-05
3953,481.0904456529988,4.4592,2.5866851000000004e-05
3954,481.2113979739988,6.6558,2.585939227925932e-05
3955,481.33375147900006,5.6698,2.5851929403024773e-05
3956,481.45325317099923,3.8591,2.5844337929444507e-05
3957,481.571321808,6.8007,2.5836992527407387e-05
3958,481.6951214519995,7.042,2.5829730895987687e-05
3959,481.8159847499992,5.6132,2.58220707308642e-05
3960,481.9363942459986,4.6874,2.5814601671481575e-05
3961,482.0555739499996,6.8562,2.580717442660494e-05
3962,482.1773419839992,5.7478,2.5799807359814882e-05
3963,482.2949655249995,6.4947,2.579230253172839e-05
3964,482.41785738699946,6.0541,2.5785055499135874e-05
3965,482.5390460559993,4.4753,2.5777463784074097e-05
3966,482.66039410899975,5.3086,2.5769962834135897e-05
3967,482.7810870779995,4.2623,2.5762477600925915e-05
3968,482.9020710419991,4.8083,2.5755029632592587e-05
3969,483.02219205799884,5.3406,2.5747559788456833e-05
3970,483.1446534480001,6.6144,2.5740138097407463e-05
3971,483.266174376,6.103,2.5732598226419824e-05
3972,483.3866118400001,6.4051,2.572508160216055e-05
3973,483.5098600379988,6.2437,2.5717658133888917e-05
3974,483.6316732269988,5.3854,2.5710049172654338e-05
3975,483.75350199999957,5.9818,2.5702534143950708e-05
3976,483.8743075559996,6.9976,2.5694985240617353e-05
3977,483.99541089099876,6.8867,2.568754463685191e-05
3978,484.1166802819989,6.0935,2.5680072399506154e-05
3979,484.2358145679991,5.3917,2.5672584477839497e-05
3980,484.35953524899924,6.2635,2.566522163635803e-05
3981,484.4816453349995,6.7429,2.5657602359814868e-05
3982,484.60272824099957,6.1225,2.5650071099259242e-05
3983,484.72432988499895,5.944,2.5642580949753086e-05
3984,484.84547124599885,6.2091,2.5635079339876545e-05
3985,484.9631438710003,6.6778,2.5627559261049418e-05
3986,485.0849654140002,5.419,2.5620338445555546e-05
3987,485.20758778399977,6.9391,2.5612809109753123e-05
3988,485.33047502299996,5.7239,2.5605241873641988e-05
3989,485.4524304409988,6.3896,2.5597671261296306e-05
3990,485.5722756469986,4.8745,2.5590137932530876e-05
3991,485.6934218459992,6.534,2.5582730619629687e-05
3992,485.8156466879991,6.4837,2.557526546370377e-05
3993,485.93729584799985,6.2184,2.5567715585061764e-05
3994,486.05732673999955,6.0059,2.556020520222223e-05
3995,486.17849830699924,6.4975,2.55527901187655e-05
3996,486.3000092780003,7.0467,2.554531651537038e-05
3997,486.4219204429992,6.051,2.553781627648154e-05
3998,486.5418417860001,4.8492,2.553029370290123e-05
3999,486.66241558,6.4727,2.5522883994629715e-05
4000,486.7875666990003,6.641,2.5515448089814797e-05
4001,486.9084111379998,6.3313,2.5507726845679054e-05
4002,487.0303412309986,7.1662,2.5500227851419782e-05
4003,487.15053748599894,6.0189,2.549273884592591e-05
4004,487.2730867809987,6.4022,2.548526726882716e-05
4005,487.3929713469988,6.1812,2.5477751287530905e-05
4006,487.51017183099975,6.3654,2.5470343766975347e-05
4007,487.62961618699956,5.9848,2.5463126434691354e-05
4008,487.7512284759996,6.229,2.5455734918888975e-05
4009,487.87457082199944,5.9877,2.544823314080251e-05
4010,487.99731600499945,5.3796,2.5440622798148218e-05
4011,488.1211246490002,5.6705,2.5433044101913607e-05
4012,488.2432204509987,6.2686,2.542540195555555e-05
4013,488.3660126319992,6.3888,2.5417852572469136e-05
4014,488.48900572099956,5.9012,2.5410287884691413e-05
4015,488.6128727289997,6.3486,2.540270550919761e-05
4016,488.73628266000014,5.7316,2.5395051414999994e-05
4017,488.8600920439985,6.057,2.5387434974444446e-05
4018,488.9821441089989,4.6495,2.5379789597962954e-05
4019,489.1066302519994,6.6593,2.5372239856666664e-05
4020,489.2293745549996,5.7259,2.536456733518522e-05
4021,489.3536211439987,5.8551,2.5356981259814867e-05
4022,489.4756522079988,5.9205,2.53493220745062e-05
4023,489.59783965799943,5.1906,2.534178886401235e-05
4024,489.7222823189986,6.2423,2.533425110919757e-05
4025,489.8465372519986,5.8403,2.5326570968333426e-05
4026,489.968887695999,6.6576,2.531888864037043e-05
4027,490.0912247670003,5.7269,2.5311352469135823e-05
4028,490.213186306999,6.2527,2.5303795210617337e-05
4029,490.3355200629994,6.4046,2.5296265841728395e-05
4030,490.4585387899988,4.9962,2.5288697152592578e-05
4031,490.58153143399977,5.8657,2.5281079978765466e-05
4032,490.70466872699944,7.2017,2.5273532643209873e-05
4033,490.8269354259992,6.7615,2.5265930364876566e-05
4034,490.94837705899954,5.4909,2.52583769517284e-05
4035,491.07074882399866,5.6644,2.525083613938275e-05
4036,491.1913894339996,6.2624,2.5243274461358014e-05
4037,491.31234759699873,6.3782,2.5235875290432143e-05
4038,491.43420088699895,5.6736,2.522840850370375e-05
4039,491.55497470299997,5.7907,2.5220892789876627e-05
4040,491.6771982219998,6.5478,2.5213439376728408e-05
4041,491.79952875900017,6.5615,2.5205887152777808e-05
4042,491.9201694120002,5.9008,2.5198338568827218e-05
4043,492.042097644,6.6304,2.5190890954321012e-05
4044,492.1609315810001,5.1073,2.5183337347963054e-05
4045,492.28298597899993,6.7759,2.5176023980617335e-05
4046,492.4035608269987,6.1304,2.516849821277778e-05
4047,492.5265906069999,5.9958,2.516105112672842e-05
4048,492.6488804089986,6.7456,2.5153458100617344e-05
4049,492.76884125200013,6.6398,2.5145916605493814e-05
4050,492.89142674899995,5.9104,2.5138505470740824e-05
4051,493.01192839099895,4.8646,2.5130931874444534e-05
4052,493.1340544579998,6.562,2.5123489820679104e-05
4053,493.25597195699993,6.586,2.511595603691356e-05
4054,493.3803289110001,6.9125,2.5108443565185224e-05
4055,493.5035536759988,5.1665,2.5100764414259244e-05
4056,493.62668084899997,6.2423,2.5093149021913633e-05
4057,493.74834194399955,4.9706,2.5085548919567957e-05
4058,493.870330927999,6.067,2.507804674487657e-05
4059,493.9932320079988,6.1931,2.507051215790123e-05
4060,494.11432177999995,6.2256,2.5062933658642063e-05
4061,494.23746463599855,6.7378,2.5055445130679058e-05
4062,494.3614035600003,5.4865,2.5047859060123522e-05
4063,494.4848851939987,6.0946,2.5040190256605e-05
4064,494.6063642079989,5.1421,2.5032583004753134e-05
4065,494.7269330250001,5.2156,2.502507349370369e-05
4066,494.85157195699867,6.4504,2.5017632979814852e-05
4067,494.9761716849989,6.0569,2.5009946194074057e-05
4068,495.09739675499986,6.2597,2.5002248543395146e-05
4069,495.2169154259991,6.8092,2.499476503160499e-05
4070,495.33915006200004,5.6698,2.498739105395061e-05
4071,495.4610803609994,6.2534,2.4979844482654306e-05
4072,495.58460676100003,6.2149,2.497232307382715e-05
4073,495.70712285399895,6.5375,2.496470304629636e-05
4074,495.8278210389999,6.0255,2.4957139568209927e-05
4075,495.9475834579989,3.9218,2.49496740587038e-05
4076,496.0719743539994,6.3687,2.494228513469139e-05
4077,496.19674880399907,7.1744,2.493460987240746e-05
4078,496.31918508299896,6.913,2.4926909197407488e-05
4079,496.4423630250003,5.7388,2.4919343829691416e-05
4080,496.5647421149988,5.8831,2.4911754182592655e-05
4081,496.68635145499866,6.4568,2.490418772061736e-05
4082,496.8042621879995,5.8521,2.4896685003271686e-05
4083,496.9246228439988,4.9033,2.488940849506176e-05
4084,497.0474122689993,6.3207,2.4881977148148218e-05
4085,497.16961757399986,6.1687,2.4874329400617296e-05
4086,497.2930095769989,6.4385,2.4866861784259282e-05
4087,497.4164322589986,5.7367,2.4859236524259282e-05
4088,497.5379134909999,6.3067,2.485162058364197e-05
4089,497.6595465299997,6.0844,2.4844124646172833e-05
4090,497.7818126289985,6.8272,2.483660572845683e-05
4091,497.904781539999,6.2548,2.4829070314320985e-05
4092,498.02800818499963,5.4923,2.482147337660502e-05
4093,498.1487326039987,6.8622,2.481386343160494e-05
4094,498.26660341599927,3.9683,2.480641089086425e-05
4095,498.3861398600002,6.1169,2.4799115317530858e-05
4096,498.5108531549995,5.888,2.4791757103209905e-05
4097,498.6326419959987,5.5826,2.4784064491111204e-05
4098,498.75278407399855,6.4435,2.4776541543395093e-05
4099,498.87384771100005,5.3175,2.4769126837284005e-05
4100,498.9918149969999,6.3841,2.4761657414629658e-05
4101,499.11337963999904,5.8285,2.4754362981790157e-05
4102,499.2345743429996,6.3207,2.4746806725925913e-05
4103,499.3557266070002,5.1965,2.4739386069814818e-05
4104,499.47840439299944,6.162,2.4731903749629685e-05
4105,499.60109976700005,6.3195,2.4724325446728407e-05
4106,499.7226544259993,6.4009,2.471677168617291e-05
4107,499.8444085859992,6.2834,2.4709254494629685e-05
4108,499.9684340349995,6.3959,2.4701738542222237e-05
4109,500.0929441299995,6.5898,2.4694092856481555e-05
4110,500.21297895799944,5.0489,2.4686400437592648e-05
4111,500.3362412569986,6.1667,2.467897589098772e-05
4112,500.45889335599895,6.6149,2.467138245364199e-05
4113,500.5824669829999,6.9356,2.4663811935432158e-05
4114,500.703069743,5.87,2.4656151195000055e-05
4115,500.82567880399984,5.1592,2.4648730243086478e-05
4116,500.94699026799935,5.8388,2.4641172691296372e-05
4117,501.06726109400006,5.5853,2.46336829015432e-05
4118,501.18610998499935,4.3325,2.462624669327167e-05
4119,501.30901367499973,5.373,2.4618912162592587e-05
4120,501.430325325,6.2966,2.4611314825370406e-05
4121,501.5508382119988,5.9059,2.460384767141982e-05
4122,501.6690538160001,6.2684,2.4596403776543264e-05
4123,501.788689084,6.3631,2.4589118361790175e-05
4124,501.91294675300014,6.2893,2.4581698352962973e-05
4125,502.0355459989987,5.7437,2.457405977055557e-05
4126,502.15834513699883,6.2067,2.456649205987661e-05
4127,502.2769974309995,6.9842,2.4558908161543293e-05
4128,502.3999544620001,6.6569,2.4551595544382712e-05
4129,502.5203972899999,4.7502,2.454399625709879e-05
4130,502.6429877949995,5.9285,2.45365520565432e-05
4131,502.7635843299995,5.0796,2.452899310475308e-05
4132,502.88482426799965,5.0152,2.4521549972716102e-05
4133,503.0065119939991,6.1809,2.4514064876049458e-05
4134,503.12814951200016,5.3405,2.45065472551852e-05
4135,503.2491008249999,4.9039,2.449903593358029e-05
4136,503.36999004899917,5.7158,2.449156072679014e-05
4137,503.4891678619988,6.2512,2.4484101665432124e-05
4138,503.61132701599854,5.6498,2.4476740108888923e-05
4139,503.7338130039989,6.5802,2.446921660518523e-05
4140,503.85549754599924,5.9719,2.4461653026913572e-05
4141,503.9756114749998,6.2061,2.4454139697530948e-05
4142,504.09789619099865,6.2705,2.4446707573024697e-05
4143,504.2206055959996,6.486,2.4439182492777845e-05
4144,504.3433421869995,5.4821,2.4431603567592654e-05
4145,504.464093089,6.1219,2.4424036754382746e-05
4146,504.58492957699855,5.6898,2.4416566171419753e-05
4147,504.70638606099965,6.1359,2.440912072148152e-05
4148,504.8286103499995,6.1927,2.4401625776049457e-05
4149,504.9483455520003,6.0676,2.4394074656419786e-05
4150,505.0705292780003,5.7155,2.438667952604944e-05
4151,505.19427962400005,5.7095,2.437913695092599e-05
4152,505.31737814400003,6.2963,2.4371515794938303e-05
4153,505.4403720499995,4.5969,2.436390882537036e-05
4154,505.5646865059989,6.0437,2.4356316374259346e-05
4155,505.6866155659991,6.8297,2.434864527209884e-05
4156,505.80777740600024,5.7431,2.4341114221234633e-05
4157,505.9271659240003,6.7826,2.4333627969567885e-05
4158,506.04599972699907,6.0333,2.4326255730555564e-05
4159,506.16542894399936,6.8177,2.4318941006666723e-05
4160,506.2895338899998,7.028,2.43115691077778e-05
4161,506.4115536809986,5.7182,2.4303897989135787e-05
4162,506.5318800799996,6.7191,2.4296363233086505e-05
4163,506.6543693219992,6.5392,2.428892638586418e-05
4164,506.776976621999,6.2159,2.4281377637963025e-05
4165,506.90015385399965,6.6063,2.4273805769197577e-05
4166,507.02352597199933,7.1486,2.4266203760555613e-05
4167,507.14588238000033,6.3905,2.4258587887160516e-05
4168,507.2668284559986,5.6607,2.425103385006182e-05
4169,507.38846273299896,6.3672,2.424356202160501e-05
4170,507.51272142499874,6.7991,2.4236057105370403e-05
4171,507.63498323800013,5.6738,2.42283724670371e-05
4172,507.7559915949987,6.1343,2.42208480461729e-05
4173,507.8790139189987,6.397,2.4213365702037073e-05
4174,508.0004602279987,6.8116,2.4205782796419797e-05
4175,508.1206479599987,6.8075,2.4198281266851865e-05
4176,508.2414300370001,6.5854,2.419085569006172e-05
4177,508.362866939,5.7366,2.4183410845555587e-05
4178,508.48304046500016,6.6742,2.4175908672839597e-05
4179,508.6032944889994,5.1726,2.416848998055561e-05
4180,508.72343428899876,6.572,2.4160997191728384e-05
4181,508.84509449100005,6.4346,2.4153646654197553e-05
4182,508.9670202289999,5.9609,2.4146111567037068e-05
4183,509.08800448999864,6.0662,2.4138566884753178e-05
4184,509.21124297299866,6.3829,2.413115465592601e-05
4185,509.33696898000017,6.1621,2.4123536181913565e-05
4186,509.4594248889989,6.2008,2.411578306666668e-05
4187,509.5797737289995,6.0366,2.4108176761604977e-05
4188,509.7023240639992,6.219,2.4100794926419746e-05
4189,509.8202858879995,6.4547,2.4093231476111182e-05
4190,509.9416207989998,6.0203,2.4085965447345672e-05
4191,510.06411038499937,6.3041,2.4078450183395057e-05
4192,510.1858206349989,5.9214,2.407089723351857e-05
4193,510.3093875579998,7.1034,2.4063385180123436e-05
4194,510.43326013299884,5.0383,2.4055761757222228e-05
4195,510.55484364199947,5.353,2.404811253425926e-05
4196,510.681900010999,6.2363,2.4040594931913667e-05
4197,510.8049692249988,6.5738,2.4032769972098795e-05
4198,510.92707264899946,6.0644,2.402514837271605e-05
4199,511.04892498499976,6.2874,2.4017636048024712e-05
4200,511.1703948180002,6.5324,2.4010115423765522e-05
4201,511.29180432199973,6.7808,2.400261178648157e-05
4202,511.41397784499895,5.7063,2.3995120346234568e-05
4203,511.53495700500025,5.1299,2.398757510141978e-05
4204,511.6537370240003,5.5686,2.398010330395069e-05
4205,511.77705551500003,6.6148,2.397277797024698e-05
4206,511.89911377599856,5.0039,2.3965172331604944e-05
4207,512.0197202799991,6.5261,2.3957631976049422e-05
4208,512.1436157949993,6.2462,2.3950181300802505e-05
4209,512.263581829,6.0747,2.394254596197535e-05
4210,512.3857723189994,7.0127,2.3935121070493844e-05
4211,512.5074136650001,5.4226,2.3927594989753084e-05
4212,512.6285909830003,6.0398,2.3920081579321008e-05
4213,512.7514816389994,6.1202,2.3912576132160558e-05
4214,512.8742531099997,6.3599,2.3905016353888908e-05
4215,512.9973977970003,6.568,2.3897383357407422e-05
4216,513.1168656749996,6.1435,2.3889842097530875e-05
4217,513.2392002029992,5.9019,2.3882452805185236e-05
4218,513.3620829869997,6.083,2.387490981617287e-05
4219,513.4852792370002,6.3683,2.3867273920617285e-05
4220,513.6039836759992,5.1485,2.3859719122283985e-05
4221,513.7241906849995,6.0683,2.385238169086419e-05
4222,513.8468046609996,6.0644,2.384496554802477e-05
4223,513.9689808709991,6.1683,2.3837397208271685e-05
4224,514.0918713889987,6.2374,2.382985367802475e-05
4225,514.2138470560003,6.645,2.3822269226419746e-05
4226,514.3373340709986,6.3914,2.3814742990308657e-05
4227,514.4594280339988,6.279,2.3807125038642036e-05
4228,514.5830137819994,6.3873,2.379958258074078e-05
4229,514.7053388089989,6.5383,2.3791955344382745e-05
4230,514.8250310299991,5.4596,2.3784403556358115e-05
4231,514.9484287819996,6.8002,2.3777013624506223e-05
4232,515.0716047499991,6.7108,2.3769402368148175e-05
4233,515.193108206,6.6433,2.3761786821790195e-05
4234,515.3152251319989,5.8524,2.3754271233148175e-05
4235,515.437992051,6.8829,2.374675253351856e-05
4236,515.558068626,6.294,2.3739176091975322e-05
4237,515.6778983999993,6.0975,2.373176294438278e-05
4238,515.7992723379994,6.5717,2.3724364695061712e-05
4239,515.9210598729987,5.7521,2.37168710638889e-05
4240,516.0425447329999,6.6826,2.3709316808271643e-05
4241,516.1638946229996,6.2766,2.370184977913584e-05
4242,516.2871449169998,7.1886,2.3694363498703685e-05
4243,516.4096012219998,6.1743,2.3686765087839515e-05
4244,516.5303008279989,6.2857,2.367921216518521e-05
4245,516.6548545429996,6.5456,2.3671740510493874e-05
4246,516.7768114149985,6.0765,2.3664001236975307e-05
4247,516.899408506999,6.1466,2.365653588283951e-05
4248,517.0234403939994,6.4437,2.364897093493833e-05
4249,517.1440394199999,5.0274,2.36413117272223e-05
4250,517.2659564719997,6.0069,2.3633860852469186e-05
4251,517.387047664999,6.127,2.3626350199629648e-05
4252,517.5112020199995,6.7726,2.3618865538888872e-05
4253,517.6329653169996,4.8793,2.361118410950619e-05
4254,517.7547587509998,6.5128,2.3603681673271633e-05
4255,517.8752355249999,6.1352,2.3596167134321017e-05
4256,517.9955628520001,6.5032,2.3588717798333343e-05
4257,518.1173492749986,5.8408,2.3581301327530924e-05
4258,518.2416046469989,5.9866,2.3573785247222246e-05
4259,518.3646109229994,6.8853,2.356611525888891e-05
4260,518.485940659999,5.8191,2.3558455444259313e-05
4261,518.6078997549994,6.7566,2.355102485716055e-05
4262,518.7299407039991,6.5672,2.354348576129628e-05
4263,518.8543076219994,6.6133,2.3535959081111154e-05
4264,518.9761465149986,4.158,2.3528288415246935e-05
4265,519.0947737189999,5.8456,2.3520756680247003e-05
4266,519.214532901,6.1626,2.3513448515987642e-05
4267,519.3389553790003,5.5949,2.3506047492777795e-05
4268,519.4596562679999,5.4263,2.3498339146851916e-05
4269,519.5801660469988,5.7972,2.349090373271613e-05
4270,519.6993880049995,5.4523,2.3483484405123484e-05
4271,519.8199678879992,6.5172,2.3476123643271603e-05
4272,519.9395026689999,4.7337,2.3468680113950607e-05
4273,520.0605567769999,4.3641,2.346123489061736e-05
4274,520.1824252669994,5.8501,2.345382042030872e-05
4275,520.301401494,6.3452,2.3446291777469172e-05
4276,520.4238114719992,6.0071,2.343898224000003e-05
4277,520.5453119100002,6.1023,2.343141664376544e-05
4278,520.6682199489987,5.7801,2.342391165012352e-05
4279,520.7921596479991,6.5523,2.3416297057037023e-05
4280,520.9139374679999,6.0741,2.3408658580864218e-05
4281,521.0358303479989,6.5214,2.3401081419012406e-05
4282,521.1561289909987,5.6822,2.339362770518524e-05
4283,521.2787587999992,6.0106,2.3386197336049458e-05
4284,521.3997551459997,5.8726,2.3378639082222305e-05
4285,521.522074687,5.6897,2.3371107526666685e-05
4286,521.6404809769992,5.4545,2.3363612911604983e-05
4287,521.7606313959986,6.7296,2.335630204648152e-05
4288,521.8837415769995,6.0483,2.334888636722222e-05
4289,522.0062099789993,5.5091,2.334129688537045e-05
4290,522.127449091,6.2848,2.3333729444938302e-05
4291,522.2493922819995,5.7832,2.332623132709878e-05
4292,522.3705661679996,6.591,2.331871830246919e-05
4293,522.4902462819991,6.6612,2.3311239296790182e-05
4294,522.613254902999,6.512,2.330384451962963e-05
4295,522.7357953720002,6.4264,2.3296270152098786e-05
4296,522.8585676679995,5.945,2.3288672109197536e-05
4297,522.980886931,6.6455,2.328112129135807e-05
4298,523.1019764619996,6.1605,2.327351055179019e-05
4299,523.2246907209992,6.4133,2.326609056925929e-05
4300,523.3444626519995,5.4487,2.3258526768456844e-05
4301,523.4629888889995,5.3559,2.325111315518528e-05
4302,523.585379311,6.4656,2.3243801940246913e-05
4303,523.7056554589999,6.2709,2.323625579697532e-05
4304,523.8261129570001,5.6688,2.322880206475312e-05
4305,523.9469668579986,6.36,2.3221384784691408e-05
4306,524.0675235179988,6.0267,2.3213929950802538e-05
4307,524.1888912499999,5.5805,2.3206489419135886e-05
4308,524.3107685959985,6.3648,2.3198993080370403e-05
4309,524.4324236409993,5.679,2.3191481626728417e-05
4310,524.5539667129997,5.2164,2.3183952786234558e-05
4311,524.6747653049988,6.7647,2.3176460885123465e-05
4312,524.7969878759995,6.1082,2.3168984492283952e-05
4313,524.9195752539999,6.2454,2.3161464480617272e-05
4314,525.0406007309994,6.2734,2.3153896025740797e-05
4315,525.1638414259996,6.4006,2.314642046327163e-05
4316,525.2858169039991,6.1616,2.3138822950864265e-05
4317,525.4097258179991,6.2822,2.3131285493086412e-05
4318,525.5328247460002,6.7811,2.3123648969012385e-05
4319,525.6555882739995,6.1795,2.3116039284567942e-05
4320,525.7794788259998,6.2047,2.3108439692037055e-05
4321,525.9033428929997,5.9072,2.310079876858029e-05
4322,526.027507978999,6.9653,2.3093113586481557e-05
4323,526.152127338999,6.396,2.3085496287407478e-05
4324,526.2733936650002,7.0593,2.3077791973888945e-05
4325,526.3955138339988,6.3345,2.307032849061732e-05
4326,526.5160268210002,3.7989,2.3062789476975303e-05
4327,526.6392891469986,6.2587,2.305533879728399e-05
4328,526.7619589119986,6.3727,2.3047745624135806e-05
4329,526.884418194999,7.1342,2.30401616724074e-05
4330,527.008158228,5.3555,2.3032609514753118e-05
4331,527.1293233999986,6.3876,2.3024913164567974e-05
4332,527.2508986759985,5.201,2.3017489166604944e-05
4333,527.3733657289995,5.3677,2.3009970886604954e-05
4334,527.4969621829987,5.9066,2.3002432047160483e-05
4335,527.6190138349994,5.4608,2.2994804777901306e-05
4336,527.7402534470002,6.3239,2.29872626183334e-05
4337,527.8612981869992,6.4006,2.2979774340555545e-05
4338,527.984716334,6.3094,2.2972291327160512e-05
4339,528.1082131599997,7.1212,2.2964690296358065e-05
4340,528.2297514809998,5.3879,2.2957036612839527e-05
4341,528.3519972630002,6.3298,2.2949568259444525e-05
4342,528.4742276609995,6.2495,2.2942014217469143e-05
4343,528.5975367189985,5.5205,2.2934473699382756e-05
4344,528.718901237,6.5417,2.2926867757469156e-05
4345,528.8421485969993,6.2024,2.2919364282839572e-05
4346,528.962220595,5.9712,2.2911770863395053e-05
4347,529.0841346739999,6.337,2.2904336013271626e-05
4348,529.2097732399998,6.5945,2.289682424024699e-05
4349,529.33214425,6.3432,2.28890758900618e-05
4350,529.4540861289988,6.2649,2.28815079132099e-05
4351,529.5776364149988,5.2042,2.287396460456797e-05
4352,529.6992346079987,5.6458,2.2866361890432085e-05
4353,529.8207966409991,6.2804,2.2858845859506163e-05
4354,529.9421009119997,5.6424,2.2851352704074092e-05
4355,530.0644620849998,6.3985,2.2843856464876608e-05
4356,530.1878144249986,5.9169,2.2836318494197527e-05
4357,530.310744127999,5.6088,2.282869677827168e-05
4358,530.4313808579991,6.6601,2.2821114023333317e-05
4359,530.5537784089993,6.3686,2.281366769876547e-05
4360,530.6769746350001,5.369,2.2806105818271593e-05
4361,530.7992533790002,5.7932,2.2798498685987745e-05
4362,530.9193636,6.2164,2.2790955491419808e-05
4363,531.0402191929988,5.9115,2.278352918271605e-05
4364,531.1615110799994,6.5244,2.2776077782407495e-05
4365,531.2843649360002,6.3628,2.276859148333339e-05
4366,531.4071094190003,6.205,2.2760998951851908e-05
4367,531.5305663050003,5.9073,2.2753434622654375e-05
4368,531.6535273059999,7.23,2.2745813582098857e-05
4369,531.7769118719989,6.1089,2.2738215434691386e-05
4370,531.9018132609999,6.2325,2.2730583953641967e-05
4371,532.0274361899992,6.6889,2.2722877651975316e-05
4372,532.1498144139987,6.3193,2.271507827475315e-05
4373,532.2723732510003,6.2566,2.2707586023333323e-05
4374,532.3938366539987,6.3179,2.2700015448641958e-05
4375,532.5144641520001,6.1776,2.269251842382722e-05
4376,532.6366986209996,6.0482,2.2685077578209956e-05
4377,532.7576060969986,6.7207,2.267753572981488e-05
4378,532.8796330229998,6.4441,2.2670017895987726e-05
4379,533.000567961999,5.5066,2.266248667820991e-05
4380,533.1215684580002,6.3774,2.26550632376544e-05
4381,533.240911511999,6.8214,2.2647595413950683e-05
4382,533.3625048670001,5.8054,2.264022925685193e-05
4383,533.4858449699987,6.1397,2.2632725935679034e-05
4384,533.609280867,5.7126,2.2625122195617294e-05
4385,533.7307896740003,6.524,2.261744615209875e-05
4386,533.8480141889995,6.9018,2.2609988292283957e-05
4387,533.9699879609998,5.4335,2.2602769564135783e-05
4388,534.089206663999,5.4827,2.2595230772283932e-05
4389,534.2108938099991,7.3061,2.2587869167592644e-05
4390,534.3324478839986,6.3197,2.2580357981111135e-05
4391,534.4552120839999,6.1502,2.2572849868271684e-05
4392,534.5788207650003,5.7214,2.2565272667530896e-05
4393,534.6998537009986,6.3577,2.2557641050246914e-05
4394,534.8218176749997,6.3097,2.2550170819012363e-05
4395,534.9445736039997,5.0025,2.2542641792716033e-05
4396,535.0650562279989,5.6828,2.253507338845687e-05
4397,535.1853282209995,6.3277,2.2527633072839556e-05
4398,535.3097107239992,5.7233,2.2520201772716033e-05
4399,535.4322192090003,6.7752,2.251252367123465e-05
4400,535.5555649469989,6.6594,2.250496381728395e-05
4401,535.6801474309996,6.2843,2.2497362681358065e-05
4402,535.80290221,6.4046,2.2489662035432163e-05
4403,535.9258748449993,6.7494,2.2482078342839563e-05
4404,536.0485292909998,6.6178,2.247449540475311e-05
4405,536.1705937280003,5.4856,2.2466917713148145e-05
4406,536.2935371329986,6.7017,2.245935696777777e-05
4407,536.4151322529997,6.1308,2.245180926790128e-05
4408,536.5348071359986,6.134,2.244429280265436e-05
4409,536.6558220309998,5.7155,2.2436901677284022e-05
4410,536.780065977,6.6774,2.2429432561172836e-05
4411,536.9061668239992,5.317,2.2421698885000075e-05
4412,537.0287815859992,6.5571,2.2413984945864242e-05
4413,537.1494478779987,6.1315,2.24064100474692e-05
4414,537.271289422999,6.9288,2.2398966542839527e-05
4415,537.391686428,5.8145,2.239144482216056e-05
4416,537.5128523849999,6.0551,2.2384009525493876e-05
4417,537.6335893699998,6.8356,2.237653187716048e-05
4418,537.7560594039987,6.2992,2.236908139123466e-05
4419,537.8788301749992,4.7009,2.2361524816728387e-05
4420,538.0005909249994,6.166,2.2353931583271605e-05
4421,538.1212145459995,6.3081,2.234642416425927e-05
4422,538.2429067329995,5.8112,2.2338981136543248e-05
4423,538.3633715169999,6.0826,2.2331462604876528e-05
4424,538.482382872,5.0196,2.2324027922654357e-05
4425,538.6043292260001,7.2402,2.2316679584382767e-05
4426,538.7259824559987,6.0535,2.230911493358027e-05
4427,538.8484057549995,6.172,2.230164993351851e-05
4428,538.9719473759997,6.0316,2.2294078904753157e-05
4429,539.0983922479991,6.1512,2.2286389270000003e-05
4430,539.2215551889985,6.1411,2.2278657123642016e-05
4431,539.3433072009993,5.3506,2.2271000625617343e-05
4432,539.4668077139995,6.2253,2.226353384777785e-05
4433,539.5910687549986,6.0122,2.225591875240741e-05
4434,539.7131197679992,5.8525,2.2248246805123547e-05
4435,539.8354947839998,6.5874,2.2240682634197518e-05
4436,539.9582029060002,5.5577,2.223316789648155e-05
4437,540.0815642409998,6.5379,2.222557597808651e-05
4438,540.2043945249989,6.5193,2.221798196043218e-05
4439,540.3290988249992,7.2273,2.2210386110000064e-05
4440,540.4514093629987,5.9052,2.2202694878641984e-05
4441,540.5745152109994,6.1572,2.219513196432099e-05
4442,540.6972653539997,5.9125,2.2187534277592575e-05
4443,540.8211280849991,6.1256,2.217996032858031e-05
4444,540.9434294509992,5.8376,2.217232433074082e-05
4445,541.0657290599993,6.6541,2.2164761066728434e-05
4446,541.1882215859987,6.5274,2.2157215012222292e-05
4447,541.3059376049987,6.6528,2.214966095592596e-05
4448,541.4276262229996,6.3784,2.214239081746919e-05
4449,541.5470266619996,4.3632,2.2134873887160574e-05
4450,541.6706875789987,6.2132,2.212750620000002e-05
4451,541.7949409759985,6.0248,2.2119874065308666e-05
4452,541.9159684770002,5.252,2.2112202489259316e-05
4453,542.0396061949996,6.4511,2.2104720665864214e-05
4454,542.1629047219994,5.4888,2.209710855598772e-05
4455,542.2847330959994,6.9194,2.2089491044691364e-05
4456,542.4034402750003,6.3661,2.20819675107408e-05
4457,542.5248792619986,6.5789,2.2074630870740833e-05
4458,542.647124911,4.6399,2.2067108615925957e-05
4459,542.768887623999,5.9718,2.205960306981485e-05
4460,542.8929704900002,6.1817,2.205207796623463e-05
4461,543.0154286609995,6.3008,2.2044425012962976e-05
4462,543.1396020489992,6.6261,2.203686987265439e-05
4463,543.2610160650001,5.4885,2.2029193671481567e-05
4464,543.3829555920001,5.8346,2.202169454648154e-05
4465,543.5047348569988,6.6237,2.201417231055563e-05
4466,543.6280201379996,6.1832,2.2006661736975304e-05
4467,543.7519684540002,5.8857,2.1999046065679023e-05
4468,543.8754161259985,5.3065,2.1991385843888974e-05
4469,543.9966219399994,6.0711,2.1983780563580324e-05
4470,544.1155878819991,6.1794,2.1976265077037056e-05
4471,544.2382124489995,5.6692,2.196896810382716e-05
4472,544.358157659999,4.8277,2.1961390583024743e-05
4473,544.4813347399995,6.7139,2.195397370981482e-05
4474,544.6053503469993,6.0815,2.1946383274876602e-05
4475,544.7289774689998,5.9281,2.1938727560740813e-05
4476,544.8506033180001,5.6761,2.1931096664753164e-05
4477,544.9743845470002,6.5099,2.1923579326913668e-05
4478,545.0972500970001,6.2673,2.1915934840802455e-05
4479,545.2208968189989,6.5652,2.1908355260679013e-05
4480,545.3411880610001,5.2824,2.1900697134135806e-05
4481,545.4632545509994,6.4517,2.1893295462037085e-05
4482,545.589615077999,6.7995,2.1885767099444514e-05
4483,545.7105308069986,7.0191,2.1877980151913656e-05
4484,545.8327310749992,5.615,2.1870507301234656e-05
4485,545.9552300059986,5.5372,2.1862954550802494e-05
4486,546.0788868740001,6.1474,2.185539488185188e-05
4487,546.201556566999,6.4664,2.1847761828209884e-05
4488,546.3235699790002,5.3094,2.18401860018519e-05
4489,546.4456615170002,4.1373,2.183266163962967e-05
4490,546.5680455009988,6.4035,2.1825116075679035e-05
4491,546.6886177119995,6.4426,2.1817568112777804e-05
4492,546.8096145079999,6.2801,2.1810126586728478e-05
4493,546.9311389180002,6.1521,2.180265774209877e-05
4494,547.0547989360002,6.1658,2.1795160293271648e-05
4495,547.1759569059996,6.1581,2.1787493242222307e-05
4496,547.2975639689994,5.4985,2.1780043732839583e-05
4497,547.4214877619997,6.5609,2.177253653487657e-05
4498,547.5428039079998,5.3882,2.176489911493836e-05
4499,547.665854584,6.6537,2.1757400009259255e-05
4500,547.7883568479992,7.1751,2.174981468407415e-05
4501,547.9115993119995,5.4614,2.1742238793518528e-05
4502,548.033452661999,5.687,2.173462511179019e-05
4503,548.1543852710001,4.4271,2.1727115066481544e-05
4504,548.277314858,6.6307,2.171964638197534e-05
4505,548.3975305849999,5.7727,2.1712067453148134e-05
4506,548.517840208,5.7753,2.1704633105493914e-05
4507,548.6391059910002,6.7389,2.1697174281728476e-05
4508,548.7585012740001,2.9034,2.168973011641973e-05
4509,548.8807095719985,5.5712,2.1682341793518533e-05
4510,549.0020010829994,6.8005,2.167481497037039e-05
4511,549.1207138299997,4.6507,2.1667321812098784e-05
4512,549.2408736639991,4.8611,2.1659989999074087e-05
4513,549.3621491679987,5.864,2.1652583924382787e-05
4514,549.4817899909995,5.6772,2.164509436598766e-05
4515,549.604298279999,6.2863,2.1637703571975328e-05
4516,549.7259122619998,4.7508,2.1630130104135843e-05
4517,549.848774352,6.3486,2.1622639224506203e-05
4518,549.9714050149996,5.6346,2.1615057528703723e-05
4519,550.0938011849994,6.7972,2.1607481735185232e-05
4520,550.2176316189998,5.826,2.1599935000185272e-05
4521,550.3396922049997,6.6632,2.1592284252777816e-05
4522,550.4626473259996,7.1407,2.1584736984876618e-05
4523,550.5855068219989,5.253,2.157716673586419e-05
4524,550.7079000859994,5.4059,2.156956731339511e-05
4525,550.829301455,5.3808,2.1562020738148237e-05
4526,550.9513915019998,6.3099,2.155451609765435e-05
4527,551.0731576109993,5.9911,2.1546988087469195e-05
4528,551.197571577999,6.4754,2.1539476600679043e-05
4529,551.3208547619997,6.5045,2.153179904864205e-05
4530,551.444003700999,6.5122,2.15241863013581e-05
4531,551.5679554119997,7.0876,2.1516587994197547e-05
4532,551.6890541639987,4.2752,2.1508932484691437e-05
4533,551.8119586169996,6.3753,2.150145546592599e-05
4534,551.9349284429991,6.613,2.1493873585555595e-05
4535,552.058445274999,6.0456,2.1486282151296377e-05
4536,552.1800252939993,6.4129,2.1478649880370462e-05
4537,552.303743946999,6.4909,2.1471137934938307e-05
4538,552.4277327,7.027,2.1463507425925945e-05
4539,552.5505460219993,5.7313,2.1455855006666687e-05
4540,552.6716175719994,6.4921,2.1448274697037095e-05
4541,552.7945792760001,6.6337,2.144080005407415e-05
4542,552.9170883459992,6.8165,2.143320841111116e-05
4543,553.0388838859999,5.7617,2.1425644184321048e-05
4544,553.1587051039987,5.4869,2.141812797493834e-05
4545,553.2825701869988,6.2153,2.141072921981482e-05
4546,553.4014568969997,5.577,2.1403090169691336e-05
4547,553.5233929919996,6.5605,2.1395750014382744e-05
4548,553.6469225049987,6.1381,2.1388227768950598e-05
4549,553.7677948459987,6.6642,2.138054992425932e-05
4550,553.8874973769998,5.8082,2.1373134036049448e-05
4551,554.0070765359997,5.5593,2.1365739377345756e-05
4552,554.1272931459989,4.8103,2.1358363056419822e-05
4553,554.2498909379992,6.375,2.1350940964444526e-05
4554,554.3727412640001,6.1839,2.1343378894321007e-05
4555,554.4954248819995,6.1766,2.1335801274382767e-05
4556,554.6185872369988,7.2419,2.132822451666673e-05
4557,554.7371565939993,4.726,2.1320615748888966e-05
4558,554.8615790120002,5.7389,2.131323036574076e-05
4559,554.9849028829994,6.0359,2.1305570955308684e-05
4560,555.1065174889991,6.3182,2.1298012082839525e-05
4561,555.226838139999,6.0226,2.1290500480308656e-05
4562,555.3470563729988,6.5304,2.12830740465432e-05
4563,555.4681311659988,6.5036,2.1275651325555646e-05
4564,555.587953795999,6.0641,2.1268190590432187e-05
4565,555.7094695129999,6.1775,2.1260778807284034e-05
4566,555.8298081419998,6.5998,2.1253295924320982e-05
4567,555.9508570589987,5.7094,2.12458581254939e-05
4568,556.0743489859997,6.7351,2.123838379000001e-05
4569,556.1981359759993,5.8923,2.123075184179021e-05
4570,556.321503191999,5.4579,2.1223126085740796e-05
4571,556.4431032569992,5.742,2.121550795913579e-05
4572,556.5652663869987,5.933,2.1207998239753108e-05
4573,556.6865234790002,5.4293,2.1200457908333325e-05
4574,556.804792253999,7.1923,2.1192978469074054e-05
4575,556.9230242920003,6.0229,2.1185679376481566e-05
4576,557.0455948379986,6.3187,2.117838527407407e-05
4577,557.1684238709986,6.958,2.1170806796790206e-05
4578,557.2910932309987,4.5227,2.1163224475246944e-05
4579,557.4128998870001,6.2707,2.1155653198642046e-05
4580,557.5346860239988,5.3352,2.114813480413589e-05
4581,557.6555164370002,6.3663,2.114061229370371e-05
4582,557.7789968079996,6.1414,2.1133154786234573e-05
4583,557.902304715999,5.8453,2.112553437956789e-05
4584,558.0259780919987,6.2642,2.111791175246916e-05
4585,558.1467615459987,5.9921,2.1110290206358096e-05
4586,558.2701929119994,7.0456,2.110282251759263e-05
4587,558.3922608399989,5.6811,2.1095205487962977e-05
4588,558.5145289550001,6.3365,2.108768110771614e-05
4589,558.6360610089996,5.8653,2.1080131715864217e-05
4590,558.758757218,6.0471,2.107262964296302e-05
4591,558.882381202,6.3728,2.106505449814814e-05
4592,559.0062857479988,5.9722,2.1057426275246945e-05
4593,559.129202484999,6.4729,2.1049779335123536e-05
4594,559.2503371839994,4.9735,2.1042193999629704e-05
4595,559.371849109999,4.7941,2.1034707678333386e-05
4596,559.4928436409991,6.201,2.1027201054444446e-05
4597,559.6148803769993,5.3896,2.1019739741049432e-05
4598,559.7343335669993,6.375,2.1012203721728402e-05
4599,559.8551951589998,5.1556,2.1004829543827202e-05
4600,559.9726138919996,6.2164,2.0997368751419837e-05
4601,560.0958609059999,6.5331,2.099014329679011e-05
4602,560.2180275829996,6.3397,2.0982494986172828e-05
4603,560.3380885339993,6.1707,2.0974981274259314e-05
4604,560.4583156129993,5.7242,2.0967558346049453e-05
4605,560.5815194429997,4.7558,2.0960142985493826e-05
4606,560.7017150969987,5.3643,2.0952516992530924e-05
4607,560.8244712079995,6.722,2.0945111937592594e-05
4608,560.946194365999,5.8702,2.093754721604938e-05
4609,561.0697287769999,5.3847,2.093002780327161e-05
4610,561.19075041,6.2892,2.0922413228950682e-05
4611,561.3110251620001,5.3387,2.09149332554321e-05
4612,561.4329538919992,5.7825,2.0907502012284043e-05
4613,561.5554729979995,6.3942,2.089998188586429e-05
4614,561.6729715189995,6.7627,2.0892423248024772e-05
4615,561.7943218179989,6.1036,2.0885177556543277e-05
4616,562.0695704699992,6.2386,2.087766917808646e-05
4617,562.1896602439992,5.654,2.086067665746915e-05
4618,562.311090408999,6.8853,2.085326998537042e-05
4619,562.4353419419986,6.2532,2.084577627012348e-05
4620,562.556325571999,6.6311,2.083811164450618e-05
4621,562.6813377870003,6.4218,2.083063742740739e-05
4622,562.8054052039988,5.7779,2.0822919827098842e-05
4623,562.9301122249999,6.0265,2.0815183045370412e-05
4624,563.0548587739995,5.8922,2.0807560579691383e-05
4625,563.1788183209992,6.3266,2.079987283222226e-05
4626,563.3019224609998,6.1136,2.0792211627654352e-05
4627,563.4313213280002,6.5322,2.0784608893888875e-05
4628,563.553050171,5.8536,2.0776627409814853e-05
4629,563.6742028429999,5.8683,2.0769116999567983e-05
4630,563.7976744729986,5.8074,2.0761629218888944e-05
4631,563.9208130939987,5.602,2.075401300012345e-05
4632,564.0448034389992,6.2758,2.074638157141983e-05
4633,564.1659338169993,6.1967,2.07387393674692e-05
4634,564.2836086489988,6.409,2.0731210955555635e-05
4635,564.4059457589992,5.7261,2.0724005738395114e-05
4636,564.5288264829996,6.073,2.071646142462972e-05
4637,564.6521033499994,6.4577,2.0708884721666715e-05
4638,564.7737870959991,5.9399,2.070126858722227e-05
4639,564.8972571140002,6.4067,2.0693759418580294e-05
4640,565.0225332859991,7.088,2.0686145161481463e-05
4641,565.145156216,5.8811,2.067841025820992e-05
4642,565.2670650399996,5.669,2.0670827678024784e-05
4643,565.3916980159993,6.18,2.0663307850679e-05
4644,565.5125604859986,6.495,2.065560632308647e-05
4645,565.6370772289993,6.5725,2.064815173790128e-05
4646,565.7591031939992,5.9169,2.0640471129814888e-05
4647,565.8820444009998,6.6633,2.0632932379012347e-05
4648,566.0063380189986,6.3127,2.0625354557469223e-05
4649,566.129501129999,5.3849,2.061767518685187e-05
4650,566.2535531539997,6.8122,2.0610064826419766e-05
4651,566.3767405529998,5.693,2.0602420028950674e-05
4652,566.4995112469987,5.6205,2.059474964092597e-05
4653,566.6208029560003,6.2498,2.0587230111358074e-05
4654,566.7435318539992,5.9675,2.057974460209882e-05
4655,566.866206486,5.9265,2.0572167656605025e-05
4656,566.988253386,5.8419,2.056459264061737e-05
4657,567.1096210839987,5.3639,2.0557062445123498e-05
4658,567.2349361409997,5.8895,2.0549560201913587e-05
4659,567.358516147,5.711,2.0541767007901252e-05
4660,567.4796013989999,5.5401,2.053419534598769e-05
4661,567.6021565270003,5.4698,2.0526718586358057e-05
4662,567.7244112499993,6.5662,2.051916177567903e-05
4663,567.8463853590001,6.1397,2.0511619142654342e-05
4664,567.9676835239989,5.8774,2.050408829444453e-05
4665,568.0911743079996,5.9705,2.049660572314813e-05
4666,568.213732532,6.4364,2.0488981723395083e-05
4667,568.3351410979994,6.3585,2.0481415415679072e-05
4668,568.4555355269986,5.7883,2.0473917835679006e-05
4669,568.5756269880003,5.3463,2.0466479103765497e-05
4670,568.6985661439994,6.3052,2.045905815623456e-05
4671,568.8208243499994,4.7867,2.0451488238395095e-05
4672,568.940902033999,4.9713,2.044393694104937e-05
4673,569.0627699879988,6.5188,2.0436517607098786e-05
4674,569.1843229199985,6.5807,2.042900831111116e-05
4675,569.309375117,6.0085,2.0421499137963024e-05
4676,569.4320289799998,6.3279,2.0413786641234583e-05
4677,569.5534574619996,6.5346,2.040621254333333e-05
4678,569.6765822239995,6.6454,2.039872222222225e-05
4679,569.7995608000001,6.0118,2.0391099905925924e-05
4680,569.922772775999,6.4994,2.0383477640555577e-05
4681,570.0454245799992,6.4191,2.037591872666668e-05
4682,570.168245117,6.5883,2.0368344183209926e-05
4683,570.2906265339989,5.9228,2.0360755681172854e-05
4684,570.4123821799985,5.9431,2.0353205149012415e-05
4685,570.532908055,5.7615,2.0345690625802456e-05
4686,570.6549935519997,5.6068,2.0338246493148166e-05
4687,570.7771572929996,6.9163,2.0330710996543274e-05
4688,570.8959876489989,5.5162,2.0323172163703753e-05
4689,571.0196261949986,6.2921,2.031583658537043e-05
4690,571.1430865490001,6.8765,2.030821635975315e-05
4691,571.2647099249989,5.9586,2.0300601535308722e-05
4692,571.385573702999,5.5013,2.029308071129632e-05
4693,571.5052311999989,6.4167,2.0285626418271597e-05
4694,571.6257053009995,6.2439,2.0278231421111127e-05
4695,571.7472432329996,6.1499,2.0270795778395064e-05
4696,571.8700563579987,6.4177,2.0263303284753105e-05
4697,571.9932539729998,5.9054,2.0255728815679087e-05
4698,572.1148368499998,5.4108,2.0248117827098857e-05
4699,572.2384533249988,5.7439,2.024060704172842e-05
4700,572.3588195979992,6.1283,2.0232979487654357e-05
4701,572.4834785940002,6.5048,2.022554033567904e-05
4702,572.6057132269998,6.3983,2.0217856918456796e-05
4703,572.7279905659998,5.096,2.021030249777781e-05
4704,572.8501610169988,6.6176,2.0202749460617336e-05
4705,572.9729600489991,5.6996,2.0195215415925968e-05
4706,573.0961092559992,5.8754,2.018763937981481e-05
4707,573.2192705389989,6.7003,2.018003252296301e-05
4708,573.3431183609991,6.1303,2.0172433727777817e-05
4709,573.464927645,5.5043,2.0164787904691423e-05
4710,573.5861104289997,5.9465,2.0157260841419827e-05
4711,573.7081029410001,6.3966,2.0149765946728477e-05
4712,573.8289367090001,3.8569,2.0142246361049472e-05
4713,573.9520311750002,6.754,2.013480005475315e-05
4714,574.076792205,6.5759,2.0127202157901248e-05
4715,574.1979163689994,6.9918,2.0119502952098783e-05
4716,574.3202807039997,5.5659,2.0112031336419834e-05
4717,574.4419147089993,6.1808,2.0104471811049464e-05
4718,574.562183045,4.9235,2.0096943602037095e-05
4719,574.6828466549996,5.2374,2.008952276969141e-05
4720,574.8022702079998,6.2395,2.008208850641978e-05
4721,574.9227441639996,5.9199,2.0074707725555607e-05
4722,575.0430169179999,5.8565,2.006727525216056e-05
4723,575.164257892,6.514,2.0059845587592583e-05
4724,575.284433539,6.4388,2.0052366341234556e-05
4725,575.4079462089994,6.2534,2.004494971635801e-05
4726,575.5295159939997,5.8604,2.0037331162160582e-05
4727,575.6500163009987,5.8741,2.0029831041790126e-05
4728,575.772645944,5.7344,2.0022388309074097e-05
4729,575.8923867389985,4.9661,2.001481955580251e-05
4730,576.0124457109996,5.2907,2.0007423599259307e-05
4731,576.1346972680003,6.7718,2.000000011320986e-05
4732,576.2540808899994,5.2931,1.9992457915802483e-05
4733,576.3766002719985,6.2682,1.998508647216057e-05
4734,576.5015940309986,6.7554,1.997753813382722e-05
4735,576.6245288479986,6.6346,1.9969782969506184e-05
4736,576.7475203009999,5.6453,1.9962237680246977e-05
4737,576.8709364039987,6.0281,1.9954651788024715e-05
4738,576.9925086389994,6.4219,1.9947022874135814e-05
4739,577.1144677359989,6.0714,1.993951390462972e-05
4740,577.237287435999,6.8013,1.9931979798518597e-05
4741,577.3594281549995,6.931,1.9924408211419844e-05
4742,577.4801327549994,6.2443,1.9916875991790157e-05
4743,577.6021150159995,6.8238,1.990941667024693e-05
4744,577.7256018569988,6.334,1.9901883717407426e-05
4745,577.8482260389992,5.8372,1.9894270608024778e-05
4746,577.9707136739999,6.0644,1.9886689081111198e-05
4747,578.093731858,5.7956,1.9879130148827158e-05
4748,578.2167015439991,5.7993,1.9871546324321e-05
4749,578.336858790999,6.3643,1.986394840117291e-05
4750,578.4595000589998,6.6483,1.9856529558271658e-05
4751,578.580735259,6.4706,1.9848964895617328e-05
4752,578.7025928179992,5.2809,1.984147974839513e-05
4753,578.8252923290001,7.055,1.9833948822160558e-05
4754,578.9511682969987,6.8298,1.982638240543217e-05
4755,579.0754206700003,6.0966,1.9818618539753114e-05
4756,579.1958932389989,5.3456,1.9810934790925956e-05
4757,579.3191078559994,6.3591,1.9803501048641965e-05
4758,579.4416106589997,5.9213,1.979590393370377e-05
4759,579.5635314669998,6.0218,1.9788336748827165e-05
4760,579.6851494519997,6.2142,1.9780803738703756e-05
4761,579.8076300079993,6.0646,1.9773305504567934e-05
4762,579.9306324879999,6.2722,1.9765709793950637e-05
4763,580.0518962099995,5.7349,1.9758130810493896e-05
4764,580.1718111109985,6.2558,1.975066029302474e-05
4765,580.2936990669987,5.9327,1.9743254597469223e-05
4766,580.4125362199993,6.5742,1.9735731891604935e-05
4767,580.5359647619989,6.5958,1.9728415073148227e-05
4768,580.6597271579994,6.5537,1.972078365358031e-05
4769,580.7800783999992,6.3624,1.9713139488333328e-05
4770,580.900852544999,5.4356,1.9705712759691385e-05
4771,581.0242966949991,5.8358,1.969826303537036e-05
4772,581.1453279069992,6.3031,1.9690640644320985e-05
4773,581.2692284479999,7.2113,1.9683167533271613e-05
4774,581.3878938229991,5.5301,1.9675529745987708e-05
4775,581.5103217670003,5.7117,1.966819258469143e-05
4776,581.6329300990001,6.5439,1.9660642979506184e-05
4777,581.752768888,6.3199,1.9653075942716088e-05
4778,581.8748327699996,6.2935,1.9645668061666695e-05
4779,581.9973736529992,5.6438,1.9638090575185235e-05
4780,582.1190259839987,6.0907,1.9630575135493863e-05
4781,582.2396810649989,6.6151,1.9623062232469213e-05
4782,582.3618078609998,5.7236,1.9615595593209877e-05
4783,582.4860605220001,6.853,1.9608075838641976e-05
4784,582.6083241469987,6.9938,1.9600419018580272e-05
4785,582.7368490579993,6.253,1.959287488950619e-05
4786,582.8609669629986,5.2599,1.9584941699135867e-05
4787,582.9803956289998,5.1576,1.9577285767962976e-05
4788,583.1035626699995,6.3894,1.9569890035061712e-05
4789,583.2265668990003,3.8103,1.9562288617530893e-05
4790,583.348995979999,6.5928,1.9554694856851934e-05
4791,583.4718443080001,6.3772,1.954713024475316e-05
4792,583.5957932639994,6.872,1.9539559498518517e-05
4793,583.7211363009992,6.3189,1.953190308555563e-05
4794,583.8469551449998,6.103,1.952415097814824e-05
4795,583.9699406349991,6.2549,1.951635578419759e-05
4796,584.0955121459992,6.0386,1.9508786789629647e-05
4797,584.2208786119991,6.4596,1.9501055629135845e-05
4798,584.3427902160001,4.8393,1.949332828709885e-05
4799,584.4636308930003,5.64,1.9485799923580283e-05
4800,584.5870057199991,5.7602,1.9478340717098797e-05
4801,584.7077332970002,6.2709,1.94707272940741e-05
4802,584.8284713390003,6.3504,1.9463266448642064e-05
4803,584.9510974610002,6.968,1.9455807634629668e-05
4804,585.0733006929986,6.3554,1.9448198092592674e-05
4805,585.1971227639988,5.4908,1.9440702021481488e-05
4806,585.3190992689997,6.3075,1.9433059353333404e-05
4807,585.439980617999,6.1843,1.9425526173580256e-05
4808,585.563173225999,6.7458,1.941806851209886e-05
4809,585.686396735,6.729,1.94104639545679e-05
4810,585.8103045249991,6.162,1.9402865980679098e-05
4811,585.9340965020001,5.6783,1.9395205022962986e-05
4812,586.0581732139999,6.4895,1.938757242543213e-05
4813,586.1825236519999,6.3867,1.9379890658271655e-05
4814,586.3046392790002,6.3377,1.9372239237777816e-05
4815,586.4274396689998,6.2496,1.9364688841358008e-05
4816,586.5508910079989,5.7617,1.93571188130247e-05
4817,586.6716423739999,4.7847,1.9349502646358096e-05
4818,586.7947542129987,5.8471,1.93420434033951e-05
4819,586.9161740069994,6.8515,1.933443608154325e-05
4820,587.0380070789997,6.5662,1.932694153888889e-05
4821,587.1610392940001,6.0365,1.9319428058641975e-05
4822,587.286134119,6.9686,1.931183549148146e-05
4823,587.4108112349986,5.5336,1.9304111629444495e-05
4824,587.5335869929986,6.3467,1.9296419006975302e-05
4825,587.6535109910001,6.1906,1.9288847417407434e-05
4826,587.7744211019999,6.1466,1.9281430166790108e-05
4827,587.895645008999,5.6039,1.9273958934506183e-05
4828,588.0182761719989,5.7175,1.9266473439135814e-05
4829,588.1407808289987,5.4251,1.9258911191543267e-05
4830,588.2623483409989,6.9526,1.925134720876542e-05
4831,588.3867426239995,6.2739,1.9243842142901308e-05
4832,588.507194414,4.8,1.9236176894691434e-05
4833,588.6307476389993,6.7927,1.922872977975315e-05
4834,588.7525713239993,4.9583,1.9221112208271603e-05
4835,588.8731357649995,5.8522,1.9213586904197544e-05
4836,588.996687421999,5.8562,1.9206149243209888e-05
4837,589.1199724299986,6.4351,1.919845775043215e-05
4838,589.242626706,6.4507,1.919090689709882e-05
4839,589.3606036040001,5.9566,1.9183321005740807e-05
4840,589.4843176289996,5.3866,1.9176056729691393e-05
4841,589.6062979639992,4.9091,1.916841312345679e-05
4842,589.7270852860001,6.2205,1.9160889933086485e-05
4843,589.8489029789998,7.0958,1.9153419454629712e-05
4844,589.9714291210003,5.7619,1.914591311333335e-05
4845,590.0943400369997,6.4381,1.9138340359382756e-05
4846,590.2169625669994,6.0552,1.9130762119444445e-05
4847,590.336068098999,4.9788,1.912319592537036e-05
4848,590.4566232929992,6.3213,1.911582006407408e-05
4849,590.577179422,6.0391,1.910839736549389e-05
4850,590.6966207139994,6.0601,1.9100957114074102e-05
4851,590.8185879529992,6.1575,1.9093585874012365e-05
4852,590.9359760449988,5.5343,1.908604441604944e-05
4853,591.054399012999,4.3848,1.9078802910061773e-05
4854,591.1767215079999,5.5167,1.9071497433888897e-05
4855,591.300655224999,6.3645,1.9063881621419837e-05
4856,591.4230505699998,5.633,1.9056296575000027e-05
4857,591.5462936839995,5.9941,1.9048750295987704e-05
4858,591.6666464219998,5.3606,1.9041139037716127e-05
4859,591.7888485209987,6.2687,1.9033688201419818e-05
4860,591.9116292469989,6.9099,1.9026169200061745e-05
4861,592.0331272099993,6.2836,1.9018523403703713e-05
4862,592.159026854999,6.1356,1.901107526160502e-05
4863,592.2817852480002,6.842,1.9003284068950604e-05
4864,592.4030335259995,6.9091,1.8995730198333338e-05
4865,592.5262537489998,6.5069,1.89882495748766e-05
4866,592.6483096889988,5.9692,1.8980649789382706e-05
4867,592.7709888369991,5.676,1.897309969993835e-05
4868,592.8946581130003,5.8936,1.8965517928641973e-05
4869,593.015200120999,6.3749,1.8957899279876522e-05
4870,593.1372677669988,6.0025,1.895045866395069e-05
4871,593.2611714710001,6.6297,1.894293238530871e-05
4872,593.3839154249999,6.1663,1.8935286755123445e-05
4873,593.5053695949991,6.0107,1.8927694400555635e-05
4874,593.628791436,6.1432,1.892019431450625e-05
4875,593.7473102329986,6.7131,1.8912566771049467e-05
4876,593.8699909039988,5.7461,1.8905281357222266e-05
4877,593.9932234219996,5.4313,1.889769982141978e-05
4878,594.1157102919988,6.2643,1.889009099987662e-05
4879,594.2396555639989,6.6714,1.888252549469144e-05
4880,594.3611337919992,7.3029,1.8874882370123544e-05
4881,594.481433040999,5.2053,1.8867384587160537e-05
4882,594.6041402430001,6.3088,1.885995342691359e-05
4883,594.7261310189988,6.3103,1.8852384058888934e-05
4884,594.8492751609992,6.1377,1.8844832874321002e-05
4885,594.9695241999998,6.7813,1.8837246180617313e-05
4886,595.089560077,5.8157,1.882981420129628e-05
4887,595.21230354,5.6764,1.8822387704506212e-05
4888,595.3334911009988,6.5681,1.881483347882716e-05
4889,595.4554085540003,5.9577,1.880734501172844e-05
4890,595.5731036090001,6.5817,1.87998269588889e-05
4891,595.6931245449996,5.1811,1.879257741580255e-05
4892,595.8145827640001,6.2616,1.8785157714506162e-05
4893,595.9370229099986,5.4846,1.877765854388891e-05
4894,596.0594408139987,5.8947,1.8770061822901265e-05
4895,596.1828280669997,6.8686,1.876252969845682e-05
4896,596.3075644799992,6.018,1.875486549746913e-05
4897,596.4311921440003,6.1603,1.8747232758086407e-05
4898,596.554548176,6.0033,1.8739601388024762e-05
4899,596.6771197679991,6.4037,1.8731984862345676e-05
4900,596.799060805999,6.1211,1.8724422808950688e-05
4901,596.9200924559991,5.7248,1.87168926569136e-05
4902,597.0442176799988,6.456,1.870941808123462e-05
4903,597.1661575489998,4.7299,1.8701757061851843e-05
4904,597.2906795299987,4.1201,1.869421966765441e-05
4905,597.4139846689995,5.8298,1.8686533955246944e-05
4906,597.5373601479987,6.1713,1.8678896420246988e-05
4907,597.6579837909994,6.5976,1.8671320333209964e-05
4908,597.7796138699996,6.0829,1.8663873138086474e-05
4909,597.8981915610002,6.1922,1.865636033314814e-05
4910,598.0159825139999,4.9482,1.8649036550185222e-05
4911,598.1357866660001,6.2944,1.8641768646543207e-05
4912,598.2568164240001,5.6304,1.8634374963703748e-05
4913,598.3754551699985,5.7677,1.8626898170925954e-05
4914,598.4951199959996,5.6884,1.861957727462972e-05
4915,598.6156438919988,4.6871,1.8612195106975322e-05
4916,598.7361389420003,6.1067,1.8604750947160487e-05
4917,598.8595215589994,6.1002,1.8597310598333374e-05
4918,598.9825300709999,5.7621,1.858969448444452e-05
4919,599.1042963589989,5.5354,1.8582102425617327e-05
4920,599.2273460479992,6.5336,1.857458370246919e-05
4921,599.3491213849993,6.8616,1.856696453635811e-05
4922,599.4709098869989,6.1133,1.8559479385061717e-05
4923,599.5929543549992,6.3352,1.8551951791172833e-05
4924,599.7165004130002,5.9555,1.8544429018333358e-05
4925,599.8395269550001,4.78,1.8536748158456835e-05
4926,599.9619816689992,4.2485,1.8529201163209908e-05
4927,600.085313476,6.7146,1.852164762469138e-05
4928,600.208979727,6.6541,1.8514039508518516e-05
4929,600.3341894639998,5.5637,1.8506397010370378e-05
4930,600.4565221159992,6.6278,1.8498613282345668e-05
4931,600.5776158600002,6.156,1.849112143413583e-05
4932,600.700621725,5.8881,1.8483644108209886e-05
4933,600.8235339169987,6.0211,1.8476053622716118e-05
4934,600.944138969,5.7315,1.8468468110432124e-05
4935,601.0668914589987,6.5156,1.846101324104938e-05
4936,601.189541406,6.6705,1.8453452164012335e-05
4937,601.3106378739994,5.8109,1.844585818641979e-05
4938,601.4343886739989,5.4432,1.8438396921913603e-05
4939,601.5570614930002,6.2936,1.8430756708271647e-05
4940,601.6780392969995,6.5785,1.8423184798395126e-05
4941,601.801023312999,5.9042,1.8415717423456863e-05
4942,601.9251876990002,5.1435,1.8408093105061784e-05
4943,602.0462868300001,5.7296,1.8400455859321005e-05
4944,602.1674328509998,5.8625,1.8392976531481566e-05
4945,602.287943198,2.9063,1.8385501952037055e-05
4946,602.4070411140001,5.1416,1.8378059359629668e-05
4947,602.5277520189993,6.0127,1.8370713806049406e-05
4948,602.6487970950002,4.2716,1.8363260441234653e-05
4949,602.768922031999,5.918,1.8355798896358084e-05
4950,602.8899482019988,6.8049,1.834837386123458e-05
4951,603.0108955199994,6.4035,1.834090846413582e-05
4952,603.1344602190002,5.5597,1.8333437829876543e-05
4953,603.2561500009997,6.5943,1.8325801400246916e-05
4954,603.3774614739996,5.2765,1.8318300047469143e-05
4955,603.5001826819989,5.4379,1.8310817466111152e-05
4956,603.6234102139988,6.1707,1.8303234053950697e-05
4957,603.7450826339991,5.6659,1.82956332230864e-05
4958,603.8659086449989,5.5421,1.8288118397345715e-05
4959,603.9888257889997,6.9067,1.828065598641977e-05
4960,604.1117482579994,6.5922,1.82730834456791e-05
4961,604.2322397850003,5.8989,1.8265489710370442e-05
4962,604.3531442969997,6.231,1.8258052808024772e-05
4963,604.4747067339995,6.2958,1.8250595335740727e-05
4964,604.5972475439994,6.1898,1.82430879112346e-05
4965,604.7201641310003,6.4842,1.8235484779320976e-05
4966,604.8425667989995,6.146,1.8227937505617314e-05
4967,604.962344137999,5.7387,1.822037926543213e-05
4968,605.0817481459999,4.7388,1.8212976100000033e-05
4969,605.2043224909994,5.5249,1.8205601894259317e-05
4970,605.3279033599993,6.6776,1.8198041602530863e-05
4971,605.4514843079996,6.2695,1.819041550740745e-05
4972,605.5731437809991,6.1839,1.818279762370378e-05
4973,605.6954482299989,6.5762,1.8175277827160557e-05
4974,605.8173878709986,6.6395,1.816773267419755e-05
4975,605.9383525619996,6.1636,1.816019652444443e-05
4976,606.0589519999994,6.258,1.8152729607839512e-05
4977,606.1793401429986,6.2148,1.814527321388888e-05
4978,606.3046868679994,6.4118,1.8137858542345665e-05
4979,606.4305400899993,6.1393,1.8130128481543246e-05
4980,606.5519690399997,5.7279,1.812235103296301e-05
4981,606.672908773,6.0778,1.8114851357407437e-05
4982,606.7960707549992,5.7093,1.8107396932098848e-05
4983,606.9208794469996,6.0854,1.809979391185186e-05
4984,607.0415619359992,5.9722,1.8092084509938295e-05
4985,607.1609382259994,6.1055,1.8084623549814828e-05
4986,607.2834276510002,6.6506,1.8077269348148233e-05
4987,607.4050357460001,5.0525,1.806970269074083e-05
4988,607.5261238329986,6.3287,1.806218887351861e-05
4989,607.6473989459992,6.0628,1.8054708676481485e-05
4990,607.7691942799993,5.8229,1.8047237577160515e-05
4991,607.8923723169992,6.089,1.8039719316481563e-05
4992,608.0132974169992,6.122,1.803211293407407e-05
4993,608.1351631899997,6.5588,1.8024649316543284e-05
4994,608.2586410619988,6.5163,1.8017128811111155e-05
4995,608.3813384069999,6.4502,1.8009505292345725e-05
4996,608.501123262,6.1394,1.8001907123950702e-05
4997,608.6223609829995,6.2168,1.7994538822098838e-05
4998,608.7451791399999,6.2819,1.7987050229259333e-05
4999,608.8684056139991,6.419,1.7979477682901245e-05
5000,608.9881712909992,5.3993,1.7971864330864284e-05
5001,609.1078476439998,6.5919,1.7964460898024694e-05
5002,609.2287792079987,5.9999,1.795707993253085e-05
5003,609.3489970999999,5.7162,1.7949626951728455e-05
5004,609.470383377,6.3131,1.7942197979567892e-05
5005,609.5914580249992,6.0148,1.793470035888894e-05
5006,609.713585051999,6.8448,1.7927215549012365e-05
5007,609.8351887419994,6.461,1.7919697836913667e-05
5008,609.9537049849987,6.2076,1.7912189174382804e-05
5009,610.077623408999,6.408,1.7904877264321008e-05
5010,610.1995850999992,6.2755,1.7897236152407404e-05
5011,610.3239497149989,6.4123,1.788969281537038e-05
5012,610.445972562,5.1519,1.7882018687345704e-05
5013,610.5692966229999,6.3625,1.7874490361481562e-05
5014,610.6910416319988,6.5726,1.786687038018522e-05
5015,610.8140818739994,6.5239,1.7859357099629658e-05
5016,610.9340274949991,6.6189,1.7851766458703694e-05
5017,611.0568493729988,6.0987,1.7844347504814896e-05
5018,611.1800533240003,7.158,1.7836780948950666e-05
5019,611.2992979139999,4.3432,1.7829166376481522e-05
5020,611.4228036289987,5.6944,1.7821791586728425e-05
5021,611.5458627039989,6.6704,1.7814186057901256e-05
5022,611.6681829889985,6.9275,1.7806597840432167e-05
5023,611.7903287729987,6.349,1.7799040055740788e-05
5024,611.91378927,5.9383,1.779149827518526e-05
5025,612.0365204129994,4.2158,1.7783888089814825e-05
5026,612.1603911349994,6.7403,1.7776305345555617e-05
5027,612.2832720229999,6.3193,1.7768667452901244e-05
5028,612.4058944649987,6.1219,1.776108577666671e-05
5029,612.5266623159987,6.0985,1.775349837796304e-05
5030,612.6464975829986,4.768,1.7746053474814816e-05
5031,612.7674450529994,6.0994,1.773864313209877e-05
5032,612.8899900779998,6.4797,1.7731177554259276e-05
5033,613.013079250999,5.2475,1.7723627045493853e-05
5034,613.1342504029999,6.1786,1.7716027550679072e-05
5035,613.2551675979994,3.2496,1.770853709925929e-05
5036,613.3762379279997,6.3193,1.7701074946481515e-05
5037,613.498155403,6.3422,1.7693605039691347e-05
5038,613.6197623469998,6.591,1.768607883537035e-05
5039,613.742724021,6.2674,1.767857516061735e-05
5040,613.8651414849992,5.9923,1.7670973099753095e-05
5041,613.9885450789989,6.7678,1.7663405156728442e-05
5042,614.1102079979992,6.4247,1.76558132932716e-05
5043,614.2340926019988,5.9829,1.764828661796305e-05
5044,614.3584920569992,6.9574,1.7640635023209917e-05
5045,614.4833075779989,6.4318,1.7632975403086426e-05
5046,614.6069776289987,6.4813,1.7625199300370395e-05
5047,614.7290411220001,6.151,1.7617639688148224e-05
5048,614.8482493009997,5.3362,1.7610099029999993e-05
5049,614.9711925459997,6.8079,1.7602732863456873e-05
5050,615.0907727109989,6.1299,1.7595154409691423e-05
5051,615.2105035650002,5.023,1.7587769751049382e-05
5052,615.3331860339986,6.671,1.758037849006171e-05
5053,615.4528141430001,6.0177,1.7572818807037063e-05
5054,615.5710589099999,5.911,1.756541404549386e-05
5055,615.6952005889998,7.2117,1.7558117406666658e-05
5056,615.8162634089986,3.9673,1.7550471725370378e-05
5057,615.9376945249987,6.2121,1.7542986436234554e-05
5058,616.0616272779989,6.0135,1.7535493456481487e-05
5059,616.185796709,6.5182,1.7527848113024763e-05
5060,616.3094608390002,5.9136,1.7520191147716082e-05
5061,616.4302619249993,6.68,1.751254363296303e-05
5062,616.5499734409987,6.3299,1.750508635012348e-05
5063,616.6737108849993,6.3609,1.74976982787655e-05
5064,616.7967145069997,6.6895,1.749007131290129e-05
5065,616.9193841179986,5.2469,1.7482461860555632e-05
5066,617.041921213,6.3529,1.7474895382037078e-05
5067,617.1625638679998,5.8608,1.7467328618827138e-05
5068,617.2837166379995,6.1687,1.7459872485925965e-05
5069,617.40783629,6.1327,1.745238152969138e-05
5070,617.5300448219987,5.8396,1.744474197166665e-05
5071,617.6506582339989,6.1959,1.74372031095679e-05
5072,617.7738935509988,5.6954,1.7429744151358036e-05
5073,617.8980527759995,6.3627,1.742213172320994e-05
5074,618.0205848369988,6.5615,1.7414477784814824e-05
5075,618.1418612919988,6.075,1.740691539753086e-05
5076,618.2633526310001,6.9548,1.7399422970864206e-05
5077,618.3813200299992,6.9864,1.7391928468642044e-05
5078,618.503891024,6.1138,1.7384655939259338e-05
5079,618.6226660419998,6.6914,1.7377084937839578e-05
5080,618.7456036699987,5.8852,1.7369757668148168e-05
5081,618.8658170859999,6.824,1.736215970333332e-05
5082,618.9876711999987,6.1969,1.7354741602407386e-05
5083,619.108035158999,5.9059,1.7347218127283947e-05
5084,619.2325188149989,5.9582,1.7339792063641967e-05
5085,619.3545319789991,5.8503,1.733211029697531e-05
5086,619.4746928109998,5.0116,1.7324561371234595e-05
5087,619.5961658369997,7.154,1.7317144796234624e-05
5088,619.7192990619988,4.9164,1.7309661855061777e-05
5089,619.8411057199992,6.5138,1.7302061008641984e-05
5090,619.9639432289987,4.8803,1.7294545149629642e-05
5091,620.0847902379992,4.5124,1.7286946205246896e-05
5092,620.206284291,5.3881,1.72794963508642e-05
5093,620.3277859310001,5.8489,1.7271996982716037e-05
5094,620.4486601230001,5.4441,1.726449212876543e-05
5095,620.5701545129996,5.2394,1.7257038689691446e-05
5096,620.6918943829987,6.3386,1.724953457339504e-05
5097,620.8145688819986,5.9929,1.7242025749012414e-05
5098,620.9372018309987,6.7215,1.7234457167407393e-05
5099,621.0574997900003,6.8566,1.7226882159012337e-05
5100,621.179424689999,6.5216,1.7219455668086487e-05
5101,621.300523345999,5.582,1.7211930008024752e-05
5102,621.4219025499988,6.7288,1.720445817333341e-05
5103,621.5448169449992,5.6303,1.71969670146297e-05
5104,621.6661001379998,5.349,1.7189374080555555e-05
5105,621.7877739399992,5.7893,1.7181888402469165e-05
5106,621.9108419089989,6.1246,1.7174361840246956e-05
5107,622.0353962689987,6.6548,1.716677249555564e-05
5108,622.1577176009996,6.8723,1.715909625290132e-05
5109,622.2797123529999,4.8062,1.7151540665185236e-05
5110,622.4020306699986,6.7381,1.714401647135808e-05
5111,622.5252480090003,5.7897,1.7136464866111124e-05
5112,622.6465270379995,6.5008,1.7128858254135834e-05
5113,622.7677808709996,6.2014,1.7121358284814815e-05
5114,622.8888374889993,6.3908,1.7113882778395113e-05
5115,623.0131700969996,6.6761,1.7106411230926016e-05
5116,623.1370422389991,6.201,1.709874538574078e-05
5117,623.2601389399988,6.3295,1.709109626203703e-05
5118,623.3820932709987,6.1259,1.7083487547716116e-05
5119,623.5052152279986,6.2225,1.707595105160495e-05
5120,623.627849053999,5.4311,1.7068365798518527e-05
5121,623.7475463489991,5.5894,1.706079253123464e-05
5122,623.8694609300001,6.4445,1.7053398702160555e-05
5123,623.9927428399988,5.3624,1.7045879116666708e-05
5124,624.1153743619998,6.6721,1.7038273785308683e-05
5125,624.238789175999,6.5939,1.703068905197535e-05
5126,624.3597185079998,5.4493,1.70230717458025e-05
5127,624.4799702669989,5.3026,1.7015602592469178e-05
5128,624.598579165,6.3777,1.700818364111113e-05
5129,624.7198983039998,5.2624,1.7000861322098842e-05
5130,624.8416842709994,5.2282,1.6993368268456855e-05
5131,624.963201732,4.5909,1.698585608543212e-05
5132,625.0861616120001,6.9152,1.697829751080249e-05
5133,625.2081416749988,6.0506,1.6970765336543227e-05
5134,625.3298400799995,6.0066,1.696323124475317e-05
5135,625.4516152659999,6.2916,1.695572294234572e-05
5136,625.5734823629991,6.0708,1.694820501537036e-05
5137,625.6965325379988,6.4209,1.6940680290061795e-05
5138,625.8201634340003,6.0095,1.6933091983333323e-05
5139,625.944798601,6.1582,1.6925453233024775e-05
5140,626.0672901749986,5.3526,1.6917768492530856e-05
5141,626.1894045749996,6.8663,1.6910188895432088e-05
5142,626.3132356419992,6.7645,1.6902675917222212e-05
5143,626.4363071869993,6.2803,1.689502955067905e-05
5144,626.5585707399987,6.0254,1.6887439571728463e-05
5145,626.6803093199997,5.3587,1.687988812172843e-05
5146,626.8017603169992,5.271,1.6872373027037025e-05
5147,626.923270416999,6.5468,1.686486376962971e-05
5148,627.0461153460001,5.1579,1.6857366452901306e-05
5149,627.1689571730003,6.346,1.684979420611112e-05
5150,627.291875031,6.7005,1.6842203862098798e-05
5151,627.4136763429997,5.2452,1.6834615386604933e-05
5152,627.5326999399986,5.2103,1.6827096914444433e-05
5153,627.6554025189998,6.323,1.6819747094506156e-05
5154,627.776878007,6.9822,1.6812175384135838e-05
5155,627.8981499959991,5.0491,1.6804676593395097e-05
5156,628.0189998369988,7.0028,1.6797191037160553e-05
5157,628.139238673999,5.3979,1.678973386117293e-05
5158,628.2605190209997,5.9385,1.6782309202839496e-05
5159,628.3823372930001,5.4231,1.6774820489074132e-05
5160,628.5038193889995,4.3618,1.6767307794691394e-05
5161,628.622895000999,6.3,1.67597768789507e-05
5162,628.744968596,5.9845,1.6752455161234554e-05
5163,628.8682258849985,6.0769,1.674487753314814e-05
5164,628.9917138569999,6.5912,1.6737319077963008e-05
5165,629.1160538690001,6.182,1.6729688493950686e-05
5166,629.2365982840001,6.4456,1.672201217697538e-05
5167,629.3585816699997,6.7412,1.671457062475316e-05
5168,629.4823078019999,5.4068,1.670704661666672e-05
5169,629.6021330259991,4.8648,1.6699374924259313e-05
5170,629.7210322039991,6.431,1.6692000884074144e-05
5171,629.8418408999987,6.1981,1.6684663974876547e-05
5172,629.9633689040002,6.1353,1.667722041506177e-05
5173,630.0823385459989,6.0353,1.666970957814814e-05
5174,630.2053623350002,5.9782,1.6662367317098816e-05
5175,630.3262058769997,5.3187,1.6654765643456872e-05
5176,630.4463382220001,5.7472,1.6647309209444455e-05
5177,630.5666497149996,6.411,1.663989936796295e-05
5178,630.6898255859996,7.1747,1.6632460207222237e-05
5179,630.8128360800001,6.6541,1.6624873399753117e-05
5180,630.9339471980002,5.1166,1.6617282838024713e-05
5181,631.051762051,6.2168,1.6609802844814897e-05
5182,631.1725174570001,5.3447,1.6602517639938263e-05
5183,631.2930832740003,5.5839,1.659506584327169e-05
5184,631.4139880589992,6.3173,1.658763459240741e-05
5185,631.5371004799999,5.6396,1.6580167230432146e-05
5186,631.6601303299994,6.671,1.6572574091728434e-05
5187,631.782281922,7.0982,1.656497681623455e-05
5188,631.9050806710002,5.6143,1.655743244092601e-05
5189,632.0256905480001,5.9781,1.6549854916666723e-05
5190,632.1465498449998,5.6467,1.6542393906975345e-05
5191,632.2679990839988,6.3893,1.6534944681419758e-05
5192,632.3916060479987,5.2241,1.6527452302592633e-05
5193,632.5137819209995,6.5278,1.651982545574075e-05
5194,632.636706760999,6.3527,1.6512244679074067e-05
5195,632.7583405249989,6.5231,1.6504693288024676e-05
5196,632.8799275879992,6.6843,1.6497183767716123e-05
5197,632.9985934910001,4.8198,1.648967099327168e-05
5198,633.1184415070002,6.046,1.6482343022222313e-05
5199,633.2402120589995,6.1421,1.6474947745617346e-05
5200,633.360023796,6.5076,1.64674015176544e-05
5201,633.4817712519998,6.1711,1.646001910314821e-05
5202,633.6069844479989,5.9792,1.6452536637284032e-05
5203,633.7312887089993,6.1783,1.6444800542716126e-05
5204,633.8531857749986,5.9464,1.6437136755617354e-05
5205,633.9713947799992,5.6535,1.642960103734569e-05
5206,634.0923916869997,5.9681,1.6422274714382803e-05
5207,634.2151176589996,6.8251,1.6414837746604932e-05
5208,634.3352477600001,6.2706,1.6407262670864264e-05
5209,634.4582087109993,7.0207,1.639983079858032e-05
5210,634.5812303349994,6.2467,1.6392251841172856e-05
5211,634.7055350629998,6.6905,1.6384660752530945e-05
5212,634.8285133239988,6.1999,1.6376993850246973e-05
5213,634.9512160539998,6.2363,1.636937811746919e-05
5214,635.0710206429994,5.7137,1.6361820067345717e-05
5215,635.1939379830001,6.5577,1.6354410776543266e-05
5216,635.3188139069989,6.5011,1.6346819828888983e-05
5217,635.4400888709988,6.4808,1.6339119996605013e-05
5218,635.560578962999,6.3201,1.6331633394197582e-05
5219,635.6814855599987,6.9444,1.6324210118642037e-05
5220,635.8027655459991,5.5361,1.6316740853888878e-05
5221,635.9248281569999,5.944,1.6309254711419765e-05
5222,636.0486303420003,6.0164,1.6301723209074084e-05
5223,636.170415781,6.6673,1.6294075343209926e-05
5224,636.2904655619986,5.7762,1.62865501846914e-05
5225,636.4111786209996,6.8425,1.627914135827167e-05
5226,636.5326991359998,5.9999,1.627169695956795e-05
5227,636.6530940869998,6.6924,1.626419500592599e-05
5228,636.773096294999,6.7455,1.6256756939135837e-05
5229,636.8913806679993,5.032,1.6249353403395113e-05
5230,637.0114301550002,6.2075,1.6242051600925994e-05
5231,637.1321125009999,6.7451,1.623464157234571e-05
5232,637.2558052289987,5.6691,1.622720144444452e-05
5233,637.3759780179989,5.6455,1.6219516842160553e-05
5234,637.4969958410002,6.4146,1.621215191191357e-05
5235,637.6179787299989,6.4026,1.6204672591604976e-05
5236,637.7350818159994,6.4755,1.6197216748209883e-05
5237,637.856204492,5.4359,1.6189992052098846e-05
5238,637.9795656489987,6.3336,1.618249917018518e-05
5239,638.1042340849999,5.4585,1.6174883685925922e-05
5240,638.2259718639998,6.1032,1.6167184109814836e-05
5241,638.3484658519992,6.8825,1.6159678316049443e-05
5242,638.4699178479987,5.8174,1.615211171345683e-05
5243,638.5927803300001,6.5648,1.614461638833341e-05
5244,638.7149526499998,5.9699,1.6137027410246942e-05
5245,638.8348687739999,4.9151,1.612944335407407e-05
5246,638.9574983330003,5.8701,1.612208081839515e-05
5247,639.0811269009992,5.2608,1.6114520147901224e-05
5248,639.2027931149987,5.912,1.6106884875000084e-05
5249,639.3257680329989,6.7465,1.609936885475309e-05
5250,639.4483444990001,6.5118,1.609178337302475e-05
5251,639.5664333719997,6.3051,1.608420116024695e-05
5252,639.6904865889992,6.305,1.6076933035864282e-05
5253,639.8124565929993,5.9683,1.6069276837592673e-05
5254,639.9349823009998,6.404,1.606173611598765e-05
5255,640.055453609999,6.1434,1.605416757296294e-05
5256,640.1757648849998,4.632,1.6046741178888963e-05
5257,640.299125943,5.6691,1.6039307176851938e-05
5258,640.4196239129997,6.9931,1.603169694148153e-05
5259,640.5430204069999,5.9167,1.602424898148153e-05
5260,640.665968891999,6.6642,1.601663959543208e-05
5261,640.791519340999,5.2733,1.6009062091481474e-05
5262,640.9107073739997,6.3854,1.6001306642284015e-05
5263,641.0322967659995,6.2935,1.5993953750246898e-05
5264,641.1552993489986,6.6136,1.5986444598703755e-05
5265,641.278643534999,5.6486,1.597885320703707e-05
5266,641.4013597079993,6.061,1.5971233277963017e-05
5267,641.5256371029991,6.0432,1.5963668252037073e-05
5268,641.645430872999,4.1477,1.5955937839629614e-05
5269,641.768157430999,6.3053,1.5948600268086438e-05
5270,641.8904470420002,5.4705,1.594101132783955e-05
5271,642.0145473599987,6.2886,1.5933473314135872e-05
5272,642.1366412499992,6.1628,1.5925813412839513e-05
5273,642.2590024559995,5.84,1.591826979969135e-05
5274,642.3783554919992,4.2866,1.5910711968765412e-05
5275,642.4978951510002,5.6754,1.5903352865493898e-05
5276,642.6205124289991,4.6476,1.5895978591604966e-05
5277,642.7435146759999,6.0301,1.5888396117839584e-05
5278,642.8648619099986,5.5941,1.588081421012349e-05
5279,642.9873384980001,5.8359,1.5873313376851902e-05
5280,643.1094202240001,5.5728,1.586575567728395e-05
5281,643.2337983999987,6.3976,1.585822048506178e-05
5282,643.3548555669986,6.0416,1.5850555136172866e-05
5283,643.4746209639998,5.8502,1.5843068760555572e-05
5284,643.5936373099994,6.1046,1.5835684248518584e-05
5285,643.7171643929996,6.8023,1.5828332709012374e-05
5286,643.8384719049991,6.2477,1.5820719678765415e-05
5287,643.9599908009986,5.891,1.581321877512353e-05
5288,644.0807813689989,6.4255,1.5805723913950647e-05
5289,644.2006787609989,5.6529,1.5798263179506166e-05
5290,644.3204735229992,6.7423,1.579085277030864e-05
5291,644.4428140519994,4.7137,1.5783470513703758e-05
5292,644.5636009279988,5.9384,1.577591440462971e-05
5293,644.6849499540003,6.1056,1.5768462511481475e-05
5294,644.8068774269996,5.9367,1.576097288018518e-05
5295,644.9303569819986,5.3539,1.575343945425933e-05
5296,645.0522263419989,5.5049,1.5745817389012398e-05
5297,645.1743895700001,6.5283,1.5738308869629713e-05
5298,645.2953019029992,6.6327,1.573075851759268e-05
5299,645.4158726360001,5.7712,1.5723297996851833e-05
5300,645.5378678919988,5.5477,1.5715851444197538e-05
5301,645.6583378289997,6.0891,1.5708324413950703e-05
5302,645.779352644,6.1755,1.5700881347592606e-05
5303,645.9022478030001,6.3606,1.569341284098772e-05
5304,646.0248497989996,4.4609,1.5685837701234568e-05
5305,646.145468535,5.8496,1.5678243568950675e-05
5306,646.2660305829995,6.7275,1.5670792424074154e-05
5307,646.3885974599998,6.0636,1.5663365524197606e-05
5308,646.5113284460003,6.4888,1.5655790723888874e-05
5309,646.6321572079996,5.3901,1.5648230161604948e-05
5310,646.7536391199992,6.5181,1.5640760780678997e-05
5311,646.8751456749997,5.9026,1.5633271629938263e-05
5312,646.9975359330001,6.1578,1.562577130277779e-05
5313,647.1205915199989,4.8095,1.5618212844753126e-05
5314,647.2397754329995,4.3674,1.561061080160493e-05
5315,647.3578627779989,5.7113,1.5603251694012416e-05
5316,647.4806465619986,6.0952,1.5595966577962985e-05
5317,647.6020164740003,6.0764,1.558840181814823e-05
5318,647.7237313759997,5.2452,1.5580903961913634e-05
5319,647.8458710409996,6.6164,1.5573391490740763e-05
5320,647.9672227809988,5.4094,1.5565851612345683e-05
5321,648.0898050269989,5.5117,1.555834982320987e-05
5322,648.2128477389997,6.2039,1.55507863717284e-05
5323,648.3344654969987,5.0278,1.5543196973827145e-05
5324,648.454949256,6.0664,1.5535684666481553e-05
5325,648.5750720349988,6.0371,1.552824863302468e-05
5326,648.6972981609997,5.7597,1.5520831693271633e-05
5327,648.8223667490001,6.4387,1.5513279182098777e-05
5328,648.9475253689998,6.3263,1.5505578406358008e-05
5329,649.0713443969998,6.3385,1.5497837295185185e-05
5330,649.195594421999,6.3174,1.5490197256851928e-05
5331,649.3170259319995,6.5463,1.5482539063024753e-05
5332,649.4387758989997,7.0195,1.547503660074081e-05
5333,649.5606598759987,5.2764,1.5467516275246925e-05
5334,649.6832215710001,5.909,1.5460002105617287e-05
5335,649.8043001259994,6.4187,1.5452436348209915e-05
5336,649.9230572529996,4.4556,1.5444961613395076e-05
5337,650.0452969669986,4.9152,1.5437625486481496e-05
5338,650.1683409669986,5.707,1.54300910606173e-05
5339,650.2900574939995,6.8112,1.5422485592839565e-05
5340,650.410859476,5.8046,1.5414970816604924e-05
5341,650.5313252489996,6.8867,1.5407514538024702e-05
5342,650.6521266179989,6.2046,1.5400080363024695e-05
5343,650.7738465490002,6.1805,1.5392628380617296e-05
5344,650.8936240900002,6.4374,1.5385093752530888e-05
5345,651.0152290810001,6.2061,1.537772213277779e-05
5346,651.1328793699995,7.2163,1.5370198281358106e-05
5347,651.2565973019991,5.7079,1.5362961376975386e-05
5348,651.379447940999,6.1552,1.5355319278827173e-05
5349,651.5017319789986,5.1529,1.5347735075493903e-05
5350,651.6220663759996,5.1237,1.5340185327345747e-05
5351,651.741484832999,6.374,1.5332755060185205e-05
5352,651.8638937929991,5.962,1.532538448740749e-05
5353,651.9847214419988,4.6745,1.5317830558148145e-05
5354,652.1082771889996,5.3573,1.5310369702716053e-05
5355,652.2272638639988,4.4021,1.530273570802471e-05
5356,652.3489993709991,6.8707,1.5295365196481483e-05
5357,652.4703714309999,5.7373,1.528788741395068e-05
5358,652.5941384319995,5.4984,1.528038733160496e-05
5359,652.7166906809998,6.5887,1.5272752791111144e-05
5360,652.8373889809991,6.082,1.526518782308644e-05
5361,652.9593626669994,5.6052,1.5257730533765447e-05
5362,653.0778575730001,5.7841,1.5250207704567954e-05
5363,653.1996889999991,6.5331,1.5242889143765516e-05
5364,653.3211035980003,5.8895,1.5235378397283956e-05
5365,653.4441396659986,5.1615,1.522787908382719e-05
5366,653.5670950739986,6.1094,1.5220254270617362e-05
5367,653.689912201,5.8827,1.5212689043271694e-05
5368,653.8117918409989,6.2554,1.520510347074075e-05
5369,653.9322444249992,6.3387,1.5197584459814901e-05
5370,654.0547120289993,5.2541,1.519014624709879e-05
5371,654.1743963959998,5.7452,1.5182562195185274e-05
5372,654.2952841289989,4.8354,1.5175196278271613e-05
5373,654.419206401999,5.5427,1.5167715917654346e-05
5374,654.5432499879989,5.4494,1.5160092315679019e-05
5375,654.6656450179999,6.3094,1.5152428650617368e-05
5376,654.7872689169999,6.0916,1.5144873434876528e-05
5377,654.9085761039987,6.4981,1.513736340098766e-05
5378,655.0303957220003,6.0389,1.5129882769382741e-05
5379,655.1532397899991,6.0856,1.5122354973827224e-05
5380,655.2778232029996,6.667,1.5114781534320971e-05
5381,655.3996213369992,4.8209,1.5107093126851868e-05
5382,655.5210097509989,6.3126,1.5099571957284025e-05
5383,655.6422608129997,6.9096,1.50920871748149e-05
5384,655.7629518459999,5.3948,1.5084593307592626e-05
5385,655.8821281709988,6.9083,1.5077141836543234e-05
5386,656.0063178389992,6.1036,1.5069772458580273e-05
5387,656.1314545209989,6.5584,1.506211587364204e-05
5388,656.2551076769996,5.2692,1.5054400568271693e-05
5389,656.3772723679995,6.2381,1.5046765547037051e-05
5390,656.4984463740002,5.6008,1.5039220879753086e-05
5391,656.6207749599998,6.2176,1.5031737012963009e-05
5392,656.7426498039986,5.6179,1.5024186850000044e-05
5393,656.8650964729986,6.4091,1.5016668426419812e-05
5394,656.9864285549993,5.9318,1.5009108819321016e-05
5395,657.1079618589993,5.8986,1.50016163706173e-05
5396,657.2299116459999,5.5109,1.499411716722231e-05
5397,657.3513146549994,6.4383,1.4986591031790148e-05
5398,657.4754064169992,6.7611,1.4979076629012335e-05
5399,657.5977030229988,5.9039,1.4971413643024678e-05
5400,657.719653017999,5.3546,1.4963886611172867e-05
5401,657.8406590229988,5.2305,1.49563474547531e-05
5402,657.9608784060001,5.574,1.4948884454506246e-05
5403,658.0825155820003,6.4167,1.4941465844629666e-05
5404,658.2020492350002,5.5001,1.4933966163888963e-05
5405,658.3240214879988,6.9469,1.4926576179629626e-05
5406,658.4443178619986,6.3726,1.4919058919382716e-05
5407,658.5645667249992,6.0437,1.4911622856728474e-05
5408,658.688765465,6.2832,1.4904206399074095e-05
5409,658.8125464859986,5.7353,1.489654518469139e-05
5410,658.9361956539997,6.4999,1.4888902630185236e-05
5411,659.0596434589988,6.1758,1.4881261306111105e-05
5412,659.1830447339998,6.9824,1.4873638001296331e-05
5413,659.3063540129988,6.3733,1.486602812228402e-05
5414,659.4299824089994,5.9117,1.4858410071604978e-05
5415,659.5542223829998,6.422,1.4850788719135782e-05
5416,659.6769979629989,5.5921,1.484310627574073e-05
5417,659.7992645679988,5.8405,1.483552798049392e-05
5418,659.9201623640001,5.5408,1.4827982598395062e-05
5419,660.043135631,5.9697,1.4820496209197553e-05
5420,660.1669819589988,5.8024,1.4812898165061745e-05
5421,660.290109608999,5.4842,1.4805229355926015e-05
5422,660.4123766399989,5.9385,1.4797671801975355e-05
5423,660.5369725319997,6.4165,1.4790147681419791e-05
5424,660.6587588999992,6.1741,1.4782453144814807e-05
5425,660.780063582999,5.5939,1.4774929831111178e-05
5426,660.903026087999,6.2683,1.476744547092595e-05
5427,661.0265631339989,6.7052,1.475986024302478e-05
5428,661.1486316249993,6.2903,1.47522250465432e-05
5429,661.2730615170003,6.0445,1.4744700555061791e-05
5430,661.3933983549996,5.8329,1.4737007730864205e-05
5431,661.5155763879993,6.0968,1.472958509419759e-05
5432,661.6358954549996,5.0544,1.472204262641978e-05
5433,661.7570825049988,6.2416,1.471459887512347e-05
5434,661.8766962819991,6.1655,1.4707124471358074e-05
5435,661.9991332139998,7.0954,1.4699757503456812e-05
5436,662.1199447170002,5.2821,1.4692190939012345e-05
5437,662.2436587899992,6.3506,1.4684723955740793e-05
5438,662.3650544889988,5.8595,1.4677096017283947e-05
5439,662.4877650029994,6.012,1.4669607364444515e-05
5440,662.611584111999,7.0084,1.466196888246913e-05
5441,662.7330727079989,4.8826,1.4654385814506156e-05
5442,662.8558506680001,6.4677,1.4646878582222296e-05
5443,662.9793840589991,6.3565,1.4639312467407417e-05
5444,663.1025722699997,6.653,1.4631690559876637e-05
5445,663.2264724809993,6.8431,1.4624078761666688e-05
5446,663.3473879609992,4.3586,1.4616440006296295e-05
5447,663.4714002759993,6.9803,1.4608953938456837e-05
5448,663.5956920129993,7.1401,1.4601316029012407e-05
5449,663.7179162299999,5.7952,1.4593647062283932e-05
5450,663.8397672289993,6.3558,1.4586093809382783e-05
5451,663.9627936199995,6.7607,1.457856437259265e-05
5452,664.0858817729986,5.6781,1.4570965408703713e-05
5453,664.2095805979989,4.9329,1.4563375144691439e-05
5454,664.3319468829995,6.6808,1.4555728909197592e-05
5455,664.45379942,5.7016,1.4548194596666658e-05
5456,664.575085466,6.4046,1.4540672600555638e-05
5457,664.6987905819988,6.8449,1.4533177599197511e-05
5458,664.818474497999,4.977,1.4525556735123491e-05
5459,664.9423543149987,5.9846,1.4518153339938329e-05
5460,665.0650953309996,6.5074,1.4510514675370429e-05
5461,665.1874505859996,6.0443,1.4502932359629634e-05
5462,665.3100031499998,5.499,1.4495381970123445e-05
5463,665.436003118999,6.3731,1.4487822490617325e-05
5464,665.560104447999,5.5002,1.4480010695555573e-05
5465,665.6823958869991,6.7371,1.4472379644753175e-05
5466,665.8030067599993,5.2664,1.4464826845061775e-05
5467,665.9243656689996,5.857,1.4457386864074062e-05
5468,666.0458328059995,5.827,1.444989400296301e-05
5469,666.1687133949999,5.7604,1.444239168185184e-05
5470,666.2912874630001,6.0473,1.4434818308518516e-05
5471,666.4151961579992,6.5364,1.4427242061172836e-05
5472,666.5381403449992,6.4266,1.4419608068580299e-05
5473,666.6606234989995,5.8127,1.441201724111113e-05
5474,666.7823467689996,6.3613,1.4404450979567919e-05
5475,666.903575287999,5.2538,1.4396881434691344e-05
5476,667.0275825489989,5.8403,1.4389445265740752e-05
5477,667.1486803869993,5.1853,1.438178056895067e-05
5478,667.2708313820003,6.3804,1.437432033043209e-05
5479,667.3904463279996,4.9007,1.4366771811975338e-05
5480,667.5117380510001,6.5652,1.4359392948271655e-05
5481,667.635615399,6.4868,1.4351887856111135e-05
5482,667.7582289989987,5.5646,1.434427415506176e-05
5483,667.8789391699993,5.5531,1.433670174308645e-05
5484,667.9986334289988,5.3892,1.4329244126111119e-05
5485,668.1189095749996,5.3726,1.432183934425924e-05
5486,668.2391332039988,6.6889,1.4314434048395093e-05
5487,668.3605998209987,5.6037,1.4306996705740799e-05
5488,668.4839447039994,5.9038,1.429951719814816e-05
5489,668.6023772509998,6.2692,1.4291909840185214e-05
5490,668.7246072739999,6.2126,1.4284597788827242e-05
5491,668.8450672609997,4.2409,1.4277035939444489e-05
5492,668.9654380029988,6.1042,1.4269592315432184e-05
5493,669.0867194289985,4.5241,1.4262170266296337e-05
5494,669.2099169079993,6.1383,1.425469343000001e-05
5495,669.3327799199997,6.7681,1.4247093423395042e-05
5496,669.452205575999,5.4391,1.4239500361851848e-05
5497,669.5756130520003,6.0288,1.4232118511666687e-05
5498,669.6991700899998,5.633,1.4224515864012394e-05
5499,669.8200276209991,6.5464,1.4216877310740823e-05
5500,669.9397089779995,6.1892,1.42094091283334e-05
5501,670.0602214840001,6.9204,1.420203630006171e-05
5502,670.1798171779992,4.9148,1.4194561754506208e-05
5503,670.3031743760002,6.4216,1.4187211859259297e-05
5504,670.425893055999,6.4801,1.4179598778888969e-05
5505,670.5473290059999,6.3127,1.4172030032962958e-05
5506,670.6711705950001,6.5701,1.4164522195246998e-05
5507,670.7929534349987,6.3234,1.4156891099567893e-05
5508,670.9128365039996,6.5649,1.4149365443456842e-05
5509,671.03379288,6.1094,1.4141954211419812e-05
5510,671.1553761449995,6.26,1.4134496236296357e-05
5511,671.2756765060003,5.4662,1.4126986605432097e-05
5512,671.3986856680003,6.3007,1.411955534895062e-05
5513,671.5220012569989,6.7391,1.4111974008148176e-05
5514,671.6431388439996,6.3554,1.410437159308649e-05
5515,671.7660038719987,6.8254,1.409687361172844e-05
5516,671.8881642719989,6.6035,1.4089305552469128e-05
5517,672.0124015009987,6.3509,1.4081748601358052e-05
5518,672.1382922029989,6.5146,1.4074083952962969e-05
5519,672.2602959839987,5.1717,1.4066325948888898e-05
5520,672.3809767989987,6.2421,1.405879167623459e-05
5521,672.5030070569992,5.3856,1.4051326958456845e-05
5522,672.6267101060002,6.7535,1.4043810621481463e-05
5523,672.7500946210002,6.1146,1.4036162665000086e-05
5524,672.8728894979995,6.0155,1.4028565124012355e-05
5525,672.9952454209997,6.0717,1.402091192771608e-05
5526,673.1187749149994,5.9254,1.4013409551049383e-05
5527,673.2392026569996,6.3215,1.400579340419752e-05
5528,673.3620349679986,5.7169,1.399834560672838e-05
5529,673.4839217110002,5.2001,1.3990789190617348e-05
5530,673.6033045989989,5.7817,1.3983255606728429e-05
5531,673.7266584959998,6.4843,1.3975873189567973e-05
5532,673.8492229289986,6.5832,1.3968271898333407e-05
5533,673.9715382239992,5.9615,1.396071329123459e-05
5534,674.0932659560003,5.7217,1.3953158949259349e-05
5535,674.213897353,5.7054,1.3945635703395043e-05
5536,674.3362304389993,6.7096,1.3938202880123452e-05
5537,674.4612393569987,6.3639,1.3930646714876543e-05
5538,674.5824841550002,4.6007,1.3922934829012357e-05
5539,674.7062837189987,5.8036,1.391543858234568e-05
5540,674.8288604469999,4.8551,1.3907792193765462e-05
5541,674.9490193860001,6.7716,1.3900241257901326e-05
5542,675.0687660099993,6.7171,1.3892814944135834e-05
5543,675.1887293179989,4.9987,1.3885431564567963e-05
5544,675.31083115,5.923,1.3878022960493864e-05
5545,675.4356643189985,6.8029,1.387046596290132e-05
5546,675.5585126019996,6.4532,1.3862785953148133e-05
5547,675.6785873030003,5.9512,1.3855180046605004e-05
5548,675.8003597919997,6.1075,1.3847773007654397e-05
5549,675.922646256,6.3856,1.384025678438281e-05
5550,676.043889868999,5.0918,1.3832713852592593e-05
5551,676.1649283869992,6.2557,1.382522951537042e-05
5552,676.2824199369988,6.9942,1.3817762247530886e-05
5553,676.4037484660003,5.5266,1.3810516185493849e-05
5554,676.5213248799992,6.1828,1.3803019246913579e-05
5555,676.6418174009996,6.4182,1.3795779992654357e-05
5556,676.7665997849999,6.6996,1.3788321623395084e-05
5557,676.8885763449998,6.6253,1.3780623207345728e-05
5558,677.010506777,5.9824,1.377302942086418e-05
5559,677.1322167969993,6.7377,1.376556494401237e-05
5560,677.2545828759994,6.0302,1.375804833932105e-05
5561,677.3751811080001,5.0197,1.3750496477469137e-05
5562,677.497083455999,6.1912,1.3743052170679066e-05
5563,677.6159538159991,5.7118,1.3735532913950705e-05
5564,677.735851464,4.9558,1.3728181568765448e-05
5565,677.8535332390002,6.86,1.3720787358642056e-05
5566,677.9799728439993,6.6333,1.3713545271790213e-05
5567,678.1023380979987,6.1681,1.3705728949197594e-05
5568,678.2235006869996,6.4735,1.3698159408518502e-05
5569,678.3460237219988,6.1002,1.3690691184012371e-05
5570,678.4655443559986,6.1533,1.3683130421172847e-05
5571,678.5846612079986,6.2408,1.3675748904444484e-05
5572,678.7050740229988,7.0684,1.3668386602407456e-05
5573,678.8267731830001,6.6695,1.3660943779814822e-05
5574,678.9501518139987,6.4641,1.3653457204814847e-05
5575,679.0716366699999,5.8537,1.3645830845061713e-05
5576,679.194247505,5.7637,1.3638330608765488e-05
5577,679.3142228710003,5.7652,1.3630767438333375e-05
5578,679.4359752239998,4.895,1.3623349754135784e-05
5579,679.556823678,6.4023,1.3615844291666745e-05
5580,679.6781620599995,5.3505,1.3608388578148173e-05
5581,679.8017573189991,6.143,1.3600876749012431e-05
5582,679.9228655909992,6.8745,1.3593259020123506e-05
5583,680.0440659380001,6.6529,1.3585790508518531e-05
5584,680.1638535319998,5.9643,1.3578297257222234e-05
5585,680.2855768179998,6.0873,1.3570909246790182e-05
5586,680.4063554109998,5.7267,1.3563404556358073e-05
5587,680.527470305,5.4669,1.3555940975555604e-05
5588,680.6490920069991,6.3164,1.3548464355123463e-05
5589,680.7697570439996,6.1373,1.3540967467469174e-05
5590,680.8922407259997,6.7633,1.3533466623148233e-05
5591,681.0110139449989,5.1818,1.3525960340864264e-05
5592,681.1347637339986,6.5828,1.3518617003209905e-05
5593,681.2577439629986,6.3831,1.351094263833338e-05
5594,681.3788304869995,6.0935,1.3503397807098849e-05
5595,681.4961967529998,6.381,1.349591053580253e-05
5596,681.6175389969994,5.2863,1.348868803493829e-05
5597,681.7380241139999,5.9151,1.3481148934629629e-05
5598,681.8585209590001,7.3402,1.3473744788703746e-05
5599,681.9814012009992,6.4509,1.3466298632839524e-05
5600,682.1012638409993,5.9553,1.3458728601666693e-05
5601,682.222512684999,5.296,1.3451315302777796e-05
5602,682.3439618779994,6.182,1.3443833840987685e-05
5603,682.4662644909986,6.3598,1.3436342318888967e-05
5604,682.586139215,5.3519,1.3428784821851903e-05
5605,682.708138037,6.4774,1.3421386021666732e-05
5606,682.8318720789994,6.6067,1.3413862850926017e-05
5607,682.9546080709988,6.4277,1.3406231387469142e-05
5608,683.0773563399998,6.0132,1.3398648983395084e-05
5609,683.2001443359986,6.1738,1.3391073861234594e-05
5610,683.3221643859997,6.0092,1.338349080327168e-05
5611,683.4433187229988,6.4747,1.3375957962654396e-05
5612,683.5647117359986,5.8003,1.3368471919814812e-05
5613,683.6869289749993,5.3193,1.3360993596358113e-05
5614,683.8099496369996,6.5383,1.33534421720988e-05
5615,683.9350225529997,6.5829,1.3345851447407476e-05
5616,684.0580918349988,5.3766,1.3338133489197601e-05
5617,684.1788782559997,5.8527,1.3330535711790205e-05
5618,684.3020938259997,6.2017,1.3323045413827224e-05
5619,684.4237289800003,6.3055,1.331545747598767e-05
5620,684.5439977179994,5.66,1.3307941149382768e-05
5621,684.663304190999,6.3823,1.3300539050740801e-05
5622,684.7811481489989,6.5204,1.3293171374135893e-05
5623,684.9052828909989,6.4552,1.3285912006913575e-05
5624,685.028104818999,6.2547,1.3278216697222262e-05
5625,685.1506039839987,6.6231,1.3270643324320996e-05
5626,685.2745725179993,7.0193,1.326308239592593e-05
5627,685.3966622629996,6.9172,1.3255438956790207e-05
5628,685.5197869089989,6.9584,1.3247884991296367e-05
5629,685.640517582,6.0016,1.3240297777777832e-05
5630,685.7627776769987,6.0876,1.3232844394567928e-05
5631,685.8830641309996,6.5081,1.3225300418209912e-05
5632,686.0024322059999,6.0823,1.3217871278148203e-05
5633,686.1246000459996,6.1561,1.3210514638024696e-05
5634,686.2466037630002,5.6632,1.3202962256851875e-05
5635,686.3680690909987,6.1034,1.319542484185194e-05
5636,686.4903210809989,5.8668,1.3187919855555591e-05
5637,686.6118495029987,5.8669,1.3180389330061782e-05
5638,686.733821111,6.0838,1.3172886180617317e-05
5639,686.8556300709988,6.0166,1.3165360501234652e-05
5640,686.977131837999,6.1838,1.3157837227345677e-05
5641,687.0990397610003,6.4612,1.3150296153333352e-05
5642,687.2179869319989,5.86,1.3142806711481554e-05
5643,687.3396499310002,6.5013,1.3135460414814815e-05
5644,687.4613458879994,6.4097,1.3127967068456786e-05
5645,687.586026523999,6.3653,1.3120448862716139e-05
5646,687.7073258820001,5.8192,1.3112745222160478e-05
5647,687.8314072529993,5.9066,1.3105260961111177e-05
5648,687.9499723959998,6.0556,1.309761178351852e-05
5649,688.0715538999993,5.7915,1.309029684574078e-05
5650,688.1946400380002,6.8461,1.3082783882777849e-05
5651,688.319425661999,6.591,1.307516949666675e-05
5652,688.4416386510002,6.1326,1.306748505154325e-05
5653,688.5610502229993,5.2651,1.3059938202654343e-05
5654,688.6836793849998,6.5754,1.3052567606728417e-05
5655,688.8074328809998,6.1853,1.3045007074629717e-05
5656,688.9307908379997,5.8328,1.3037363299691368e-05
5657,689.0541641039999,6.4389,1.3029725138888882e-05
5658,689.1770804789994,6.2465,1.3022137011604946e-05
5659,689.299472052,5.6529,1.3014515205308675e-05
5660,689.4197319649993,5.6345,1.3006982058827199e-05
5661,689.5420068479998,6.3362,1.299955873765432e-05
5662,689.6636115040001,6.2246,1.2991974859259254e-05
5663,689.7853695869999,6.051,1.2984505968580257e-05
5664,689.9056269550001,5.6907,1.2976996087530852e-05
5665,690.0259331669986,5.7879,1.2969571208518516e-05
5666,690.1472687389996,6.125,1.2962139971358077e-05
5667,690.2697687740001,6.0422,1.2954648468271613e-05
5668,690.3930587019986,7.1109,1.2947097605247e-05
5669,690.5156981589989,6.1219,1.2939489545000089e-05
5670,690.6376037409991,4.9854,1.2931905753765495e-05
5671,690.7613224950001,6.0971,1.2924381148765446e-05
5672,690.8831785639995,5.5209,1.2916687838827179e-05
5673,691.0047322069986,6.6312,1.2909219500370457e-05
5674,691.1285901279989,6.0275,1.2901709782037063e-05
5675,691.2491476140003,6.4929,1.2894083058950673e-05
5676,691.3724291179988,6.34,1.28866230476543e-05
5677,691.490965301,5.4289,1.287903580796298e-05
5678,691.6126989749991,6.6543,1.2871699375308721e-05
5679,691.7347167939988,6.1163,1.286419209604946e-05
5680,691.8578922959987,5.4557,1.2856662639876531e-05
5681,691.9785128019994,4.6902,1.2848999845925986e-05
5682,692.0992118689992,6.2776,1.2841606737407391e-05
5683,692.2225807389987,6.579,1.283416391679016e-05
5684,692.3436316579991,6.1288,1.282655623074081e-05
5685,692.4664324389996,6.6502,1.2819071835123464e-05
5686,692.590897004,6.5499,1.2811500027098789e-05
5687,692.713014076,5.8034,1.280382803759258e-05
5688,692.8364706209995,6.5293,1.2796280187592658e-05
5689,692.9560652799992,6.3429,1.2788657861975356e-05
5690,693.0802323039989,6.3473,1.2781278096481514e-05
5691,693.2047543049994,6.0052,1.2773603530123507e-05
5692,693.3267053729996,4.6448,1.2765919981419765e-05
5693,693.449521003,6.3999,1.275838644388892e-05
5694,693.5717305559992,6.1462,1.2750820758209902e-05
5695,693.6922309639995,5.3378,1.2743274204629663e-05
5696,693.8125266229999,5.8235,1.273582641654325e-05
5697,693.9329995339995,6.3073,1.2728400616049412e-05
5698,694.054232094999,5.6348,1.272096778537038e-05
5699,694.1782706209997,6.702,1.2713468995987705e-05
5700,694.2992669859996,4.6017,1.2705831837716059e-05
5701,694.4226929439992,5.361,1.2698353492037035e-05
5702,694.5441556240003,6.0767,1.2690741204197581e-05
5703,694.6653541670003,7.0707,1.2683242951111146e-05
5704,694.7876582230001,6.3811,1.2675764154382708e-05
5705,694.9097910459986,6.4212,1.2668178098580296e-05
5706,695.0316575729994,5.113,1.26606821783334e-05
5707,695.1546527399987,6.1908,1.2653079083333363e-05
5708,695.2767497819987,5.8303,1.2645551838580294e-05
5709,695.39731355,5.7486,1.2638021842592618e-05
5710,695.5171796639988,5.468,1.2630580182901247e-05
5711,695.6383804159996,5.5797,1.2623181639629689e-05
5712,695.7594158029988,4.8158,1.261568769870376e-05
5713,695.8806754460002,5.93,1.2608227236049418e-05
5714,696.0058525690001,6.0592,1.2600738501543202e-05
5715,696.1295361829998,6.2712,1.2593014121234604e-05
5716,696.2510315330001,4.305,1.2585381962592657e-05
5717,696.3724072770001,5.1173,1.2577868169321028e-05
5718,696.4958791529989,6.6184,1.2570380406604959e-05
5719,696.6165575209998,4.9837,1.2562771024444443e-05
5720,696.738905229,6.2988,1.255531661956793e-05
5721,696.8625226240001,4.9834,1.2547764586975347e-05
5722,696.9839574469988,5.9932,1.254013103345687e-05
5723,697.1068805169998,6.4376,1.2532635013209904e-05
5724,697.2303444249992,6.6917,1.2525051616296286e-05
5725,697.3521678349989,6.0576,1.2517401131049439e-05
5726,697.4699653509997,6.3411,1.2509898993271629e-05
5727,697.5927645049996,5.6282,1.2502655630370425e-05
5728,697.7138057949996,5.9057,1.2495026088395151e-05
5729,697.8364752259986,6.9674,1.2487585296543287e-05
5730,697.954435108999,6.6429,1.2480014164259246e-05
5731,698.0753547409986,5.8149,1.247272809759259e-05
5732,698.197174072,4.5234,1.246526371469136e-05
5733,698.3183374269993,5.5959,1.2457751904444475e-05
5734,698.4358024989997,6.9721,1.2450265667654365e-05
5735,698.5580513389996,6.6866,1.244302595580253e-05
5736,698.6795525950001,6.0178,1.2435468782407473e-05
5737,698.8027495959996,6.3951,1.2427973725864238e-05
5738,698.9259678369999,5.2289,1.2420366302407455e-05
5739,699.0475446889996,6.0008,1.2412766072222304e-05
5740,699.1681086009994,6.2848,1.2405253315432169e-05
5741,699.2912002449993,6.2251,1.239781330697536e-05
5742,699.4119739500002,5.4987,1.2390220949506265e-05
5743,699.5335793879985,5.4903,1.2382738267654386e-05
5744,699.6560143850002,6.9247,1.2375251087283956e-05
5745,699.7788450199987,5.3337,1.2367689875061755e-05
5746,699.9000259439999,5.4055,1.23600779010494e-05
5747,700.0223881530001,5.7073,1.2352627869876538e-05
5748,700.1443104989994,6.1707,1.2345073137777813e-05
5749,700.2651796159989,5.1763,1.2337542477839575e-05
5750,700.3863603680002,5.506,1.233008337814816e-05
5751,700.5065365680002,5.27,1.2322590509506266e-05
5752,700.6305672910003,6.1533,1.23151872462963e-05
5753,700.755070698,6.4611,1.2307541281481555e-05
5754,700.8794067819999,6.9862,1.2299854218518581e-05
5755,701.001480126999,5.656,1.2292160973765483e-05
5756,701.1252193879991,5.4744,1.2284642293086479e-05
5757,701.2455854679993,5.2827,1.227700124493833e-05
5758,701.3673295419994,7.0789,1.2269570420864207e-05
5759,701.4871147559988,5.1569,1.2262062888148201e-05
5760,701.6101369930002,6.0538,1.225465457734572e-05
5761,701.7313136399989,5.6456,1.2247081122345722e-05
5762,701.8548630779987,6.252,1.2239585365061745e-05
5763,701.9765466079989,5.7614,1.2231906554444533e-05
5764,702.0955321549991,6.3931,1.2224453445308732e-05
5765,702.2201254529991,6.14,1.2217109341913612e-05
5766,702.3430947830002,5.3421,1.2209421328148151e-05
5767,702.4647327370003,6.5174,1.2201766451234569e-05
5768,702.5894417990003,5.962,1.2194323128024726e-05
5769,702.7121443139986,6.0905,1.218662228543216e-05
5770,702.8337474559994,5.8297,1.2179046114012333e-05
5771,702.9575281589987,6.7354,1.2171535477901324e-05
5772,703.0785680129993,5.674,1.2163900877839534e-05
5773,703.2016729389998,6.1808,1.2156426374012431e-05
5774,703.3236735969986,5.7325,1.2148825097777788e-05
5775,703.4470710779988,6.5698,1.2141259485925944e-05
5776,703.5687492259985,6.1712,1.2133691733148162e-05
5777,703.6919672179993,6.057,1.2126170354321075e-05
5778,703.8165649869989,6.2209,1.2118564148950662e-05
5779,703.9385192099999,6.7333,1.2110872753086439e-05
5780,704.0627764399997,6.2811,1.2103332959629627e-05
5781,704.1846735609997,6.4902,1.209567665382722e-05
5782,704.3072800270002,6.3312,1.2088146133271633e-05
5783,704.4298812279994,5.7853,1.2080581261913643e-05
5784,704.5512188309986,6.0498,1.2073012802222233e-05
5785,704.6745857839996,5.7619,1.2065521082530846e-05
5786,704.7974901149992,6.134,1.2057901592901277e-05
5787,704.9160044939999,6.4855,1.2050308977345765e-05
5788,705.0368394889992,5.0629,1.2043015237962962e-05
5789,705.1601697299993,6.2681,1.2035519838148135e-05
5790,705.2800305219989,6.0566,1.2027924891790127e-05
5791,705.4015498339995,5.8465,1.202053122333337e-05
5792,705.5239980799997,5.9515,1.2013029315617303e-05
5793,705.6453302760001,6.0657,1.2005471666481504e-05
5794,705.7671354920003,6.7889,1.1997984047963018e-05
5795,705.8890319429993,5.2344,1.199045989191358e-05
5796,706.0132735349998,6.2181,1.1982946858950661e-05
5797,706.1351218290001,5.7655,1.1975266577901268e-05
5798,706.2561977360001,6.1677,1.1967742116728376e-05
5799,706.3748561129996,6.4685,1.1960268556296327e-05
5800,706.4968286989988,4.2782,1.1952945419753176e-05
5801,706.6164042239998,6.4302,1.1945409369321026e-05
5802,706.7366755949988,5.8221,1.1938042216049472e-05
5803,706.8592207299989,5.4281,1.1930607521728438e-05
5804,706.9819813699996,4.8838,1.1923045696543294e-05
5805,707.1035526399992,6.2387,1.1915464965555589e-05
5806,707.2238927779999,6.4193,1.190796529907408e-05
5807,707.3460381379991,6.8635,1.1900534619444443e-05
5808,707.4669189209999,5.8702,1.1893002335864256e-05
5809,707.590705613,6.7706,1.1885534660925912e-05
5810,707.7116915959996,4.9075,1.1877907466358034e-05
5811,707.834191517999,6.9224,1.1870427114629673e-05
5812,707.955930963999,5.8169,1.1862872236481482e-05
5813,708.0761719000002,6.0518,1.1855360598580246e-05
5814,708.1964936980003,6.3515,1.1847911057469185e-05
5815,708.4633317429998,6.2534,1.1840498502839565e-05
5816,708.5894825769992,5.84,1.1824036325123538e-05
5817,708.7086546039991,5.9274,1.1816257774444461e-05
5818,708.8324156109993,5.898,1.1808896713148188e-05
5819,708.9557786200003,6.0109,1.180124551259263e-05
5820,709.0795264159988,5.5141,1.1793632310987668e-05
5821,709.2020408349999,5.9107,1.1785990676049368e-05
5822,709.323810033,6.4114,1.1778407369753087e-05
5823,709.4481048149992,6.6899,1.177090448543216e-05
5824,709.5707074900001,5.9396,1.1763251333642062e-05
5825,709.6934660529987,4.8105,1.1755675887839567e-05
5826,709.8168498499999,6.8982,1.1748101477284012e-05
5827,709.9364979169986,5.4883,1.1740486520185173e-05
5828,710.0577201670003,6.6824,1.1733053296975299e-05
5829,710.1779084779992,5.1392,1.1725615785308714e-05
5830,710.2980135469988,4.4664,1.1718188097963017e-05
5831,710.4160617399993,4.7432,1.1710773012716042e-05
5832,710.5379445969993,6.0875,1.1703482725123549e-05
5833,710.6585022029994,7.1003,1.169596526876544e-05
5834,710.7801319729988,6.0604,1.1688516480432138e-05
5835,710.9013559959985,6.5166,1.1681013905370403e-05
5836,711.023754763999,5.7509,1.1673534673950654e-05
5837,711.1417463399994,6.2458,1.1665971446234636e-05
5838,711.2616597209999,5.3555,1.1658709934691381e-05
5839,711.3843019429987,5.7212,1.1651292421172821e-05
5840,711.5037818159999,6.2851,1.164373167067907e-05
5841,711.6239256089993,5.9466,1.1636347330802466e-05
5842,711.745611585,5.9774,1.162893358518527e-05
5843,711.8701626499987,5.6723,1.1621414362839516e-05
5844,711.9931887059993,6.5734,1.1613749052592677e-05
5845,712.1135766529987,5.9655,1.160614359271609e-05
5846,712.2330293389987,6.1965,1.1598692943703716e-05
5847,712.3560204569985,6.568,1.159133343629632e-05
5848,712.476478188999,6.8438,1.1583750555061818e-05
5849,712.5980923400002,6.1274,1.1576274474567939e-05
5850,712.7176186479992,5.6877,1.156880801888887e-05
5851,712.8395395039988,5.8936,1.1561422792037101e-05
5852,712.9598827600003,4.4571,1.1553899290493853e-05
5853,713.0798542819994,6.0589,1.154646298475312e-05
5854,713.2015646130003,5.2343,1.1539062161481534e-05
5855,713.3240062109999,6.2513,1.1531546776172892e-05
5856,713.4478928649987,6.3893,1.1523991100740754e-05
5857,713.5706146760003,5.5558,1.151632958179017e-05
5858,713.6926949709996,5.6093,1.1508699062592593e-05
5859,713.8149024519989,5.2611,1.1501211338333329e-05
5860,713.9383894980001,5.9425,1.149368515543217e-05
5861,714.0602164499996,5.9883,1.1486062176543245e-05
5862,714.1822804699987,6.3864,1.1478531756172878e-05
5863,714.302823467,6.0743,1.1471010912592633e-05
5864,714.4264353199997,5.7635,1.1463567163086458e-05
5865,714.5452286679993,7.0567,1.1455934181913669e-05
5866,714.6676882350002,6.005,1.1448613304012357e-05
5867,714.790158374999,6.3777,1.144103755283949e-05
5868,714.9116381959993,6.4951,1.1433467386728403e-05
5869,715.0371161429994,6.0527,1.142598341851855e-05
5870,715.1609345649995,6.6571,1.1418181745061758e-05
5871,715.2838752400003,6.5293,1.1410613466790177e-05
5872,715.4084828639989,6.2807,1.1403009134074066e-05
5873,715.5324118119988,4.7303,1.1395328021666678e-05
5874,715.6547833579989,5.8585,1.1387662639506203e-05
5875,715.7782753009997,5.7021,1.1380122106111119e-05
5876,715.8977374189999,6.8764,1.137243553827167e-05
5877,716.0228410069994,6.2736,1.1365130464012363e-05
5878,716.1474790079992,6.4484,1.1357369364321042e-05
5879,716.2682239289989,5.9964,1.1349705634999997e-05
5880,716.391246490999,5.4824,1.13422389996297e-05
5881,716.511868132,5.2813,1.1334653358148168e-05
5882,716.6320256749987,6.032,1.13271985024074e-05
5883,716.7517932899991,2.811,1.1319783874753142e-05
5884,716.8762329839992,6.8467,1.1312387295802518e-05
5885,716.9956656539998,5.4705,1.1304695951234585e-05
5886,717.1165484089997,5.8625,1.1297338373950667e-05
5887,717.2389028429989,5.9255,1.1289819480555564e-05
5888,717.3584937319993,6.0164,1.1282331862901313e-05
5889,717.4800751940002,6.5808,1.1274937840308658e-05
5890,717.6021370069993,5.8423,1.1267392543580251e-05
5891,717.7245309769987,5.8557,1.1259906896481465e-05
5892,717.843713934999,5.9696,1.1252353105000012e-05
5893,717.966962122,6.6867,1.124499485691356e-05
5894,718.087988661,5.0143,1.1237395352469144e-05
5895,718.2070586749996,3.9093,1.1229921640246916e-05
5896,718.3279375139991,5.973,1.1222561993765429e-05
5897,718.449522592,5.4434,1.1215106334135877e-05
5898,718.5725332539987,6.1302,1.1207564847777858e-05
5899,718.6923724289991,5.078,1.1200008259814881e-05
5900,718.813620949999,6.1889,1.1192579060925934e-05
5901,718.933558744,5.0439,1.1185128050802508e-05
5902,719.052708498999,5.8578,1.1177717454876625e-05
5903,719.1757448949993,6.4864,1.117036317104942e-05
5904,719.2961233459991,4.3077,1.1162776231975292e-05
5905,719.4156847639988,6.3921,1.115532171049381e-05
5906,719.5372035069995,5.6938,1.114795291722231e-05
5907,719.6599686739992,6.3138,1.1140461593950696e-05
5908,719.7784809759996,4.7622,1.1132870845555582e-05
5909,719.8994842449993,6.5021,1.1125553261049448e-05
5910,720.0234551419999,6.8992,1.1118094495246894e-05
5911,720.1460716989986,5.8301,1.1110449194444455e-05
5912,720.2701337309991,5.5005,1.1102873398271591e-05
5913,720.3907533379988,5.8304,1.1095215508148166e-05
5914,720.5120478979989,6.2662,1.1087768008950616e-05
5915,720.6349690850002,6.0298,1.1080284166296279e-05
5916,720.7583430399991,6.3298,1.1072700631851901e-05
5917,720.8789203169999,5.6997,1.1065085710000029e-05
5918,721.0031908239998,6.7977,1.105763117623464e-05
5919,721.1269034569996,6.8204,1.1049959928333337e-05
5920,721.2483606089991,6.169,1.1042330044876598e-05
5921,721.3714362899991,5.7123,1.1034829755802512e-05
5922,721.4905928560001,6.5331,1.102723948598766e-05
5923,721.612937766,5.8052,1.1019889498395148e-05
5924,721.7350689239993,5.8421,1.101232920567905e-05
5925,721.8553956029991,5.7421,1.100476172783949e-05
5926,721.977224667,5.2983,1.0997355175740725e-05
5927,722.0982842679987,6.02,1.0989836660925939e-05
5928,722.2198738459992,5.0615,1.0982364004197577e-05
5929,722.3420574679985,6.2661,1.097485238493829e-05
5930,722.4651960829997,6.4938,1.0967321989074093e-05
5931,722.5870304339987,6.1172,1.0959729184135842e-05
5932,722.7116139859991,6.5101,1.0952200078518555e-05
5933,722.8348951480002,4.9846,1.0944438579382771e-05
5934,722.9552399969998,5.5256,1.0936899946605022e-05
5935,723.0762501659992,6.8723,1.0929470036604966e-05
5936,723.199503332,5.388,1.0921998056913668e-05
5937,723.3221517579987,5.8934,1.0914385120493892e-05
5938,723.4406523449998,6.3632,1.0906818640370359e-05
5939,723.5634132539999,5.5321,1.0899520966172926e-05
5940,723.6847486639999,5.0219,1.089193172179011e-05
5941,723.807433209,6.4231,1.0884413970802543e-05
5942,723.9288005069993,4.9739,1.0876867454567946e-05
5943,724.0507391579995,5.687,1.0869367828086463e-05
5944,724.1723057239997,6.0359,1.0861845361790152e-05
5945,724.2958401279993,5.7802,1.0854348774012436e-05
5946,724.4178049549992,5.4352,1.08467232993828e-05
5947,724.5384625539991,5.0918,1.0839179837037051e-05
5948,724.6606396810002,6.3173,1.0831738528086471e-05
5949,724.7816809859996,6.1068,1.0824194185679066e-05
5950,724.9009546899997,3.3236,1.081672421055564e-05
5951,725.0189344800001,6.1666,1.080936033654325e-05
5952,725.142408574,6.3868,1.0802089147284033e-05
5953,725.2625903999997,5.6829,1.0794457127777819e-05
5954,725.3834893059993,6.3721,1.0787031526605023e-05
5955,725.5072945209995,6.0603,1.0779576103518534e-05
5956,725.629927381,5.7839,1.0771943827098823e-05
5957,725.7539298369993,6.0251,1.0764361554444502e-05
5958,725.8758640340002,6.6741,1.0756718765061785e-05
5959,725.9951058979987,6.523,1.0749180992098773e-05
5960,726.1179105369993,6.3255,1.0741795913271646e-05
5961,726.2394597900002,5.5638,1.0734241914382731e-05
5962,726.3621135609992,5.683,1.0726737486790212e-05
5963,726.4865464729992,5.2675,1.0719117347901231e-05
5964,726.6076464859998,6.188,1.0711489928086432e-05
5965,726.7258896799995,5.8715,1.0704015125679073e-05
5966,726.847663872999,5.3997,1.0696717010493817e-05
5967,726.9704988670001,6.2215,1.0689190649012365e-05
5968,727.0945419189993,5.4624,1.0681614499321041e-05
5969,727.2165630349991,6.7585,1.0673955289691356e-05
5970,727.3401289199992,5.0333,1.0666413317098828e-05
5971,727.4640399069995,6.8924,1.0658758574629674e-05
5972,727.5862440620003,6.6247,1.0651126405493843e-05
5973,727.7082370520002,6.2188,1.0643607877716055e-05
5974,727.829600736999,6.4863,1.0636072561172922e-05
5975,727.9528312219991,6.6317,1.0628583136296338e-05
5976,728.0727124579989,5.8481,1.0620962602284007e-05
5977,728.1943759309997,6.027,1.0613587769753114e-05
5978,728.3159644609987,5.578,1.0606066851728485e-05
5979,728.4379442339996,6.836,1.059855814808644e-05
5980,728.5616718089987,5.8796,1.0591032134938317e-05
5981,728.685992536999,5.9132,1.0583402467901232e-05
5982,728.8092231069986,6.3999,1.0575725536790192e-05
5983,728.9344675920001,6.3338,1.0568111619259296e-05
5984,729.0571728039995,6.6985,1.0560384700555591e-05
5985,729.1778031279991,5.36,1.0552807549876531e-05
5986,729.297994687,4.0155,1.0545356923950617e-05
5987,729.4195035189987,6.2146,1.0537942528086475e-05
5988,729.541310007,6.9012,1.0530436347530947e-05
5989,729.664705612,5.5705,1.0522926413271612e-05
5990,729.7888989860003,6.0404,1.051529931790131e-05
5991,729.9131617179992,6.5965,1.0507645447469145e-05
5992,730.0370067969998,6.1131,1.0499976019444507e-05
5993,730.1582940389999,6.6572,1.0492332370061792e-05
5994,730.27838127,6.7221,1.0484834263642045e-05
5995,730.4005952709995,6.1596,1.047742357623458e-05
5996,730.5217165329996,5.2031,1.0469885846358035e-05
5997,730.645703655,6.0836,1.0462403116481467e-05
5998,730.7659862339988,5.6186,1.0454754211790108e-05
5999,730.8906123659999,5.8982,1.0447308685555602e-05
6000,731.0135846989997,5.9932,1.0439626282160575e-05
6001,731.1357176490001,6.1452,1.0432046158024673e-05
6002,731.2598956069996,6.2696,1.0424496579629661e-05
6003,731.3799424999997,5.7212,1.0416845317037017e-05
6004,731.4994254129997,5.562,1.0409422408888925e-05
6005,731.6190499759996,6.5161,1.040205773117291e-05
6006,731.7412545609986,5.2059,1.0394663681728373e-05
6007,731.8631149510002,6.1449,1.0387074141604947e-05
6008,731.9839611469997,5.9234,1.0379600888333396e-05
6009,732.1048838089991,3.9811,1.0372090291111142e-05
6010,732.2271500089992,6.2232,1.0364682295000005e-05
6011,732.3494246419996,5.4707,1.0357138709814874e-05
6012,732.4700720809997,5.8777,1.0349587495000062e-05
6013,732.5904551049989,5.8075,1.0342138680061797e-05
6014,732.7126306769987,5.0945,1.033470125975316e-05
6015,732.8346548709997,6.9478,1.0327162808456776e-05
6016,732.954777813,5.2866,1.0319626412284034e-05
6017,733.0765780189995,5.6868,1.0312206891728381e-05
6018,733.1996819679989,6.1159,1.0304697614753116e-05
6019,733.3236581309993,5.9922,1.0297099701604984e-05
6020,733.4459659299991,6.0936,1.0289439509197556e-05
6021,733.5658051709997,6.3035,1.0281893367098772e-05
6022,733.6879463229998,6.0611,1.0274493261790163e-05
6023,733.8100961009986,4.2699,1.0266954164567944e-05
6024,733.9318651369995,6.4656,1.025941840185186e-05
6025,734.0508221559994,6.5888,1.0251895027963038e-05
6026,734.1689733579988,6.1183,1.0244540833888926e-05
6027,734.2919469930002,4.2606,1.0237276402037121e-05
6028,734.4134796039998,5.7137,1.0229667269197624e-05
6029,734.5356090389996,5.9138,1.0222169870925946e-05
6030,734.6580624429989,5.9731,1.0214634974753168e-05
6031,734.7814826599988,6.8509,1.0207076356975316e-05
6032,734.9036764439988,6.2161,1.0199466560617326e-05
6033,735.0247847289993,5.944,1.0191890655493842e-05
6034,735.1478956739993,6.1,1.0184437554259302e-05
6035,735.271539514999,6.1955,1.0176842944197512e-05
6036,735.3921254479992,5.7701,1.0169215385617292e-05
6037,735.5136154049997,6.2071,1.0161733970370407e-05
6038,735.6362290329998,5.9911,1.0154256258703732e-05
6039,735.7592425049988,5.4797,1.0146694415123442e-05
6040,735.8822330669991,5.9095,1.013910079580253e-05
6041,736.0051597759993,6.5727,1.0131516212716041e-05
6042,736.128781903999,5.1354,1.0123914171111177e-05
6043,736.2518481999996,5.6836,1.011629431135802e-05
6044,736.3723446999993,6.638,1.0108689144259349e-05
6045,736.4948462159991,5.9031,1.0101240254259242e-05
6046,736.6156458409987,6.1826,1.0093680575740749e-05
6047,736.737105754999,5.179,1.0086228286358007e-05
6048,736.8579631069988,6.4209,1.0078728387037094e-05
6049,736.9796806209997,5.7262,1.0071277052592576e-05
6050,737.1023129059995,6.225,1.0063764099629708e-05
6051,737.2275755379997,6.3251,1.0056189730925952e-05
6052,737.350410899,5.942,1.0048403344567924e-05
6053,737.4717066039993,6.4189,1.0040889455987645e-05
6054,737.5958744969994,6.4754,1.0033393709197558e-05
6055,737.716138849999,6.3196,1.0025684854629697e-05
6056,737.838887725,6.1094,1.0018300114074074e-05
6057,737.9607922979994,6.7399,1.001071689487662e-05
6058,738.0829646049988,6.0463,1.0003194210432166e-05
6059,738.2061933299992,6.5735,9.995654494074119e-06
6060,738.3285020869989,5.8513,9.98805397685188e-06
6061,738.4550359429995,6.9857,9.980511426975337e-06
6062,738.5761173829997,6.1644,9.97263172012352e-06
6063,738.698617823,5.901,9.965221789320989e-06
6064,738.8194693589994,5.9829,9.957659653888907e-06
6065,738.9415917179995,5.7086,9.950199881543288e-06
6066,739.0611606209986,5.6274,9.94265583388897e-06
6067,739.1824220269991,5.4365,9.93527325518519e-06
6068,739.3037279049986,5.8258,9.927791938580299e-06
6069,739.4259085349986,6.3479,9.920301725185172e-06
6070,739.5485878719992,6.7086,9.912753431481515e-06
6071,739.668878421,6.838,9.905198995802495e-06
6072,739.7882972569987,6.5459,9.897764141419825e-06
6073,739.9100209909993,5.9102,9.89039368290125e-06
6074,740.0307229279988,6.4347,9.882874537037041e-06
6075,740.1503042999993,6.278,9.87543217895064e-06
6076,740.273648548,6.2707,9.868047172407452e-06
6077,740.3969250069986,5.8473,9.860438316172915e-06
6078,740.5194986549996,5.7168,9.852820677098839e-06
6079,740.6439396899987,6.1096,9.845193637037043e-06
6080,740.7647222429987,6.0426,9.837577338888942e-06
6081,740.8858682579994,6.2914,9.830115932901307e-06
6082,741.0095787099999,6.4497,9.822644508703777e-06
6083,741.1295161179987,5.5536,9.815008224629679e-06
6084,741.2509674619996,5.7275,9.807575261975326e-06
6085,741.3691895209995,5.7249,9.80009282734567e-06
6086,741.4917642629989,5.5966,9.79282345413583e-06
6087,741.613926222999,5.8808,9.785232734938304e-06
6088,741.734278517999,5.8962,9.777708446172928e-06
6089,741.8564465079999,6.2103,9.7702733308642e-06
6090,741.9793504879999,6.4796,9.762734506419763e-06
6091,742.1035212030001,6.0166,9.755136659938263e-06
6092,742.2262699869989,4.5649,9.747473687222264e-06
6093,742.3478349349989,6.8157,9.739907487345713e-06
6094,742.4710512999991,4.8725,9.732401257284035e-06
6095,742.5891850009994,6.0414,9.724797265370412e-06
6096,742.7088048819987,6.1656,9.71751257629629e-06
6097,742.8297488609987,6.7229,9.710108313888949e-06
6098,742.9505197609997,5.8678,9.70265023049386e-06
6099,743.0731526,6.4003,9.695182848024752e-06
6100,743.194123751,6.0155,9.687631555740761e-06
6101,743.3159456269987,5.484,9.6801632945062e-06
6102,743.4383910389988,4.9601,9.67262772993836e-06
6103,743.561255147999,6.2269,9.66506360055558e-06
6104,743.6846385629997,6.669,9.657502637345727e-06
6105,743.804024093999,4.3342,9.649887576234606e-06
6106,743.9255195009991,6.2781,9.642498338456857e-06
6107,744.0475858279988,6.0947,9.635002827469214e-06
6108,744.1686291469996,6.7512,9.627474488765481e-06
6109,744.2918598220003,6.1065,9.619996192469211e-06
6110,744.4153159779999,5.8325,9.612400460802501e-06
6111,744.5401641789995,5.9993,9.604715402592662e-06
6112,744.6653415639994,6.0757,9.597064298827213e-06
6113,744.7877466339996,5.3577,9.589291726358091e-06
6114,744.9116062119992,6.4299,9.581781616913565e-06
6115,745.0342204459994,6.1031,9.574143340123442e-06
6116,745.1559417579992,5.2647,9.566545493148232e-06
6117,745.2782991719996,6.975,9.558988535925916e-06
6118,745.4017799499998,6.2395,9.551497213456789e-06
6119,745.5243618530003,6.462,9.543875697654359e-06
6120,745.646445639999,5.0841,9.53630928117289e-06
6121,745.7667360670002,5.3672,9.528761187407497e-06
6122,745.8880676729987,6.2462,9.521347508024753e-06
6123,746.0107754780001,6.958,9.513858646790109e-06
6124,746.1334943279999,6.8058,9.506280529320988e-06
6125,746.2527977779991,4.6666,9.49871267197534e-06
6126,746.3733796409997,6.3763,9.491341703086404e-06
6127,746.4934604179998,5.9147,9.483907952098775e-06
6128,746.6146204260003,5.5928,9.476452182407453e-06
6129,746.7352242929992,5.8064,9.469023719074143e-06
6130,746.8594474799993,6.2436,9.461565988086468e-06
6131,746.9825960549988,6.4881,9.453912944135829e-06
6132,747.1047749219997,5.9377,9.446306357901257e-06
6133,747.2274065049987,6.1658,9.4387591238272e-06
6134,747.347665714,6.4327,9.431193022962958e-06
6135,747.4700759509997,6.7821,9.423763171913646e-06
6136,747.594446531999,5.9405,9.41621116197534e-06
6137,747.7183544559994,5.4993,9.408537360246939e-06
6138,747.83880752,6.6471,9.400891925185229e-06
6139,747.9613653439992,6.3321,9.393449448765478e-06
6140,748.0883862249993,5.7869,9.38588669814815e-06
6141,748.2133674750003,6.2775,9.378002929012419e-06
6142,748.3373784220003,6.6085,9.37026029617289e-06
6143,748.4610096569995,6.7544,9.362668525926005e-06
6144,748.5823364899989,6.3947,9.355049251481534e-06
6145,748.7064341789992,5.7384,9.347550982839593e-06
6146,748.824825406,5.4749,9.339885992469227e-06
6147,748.945382640999,5.1116,9.332579252160584e-06
6148,749.0657995959991,6.286,9.32514055388894e-06
6149,749.18597538,5.8193,9.31770602962972e-06
6150,749.3095575810003,6.2389,9.310283943086461e-06
6151,749.4331860929997,6.1882,9.30259346537039e-06
6152,749.5550732270003,6.67,9.295035636172834e-06
6153,749.6759538009992,6.8116,9.287503589876557e-06
6154,749.7988262299987,6.3495,9.280040809691382e-06
6155,749.9201401619994,7.2466,9.272456560802533e-06
6156,750.0422520159991,6.5552,9.264970659259248e-06
6157,750.1614059509993,5.0394,9.257430277777846e-06
6158,750.2818581499996,5.034,9.25007678722225e-06
6159,750.4041801879994,5.3878,9.242642955802505e-06
6160,750.5256305669991,5.2018,9.235091564876624e-06
6161,750.6459039259989,5.6781,9.22759084858031e-06
6162,750.7656393639991,5.7479,9.220169089320968e-06
6163,750.8869554880002,6.7908,9.21277760401238e-06
6164,751.0113307989996,5.8758,9.205288805246993e-06
6165,751.1343640759987,5.6601,9.197613815987649e-06
6166,751.2550067699995,5.2377,9.190012093765437e-06
6167,751.3756664899993,6.8232,9.182562241666693e-06
6168,751.4966735910002,5.9614,9.17512449740739e-06
6169,751.6177927999997,6.2226,9.167658515864192e-06
6170,751.7391579300001,6.28,9.160179975370392e-06
6171,751.8581365589998,5.8864,9.152684740802553e-06
6172,751.9810601079989,6.6369,9.145340979876543e-06
6173,752.1031078319993,6.4664,9.137740592839488e-06
6174,752.2252683759998,5.8585,9.13021694444451e-06
6175,752.3461868859995,6.789,9.122685503888884e-06
6176,752.4695599129991,5.8939,9.115211994321054e-06
6177,752.5932197189995,5.5151,9.107535770926018e-06
6178,752.7118232649991,6.4044,9.099963546975376e-06
6179,752.8363403589992,5.2345,9.092651247345673e-06
6180,752.9598140549988,6.004,9.084960978703795e-06
6181,753.0841815879994,6.9967,9.077332299444424e-06
6182,753.2069389099997,5.938,9.069662735987716e-06
6183,753.3258870129994,5.294,9.062046679259261e-06
6184,753.4465270309993,6.2664,9.054723344074156e-06
6185,753.5656688039999,3.9572,9.04729293012353e-06
6186,753.6855445740002,5.1639,9.03987044907415e-06
6187,753.8057486170001,6.0283,9.032540289074154e-06
6188,753.9289077989997,5.8171,9.025120314074093e-06
6189,754.0497507370001,4.8637,9.01752084191359e-06
6190,754.1705167279997,7.0123,9.010053739197539e-06
6191,754.2908566400001,5.2959,9.002591560000063e-06
6192,754.4120427259986,6.4341,8.995163642222209e-06
6193,754.5350373410001,5.8416,8.987693462222303e-06
6194,754.6580459659999,6.5986,8.980111096172867e-06
6195,754.7810480769986,5.7858,8.972461953765415e-06
6196,754.9045660539996,6.4688,8.964913575000088e-06
6197,755.0264255769998,6.4217,8.957259291605008e-06
6198,755.1475497669999,6.379,8.949765227901224e-06
6199,755.2664332749991,6.0076,8.942258825185224e-06
6200,755.3874696249986,5.5251,8.934941496543303e-06
6201,755.510978586999,6.3862,8.92747554395067e-06
6202,755.6316815219998,5.9505,8.919858169629714e-06
6203,755.7536852679987,6.7966,8.91240229179015e-06
6204,755.8745120709991,6.6219,8.904878626049424e-06
6205,755.9962774229989,5.4029,8.897413255432119e-06
6206,756.1196219089998,6.4758,8.889889792901246e-06
6207,756.2410176419999,6.8458,8.882260961728422e-06
6208,756.3619022469993,5.5153,8.874791926296377e-06
6209,756.4826673440002,6.3433,8.867326670864218e-06
6210,756.6028703229986,5.8502,8.859877005740747e-06
6211,756.7239964259988,6.9056,8.85245407888895e-06
6212,756.8463630839997,5.0146,8.844965136358052e-06
6213,756.9675084009996,6.4405,8.837385814197514e-06
6214,757.0879163720001,5.7294,8.829942926172912e-06
6215,757.2100740099995,5.7082,8.822503136481469e-06
6216,757.3326936889989,5.8129,8.814981012716134e-06
6217,757.456939439,5.0427,8.807341978703738e-06
6218,757.5790442699999,6.2338,8.799737443086437e-06
6219,757.6995457550001,5.9255,8.7921893976544e-06
6220,757.822025772999,6.3579,8.784754429012359e-06
6221,757.9430167439987,5.427,8.777199517777868e-06
6222,758.064724459,6.0858,8.769729861605025e-06
6223,758.1839731379987,6.078,8.76221972277776e-06
6224,758.3046067269988,5.134,8.754847008086459e-06
6225,758.4263880519993,5.7649,8.747398701481513e-06
6226,758.5476130379993,5.7907,8.739884780123498e-06
6227,758.6692806749998,6.1945,8.732414229938357e-06
6228,758.7916473249988,5.9331,8.724904038024672e-06
6229,758.9126336779991,6.4513,8.717339953642e-06
6230,759.0340854400001,6.3609,8.709881887037081e-06
6231,759.1567091460001,5.918,8.702387166543268e-06
6232,759.2789358509999,5.6604,8.69482158814814e-06
6233,759.4008662199994,6.2479,8.687267587839516e-06
6234,759.5252481770003,6.407,8.679740114691448e-06
6235,759.6504918739993,6.8023,8.672073025308696e-06
6236,759.7732354789987,6.2819,8.664338194753158e-06
6237,759.8971427809993,5.9377,8.656753406481516e-06
6238,760.017691826999,5.6211,8.649077591975313e-06
6239,760.1391887579994,6.0078,8.641657019753091e-06
6240,760.2581980329996,5.1171,8.634166244753067e-06
6241,760.3796094369991,6.6524,8.62681193104941e-06
6242,760.5022169299991,5.5558,8.619325401666656e-06
6243,760.624913059999,5.3382,8.611759054074132e-06
6244,760.7462951830003,6.467,8.604186554876598e-06
6245,760.8696046099994,6.5921,8.596678672284041e-06
6246,760.9937037419986,6.6078,8.589088484321023e-06
6247,761.1166564279993,5.9709,8.581424765987684e-06
6248,761.239959311999,6.4871,8.57383182907412e-06
6249,761.3616482479993,5.6973,8.566217407901322e-06
6250,761.4825255679989,5.6358,8.558714594629675e-06
6251,761.6039679559999,6.6489,8.551238449321047e-06
6252,761.7260896110001,4.59,8.543749689938353e-06
6253,761.846682931,6.2997,8.53621082111114e-06
6254,761.9667956659996,5.7976,8.528765737654354e-06
6255,762.089672148999,6.3317,8.521346911728434e-06
6256,762.2103280079991,4.9244,8.513766289938251e-06
6257,762.3335947750002,7.168,8.506313058580284e-06
6258,762.4572374090003,6.6925,8.49871905104942e-06
6259,762.5794597659988,6.5947,8.491092660617344e-06
6260,762.7033875300003,5.7723,8.483539170987637e-06
6261,762.8258965980003,6.4288,8.475888764382778e-06
6262,762.9475655139995,5.7276,8.468310518888916e-06
6263,763.0681989659988,6.1316,8.460811980000054e-06
6264,763.1908548949996,6.2845,8.453367496419818e-06
6265,763.313237684999,5.4449,8.445791576728474e-06
6266,763.4335681489993,6.2207,8.438242147716058e-06
6267,763.5565828179988,4.8199,8.430812094135866e-06
6268,763.6784863379999,7.0953,8.423226830987735e-06
6269,763.7989150470003,6.4649,8.415691442777768e-06
6270,763.9223740799989,6.5172,8.408248120246898e-06
6271,764.0424233929989,5.3932,8.400638135925997e-06
6272,764.1636236759987,6.1566,8.393218721543189e-06
6273,764.2846493340003,5.2083,8.3857306498766e-06
6274,764.403704024,6.614,8.378275855185269e-06
6275,764.5274673709991,7.1894,8.370938275802476e-06
6276,764.6474915809995,6.1833,8.363295378642055e-06
6277,764.768352871999,6.5578,8.355869505246938e-06
6278,764.8891482259987,6.4036,8.348417498765443e-06
6279,765.0115688360002,6.0998,8.340960941604975e-06
6280,765.134367323999,6.9821,8.333400047037043e-06
6281,765.2608714119997,6.4019,8.325774770061723e-06
6282,765.385495954999,6.5586,8.318012275061803e-06
6283,765.506221095,6.6099,8.310290998765423e-06
6284,765.6263888079993,3.5613,8.302865476790195e-06
6285,765.747808226999,6.3537,8.295436043086447e-06
6286,765.86870619,6.823,8.287947342345726e-06
6287,765.9871112780002,6.588,8.280489548086412e-06
6288,766.110609035999,5.4677,8.273182597222218e-06
6289,766.2337942329996,6.7332,8.26548546037042e-06
6290,766.3563382679986,6.5866,8.257958407222289e-06
6291,766.4768372179988,5.1686,8.250389895061789e-06
6292,766.5963180769995,7.4199,8.242953055679088e-06
6293,766.7180690209989,6.4242,8.235576919876531e-06
6294,766.8404786439987,5.5652,8.228066354074065e-06
6295,766.963945866999,6.4512,8.22050364697538e-06
6296,767.088203809999,6.6861,8.21288682981481e-06
6297,767.2120071649988,4.9933,8.20521895345685e-06
6298,767.3335078269993,6.3531,8.197574747469217e-06
6299,767.4553310539995,5.3348,8.19006598061729e-06
6300,767.5771450199991,6.7827,8.182555576419792e-06
6301,767.6989059110001,5.8555,8.175037900123522e-06
6302,767.8223713110001,4.56,8.167516225679001e-06
6303,767.9461189880003,6.223,8.159893381975347e-06
6304,768.0687876049997,6.4596,8.152260266419775e-06
6305,768.1927662679991,5.2131,8.144683744259269e-06
6306,768.3155482069997,6.4557,8.137037526543234e-06
6307,768.4371630280002,5.8293,8.129445810555575e-06
6308,768.5559063000001,6.0929,8.1219433312963e-06
6309,768.6762946849994,6.2948,8.114606613580238e-06
6310,768.7943870309991,6.0175,8.107186378456837e-06
6311,768.9182189839994,7.3316,8.099911847098774e-06
6312,769.0391097039992,5.9828,8.092241847530936e-06
6313,769.1568224009989,6.6843,8.084783774259303e-06
6314,769.2786544840001,6.2186,8.077539577716042e-06
6315,769.403472955999,6.6123,8.070004374814832e-06
6316,769.5247303429987,5.2534,8.062302910617337e-06
6317,769.6471534800003,6.9488,8.054805945246946e-06
6318,769.7719815,6.358,8.04725433049386e-06
6319,769.8922868659993,6.1672,8.039548230308692e-06
6320,770.0148614110003,6.263,8.032114598148232e-06
6321,770.1341001269993,5.9174,8.024553727407491e-06
6322,770.255099987,5.8977,8.017183792469186e-06
6323,770.3746999019986,4.8485,8.009722221728383e-06
6324,770.4947972909995,4.7947,8.002334403518596e-06
6325,770.6128556509993,5.9951,7.99492990154328e-06
6326,770.7371061249996,6.7989,7.987645810308657e-06
6327,770.8621275119986,6.1471,7.979978102345664e-06
6328,770.9852358509997,6.5886,7.97225092172848e-06
6329,771.1078006959997,6.0671,7.96465607462969e-06
6330,771.2310790169995,6.08,7.957091915370457e-06
6331,771.3546849979994,6.6727,7.949475900617314e-06
6332,771.4785791630002,5.4865,7.9418496704939e-06
6333,771.6031022909992,5.4473,7.934200990679036e-06
6334,771.7255940839987,6.277,7.926524979999988e-06
6335,771.8492534340003,6.7909,7.918948751172856e-06
6336,771.9735545490003,4.6147,7.911331917777803e-06
6337,772.0925355199997,6.1817,7.903656421049388e-06
6338,772.2186056179999,6.5689,7.896313564876584e-06
6339,772.343270469999,6.8901,7.888520063024773e-06
6340,772.4653343150003,6.03,7.88082634598769e-06
6341,772.5831292469993,6.2871,7.873294364876588e-06
6342,772.7066891140003,5.2674,7.866007454012341e-06
6343,772.828840451999,5.789,7.858376521049472e-06
6344,772.951304966,5.4054,7.85085599018517e-06
6345,773.0730424069989,6.6408,7.843283868518553e-06
6346,773.1945620349998,5.938,7.835765835925934e-06
6347,773.3134736119991,4.4695,7.828280951049394e-06
6348,773.4350583159994,6.5712,7.820929211358008e-06
6349,773.5542630709988,5.8752,7.813433932716058e-06
6350,773.6780177660003,6.6449,7.806030454320995e-06
6351,773.8001609349994,5.9071,7.798426436234584e-06
6352,773.9215821159996,5.5323,7.790889949691416e-06
6353,774.0452218640003,5.7163,7.783402242345723e-06
6354,774.1667818139995,5.4977,7.775772079876558e-06
6355,774.2888337439999,5.8637,7.768264011728443e-06
6356,774.4106476039997,5.5116,7.760729958209922e-06
6357,774.5360691360002,6.2606,7.753212793148145e-06
6358,774.6570562979996,5.6758,7.74547711413589e-06
6359,774.7793679959996,5.8254,7.737992093086438e-06
6360,774.901542431,6.874,7.730445783765478e-06
6361,775.0253196609992,5.7537,7.722909439444493e-06
6362,775.1467403890001,6.1795,7.715276834938262e-06
6363,775.2677348219986,6.9798,7.707776376234654e-06
6364,775.3896259510002,6.0335,7.70030475672841e-06
6365,775.5092958690002,4.4085,7.692789350679015e-06
6366,775.6314846739988,6.5688,7.685377827962986e-06
6367,775.7530093839996,6.2706,7.677848487530891e-06
6368,775.8762547259994,6.4095,7.670348617407458e-06
6369,776.0011362879995,5.6152,7.662751285061737e-06
6370,776.1249360919992,6.4507,7.655030387160516e-06
6371,776.2456009999987,5.5951,7.647389402469162e-06
6372,776.3674884499997,6.4419,7.639937167469153e-06
6373,776.4896995639992,6.7959,7.632417749074073e-06
6374,776.6123039349986,6.5406,7.624868435061755e-06
6375,776.7341139539985,5.2131,7.6172558461111765e-06
6376,776.8554291499986,6.4015,7.609778809814827e-06
6377,776.9762265970003,4.8544,7.602291123209881e-06
6378,777.0968288589993,6.5599,7.594827897530849e-06
6379,777.2179958429988,6.2918,7.5873935617901126e-06
6380,777.3390082869992,4.9567,7.579911000555645e-06
6381,777.4601740460002,5.0323,7.572439653148211e-06
6382,777.5820490240003,6.8523,7.56496412703705e-06
6383,777.703119922,5.8661,7.557449000617306e-06
6384,777.8214785370001,6.8145,7.549943616234567e-06
6385,777.9440739129986,7.0009,7.542670570370364e-06
6386,778.0668386809994,6.3628,7.535099791481498e-06
6387,778.1905319069992,6.0226,7.5275154490123844e-06
6388,778.3123003700002,5.1894,7.519882112530896e-06
6389,778.4359437519997,5.9266,7.512357946049442e-06
6390,778.5603054089988,5.2068,7.504725920246947e-06
6391,778.6835547539995,6.5957,7.4970596011111e-06
6392,778.8079872549988,6.0926,7.489448526358039e-06
6393,778.932951109,6.2911,7.4817282923457356e-06
6394,779.0536659739992,5.4596,7.474051955432176e-06
6395,779.1752589259995,5.8425,7.466596188148211e-06
6396,779.2967955599997,6.4207,7.459092885802521e-06
6397,779.4186914519996,6.5704,7.451601593271606e-06
6398,779.5392538249998,5.9363,7.444066769197622e-06
6399,779.6620472879986,5.9791,7.436631100679081e-06
6400,779.7862974239997,6.0353,7.4290563798148245e-06
6401,779.9084252739995,5.2899,7.421372350617289e-06
6402,780.0293428749992,5.6547,7.413844562222299e-06
6403,780.153679572999,5.9637,7.406380996605022e-06
6404,780.2750386829994,5.0942,7.398702762283966e-06
6405,780.4004903009991,5.7097,7.391192412530956e-06
6406,780.5228414449994,5.9297,7.383471397654346e-06
6407,780.6474702839987,6.6115,7.375913280617325e-06
6408,780.7690691589996,6.5587,7.368225952284014e-06
6409,780.892513027,6.099,7.360685006790136e-06
6410,781.0157322309988,5.6925,7.353073692345697e-06
6411,781.1403357349991,6.5958,7.3454647881482265e-06
6412,781.2628297079991,6.6786,7.337801900740815e-06
6413,781.3837747839989,6.36,7.330235362777799e-06
6414,781.5048530299991,6.1546,7.32276652592595e-06
6415,781.6271322149987,5.9827,7.315299332098852e-06
6416,781.7488333849997,6.6372,7.30774954209878e-06
6417,781.8711230469999,6.1765,7.300231995123447e-06
6418,781.9890821480003,6.3746,7.292695686358086e-06
6419,782.1102951009998,6.6865,7.285416187654353e-06
6420,782.2336525390001,6.3921,7.277922508395102e-06
6421,782.3561253729986,6.8019,7.270311511358024e-06
6422,782.4805973879993,7.0781,7.2627435996296456e-06
6423,782.6027073979985,6.4658,7.2550689462963286e-06
6424,782.7251563329992,5.8842,7.247523076419743e-06
6425,782.8470631539985,6.9676,7.23993672117283e-06
6426,782.9677718799994,6.2485,7.232443008518508e-06
6427,783.0879838620003,6.278,7.224982069506208e-06
6428,783.2102020349994,6.6911,7.217570026234599e-06
6429,783.3315225320002,5.1432,7.210030552160551e-06
6430,783.4548837949988,6.8257,7.202530667098833e-06
6431,783.5763695159985,6.3547,7.194853632592619e-06
6432,783.6986573359991,6.1872,7.187418394938322e-06
6433,783.822615997,6.5144,7.179877444938299e-06
6434,783.9440742549996,4.5096,7.1721995317283795e-06
6435,784.064782383999,5.7664,7.164722658086403e-06
6436,784.1885464219995,6.0696,7.15727880265441e-06
6437,784.3125649839985,5.8073,7.1496430382716475e-06
6438,784.4368354369999,6.9876,7.141987807716099e-06
6439,784.55800137,5.2914,7.134319642901227e-06
6440,784.6777351410001,5.2193,7.126838082098808e-06
6441,784.8019728709987,6.1926,7.119433388827224e-06
6442,784.9239174639988,6.6501,7.111779156419762e-06
6443,785.0462756259985,6.2876,7.10424752790122e-06
6444,785.1709159769998,6.0811,7.096686458148221e-06
6445,785.2919220659987,4.65,7.088977707407485e-06
6446,785.4132909969994,5.3745,7.08151763290123e-06
6447,785.5344748719999,6.0833,7.074037260123461e-06
6448,785.6542860310001,5.7013,7.066547304938254e-06
6449,785.7768191979994,6.0089,7.059146119567972e-06
6450,785.9007252809988,6.874,7.051600040370399e-06
6451,786.0251255989988,5.5801,7.0439584353704235e-06
6452,786.1471705900003,5.8673,7.03621218117293e-06
6453,786.2674552179997,6.1878,7.0287285419753654e-06
6454,786.3885978090002,6.2942,7.021298887716121e-06
6455,786.5104387899992,6.0259,7.0138305717901646e-06
6456,786.6314410399991,6.2882,7.006308449197513e-06
6457,786.7540094809992,6.886,6.998837612963044e-06
6458,786.8739929009989,5.2631,6.991273912777774e-06
6459,786.9959256349994,5.1908,6.9838474508642446e-06
6460,787.1172820359989,5.5621,6.976338609691441e-06
6461,787.2385108709987,5.9327,6.9688459306790795e-06
6462,787.3615467749987,6.3983,6.96136455111111e-06
6463,787.4851369850003,6.1436,6.9537693198765686e-06
6464,787.6090510759987,6.7027,6.9461528072222395e-06
6465,787.7337538299998,6.6196,6.938501850802454e-06
6466,787.8559804289998,5.2989,6.9308041931481605e-06
6467,787.9780491789988,5.6968,6.923242137901281e-06
6468,788.0989949949999,5.5687,6.915721494753125e-06
6469,788.2198006079998,6.8771,6.908241473765437e-06
6470,788.3422521009998,6.1324,6.9007978766666535e-06
6471,788.466584414,5.709,6.893236158765504e-06
6472,788.5908827479998,6.3285,6.8855597546296226e-06
6473,788.7114946349993,7.1925,6.8778909106173575e-06
6474,788.8341440929998,6.4601,6.87043198833332e-06
6475,788.9576031870001,6.1584,6.8628600990123914e-06
6476,789.081217474999,5.7487,6.8552504724074315e-06
6477,789.2037871209996,5.0224,6.84758439259266e-06
6478,789.3249663429997,5.3411,6.840047005185218e-06
6479,789.4449772959997,6.7364,6.832561589691394e-06
6480,789.5675442339998,5.6992,6.825169035740786e-06
6481,789.6885201730001,5.3465,6.8176028871605235e-06
6482,789.8123187129986,6.053,6.810135059321071e-06
6483,789.9377871489996,6.6015,6.802431718888891e-06
6484,790.0618786229988,6.4703,6.794750098888919e-06
6485,790.1832539269999,5.5307,6.787091992530881e-06
6486,790.3061108370002,6.607,6.779588748209947e-06
6487,790.4294978259986,5.5783,6.772009222222214e-06
6488,790.5530321329989,5.5596,6.764375961111113e-06
6489,790.6753855039988,5.9884,6.756764447654412e-06
6490,790.7993363389996,6.0429,6.749216224814875e-06
6491,790.92259767,6.3507,6.741564534814854e-06
6492,791.0444233119997,6.2143,6.733929053950677e-06
6493,791.1655277760001,5.0534,6.726428475370389e-06
6494,791.2913661069997,6.4216,6.718962054259309e-06
6495,791.4151718109988,5.813,6.711201677222268e-06
6496,791.5371691069995,6.6301,6.7035531041975795e-06
6497,791.6592478879993,5.9386,6.6960292027160475e-06
6498,791.7778425659999,6.6278,6.688470526913665e-06
6499,791.9001945879991,6.0533,6.681171399814834e-06
6500,792.0215532269995,6.0281,6.6736097787036875e-06
6501,792.1437272639996,5.5563,6.666112411172931e-06
6502,792.2647268909986,5.9066,6.658578085493844e-06
6503,792.3884577429999,6.5442,6.651111278209965e-06
6504,792.5111289469987,5.659,6.643476318148162e-06
6505,792.6313130559993,6.1417,6.635896715555601e-06
6506,792.7507848389996,4.7637,6.628478491913576e-06
6507,792.8719863349997,5.2597,6.6210617577778576e-06
6508,792.9950192779997,4.7664,6.613619313642022e-06
6509,793.115746002999,6.4516,6.6060229500617635e-06
6510,793.2377531940001,5.5658,6.598562390740826e-06
6511,793.357639292999,6.0657,6.591039145493855e-06
6512,793.4807961409988,6.2658,6.583646603024774e-06
6513,793.603194629999,6.3954,6.576039944938328e-06
6514,793.7259312869992,5.8677,6.5684871769753745e-06
6515,793.8497376769992,6.3232,6.560911087777799e-06
6516,793.9734474929992,5.7744,6.553266335185193e-06
6517,794.0946243660001,6.1045,6.5456379406173215e-06
6518,794.215274741,5.4816,6.538141757777855e-06
6519,794.3351770110003,5.452,6.530690852839516e-06
6520,794.4586829039999,6.2593,6.523294342037101e-06
6521,794.5818284099987,6.0272,6.5156726143827065e-06
6522,794.7041790219992,5.8078,6.508082794691378e-06
6523,794.8284964319992,6.3266,6.500516614135865e-06
6524,794.9544904539998,6.2157,6.492850104567888e-06
6525,795.0757430989997,6.1255,6.485073951481569e-06
6526,795.1981623060001,6.0438,6.477575966605009e-06
6527,795.3205352659988,6.5697,6.470008846481507e-06
6528,795.4428451179992,6.7987,6.462474191851886e-06
6529,795.5636990989988,6.1007,6.454897824074063e-06
6530,795.6841474369994,6.1585,6.447463422530936e-06
6531,795.805749784,6.2953,6.440021662592588e-06
6532,795.9272786450001,6.5793,6.432526694259333e-06
6533,796.051097227999,6.611,6.425029326913623e-06
6534,796.1734159689986,6.4337,6.417375898209898e-06
6535,796.2973448229986,6.5116,6.409835744629678e-06
6536,796.420529428,6.9218,6.402194395432159e-06
6537,796.5418295689997,5.6181,6.394574932716113e-06
6538,796.6623795699998,6.5181,6.387084263703769e-06
6539,796.7848967479986,6.4762,6.379641057407448e-06
6540,796.9055358249989,6.4162,6.372085672530914e-06
6541,797.0252330089988,6.5874,6.364624502407479e-06
6542,797.1470536689994,5.461,6.3572441388888684e-06
6543,797.2715663139988,6.4174,6.349716531296374e-06
6544,797.3946134469988,6.2443,6.341988466851889e-06
6545,797.5153183820003,5.9044,6.334439661049379e-06
6546,797.6362830069993,5.8616,6.3269973795679225e-06
6547,797.7591660229991,6.5978,6.319523173086411e-06
6548,797.8812971959997,4.2378,6.311953629876572e-06
6549,798.0039499550003,5.6724,6.304409940740797e-06
6550,798.1275717899989,6.6605,6.296829823209966e-06
6551,798.2505319310003,6.1975,6.289204610308652e-06
6552,798.371933942999,5.6735,6.281614927530866e-06
6553,798.4944344929991,5.7772,6.274106751111108e-06
6554,798.6162345499997,6.2329,6.26656605740748e-06
6555,798.7405710599996,6.052,6.25904100586428e-06
6556,798.8637139559996,6.3207,6.2513709251852345e-06
6557,798.9842567659998,5.004,6.2437556435185065e-06
6558,799.1082382980003,7.179,6.236313987407394e-06
6559,799.2310354549991,6.6641,6.2286003369753876e-06
6560,799.3565071169996,6.9308,6.221080616851843e-06
6561,799.4791431069989,5.6424,6.213339305123544e-06
6562,799.6024546539993,6.0206,6.205764363827188e-06
6563,799.7228150519986,6.4149,6.198166015555562e-06
6564,799.8460030249989,5.0366,6.190726237654315e-06
6565,799.9691695740003,5.6034,6.183127706234598e-06
6566,800.0929483639993,4.3428,6.175523342160572e-06
6567,800.2150119580001,6.0669,6.167886848765486e-06
6568,800.3351811920002,6.1496,6.160341887839594e-06
6569,800.4567696429986,5.8021,6.15293009555562e-06
6570,800.5792397419991,5.5842,6.145422793641969e-06
6571,800.701862042999,4.9596,6.1378652697531404e-06
6572,800.8260034949999,6.2927,6.130290129876587e-06
6573,800.9491245259997,5.3481,6.122640776481525e-06
6574,801.0721412879993,6.5365,6.1150316280247646e-06
6575,801.1962665289993,5.7832,6.107442847407446e-06
6576,801.3186634699996,6.8688,6.0997762343827644e-06
6577,801.4430503399999,5.1133,6.092222479814896e-06
6578,801.5658045969994,6.1781,6.084540128395133e-06
6579,801.6909203569994,6.2177,6.076972428888922e-06
6580,801.8139574389988,6.3795,6.069243406851838e-06
6581,801.9354741139996,5.9561,6.061650570370408e-06
6582,802.057156638999,6.3739,6.054143784382782e-06
6583,802.1790258579986,6.6924,6.046634753641983e-06
6584,802.3017751159987,6.1691,6.0391193877161245e-06
6585,802.4236730119992,6.3452,6.031542972777859e-06
6586,802.5444311809988,5.2501,6.024008611851922e-06
6587,802.662268402999,6.9901,6.01655681246922e-06
6588,802.7860834410003,5.6773,6.009296719691443e-06
6589,802.9093548719993,6.0118,6.0016441320987495e-06
6590,803.0312977329995,5.9479,5.994034376851942e-06
6591,803.1528056209991,6.0496,5.9865042117284554e-06
6592,803.2782205610001,7.0485,5.979001821666697e-06
6593,803.4014924549992,6.2871,5.971269867716134e-06
6594,803.5255424730003,6.5428,5.96365955314816e-06
6595,803.6516381780002,6.528,5.956007707098837e-06
6596,803.7753836209995,5.8029,5.948218864814858e-06
6597,803.8959793569993,5.4322,5.940570023827202e-06
6598,804.0200995340001,6.2486,5.933130545493859e-06
6599,804.1416440409994,5.5564,5.925466950246927e-06
6600,804.2635544799996,6.8844,5.917963887592615e-06
6601,804.385456471,6.6785,5.910435265123504e-06
6602,804.5085088409996,5.9906,5.902919534629614e-06
6603,804.6295930969991,5.7176,5.895316792222261e-06
6604,804.751522442999,6.0615,5.887851125185251e-06
6605,804.8728899429989,5.6008,5.880254995617301e-06
6606,804.9927579659998,5.8804,5.8728296067284305e-06
6607,805.1163341779993,6.4087,5.8654248442593425e-06
6608,805.2373600009996,5.9817,5.857805844814856e-06
6609,805.3616663829998,5.1457,5.850314967469167e-06
6610,805.4837672989997,5.7213,5.842651729074161e-06
6611,805.6052548110001,5.7925,5.835114776296274e-06
6612,805.7267198270001,6.1381,5.827612290679074e-06
6613,805.8482609900002,5.9425,5.820117988580337e-06
6614,805.9721783679997,6.1303,5.812612707962967e-06
6615,806.0960784660001,6.7955,5.804971043209861e-06
6616,806.2160488739992,6.0054,5.797316635987638e-06
6617,806.3360255549997,5.981,5.789912151358068e-06
6618,806.456758115999,6.1054,5.782508596358066e-06
6619,806.579068174,4.7236,5.775055819753172e-06
6620,806.700352197,5.9031,5.767505170987658e-06
6621,806.8237806819998,6.1648,5.760025750246933e-06
6622,806.9468128070002,6.0887,5.752412080802499e-06
6623,807.0687569769998,6.4017,5.744803511666691e-06
6624,807.1892703319991,6.6054,5.737277666296309e-06
6625,807.3107451719989,4.2354,5.729839845123508e-06
6626,807.4332919190001,5.4737,5.722330407777826e-06
6627,807.554783087,6.7427,5.714777411728428e-06
6628,807.675425849,5.7076,5.707276251234561e-06
6629,807.7950829419988,5.8462,5.6998247275309334e-06
6630,807.9159793299987,5.0557,5.692440737037052e-06
6631,808.0374311159994,6.3832,5.6849853272222306e-06
6632,808.1582811640001,6.843,5.677488473703746e-06
6633,808.2813650359985,6.7254,5.670025331481516e-06
6634,808.4028223799996,5.7407,5.662441085987668e-06
6635,808.5206531160002,4.1476,5.654928161111123e-06
6636,808.6434829629998,6.0301,5.647647354012348e-06
6637,808.7671828980001,5.2933,5.640076378518577e-06
6638,808.890139875999,5.763,5.632437248827227e-06
6639,809.0119031769991,5.7449,5.624849588642028e-06
6640,809.1333002430001,5.9003,5.617326108148191e-06
6641,809.253367837,4.7877,5.609839563024782e-06
6642,809.3736554480001,4.7847,5.602434862345752e-06
6643,809.492374952999,4.831,5.594987702407472e-06
6644,809.6161501979986,6.3792,5.587653533888959e-06
6645,809.736322666,4.4641,5.5800403894445015e-06
6646,809.8592464079993,7.2383,5.572582860555642e-06
6647,809.9816919429995,5.9221,5.565021748086479e-06
6648,810.102435883,6.0004,5.557472967345717e-06
6649,810.2232832779991,5.9486,5.5500046449383225e-06
6650,810.3450340379986,5.4839,5.542555255555565e-06
6651,810.4659358279987,5.5246,5.5350390081482295e-06
6652,810.5892837979991,5.6876,5.527563752407389e-06
6653,810.713527639,5.992,5.51996769691363e-06
6654,810.8360808799989,5.6697,5.512298488333334e-06
6655,810.955078559,5.3263,5.5047195569136125e-06
6656,811.077856767999,7.1932,5.497378356234617e-06
6657,811.2018885819998,5.6455,5.4898158088888985e-06
6658,811.3260420859988,6.3897,5.482151952716136e-06
6659,811.447699544,6.401,5.474488432469172e-06
6660,811.5670023809998,5.6135,5.466950276172894e-06
6661,811.6888133969987,5.791,5.459606904753145e-06
6662,811.810511357,5.5876,5.452096903827175e-06
6663,811.934990194999,6.641,5.44457384197532e-06
6664,812.0596112369985,5.7265,5.436884656666713e-06
6665,812.1811113679996,5.3818,5.429199030864251e-06
6666,812.302747886999,6.4092,5.421692262222261e-06
6667,812.4226996899997,4.9654,5.414200568024685e-06
6668,812.543389688999,6.2043,5.406785955493871e-06
6669,812.6661333419997,6.1185,5.3993413248148776e-06
6670,812.7885045959993,6.647,5.391760461419792e-06
6671,812.909008355,6.0968,5.384213972345742e-06
6672,813.0293977040001,5.9264,5.376768066481519e-06
6673,813.1526467570002,5.9332,5.3693331769754e-06
6674,813.2774683099997,6.7129,5.361662794691402e-06
6675,813.403598593999,6.1917,5.354036432962983e-06
6676,813.5266496650001,4.1071,5.346249909259349e-06
6677,813.6484995029987,5.3594,5.338644282654304e-06
6678,813.7736201939988,5.9396,5.331121520123445e-06
6679,813.8984750869986,5.3565,5.323408699321053e-06
6680,814.0202565899999,5.8445,5.3156908069135704e-06
6681,814.143033159,5.9475,5.308174238518604e-06
6682,814.2628075069988,6.0458,5.300601666172883e-06
6683,814.3863509849998,6.4961,5.2931960753086265e-06
6684,814.5061824789991,6.5704,5.28557943635804e-06
6685,814.6281129339986,6.19,5.278181801604998e-06
6686,814.7498286049995,6.6598,5.270648970802506e-06
6687,814.8747482279996,6.5904,5.263141952284034e-06
6688,814.9981602349999,6.7606,5.2554303074074276e-06
6689,815.1193717599999,6.6092,5.2478015575926075e-06
6690,815.2419224899986,5.4315,5.24032011395062e-06
6691,815.3649612099998,6.0213,5.23276449246915e-06
6692,815.487091515999,6.443,5.225170446543237e-06
6693,815.6079243639997,5.4864,5.2176290249383195e-06
6694,815.7319704490001,6.5468,5.210154251111099e-06
6695,815.8539347459991,5.4157,5.202492830000027e-06
6696,815.9747661229994,6.0552,5.1949650775308615e-06
6697,816.09756509,6.2,5.187522728456879e-06
6698,816.2190036969987,6.2703,5.1799419219136285e-06
6699,816.343699916999,5.8753,5.172448713642047e-06
6700,816.4652411440002,5.3213,5.1647604686420495e-06
6701,816.5884428569989,7.0936,5.157256050617298e-06
6702,816.708724664999,5.0519,5.149580425000011e-06
6703,816.8319648799988,5.6985,5.142218379876596e-06
6704,816.9567028829988,6.5597,5.134617605432185e-06
6705,817.0794386149992,6.1668,5.126915717530861e-06
6706,817.1998961169993,4.9693,5.1193380415432705e-06
6707,817.3215707090003,5.8836,5.111891764444532e-06
6708,817.4439780409994,5.6741,5.104385895123481e-06
6709,817.5658989289986,5.7942,5.0968323649382806e-06
6710,817.6847374970002,5.5255,5.0893121768518685e-06
6711,817.8083493060003,5.7023,5.081965121790172e-06
6712,817.9291404180003,6.6677,5.074346289321052e-06
6713,818.051070771,4.8737,5.06688209067907e-06
6714,818.1743891009992,4.908,5.0593561189506815e-06
6715,818.2974463009996,6.7966,5.051748715740818e-06
6716,818.4200419459994,6.277,5.04415635524692e-06
6717,818.5376291519988,5.1669,5.036589915185169e-06
6718,818.6618363069992,5.2539,5.029318101790154e-06
6719,818.7849974399996,6.2936,5.021660886790147e-06
6720,818.905373177,3.6531,5.014051596172853e-06
6721,819.0290777689988,6.7822,5.006607407283942e-06
6722,819.151417351999,6.0988,4.998993431172832e-06
6723,819.2742110419986,6.5906,4.9914301640123615e-06
6724,819.3951760649998,5.0511,4.983864223148222e-06
6725,819.5169105679997,5.4808,4.9763821922222675e-06
6726,819.6390215880001,6.4488,4.968870039753071e-06
6727,819.7626676330001,5.9119,4.961334085061742e-06
6728,819.8877800310001,6.5613,4.953705676481473e-06
6729,820.0099069009993,6.2149,4.945979213024782e-06
6730,820.1310727439995,4.8002,4.938410495123441e-06
6731,820.2515463589989,6.5566,4.9309548766049595e-06
6732,820.3749811709986,6.6104,4.923517641604974e-06
6733,820.4973113809992,6.2278,4.915907790864255e-06
6734,820.6197464039997,5.7147,4.908361259506222e-06
6735,820.7396785229994,6.143,4.9007986065432446e-06
6736,820.8612472579989,6.1417,4.893390953209881e-06
6737,820.9841412529986,5.507,4.885893921419765e-06
6738,821.1058399020003,4.6309,4.878301034444427e-06
6739,821.2291957589987,6.2115,4.870772581913608e-06
6740,821.3495706039994,4.4095,4.863181499506231e-06
6741,821.4729682799989,6.8502,4.8557447419753546e-06
6742,821.5944413349989,5.2894,4.848137588148155e-06
6743,821.7148883209993,6.8356,4.840633167654412e-06
6744,821.8372197179997,6.7948,4.833195588271672e-06
6745,821.9596293499999,5.965,4.82565465382715e-06
6746,822.0833147489993,5.6057,4.818085887222262e-06
6747,822.2062493569993,5.4347,4.8104512780247634e-06
6748,822.329920971999,6.1814,4.802872896049432e-06
6749,822.451198802999,6.3669,4.795242428456809e-06
6750,822.5719092219988,5.242,4.787743913765452e-06
6751,822.6950108509991,6.3134,4.780298118641979e-06
6752,822.8175405559996,6.1605,4.772697646975321e-06
6753,822.9384893419992,4.7587,4.76512663808647e-06
6754,823.0582197779986,5.53,4.757651242962985e-06
6755,823.1819791979997,5.8406,4.7502662328395346e-06
6756,823.3015647419998,5.295,4.742630219074113e-06
6757,823.4236407839999,5.9703,4.735250716666661e-06
6758,823.5460055080002,6.3229,4.727722563641995e-06
6759,823.6682440699988,6.7955,4.720110775802533e-06
6760,823.7897043180001,5.3146,4.7126129341357905e-06
6761,823.9137460129987,6.4439,4.705113296543201e-06
6762,824.0362805779987,6.0841,4.697467052469229e-06
6763,824.1602675389986,5.3176,4.689896110061748e-06
6764,824.2832869880003,5.9547,4.682251018395145e-06
6765,824.407134617999,5.3907,4.674645110802506e-06
6766,824.5292345599992,5.9772,4.667018439506227e-06
6767,824.6536749649986,6.7884,4.659470823024681e-06
6768,824.7752905349989,6.719,4.6517732363580205e-06
6769,824.8999459199986,5.786,4.644284118333381e-06
6770,825.0214964639999,5.9216,4.636577415740811e-06
6771,825.1439495079994,5.8029,4.629088163271633e-06
6772,825.2664158319985,6.2934,4.621523685740792e-06
6773,825.3865198299991,5.7581,4.613962338456828e-06
6774,825.5080986029989,6.224,4.6065427684567845e-06
6775,825.6279054930001,5.9052,4.599046642284005e-06
6776,825.749083155999,6.3079,4.591643889629671e-06
6777,825.8686529810002,6.0474,4.584169722407461e-06
6778,825.9932400649996,5.8468,4.5767879238272525e-06
6779,826.1166706989989,6.6341,4.569104267654361e-06
6780,826.2375732559995,6.0927,4.56147699907416e-06
6781,826.3602560029994,6.1222,4.554011517592599e-06
6782,826.482282519999,6.3888,4.546445874444477e-06
6783,826.6068703509991,6.2832,4.5389191204938284e-06
6784,826.7293514249995,5.3073,4.531227646234643e-06
6785,826.8515279219991,6.329,4.52366158240749e-06
6786,826.97206835,5.7498,4.516111363641973e-06
6787,827.0927830679993,4.681,4.508676328148143e-06
6788,827.2145746339993,3.8297,4.5012248095062435e-06
6789,827.3374630669987,6.4364,4.493713605864252e-06
6790,827.4604727219994,6.0502,4.4861266621605725e-06
6791,827.5831132389994,6.7062,4.478536549753093e-06
6792,827.7065986239995,6.0185,4.470972320740779e-06
6793,827.8299925369993,5.9297,4.463339998395066e-06
6794,827.9518235630003,4.8749,4.455717759567929e-06
6795,828.0754222189989,5.4296,4.448194066790168e-06
6796,828.1994686959988,5.9657,4.440570943086442e-06
6797,828.3207512089994,6.3714,4.432912631234587e-06
6798,828.4429160419986,6.4805,4.425422241790139e-06
6799,828.5635461429993,6.0288,4.417890477592618e-06
6800,828.6861079600003,5.8387,4.410439422777862e-06
6801,828.8077106620003,6.9249,4.4028831529012216e-06
6802,828.9297996469995,5.7826,4.3953647491976e-06
6803,829.0497918169985,6.1987,4.387832011728471e-06
6804,829.1715834179995,6.164,4.38041690999999e-06
6805,829.292542018,6.3582,4.372908633333372e-06
6806,829.4163780589988,6.3631,4.365445290308634e-06
6807,829.5373313079999,5.6389,4.357803007777772e-06
6808,829.6593239869999,6.3607,4.3503354069136195e-06
6809,829.7804968029996,5.5737,4.3427974828395165e-06
6810,829.9036561649991,5.8195,4.335317627839552e-06
6811,830.0285865059996,5.9488,4.327723106851878e-06
6812,830.1500151839991,5.5292,4.320009495185229e-06
6813,830.2713442229997,5.4759,4.312507874691407e-06
6814,830.3915660509992,5.6382,4.305018623456786e-06
6815,830.5139826779996,5.5447,4.297589467777819e-06
6816,830.636144529999,6.4812,4.290034489074096e-06
6817,830.7564815280002,6.6184,4.282505736419795e-06
6818,830.8766357489985,5.4347,4.275064256790184e-06
6819,830.998374335999,6.7629,4.267656961543298e-06
6820,831.1186722019993,5.2206,4.260143484938295e-06
6821,831.2402381619995,5.4595,4.252707353703772e-06
6822,831.3608642489999,6.063,4.2452129822222685e-06
6823,831.4845048589996,6.2208,4.2377704333950605e-06
6824,831.6052223039987,4.9239,4.230140209382749e-06
6825,831.7269883680001,5.879,4.222684635123536e-06
6826,831.8505079730003,7.0317,4.215168576543244e-06
6827,831.973652188999,5.9096,4.207558170864228e-06
6828,832.0977686690003,6.2956,4.199927188395086e-06
6829,832.2202347579987,6.3351,4.192290704320973e-06
6830,832.3425031280003,6.2899,4.184716763271623e-06
6831,832.4674302209987,7.1272,4.177172371358062e-06
6832,832.5905565789999,5.2038,4.1694488775926795e-06
6833,832.7136301239989,6.4649,4.161864115061759e-06
6834,832.8355215929987,5.2672,4.154270386481562e-06
6835,832.9580263989992,5.8856,4.146707995432176e-06
6836,833.0821185149998,6.8093,4.139184012716035e-06
6837,833.2018034800003,5.5841,4.131529230617276e-06
6838,833.3261492519996,5.7782,4.1241270363581055e-06
6839,833.450765345,6.356,4.116457164629628e-06
6840,833.5738471650002,4.869,4.108760237716042e-06
6841,833.6983055700002,6.4973,4.101153795000068e-06
6842,833.8210523549988,5.9964,4.093482854444536e-06
6843,833.941685148,4.6001,4.085907374567987e-06
6844,834.064852694999,6.49,4.078452156172829e-06
6845,834.1866036639985,6.1309,4.070857700308683e-06
6846,834.3055520489997,6.0033,4.063334886296383e-06
6847,834.4266987449992,6.0244,4.055979813765476e-06
6848,834.5497161549993,6.3898,4.048515000123515e-06
6849,834.6713590359996,5.986,4.040921566728473e-06
6850,834.792795116,6.2084,4.0334151480864335e-06
6851,834.9125453249999,5.9367,4.025917114321048e-06
6852,835.0343082149993,5.509,4.018534482222297e-06
6853,835.153746643,5.2505,4.010958638333406e-06
6854,835.2742271159987,5.9869,4.003627113148179e-06
6855,835.3982881310003,5.6082,3.9961998145062575e-06
6856,835.5202997790002,6.186,3.988544981790187e-06
6857,835.6395416180003,6.7724,3.981009859814805e-06
6858,835.7625780069993,5.8757,3.973640258333416e-06
6859,835.8849443269992,5.4411,3.966059288148155e-06
6860,836.0071208729987,6.1519,3.958497917716092e-06
6861,836.1299286960002,5.1885,3.950946419074147e-06
6862,836.251299087,6.2032,3.943380030925909e-06
6863,836.3767780489998,6.6718,3.93588016012349e-06
6864,836.4978073410002,5.4293,3.928147536604948e-06
6865,836.615928199999,6.3116,3.920656656172928e-06
6866,836.737684914,5.8723,3.913361720493908e-06
6867,836.8606507759996,6.4388,3.905859706666753e-06
6868,836.9815545330002,5.937,3.898281989321067e-06
6869,837.1053493909985,6.3628,3.89080086407409e-06
6870,837.229164684999,6.5972,3.883174927407451e-06
6871,837.353191492999,5.7775,3.8755297876544085e-06
6872,837.4727607419991,5.9194,3.867876224629657e-06
6873,837.5928397759999,5.314,3.860475267222313e-06
6874,837.7132122049989,6.0886,3.853071652901247e-06
6875,837.836031801,6.0643,3.84563509111115e-06
6876,837.9595049669988,6.3737,3.838061727469217e-06
6877,838.079850954,4.482,3.8304422954321075e-06
6878,838.2014737359987,6.262,3.823010773827196e-06
6879,838.3246146919992,5.5794,3.81544200771613e-06
6880,838.4488116339999,6.2809,3.8079074724074957e-06
6881,838.5735014399997,6.2703,3.8002460895679604e-06
6882,838.6948145609986,4.9825,3.792549263827239e-06
6883,838.8183468360003,6.3922,3.7850466372839456e-06
6884,838.940175542999,5.9827,3.777425448703786e-06
6885,839.0626801509989,5.3604,3.7698990761111165e-06
6886,839.1859526509998,6.6349,3.762333554197517e-06
6887,839.310887222,6.326,3.7547365622222162e-06
6888,839.4315455340002,6.0558,3.7470201002468952e-06
6889,839.5529155080003,5.6359,3.7395658768518526e-06
6890,839.6745685739988,6.4188,3.732085966049442e-06
6891,839.7968789259994,6.7517,3.7245702210494504e-06
6892,839.9196441530003,5.6548,3.7170025532099363e-06
6893,840.0428964989987,6.5755,3.709433595617334e-06
6894,840.1658848850002,5.2675,3.7018427004321344e-06
6895,840.2874531139987,5.9419,3.6942520434568474e-06
6896,840.4107370349993,6.2255,3.686744534382758e-06
6897,840.5322250429999,5.2355,3.6791286610494135e-06
6898,840.6529340879988,5.7685,3.671614350123492e-06
6899,840.7765502289985,5.6618,3.6641727094444856e-06
6900,840.899379348999,4.603,3.6564656319753754e-06
6901,841.0233377169989,5.5093,3.6489606588271776e-06
6902,841.1454193659993,6.9586,3.641306386790111e-06
6903,841.2666032809993,6.2601,3.6337359437037587e-06
6904,841.3905852979988,6.3501,3.626292741481524e-06
6905,841.5146147579999,6.5044,3.6186574656173366e-06
6906,841.6387298709997,6.4012,3.6109970582098583e-06
6907,841.7620798859989,6.9169,3.6033366696913485e-06
6908,841.8834529119995,5.7856,3.595721385987688e-06
6909,842.0059410769991,6.0451,3.588226227530855e-06
6910,842.1282711219992,4.5715,3.580665566790198e-06
6911,842.2516169800001,6.5408,3.5731144744444665e-06
6912,842.374440661999,5.6451,3.565498245987686e-06
6913,842.4948942829997,5.6685,3.557924773086474e-06
6914,842.6189512429992,6.5144,3.55047410796302e-06
6915,842.7410567129991,6.5135,3.542824079074114e-06
6916,842.862994399,6.1804,3.535288573456802e-06
6917,842.9847818830003,6.6421,3.5277576122222876e-06
6918,843.1063188030002,5.1442,3.5202415100617057e-06
6919,843.2267766799996,5.5048,3.5127347467284745e-06
6920,843.3505521299994,6.4186,3.505292659753123e-06
6921,843.4728933030001,5.5196,3.4976626843827354e-06
6922,843.5956796600003,5.6111,3.490108178888879e-06
6923,843.7188599459987,6.1445,3.482538158333326e-06
6924,843.841148513,5.854,3.4749214321605163e-06
6925,843.9651287919987,6.2634,3.467376937777783e-06
6926,844.0865971639996,4.3034,3.459722257592618e-06
6927,844.2091191039999,6.1463,3.452223401913618e-06
6928,844.3320017139995,6.1279,3.44466685629638e-06
6929,844.4570240199992,5.929,3.437076776913667e-06
6930,844.578502458,6.1696,3.4293628308642135e-06
6931,844.7001301290002,6.1442,3.4218549725926697e-06
6932,844.8231793149989,5.9953,3.4143524668518335e-06
6933,844.9414259189998,5.6327,3.4067273585186076e-06
6934,845.062250732999,7.0079,3.3994724677160304e-06
6935,845.1823161889988,5.642,3.3919890144444467e-06
6936,845.3049374049988,5.8783,3.3845738204938804e-06
6937,845.4261300929993,6.5603,3.3770190261111555e-06
6938,845.5482315640002,5.0273,3.3695382483333705e-06
6939,845.6698644529988,5.7224,3.362003104629713e-06
6940,845.7907707369995,5.9859,3.3544926851235112e-06
6941,845.9115353219986,6.4077,3.347023492098833e-06
6942,846.0341624459998,5.3978,3.3395599124074085e-06
6943,846.1553528229997,5.0611,3.3319649872222138e-06
6944,846.2745009760001,5.2234,3.324528038641983e-06
6945,846.3972960310002,5.1751,3.3171566735185456e-06
6946,846.518818565999,5.9916,3.3095893001852065e-06
6947,846.6417287429995,6.126,3.302094035185227e-06
6948,846.7623328689988,4.9739,3.2945042608024555e-06
6949,846.8818783939987,6.0958,3.287058830246903e-06
6950,847.0040941890002,6.1725,3.2796233134567867e-06
6951,847.1253470319989,5.7648,3.272131713580323e-06
6952,847.246943922999,6.6431,3.2646420600617124e-06
6953,847.3693882099997,6.2344,3.257139940679049e-06
6954,847.4927718250001,5.8733,3.249588598827147e-06
6955,847.6160949280002,6.0794,3.2419727306172876e-06
6956,847.7344080769999,4.9362,3.2343627904939e-06
6957,847.8552097359989,6.5835,3.2270449337654497e-06
6958,847.9754053929992,6.3148,3.2196025300617107e-06
6959,848.096703276,6.2777,3.2121714093209686e-06
6960,848.2173022609986,5.7642,3.2046873560494408e-06
6961,848.3381062879998,6.3543,3.1972437287654254e-06
6962,848.458907839,6.742,3.1897838384567722e-06
6963,848.5800727079986,4.9133,3.1823408203086324e-06
6964,848.7017151609998,6.5495,3.1748599829629856e-06
6965,848.8225973629997,5.715,3.1673482089507044e-06
6966,848.9477500399989,6.1258,3.1598691876543297e-06
6967,849.073970771,6.9857,3.1521537682098758e-06
6968,849.1970192129993,5.0672,3.1443676828395716e-06
6969,849.3187960979994,5.609,3.1367782034567972e-06
6970,849.4399685709996,5.6511,3.129247359567988e-06
6971,849.5597840629998,5.6961,3.121767862530872e-06
6972,849.6795560329992,5.6963,3.1143652822839486e-06
6973,849.7987366569996,6.107,3.1069785490124125e-06
6974,849.9208080359986,6.2384,3.099617634691382e-06
6975,850.0455225489986,6.2265,3.092100448456797e-06
6976,850.168503371,6.6643,3.0843327819753466e-06
6977,850.291149884999,5.3996,3.076804759753088e-06
6978,850.4147847519998,5.8366,3.0692366080247783e-06
6979,850.5324382700001,6.4891,3.0615986932099493e-06
6980,850.6540182169992,6.1477,3.0543514379630268e-06
6981,850.7788454450001,6.1768,3.0468312420987465e-06
6982,850.9037488979993,6.4806,3.039114423333367e-06
6983,851.0254520559993,4.9368,3.031411874074108e-06
6984,851.145541246,6.0673,3.0239042677778438e-06
6985,851.2662337869988,5.9871,3.0164906051852736e-06
6986,851.390363262999,6.2011,3.0090402330247737e-06
6987,851.5140233809998,6.4158,3.0013682458642778e-06
6988,851.6358403569993,5.895,2.9937534069136354e-06
6989,851.7581245319998,5.8887,2.9862248164197693e-06
6990,851.8782856919988,6.1837,2.978672629135837e-06
6991,852.0005371360003,5.5995,2.971213116851923e-06
6992,852.1220472549994,5.6355,2.963722918086409e-06
6993,852.2420735609994,5.4913,2.95621194012351e-06
6994,852.3596781769993,6.4568,2.9487988417284563e-06
6995,852.4815710610001,6.1019,2.941556810370388e-06
6996,852.6006457009989,4.5194,2.934020093209905e-06
6997,852.7228312770003,5.2302,2.926678309135872e-06
6998,852.842151159999,5.8787,2.9191190882098705e-06
6999,852.9651735150001,6.402,2.911751900555604e-06
7000,853.0881116620003,6.1769,2.904179105802496e-06
7001,853.2093635389992,5.6092,2.896583131666747e-06
7002,853.3319586149992,6.2678,2.8890894743827947e-06
7003,853.4545743519993,6.4873,2.8815196385185592e-06
7004,853.5738591359986,6.3011,2.873954150123542e-06
7005,853.8507881189998,5.6566,2.866592423024711e-06
7006,853.971927392,5.5261,2.8495025712963087e-06
7007,854.0929069020003,6.5005,2.8420225291358073e-06
7008,854.2160301479998,6.2421,2.8345629359259496e-06
7009,854.3394833849998,6.3458,2.8269624667284e-06
7010,854.4595368819992,5.6374,2.819341190555591e-06
7011,854.5803601039988,5.4001,2.81192246580253e-06
7012,854.7025437089997,5.778,2.8044605541358402e-06
7013,854.8254540870003,5.8405,2.7969255814815245e-06
7014,854.9452691299994,6.8087,2.789274381790208e-06
7015,855.0682033100002,5.709,2.781953765925993e-06
7016,855.1898247339996,6.1166,2.774348926728454e-06
7017,855.3135095729995,6.6528,2.7668457241975643e-06
7018,855.4382935989997,6.051,2.759220434074089e-06
7019,855.5579710410002,4.1378,2.751518276728449e-06
7020,855.6800833549987,6.4565,2.744112065123505e-06
7021,855.8031170630002,6.3827,2.7365725803704167e-06
7022,855.9263146779995,5.6721,2.7289884462346483e-06
7023,856.0477915920001,6.2136,2.7213768725926404e-06
7024,856.1694607070003,6.091,2.7138733034567877e-06
7025,856.2916668679991,6.8571,2.7063733484568366e-06
7026,856.4141524229999,6.2507,2.698825302716129e-06
7027,856.5367395459998,5.7531,2.6912657444445155e-06
7028,856.6589351889997,6.6555,2.6837042158024794e-06
7029,856.780201141999,5.8975,2.6761582691357976e-06
7030,856.9029434259992,6.5241,2.6686626679629957e-06
7031,857.0235152650002,5.4199,2.6610959082099263e-06
7032,857.1475149509988,6.762,2.6536498222839436e-06
7033,857.26849597,6.6219,2.645992914876616e-06
7034,857.3883890460002,5.8073,2.6385316856172794e-06
7035,857.5112955200002,6.1618,2.6311290014814694e-06
7036,857.6356590409996,6.7219,2.623545175555603e-06
7037,857.758156595999,5.3548,2.6158460383950646e-06
7038,857.8814739999998,6.1069,2.6083087940741603e-06
7039,858.0041312949998,4.9845,2.6006978174074105e-06
7040,858.1262884939988,5.8679,2.5931179438271948e-06
7041,858.2500248979995,6.8849,2.5855782322839696e-06
7042,858.3710441099993,6.1742,2.5779471498148797e-06
7043,858.493334843999,7.3075,2.5704649954320926e-06
7044,858.6159956680003,6.7446,2.5629230809877115e-06
7045,858.7369541319986,5.5966,2.555358295925947e-06
7046,858.8575521469993,5.8925,2.54788250049387e-06
7047,858.9776480049986,6.2903,2.540438517345689e-06
7048,859.1020342929987,5.9701,2.5330186291357915e-06
7049,859.2274627039988,6.1718,2.5253553091358683e-06
7050,859.3476382150002,5.5504,2.517609509753094e-06
7051,859.4658987209987,6.0543,2.5101607148148407e-06
7052,859.5893096379987,6.342,2.5028815301234685e-06
7053,859.7121772270002,6.3186,2.4952810041975914e-06
7054,859.8330834239987,5.8296,2.487684815061786e-06
7055,859.9550645740001,6.5823,2.48022346623466e-06
7056,860.0775499339998,6.2294,2.4726923549999894e-06
7057,860.2009491070003,5.9104,2.4651310980864485e-06
7058,860.3220879519995,5.9006,2.4575216678394907e-06
7059,860.4437891910002,6.1534,2.450031560740823e-06
7060,860.5644468829996,6.31,2.4425250942592515e-06
7061,860.6847126329994,6.8959,2.4350580596914086e-06
7062,860.8024855029998,3.9484,2.4276533990740537e-06
7063,860.9220289579989,5.6878,2.420370422530849e-06
7064,861.042952967,4.9166,2.4130041767284063e-06
7065,861.1624391839996,5.1843,2.4055439380246737e-06
7066,861.2843893179997,5.9474,2.3981526638272023e-06
7067,861.4078984909993,6.4703,2.3906292721605715e-06
7068,861.5273946739999,6.3822,2.383025176913639e-06
7069,861.6490513919998,5.8538,2.37562983000002e-06
7070,861.7700159489996,6.5083,2.3681375143210227e-06
7071,861.8923601320002,6.3113,2.360659587839559e-06
7072,862.0175700580003,6.787,2.353109270123488e-06
7073,862.1393505059987,5.9421,2.3453629683333756e-06
7074,862.2594187499999,5.3258,2.337859951913618e-06
7075,862.3790513669992,6.1168,2.3304411108642565e-06
7076,862.500784115,6.9515,2.323060846111158e-06
7077,862.6241621989993,6.1062,2.315557110493871e-06
7078,862.7452689299989,5.9652,2.307933272345675e-06
7079,862.8677736649988,6.4132,2.3004538716049627e-06
7080,862.9917353829987,6.1994,2.2928859923456616e-06
7081,863.114740388999,6.7092,2.285239335617323e-06
7082,863.2337570729997,4.5759,2.277645673827161e-06
7083,863.3576422709993,6.6395,2.270269182407464e-06
7084,863.4789416650001,5.9659,2.26266291246921e-06
7085,863.6021503470001,6.6431,2.2551761190124254e-06
7086,863.7228224909995,4.8199,2.247570686481537e-06
7087,863.8425999119991,5.8607,2.2401164167284274e-06
7088,863.9634888909986,6.3734,2.232715430925986e-06
7089,864.0813495439997,5.0319,2.225255579135782e-06
7090,864.2043342669986,6.4005,2.217976114567966e-06
7091,864.3253851190002,5.4803,2.2103903214197696e-06
7092,864.4473642739995,6.3088,2.2029202748765298e-06
7093,864.570066671,6.7717,2.1953868909259877e-06
7094,864.6914211099993,4.1205,2.1878182509260158e-06
7095,864.812003908999,4.6298,2.1803228100000018e-06
7096,864.9346667089994,6.4591,2.172838868518512e-06
7097,865.058099337999,6.5814,2.1652999240741103e-06
7098,865.1833973149987,6.2114,2.1576917924073902e-06
7099,865.3040629730003,6.6037,2.149946744259268e-06
7100,865.4265890759998,6.6604,2.1425026585185137e-06
7101,865.5482729899995,5.6344,2.1349427303704485e-06
7102,865.6693717950002,5.0966,2.1274188930864414e-06
7103,865.7933182689994,6.2318,2.1199612761111097e-06
7104,865.9146599369997,6.0101,2.112309457901307e-06
7105,866.0368667949988,6.5678,2.104809970061733e-06
7106,866.1574627999998,6.2778,2.097243634444446e-06
7107,866.278229055999,4.2011,2.0898291509876543e-06
7108,866.3997453579996,6.1522,2.0823733245062483e-06
7109,866.5205214959988,7.0079,2.074880176605015e-06
7110,866.6431977310003,5.8798,2.0674125582099578e-06
7111,866.7634978749993,6.0951,2.0598501750000777e-06
7112,866.8866452379989,6.7549,2.052417619321023e-06
7113,867.007291631,5.9634,2.044817317901221e-06
7114,867.127571993,5.4453,2.0373605039506473e-06
7115,867.2486863559989,6.8687,2.029931448888972e-06
7116,867.3696104889987,5.7741,2.022471192592573e-06
7117,867.4906809940003,4.9412,2.0149981994444845e-06
7118,867.6118580860002,4.4959,2.007526486604999e-06
7119,867.7334062600003,4.9051,2.0000478467284645e-06
7120,867.8511855790002,6.8888,1.9925426928395272e-06
7121,867.9726824439986,5.4915,1.9852885822840285e-06
7122,868.0958090599997,6.2988,1.9777738202469366e-06
7123,868.2191041959995,6.2175,1.970170799444487e-06
7124,868.343019902999,6.0838,1.962565281728418e-06
7125,868.4652642919991,6.2973,1.9549197825309394e-06
7126,868.5856955459985,5.9528,1.947369729814902e-06
7127,868.7070761180003,5.6051,1.9399441393210373e-06
7128,868.8286482639996,6.4735,1.932438291975397e-06
7129,868.9500993419988,5.9766,1.924941199691421e-06
7130,869.0711027739999,5.7134,1.9174312541358265e-06
7131,869.1924449380003,6.3849,1.9099489632716794e-06
7132,869.3149979379996,5.74,1.9024804041975874e-06
7133,869.4356762949992,5.7763,1.8949116899382724e-06
7134,869.5534485890003,6.5975,1.887461794197598e-06
7135,869.6756844849988,5.5025,1.8802088600000656e-06
7136,869.8003374999989,6.4467,1.8726485814197614e-06
7137,869.9243785189992,6.062,1.8649559066667543e-06
7138,870.0476313529998,6.6456,1.8573031734567758e-06
7139,870.169824831999,6.0766,1.8496869422839736e-06
7140,870.2915722399994,5.1588,1.84214347444443e-06
7141,870.4124134829999,5.3289,1.834631804629705e-06
7142,870.5331593999999,6.7068,1.8271767558642905e-06
7143,870.6562603499988,6.1636,1.8197053604938063e-06
7144,870.778699688999,6.4142,1.8121092370371074e-06
7145,870.8983033899985,5.7252,1.804560849691428e-06
7146,871.0192790379988,5.3868,1.7971735735185846e-06
7147,871.1412302589997,6.4216,1.7897019908642843e-06
7148,871.2630006899999,4.9913,1.7821846440741252e-06
7149,871.385091356,6.4043,1.774665112469187e-06
7150,871.5071385310002,6.399,1.7671311856173379e-06
7151,871.6281605099994,6.3054,1.7596009178395211e-06
7152,871.7503123709994,5.7909,1.7520564378394943e-06
7153,871.8694802169994,6.7516,1.7445829524691648e-06
7154,871.9911913429987,6.5399,1.7372280924074503e-06
7155,872.1125746639991,6.1137,1.7297124841975987e-06
7156,872.2336069430003,5.3616,1.7222175762345805e-06
7157,872.3521069519993,6.5885,1.7147528720370564e-06
7158,872.4733515709995,6.8928,1.7074300228395513e-06
7159,872.5925506749991,6.3698,1.6999546741975293e-06
7160,872.7119005059994,5.8579,1.692599331790129e-06
7161,872.8325856529991,6.6513,1.6852191980864572e-06
7162,872.9537130389999,4.8142,1.6777826741975866e-06
7163,873.0753037809991,6.0429,1.670298686111116e-06
7164,873.1983559469991,6.516,1.6627933095062387e-06
7165,873.3187440789989,6.1192,1.6552079217901196e-06
7166,873.4400394690001,6.3682,1.6477671477778234e-06
7167,873.561060394999,6.0827,1.6402875405555406e-06
7168,873.6831200859997,6.7079,1.6328153695679748e-06
7169,873.8053867139988,5.7845,1.6252830429629607e-06
7170,873.9274204169997,5.4008,1.6177345185185932e-06
7171,874.049265280999,5.5173,1.6102035823457096e-06
7172,874.1714823599996,5.7374,1.6026792382716094e-06
7173,874.2914623199995,5.9769,1.5951384954321301e-06
7174,874.4094435689985,6.656,1.5877243100617834e-06
7175,874.5307364529999,5.4594,1.5804567001234504e-06
7176,874.649775078,6.4526,1.5729604738889624e-06
7177,874.7685735739997,6.3708,1.5656138435802659e-06
7178,874.8915250640002,5.4567,1.5582881193210053e-06
7179,875.0135109980001,6.4536,1.5506890351851933e-06
7180,875.138878877,6.1037,1.5431544351852123e-06
7181,875.2597703489992,5.3482,1.5354107290741105e-06
7182,875.3795529210001,5.8505,1.5279473544444368e-06
7183,875.5029689599996,6.3843,1.5205313462345994e-06
7184,875.6235830149999,4.6831,1.512950076419789e-06
7185,875.7459781839989,6.1502,1.5054847897531144e-06
7186,875.8658996229988,3.4286,1.4979513413580227e-06
7187,875.9882782149998,5.0892,1.4905273154321832e-06
7188,876.110750025,6.9253,1.4829823285185452e-06
7189,876.2318304,5.7457,1.4754126904321263e-06
7190,876.3534396180003,6.3793,1.4679527964815643e-06
7191,876.4746354269992,6.4402,1.4604496162962888e-06
7192,876.5958782170001,5.4786,1.45296597598768e-06
7193,876.7160084709994,6.1325,1.445480356234591e-06
7194,876.8367201210003,5.5606,1.4380648129012963e-06
7195,876.9584274680001,6.1071,1.4306166545679013e-06
7196,877.0763317299989,6.7797,1.4230969672839656e-06
7197,877.1968394229989,6.362,1.4158118396913611e-06
7198,877.3184319510001,6.0294,1.4083796385185199e-06
7199,877.440103162,4.9139,1.4008898167284567e-06
7200,877.562918005,5.9601,1.3933723537655097e-06
7201,877.6866024219999,6.2557,1.3858031005555771e-06
7202,877.8071364459993,5.2122,1.3781564877778374e-06
7203,877.9279381729993,4.4375,1.37071312506179e-06
7204,878.0499737169994,6.0109,1.3632450362346394e-06
7205,878.1713958179989,6.1602,1.3557227149382845e-06
7206,878.2925393369987,5.8007,1.3482244951235235e-06
7207,878.4132987399989,6.1083,1.3407581860493902e-06
7208,878.5330097159986,4.4613,1.3332934259876694e-06
7209,878.6532155570003,6.4126,1.3259049251852673e-06
7210,878.7756104299988,5.8086,1.3184815328394828e-06
7211,878.8986079259994,6.0107,1.310931514506164e-06
7212,879.0227563319986,6.6877,1.303340793024682e-06
7213,879.1462684639991,4.6219,1.2956731976543234e-06
7214,879.2677930949994,5.5159,1.2880481689506175e-06
7215,879.390318497999,6.1183,1.2805037206790439e-06
7216,879.5112344979989,5.3725,1.272964693703721e-06
7217,879.6349051769994,6.2137,1.265515935740802e-06
7218,879.7576219009989,5.5921,1.2578797802469122e-06
7219,879.878136583,6.226,1.2503175000617873e-06
7220,879.9977491929985,5.2546,1.2428711728395602e-06
7221,880.1210623579991,5.0633,1.2354867429013096e-06
7222,880.2452400179991,6.4143,1.2278835415432732e-06
7223,880.3635905760002,6.4103,1.2202150760494524e-06
7224,880.4866320559995,6.3019,1.2129094466666935e-06
7225,880.6075793599994,6.826,1.205309579506242e-06
7226,880.729470368,6.3622,1.1978124864197749e-06
7227,880.8516618239992,6.0391,1.190323957901307e-06
7228,880.974687639,5.9146,1.1827840903086696e-06
7229,881.0993076939994,6.1708,1.1751891047531271e-06
7230,881.222320932,6.1269,1.1674857547531726e-06
7231,881.3420462429985,5.2888,1.1598805185185247e-06
7232,881.4643080959995,6.3689,1.152490051172883e-06
7233,881.584503692,4.8943,1.1449540006790882e-06
7234,881.7061331349996,5.7469,1.1375424024074044e-06
7235,881.8288069680002,6.4835,1.130025207345664e-06
7236,881.950436748999,5.329,1.1224515770988376e-06
7237,882.0730748819988,5.6823,1.1149369472222172e-06
7238,882.1966638590002,5.8394,1.1073567620988545e-06
7239,882.3176214819996,5.4361,1.0997552300617553e-06
7240,882.4379742579986,5.8144,1.0922820924074207e-06
7241,882.5604901119987,6.3801,1.0848542187037903e-06
7242,882.6805586699993,6.3676,1.0772908550617633e-06
7243,882.8012834759993,5.6935,1.069881085000074e-06
7244,882.9235389569985,6.2559,1.062427401481536e-06
7245,883.0448929069989,5.0049,1.0548908379630019e-06
7246,883.166162088999,5.9664,1.0473938932716031e-06
7247,883.2873233699993,5.4392,1.039908825493885e-06
7248,883.4077703559997,6.3528,1.0324198196913492e-06
7249,883.5303714839993,6.4883,1.0249963455556067e-06
7250,883.6515094919996,6.4889,1.0174277191358495e-06
7251,883.7752892169992,6.1221,1.0099459820370916e-06
7252,883.897095286,6.4761,1.0023106664197868e-06
7253,884.0167458399992,6.7275,9.947839974074113e-07
7254,884.1390603330001,6.6318,9.873920579629604e-07
7255,884.2604336669992,5.5712,9.798549117284784e-07
7256,884.3835548119987,6.1622,9.723609025309387e-07
7257,884.5037473909997,6.114,9.647677746296602e-07
7258,884.6220999139987,3.9797,9.573424182716173e-07
7259,884.7432721109999,5.9134,9.500229703703956e-07
7260,884.8656591729996,6.4489,9.425498769753294e-07
7261,884.9880899849995,4.1473,9.349988206172888e-07
7262,885.1113382650001,5.7372,9.274410923456878e-07
7263,885.2301169419989,6.1938,9.198272287037013e-07
7264,885.3518729759999,4.9898,9.125113053704393e-07
7265,885.4729891979987,6.0513,9.049880546296685e-07
7266,885.5962173919997,5.1898,8.974951527160991e-07
7267,885.7196147489994,6.3798,8.899000568518778e-07
7268,885.8388017870002,6.2178,8.822822669753817e-07
7269,885.9599167809993,5.1412,8.749254045678889e-07
7270,886.0784179059992,6.9062,8.674509090123572e-07
7271,886.1986723760001,4.8912,8.601357223456674e-07
7272,886.320162259999,5.3653,8.527088135185656e-07
7273,886.4404623829996,5.2908,8.452132464815688e-07
7274,886.5613160519988,6.5451,8.37779824074053e-07
7275,886.6828616769999,6.2717,8.303343552469644e-07
7276,886.806116664,6.5112,8.228306055556412e-07
7277,886.9280561289997,6.5039,8.152226830864029e-07
7278,887.050248906,6.1328,8.076916040123616e-07
7279,887.1722045089991,6.0078,8.001513197531397e-07
7280,887.2928523729988,5.9284,7.926117719135706e-07
7281,887.4148886619987,6.0481,7.851785178394911e-07
7282,887.5360442769997,5.9902,7.776435205556099e-07
7283,887.6580616519987,5.9829,7.701556050617176e-07
7284,887.7784157979986,5.6251,7.62622106049432e-07
7285,887.8993383399993,6.5042,7.551808961729134e-07
7286,888.0226830849988,6.3932,7.477256511729036e-07
7287,888.141212986,5.9222,7.400531537654464e-07
7288,888.2645977079992,6.1817,7.328075275926271e-07
7289,888.386821873999,5.9978,7.25195018765501e-07
7290,888.5092131139991,6.6114,7.176449179012612e-07
7291,888.632654133,6.4652,7.100906070370284e-07
7292,888.7518603879998,5.9054,7.024810393210623e-07
7293,888.8730642390001,5.6355,6.951077006173645e-07
7294,888.993054003,5.2075,6.876197787654359e-07
7295,889.1135492329995,6.2015,6.802164291976054e-07
7296,889.2327424979994,5.1456,6.727848235803135e-07
7297,889.3533450269988,6.5349,6.6543096895062e-07
7298,889.4758008729987,5.9962,6.579394915432358e-07
7299,889.6002928399994,6.2545,6.504107665431914e-07
7300,889.7258894739989,6.2953,6.426933827778037e-07
7301,889.8470267800003,6.3232,6.349516982716519e-07
7302,889.9666405039989,5.9809,6.275062666049436e-07
7303,890.086106970999,5.7663,6.201193103086922e-07
7304,890.2069845019996,5.7663,6.127377285803149e-07
7305,890.3241479989993,6.8766,6.052818787654291e-07
7306,890.4440894609997,5.0832,5.980651201851873e-07
7307,890.567611167,6.3449,5.906321088271715e-07
7308,890.689222818999,6.3306,5.830358385185141e-07
7309,890.8127687439992,6.2084,5.755185553086573e-07
7310,890.9346819370003,5.7026,5.679052441358579e-07
7311,891.0551776109987,6.4894,5.603606482715962e-07
7312,891.1750347469988,5.205,5.529382233333213e-07
7313,891.296576413999,6.9672,5.455170928395592e-07
7314,891.4179078149991,5.1567,5.380325622222071e-07
7315,891.5417760049986,6.0356,5.305448601852669e-07
7316,891.6646453189987,6.0885,5.228957429013193e-07
7317,891.7877086359986,6.9307,5.152974723456771e-07
7318,891.9084334939998,7.002,5.077083138888882e-07
7319,892.0302058790003,6.4572,5.002492895062161e-07
7320,892.1528591499991,6.1982,4.926861775309155e-07
7321,892.2734547879991,6.6336,4.851758647531346e-07
7322,892.3907880139996,6.0066,4.777352700617521e-07
7323,892.5135187479991,5.0765,4.704959422840272e-07
7324,892.6374424489986,5.9084,4.6291435345687805e-07
7325,892.756815838,5.9485,4.5521942790131554e-07
7326,892.8762815760001,5.9417,4.478853908641889e-07
7327,892.9994158469999,5.803,4.405119589506457e-07
7328,893.1236913550001,6.9413,4.3292622561733055e-07
7329,893.2450655249995,5.4718,4.2525450641980325e-07
7330,893.367041603,5.7535,4.1775607506173706e-07
7331,893.4892269350003,5.9003,4.1022385524689955e-07
7332,893.6105631109986,5.9069,4.026895083951099e-07
7333,893.7306202709988,4.3363,3.9518551641978817e-07
7334,893.8511616010001,6.4461,3.8778265753086075e-07
7335,893.9726720929993,6.0127,3.8033940635804897e-07
7336,894.0955265049997,5.7961,3.7284428043216077e-07
7337,894.2162757269998,6.1737,3.652670897530741e-07
7338,894.3360057889986,4.9315,3.5780329530872845e-07
7339,894.4556254409999,5.6607,3.503962186420517e-07
7340,894.5763189129993,6.4457,3.4302737993826e-07
7341,894.6959779689987,5.829,3.355809043209701e-07
7342,894.8166242529987,6.7306,3.2817999197538585e-07
7343,894.9398676579985,5.3868,3.207430272222034e-07
7344,895.0632750659988,6.0275,3.1314279537043576e-07
7345,895.1873274479985,5.3676,3.0551136185188454e-07
7346,895.3102398889987,7.0464,2.978596100618014e-07
7347,895.4326257079993,5.4475,2.9027281148147343e-07
7348,895.5513640480003,6.0539,2.827189935185659e-07
7349,895.6716816099997,4.7196,2.7538445259262525e-07
7350,895.7929274939997,5.3485,2.6795855259265647e-07
7351,895.9150835349992,5.5113,2.60475099753138e-07
7352,896.0360243289997,6.201,2.5293799537046137e-07
7353,896.1595776699996,5.7164,2.454596044445201e-07
7354,896.2798238029991,6.041,2.3784494172846006e-07
7355,896.4002349089988,6.3748,2.304252828395692e-07
7356,896.5229062109993,5.6212,2.2298731537038764e-07
7357,896.6444303649987,4.9741,2.1542034006180045e-07
7358,896.764535708,5.0901,2.0791610586423095e-07
7359,896.885956049,6.3454,2.0051224024697502e-07
7360,897.004213098,6.1085,1.9301293493826923e-07
7361,897.12723826,6.0462,1.8570901111116256e-07
7362,897.2487212109991,6.3026,1.781149642592461e-07
7363,897.3704177349991,7.0925,1.7055780907406782e-07
7364,897.491565675,5.8582,1.631032204938876e-07
7365,897.6114996559991,5.0027,1.556248759260137e-07
7366,897.7319908949994,5.6761,1.4821229246911872e-07
7367,897.8522728129992,4.6581,1.4079013456792523e-07
7368,897.9740359669995,6.3075,1.3336254000000937e-07
7369,898.096196086999,6.3838,1.258469187655209e-07
7370,898.2184935229998,6.7374,1.1828946080247872e-07
7371,898.3362159030003,6.2724,1.1074721604938943e-07
7372,898.4587021539992,5.0808,1.0349425617289244e-07
7373,898.5785785359985,5.0253,9.59195975926308e-08
7374,898.7019968899986,6.273,8.851942370374233e-08
7375,898.8233387389992,5.7632,8.09120861111179e-08
7376,898.9437885339994,5.7459,7.341252012349476e-08
7377,899.0677237290001,5.6554,6.597388444451457e-08
7378,899.1910898810002,6.019,5.8335743950704845e-08
7379,899.3132500159991,5.274,5.072289512346729e-08
7380,899.4364135989999,6.235,4.31727537654969e-08
7381,899.5579705929995,5.8492,3.557332586426321e-08
7382,899.6780272449996,6.6557,2.8064727222260058e-08
7383,899.7992269419992,5.4886,2.064975685187598e-08
7384,899.9227869609986,7.0458,1.3152711666697404e-08
7385,900.0434775369995,6.4781,5.485899197577027e-09
