step,elapsed_seconds,loss,learning_rate
1,28.19333297099911,11.2064,0.0
2,30.75243053399936,11.1919,1.5657849341666103e-05
3,30.850451939999402,11.1993,1.7077683295555187e-05
4,30.945528233000005,11.1885,1.713194205999975e-05
5,31.040298087998963,11.1129,1.7184843393888514e-05
6,32.16393075899941,11.1629,1.7237486442776977e-05
7,32.25905673099987,11.1294,1.786193694611029e-05
8,32.35468350299925,11.1797,1.7914550259444392e-05
9,32.452376148999974,11.1541,1.7967735534999118e-05
10,32.54894895799953,11.149,1.8021976084999352e-05
11,32.64375338899845,11.1783,1.807557467388809e-05
12,32.73733854300008,11.1075,1.8128390654999546e-05
13,32.83309621499939,11.0403,1.818035368611062e-05
14,32.92713122599889,11.1771,1.8233486737221434e-05
15,33.02085722399897,11.1418,1.8285844528888142e-05
16,33.115412716999344,10.9586,1.8337876764999237e-05
17,33.211603218000164,11.0919,1.839031519833245e-05
18,33.30738560099962,10.9599,1.844379577999967e-05
19,33.40117570399889,11.0384,1.8497015252777498e-05
20,33.494376339000155,11.0829,1.854917308999979e-05
21,33.59067154299919,10.9405,1.860091917944374e-05
22,33.68858091399852,10.9919,1.865443096666645e-05
23,33.78437968700018,11.0202,1.8708723857221736e-05
24,33.88140826199924,11.0121,1.876206020055482e-05
25,33.977095638998435,11.0417,1.88158434405553e-05
26,34.07174974000009,10.9747,1.886913998444369e-05
27,34.16720234799868,10.9596,1.892163824111069e-05
28,34.26121737699941,10.9435,1.8974625857221732e-05
29,34.356079268998656,10.9654,1.90270074016664e-05
30,34.44958737399975,11.0801,1.9079643909443704e-05
31,34.54510262199983,10.7003,1.913171224722141e-05
32,34.638469692999934,10.8788,1.9184551752222332e-05
33,34.734782554998674,10.8163,1.9236567646111224e-05
34,34.8297382439996,10.7857,1.9289900291666224e-05
35,34.92333353499998,11.0072,1.9342749876666657e-05
36,35.01756875799947,10.7886,1.9394798181666477e-05
37,35.113198975999694,10.7449,1.944708985277733e-05
38,35.20800688399868,10.833,1.9500197783333232e-05
39,35.30296553900007,10.8446,1.955302198277726e-05
40,35.400334525998915,10.6709,1.960559077833245e-05
41,35.49526311599948,10.5268,1.96597581688881e-05
42,35.59162202999869,10.622,1.9712715725555527e-05
43,35.68977098599862,10.8378,1.976607585277735e-05
44,35.785387403999266,10.4627,1.9820588893333278e-05
45,35.881284224999035,10.6683,1.9873753299443705e-05
46,35.97639461499966,10.6924,1.9927045281666425e-05
47,36.07415891299934,10.522,1.997990542333254e-05
48,36.16915044399866,10.7651,2.003412958499919e-05
49,36.26304490399889,10.4921,2.0086977903888004e-05
50,36.356888891999915,10.5908,2.013910513444393e-05
51,36.451129461000164,10.5167,2.01913570033331e-05
52,36.547567279998475,10.5843,2.024361473555473e-05
53,36.645737967999594,10.4344,2.0297302466111028e-05
54,36.740986205999434,10.3143,2.0351626914443842e-05
55,36.837944404000154,10.402,2.040463095777745e-05
56,36.93404903699957,10.4273,2.0458399684999276e-05
57,37.03014285499921,10.481,2.0511771847777713e-05
58,37.12702338899908,10.4694,2.056597573666598e-05
59,37.22316777800006,10.4517,2.0619097592777206e-05
60,37.31790415799878,10.3011,2.0672460926110337e-05
61,37.4138949499993,10.2381,2.0725074248888026e-05
62,37.50971070599917,10.2793,2.0778607148332512e-05
63,38.126368223998725,10.1555,2.0831684171666387e-05
64,38.22841542700007,10.3506,2.1174324695555495e-05
65,38.324983335998695,10.342,2.1230944266665878e-05
66,38.42223510199983,10.0094,2.128460364444436e-05
67,38.518570065998574,10.0602,2.133864505055499e-05
68,38.61660469199887,10.2189,2.1392160933333393e-05
69,38.71643860399854,10.1656,2.144664891277696e-05
70,38.81413384999905,10.0868,2.1502155814443743e-05
71,38.91072218899899,9.846,2.155630564555496e-05
72,39.00848807900002,9.9655,2.1610065678888633e-05
73,39.10799071600013,10.1014,2.1664326791110903e-05
74,39.206477801999426,9.7802,2.171965943499951e-05
75,39.30293769299897,9.5785,2.1774303551110282e-05
76,39.39972509499967,10.0464,2.182797666277717e-05
77,39.50039767599992,9.9599,2.1881714651110292e-05
78,39.59735215499859,9.9864,2.1937725577777708e-05
79,39.69373353999981,9.5643,2.1991461165555142e-05
80,39.790601269000035,9.8293,2.2045062449999226e-05
81,39.89119248699899,9.7401,2.2098833168333334e-05
82,39.98953288199846,9.5183,2.215529583499928e-05
83,40.087036367998735,9.9119,2.2209412186110866e-05
84,40.18485101699844,9.5189,2.2263538464999833e-05
85,40.281240434998836,9.6163,2.2317945070554844e-05
86,40.38103818599848,9.4726,2.237145542944442e-05
87,40.47869476999949,9.6667,2.2426825667221742e-05
88,40.57413396799893,9.305,2.2481084207777006e-05
89,40.67363374999877,9.2302,2.2534250762777854e-05
90,40.77163217599991,9.2367,2.2589470391110605e-05
91,40.871637319,9.4305,2.2644292474444432e-05
92,40.96967466699971,9.3824,2.2699655061666515e-05
93,41.06522993899853,9.4612,2.2754069038332494e-05
94,41.16207642500012,9.2808,2.2807087718888902e-05
95,41.258963819998826,9.3812,2.2860795222221797e-05
96,41.34907012799886,9.41,2.2914831705554916e-05
97,41.446430334999604,9.2527,2.29648738527774e-05
98,41.543454438999106,9.2002,2.3019116276110357e-05
99,41.640114552999876,9.1491,2.30726890566661e-05
100,41.73642627299887,9.5314,2.3126417439443687e-05
101,41.833114058999854,9.0365,2.318042540499947e-05
102,41.92843525099852,9.1019,2.3233563341110416e-05
103,42.024927548998676,9.2021,2.328652619777737e-05
104,42.12122842899953,9.155,2.334028533333266e-05
105,42.219494570999814,8.6971,2.339368012722136e-05
106,42.31504676299846,9.3386,2.3448150738332616e-05
107,42.41104082499987,9.2455,2.350140869833316e-05
108,42.50848699499875,8.7746,2.355476991000008e-05
109,42.60731190399929,9.1729,2.3608825247777837e-05
110,42.70615118400019,8.9069,2.3663669383888397e-05
111,42.802521956999044,9.1309,2.371853693944407e-05
112,42.900621064000006,8.7539,2.3772117943332586e-05
113,42.998802333999265,9.0384,2.3826628389443716e-05
114,43.09404968999843,8.9491,2.3881202860555076e-05
115,43.18986245999986,8.7152,2.393421404555536e-05
116,43.286276732998886,9.0287,2.3987283397777395e-05
117,43.3814028759989,8.4495,2.404146109277766e-05
118,43.477279730999726,8.6925,2.4093800685555433e-05
119,43.57539350299885,8.9016,2.4147149070554912e-05
120,43.67278388399973,8.7119,2.4201493456111067e-05
121,43.768686205999984,8.7917,2.425561795777766e-05
122,43.86719331799941,8.7455,2.430894196555528e-05
123,43.96329630799846,8.5492,2.4364193967221583e-05
124,44.05771264299983,8.7187,2.4417053053889e-05
125,44.15219844999956,8.5073,2.4469555482222254e-05
126,44.250449311999546,8.7478,2.4522011883888506e-05
127,44.346656079998866,8.6926,2.457662095555558e-05
128,44.44320590999996,8.5471,2.4630045840555493e-05
129,44.541239340000175,8.7184,2.468365215055504e-05
130,44.63976796499992,8.8027,2.473808755222207e-05
131,44.73659861399938,8.743,2.4792881317777454e-05
132,44.83339937599885,8.1728,2.4846778552777727e-05
133,44.9302675809995,8.5905,2.4900475898333147e-05
134,45.02538484700017,8.339,2.495486303055562e-05
135,45.12255429299876,8.8547,2.5007156941110227e-05
136,45.21853469599955,8.8143,2.50610913772218e-05
137,45.31490412599851,8.7146,2.5114389831666514e-05
138,45.41292297799919,8.4851,2.5167909759999625e-05
139,45.510787969999,8.7314,2.5222402433333226e-05
140,45.60683067199898,8.6993,2.5276726258888528e-05
141,45.705268603998775,8.5433,2.5330195868888647e-05
142,45.80319795200012,8.634,2.5384715921111114e-05
143,45.90142416799972,8.7483,2.543981767111089e-05
144,45.99811542699899,7.9572,2.5493680223333082e-05
145,46.09630835099961,8.4896,2.5547545437777648e-05
146,46.19229023799926,8.5877,2.5601987848333215e-05
147,46.290754355999525,8.3672,2.565539464222133e-05
148,46.387792970999726,8.304,2.5710039135555137e-05
149,46.48471818299913,8.1525,2.576391461944392e-05
150,46.58038145699902,8.4835,2.5817933451110855e-05
151,46.67853094699967,8.3848,2.5870963574999323e-05
152,46.77312397199967,8.6512,2.5925557459443854e-05
153,46.86924222199923,8.3201,2.5978104888888795e-05
154,46.96642806099953,8.1371,2.6031356259443585e-05
155,47.056360519998634,8.6033,2.6085528260555293e-05
156,47.155382046999875,8.6392,2.6135213240555055e-05
157,47.25177052700019,8.2238,2.619055542722183e-05
158,47.3476182710001,8.281,2.6244123808888216e-05
159,47.44551763199888,8.7103,2.6297292450554878e-05
160,47.54244295799981,8.0202,2.6351523027222158e-05
161,47.6384299729998,8.1354,2.6405425731111082e-05
162,47.735316409000006,8.4059,2.6458783423332635e-05
163,47.83189946999846,7.9994,2.651270152666661e-05
164,47.92877907299953,8.5023,2.6566362756666424e-05
165,48.02533214799951,8.661,2.662003763055509e-05
166,48.12255179899876,8.0502,2.667363765722156e-05
167,48.220204712999475,8.4603,2.6727785408332545e-05
168,48.31764846199985,8.4364,2.678203110611119e-05
169,48.41376871299872,8.5848,2.6836732296110817e-05
170,48.51027658400017,8.2358,2.6889635945000114e-05
171,48.605629679999765,8.3369,2.6943057455555392e-05
172,48.70020387899967,8.1863,2.6996154192222294e-05
173,48.79528475799998,8.3524,2.7048712983888535e-05
174,48.892397589999746,8.394,2.7101534907222032e-05
175,48.98792084199886,8.4073,2.7155404023333174e-05
176,49.08411692899972,8.4387,2.7208596879999176e-05
177,49.1843836070002,8.1049,2.7261920933333386e-05
178,49.2815191009995,8.3801,2.7317756507222337e-05
179,49.3789336159989,8.3859,2.737164457833286e-05
180,49.47544866099997,8.5579,2.742569141722217e-05
181,49.57169237800008,7.9525,2.7479279309999485e-05
182,49.66521348099923,7.778,2.753279198111058e-05
183,49.760191223998845,8.0776,2.7584905485555285e-05
184,49.85653608999928,8.2623,2.763748766833285e-05
185,49.950912452999546,7.8171,2.769090746222193e-05
186,50.04550070499863,8.5744,2.774353892499979e-05
187,50.1418020229994,7.844,2.7796134049444338e-05
188,50.2385141449995,8.5285,2.7849453291110977e-05
189,50.33744191000005,8.1554,2.79032261161107e-05
190,50.43766089999917,8.1024,2.795815975111105e-05
191,50.533909605999725,7.7202,2.8013880673888708e-05
192,50.631613224999455,8.5106,2.806744532944423e-05
193,50.72764515699964,7.8087,2.8122207413332745e-05
194,50.82646155299881,8.2983,2.817504679944452e-05
195,50.92405118899842,7.9247,2.822993038333253e-05
196,51.02136566799891,7.8093,2.8284189881666562e-05
197,51.11831625299965,7.8244,2.8338662897776885e-05
198,51.21536551600002,7.9059,2.839216311222218e-05
199,51.31392524999865,8.1158,2.8445984231666447e-05
200,51.41329251299976,7.9709,2.8500701134999975e-05
201,51.51013993499873,7.8584,2.8555966293332757e-05
202,51.60775138799909,8.1894,2.8609813151666054e-05
203,51.708139808999476,8.3649,2.866411476055469e-05
204,51.808175618998575,8.3104,2.871975498611088e-05
205,51.90495107499919,8.0121,2.877548596888826e-05
206,52.003956529999414,7.8699,2.88297078044444e-05
207,52.099743830998705,8.1935,2.8884140767221552e-05
208,52.196567506000065,8.1529,2.8937935041666508e-05
209,52.295236817999466,8.7089,2.8991119488333023e-05
210,52.39162188999944,8.2463,2.9045889929444055e-05
211,52.481829110000035,8.6942,2.9099534808332867e-05
212,52.57907298399914,7.9692,2.914948401388857e-05
213,52.67589453899927,8.0016,2.920375155777745e-05
214,52.776580342999296,7.8113,2.9257463404443725e-05
215,52.87222399499842,7.7573,2.9313232638332923e-05
216,52.96844829099973,8.0697,2.9366423536111042e-05
217,53.064093392998984,8.3147,2.9419961487221577e-05
218,53.16034199099886,8.267,2.947313162166615e-05
219,53.258505856998454,8.1574,2.9526512594999685e-05
220,53.35815680199994,8.0684,2.9580977973888973e-05
221,53.455019252000056,7.9315,2.9636642015555284e-05
222,53.55131684600019,8.0254,2.9690290605555372e-05
223,53.648993793000045,8.045,2.9743846541665942e-05
224,53.74559457399846,8.2839,2.979803010777788e-05
225,53.84107511199909,8.886,2.9851574229999945e-05
226,53.93812371899912,8.3387,2.9904691994999866e-05
227,54.03712571199867,8.1487,2.9958586527221394e-05
228,54.13388985399979,8.3033,3.001364439499917e-05
229,54.23171017399909,8.4361,3.006735137277752e-05
230,54.32920372599983,8.2002,3.0121712137221648e-05
231,54.426952275000076,8.2464,3.0175806286666154e-05
232,54.52474679799889,7.9443,3.023017254166613e-05
233,54.61909423799989,7.8133,3.028457637611104e-05
234,54.715004534999025,7.7094,3.0337091045000004e-05
235,54.8114388519989,8.0884,3.039019576611079e-05
236,54.90805870499935,7.8476,3.0443863056665983e-05
237,55.00382015899959,8.0826,3.049748355055474e-05
238,55.10099208799875,8.4061,3.055069036888805e-05
239,55.19987655499972,7.7205,3.0604797468332533e-05
240,55.29751358999965,8.3019,3.065951422222194e-05
241,55.39323230899936,7.7929,3.071383651277756e-05
242,55.49089843699949,8.0956,3.076710494777722e-05
243,55.58916093699918,8.1771,3.082123243222163e-05
244,55.68702798300001,8.123,3.08758083699993e-05
245,55.78461535099996,7.8505,3.09302053372216e-05
246,55.882075554998664,7.7673,3.098454648277766e-05
247,55.977951208999,7.6371,3.103856926666595e-05
248,56.07373082199956,8.5302,3.109190778222203e-05
249,56.17198711899982,8.3993,3.1145016228888886e-05
250,56.262622708998606,7.958,3.119958408388811e-05
251,56.3607258159991,8.2304,3.12498995727775e-05
252,56.4630712879989,8.0359,3.130506890722144e-05
253,56.56278971899883,8.3514,3.1361254897777446e-05
254,56.660680603999936,8.3171,3.141673369777689e-05
255,56.758954920998804,7.8863,3.1471638308888334e-05
256,56.85641696199855,7.8862,3.152636206277748e-05
257,56.95434578899949,8.4365,3.1579934889443594e-05
258,57.05054591899898,7.6966,3.1634299817222e-05
259,57.147338667999065,8.177,3.168790451666609e-05
260,57.24523391599905,7.879,3.174156729944419e-05
261,57.344843809998565,8.3648,3.17958332833334e-05
262,57.44184581599984,8.5063,3.1851194688332625e-05
263,57.53708975999871,7.9907,3.190532947388824e-05
264,57.630502571999386,7.4257,3.195805804166614e-05
265,57.7292765179991,8.3037,3.2009925473888264e-05
266,57.82697223499963,7.4784,3.206492723666593e-05
267,57.92361443199843,8.0787,3.2119698606110334e-05
268,58.02110216099936,8.253,3.2172853519999384e-05
269,58.12063831799969,8.412,3.2227006232777866e-05
270,58.2159135919992,7.8106,3.228232332444451e-05
271,58.314265204999174,8.077,3.23352265327776e-05
272,58.409784292998665,7.6773,3.238976074888847e-05
273,58.50582491899877,8.2055,3.2442920297221966e-05
274,58.60197382499973,8.1015,3.2496282747777315e-05
275,58.699324612000055,7.9042,3.2549732757221744e-05
276,58.79659966999861,8.1511,3.2603732803888005e-05
277,58.892222165999556,8.0631,3.265779552999953e-05
278,58.98952214499877,8.2862,3.2710905238888396e-05
279,59.08689106899874,7.8511,3.2764878312221605e-05
280,59.183638998998504,7.7814,3.281898859444381e-05
281,59.28044804899946,8.1049,3.287276547999985e-05
282,59.377216812999905,7.9216,3.292655530222166e-05
283,59.473234143999434,7.9028,3.298029765555536e-05
284,59.56863328899999,7.4437,3.303366831555549e-05
285,59.664688305998425,7.8088,3.308676558222134e-05
286,59.76375022499997,8.0573,3.314003504111093e-05
287,59.854910704998474,8.0,3.3195215093332485e-05
288,59.95297302200015,8.0952,3.324562784777704e-05
289,60.050445323999156,8.1369,3.3300272683332474e-05
290,60.148799100999895,7.7058,3.335482755777776e-05
291,60.2438449099991,7.9995,3.3408893456110795e-05
292,60.33802557299896,7.7707,3.3461797737776983e-05
293,60.42751072899955,8.2753,3.351412394166599e-05
294,60.526432987999215,7.8818,3.356373726888806e-05
295,60.622946443998444,8.178,3.361873591722138e-05
296,60.71809139799916,7.9599,3.367247464333256e-05
297,60.81461974599915,7.8653,3.372528607888853e-05
298,60.91236955899876,7.8577,3.377881449722231e-05
299,61.01007233999917,8.1053,3.383376192722203e-05
300,61.10533443999884,8.2576,3.388747822611044e-05
301,61.20228760600003,8.1905,3.394040246444396e-05
302,61.29907542499859,8.1455,3.399420945166639e-05
303,61.395069530999535,8.5018,3.4048040696666757e-05
304,61.48848434499996,7.8228,3.4101430959999564e-05
305,61.58515659399927,7.5835,3.415337464444444e-05
306,61.68142998099938,7.7274,3.420687279277748e-05
307,61.778830539999035,8.2961,3.4260473226110364e-05
308,61.87600206099887,8.0229,3.4314882176666085e-05
309,61.97339930799899,7.9705,3.436859013944437e-05
310,62.06971696599976,7.9284,3.44227027472223e-05
311,62.16524615999879,7.8088,3.447620654333251e-05
312,62.26081495499966,8.1985,3.452930895666618e-05
313,62.35204000900012,7.7404,3.458243028111105e-05
314,62.44797334799841,7.7491,3.463291688611106e-05
315,62.54432531599923,7.9516,3.4686373844443656e-05
316,62.64092049899955,8.227,3.47398410361105e-05
317,62.738355887999205,7.9451,3.479349934944366e-05
318,62.83472816199901,7.2184,3.4847518604999805e-05
319,62.93380708999939,8.1353,3.490127940999931e-05
320,63.03270949799844,8.179,3.4956225657777195e-05
321,63.13137064399962,8.2795,3.5011202903888265e-05
322,63.225873473998945,7.8309,3.506603853166578e-05
323,63.32098279699858,7.6991,3.511861022888803e-05
324,63.419392582998626,7.553,3.5171385938333015e-05
325,63.51545801499924,7.6633,3.5226064493332764e-05
326,63.61300561999997,8.1138,3.527946166222137e-05
327,63.71084404999965,8.2733,3.53334815699994e-05
328,63.807470847999866,7.8421,3.5387875581110266e-05
329,63.90345861399874,8.0816,3.5441588999999817e-05
330,63.99999762299922,8.0038,3.549503096833279e-05
331,64.09576519099937,8.0462,3.5548492060555265e-05
332,64.19170547199974,8.5859,3.560176212111098e-05
333,64.29113205999965,8.1598,3.565506636166598e-05
334,64.38908596599867,7.6601,3.571023366666648e-05
335,64.49203703999956,7.9145,3.5765371646666615e-05
336,64.58904182199876,7.9678,3.582194780111119e-05
337,64.68406157699974,7.4915,3.587575799277753e-05
338,64.78050193299896,8.3422,3.5928745993332996e-05
339,64.87553469399973,8.1438,3.598215058277775e-05
340,64.97170034699957,8.5497,3.603498443055489e-05
341,65.0684483649984,8.1056,3.608833150999999e-05
342,65.16435485699913,7.9219,3.614213281388806e-05
343,65.25973067699852,7.4751,3.61954314072217e-05
344,65.35579484299888,7.981,3.624853704166627e-05
345,65.45254246900004,7.4886,3.630184257833308e-05
346,65.54958068299857,8.0834,3.6355765894999826e-05
347,65.64615553299882,7.6256,3.640939113999998e-05
348,65.74309803999859,7.7691,3.6463109292222326e-05
349,65.83952212199983,7.7137,3.651698574333245e-05
350,65.93550262799909,7.5932,3.6570534508332964e-05
351,66.03044423399842,7.7132,3.662447175277723e-05
352,66.12810538299891,7.8322,3.667699896055536e-05
353,66.22319922599854,7.428,3.673088630111024e-05
354,66.32033730399962,7.8757,3.678367361999942e-05
355,66.41920993499843,7.6335,3.683756562111032e-05
356,66.51589371099908,8.2286,3.6892717470555e-05
357,66.6136333909999,7.9904,3.694633647111105e-05
358,66.71083578399885,7.981,3.700111099222138e-05
359,66.81469610599925,7.5155,3.705462813111101e-05
360,66.91146104299878,8.0525,3.711231953833299e-05
361,67.00756863199967,7.7286,3.716603243555559e-05
362,67.10289333799847,7.8288,3.721941170166651e-05
363,67.2001007279996,7.7746,3.727240906055562e-05
364,67.29563676899852,7.2198,3.7326337894999396e-05
365,67.3918819999999,7.4701,3.7379510854443656e-05
366,67.48889520000012,7.9697,3.743293106277734e-05
367,67.58482468699913,8.1941,3.748673879166644e-05
368,67.68143749799856,7.8376,3.754011121777694e-05
369,67.77800528199987,8.2798,3.759370387277765e-05
370,67.87367137099864,7.6432,3.764745256277719e-05
371,67.96948339799928,7.6405,3.770073769722229e-05
372,68.06809583499853,7.9217,3.775389193944446e-05
373,68.16428073199859,8.255,3.7808604214444334e-05
374,68.25761074899856,8.0447,3.786214342388828e-05
375,68.3545804360001,8.499,3.791391752388841e-05
376,68.45154008899954,8.0085,3.7967725939443985e-05
377,68.54759877200013,7.6561,3.802164715388851e-05
378,68.6431694769999,7.5742,3.807499550055481e-05
379,68.74003190099938,7.9209,3.812807240722173e-05
380,68.83738717599954,7.8284,3.81819937399996e-05
381,68.93429986499905,7.984,3.823601548333298e-05
382,69.03134554200005,7.9889,3.8289865617777346e-05
383,69.13006590399891,8.2436,3.834362508555488e-05
384,69.22635574000014,7.313,3.839902151500004e-05
385,69.32392484799857,7.7209,3.845217157777774e-05
386,69.42065607499899,8.4412,3.85062238849999e-05
387,69.51643344399963,7.0563,3.856005516888824e-05
388,69.61425214799965,7.8374,3.861335986888864e-05
389,69.71332842599986,8.1813,3.8667526332777324e-05
390,69.81037207400004,7.9803,3.872261457777717e-05
391,69.90636285799883,8.2763,3.877658650722171e-05
392,70.00384795099853,7.5478,3.8829843511666694e-05
393,70.10078417600016,7.8658,3.888401212666597e-05
394,70.19809461899968,7.7989,3.8937841960554983e-05
395,70.29476091799916,7.7714,3.899191959777758e-05
396,70.39361033299974,8.163,3.9045682276110815e-05
397,70.49118000099952,8.0343,3.910049973333319e-05
398,70.58869581499857,7.4198,3.915521095888835e-05
399,70.68513428499864,7.8826,3.920895213666578e-05
400,70.78265010299947,7.8109,3.926251683444409e-05
401,70.87705115799872,7.1844,3.931677352499921e-05
402,70.97408851799992,8.0308,3.936914770833331e-05
403,71.07111887300016,7.7636,3.9423060413888985e-05
404,71.1610367309986,7.5428,3.947698087277786e-05
405,71.2592626730002,7.3956,3.9526845639999615e-05
406,71.3567768619996,8.1392,3.9581439800555626e-05
407,71.45406794299925,7.5972,3.963560301722181e-05
408,71.54970331699951,7.7156,3.968974428722201e-05
409,71.64653920099954,7.647,3.974285863944412e-05
410,71.74442679399908,8.0333,3.979663474222232e-05
411,71.83910689799995,7.0724,3.985098447222198e-05
412,71.93781895899883,7.9561,3.990364273111077e-05
413,72.03459867499987,7.9273,3.995846972277731e-05
414,72.13093924399982,7.191,4.001241090999934e-05
415,72.22621394799899,7.6957,4.006583754611105e-05
416,72.32191216199863,7.7877,4.0118638117777054e-05
417,72.41897580699879,7.884,4.017185663888894e-05
418,72.51392119699995,7.8555,4.0225750183332516e-05
419,72.60864121399936,7.2074,4.027854398111029e-05
420,72.70584726199922,7.568,4.033122081222145e-05
421,72.80221152899867,7.438,4.038514211388853e-05
422,72.9007937239985,7.947,4.04387617305555e-05
423,72.99779707000016,8.2856,4.049338452055559e-05
424,73.09456116099864,7.1796,4.054726633499942e-05
425,73.1926209939993,8.2167,4.0601076304443876e-05
426,73.28961089699987,8.203,4.065569066833329e-05
427,73.38771594999889,7.7493,4.0709531866665814e-05
428,73.48628379599904,7.6631,4.076394015222225e-05
429,73.5848318649987,7.8553,4.0819300472777386e-05
430,73.68120130899842,6.9503,4.087352223666635e-05
431,73.77892806899945,7.742,4.0927084701666494e-05
432,73.87552500499987,7.4097,4.0981407045000095e-05
433,73.97633013799896,8.4053,4.103498198055503e-05
434,74.07293741899957,7.4825,4.1090938967777725e-05
435,74.1694274499987,7.9686,4.114465846999944e-05
436,74.26655356799893,7.5301,4.119824738666668e-05
437,74.36352373399859,7.4158,4.1252180422776895e-05
438,74.45990056499977,7.6796,4.1306130513888394e-05
439,74.55692106700008,7.5324,4.1359679169444366e-05
440,74.65469819099962,7.7899,4.1413512375554804e-05
441,74.75088869399951,7.6355,4.146774948166644e-05
442,74.84663473099863,7.8128,4.152132675722189e-05
443,74.94991083399873,7.7333,4.157448699222187e-05
444,75.04710112599969,7.6978,4.163183187944419e-05
445,75.14528787800009,7.8216,4.1685719766666e-05
446,75.24213824599974,7.893,4.174037573222146e-05
447,75.33952377999958,7.9251,4.179420585166655e-05
448,75.44095868799923,7.8255,4.1848269995555e-05
449,75.53901034599949,8.3418,4.1904685203888025e-05
450,75.6385594809999,7.7644,4.1959076298333255e-05
451,75.73822288999872,8.0114,4.20144028472219e-05
452,75.83456745900003,8.0177,4.2069780183332516e-05
453,75.92982660799862,7.8076,4.212335939166628e-05
454,76.02752101999977,7.8816,4.217626517999937e-05
455,76.12670724499912,8.3917,4.2230628123888894e-05
456,76.2239469749984,7.8774,4.228557171222141e-05
457,76.32090902099844,7.7339,4.233967681833342e-05
458,76.41579038700002,7.6516,4.2394159274999766e-05
459,76.51062518099934,7.543,4.244628620611062e-05
460,76.60772540699872,7.6254,4.249893550277698e-05
461,76.70483964599953,7.4164,4.255297420611088e-05
462,76.80357336499947,7.5049,4.260675541666589e-05
463,76.9012125169993,7.8956,4.2661651858333144e-05
464,76.9996836399987,7.6043,4.2715973057222275e-05
465,77.09803045499939,7.5269,4.277123084166609e-05
466,77.19611968199933,7.6941,4.2825747424444165e-05
467,77.28995598799884,6.7565,4.287974471666631e-05
468,77.38639626799886,7.3967,4.29319285744441e-05
469,77.48392773999876,7.2969,4.298542253944409e-05
470,77.58040479400006,7.5835,4.3039666607222295e-05
471,77.67793609899854,7.5421,4.309329303833288e-05
472,77.77651500999855,7.5044,4.3147640067777004e-05
473,77.8758338789994,7.9279,4.3202226703888305e-05
474,77.97344910499851,8.0872,4.325731537444376e-05
475,78.06992588799949,7.172,4.331160931666596e-05
476,78.15947595199941,7.9405,4.3365713167221556e-05
477,78.25694959300017,7.6806,4.3414810174999735e-05
478,78.3555112519989,8.2253,4.346912854388898e-05
479,78.45399189899945,7.6249,4.352387860555509e-05
480,78.55222474499897,7.9927,4.357860464222136e-05
481,78.65033087699885,7.5494,4.363315969444456e-05
482,78.74795101999916,7.7139,4.368765953666601e-05
483,78.84579095499976,7.5302,4.3742015923333184e-05
484,78.94525487600004,7.797,4.379626622499927e-05
485,79.04350929999964,7.682,4.3851471392777566e-05
486,79.14527841400013,7.6213,4.39067371005553e-05
487,79.2375989989996,7.8458,4.3962814592221344e-05
488,79.3343793160002,7.5202,4.4013812510554796e-05
489,79.43284278899955,7.8198,4.406772537055481e-05
490,79.5293745809995,7.3726,4.412237780388852e-05
491,79.62594739199994,8.0075,4.417605933444369e-05
492,79.72297578599864,7.6048,4.422966872777781e-05
493,79.82112381799925,7.8569,4.4283524405555e-05
494,79.91775239599883,7.3344,4.433807821666657e-05
495,80.01324330599891,7.2766,4.439177547611103e-05
496,80.10891675399944,7.2667,4.444501203944432e-05
497,80.20621694599868,7.4425,4.449801886611062e-05
498,80.29712586200003,7.6872,4.455197794166654e-05
499,80.39519321099942,7.5091,4.460243803111048e-05
500,80.49225763499999,7.4488,4.465700060055497e-05
501,80.58898865999981,7.9105,4.471090164166627e-05
502,80.68360788999962,7.9169,4.4764557104443964e-05
503,80.77830313099912,7.6212,4.481733657944359e-05
504,80.87423962899993,7.7741,4.4869883719999664e-05
505,80.97427396499916,7.5826,4.4923040903888454e-05
506,81.07519524399868,7.6944,4.4979198068333264e-05
507,81.17223469099918,7.7521,4.50346798916659e-05
508,81.26865937199909,8.0784,4.508867071111025e-05
509,81.36398368399932,7.9498,4.514228360888814e-05
510,81.45442817799994,8.1051,4.519534099888814e-05
511,81.55043154599844,7.8043,4.524533941277696e-05
512,81.64834240599885,7.9252,4.529884761499994e-05
513,81.74480988799951,7.1609,4.535322187555519e-05
514,81.84126190999996,7.4812,4.540674315277708e-05
515,81.93712827099989,7.8124,4.546028308444369e-05
516,82.03369151299921,7.169,4.551393162222161e-05
517,82.13219597499847,7.5702,4.556734423055484e-05
518,82.2224810409989,7.9369,4.562253679111059e-05
519,82.31897591799861,7.8828,4.567209623944412e-05
520,82.41899470099997,7.9988,4.5725789194444184e-05
521,82.51621141399846,8.1287,4.578128701888899e-05
522,82.61373468599959,6.8394,4.583544592111038e-05
523,82.71210230199904,8.0676,4.5889591822777024e-05
524,82.80817870499959,7.9837,4.594430674277748e-05
525,82.90423680499953,7.7365,4.5997576504443915e-05
526,83.00164089099962,7.2801,4.6050938691110384e-05
527,83.09749267699954,7.0207,4.6105131963332595e-05
528,83.19332418399972,7.6819,4.615845910111098e-05
529,83.28954513299868,7.4225,4.621152721111078e-05
530,83.38509607699962,8.1836,4.626504600333343e-05
531,83.48456937899937,7.4489,4.631808629722198e-05
532,83.58027354099977,7.5726,4.637336117999945e-05
533,83.67760310599988,7.6308,4.642644282333297e-05
534,83.77419328699943,7.558,4.6481160412777175e-05
535,83.87590435099992,8.07,4.6534251688332616e-05
536,83.97311994899974,7.1867,4.659071665166671e-05
537,84.07014934699873,7.4384,4.6644813569444326e-05
538,84.16624460999992,7.6307,4.669859867666674e-05
539,84.26296875799926,7.5016,4.675255257666625e-05
540,84.36102242400011,7.7516,4.6806093468332824e-05
541,84.45929687399985,7.5851,4.6860299793332976e-05
542,84.55747896199864,7.91,4.691484926111116e-05
543,84.65486354699897,7.5874,4.696941913611025e-05
544,84.7502618439994,7.295,4.7023427563888415e-05
545,84.846669655999,7.529,4.7076575443888945e-05
546,84.94353258799856,7.8439,4.713008909222178e-05
547,85.03494638099983,7.532,4.718387866777751e-05
548,85.13308623899866,7.8353,4.723454689833286e-05
549,85.22755803899963,7.5289,4.728912711444435e-05
550,85.32505557199875,8.2498,4.73417392211104e-05
551,85.42197520599984,7.6123,4.7395725545555055e-05
552,85.52174046599976,8.2226,4.7450055789999575e-05
553,85.62098404099925,8.1449,4.7504969781666664e-05
554,85.71768056899964,7.6562,4.7560245007777364e-05
555,85.81856757099922,7.8931,4.761407367611052e-05
556,85.91426794600011,7.1258,4.767013787777716e-05
557,86.00861751899902,7.028,4.772349937333275e-05
558,86.10675359699962,7.8956,4.777567698999923e-05
559,86.20372230799876,7.2909,4.783008320111044e-05
560,86.30010998299986,7.7875,4.7884023550555465e-05
561,86.39110518300004,7.8827,4.793747931111082e-05
562,86.48876795599972,7.2923,4.798791684000005e-05
563,86.58655611599897,7.9655,4.8042445181110656e-05
564,86.68575430599958,7.8234,4.80965893561107e-05
565,86.78373065499909,7.5839,4.815231947388889e-05
566,86.87917817800007,6.8686,4.8206189174444365e-05
567,86.97735876099978,7.6489,4.8259302822777196e-05
568,87.07469579799908,7.1021,4.8313763630555216e-05
569,87.17508571100007,7.8167,4.8367905628333074e-05
570,87.27169276599852,6.8938,4.842350895611061e-05
571,87.37076642200009,7.7212,4.8477647941666274e-05
572,87.4693378209995,8.0038,4.853225076166584e-05
573,87.56414644999859,7.4537,4.8586970323888945e-05
574,87.65987976999895,7.5918,4.863986833999964e-05
575,87.75806205199842,7.5975,4.869320717055517e-05
576,87.85530532699886,7.4502,4.874746599611071e-05
577,87.95350601599966,7.5902,4.880156831333302e-05
578,88.04968736099909,7.6808,4.8855974906666435e-05
579,88.14698442499866,7.4668,4.890954232222207e-05
580,88.24661462199947,7.8634,4.896342706222135e-05
581,88.34412322999924,7.6357,4.9018840726111095e-05
582,88.44041147899952,7.6055,4.9073603816110944e-05
583,88.53909312599899,7.9401,4.9126584109999386e-05
584,88.637912279999,7.8884,4.918136305166627e-05
585,88.74192180199861,7.6969,4.923620437444394e-05
586,88.83255331299915,7.7745,4.9294039736110384e-05
587,88.93094204999943,7.2909,4.934431590277705e-05
588,89.02722134799842,7.928,4.9399019226666496e-05
589,89.12332842999967,7.3359,4.9452517383332534e-05
590,89.2194257659994,7.357,4.950595347111024e-05
591,89.31774706599936,7.7745,4.9559357117222036e-05
592,89.41420147799909,7.0196,4.961390062222159e-05
593,89.5092571389996,6.7406,4.966752434611105e-05
594,89.60701425799925,7.9405,4.9720459530000076e-05
595,89.70570976199997,7.2651,4.977466535444365e-05
596,89.8023650340001,7.9627,4.982942604222141e-05
597,89.89961430999938,7.4074,4.9883305141111126e-05
598,89.99835951400019,7.5167,4.9937272327777265e-05
599,90.09626092100007,7.2962,4.999200787388873e-05
600,90.19413945499946,7.8547,4.9999998680478545e-05
601,90.29046029900019,7.6435,4.999999380783552e-05
602,90.38762823099933,7.2172,4.999998534356957e-05
603,90.48680189399965,6.8655,4.9999973548073084e-05
604,90.5838547530002,7.2376,4.999995772577641e-05
605,90.68143690899888,7.5032,4.999993860985248e-05
606,90.77788575900013,7.2181,4.999991586968816e-05
607,90.8738974480002,7.3127,4.999988989885529e-05
608,90.97114743099883,7.5428,4.99998605062249e-05
609,91.0670421399991,6.8546,4.9999827283319865e-05
610,91.16207012999985,7.5184,4.99997908458659e-05
611,91.2563756519994,7.015,4.9999751537481844e-05
612,91.35440900999856,8.1345,4.999970903891734e-05
613,91.45098578899888,7.9763,4.999966150430997e-05
614,91.54832883499876,7.6666,4.999961076986624e-05
615,91.64600734299893,7.0027,4.9999556504613754e-05
616,91.74297613599992,7.5052,4.9999497777828166e-05
617,91.84118410100018,6.9602,4.999943637377418e-05
618,91.93949555399922,7.8721,4.999937138158864e-05
619,92.03672618000019,7.2547,4.999930193594344e-05
620,92.13260804999845,7.62,4.9999229591082156e-05
621,92.23374498500016,7.4041,4.9999154881702034e-05
622,92.33013334599855,7.1478,4.9999071549591806e-05
623,92.42884408899954,8.0402,4.999898997318262e-05
624,92.52880812900003,7.8867,4.999890228235491e-05
625,92.62801444899924,7.1253,4.9998809635868424e-05
626,92.72512919099972,7.4085,4.999871386410137e-05
627,92.82143583499965,7.1385,4.999861627261262e-05
628,92.91804206099914,7.5936,4.9998516344043536e-05
629,93.014182900999,7.5425,4.999841273330654e-05
630,93.1091286789997,6.7267,4.999830596351648e-05
631,93.20714042100008,7.7067,4.999819686904942e-05
632,93.30359276299896,7.4912,4.999808101432979e-05
633,93.40147479299958,7.4974,4.999796341399841e-05
634,93.4998757379999,7.5704,4.9997840581928366e-05
635,93.59695227299926,7.5705,4.999771329956942e-05
636,93.69548251299966,7.4057,4.999758404939471e-05
637,93.79391379199842,7.5439,4.999744959945695e-05
638,93.894187418,7.7571,4.999731132193535e-05
639,93.99282026699984,7.7273,4.9997167164994963e-05
640,94.08344892499917,7.5962,4.999702121810649e-05
641,94.17990274799922,7.116,4.9996884270231264e-05
642,94.27712513199913,7.4837,4.999673461508159e-05
643,94.3756409589987,7.9611,4.999658043096597e-05
644,94.4728500329984,8.0948,4.999642059779786e-05
645,94.5764678029991,7.2529,4.9996259151461006e-05
646,94.67425811700014,7.924,4.9996083801865844e-05
647,94.77176028399845,7.4294,4.9995914189999314e-05
648,94.8663682639999,7.7092,4.9995741038188994e-05
649,94.96257914499984,7.8205,4.9995570148269964e-05
650,95.05940983299843,7.1203,4.999539308176468e-05
651,95.15865619799843,7.5662,4.9995210557919765e-05
652,95.25501077399895,7.4885,4.999502105680064e-05
653,95.35281592699903,7.2952,4.9994832577827064e-05
654,95.4491236039994,7.5057,4.999463773840312e-05
655,95.54744446999939,7.2629,4.9994442551871345e-05
656,95.64541351299886,7.7412,4.9994239511537566e-05
657,95.74188580999908,7.7453,4.99940338454314e-05
658,95.83991571099978,7.6554,4.999382748340387e-05
659,95.93783130199881,7.3055,4.999361510888018e-05
660,96.03857368999888,7.5445,4.9993398848116976e-05
661,96.13640498699897,7.5029,4.999317254608707e-05
662,96.23284919700018,7.3614,4.9992948536876734e-05
663,96.33080658600011,7.5843,4.9992724404063744e-05
664,96.4281759459991,8.0332,4.999249359614139e-05
665,96.52856920500017,7.8283,4.999226043861335e-05
666,96.62685035100003,7.7739,4.999201686104633e-05
667,96.7248529970002,7.5264,4.999177323690821e-05
668,96.82508109399896,7.4797,4.99915257539726e-05
669,96.92315040999893,7.0645,4.999127402168492e-05
670,97.0208775309984,7.4989,4.9991021191336917e-05
671,97.11904160199992,7.7112,4.999076543374106e-05
672,97.21753029999854,7.5203,4.999050543040256e-05
673,97.31695810999918,7.4818,4.999023890365976e-05
674,97.41332362699904,7.0584,4.9989968163816436e-05
675,97.51010544400015,7.3759,4.998970138959906e-05
676,97.60788380099984,7.1087,4.998943100170112e-05
677,97.70007434699983,7.8194,4.998915276034739e-05
678,97.79855662399859,6.9717,4.998888901287691e-05
679,97.89581508799893,7.5373,4.998860158337196e-05
680,97.9936224919984,7.8908,4.998831549982677e-05
681,98.092647038,7.9392,4.9988022969200635e-05
682,98.19112857499931,7.262,4.998772529758847e-05
683,98.28850127399892,7.9086,4.9987423989382877e-05
684,98.3873891889998,7.8217,4.9987122550780004e-05
685,98.48602368199863,7.2288,4.9986813568532095e-05
686,98.58356022899898,7.738,4.998649960007905e-05
687,98.681578927999,7.1409,4.9986188416692024e-05
688,98.7799800569992,7.7455,4.998587016108721e-05
689,98.87785170200004,7.8865,4.998554629603168e-05
690,98.97553278799933,7.79,4.998522351598375e-05
691,99.07537694299936,7.4847,4.998489554796294e-05
692,99.17123402699872,7.2559,4.998455734342921e-05
693,99.26828852299877,6.9521,4.998422934435278e-05
694,99.36503595499926,7.5726,4.998389325242252e-05
695,99.4615727879991,7.0577,4.9983554904167116e-05
696,99.55782116499904,7.7109,4.9983213247748296e-05
697,99.65662272599911,7.9004,4.998286956339857e-05
698,99.75555709799846,7.4577,4.998251363583064e-05
699,99.85070086999986,7.0858,4.998215326204628e-05
700,99.94918271399911,7.5774,4.9981802613373585e-05
701,100.04499639799906,6.868,4.998143684924924e-05
702,100.1425035889988,7.6562,4.998107570949048e-05
703,100.24126574099864,7.4402,4.998070752034808e-05
704,100.33955314000013,7.3718,4.998032960597263e-05
705,100.4391901250001,7.9056,4.9979949330744804e-05
706,100.53897207699993,6.7623,4.99795613259884e-05
707,100.63792602299873,7.3796,4.997916853716433e-05
708,100.7358046169993,7.802,4.997877402680995e-05
709,100.83346562599945,7.1539,4.997838067480756e-05
710,100.93004287499934,6.7182,4.9977985149685955e-05
711,101.02497812099864,7.7219,4.9977590474904546e-05
712,101.1253491769985,7.8607,4.997720082608721e-05
713,101.22198199899867,7.3863,4.997678259960293e-05
714,101.31630613099878,5.8962,4.997637631236268e-05
715,101.41205380700012,6.0312,4.997597731328773e-05
716,101.51103397799852,7.0549,4.997556941444109e-05
717,101.60785742899861,7.3664,4.997514319602291e-05
718,101.7060076279995,7.4852,4.997472349298282e-05
719,101.80536546099938,7.5944,4.9974293233043464e-05
720,101.90310939799929,6.8771,4.997385445324556e-05
721,102.0045759149998,7.1653,4.9973419687768144e-05
722,102.10362659199927,7.695,4.9972963532672704e-05
723,102.20257166199917,7.9913,4.997251510061248e-05
724,102.30238874199858,7.73,4.9972063432972595e-05
725,102.40031109099982,7.5914,4.9971605715498395e-05
726,102.49905202199989,6.4936,4.9971150655124084e-05
727,102.6000265319999,7.8644,4.997068887163935e-05
728,102.69665966499997,7.436,4.9970213410807476e-05
729,102.79276980699979,7.2538,4.996975302792929e-05
730,102.88979775799999,7.6633,4.996929435890064e-05
731,102.9862562549988,7.2308,4.9968827061703174e-05
732,103.0852051969996,6.5859,4.9968357709125145e-05
733,103.18393093499981,6.9401,4.9967873460150905e-05
734,103.28447205699922,7.9816,4.996738558835799e-05
735,103.38371233199905,6.9791,4.9966886366616506e-05
736,103.48070050699971,6.942,4.9966388142386574e-05
737,103.58114274699983,7.0195,4.996589692911741e-05
738,103.67965636499866,7.6977,4.9965389239630856e-05
739,103.77945223799907,7.5833,4.996488552637022e-05
740,103.8761291310002,7.2189,4.996437127834519e-05
741,103.97467158399922,7.7322,4.996386839091138e-05
742,104.07232542299971,6.5876,4.996335393198965e-05
743,104.16928199599897,7.5256,4.996283845128588e-05
744,104.26623576199927,7.5937,4.9962325297064046e-05
745,104.36397028699866,7.0265,4.9961807489369395e-05
746,104.46325626399994,6.979,4.996128203635675e-05
747,104.55871652199858,6.6177,4.996074512265515e-05
748,104.65885700699982,7.6484,4.9960222794370846e-05
749,104.75767597599952,7.571,4.995967497244665e-05
750,104.85899412899926,7.1029,4.995912877987136e-05
751,104.9551904839991,6.3184,4.9958564319338083e-05
752,105.0534984449987,7.4949,4.995802663888124e-05
753,105.15143145000002,7.5654,4.9957469473711835e-05
754,105.24676129699947,7.3103,4.995691847008256e-05
755,105.34521292499994,7.3455,4.995637278536363e-05
756,105.44180425000013,6.7624,4.9955808178702426e-05
757,105.53844034699978,7.2559,4.9955248543905785e-05
758,105.63623736499903,7.5198,4.995468715078521e-05
759,105.73512515699986,7.4182,4.9954115623619724e-05
760,105.83203924199915,6.7595,4.995353370916097e-05
761,105.92800781299957,6.9879,4.9952957214696225e-05
762,106.02652427099929,7.8327,4.9952384412651104e-05
763,106.12258912799916,7.1256,4.9951795541396454e-05
764,106.22356920399943,7.0651,4.995121456818182e-05
765,106.31983240199952,7.0884,4.995060017274766e-05
766,106.41547547099981,5.9575,4.995001413648798e-05
767,106.51382233799995,6.9454,4.994942441516758e-05
768,106.60966429600012,7.4292,4.9948815703593386e-05
769,106.70582334399842,7.5177,4.994822115952617e-05
770,106.80284405400016,7.5587,4.99476199067937e-05
771,106.89956750099918,7.4438,4.9947005277050005e-05
772,106.99651347500003,7.1908,4.994639683141766e-05
773,107.093493295999,7.0606,4.9945781318641604e-05
774,107.1915806879988,7.8328,4.994516007868983e-05
775,107.29176989899861,5.9191,4.994452966254195e-05
776,107.38840081499984,7.2032,4.994387920449439e-05
777,107.48447742099961,7.2705,4.994324930767784e-05
778,107.58002780700008,7.7187,4.994262074748606e-05
779,107.67725528099982,6.3718,4.9941992087065096e-05
780,107.7776554359989,8.0817,4.9941346782500815e-05
781,107.87563197599957,6.6752,4.9940680955833496e-05
782,107.97550764100015,7.9141,4.9940023734132464e-05
783,108.07291116899978,6.78,4.9939351151766225e-05
784,108.16948437700012,6.9815,4.993869227767007e-05
785,108.26659464799923,7.33,4.993803362756637e-05
786,108.36696178599959,7.4083,4.9937370795771196e-05
787,108.46620295699904,7.3608,4.993668289787777e-05
788,108.56543680199866,7.7827,4.99359958719887e-05
789,108.66219009799897,6.8296,4.993530440904875e-05
790,108.76267744500001,7.4792,4.993462733530014e-05
791,108.86145773799944,6.812,4.993392189271373e-05
792,108.96303512199847,7.1471,4.993322544816433e-05
793,109.05908743599866,6.1127,4.9932503585278453e-05
794,109.15627623299952,7.1668,4.993181743935014e-05
795,109.25376391499958,7.2804,4.993111970460808e-05
796,109.35104794299878,7.1568,4.993041775885595e-05
797,109.44629118299963,6.4167,4.992971257636262e-05
798,109.5437092079992,6.7181,4.9929017272437016e-05
799,109.6435429459998,7.5413,4.992830542402908e-05
800,109.74106696599847,6.4301,4.992757062736566e-05
801,109.84095818499918,8.0734,4.9926850358356914e-05
802,109.94203621899942,7.6988,4.9926100221209074e-05
803,110.0407089299988,7.4598,4.992535445201573e-05
804,110.13718548999896,7.3726,4.992461265214946e-05
805,110.23375929399845,7.1331,4.992387825738083e-05
806,110.3328946269994,7.6636,4.992314549629126e-05
807,110.4317656610001,7.6836,4.992239784903099e-05
808,110.53112499799863,7.2848,4.992164235097911e-05
809,110.6284113369984,7.39,4.992087762887059e-05
810,110.72631306099902,6.7329,4.9920124804065164e-05
811,110.82536503699885,7.4128,4.9919364119000096e-05
812,110.92481868599862,6.8338,4.991859300962864e-05
813,111.02219749699907,7.7684,4.991781233724057e-05
814,111.11866732599992,6.9001,4.9917045448460076e-05
815,111.21937235699988,7.6096,4.991628382203717e-05
816,111.31733131999863,7.3951,4.991548485221715e-05
817,111.4131937029997,5.9429,4.9914700208593266e-05
818,111.50971593599934,7.881,4.991393048455092e-05
819,111.60619324700019,7.1723,4.99131541883831e-05
820,111.70479665999846,7.3544,4.9912374610297954e-05
821,111.80204305799998,7.5871,4.9911571165529644e-05
822,111.89853642799972,7.4036,4.991077725128919e-05
823,111.99505114699969,7.3441,4.990997758518929e-05
824,112.09301838699866,7.0138,4.990919039321966e-05
825,112.18897932299842,7.0236,4.9908379964947395e-05
826,112.28844582199963,7.3769,4.9907582287617146e-05
827,112.3869172449995,7.147,4.990675338697137e-05
828,112.48483544199917,7.3422,4.990592591119811e-05
829,112.58264126299946,6.4483,4.990510113274078e-05
830,112.6815807969997,7.3791,4.990427538923555e-05
831,112.78088327899968,7.7258,4.990343423676573e-05
832,112.87882563599851,7.8018,4.990258806815555e-05
833,112.97560711199912,6.4672,4.990174655868886e-05
834,113.07435132399951,6.9661,4.990091428192779e-05
835,113.1720877409989,7.4776,4.9900060333046407e-05
836,113.27252038099869,7.3995,4.9899212510237114e-05
837,113.36863879399971,6.2646,4.989833691629248e-05
838,113.46782469399841,7.5441,4.989749506877858e-05
839,113.56451059399842,7.3215,4.989662608120791e-05
840,113.66104520199951,6.7341,4.9895768842569934e-05
841,113.75854612699914,7.4972,4.989491494330081e-05
842,113.85854143899996,7.4239,4.989404007733423e-05
843,113.95845873799954,7.0298,4.98931524751161e-05
844,114.06000653599949,6.8316,4.989225612834284e-05
845,114.15583315499862,6.163,4.9891340550179935e-05
846,114.26040713899965,7.5177,4.9890470878583255e-05
847,114.35817745099848,6.7627,4.988951664170784e-05
848,114.45822901099928,7.8404,4.9888628212690676e-05
849,114.55731951999951,7.5886,4.988771730012467e-05
850,114.65532310299932,7.2787,4.988680498760627e-05
851,114.75212722799915,7.5678,4.988590112027156e-05
852,114.84908639799869,7.1306,4.98850026347043e-05
853,114.94593491699925,6.7217,4.988409956820844e-05
854,115.04619513499892,7.6174,4.9883194548622e-05
855,115.14481128399893,6.9726,4.9882254552680476e-05
856,115.24238086699916,7.5836,4.9881325643986087e-05
857,115.34028131899868,7.1638,4.988040446960959e-05
858,115.43898052899931,7.5973,4.9879473451910145e-05
859,115.53753296399918,7.408,4.987853372237193e-05
860,115.63657818699903,7.0495,4.9877590292184955e-05
861,115.73203272699902,7.0737,4.987664029111103e-05
862,115.83053963899874,7.6953,4.987571906819942e-05
863,115.92878378099886,6.626,4.9874767200654355e-05
864,116.02701333899859,7.9268,4.987381262854992e-05
865,116.12496031099909,6.9963,4.987285468764104e-05
866,116.2229051180002,7.1643,4.9871895528724016e-05
867,116.3220600349996,7.0147,4.987093407555134e-05
868,116.42012690999945,7.0152,4.986995771601146e-05
869,116.52095905499846,7.0217,4.986898660650846e-05
870,116.61728488900008,7.7263,4.986798282048167e-05
871,116.71466413099915,6.6002,4.986702438362798e-05
872,116.8149913219986,7.2382,4.986604997279554e-05
873,116.91462669099928,5.9455,4.9865044403522605e-05
874,117.01224129000002,7.5363,4.986403949334125e-05
875,117.10789762199965,6.3907,4.9863053219216855e-05
876,117.2049963999998,7.2639,4.9862077608039235e-05
877,117.30136890599897,7.1195,4.986109121135963e-05
878,117.39735921399915,7.3103,4.9860104680746575e-05
879,117.49650736299918,7.7104,4.985910765798736e-05
880,117.59505550799986,7.8517,4.9858100287913705e-05
881,117.69118664399866,6.8353,4.9857081873155195e-05
882,117.78790063899942,7.292,4.985608370619598e-05
883,117.88821273699978,7.1445,4.9855075248063846e-05
884,117.9849627980002,7.1756,4.985403057344125e-05
885,118.08603199599929,7.4288,4.9853009916695495e-05
886,118.18349342799957,7.1161,4.985195507739748e-05
887,118.27798495199931,7.5009,4.9850923041559486e-05
888,118.374623316,7.5072,4.984992180966836e-05
889,118.47175398799845,7.3572,4.9848897394666994e-05
890,118.57212969799912,6.9622,4.98478608738665e-05
891,118.67066794199854,7.5405,4.984678799533958e-05
892,118.76832637699954,7.6422,4.984572718604699e-05
893,118.86710197799948,6.6752,4.984467605359401e-05
894,118.96573124499992,7.3535,4.984360942244842e-05
895,119.06354624599953,7.663,4.984253969075196e-05
896,119.16063330899851,6.4096,4.984147441098067e-05
897,119.25856185500015,6.854,4.9840415024086296e-05
898,119.35835318499994,7.1609,4.9839338345403976e-05
899,119.45436778299882,7.3548,4.983824328641432e-05
900,119.55227914399984,6.3601,4.983718270167003e-05
901,119.64411896699858,7.1967,4.983610245046865e-05
902,119.73948535099953,5.9048,4.9835081475055875e-05
903,119.8361093200001,7.1901,4.983401787930346e-05
904,119.93356129199856,6.2781,4.983294117921269e-05
905,120.03210195899919,7.3018,4.9831843442685e-05
906,120.12967067299905,7.2655,4.9830739853036436e-05
907,120.22771416399883,7.5914,4.982963874278783e-05
908,120.32805472699874,7.5719,4.9828529438116874e-05
909,120.42481436999878,6.9867,4.98273893729956e-05
910,120.52349078499901,6.8412,4.982627329401571e-05
911,120.62022781299856,6.8111,4.98251596104014e-05
912,120.71561648699935,6.0258,4.982405056905698e-05
913,120.81150990499918,6.6676,4.982295076076822e-05
914,120.90717255799973,7.2213,4.9821845703278996e-05
915,121.00385116100006,7.0845,4.982073896459014e-05
916,121.09929545999876,6.3999,4.9819619453850294e-05
917,121.1966275779996,6.7991,4.981850516012789e-05
918,121.29358982299891,7.0225,4.981736351540084e-05
919,121.39069661999929,7.0732,4.981623355756057e-05
920,121.48993422199965,7.3632,4.9815094396803975e-05
921,121.58920238899918,6.3316,4.9813922600996e-05
922,121.6901620839999,7.4687,4.98127474909746e-05
923,121.78966461299933,7.3861,4.9811551024216626e-05
924,121.8884419219994,7.328,4.9810367037544e-05
925,121.9849355589995,6.8044,4.9809187490906356e-05
926,122.08297124899946,7.1384,4.980802916736531e-05
927,122.18208461199902,7.277,4.980685399878621e-05
928,122.27809489699939,6.6765,4.980566156016844e-05
929,122.37517969299915,7.2044,4.98044965633482e-05
930,122.47205992199997,7.0963,4.980332024779872e-05
931,122.57121423899844,7.2253,4.9802143053219974e-05
932,122.66910086799908,6.1451,4.980093746072588e-05
933,122.76857304799887,7.6457,4.979973844596643e-05
934,122.86580614400009,7.5634,4.979851803626981e-05
935,122.96740208799929,7.0041,4.979732094670191e-05
936,123.0663696470001,7.5685,4.97960537618581e-05
937,123.16239710599984,7.4576,4.979484092531272e-05
938,123.25784927699897,7.1027,4.979364953757323e-05
939,123.35538442199868,7.6806,4.979246208796631e-05
940,123.45351224099977,7.2462,4.979124414662736e-05
941,123.55208200800007,7.5404,4.9790015572012236e-05
942,123.64840747000017,7.2414,4.9788775847969744e-05
943,123.74526396599867,6.4232,4.978756306937803e-05
944,123.84351891799997,7.2078,4.978633941379804e-05
945,123.94029439599944,6.7976,4.978509555799573e-05
946,124.03931062899937,6.8639,4.9783864216332036e-05
947,124.13912966599855,7.809,4.9782603234388946e-05
948,124.23892280899963,8.1926,4.978133038725083e-05
949,124.33703772699846,6.6336,4.9780052596035364e-05
950,124.43665674499971,7.7639,4.977879159993292e-05
951,124.53456997799913,7.1252,4.9777508012878754e-05
952,124.63356406699859,7.4617,4.977624045893125e-05
953,124.73038494699904,7.8669,4.977495794057986e-05
954,124.82272126299904,7.7306,4.9773698794158964e-05
955,124.92395348399987,7.1606,4.977249120075776e-05
956,125.02158545800012,7.5719,4.9771159060843064e-05
957,125.1192557129998,6.6298,4.97698929023606e-05
958,125.21855472199968,7.5476,4.976860937986265e-05
959,125.31875458899958,6.9983,4.9767300085418143e-05
960,125.41738230699957,7.2059,4.976597542972611e-05
961,125.51371286699941,6.7758,4.976466777666123e-05
962,125.61079989899918,7.3833,4.9763386229235244e-05
963,125.70804272099849,7.0607,4.976209535102427e-05
964,125.80531226199855,6.3504,4.976079653393287e-05
965,125.90013692199864,7.2314,4.9759489326348764e-05
966,125.99571684599869,7.0165,4.975821454286832e-05
967,126.09372500599966,7.0614,4.975692660043508e-05
968,126.19070497099892,7.5478,4.975560636864508e-05
969,126.29067097299958,7.5463,4.975429359469053e-05
970,126.39066193899998,7.5902,4.9752923336711425e-05
971,126.49086379099936,7.2246,4.9751574777439055e-05
972,126.58988413299994,7.308,4.975020779994456e-05
973,126.6857724599995,6.8763,4.9748851341589624e-05
974,126.78236269899935,6.9803,4.974753164031614e-05
975,126.88112031699893,7.0188,4.974618841269379e-05
976,126.9778630969995,6.3401,4.974484260277037e-05
977,127.07488785499845,6.5845,4.974350251064204e-05
978,127.16894242299895,6.3789,4.9742157697004597e-05
979,127.265804355,6.5155,4.97408457576089e-05
980,127.35647362899908,6.792,4.973949947152371e-05
981,127.45566764700015,6.2532,4.973822198778267e-05
982,127.55155956199997,7.366,4.9736838948428366e-05
983,127.64487248499972,7.6621,4.9735493595901494e-05
984,127.74497799399978,6.9526,4.9734180859956435e-05
985,127.84055795699896,7.1933,4.973276606628168e-05
986,127.93873112799884,6.3843,4.973141168300637e-05
987,128.03937911899993,7.7428,4.9730020337055024e-05
988,128.13781154599928,7.4246,4.972858963840706e-05
989,128.23655833199882,7.4116,4.9727182539116465e-05
990,128.33455203199992,7.3034,4.972576861537369e-05
991,128.43300741799976,7.5367,4.972436507671865e-05
992,128.52609040199968,7.1111,4.9722949149916875e-05
993,128.62653267899987,7.635,4.972161113566364e-05
994,128.72541991199978,6.0925,4.972015856689028e-05
995,128.8242754949988,6.9671,4.971872251801383e-05
996,128.92219544599902,7.2452,4.9717286830008535e-05
997,129.0176307089987,6.6243,4.971586322125576e-05
998,129.11423058699984,7.2034,4.971446884945406e-05
999,129.2110287939995,6.9669,4.9713055466365275e-05
1000,129.3083330999998,7.1569,4.971163781983613e-05
1001,129.4072359059992,7.3244,4.9710205782792265e-05
1002,129.50443102699865,6.4987,4.970873961881252e-05
1003,129.6044662259992,6.7289,4.9707312425603384e-05
1004,129.7023683999996,7.1957,4.970583250336722e-05
1005,129.7989897209991,7.5082,4.970437742744084e-05
1006,129.89516275299866,7.3071,4.970293908202132e-05
1007,129.9910705429993,6.394,4.970150460331252e-05
1008,130.08225083599973,7.1414,4.970006906201113e-05
1009,130.18124589099898,7.205,4.9698705007337575e-05
1010,130.27939680599957,7.5337,4.9697214190859055e-05
1011,130.37588166499881,5.4697,4.969573652281989e-05
1012,130.4729235169998,7.499,4.96942782442331e-05
1013,130.56904137499987,7.2859,4.96928119694761e-05
1014,130.66685398199843,6.1236,4.9691350347294696e-05
1015,130.76607342199895,7.404,4.968986275755832e-05
1016,130.86472945199966,7.0867,4.968835129185566e-05
1017,130.96190200599995,5.9945,4.96868414579157e-05
1018,131.06147407099888,7.3499,4.9685356110636655e-05
1019,131.16013244999886,6.9527,4.968382654512384e-05
1020,131.2589798049994,6.9904,4.9682309302936165e-05
1021,131.35900621699875,7.1326,4.968078251597337e-05
1022,131.4595958409991,6.938,4.967924056289288e-05
1023,131.55705152799965,6.9698,4.9677662205691634e-05
1024,131.65495003399883,7.2033,4.96761614787043e-05
1025,131.75221608899847,7.6988,4.967463085844759e-05
1026,131.85024699299902,6.6741,4.967311961346892e-05
1027,131.946970392999,6.9024,4.967158906815587e-05
1028,132.04734336299953,7.6016,4.967006972359575e-05
1029,132.1442523629994,5.8082,4.966849213325836e-05
1030,132.24408111199955,7.7641,4.966696270595261e-05
1031,132.3420586079992,7.2916,4.966539164337566e-05
1032,132.44181215199933,7.5897,4.9663837044560647e-05
1033,132.54048166199937,6.6024,4.966225449438937e-05
1034,132.6403111869986,7.4579,4.9660687780663364e-05
1035,132.73708961899865,6.5946,4.965909551661623e-05
1036,132.8328429059984,6.4865,4.9657528671228684e-05
1037,132.929749809,7.1984,4.965601484694652e-05
1038,133.02613917799863,7.222,4.965446087087735e-05
1039,133.12455092399978,7.5875,4.965290883580468e-05
1040,133.22318326599998,6.7904,4.965132443661742e-05
1041,133.32150288199955,6.9266,4.964972953178305e-05
1042,133.4191523289992,6.9266,4.964813889200067e-05
1043,133.51367330299945,6.39,4.964655132739111e-05
1044,133.61193579300016,7.4094,4.964501112373948e-05
1045,133.7109277290001,7.1221,4.964340018643912e-05
1046,133.80836112999896,7.5912,4.964179863051825e-05
1047,133.9075643870001,7.4293,4.964019881379071e-05
1048,134.00635163799961,7.066,4.963855655493341e-05
1049,134.10369306499888,5.5735,4.963694388657809e-05
1050,134.19843339399995,6.3851,4.9635343070881214e-05
1051,134.2947075659995,7.0617,4.963378020795404e-05
1052,134.39138696499867,5.1376,4.9632188017223435e-05
1053,134.491034183,7.6442,4.963058181210618e-05
1054,134.59046386699993,7.0296,4.962892492017357e-05
1055,134.6877253779985,6.9204,4.962726127755073e-05
1056,134.78427261999968,6.5065,4.962564343439715e-05
1057,134.88082457999917,6.6262,4.962402950092059e-05
1058,134.97865716699926,6.7475,4.962240653546136e-05
1059,135.07985299099892,6.9757,4.9620767089564655e-05
1060,135.17755521399886,7.1277,4.9619064155119375e-05
1061,135.2750508879999,6.0889,4.9617414712437e-05
1062,135.37364609999895,7.3867,4.961576548740362e-05
1063,135.47119351199945,6.552,4.961409304709418e-05
1064,135.56963972299855,7.061,4.961243250948177e-05
1065,135.66533505499865,6.6172,4.9610754193583e-05
1066,135.76191089299937,6.0863,4.960912367612122e-05
1067,135.8578471089986,7.5497,4.9607474222480527e-05
1068,135.95219780499974,5.3398,4.960583071819937e-05
1069,136.05160434699974,6.7119,4.9604209696081295e-05
1070,136.14864705699983,7.1143,4.960249054238234e-05
1071,136.24785142499968,7.4389,4.960082574214925e-05
1072,136.34645975799867,7.1881,4.959911488174669e-05
1073,136.44399499099927,6.9626,4.959740630769319e-05
1074,136.542209706,6.6,4.9595716133870834e-05
1075,136.6394845629984,7.5647,4.9594011304116585e-05
1076,136.73676379599965,7.247,4.959230999842047e-05
1077,136.83589829299854,7.296,4.9590614515822734e-05
1078,136.93322127699867,6.368,4.958888101686003e-05
1079,137.03276091499902,7.0978,4.9587169599872684e-05
1080,137.13076435399853,6.5347,4.958542358526053e-05
1081,137.22782052899856,7.1292,4.958369938868249e-05
1082,137.32577925699843,6.7408,4.958199071522878e-05
1083,137.42362701399907,7.0788,4.958025626405476e-05
1084,137.52327854799842,7.5474,4.957852086376572e-05
1085,137.62275113599935,7.3292,4.957675565040046e-05
1086,137.72217377199922,6.7683,4.957498559243148e-05
1087,137.82299351499933,7.4482,4.957321060331879e-05
1088,137.92085197599954,7.1832,4.9571415338885894e-05
1089,138.01883906500007,7.4363,4.956966005776479e-05
1090,138.11714186799873,6.9054,4.9567904940723764e-05
1091,138.21425684299902,6.9186,4.956614070348887e-05
1092,138.30949356599922,6.8489,4.9564393391342886e-05
1093,138.40620615499938,7.305,4.956267307370329e-05
1094,138.5036164109988,7.0006,4.956092409200196e-05
1095,138.60303643399857,6.9904,4.9559160109496954e-05
1096,138.70075436600018,5.0188,4.95573573018475e-05
1097,138.79907900499893,6.9123,4.955557746664533e-05
1098,138.8993189089997,7.2938,4.955378798180178e-05
1099,138.99726532099885,7.0956,4.9551959559978e-05
1100,139.09502465999867,7.5966,4.955016455246052e-05
1101,139.19283325600009,6.6369,4.954837215953413e-05
1102,139.29291028099942,7.0905,4.954657597763165e-05
1103,139.39027876099863,5.0088,4.95447340772366e-05
1104,139.48655152099855,6.6136,4.9542939256443626e-05
1105,139.58252832899962,5.8945,4.954116339349006e-05
1106,139.6778293419993,5.1011,4.9539386344468456e-05
1107,139.77591046299858,7.1921,4.953761337196095e-05
1108,139.87464913799886,6.8551,4.953579997776435e-05
1109,139.97056145899842,6.5735,4.953396201201468e-05
1110,140.06806191599935,7.3581,4.95321565656915e-05
1111,140.16586181399907,7.5138,4.9530344862121494e-05
1112,140.26183736499843,6.8096,4.952851864784414e-05
1113,140.35983165699872,7.2553,4.9526714944503495e-05
1114,140.45736063299955,6.8384,4.952487370886487e-05
1115,140.55313732600007,4.5892,4.9523035494171025e-05
1116,140.65138233200014,7.1709,4.9521225233133206e-05
1117,140.7498682509995,7.3002,4.951937341815476e-05
1118,140.84559196999908,7.151,4.9517506937282896e-05
1119,140.94193240999994,7.2524,4.9515690473206364e-05
1120,141.03754748899883,7.3753,4.9513860090366616e-05
1121,141.1335257669998,5.8794,4.951203504498424e-05
1122,141.23174628099878,7.2047,4.9510205882615676e-05
1123,141.33111232199917,7.3902,4.950831194442712e-05
1124,141.4237818499987,7.7353,4.950642285739656e-05
1125,141.52195923999898,7.1366,4.950464814974301e-05
1126,141.6177016749989,6.9536,4.950275813702232e-05
1127,141.7152017669996,6.2579,4.950091450684834e-05
1128,141.81229962899852,7.0447,4.949903684856877e-05
1129,141.9096874279985,6.4673,4.9497156822684955e-05
1130,142.00770365300014,6.9831,4.9495271785384535e-05
1131,142.10710096799994,6.8228,4.949336334621105e-05
1132,142.2020758639992,6.1601,4.949143705901123e-05
1133,142.2992755790001,7.224,4.9489564002759426e-05
1134,142.3968332149998,6.4949,4.94876905224038e-05
1135,142.492624651999,6.5749,4.948578102201084e-05
1136,142.5838202899995,7.2469,4.948390687789546e-05
1137,142.6830837739999,7.1239,4.948212532234544e-05
1138,142.78305656699922,7.2138,4.9480170744171325e-05
1139,142.88036874999852,6.5373,4.947818908516573e-05
1140,142.97682812899984,7.7163,4.9476281466984965e-05
1141,143.07469645399942,6.7664,4.947437687586786e-05
1142,143.1732610049985,6.7164,4.9472438842702876e-05
1143,143.27101128899994,6.9228,4.947048429317185e-05
1144,143.36668905199986,7.0579,4.9468517484251374e-05
1145,143.46486296799958,6.2898,4.946663496313066e-05
1146,143.5629315389997,7.3655,4.946467638976651e-05
1147,143.66200615199887,6.6452,4.946272057232908e-05
1148,143.75950943099997,7.3834,4.9460737742148964e-05
1149,143.85739819299852,6.4917,4.94587812670491e-05
1150,143.95582755899886,6.3193,4.9456817535029497e-05
1151,144.04888401099925,7.0882,4.945483560611061e-05
1152,144.14577131399892,6.7931,4.945296025311329e-05
1153,144.24355861799995,6.9149,4.9451001426683144e-05
1154,144.34069228799854,7.0384,4.94490284155899e-05
1155,144.44024885699946,7.3249,4.944705801040307e-05
1156,144.53991051999947,7.5474,4.944501828528832e-05
1157,144.64037163399917,7.4481,4.944299136163477e-05
1158,144.740854665999,6.7302,4.944096279332859e-05
1159,144.83895747399947,7.1889,4.94389127906665e-05
1160,144.93766229799985,7.6057,4.943690512153478e-05
1161,145.0368023329993,6.3308,4.9434868418165396e-05
1162,145.1368310559992,7.1608,4.943285184292072e-05
1163,145.23530651299916,7.1419,4.943079794880844e-05
1164,145.3333625189989,6.5198,4.942876733822318e-05
1165,145.43418209999982,7.3681,4.942674104457549e-05
1166,145.53473194700018,6.4687,4.942465636849361e-05
1167,145.63376790299844,6.2963,4.942258270371242e-05
1168,145.73146631399868,7.0201,4.942052223604044e-05
1169,145.82966014399972,6.1848,4.941849149633795e-05
1170,145.92760714399992,6.6095,4.941645507431081e-05
1171,146.02285884499906,7.4179,4.941441033370598e-05
1172,146.1178718859992,6.274,4.94124180948831e-05
1173,146.21637550499872,7.2015,4.94104348228502e-05
1174,146.31547238999883,7.3401,4.940837187086155e-05
1175,146.41123290299947,6.8886,4.940629226341368e-05
1176,146.51120431599884,7.2351,4.940427590500809e-05
1177,146.60901396999907,6.6657,4.9402179065415625e-05
1178,146.70652140499988,7.056,4.940011101197627e-05
1179,146.80314537699996,6.5138,4.939804989506654e-05
1180,146.89905007699963,5.968,4.9395975419735e-05
1181,146.9961191530001,6.7235,4.939396968602778e-05
1182,147.09322466799858,6.8093,4.939190814527211e-05
1183,147.19092801799889,6.7152,4.938984394425251e-05
1184,147.28940719299862,6.798,4.9387764326727764e-05
1185,147.38677815899973,7.1568,4.938565946124349e-05
1186,147.47832605199983,6.7324,4.938357704485449e-05
1187,147.57629451699904,7.4996,4.938162302949729e-05
1188,147.67370321399903,7.2027,4.937951450642605e-05
1189,147.77185391499916,7.1532,4.937741953613744e-05
1190,147.86783584600016,6.8411,4.937530785238786e-05
1191,147.96507579399986,7.0413,4.937323804262519e-05
1192,148.0619182270002,5.9405,4.937114172054484e-05
1193,148.15742335199866,6.4554,4.936904514381612e-05
1194,148.2558415759995,7.2394,4.936696733598057e-05
1195,148.35600642499958,7.1304,4.936483946030633e-05
1196,148.45347161799873,7.2712,4.936266405090468e-05
1197,148.54996251800003,6.7214,4.936053800494742e-05
1198,148.6473182869995,6.7618,4.935843661536636e-05
1199,148.7459574099994,6.8652,4.93563106359812e-05
1200,148.84522564599865,6.7978,4.9354153193312225e-05
1201,148.94143476299905,5.7232,4.9351971486160434e-05
1202,149.04066316999888,6.4362,4.934986308523879e-05
1203,149.1386940249995,6.5858,4.9347686124079326e-05
1204,149.23496491699916,7.1749,4.934552567857342e-05
1205,149.3302441169999,6.5732,4.934339600737006e-05
1206,149.4273379089991,6.9226,4.934129361983854e-05
1207,149.52579922099903,7.5252,4.9339144911327515e-05
1208,149.62361057399903,6.3155,4.933696784874018e-05
1209,149.72042246599995,6.8721,4.9334790584567876e-05
1210,149.8205982999989,7.3117,4.933263751739843e-05
1211,149.92329762199915,7.2262,4.933038763809427e-05
1212,150.021919068,7.1979,4.9328094362264977e-05
1213,150.11832247999882,7.0016,4.932591489987716e-05
1214,150.2187361669985,6.4781,4.9323756523611865e-05
1215,150.3195917919984,6.9968,4.9321499203894975e-05
1216,150.41666515399993,6.5291,4.931924388079045e-05
1217,150.5082090729993,7.2816,4.931705975125048e-05
1218,150.60561195599985,7.5548,4.9314998274627874e-05
1219,150.7009750019988,6.723,4.9312793703064926e-05
1220,150.79657253499863,6.8833,4.93106439577477e-05
1221,150.8958198019991,7.1396,4.930847970358225e-05
1222,150.99421627499942,5.9211,4.9306235372889634e-05
1223,151.0854960029992,6.8633,4.930399696508781e-05
1224,151.18366593799874,6.6816,4.930192856284408e-05
1225,151.28202637899994,6.3697,4.9299687462008046e-05
1226,151.38117012200019,7.0363,4.9297449492876e-05
1227,151.48064594099924,7.2552,4.929517736104339e-05
1228,151.5811261509989,7.267,4.929290063731335e-05
1229,151.67740616099945,5.7441,4.929060417651e-05
1230,151.77691209299883,7.0614,4.928838508782922e-05
1231,151.8760072969999,5.7821,4.928610459267546e-05
1232,151.97464960899924,7.2267,4.928381342529621e-05
1233,152.07138465499884,6.5215,4.9281533186182696e-05
1234,152.17102633799914,7.386,4.9279309299355524e-05
1235,152.26843704400017,6.654,4.927700573755699e-05
1236,152.36477372199988,6.8031,4.9274747917048683e-05
1237,152.46434662299907,7.0606,4.927250826753435e-05
1238,152.56210425099925,6.7839,4.9270200307291906e-05
1239,152.65809969200018,6.9884,4.926792742502529e-05
1240,152.75592083999982,6.4621,4.926568556693431e-05
1241,152.8529640279994,6.756,4.926340522912417e-05
1242,152.94906624399846,7.5675,4.926113070107492e-05
1243,153.0448263499984,6.2586,4.9258882360926744e-05
1244,153.14098082499913,5.3638,4.925663595196354e-05
1245,153.2321584249985,7.2306,4.925437395688461e-05
1246,153.33024074199966,6.9224,4.9252239605588234e-05
1247,153.42748949999987,7.3039,4.9249924751629414e-05
1248,153.52592377399924,7.1179,4.924763072256299e-05
1249,153.62320867800008,6.9963,4.9245301155041185e-05
1250,153.7241783649988,6.8268,4.9242997922692825e-05
1251,153.82292111099923,6.5474,4.924060964417458e-05
1252,153.92168112299987,6.3404,4.923826724704532e-05
1253,154.0209176979988,7.5131,4.9235917963906445e-05
1254,154.11892227299904,6.9462,4.9233556894374386e-05
1255,154.21644521300004,4.989,4.9231221418943154e-05
1256,154.31563273899883,7.0109,4.922888932258518e-05
1257,154.41066443899945,4.9167,4.922652241038503e-05
1258,154.51001511899995,6.7855,4.922423491543003e-05
1259,154.60931014199923,7.7714,4.9221861755462455e-05
1260,154.70065468099892,6.8597,4.921947749452975e-05
1261,154.8000220289996,6.8401,4.9217277453034865e-05
1262,154.8981230849986,6.6214,4.921488272060653e-05
1263,154.99575944699973,6.5472,4.9212514003746266e-05
1264,155.09537538399854,7.0454,4.9210150495603194e-05
1265,155.19284886999958,6.8543,4.920774906159695e-05
1266,155.29132684499928,6.8194,4.920538112106647e-05
1267,155.3885599239984,6.6278,4.9202998103014274e-05
1268,155.4850392799999,5.5573,4.920063197363945e-05
1269,155.5808362129992,7.0319,4.919828196193418e-05
1270,155.67787216299985,7.0081,4.919591861923367e-05
1271,155.77674209999896,6.4991,4.9193579519709627e-05
1272,155.8701041989989,7.1381,4.9191163817087266e-05
1273,155.9676058519999,6.89,4.9188878940299724e-05
1274,156.06656860699877,6.3049,4.918648234504403e-05
1275,156.1659605469995,6.9103,4.9184057430528054e-05
1276,156.2627181429998,7.4302,4.918161615748067e-05
1277,156.36308870899848,6.7495,4.917923020640121e-05
1278,156.46166287599954,7.1895,4.917675501310844e-05
1279,156.561991433,6.5485,4.917432123420266e-05
1280,156.65963725799884,6.4969,4.917184340766801e-05
1281,156.75390660199992,7.0781,4.916942054352043e-05
1282,156.85095521099902,6.4014,4.916708028053616e-05
1283,156.9470955759989,6.71,4.916467282232239e-05
1284,157.0432752509987,7.7529,4.916228048463537e-05
1285,157.13908167699992,6.842,4.915988228735794e-05
1286,157.23521110899856,6.579,4.915749498542585e-05
1287,157.33457131499927,6.9206,4.915509610890061e-05
1288,157.4331924779999,6.9245,4.9152594988432424e-05
1289,157.52987495099842,6.7114,4.9150111124957396e-05
1290,157.62709515699862,6.9503,4.914770792036429e-05
1291,157.72347128599904,5.4485,4.914527142351958e-05
1292,157.82152241199947,6.7918,4.9142843655422545e-05
1293,157.91978499299876,6.4376,4.9140377764642986e-05
1294,158.0171555830002,7.4189,4.913789059650303e-05
1295,158.11397082799886,6.9975,4.913543681141029e-05
1296,158.21128694899926,6.2139,4.913298599960856e-05
1297,158.3101350019988,7.4395,4.9130519997091324e-05
1298,158.409478870999,7.3486,4.912801751543079e-05
1299,158.50704375399982,6.5845,4.912546649104792e-05
1300,158.60417500199947,6.5032,4.9123008918643246e-05
1301,158.70136571699913,6.5062,4.912053284706016e-05
1302,158.80154757899982,7.7187,4.911805114353782e-05
1303,158.89926954699877,7.0871,4.911549816591969e-05
1304,158.99497979699845,7.018,4.911299684840177e-05
1305,159.0942122309989,6.8233,4.9110550361819516e-05
1306,159.19125601199994,7.2246,4.910800679866127e-05
1307,159.28883233099987,4.4541,4.9105504883441944e-05
1308,159.38428431799912,7.4965,4.910298966927848e-05
1309,159.4848201069999,7.1267,4.910053071655266e-05
1310,159.58340023299934,6.3905,4.909792286590703e-05
1311,159.6808157380001,6.7638,4.9095403297750356e-05
1312,159.78086350299964,6.5206,4.909288239981491e-05
1313,159.88100030999885,6.6331,4.909028759180755e-05
1314,159.9797125369987,7.2379,4.908769034668279e-05
1315,160.0781857359998,6.8552,4.908512615763624e-05
1316,160.17527713799973,6.7513,4.9082568075612865e-05
1317,160.2749105999992,7.4198,4.908003602379851e-05
1318,160.37244338299934,6.202,4.907744222755408e-05
1319,160.46982846599894,7.5396,4.907489397374309e-05
1320,160.5696773669988,6.9834,4.90723494990333e-05
1321,160.66953138399913,7.378,4.906973324217902e-05
1322,160.76928699199925,6.8452,4.9067113986533424e-05
1323,160.86977271999967,7.1726,4.906449389296178e-05
1324,160.97041408599944,7.0238,4.906184248454968e-05
1325,161.07148313299876,6.996,4.905920048315848e-05
1326,161.16907284899935,6.6511,4.905653864625958e-05
1327,161.26566156399895,7.3031,4.9053955615321154e-05
1328,161.36363941499985,6.0958,4.9051394296342926e-05
1329,161.46257847099878,6.5623,4.904880831845143e-05
1330,161.5608884379999,6.9717,4.904619473274641e-05
1331,161.65910047399848,5.907,4.904357460785315e-05
1332,161.75654491800015,7.0573,4.9040965223449634e-05
1333,161.85433386499972,7.4865,4.903837850394172e-05
1334,161.95032902099956,7.35,4.903577116518894e-05
1335,162.04756370099858,7.1022,4.903320971704428e-05
1336,162.14489619599954,7.4454,4.903060687357412e-05
1337,162.24032432999957,7.861,4.902799904797391e-05
1338,162.33990499799984,7.0137,4.902544365074561e-05
1339,162.439161925,6.0222,4.902277117853609e-05
1340,162.53743584599943,6.3662,4.902010909363063e-05
1341,162.63487168399843,7.4154,4.901746331894332e-05
1342,162.73582506099956,7.2823,4.901484549515264e-05
1343,162.83493730699956,6.8489,4.901212413012919e-05
1344,162.93151028299872,6.5656,4.900944998927402e-05
1345,163.0286047519985,6.7368,4.9006830283483606e-05
1346,163.12520409599892,7.6231,4.900420462061832e-05
1347,163.22425398999985,7.2592,4.900158490970112e-05
1348,163.3218918499988,5.5475,4.8998896447873846e-05
1349,163.4189465089985,6.8697,4.899624284060055e-05
1350,163.51675050799895,7.3963,4.899359804478429e-05
1351,163.61624715699872,6.8225,4.899092256758281e-05
1352,163.71438769499946,7.1234,4.898822105036882e-05
1353,163.81289585000013,6.1947,4.898553974938405e-05
1354,163.91068184899996,6.1999,4.898284597627406e-05
1355,164.00926445599907,7.2426,4.89801367681145e-05
1356,164.108369571999,5.956,4.89774557454467e-05
1357,164.20516790999864,6.0146,4.89747427360535e-05
1358,164.30183940499955,6.7332,4.8972074501747204e-05
1359,164.39913521499875,6.3145,4.896941737187936e-05
1360,164.4989295659998,6.3826,4.896673138717189e-05
1361,164.59926348999943,6.4086,4.89639756158478e-05
1362,164.6985303370002,7.79,4.8961204075566586e-05
1363,164.7962054089985,7.4098,4.895846365890044e-05
1364,164.894102758999,7.3996,4.895574768473495e-05
1365,164.99120519699864,5.9621,4.895303353962019e-05
1366,165.08708320099868,7.3995,4.895032949738971e-05
1367,165.17857673199978,7.196,4.894766271454514e-05
1368,165.27781646499898,5.9599,4.8945125591090065e-05
1369,165.37589486899924,7.1607,4.8942350773049394e-05
1370,165.4751308089999,6.4467,4.893961365943016e-05
1371,165.5731883869994,6.6799,4.893681203315961e-05
1372,165.6699809239999,6.6078,4.893409123611251e-05
1373,165.7697300939999,6.8939,4.893137974659986e-05
1374,165.8686874019986,7.0583,4.892858359504168e-05
1375,165.96060610599852,7.2668,4.892580052158782e-05
1376,166.06145282999933,7.2392,4.892320479065116e-05
1377,166.1604765659995,6.0325,4.8920379134225865e-05
1378,166.25943752499916,5.7682,4.8917573418870817e-05
1379,166.35935596299896,6.4379,4.891478874902803e-05
1380,166.45780464400013,6.2286,4.891196350237404e-05
1381,166.55723800199848,7.2996,4.890917557239565e-05
1382,166.6583574059987,6.3673,4.890635207085925e-05
1383,166.75873195299937,7.4542,4.8903490478553994e-05
1384,166.8587983669986,7.4358,4.8900630567311e-05
1385,166.956350647999,7.0146,4.889778974344076e-05
1386,167.0546359539985,6.6043,4.889500205425059e-05
1387,167.15241857299952,6.7832,4.889219274564089e-05
1388,167.25249151800017,7.1547,4.8889408514235574e-05
1389,167.35058306799874,7.6085,4.888655290454992e-05
1390,167.4491282859999,6.4321,4.888373412628727e-05
1391,167.54717468299896,7.593,4.888091590188394e-05
1392,167.64501570799985,6.3256,4.8878102717791916e-05
1393,167.7442225499999,6.5974,4.887527968632381e-05
1394,167.84364996899967,7.1296,4.8872419471889063e-05
1395,167.9349918939988,7.3812,4.8869565629112974e-05
1396,168.0358994849994,7.0788,4.886694249425016e-05
1397,168.13664362099917,6.6686,4.8864024317007126e-05
1398,168.2355239539993,6.1687,4.8861110393269604e-05
1399,168.3333371689987,6.7737,4.885823959025436e-05
1400,168.43136573999982,6.5772,4.885540486913429e-05
1401,168.52873523699964,6.1586,4.885254056467103e-05
1402,168.6261044089988,6.8743,4.8849731937145014e-05
1403,168.7254645569992,7.4338,4.884690449637244e-05
1404,168.82682233800006,5.5188,4.884400757062982e-05
1405,168.92387554499874,5.8336,4.884105300917725e-05
1406,169.0219038689993,7.5566,4.883821967334907e-05
1407,169.11889348099976,7.0371,4.883535296247966e-05
1408,169.2151365109985,7.0289,4.883251484812719e-05
1409,169.31570163200013,7.3975,4.882969490437173e-05
1410,169.41277738799909,6.9632,4.8826748152091436e-05
1411,169.51205356599894,7.0165,4.882388907384631e-05
1412,169.61057361299936,7.5008,4.8820960690388017e-05
1413,169.70984871499968,7.2039,4.881807909785683e-05
1414,169.80773278299966,6.7933,4.881511214108528e-05
1415,169.89829960399948,7.0255,4.881225252339716e-05
1416,169.99804456299898,7.3528,4.880959187414379e-05
1417,170.09722637899904,7.3593,4.8806631413862534e-05
1418,170.1988716629985,6.2498,4.880369726171217e-05
1419,170.2965171349988,6.4517,4.8800679739734145e-05
1420,170.3970622779998,6.5392,4.879777816402502e-05
1421,170.4962167499998,5.9245,4.8794794461442705e-05
1422,170.5919037169988,6.0337,4.8791835707893805e-05
1423,170.68912505199842,4.8489,4.878898554480868e-05
1424,170.78726277999885,6.833,4.8786087223502086e-05
1425,170.8854766479999,6.2543,4.878316194156872e-05
1426,170.98570569299955,6.91,4.87802163749044e-05
1427,171.0852740779992,5.9283,4.8777222401405354e-05
1428,171.1769670649992,7.0797,4.877423755760346e-05
1429,171.2754580740002,7.0659,4.877149350261699e-05
1430,171.37164439199842,6.9042,4.876852747194911e-05
1431,171.46602404499936,5.2982,4.876563021345557e-05
1432,171.5623750300001,6.9092,4.876278869360688e-05
1433,171.653864934,6.5959,4.875989205917745e-05
1434,171.75220594099846,7.3373,4.8757111848894886e-05
1435,171.85202595999908,7.2202,4.875415627986044e-05
1436,171.95227804800015,6.7399,4.875110387044454e-05
1437,172.04456372799905,6.9144,4.874810220203752e-05
1438,172.14346206899972,6.69,4.8745308779047336e-05
1439,172.2442655449995,6.9219,4.874230878571831e-05
1440,172.341164595,6.3245,4.873922831356141e-05
1441,172.44121250999888,6.3892,4.873628812417934e-05
1442,172.53751946699958,6.2677,4.873324196193786e-05
1443,172.6349261409996,7.5271,4.873029654312784e-05
1444,172.73347965799985,6.8997,4.872733462624158e-05
1445,172.82924457399895,5.4505,4.8724321263107096e-05
1446,172.92595732100017,6.5998,4.872138795234962e-05
1447,173.0199887939998,5.766,4.8718426320001806e-05
1448,173.11638387199855,6.911,4.8715541850944454e-05
1449,173.2133596859985,6.9931,4.871258573226378e-05
1450,173.31171999399885,7.2175,4.870960229434518e-05
1451,173.40239620899956,7.7496,4.870657827855394e-05
1452,173.50003699699846,7.2105,4.870379687631492e-05
1453,173.59951953400014,7.0659,4.8700779142949856e-05
1454,173.69888868399903,6.6476,4.8697708691164304e-05
1455,173.79704713199862,6.4714,4.869463923430241e-05
1456,173.8960712549997,7.286,4.869160221719014e-05
1457,173.99297927999942,6.8305,4.868853417416924e-05
1458,174.09067056099957,7.074,4.868552209895498e-05
1459,174.19132217699917,7.173,4.868249301871078e-05
1460,174.29048664999937,6.6666,4.867935527965614e-05
1461,174.3890601919993,5.8581,4.8676281024307055e-05
1462,174.49573442099972,7.0835,4.86731788832235e-05
1463,174.5899210259995,6.8104,4.8669880843898246e-05
1464,174.6878427799984,5.6134,4.866694848842386e-05
1465,174.7852451259987,7.0489,4.8663878355110343e-05
1466,174.88433899499978,7.2705,4.866079695068819e-05
1467,174.98265756599903,6.8797,4.86577258467987e-05
1468,175.082885763999,6.561,4.865464626145231e-05
1469,175.18375666599968,6.7316,4.865150260721244e-05
1470,175.283331876999,6.9923,4.864833257797805e-05
1471,175.3803093409988,6.6967,4.864519303232935e-05
1472,175.47746826000002,5.6839,4.864213479746416e-05
1473,175.57687359599913,6.2881,4.8639078768868455e-05
1474,175.6752186140002,6.4265,4.863593768277303e-05
1475,175.77227767899967,6.7644,4.8632827487399895e-05
1476,175.86937310599933,7.1677,4.862975046720134e-05
1477,175.9689747909997,6.8131,4.8626671548410825e-05
1478,176.06765847499992,6.6068,4.862352370365644e-05
1479,176.16581272299845,6.3878,4.862038769730112e-05
1480,176.26594476799983,6.8419,4.861724009185214e-05
1481,176.36297731099876,6.3847,4.8614082890020456e-05
1482,176.461548108,7.1585,4.861099050395969e-05
1483,176.5594732339996,6.4125,4.8607852217744484e-05
1484,176.65980062699964,7.2707,4.860472398430693e-05
1485,176.75798341299924,6.585,4.860152111477262e-05
1486,176.85589510299906,6.3313,4.8598377983687804e-05
1487,176.95498637299897,7.2294,4.8595206107518095e-05
1488,177.05206565799926,3.8447,4.859207199132543e-05
1489,177.14660189299866,5.6545,4.85889393847033e-05
1490,177.24655388099927,6.9052,4.858589948396469e-05
1491,177.3436685559991,6.2793,4.858269783706898e-05
1492,177.44786266199844,7.1626,4.857956767822868e-05
1493,177.54757575499934,7.0967,4.85762104878944e-05
1494,177.64599742899918,6.7709,4.857299779873922e-05
1495,177.74263027599955,5.1479,4.856981223960957e-05
1496,177.84103713900004,6.7902,4.856667825102827e-05
1497,177.94238380899878,7.1075,4.856349761883523e-05
1498,178.03827792799893,6.8787,4.8560216736953365e-05
1499,178.13664509699993,6.8974,4.855710084418642e-05
1500,178.23878387900004,6.8977,4.8553878990269596e-05
1501,178.33984925899858,6.2671,4.855059393221254e-05
1502,178.438600812,7.1867,4.8547301927385804e-05
1503,178.53111519699996,6.8361,4.854408704499916e-05
1504,178.6303483899992,7.0834,4.854106559313285e-05
1505,178.7297465219999,7.127,4.853782210305456e-05
1506,178.82917803499913,7.0488,4.8534546328325434e-05
1507,178.9288544689989,7.0756,4.8531309002497824e-05
1508,179.02890009600014,6.1589,4.8528014642548635e-05
1509,179.12931593499889,6.5482,4.8524733352616946e-05
1510,179.22715751799842,6.1686,4.852143555484985e-05
1511,179.3263749839989,6.5212,4.851826438839765e-05
1512,179.42531868100014,6.638,4.8514983440478504e-05
1513,179.5232392429989,7.4699,4.851173501808165e-05
1514,179.61906349899982,4.7096,4.8508508487074573e-05
1515,179.7146415669995,6.0943,4.850533712950892e-05
1516,179.81240658599927,7.3609,4.850218139391443e-05
1517,179.909126474,7.5135,4.849894930663526e-05
1518,180.00686178599972,7.2201,4.8495748130133075e-05
1519,180.10722035899926,6.9482,4.849251144181815e-05
1520,180.19853704699926,6.9,4.8489159433389806e-05
1521,180.29844413699902,6.6158,4.848615027190846e-05
1522,180.39721302399994,7.0189,4.8482830447130564e-05
1523,180.4968687239998,5.9458,4.847953872150778e-05
1524,180.595422082999,7.5121,4.847621750415736e-05
1525,180.69511862099898,6.5749,4.8472931622739707e-05
1526,180.79440242499913,6.4915,4.846956798063434e-05
1527,180.8952198930001,6.489,4.84662754271345e-05
1528,180.99491883500014,6.6798,4.846291004281549e-05
1529,181.09270558299977,6.602,4.845956946547239e-05
1530,181.1918023269991,7.1242,4.845627514930053e-05
1531,181.28924683100013,6.3785,4.845295569715311e-05
1532,181.38715352299914,5.2895,4.8449687057145677e-05
1533,181.48661763000018,7.1398,4.84463937748804e-05
1534,181.58703000999958,7.0018,4.844305042188435e-05
1535,181.68744216599953,5.9218,4.84396665370783e-05
1536,181.78597570199963,7.1106,4.843627492238611e-05
1537,181.8845575539999,4.9336,4.8432938688387294e-05
1538,181.9798033169991,5.613,4.842961214825571e-05
1539,182.07658657399952,4.5739,4.8426387785497974e-05
1540,182.1740765759987,6.2673,4.842311194900231e-05
1541,182.27291801599858,7.0489,4.8419807273818694e-05
1542,182.3706250189989,5.88,4.8416455922115835e-05
1543,182.46989077799844,7.2439,4.841313341382353e-05
1544,182.56878099499954,6.6076,4.8409762184147946e-05
1545,182.66830631299854,6.301,4.840639166037706e-05
1546,182.76861701899907,5.4695,4.8402962176993416e-05
1547,182.87046119499973,6.124,4.839955978861335e-05
1548,182.9697660919992,6.4068,4.839610412874085e-05
1549,183.0678938209985,5.9555,4.839270835727952e-05
1550,183.16217418199994,4.9064,4.838934463416471e-05
1551,183.2600923559985,6.2466,4.838611104223812e-05
1552,183.35537626899895,6.4704,4.838273466815422e-05
1553,183.45211402999848,5.8166,4.837948559607822e-05
1554,183.55112111400013,6.4449,4.8376144218488665e-05
1555,183.64977438799906,6.1817,4.837274840339203e-05
1556,183.74903227100003,6.119,4.836936535355432e-05
1557,183.84849945299902,6.3718,4.8365942243315654e-05
1558,183.94704070699845,6.2717,4.8362511897379766e-05
1559,184.04588363699986,7.2886,4.8359116308150864e-05
1560,184.14284196399967,6.5474,4.835569755416676e-05
1561,184.24130394299937,7.3579,4.835233570472534e-05
1562,184.3380527979989,6.6524,4.834892969338507e-05
1563,184.4284098579992,6.5358,4.834557641923369e-05
1564,184.52033578099872,7.0298,4.834244736635517e-05
1565,184.6162441939996,6.4169,4.8339249848376816e-05
1566,184.71222766199935,6.9706,4.83359080068449e-05
1567,184.812457258,6.7605,4.8332570007650005e-05
1568,184.9092337889997,4.9187,4.8329079562853265e-05
1569,185.00878261899925,7.5825,4.832566361521298e-05
1570,185.10837609099872,6.7306,4.832220735766676e-05
1571,185.20697137800016,6.0795,4.8318749435455724e-05
1572,185.3054434299993,6.3154,4.831530687094974e-05
1573,185.40315240199925,6.6963,4.831185598245971e-05
1574,185.50246829299977,7.2849,4.8308439091285215e-05
1575,185.6013979749987,6.7947,4.830495245647286e-05
1576,185.70075563299906,7.1285,4.830147275663118e-05
1577,185.80142323499967,6.4668,4.829798228249894e-05
1578,185.89991573999941,6.6727,4.829443009243805e-05
1579,185.99728519999917,6.1776,4.8290967394859186e-05
1580,186.0962049739992,6.9189,4.828752900989456e-05
1581,186.1919298189987,6.6152,4.828405064510694e-05
1582,186.28889574200002,6.6769,4.828066108465656e-05
1583,186.38707209899985,6.6506,4.8277231067219875e-05
1584,186.48607204600012,6.5167,4.827376151371428e-05
1585,186.58160558899908,6.9992,4.8270257294746026e-05
1586,186.67667869199977,6.3148,4.8266859992056885e-05
1587,186.77609524199943,7.0665,4.8263494615767514e-05
1588,186.87238269799855,6.1375,4.825995744103548e-05
1589,186.97129852399848,6.3108,4.825653514477999e-05
1590,187.06968375199904,6.6118,4.8253015819062254e-05
1591,187.16936768300002,7.3154,4.824951812853604e-05
1592,187.26828941699932,6.078,4.8245962002041554e-05
1593,187.36511613999937,6.5488,4.824239886871576e-05
1594,187.46526693099986,6.4645,4.8238958861595316e-05
1595,187.56309712999973,6.8518,4.823535137761766e-05
1596,187.6589034739991,5.4451,4.82318839956204e-05
1597,187.75702482399902,6.4925,4.82284437003042e-05
1598,187.85756217800008,7.2757,4.8224927344444525e-05
1599,187.95769217299858,6.7835,4.8221327453128826e-05
1600,188.0555921539999,6.6435,4.8217728701847144e-05
1601,188.1549197489985,6.1256,4.8214198114593764e-05
1602,188.2562569820002,7.2363,4.8210620971758254e-05
1603,188.3521804009997,7.1965,4.820696924368029e-05
1604,188.44855011799882,6.3737,4.820350645540462e-05
1605,188.54759008699875,6.4848,4.8200030664378445e-05
1606,188.64615021099962,5.527,4.819643427913877e-05
1607,188.74694119699961,6.5524,4.819288923088478e-05
1608,188.84248458799993,6.7166,4.8189194455485076e-05
1609,188.93919214999914,6.4472,4.818576546553441e-05
1610,189.03722613799982,6.1214,4.81822502784755e-05
1611,189.1350602859984,7.1192,4.81787100214414e-05
1612,189.23412117599946,6.6975,4.817515346749113e-05
1613,189.33083590599927,7.2516,4.817155273069663e-05
1614,189.42802671999925,6.0071,4.816802108976732e-05
1615,189.5263736479992,6.0663,4.816447969214291e-05
1616,189.62155766499927,6.2194,4.816089273645281e-05
1617,189.72037652200015,6.7316,4.8157416735950334e-05
1618,189.82039717799853,7.0565,4.815381457305455e-05
1619,189.91985178100003,6.0381,4.8150111458983303e-05
1620,190.01753572300004,5.0275,4.814649900774568e-05
1621,190.114390585999,6.5085,4.8142916356712774e-05
1622,190.2135082829991,6.7599,4.813936975927044e-05
1623,190.31389780999962,6.2271,4.813573184937391e-05
1624,190.41173248799896,5.4931,4.813200179482684e-05
1625,190.50895610299995,6.7756,4.81284372343442e-05
1626,190.60978829599844,6.8241,4.812483516049401e-05
1627,190.70889600599912,6.3909,4.812112731716034e-05
1628,190.80920778299878,6.8391,4.81174659413047e-05
1629,190.90903446099946,5.7975,4.811378301395423e-05
1630,191.0063584799991,6.1637,4.8110089095464694e-05
1631,191.10103641899877,5.7393,4.8106483094008695e-05
1632,191.20234093099862,7.1712,4.810297585523329e-05
1633,191.299570064999,6.5792,4.8099196164286666e-05
1634,191.3989445119987,7.1912,4.80956167898444e-05
1635,191.49898484499863,5.1793,4.809193068244963e-05
1636,191.59739196999908,6.8223,4.8088209206674267e-05
1637,191.69706452099854,6.8934,4.808454128921301e-05
1638,191.79813912899954,6.6299,4.80808366571486e-05
1639,191.89361355499932,6.1154,4.8077070555432205e-05
1640,191.98813184199935,6.6084,4.807350784357115e-05
1641,192.08447917800004,6.9385,4.806996172654758e-05
1642,192.18205727399982,5.8167,4.80663753082478e-05
1643,192.2797702959997,6.1558,4.8062682992045e-05
1644,192.37752607199945,6.2388,4.8059064691449776e-05
1645,192.47699815599844,7.1883,4.8055405141170076e-05
1646,192.57532381599958,5.9626,4.805167320326832e-05
1647,192.6734603419991,7.107,4.804798212386112e-05
1648,192.7717478429986,4.3098,4.804429211278487e-05
1649,192.86835663199963,6.2391,4.8040585119249914e-05
1650,192.9641403079986,6.0043,4.803695919535097e-05
1651,193.0602847829996,6.3171,4.803333850569894e-05
1652,193.1598578459998,6.7254,4.802972144473278e-05
1653,193.262160803999,5.5598,4.802595267069563e-05
1654,193.36210732299878,6.372,4.802210803303911e-05
1655,193.46385285499855,5.6356,4.801832941833658e-05
1656,193.5646085849985,7.0323,4.801447096981168e-05
1657,193.6618475189989,6.3267,4.801065881874652e-05
1658,193.76438133800002,7.0295,4.800693349128011e-05
1659,193.86130343100012,6.3711,4.8003073684921894e-05
1660,193.9582174719999,6.2918,4.7999386314207734e-05
1661,194.05698620399926,6.3575,4.7995705315424206e-05
1662,194.15442945799987,6.5142,4.799195095390491e-05
1663,194.2526843199994,5.466,4.7988240536926296e-05
1664,194.35078739599885,5.9154,4.7984491949871424e-05
1665,194.44812990199898,6.8992,4.7980753703345136e-05
1666,194.54520134199993,5.508,4.797702633519873e-05
1667,194.64210633399853,7.1033,4.7973318480175456e-05
1668,194.7404958169991,7.3405,4.7969608194568514e-05
1669,194.84046853399923,6.4429,4.796584455376928e-05
1670,194.9408160109997,6.7229,4.79620131909638e-05
1671,195.03892076800003,5.9139,4.795816631137776e-05
1672,195.1337368409986,6.35,4.7954380162552136e-05
1673,195.2330871739996,6.6912,4.7950742207901326e-05
1674,195.33185493099882,6.9391,4.794693766547759e-05
1675,195.42880723799863,6.4505,4.7943129092943595e-05
1676,195.5234721050001,5.4024,4.793938452735615e-05
1677,195.62202074599918,6.1059,4.7935727127585154e-05
1678,195.7185853209994,5.5219,4.793193510629753e-05
1679,195.81595084299988,5.5228,4.792820287554727e-05
1680,195.91315638599917,7.015,4.792443584070569e-05
1681,196.01134765299867,7.0712,4.792068620671317e-05
1682,196.10877185699974,6.4449,4.79168693881782e-05
1683,196.20850953899935,6.4755,4.79130886901221e-05
1684,196.3054915599987,5.8266,4.790922390290365e-05
1685,196.401004071,6.0549,4.7905459299550456e-05
1686,196.50387717000012,7.0224,4.790174070111106e-05
1687,196.6032723219996,6.494,4.789774744571058e-05
1688,196.70176255099977,7.1731,4.789388188674717e-05
1689,196.8009838909984,5.8015,4.78900392862801e-05
1690,196.89930061799896,6.378,4.7886171524957915e-05
1691,196.99567758400008,6.5338,4.788232893511081e-05
1692,197.09162024399848,6.5451,4.787856684749502e-05
1693,197.18966300099964,6.7899,4.787481536994771e-05
1694,197.28511342299862,6.6025,4.787098406086685e-05
1695,197.3797885189997,5.7601,4.786723576755458e-05
1696,197.47439907699845,7.0629,4.786352676182883e-05
1697,197.5743482199996,7.2078,4.785981371174043e-05
1698,197.67178631699971,6.152,4.7855896050501533e-05
1699,197.7710453159998,5.772,4.785205501759617e-05
1700,197.87045106499863,6.9697,4.784815785374166e-05
1701,197.96946222799852,6.2573,4.784424677809574e-05
1702,198.06582872699983,6.6092,4.78403119753776e-05
1703,198.16379637499995,5.902,4.783653839308702e-05
1704,198.26175035099914,6.3909,4.7832673670298865e-05
1705,198.36031113499848,5.8202,4.782878752429636e-05
1706,198.4588723500001,7.0129,4.782490526804215e-05
1707,198.55622600399874,5.3042,4.7821005213109677e-05
1708,198.6538818879999,6.6925,4.781714073768641e-05
1709,198.75261937999858,6.1407,4.7813277566154934e-05
1710,198.85040244399897,5.4702,4.7809360632752775e-05
1711,198.9479029919985,6.0949,4.7805479339711384e-05
1712,199.04560911499902,6.8824,4.780156991331946e-05
1713,199.1437162329985,6.6303,4.779771445403488e-05
1714,199.24161954800002,6.4037,4.779381082865155e-05
1715,199.33898717099873,7.3405,4.778987562302343e-05
1716,199.43869852899843,6.9636,4.778602768725788e-05
1717,199.53594960999908,7.0205,4.778205435057887e-05
1718,199.62755941999967,6.1079,4.777814223603636e-05
1719,199.72521314799997,6.4921,4.777450027739241e-05
1720,199.82167001000016,5.6536,4.777058919419615e-05
1721,199.92110509899976,6.9411,4.776673164239765e-05
1722,200.01917495599992,6.2615,4.776274872545571e-05
1723,200.11584962599954,6.6682,4.775881130955887e-05
1724,200.21365661399977,6.5725,4.7754924209361105e-05
1725,200.31225621500016,6.9934,4.775101008745856e-05
1726,200.41061774099944,6.9636,4.7747044202345304e-05
1727,200.5069309069986,6.8569,4.774308574767333e-05
1728,200.60560161600006,6.1882,4.773919625607961e-05
1729,200.7020095909993,5.9719,4.773521918844545e-05
1730,200.79269360699982,7.4536,4.773133034749006e-05
1731,200.8931222629999,7.0512,4.772768165548469e-05
1732,200.99282262299857,7.242,4.7723608712288335e-05
1733,201.08906824299993,6.2422,4.7719580484172023e-05
1734,201.19023938099963,6.8192,4.771568231754822e-05
1735,201.2876136549985,6.138,4.7711589495938233e-05
1736,201.3854557169998,5.5414,4.77076425930476e-05
1737,201.4825572539994,6.5083,4.770367001060799e-05
1738,201.58114356499937,7.3253,4.769972937787024e-05
1739,201.6803431799999,6.5136,4.7695721509368835e-05
1740,201.7779203889986,6.5068,4.7691679353538906e-05
1741,201.8759414269989,6.1319,4.768771252931942e-05
1742,201.9745547779985,6.232,4.7683711793469656e-05
1743,202.06829287499932,7.4869,4.7679657031949255e-05
1744,202.16666657699898,4.5689,4.767587902960456e-05
1745,202.26426915499906,6.6738,4.767185005741926e-05
1746,202.3637928469998,7.1114,4.766785357632678e-05
1747,202.46081179199973,6.0016,4.766378899302304e-05
1748,202.56121488899953,6.5811,4.76598130342259e-05
1749,202.66022730299846,6.7223,4.765570493310564e-05
1750,202.75990421299866,6.8904,4.7651645730554126e-05
1751,202.85706710199884,6.3699,4.7647556762494194e-05
1752,202.95812301099977,6.3892,4.7643558187221235e-05
1753,203.0559931759999,7.0987,4.763941926509324e-05
1754,203.15202553199924,6.4104,4.7635376389301176e-05
1755,203.25119649999942,6.871,4.763141299935418e-05
1756,203.34943136499896,3.9354,4.762730836584276e-05
1757,203.44889196499935,6.9714,4.7623287234754354e-05
1758,203.54810019599972,6.4017,4.761917919042459e-05
1759,203.64796183399994,7.0441,4.761508754953764e-05
1760,203.7469531229999,6.3583,4.761090860115561e-05
1761,203.84344942399912,5.6927,4.760685216371355e-05
1762,203.9437593040002,6.6048,4.760286122286088e-05
1763,204.04277947299852,6.4429,4.759870350717909e-05
1764,204.14090333499917,6.1121,4.759460327555822e-05
1765,204.23624520399972,6.5338,4.759052724719815e-05
1766,204.3329031960002,6.0768,4.758655930519119e-05
1767,204.4321229239995,6.8875,4.758253111162261e-05
1768,204.5316292769985,6.5091,4.757841019887952e-05
1769,204.6305859719996,5.6821,4.7574268430537064e-05
1770,204.72738853400006,5.8956,4.7570135320298925e-05
1771,204.8248537999989,6.0121,4.756610099688067e-05
1772,204.92025049199947,3.1268,4.7562038840640105e-05
1773,205.01865794999867,7.0841,4.75580418547371e-05
1774,205.1157459649985,6.8518,4.7553930319084346e-05
1775,205.21301558499908,6.0856,4.754986809860025e-05
1776,205.31139586899917,5.1402,4.754579739661051e-05
1777,205.4081001279992,6.8285,4.754167491590172e-05
1778,205.50763365199964,6.8238,4.75376136084393e-05
1779,205.94415934799872,6.2974,4.7533443971033874e-05
1780,206.0441637899985,6.5552,4.7515037401387476e-05
1781,206.1415106200002,6.6232,4.7510861312682456e-05
1782,206.239365387999,6.2765,4.7506751034149566e-05
1783,206.33778433099906,6.4683,4.750261481661087e-05
1784,206.43458009200003,6.3685,4.749845659809501e-05
1785,206.53324344999965,7.4381,4.749433332370176e-05
1786,206.62916951699845,3.5498,4.749018611604855e-05
1787,206.72595499199997,5.9607,4.748611740060606e-05
1788,206.82570971699897,6.0012,4.748203199566959e-05
1789,206.92443599299986,6.5898,4.7477789648654095e-05
1790,207.02342274999864,6.0588,4.7473598585213335e-05
1791,207.122140088999,6.0784,4.746939056107531e-05
1792,207.21442973000012,6.9993,4.746519100027368e-05
1793,207.31367261499872,6.6824,4.746127633746149e-05
1794,207.41028950799955,6.7739,4.745704546825641e-05
1795,207.50801943399892,6.7124,4.745292147463073e-05
1796,207.6078105689994,6.2356,4.744875205435511e-05
1797,207.7069214059993,5.4024,4.7444493338888575e-05
1798,207.80755798799873,6.961,4.744025465103289e-05
1799,207.90617571599978,6.6678,4.743595153009553e-05
1800,208.0050817759984,7.2686,4.7431729753962066e-05
1801,208.1028572260002,6.988,4.7427495824976344e-05
1802,208.20108826899923,6.5472,4.742330976130326e-05
1803,208.298443579999,6.858,4.741909953141174e-05
1804,208.3966296089984,5.5165,4.7414920833905265e-05
1805,208.49589806499898,6.6651,4.7410699270042344e-05
1806,208.59333682499891,6.3039,4.740638740128338e-05
1807,208.68870277699898,5.285,4.7402233912392505e-05
1808,208.7867425989989,6.6744,4.739812772567479e-05
1809,208.8857553050002,6.6828,4.7393905939658996e-05
1810,208.98584563299846,6.2726,4.7389640396415614e-05
1811,209.08341694299997,3.0924,4.738532242819555e-05
1812,209.18147845299973,6.9438,4.738109844064813e-05
1813,209.281088927999,6.2385,4.737687064458583e-05
1814,209.37940903399976,4.3612,4.737256278534664e-05
1815,209.4778605829997,6.585,4.736830205739117e-05
1816,209.5754788969989,6.7709,4.736403512908439e-05
1817,209.6725627750002,5.769,4.7359805979205175e-05
1818,209.77593221499956,7.0001,4.735558290623405e-05
1819,209.87553296799888,6.8512,4.7351114684890295e-05
1820,209.9750617539994,7.2425,4.7346783617401033e-05
1821,210.0747778749992,5.5465,4.734245366649371e-05
1822,210.17386239299958,6.7297,4.733811111934155e-05
1823,210.27142314199955,6.0338,4.7333795650792066e-05
1824,210.36723422499927,5.9999,4.7329536015094385e-05
1825,210.4674767589986,6.9001,4.732535313046279e-05
1826,210.5663176879989,6.4568,4.732099174968961e-05
1827,210.66340267499982,6.2789,4.7316673072696955e-05
1828,210.761793398,6.11,4.731241093336899e-05
1829,210.8613033779984,6.316,4.730811560464478e-05
1830,210.95918202399844,6.3292,4.730376060036166e-05
1831,211.05738186999952,4.8726,4.729947853374065e-05
1832,211.15500125399922,7.034,4.729515849347399e-05
1833,211.2527960819989,6.2451,4.7290889388328294e-05
1834,211.35348961399905,5.2464,4.7286528572204765e-05
1835,211.4524942809985,6.5544,4.7282155428262185e-05
1836,211.54933726699892,6.3136,4.7277806040125346e-05
1837,211.64846620800017,6.6258,4.727353783565503e-05
1838,211.74582875799933,6.2837,4.726913319888855e-05
1839,211.84413093900002,6.8593,4.726488856284576e-05
1840,211.94232114999977,6.2226,4.7260552760644174e-05
1841,212.04059390200018,6.4953,4.72562211395751e-05
1842,212.13217283799895,6.2303,4.725187328617108e-05
1843,212.2304695219991,6.7375,4.72478266863266e-05
1844,212.32840466499874,6.5272,4.724348234518009e-05
1845,212.4274727489992,6.8432,4.723911154586476e-05
1846,212.52531793999879,6.6277,4.7234747931683596e-05
1847,212.62080210599925,4.6606,4.723041052203073e-05
1848,212.7174021439987,6.2304,4.7226172804246916e-05
1849,212.81618269499995,6.5477,4.722188251377841e-05
1850,212.9157284239991,6.3437,4.721750145486033e-05
1851,213.01592196599995,4.643,4.721306068458866e-05
1852,213.11366120299863,6.04,4.720860496941905e-05
1853,213.2121489759993,5.887,4.720426088176657e-05
1854,213.31239239899878,6.7485,4.7199860055895615e-05
1855,213.40820381999947,6.1626,4.7195395715373e-05
1856,213.50590382500013,5.8975,4.7191109351365225e-05
1857,213.60514451999916,6.0925,4.718675783250336e-05
1858,213.70440192299975,7.0581,4.718231755992519e-05
1859,213.8055551409998,6.8924,4.717788132231058e-05
1860,213.89894998399905,5.703,4.717330699749104e-05
1861,213.99529035999876,6.2897,4.716916910338879e-05
1862,214.09298792499976,6.0602,4.716484340351216e-05
1863,214.191125198,6.6858,4.7160466674859003e-05
1864,214.28852451300008,6.9326,4.715606264603307e-05
1865,214.38782486199852,6.6603,4.715168374718786e-05
1866,214.486328605999,6.4655,4.714721972352065e-05
1867,214.58434334699996,5.4848,4.71427834631408e-05
1868,214.68110464099846,6.0369,4.713836547520415e-05
1869,214.7792227760001,6.664,4.713400617380258e-05
1870,214.87759780899978,7.1364,4.7129588036298856e-05
1871,214.9754506749996,5.5256,4.712515893467235e-05
1872,215.07271615099853,5.9493,4.712072638447978e-05
1873,215.1724767300002,7.0043,4.711631053230444e-05
1874,215.27226508899912,6.9765,4.7111817869742726e-05
1875,215.36962437699913,5.9158,4.7107302668559745e-05
1876,215.46874961699905,6.9755,4.710289372226325e-05
1877,215.56534150299922,6.061,4.7098400338892816e-05
1878,215.66383411399875,6.9131,4.709401134839676e-05
1879,215.76169515199945,6.2851,4.7089551348735645e-05
1880,215.86235458099873,6.9202,4.7085101945891474e-05
1881,215.96019066899862,6.1799,4.7080526002001914e-05
1882,216.05811348799944,5.8739,4.707604841107056e-05
1883,216.15456425499906,7.0848,4.707162153198394e-05
1884,216.2516195829994,6.1036,4.7067232209302915e-05
1885,216.34385197899974,6.2992,4.706278451469673e-05
1886,216.44278864699845,6.1553,4.70585997513208e-05
1887,216.5406106829996,6.6577,4.7054077140485664e-05
1888,216.63943745699908,6.7236,4.70496117415109e-05
1889,216.7387693699984,6.8317,4.704509851961503e-05
1890,216.83908419499858,6.6591,4.704055910060073e-05
1891,216.94262455199896,6.8727,4.703596867086049e-05
1892,217.04369883899926,6.5283,4.7031171546461095e-05
1893,217.13914525099972,5.2458,4.702657999518536e-05
1894,217.2322778939997,5.1536,4.702219440757948e-05
1895,217.32936974299992,6.3954,4.701791885998211e-05
1896,217.42171746699933,6.469,4.701347091628846e-05
1897,217.5193248609994,6.0164,4.700921596093811e-05
1898,217.61714855699938,6.6494,4.7004726338071495e-05
1899,217.71423320599934,6.5098,4.7000174934660355e-05
1900,217.80552182099927,6.6883,4.699575113020546e-05
1901,217.90517003999958,6.4857,4.699154322580849e-05
1902,218.00434126599976,5.5657,4.698694533078092e-05
1903,218.10272763099965,6.2054,4.6982372490778204e-05
1904,218.19945757299865,6.5773,4.697782761697106e-05
1905,218.29350746599994,6.583,4.6973349184610574e-05
1906,218.39224639699933,6.5106,4.6968999844430274e-05
1907,218.48782295899946,6.03,4.696438560847279e-05
1908,218.58469908400002,6.4689,4.695999184105167e-05
1909,218.67966526999953,6.2755,4.695551339123118e-05
1910,218.77994420199866,6.6766,4.695109001605501e-05
1911,218.878792305999,6.7865,4.6946450523331695e-05
1912,218.97926415399888,7.084,4.694185587404759e-05
1913,219.07760225499987,6.4093,4.693713272725908e-05
1914,219.17487858599998,5.9293,4.693261892859168e-05
1915,219.272103194,6.2048,4.692808352285267e-05
1916,219.37029438799982,6.7718,4.692355663534061e-05
1917,219.46753729400007,6.074,4.691898488358595e-05
1918,219.56620935999854,7.1675,4.691440090689624e-05
1919,219.66248048599846,7.0695,4.6909838294269736e-05
1920,219.76164975999927,7.137,4.6905337336071666e-05
1921,219.85996555499878,6.3083,4.6900707114571705e-05
1922,219.9509920189994,6.842,4.689610417914796e-05
1923,220.04859633699925,5.5663,4.689185544294901e-05
1924,220.14636409599916,6.2478,4.6887265127845046e-05
1925,220.24481772499894,5.3819,4.688267325226855e-05
1926,220.3414983249986,6.1972,4.687805542187518e-05
1927,220.44177038199996,6.4783,4.68735371112468e-05
1928,220.54147191299853,6.7698,4.686876702122039e-05
1929,220.6401437079985,6.5974,4.6864143053960005e-05
1930,220.7393171119984,6.6132,4.6859440159819556e-05
1931,220.83986327999992,7.1974,4.6854820983833205e-05
1932,220.93898585199895,7.4177,4.685008963595884e-05
1933,221.03648422199876,6.9274,4.68454271425903e-05
1934,221.13440026399985,6.79,4.684082277107355e-05
1935,221.23204302500017,6.2211,4.683619820332112e-05
1936,221.3312422149993,6.7112,4.6831596553964965e-05
1937,221.4305480869989,6.1792,4.682690131159965e-05
1938,221.52842565299943,5.933,4.682220895398677e-05
1939,221.62554298799841,6.1738,4.681756761335033e-05
1940,221.72439107099854,5.8684,4.681297760487036e-05
1941,221.820276638,5.0467,4.680828975832839e-05
1942,221.9158276449998,6.5462,4.6803738546597474e-05
1943,222.01450935100002,6.2286,4.6799199027772694e-05
1944,222.11531435599863,6.3623,4.679451832111207e-05
1945,222.2135772829988,6.5262,4.6789727513852454e-05
1946,222.3125241609996,6.562,4.678505396566484e-05
1947,222.412163220999,6.0543,4.678029778604508e-05
1948,222.51094014499904,6.5248,4.677560641335045e-05
1949,222.6093736519997,7.0124,4.6770901187270866e-05
1950,222.705322288999,4.6091,4.676621012079768e-05
1951,222.79984516500008,5.0736,4.676162224539233e-05
1952,222.89778285899956,6.7304,4.6757114023927026e-05
1953,222.9937310389996,5.9484,4.675244726481292e-05
1954,223.09139845999925,6.8676,4.674784731927669e-05
1955,223.1881022540001,5.8588,4.674318214917811e-05
1956,223.28613355000016,5.5355,4.673854017791568e-05
1957,223.38692927400007,6.6415,4.673384106420493e-05
1958,223.4878286940002,7.2198,4.672901474285147e-05
1959,223.58639296699948,5.7419,4.6724180492813616e-05
1960,223.6850903300001,6.4179,4.6719460332828216e-05
1961,223.78302450499905,6.0973,4.671470262697224e-05
1962,223.8790176549992,5.1053,4.671000244172226e-05
1963,223.97471912199944,5.6342,4.6705376343197465e-05
1964,224.0699680329999,5.5701,4.6700778744958184e-05
1965,224.1654517169991,6.314,4.669619769937056e-05
1966,224.26418038299926,5.9774,4.669159055419315e-05
1967,224.36471834799886,6.3316,4.6686837668460204e-05
1968,224.46478003299853,7.2716,4.6681986270293234e-05
1969,224.56267956099873,6.8174,4.667710329393938e-05
1970,224.65983938799945,4.8265,4.6672420882744085e-05
1971,224.75553509899873,5.28,4.6667717054522576e-05
1972,224.85384383400014,6.1993,4.666307164325866e-05
1973,224.94943560399952,5.8544,4.6658330243539484e-05
1974,225.04821448999974,6.3366,4.6653695255354504e-05
1975,225.14403082699937,6.5242,4.664891638021198e-05
1976,225.23841544700008,5.4442,4.664426598950199e-05
1977,225.33599708399925,5.7213,4.6639674598700176e-05
1978,225.4333882079991,5.5372,4.663493477649335e-05
1979,225.53110298899992,6.8323,4.663020448301843e-05
1980,225.62843683699975,5.8038,4.662545843948658e-05
1981,225.7255798339993,5.9668,4.662072634924128e-05
1982,225.82542306100004,4.75,4.6615973531637724e-05
1983,225.92405306,6.2858,4.661112233964737e-05
1984,226.02270838599907,5.5299,4.660631904070678e-05
1985,226.1211229949986,6.2773,4.660149846040871e-05
1986,226.22121073699964,7.1496,4.6596692667650375e-05
1987,226.31998318299884,5.6322,4.6591805432614506e-05
1988,226.41762182899947,6.0464,4.658696856209277e-05
1989,226.5157522069985,6.3432,4.6582202447819646e-05
1990,226.61329188199852,5.6679,4.657734815062833e-05
1991,226.71034881000014,7.1638,4.6572608284844824e-05
1992,226.81131328099946,6.3909,4.6567849207129885e-05
1993,226.90774332599904,2.33,4.6562902145367496e-05
1994,227.0100375309994,6.4238,4.655815998387575e-05
1995,227.11076117999983,6.5385,4.655309703031138e-05
1996,227.2093479340001,7.0213,4.654820504199487e-05
1997,227.3082072649995,6.709,4.6543355368774024e-05
1998,227.40620557900002,6.3368,4.653849415141024e-05
1999,227.50266986399947,5.3655,4.6533663900077786e-05
2000,227.60262037599932,6.0429,4.6528896836011934e-05
2001,227.70149233899974,6.7011,4.6523983569818915e-05
2002,227.80125589099953,6.3126,4.651909752148003e-05
2003,227.89877654999873,6.4569,4.651417213333049e-05
2004,227.99657880199993,5.9007,4.650935085152465e-05
2005,228.09466484199947,5.6735,4.650448462816131e-05
2006,228.19322607499998,6.36,4.649967118310684e-05
2007,228.291437373,6.8067,4.649474174399788e-05
2008,228.38822393199916,5.8115,4.6489928600947e-05
2009,228.4860790040002,5.5774,4.648512269952708e-05
2010,228.58373643199957,5.4881,4.6480232080305103e-05
2011,228.6801312560001,6.1102,4.647538011220667e-05
2012,228.78112159899865,6.5369,4.647063635445172e-05
2013,228.8775311169993,6.0863,4.646561511378535e-05
2014,228.97550772499926,6.9628,4.646083092497538e-05
2015,229.07226396699843,6.2042,4.645590259586209e-05
2016,229.16950887299936,7.1486,4.6451132745931224e-05
2017,229.26915557599932,6.7572,4.6446303326178196e-05
2018,229.36647074199936,6.8971,4.6441291414057976e-05
2019,229.46417804500015,6.2109,4.6436487111317496e-05
2020,229.5634834199991,5.3784,4.6431604842133745e-05
2021,229.66187009799978,6.5313,4.642662863441846e-05
2022,229.75982814099916,5.0173,4.642172405856442e-05
2023,229.85687523399974,6.4584,4.641682545888758e-05
2024,229.95444282300014,5.9823,4.6411970755670496e-05
2025,230.046548454,6.5375,4.64070916548119e-05
2026,230.14448258499942,6.8846,4.64024365438818e-05
2027,230.24245163900014,6.2235,4.639756943949152e-05
2028,230.34138737799913,6.297,4.63926607614782e-05
2029,230.44210293299875,6.0993,4.6387690991367906e-05
2030,230.5393100349993,5.5311,4.638264124230999e-05
2031,230.6388678079984,6.2503,4.63777310593428e-05
2032,230.73457933699865,5.477,4.6372746739989406e-05
2033,230.83172423299948,5.6552,4.636790379047236e-05
2034,230.9306723539994,6.706,4.636302297718108e-05
2035,231.02723150699967,6.0864,4.635804787906719e-05
2036,231.1236845909989,6.5582,4.635316835287329e-05
2037,231.22031716399943,4.9078,4.634831274806247e-05
2038,231.316539301999,6.2041,4.634337626940154e-05
2039,231.4152102549997,6.1373,4.633855415718495e-05
2040,231.51260295300017,6.3749,4.6333592786926274e-05
2041,231.61024829099915,6.4049,4.6328660615018615e-05
2042,231.70862839399888,6.3121,4.632372721696321e-05
2043,231.80877113899987,6.8949,4.6318739044853574e-05
2044,231.90927640500013,6.9405,4.63136678533809e-05
2045,232.00520294099988,5.3902,4.630856977861575e-05
2046,232.10429625599863,6.3349,4.630369393886068e-05
2047,232.2021946799996,6.1723,4.629867892953082e-05
2048,232.30241433699848,7.0586,4.629370307286137e-05
2049,232.4055046329995,7.1045,4.6288603027033576e-05
2050,232.50281374299993,6.4633,4.628337083489363e-05
2051,232.59918279399972,5.4962,4.627841301189061e-05
2052,232.69774151699858,6.2128,4.627350325615153e-05
2053,232.79421866699886,6.1648,4.626848744278466e-05
2054,232.8864719559988,6.0684,4.6263569967348364e-05
2055,232.97953109799892,6.7058,4.625885309668193e-05
2056,233.0773775259986,6.9046,4.625412574207653e-05
2057,233.17406112199933,5.9971,4.624909305664369e-05
2058,233.27113514899975,6.8658,4.6244175124229516e-05
2059,233.37111679199916,6.3391,4.6239219253672884e-05
2060,233.46883645599883,6.3377,4.623405804783831e-05
2061,233.5674430449999,5.3221,4.622909968099931e-05
2062,233.66722933099845,5.9925,4.622404777866087e-05
2063,233.76409921899904,6.1182,4.6218927600010045e-05
2064,233.86263717200018,6.887,4.6213964305109226e-05
2065,233.9596576899985,6.3151,4.62089102936049e-05
2066,234.05613460099994,6.6654,4.6203920551029553e-05
2067,234.1505243419997,6.479,4.619896633254567e-05
2068,234.24729621199913,6.5878,4.619411298179636e-05
2069,234.34519863499918,6.5171,4.6189130556226956e-05
2070,234.44195305499852,6.6655,4.618410824032489e-05
2071,234.54037799399885,5.882,4.6179119560205153e-05
2072,234.6386631919995,6.257,4.617404499371669e-05
2073,234.73664100699898,6.0629,4.616897740394507e-05
2074,234.83340079699883,5.454,4.61639152410119e-05
2075,234.9317434939985,6.2327,4.615891763012379e-05
2076,235.02853046899872,5.4114,4.6153839308423695e-05
2077,235.1261702339998,5.9479,4.614883084739411e-05
2078,235.2375163249999,6.4333,4.614377912068274e-05
2079,235.3376747379989,5.7158,4.613803327944602e-05
2080,235.43687528499868,5.7687,4.613282435057955e-05
2081,235.536730283,6.4428,4.6127699099316835e-05
2082,235.63691259699954,6.5842,4.61225278021029e-05
2083,235.73613920999924,5.7362,4.6117301470736205e-05
2084,235.83553094999843,5.5106,4.611217864910499e-05
2085,235.93546938100008,4.8026,4.61070107347577e-05
2086,236.0327708879995,6.1873,4.610181079216813e-05
2087,236.1306846569987,6.5616,4.609672365175259e-05
2088,236.2264130650001,6.2931,4.609165772476752e-05
2089,236.3235837559987,6.5221,4.6086673914958315e-05
2090,236.42131713699928,5.8529,4.6081607611590716e-05
2091,236.51900462399863,6.078,4.607651356314271e-05
2092,236.6154458209985,5.3494,4.607142074524089e-05
2093,236.71625264899922,6.8849,4.606638125248064e-05
2094,236.8141327839985,6.2201,4.606107026193515e-05
2095,236.9128468989984,6.2943,4.6056014847888585e-05
2096,237.00660166799935,6.4372,4.6050841281666626e-05
2097,237.1074282819991,6.4113,4.6045948414755494e-05
2098,237.20548278800015,4.4668,4.604062136393156e-05
2099,237.29705151300004,6.316,4.6035519583146014e-05
2100,237.39591795900014,7.124,4.603073965165181e-05
2101,237.4949336059999,5.775,4.602555178917942e-05
2102,237.59542595999847,6.4177,4.602035861007153e-05
2103,237.69341849199918,5.307,4.601507686969705e-05
2104,237.79398659199978,5.9586,4.6009898253992644e-05
2105,237.8922993619999,5.9526,4.600462949476635e-05
2106,237.99497255299866,6.6884,4.599946360489002e-05
2107,238.09407764199932,5.9538,4.599406260344713e-05
2108,238.1922054459992,5.2122,4.5988839082051644e-05
2109,238.28887879899958,7.0413,4.598366046763233e-05
2110,238.38881322999987,6.6907,4.597857190133409e-05
2111,238.4938624839997,5.5844,4.597330098428303e-05
2112,238.59337014799894,5.7976,4.596769771495219e-05
2113,238.69082660499953,6.9495,4.5962489913925364e-05
2114,238.78920870799993,6.1926,4.595734234036855e-05
2115,238.88717684399853,4.9779,4.5952140266773934e-05
2116,238.98477249299867,5.5612,4.594695722782505e-05
2117,239.08445617599864,7.0509,4.594178882789875e-05
2118,239.1836058939989,6.1218,4.593652088851471e-05
2119,239.28084927799864,6.2639,4.593125455639075e-05
2120,239.37226018299953,6.777,4.59261006644097e-05
2121,239.4683688869991,4.9119,4.592126224123735e-05
2122,239.56655153999964,6.3725,4.591614306396942e-05
2123,239.6628000719993,6.2838,4.591093678310365e-05
2124,239.76183268099885,6.2352,4.590581838287215e-05
2125,239.85932752199915,6.1773,4.5900547188280964e-05
2126,239.9512150849987,6.7824,4.5895358641180474e-05
2127,240.04979612999887,6.3309,4.58904645117277e-05
2128,240.15018704799877,6.3577,4.588522527420958e-05
2129,240.24817572699976,6.9372,4.5879816043589716e-05
2130,240.34602517199892,5.1371,4.587461830029841e-05
2131,240.44356843700007,6.5199,4.58694156105961e-05
2132,240.54224916099884,6.964,4.5864200494343865e-05
2133,240.64118197199969,6.8521,4.585890516372631e-05
2134,240.7409088200002,6.7786,4.585363829073841e-05
2135,240.83970871999918,6.4068,4.5848316263758684e-05
2136,240.9383656639984,6.3642,4.584300366670044e-05
2137,241.03642572599892,5.9875,4.583772206593234e-05
2138,241.13294089199917,4.0826,4.583248651543568e-05
2139,241.2301606359997,6.189,4.5827299173092373e-05
2140,241.32861944899923,5.8712,4.582209224162136e-05
2141,241.4263361630001,6.7263,4.581679427573677e-05
2142,241.5268442059987,6.5216,4.581154903296253e-05
2143,241.6251329609986,6.7791,4.580612992054529e-05
2144,241.7260299640002,6.2122,4.580086640278938e-05
2145,241.8239298489989,5.8133,4.5795452448457075e-05
2146,241.92136050699992,5.7355,4.579017582570821e-05
2147,242.01758514499852,6.1459,4.5784922729833026e-05
2148,242.11282896099874,5.638,4.5779728022341674e-05
2149,242.20932993899987,7.0711,4.577458632988527e-05
2150,242.30842709999888,5.197,4.576940232528691e-05
2151,242.40464403299848,6.0113,4.5763991374506754e-05
2152,242.49940134399912,5.7844,4.575883723135878e-05
2153,242.5969729009994,6.5069,4.5753721272607355e-05
2154,242.69531471399932,6.4709,4.574845040387098e-05
2155,242.79514280900003,5.8779,4.574313348782503e-05
2156,242.8961710120002,6.3723,4.5737731372734035e-05
2157,242.99796642099864,6.0354,4.573225801171673e-05
2158,243.09831271599978,6.1393,4.5726733851846636e-05
2159,243.19608157599941,6.8116,4.572129139571022e-05
2160,243.2936579219986,6.0841,4.571597085046304e-05
2161,243.38975693599969,6.539,4.5710681172586186e-05
2162,243.48729494599866,5.6882,4.5705463421476924e-05
2163,243.58690635399944,5.7258,4.570016936369068e-05
2164,243.6838951539994,6.2613,4.569469428697307e-05
2165,243.7819287509992,6.1865,4.5689447955587096e-05
2166,243.8786298139985,6.0589,4.568413674175298e-05
2167,243.97364131599898,4.5497,4.5678863621825805e-05
2168,244.07073242299884,4.8751,4.567368164494463e-05
2169,244.16619060999983,5.7625,4.56683930542803e-05
2170,244.25929698099935,6.5428,4.566318801349805e-05
2171,244.35544454699993,6.9898,4.5658083106723904e-05
2172,244.4518582389992,7.2808,4.565285125067107e-05
2173,244.5483001449993,5.7492,4.564757688522681e-05
2174,244.64417942399996,6.3869,4.564229352891275e-05
2175,244.7417168510001,7.0738,4.563705908223118e-05
2176,244.83913362400017,6.6717,4.563166386429884e-05
2177,244.93546215899914,6.1317,4.5626361524856865e-05
2178,245.0341999359989,5.9496,4.56211056357832e-05
2179,245.1335801819987,5.7505,4.5615693828588376e-05
2180,245.22965098399982,6.6686,4.561023401164646e-05
2181,245.32597552399966,6.1516,4.560495978964042e-05
2182,245.42397742199864,6.0433,4.5599659288162775e-05
2183,245.52363364199846,6.4917,4.559428854974993e-05
2184,245.62309502099924,6.6181,4.55888204647491e-05
2185,245.7238666180001,6.5363,4.558333880426881e-05
2186,245.82219159299893,5.4407,4.557779321361744e-05
2187,245.9198873009991,5.5641,4.5572372902611185e-05
2188,246.02091023299909,5.7299,4.5566974271591345e-05
2189,246.12193437899987,6.0383,4.556140283630298e-05
2190,246.22044428299887,6.1394,4.555578917999382e-05
2191,246.31812393399923,6.1888,4.555040850801399e-05
2192,246.41684888899908,6.6677,4.5545005592887805e-05
2193,246.51567527899897,5.6735,4.5539555260980674e-05
2194,246.6146251299997,6.5928,4.553409269803063e-05
2195,246.7121345609994,5.5836,4.552861778320603e-05
2196,246.81136886399872,7.426,4.552321689090539e-05
2197,246.90998137099996,6.3466,4.551772842387496e-05
2198,247.00828317899868,6.1962,4.5512263395524827e-05
2199,247.10679224399973,6.7559,4.5506821368696495e-05
2200,247.1981338609985,6.0659,4.5501350104990683e-05
2201,247.2962569859992,7.0934,4.54962911141229e-05
2202,247.39234570400004,6.2805,4.5490822333308524e-05
2203,247.48971000599886,5.6095,4.54854839451912e-05
2204,247.58603861499978,6.3471,4.548007439516988e-05
2205,247.67834236399904,6.4215,4.547468940895439e-05
2206,247.77505967499928,5.506,4.5469597386276976e-05
2207,247.87234320700009,6.7649,4.5464198475611153e-05
2208,247.96978602599847,5.2186,4.545878822591083e-05
2209,248.06755493299897,5.8153,4.545334240936965e-05
2210,248.16915655499906,6.381,4.544788718391537e-05
2211,248.26723519699954,5.5707,4.5442228822035304e-05
2212,248.3639672399986,5.9547,4.543668636680836e-05
2213,248.46297684399906,6.5544,4.543134124249614e-05
2214,248.56089860099928,5.4743,4.5425809693015e-05
2215,248.66091602899905,6.7512,4.5420324057362916e-05
2216,248.7588275629987,4.3579,4.541472832311807e-05
2217,248.85888579899984,6.3294,4.5409250466455544e-05
2218,248.95839527399949,6.8228,4.5403654691636237e-05
2219,249.05726268599938,5.8718,4.539806407234318e-05
2220,249.15616894999948,6.8932,4.5392531348626965e-05
2221,249.2527066570001,6.147,4.538699187912284e-05
2222,249.34955511999942,7.0865,4.5381566552677695e-05
2223,249.4461336939985,6.1423,4.537611728465282e-05
2224,249.54571913099971,5.7535,4.537068681172936e-05
2225,249.6450762659988,5.8194,4.5365093359499354e-05
2226,249.74473124299948,6.0557,4.535950470229675e-05
2227,249.8411575299997,6.6131,4.535390067864148e-05
2228,249.93862082099986,5.2061,4.534846604727564e-05
2229,250.037641900999,7.3368,4.5342979513881254e-05
2230,250.13575496699923,5.6655,4.533739502557783e-05
2231,250.23387395399914,6.577,4.533184965826076e-05
2232,250.33096685700002,4.4297,4.53263335889819e-05
2233,250.4286102899987,6.7499,4.5320772868254224e-05
2234,250.52624344200012,6.1674,4.531532928248436e-05
2235,250.62393712599987,6.7212,4.530980701893899e-05
2236,250.72191335599928,5.7935,4.530426056303988e-05
2237,250.8201136480002,6.4557,4.5298733359622235e-05
2238,250.91627948199857,6.0149,4.529317291072086e-05
2239,251.01226328599842,6.4397,4.528766263688584e-05
2240,251.1105186859986,6.2366,4.528228154472897e-05
2241,251.20940880999842,6.4488,4.5276714437376465e-05
2242,251.30609763999928,6.3016,4.527110525544086e-05
2243,251.40407611099909,6.277,4.526561131408443e-05
2244,251.50093953099895,6.6018,4.526005411172193e-05
2245,251.59919983299915,5.3116,4.525453842982188e-05
2246,251.69838080099908,5.4506,4.524894902233907e-05
2247,251.796993295,6.7859,4.524331851957903e-05
2248,251.89340395599902,6.4299,4.52377106666285e-05
2249,251.99320585399983,6.3981,4.523222114136578e-05
2250,252.09265527999924,6.6177,4.5226533662778834e-05
2251,252.18970348999937,5.3055,4.522087379196224e-05
2252,252.28673292199892,6.6049,4.521533299511085e-05
2253,252.38713042499876,6.2839,4.520978317279406e-05
2254,252.48450246099856,5.1088,4.520406419950862e-05
2255,252.5849295449989,6.1505,4.519849259931376e-05
2256,252.68349828200007,6.4836,4.5192703069103645e-05
2257,252.78093768100007,6.2988,4.518710673800446e-05
2258,252.8772187609993,5.8981,4.518155178140999e-05
2259,252.97580475099858,6.3918,4.517602746971922e-05
2260,253.0744584669992,5.8952,4.517038482903613e-05
2261,253.17223492199992,6.4001,4.516473898517996e-05
2262,253.27113739000015,7.2656,4.515911722414361e-05
2263,253.36868641799992,6.6164,4.515346063055053e-05
2264,253.46847808499842,5.4861,4.5147855033605075e-05
2265,253.5654406529993,6.2185,4.514213577439846e-05
2266,253.66443275799975,6.7832,4.513655336183095e-05
2267,253.76044823699885,6.4727,4.5130856875076065e-05
2268,253.85895086799974,6.7925,4.512533998076788e-05
2269,253.95722008199846,6.08,4.5119681957297185e-05
2270,254.05541443499897,5.7906,4.511397783345721e-05
2271,254.15240731099948,6.413,4.510837223570861e-05
2272,254.24994984099976,4.9018,4.510277612537859e-05
2273,254.3486160880002,6.0422,4.509715841350797e-05
2274,254.44743774499875,5.9638,4.509147476708937e-05
2275,254.54393999199965,6.8293,4.508575468424762e-05
2276,254.6414109849993,5.3183,4.508018889910562e-05
2277,254.73894627799928,6.1446,4.507455674085757e-05
2278,254.83546805900005,5.303,4.506891532307648e-05
2279,254.92706388499937,6.3187,4.506333197154022e-05
2280,255.02561607200005,5.9646,4.5057999735237926e-05
2281,255.1229690729997,6.3972,4.505234049877927e-05
2282,255.221542072999,6.7731,4.50466813148442e-05
2283,255.32191857699945,5.8197,4.504098450133457e-05
2284,255.42036663199906,6.3456,4.5035159492174884e-05
2285,255.5187172249989,2.9807,4.502944622829677e-05
2286,255.61342446099843,6.5823,4.5023732315200124e-05
2287,255.71046070800003,6.0538,4.501823098037824e-05
2288,255.80774373299937,6.7341,4.501260568214273e-05
2289,255.90786550699886,6.8198,4.500694052729294e-05
2290,256.0070789299989,6.5423,4.500112817023198e-05
2291,256.1036461579988,6.6462,4.499536059243608e-05
2292,256.20224519399926,7.3161,4.498972785675165e-05
2293,256.3013687319999,6.3513,4.498399137106508e-05
2294,256.40198280299956,6.2415,4.497822133780129e-05
2295,256.5018597339986,6.9816,4.49723455046625e-05
2296,256.59909308499846,6.3865,4.496651706263277e-05
2297,256.69774838800004,6.6938,4.496083327699962e-05
2298,256.7953817839989,6.2334,4.495502176444274e-05
2299,256.8948523759991,6.1446,4.494932822221224e-05
2300,256.9938126829984,6.0247,4.4943563201651094e-05
2301,257.09239631999844,5.3822,4.493777995112089e-05
2302,257.19422765999843,5.9572,4.4931997324827894e-05
2303,257.2901499549989,6.5635,4.492605272470812e-05
2304,257.3926667989999,5.6479,4.4920429715323136e-05
2305,257.4921181089994,6.9014,4.491440033150318e-05
2306,257.5908777579989,6.4506,4.490859385848174e-05
2307,257.6875956919994,6.7804,4.4902801529642223e-05
2308,257.78973102799864,6.2542,4.4897113693204496e-05
2309,257.88911273899976,6.0325,4.489106048360477e-05
2310,257.98824061599953,6.0056,4.4885272955488346e-05
2311,258.0877993489994,6.6063,4.4879451582865776e-05
2312,258.1848239559986,6.3775,4.4873598233254474e-05
2313,258.2804645879987,6.267,4.4867886743398046e-05
2314,258.3747132209992,5.7496,4.4862242933722873e-05
2315,258.4734090279999,6.8198,4.485670448760133e-05
2316,258.5720434349987,6.5024,4.485090358786519e-05
2317,258.67124443399916,6.7958,4.484508328249416e-05
2318,258.7705331899997,6.4613,4.483922792601245e-05
2319,258.86663094100004,5.9354,4.4833375393475706e-05
2320,258.96190868399935,5.0928,4.482768560909302e-05
2321,259.06173905499963,6.3373,4.482204999171849e-05
2322,259.1586928919987,6.0759,4.481618327248974e-05
2323,259.2574052539985,6.7483,4.481044121381337e-05
2324,259.3566651379988,6.312,4.480459054802085e-05
2325,259.45128719700006,6.2728,4.479871617366603e-05
2326,259.54766745599954,5.7258,4.479310572491564e-05
2327,259.6461169079994,6.1824,4.478740292131298e-05
2328,259.7413845589999,5.3592,4.47815734197305e-05
2329,259.83748668099906,6.024,4.4775918163628126e-05
2330,259.9350391859989,6.1271,4.477021187197493e-05
2331,260.03051191399936,6.7021,4.476443551143468e-05
2332,260.12910516400007,5.1549,4.4758763677381295e-05
2333,260.225768762999,6.299,4.475289530681864e-05
2334,260.3227154849992,5.3222,4.4747158919622955e-05
2335,260.4228167029996,7.1621,4.4741374821815306e-05
2336,260.5207741919985,6.2787,4.47354298795495e-05
2337,260.6237911069984,5.9148,4.472959704632169e-05
2338,260.7218193709996,5.4238,4.472345970742885e-05
2339,260.8200813809999,6.7732,4.471762052435207e-05
2340,260.91873056499935,5.5993,4.471175533508878e-05
2341,261.01714891899974,6.3526,4.470586963347487e-05
2342,261.11705754600007,6.2698,4.47000046063883e-05
2343,261.2144519729991,5.5658,4.4694034260981485e-05
2344,261.30946262399993,5.1034,4.4688219726860394e-05
2345,261.41009004699845,6.6327,4.468253317254098e-05
2346,261.50887267799953,6.3436,4.467649231930568e-05
2347,261.6068522459991,6.3436,4.4670540142771586e-05
2348,261.7067753119991,6.5727,4.466474744334868e-05
2349,261.8043517589995,6.8473,4.4658761372558375e-05
2350,261.90555881399996,6.5346,4.465288614742021e-05
2351,262.0049098969994,6.7674,4.464684474672506e-05
2352,262.10608395799864,5.6931,4.464088157047282e-05
2353,262.2034440159987,5.7328,4.4634832621371934e-05
2354,262.298307826999,6.1396,4.4628970432136986e-05
2355,262.39487014599945,5.1506,4.462326622841004e-05
2356,262.49376725299953,4.9991,4.4617401564504884e-05
2357,262.592073541,6.2587,4.461152263712736e-05
2358,262.6912937959987,6.2453,4.460561493162746e-05
2359,262.79030848599905,6.1661,4.45996484905456e-05
2360,262.89114533300017,6.7021,4.4593691459056555e-05
2361,262.9922388119994,6.6448,4.458756589173313e-05
2362,263.0890816989995,5.7706,4.4581510348347443e-05
2363,263.18496330000016,5.9341,4.457567333619566e-05
2364,263.2854118260002,6.4947,4.456988590342288e-05
2365,263.38406340299844,5.0054,4.4563835555999065e-05
2366,263.4824687929995,6.4217,4.4557867184817614e-05
2367,263.57801616100005,4.5087,4.4551931672974325e-05
2368,263.6704128849997,6.9567,4.454614643879093e-05
2369,263.7699177989998,5.9841,4.4540586289785096e-05
2370,263.86707626799944,5.8192,4.453455387005089e-05
2371,263.9664603279998,5.8514,4.452864335519718e-05
2372,264.0650675779998,5.3504,4.4522663068167015e-05
2373,264.1635820899992,6.3616,4.451663921942413e-05
2374,264.2598267049998,5.933,4.451070189197369e-05
2375,264.356978419999,6.6052,4.4504867071181035e-05
2376,264.45488665599987,6.5476,4.449897620186538e-05
2377,264.5521758219984,5.7601,4.449303765732149e-05
2378,264.65098319199933,7.0511,4.448708671748921e-05
2379,264.74910259699936,7.0562,4.448111805390155e-05
2380,264.84965836099946,6.1729,4.447515945763184e-05
2381,264.9458157119989,4.5553,4.4469043846514876e-05
2382,265.0471110210001,6.0197,4.446318265078594e-05
2383,265.1497935169991,6.5216,4.4456971372945814e-05
2384,265.2455451279984,4.1592,4.4450774727123304e-05
2385,265.3420943559995,5.3001,4.44449282547223e-05
2386,265.4433930799987,6.4847,4.443905376961218e-05
2387,265.54082465699867,6.2554,4.44328916519626e-05
2388,265.6381329549986,6.3057,4.4426882377603565e-05
2389,265.73706918899916,5.5579,4.442098526275531e-05
2390,265.834464005,6.4414,4.4414942823885274e-05
2391,265.9332815939997,6.5542,4.440900587509409e-05
2392,266.0331000549995,6.2355,4.440295846063079e-05
2393,266.1316678719995,6.2399,4.4396851662763065e-05
2394,266.22852330800015,5.4146,4.439082636548083e-05
2395,266.3245407109989,5.6365,4.438489091895769e-05
2396,266.4210019509992,6.3903,4.4379002402537096e-05
2397,266.5125223239993,6.6247,4.437308604991847e-05
2398,266.6089921619987,5.913,4.4367496787952014e-05
2399,266.70908528200016,6.0251,4.436156358731083e-05
2400,266.8074003139991,5.6653,4.435543480903661e-05
2401,266.90667943599874,4.5871,4.434939278711996e-05
2402,267.0066795069997,6.7224,4.434330507157314e-05
2403,267.10872891100007,6.556,4.433715335057732e-05
2404,267.2079184509985,5.8786,4.4330890351340415e-05
2405,267.30571960499947,6.3029,4.43247842447035e-05
2406,267.40251596399867,6.2981,4.431876823560341e-05
2407,267.49990575099946,5.3341,4.4312803843838524e-05
2408,267.59763462499905,5.9687,4.430680558991869e-05
2409,267.6963181939991,6.781,4.430078555230878e-05
2410,267.79535068899895,6.5898,4.429469371660364e-05
2411,267.89272667299883,5.6837,4.4288590775924735e-05
2412,267.99109778399907,6.6384,4.428258252527128e-05
2413,268.0906735949993,5.9899,4.4276501082004897e-05
2414,268.1894593629986,7.1436,4.427036689396785e-05
2415,268.28823379999994,4.7468,4.4264261111652186e-05
2416,268.3886369369993,6.7954,4.4258155198898135e-05
2417,268.48816368699954,6.1909,4.42519497286164e-05
2418,268.58578460199897,6.6046,4.424578874496984e-05
2419,268.6854615479988,6.4312,4.423975229938798e-05
2420,268.78494190699894,5.7012,4.423356741100476e-05
2421,268.8850337549993,6.4091,4.422741613170259e-05
2422,268.9809062669992,5.0276,4.422120849902705e-05
2423,269.08001805099957,5.6581,4.421524285878208e-05
2424,269.1772527909998,5.8601,4.420907043037982e-05
2425,269.27617767799893,6.442,4.420306161291691e-05
2426,269.37633754599847,6.0782,4.4196940114863176e-05
2427,269.48117351200017,6.0643,4.4190648718697984e-05
2428,269.58309086499867,5.8507,4.418416547459068e-05
2429,269.68433721399924,5.9794,4.4177798870636866e-05
2430,269.78490404900003,4.8147,4.4171493564631874e-05
2431,269.88302706600007,6.2778,4.416528873411558e-05
2432,269.9808950459992,6.5788,4.415918584286636e-05
2433,270.0785415479986,5.996,4.415307949996857e-05
2434,270.1773052669996,5.9826,4.414699236903499e-05
2435,270.27453371699994,5.2619,4.414081323716006e-05
2436,270.36555948899877,5.9331,4.413477298896148e-05
2437,270.4640095119994,5.8209,4.4129123857700846e-05
2438,270.56155395099995,5.8064,4.412295063753632e-05
2439,270.6595144589992,6.1111,4.4116828158532856e-05
2440,270.75606515899926,5.2626,4.41107334497993e-05
2441,270.8531364749997,6.0711,4.4104691274401074e-05
2442,270.95239737599877,5.623,4.409862920858623e-05
2443,271.04987596499996,5.914,4.409242179763053e-05
2444,271.1468262210001,6.4638,4.408630542299472e-05
2445,271.24406001499847,6.7608,4.4080238497042616e-05
2446,271.343290756,5.7919,4.40741398321003e-05
2447,271.4399121369988,5.834,4.40679132276826e-05
2448,271.5391515809988,6.7132,4.406186008662841e-05
2449,271.6368307489993,6.3933,4.405563708038294e-05
2450,271.7350378829997,5.0569,4.4049499501740884e-05
2451,271.831394507999,5.8549,4.4043337788366266e-05
2452,271.93135974399956,5.8452,4.4037268490590985e-05
2453,272.0298583399999,6.1752,4.403100504546916e-05
2454,272.127348942,5.8768,4.402479894309316e-05
2455,272.2267505559994,6.3021,4.4018660804116413e-05
2456,272.3268835989984,6.4587,4.401242042010542e-05
2457,272.42521401500017,5.4389,4.4006040267225025e-05
2458,272.52255965399854,4.0297,4.3999908459535046e-05
2459,272.62141665299896,6.7029,4.399376746610394e-05
2460,272.71985959299855,6.1611,4.3987539520969144e-05
2461,272.8180239509984,6.1414,4.3981325088070305e-05
2462,272.9175436629994,5.6817,4.3975126459226864e-05
2463,273.01441239499945,5.8579,4.396884226732428e-05
2464,273.1127875530001,6.7382,4.396273124871306e-05
2465,273.21274489699863,6.4482,4.395650798019897e-05
2466,273.3113948399987,6.7359,4.395020404738145e-05
2467,273.4086891979987,6.3213,4.3943954539168616e-05
2468,273.50959786899875,6.5407,4.393773675311891e-05
2469,273.6091905459998,6.3282,4.393140158479787e-05
2470,273.71126093099883,6.8388,4.3925094923256264e-05
2471,273.808193203,7.2458,4.391856279702923e-05
2472,273.90692881799987,6.0121,4.391247708912339e-05
2473,274.0049168629994,6.2922,4.390621581333529e-05
2474,274.104818496,6.447,4.389999448445461e-05
2475,274.20396447499843,6.3428,4.389365483394142e-05
2476,274.30045724699994,5.3617,4.388737112278667e-05
2477,274.398771623999,6.5732,4.388118773602512e-05
2478,274.4946190390001,6.1564,4.387498667551018e-05
2479,274.5937585920001,5.8228,4.386888275287688e-05
2480,274.6930598979998,5.687,4.386256629583903e-05
2481,274.7909755109995,6.1391,4.385626281578169e-05
2482,274.8897580019984,6.5297,4.3850024452119456e-05
2483,274.98108146699997,6.3715,4.384373077809349e-05
2484,275.078993920999,5.7925,4.383793005150157e-05
2485,275.1779111099986,6.2558,4.3831605792253927e-05
2486,275.2764327149998,6.7072,4.3825364933557644e-05
2487,275.3719764969992,4.3431,4.381907726953914e-05
2488,275.4706375229998,6.4106,4.381292408058294e-05
2489,275.56740896299925,5.9502,4.38066518680585e-05
2490,275.6677480019989,6.4004,4.3800477837674946e-05
2491,275.7666453339989,6.095,4.379406082132765e-05
2492,275.86318493499857,4.9167,4.378773878307785e-05
2493,275.96208730999933,5.9453,4.378152257873224e-05
2494,276.06000329699964,6.082,4.377524076983969e-05
2495,276.1560002389997,4.4861,4.376896092167553e-05
2496,276.25459817499905,6.4135,4.376280864692496e-05
2497,276.35240102399985,6.7245,4.375651909788906e-05
2498,276.45128724200003,6.6156,4.375022174681483e-05
2499,276.5476201879992,6.1356,4.374390114400805e-05
2500,276.64473124100004,5.8183,4.373769100802867e-05
2501,276.7426703789988,7.0325,4.3731458468840534e-05
2502,276.83807165100006,6.2078,4.372518726921499e-05
2503,276.93610293099846,5.5293,4.3719039436826146e-05
2504,277.03509514599864,6.3646,4.3712744794660574e-05
2505,277.1341829439989,6.8032,4.370637326724354e-05
2506,277.2318471999988,7.4119,4.370000872665361e-05
2507,277.3292592229991,6.3486,4.369371432716681e-05
2508,277.427410798,6.2888,4.368743265847045e-05
2509,277.52422991599997,6.6641,4.368109020409757e-05
2510,277.620515781,5.3077,4.3674875557159525e-05
2511,277.7182385819997,6.5058,4.36686810761597e-05
2512,277.8167916759994,6.0097,4.3662359328286984e-05
2513,277.91425606699886,6.1494,4.365600757639794e-05
2514,278.0124716229984,5.8249,4.364971098486014e-05
2515,278.11247022299904,7.1726,4.364336113130165e-05
2516,278.21289228299975,5.8756,4.363692170681961e-05
2517,278.30660850799904,6.5876,4.363039791671078e-05
2518,278.3999690799992,6.4772,4.362437458357072e-05
2519,278.5018836809995,6.9914,4.361832856609846e-05
2520,278.60097431099894,6.782,4.361172330494323e-05
2521,278.694632798999,6.3878,4.360530916173903e-05
2522,278.79377327699876,5.7261,4.359919020786696e-05
2523,278.89093277899883,5.7608,4.3592819192723474e-05
2524,278.9890789539986,6.2252,4.358650791364169e-05
2525,279.08718474799934,6.6817,4.358015051747363e-05
2526,279.18750824699964,6.4402,4.3573712459429795e-05
2527,279.28521678299876,6.5703,4.35672733437448e-05
2528,279.3832788999989,5.9663,4.356092467415474e-05
2529,279.48276321199955,5.8254,4.3554558400213096e-05
2530,279.5787652829986,5.2131,4.354809682910356e-05
2531,279.6775383259992,6.6069,4.354183174352741e-05
2532,279.77687362899997,7.0778,4.35354294512461e-05
2533,279.87428526499934,5.0388,4.352895777773508e-05
2534,279.9725477109987,6.6106,4.352260376599717e-05
2535,280.07132985599856,6.0043,4.3516219084363317e-05
2536,280.1729451789997,6.4887,4.350977828523194e-05
2537,280.27705063899884,6.1846,4.350316282066614e-05
2538,280.3757935089998,5.7365,4.349636644879456e-05
2539,280.47739545199875,6.7077,4.348991819019158e-05
2540,280.57596411599843,6.3706,4.348328994517066e-05
2541,280.67415379699924,5.3992,4.3476846114527124e-05
2542,280.7752550839996,6.4134,4.34704216929676e-05
2543,280.87540719999924,6.1327,4.346382613539408e-05
2544,280.9738294109993,5.8421,4.345725966550573e-05
2545,281.07058081499963,5.8652,4.3450839310356586e-05
2546,281.16710058699937,4.4506,4.344451730667503e-05
2547,281.2670126869998,6.443,4.343819348027637e-05
2548,281.3647602000001,6.143,4.343165145859468e-05
2549,281.46592816500015,6.327,4.3425246193552136e-05
2550,281.5657919919995,6.1067,4.3418626618806285e-05
2551,281.6620271969987,6.6508,4.3412069398135666e-05
2552,281.7579951299995,6.1398,4.340569286451537e-05
2553,281.8552997219995,6.5642,4.3399447138383606e-05
2554,281.9539310479995,5.2528,4.3393070400561584e-05
2555,282.05327559299985,5.9911,4.338659041881733e-05
2556,282.1512209679986,6.5037,4.338006036701507e-05
2557,282.24996124099926,5.8937,4.337361642591783e-05
2558,282.34681943299984,6.0999,4.3367124280277374e-05
2559,282.4448979529989,5.8123,4.3360751214423666e-05
2560,282.54386018699915,5.4637,4.335429878278767e-05
2561,282.6443968879994,6.379,4.334777234822163e-05
2562,282.74473894199946,5.5238,4.334115994367037e-05
2563,282.84334434799894,5.1041,4.333454653376879e-05
2564,282.94370611699924,6.8767,4.33280363912547e-05
2565,283.0424715629997,6.1211,4.332142005501886e-05
2566,283.142922908999,6.449,4.331491229290893e-05
2567,283.2396250029997,6.0843,4.330827524610942e-05
2568,283.33972118199927,5.8257,4.330188103694559e-05
2569,283.4384431039998,6.2657,4.3295275503083696e-05
2570,283.53625702299905,6.3747,4.328874384930366e-05
2571,283.6331736639986,5.9186,4.328229287740394e-05
2572,283.73082150499977,5.3236,4.327586954639519e-05
2573,283.8287993319991,6.3107,4.326940356062951e-05
2574,283.9236090279992,5.9339,4.326291796263454e-05
2575,284.019807450999,6.3894,4.325663751173856e-05
2576,284.11795688299935,6.2247,4.325026655905249e-05
2577,284.21728261799944,6.322,4.3243767227872074e-05
2578,284.31653412099877,7.0277,4.3237183861131194e-05
2579,284.41493596799955,5.4002,4.32305997732483e-05
2580,284.51248966299863,6.2007,4.32240163138198e-05
2581,284.6131344659989,6.4928,4.3217583807144924e-05
2582,284.7109219569993,6.6026,4.3210901629622696e-05
2583,284.8109516329987,5.7237,4.32044076104407e-05
2584,284.9076110299993,6.1414,4.319776606150139e-05
2585,285.0073785069999,5.0459,4.3191327476037634e-05
2586,285.10643814499963,6.2064,4.3184703243575215e-05
2587,285.205436532,6.2619,4.317809525587196e-05
2588,285.3044203439986,5.9471,4.317151198377912e-05
2589,285.4043332259989,5.2302,4.3164922772956776e-05
2590,285.49923444999877,6.0782,4.3158250007661873e-05
2591,285.5980377399992,5.841,4.315192766197627e-05
2592,285.69668227799957,6.2922,4.3145284984354414e-05
2593,285.794641384,6.3375,4.313875661766753e-05
2594,285.89241166699867,7.2794,4.313221640615785e-05
2595,285.9910814449995,5.6919,4.312567602054381e-05
2596,286.08846996399916,6.7701,4.3119096640156765e-05
2597,286.1869371009998,6.6714,4.31126025126518e-05
2598,286.2865161310001,6.7004,4.310603079198455e-05
2599,286.38580854499924,5.8945,4.3099367449218576e-05
2600,286.48411226999997,5.4921,4.3092718699682565e-05
2601,286.58219264499894,5.4687,4.30861476883728e-05
2602,286.6803067439996,5.7205,4.307955234850003e-05
2603,286.7784056349992,6.1797,4.3072994220562944e-05
2604,286.8757435560001,5.9512,4.306641667397302e-05
2605,286.9755466059996,6.6614,4.3059901679143394e-05
2606,287.0734983309994,5.4883,4.3053201714425114e-05
2607,287.17050411799937,6.4666,4.304662296788362e-05
2608,287.2724723729989,6.9517,4.304013405657587e-05
2609,287.37139875899993,6.1348,4.30332895864094e-05
2610,287.46828535499844,4.9572,4.302662322805706e-05
2611,287.567638737999,6.9005,4.302011430666568e-05
2612,287.66537375999906,5.8809,4.3013445812077775e-05
2613,287.76453444099934,5.8516,4.300685941851955e-05
2614,287.8614512240001,6.2266,4.300019830951436e-05
2615,287.9598929399999,6.2594,4.299368597032791e-05
2616,288.05819629799953,5.7241,4.298705629713232e-05
2617,288.15614598699904,5.9099,4.298042682722857e-05
2618,288.25360026899943,5.6068,4.297382503770262e-05
2619,288.3448652719999,6.7598,4.296725946179156e-05
2620,288.44418684099946,6.769,4.29610860475135e-05
2621,288.54271776399946,6.1801,4.2954415515737854e-05
2622,288.64288890899843,6.5391,4.294775612884816e-05
2623,288.7414804589989,6.2233,4.2941001966095426e-05
2624,288.8393682949991,6.8354,4.293431164543181e-05
2625,288.94185935899986,5.7722,4.292770759992408e-05
2626,289.0401118109985,5.901,4.292077983557112e-05
2627,289.13691073299924,6.7445,4.2914141159819554e-05
2628,289.2347513609984,5.9712,4.290760153761722e-05
2629,289.3325343159995,6.108,4.290096873239819e-05
2630,289.42778922599973,3.5799,4.289435984239046e-05
2631,289.52558575199873,6.7006,4.288790004872258e-05
2632,289.61807616199985,6.5297,4.2881280075629394e-05
2633,289.71839563399953,6.1444,4.287503467500623e-05
2634,289.8157057209992,6.7295,4.2868224578568046e-05
2635,289.9132809069997,6.2655,4.286161047558753e-05
2636,290.01208513299935,5.4419,4.2854921812296234e-05
2637,290.1097863340001,5.3613,4.284820919222931e-05
2638,290.2074371409999,6.0143,4.284164525835863e-05
2639,290.3073959559988,6.3859,4.283501402417698e-05
2640,290.406871874,6.5451,4.282822363756642e-05
2641,290.50637902000017,6.4472,4.282146520432888e-05
2642,290.6066081270001,7.0105,4.2814687041066535e-05
2643,290.70403544599867,4.4298,4.2807863901504273e-05
2644,290.8035838349988,6.4503,4.280122779408046e-05
2645,290.90495659599947,6.3226,4.279446393156344e-05
2646,291.00289276500007,6.1776,4.278755284667279e-05
2647,291.0997880369996,5.5875,4.278087656828453e-05
2648,291.19833234,4.9811,4.2774271021288915e-05
2649,291.2954462439993,5.6856,4.276755335487875e-05
2650,291.3927615799985,5.4056,4.276091168746099e-05
2651,291.49181257799864,4.3498,4.275427545703643e-05
2652,291.5924690369993,5.7645,4.274749858777499e-05
2653,291.6895564239985,5.7414,4.274065167211288e-05
2654,291.7906056339998,5.5405,4.2734008981811105e-05
2655,291.89131239000017,6.3086,4.272709037790781e-05
2656,291.99053781399925,5.9193,4.2720212782072125e-05
2657,292.0922617899996,5.8882,4.271343853244649e-05
2658,292.1906972029992,5.9721,4.270647465308471e-05
2659,292.289145793,6.2539,4.2699734084221916e-05
2660,292.3876598549996,6.1119,4.269298644492701e-05
2661,292.4857366929991,4.9484,4.268623327116702e-05
2662,292.5844835529988,6.7019,4.2679511870599335e-05
2663,292.6816557809998,6.7267,4.2672737106735465e-05
2664,292.78185045200007,6.8108,4.26660835428131e-05
2665,292.88103255499846,5.8771,4.265919727537787e-05
2666,292.98010545099896,5.8696,4.2652394968273776e-05
2667,293.07327772699864,7.3087,4.264558969565181e-05
2668,293.17371787699994,5.9166,4.263920064382198e-05
2669,293.2729341389986,6.1427,4.263228779613276e-05
2670,293.37179741699947,5.7899,4.262545824277206e-05
2671,293.4700929549999,5.9043,4.2618675698705177e-05
2672,293.56674004399974,5.5462,4.261189290844475e-05
2673,293.66665306899995,6.2255,4.2605231346165494e-05
2674,293.7655387399991,6.298,4.259837208216717e-05
2675,293.8634255179986,6.2127,4.2591552810585766e-05
2676,293.9630143939994,6.4198,4.258480518811598e-05
2677,294.0625402629994,6.5608,4.257794521914568e-05
2678,294.16094327099927,5.5568,4.257109275991015e-05
2679,294.2585408979994,4.3296,4.256427213186052e-05
2680,294.3576871739988,6.5914,4.255755789447751e-05
2681,294.455508948,6.3957,4.255072172152092e-05
2682,294.5530533539986,6.7204,4.254394993697741e-05
2683,294.64975548299844,5.8407,4.253720806864267e-05
2684,294.7475342500002,5.9946,4.2530528060270025e-05
2685,294.84650426699955,7.0025,4.252378003058873e-05
2686,294.9444927079985,6.1813,4.251694076123977e-05
2687,295.0417133049996,6.2175,4.251014863617868e-05
2688,295.1407807729993,5.7109,4.2503401398938505e-05
2689,295.23710504599876,6.3331,4.2496551185588315e-05
2690,295.3320380449986,5.9544,4.2489883859834124e-05
2691,295.43030314799944,4.2853,4.248330740907437e-05
2692,295.53060031199857,6.2047,4.2476482911658935e-05
2693,295.6328534209988,6.3445,4.246945496660202e-05
2694,295.731546093999,6.0399,4.246245424366771e-05
2695,295.83137574399916,6.3565,4.245557706702333e-05
2696,295.9315054029994,6.8335,4.244866533728219e-05
2697,296.0295119909988,6.6689,4.2441642854716714e-05
2698,296.1243787650001,6.1881,4.2434892132388526e-05
2699,296.2227248459985,5.745,4.2428303328899265e-05
2700,296.3202174950002,5.3585,4.2421482541508235e-05
2701,296.4174840679989,5.4873,4.241469430180355e-05
2702,296.5141650309997,5.198,4.240786315271419e-05
2703,296.6123842279994,4.6437,4.240119928421187e-05
2704,296.71187209299933,6.1415,4.239432318274957e-05
2705,296.8144283879992,5.9297,4.238742531131749e-05
2706,296.91488098699847,6.0449,4.238020030381268e-05
2707,297.01450994100014,6.5095,4.237328693585719e-05
2708,297.1144794669999,6.7314,4.236633727691723e-05
2709,297.211628043,6.3928,4.235932809845998e-05
2710,297.30986691,5.2799,4.235256739130948e-05
2711,297.4089364449992,5.9823,4.2345717371244054e-05
2712,297.50868110099873,5.9645,4.233879494233265e-05
2713,297.60588005599857,6.201,4.233182762949064e-05
2714,297.70674998899995,6.2515,4.232503510248322e-05
2715,297.805658665,6.0584,4.2317990786860116e-05
2716,297.90630614600013,6.025,4.231105977865816e-05
2717,298.0034917159992,5.3811,4.2304017307083745e-05
2718,298.10382246299923,6.1957,4.2297209738049565e-05
2719,298.2026369289997,6.8267,4.229020186355163e-05
2720,298.30187223699977,5.7643,4.2283275439070235e-05
2721,298.3992278549995,6.4166,4.2276331803501e-05
2722,298.4999388010001,6.0769,4.2269488461470054e-05
2723,298.59959858599905,5.5064,4.2262427513822055e-05
2724,298.6984008969994,4.354,4.22554352281469e-05
2725,298.7995145449986,6.7599,4.224845290819144e-05
2726,298.8994420759991,6.1939,4.2241403727373396e-05
2727,298.9996892549989,5.7665,4.223438120050606e-05
2728,299.09837352999966,6.4315,4.2227337417212234e-05
2729,299.1982679289995,6.6331,4.222039803495097e-05
2730,299.2980768519992,5.7784,4.221339995840666e-05
2731,299.4002818259996,6.7636,4.2206376350572995e-05
2732,299.5023460659995,6.6666,4.219918945581851e-05
2733,299.60191900799873,6.3839,4.219200333376684e-05
2734,299.7003118619996,6.3859,4.218499329617248e-05
2735,299.80019933899894,6.2501,4.21780576682875e-05
2736,299.8990075009988,6.4508,4.2170994058410454e-05
2737,299.99736616500013,6.4057,4.216401388177922e-05
2738,300.09434126999986,5.8932,4.215710929738008e-05
2739,300.19371672799934,6.3547,4.215028029525504e-05
2740,300.2927781299986,6.4872,4.214326683322951e-05
2741,300.39097912299985,6.6476,4.213628360329002e-05
2742,300.4904470169986,7.0548,4.212932292104593e-05
2743,300.5912581169996,6.2513,4.2122306762507446e-05
2744,300.6911343519987,7.0704,4.211519912954961e-05
2745,300.78990460899877,6.9586,4.2108131284790084e-05
2746,300.88731198799906,5.5505,4.210114590166154e-05
2747,300.98505594499875,6.2348,4.209424513575074e-05
2748,301.0833290209994,5.4293,4.2087334133027865e-05
2749,301.18166405400007,5.9033,4.208037073166324e-05
2750,301.28236798299986,5.7866,4.2073372732405747e-05
2751,301.3810805869998,5.4926,4.206628342346742e-05
2752,301.4826673009993,6.2072,4.205928237259515e-05
2753,301.5791839069989,5.339,4.205207631186758e-05
2754,301.67515926099986,6.8025,4.204522713337922e-05
2755,301.7725634979997,5.7201,4.203841412681337e-05
2756,301.8701999979985,6.3706,4.203146418744759e-05
2757,301.96795888999986,5.949,4.202457282943655e-05
2758,302.06528367399915,5.725,4.201757670989795e-05
2759,302.1653692379987,6.7642,4.2010722925149606e-05
2760,302.2642194429991,6.1613,4.200362179951125e-05
2761,302.36126349999904,5.8929,4.1996587361612394e-05
2762,302.45894452799985,6.2999,4.198968466356759e-05
2763,302.5579974020002,5.9813,4.19827384583914e-05
2764,302.6580799019994,6.0658,4.197569498839413e-05
2765,302.75539375100016,6.8884,4.196857511191003e-05
2766,302.8531474069987,5.5863,4.19616146644359e-05
2767,302.95188726800006,5.1666,4.195466841308833e-05
2768,303.05313822899916,5.9116,4.1947632012879955e-05
2769,303.15186128499954,5.9429,4.1940404755887317e-05
2770,303.2531320119997,6.4704,4.193337016574143e-05
2771,303.3514882389991,6.2951,4.192612501482693e-05
2772,303.45037140099885,5.808,4.191911924845798e-05
2773,303.5509975389996,5.8194,4.191205463620945e-05
2774,303.6491324259987,5.9863,4.19048860082077e-05
2775,303.74739847699857,6.2281,4.189785649664455e-05
2776,303.84740823599896,6.6487,4.18908472842378e-05
2777,303.9457022509996,6.5847,4.1883705367944784e-05
2778,304.0453085879999,6.6094,4.187666813864517e-05
2779,304.14484082499985,6.9565,4.1869535900069026e-05
2780,304.2441950709999,6.3233,4.186241423334063e-05
2781,304.34382716599976,5.7872,4.185529215662491e-05
2782,304.44473293199917,6.6604,4.184816281693099e-05
2783,304.54502382099963,6.5531,4.184093595180051e-05
2784,304.6446098939996,5.8599,4.1833748352811466e-05
2785,304.74330103600005,6.4515,4.182661015240745e-05
2786,304.84316516799845,6.3175,4.181951745062737e-05
2787,304.9439836319998,6.2009,4.1812356147999146e-05
2788,305.042018746999,6.3657,4.1805134150636546e-05
2789,305.1386843529999,6.3606,4.179809174585658e-05
2790,305.23946092799997,5.3885,4.179114557323374e-05
2791,305.3401719019985,6.1119,4.178391839007938e-05
2792,305.4385227249986,5.5194,4.1776671119310625e-05
2793,305.53558642999997,6.0025,4.17695868249024e-05
2794,305.6339864239999,5.0985,4.1762603632310326e-05
2795,305.7317689529991,6.3846,4.1755527338161964e-05
2796,305.8295874189989,6.5404,4.174849582240702e-05
2797,305.9293173449987,6.7349,4.174144380551816e-05
2798,306.02945464000004,6.1474,4.173427910796962e-05
2799,306.12708312299947,6.0058,4.172705166481097e-05
2800,306.2243200469984,6.6653,4.172000574164916e-05
2801,306.3242643419999,5.1755,4.171300285811949e-05
2802,306.4242291869996,5.5006,4.170579439391622e-05
2803,306.52365020599973,5.7838,4.1698594151563194e-05
2804,306.6228597669997,6.694,4.1691415409129544e-05
2805,306.7209602769999,6.2154,4.168424561140385e-05
2806,306.8182576269992,6.0944,4.16771628060979e-05
2807,306.9172091909986,6.6146,4.16701160750199e-05
2808,307.01321546500003,5.6245,4.1662967529107784e-05
2809,307.1110076999994,6.8364,4.165602364950429e-05
2810,307.20901226800015,5.8636,4.164896885038614e-05
2811,307.3081864369997,6.0411,4.1641884445423634e-05
2812,307.40652194799986,6.5148,4.163470224233543e-05
2813,307.5035187379999,5.0793,4.162758371180881e-05
2814,307.60122309299913,6.1044,4.162054656411065e-05
2815,307.7006878789998,5.7775,4.161348229104745e-05
2816,307.8022297309999,5.9647,4.16062715256994e-05
2817,307.9017988329997,6.4496,4.159891664339412e-05
2818,308.0002742629986,4.8623,4.1591685870994075e-05
2819,308.098259815999,5.5637,4.158455290781545e-05
2820,308.19654483199884,5.1959,4.15774315507604e-05
2821,308.29496470899903,6.6521,4.157030422048464e-05
2822,308.39253563700004,5.5068,4.156315326938224e-05
2823,308.4905315119995,6.01,4.1556058778723737e-05
2824,308.5897855530002,6.4414,4.154894675975408e-05
2825,308.68975474499894,6.3132,4.1541729980948844e-05
2826,308.7900901339999,6.6642,4.1534452236351576e-05
2827,308.89142843699847,5.3436,4.1527155875949285e-05
2828,308.9901645789996,5.7453,4.151979362691417e-05
2829,309.08663445399907,5.123,4.1512607093591203e-05
2830,309.18534813599945,6.2811,4.150558629155292e-05
2831,309.28633333499965,6.5778,4.149837784139048e-05
2832,309.38733803799914,6.2406,4.1491035650315876e-05
2833,309.48451694399955,5.592,4.1483602824230525e-05
2834,309.58350714100015,6.4614,4.147657552089853e-05
2835,309.6855857819992,6.4864,4.1469369097287746e-05
2836,309.78333854099947,5.2284,4.1461917109908397e-05
2837,309.8820906129986,6.4518,4.1454773349201016e-05
2838,309.9806586559989,5.9413,4.1447515615304886e-05
2839,310.07990679199975,5.661,4.144036429454485e-05
2840,310.1782659929995,5.955,4.1433117419043965e-05
2841,310.2779992889991,6.3679,4.1425859863088925e-05
2842,310.37683805899906,6.9213,4.141859797994534e-05
2843,310.4745397299994,6.101,4.141141295614493e-05
2844,310.57326857799853,6.1643,4.1404263213822956e-05
2845,310.6726882869989,6.9974,4.1397035559697145e-05
2846,310.7698146449984,5.0541,4.138975861000976e-05
2847,310.87128051999935,5.3831,4.138264080878337e-05
2848,310.9678760859988,6.4521,4.137521540449125e-05
2849,311.066449594,4.9928,4.136811722570155e-05
2850,311.1663294359987,6.0684,4.136091320626671e-05
2851,311.26819267099927,6.3029,4.135359533138892e-05
2852,311.370706149999,5.8324,4.1346087787282306e-05
2853,311.46924241299894,5.9545,4.1338603610895055e-05
2854,311.5682915239995,5.7351,4.1331345906683655e-05
2855,311.66776071299864,6.9847,4.132407332392058e-05
2856,311.7666881749992,5.5211,4.131675849615748e-05
2857,311.8651175469986,6.0445,4.130950752996649e-05
2858,311.9654156079996,6.7537,4.130227622733126e-05
2859,312.06695000499894,6.9731,4.129491491882982e-05
2860,312.1689968259998,6.2879,4.1287428103778914e-05
2861,312.2678218759993,6.7167,4.127992924277732e-05
2862,312.3685497919996,6.1176,4.127265741366897e-05
2863,312.46679150899945,6.351,4.1265248106272884e-05
2864,312.56688768099957,6.7803,4.1258006493378884e-05
2865,312.666674660999,5.5619,4.1250646139815196e-05
2866,312.7624245099996,4.9834,4.12432784359871e-05
2867,312.859666119999,4.9116,4.1236199579757075e-05
2868,312.9580145589989,6.3832,4.1229044433716365e-05
2869,313.0509040369998,6.5872,4.1221792290296043e-05
2870,313.14752214799955,6.5052,4.12149561876349e-05
2871,313.24538171899985,5.3978,4.120779388407992e-05
2872,313.3420095900001,5.7666,4.120056747967129e-05
2873,313.441214086999,6.435,4.119343686452812e-05
2874,313.53946844299935,5.6598,4.1186120246692115e-05
2875,313.6399483509995,5.2925,4.117884901203278e-05
2876,313.7362883810001,5.6747,4.11714281665741e-05
2877,313.83396021099907,6.0197,4.116429326653356e-05
2878,313.933842471999,5.542,4.115707293467197e-05
2879,314.02738460099863,5.9679,4.114965020771753e-05
2880,314.1285795019994,5.3199,4.114269920128404e-05
2881,314.2262749419988,6.7039,4.113526499755082e-05
2882,314.3265418760002,5.8767,4.1128011461805094e-05
2883,314.4281332199989,7.0867,4.112060417068646e-05
2884,314.5272467579998,6.141,4.1113070420977695e-05
2885,314.62568499199915,6.3699,4.1105713085247426e-05
2886,314.7245872099993,6.5052,4.109840672380709e-05
2887,314.8199109019988,4.5556,4.109106721695485e-05
2888,314.91601839299983,5.9866,4.108399077763362e-05
2889,315.0149303449998,6.3331,4.107686527323677e-05
2890,315.112488200999,5.9251,4.106952479898338e-05
2891,315.21065870799976,7.3835,4.106226999691718e-05
2892,315.3085497739994,4.9221,4.1054978842681115e-05
2893,315.4059160609995,6.7032,4.1047708865848644e-05
2894,315.50524849700014,5.9964,4.104043978467731e-05
2895,315.6026787239989,5.9746,4.10330762212455e-05
2896,315.7014843319994,5.4561,4.102582374260473e-05
2897,315.8011930149987,6.8865,4.101847274985896e-05
2898,315.90057338899896,5.9136,4.1011036124943705e-05
2899,315.9963045589993,6.573,4.100363673774107e-05
2900,316.0926638189994,5.7429,4.099650410038312e-05
2901,316.19009678699877,6.5129,4.0989283141711266e-05
2902,316.2879187039998,5.5792,4.098207059345989e-05
2903,316.3877799539987,5.4927,4.097475060464099e-05
2904,316.48637435399905,5.6231,4.096732915892438e-05
2905,316.5821272339999,5.3548,4.095997327729154e-05
2906,316.67964279899934,6.9485,4.095281042855237e-05
2907,316.77934123199884,6.9649,4.094552914113489e-05
2908,316.8771913619985,5.7187,4.093809483080437e-05
2909,316.97576258499976,6.8682,4.093076818700943e-05
2910,317.07623428699844,5.91,4.092340521769014e-05
2911,317.17544688199996,6.3954,4.091590758634678e-05
2912,317.272450425,4.919,4.0908465469369925e-05
2913,317.37166335799884,6.3242,4.0901216750906496e-05
2914,317.4721000089994,6.693,4.0893801407201034e-05
2915,317.5689812919991,6.1265,4.088629055152581e-05
2916,317.6688701389994,6.9899,4.0879029631331154e-05
2917,317.76587331599876,5.6808,4.0871496643444166e-05
2918,317.86522022699864,6.2193,4.0864263693063465e-05
2919,317.96375499199894,6.6574,4.085675702815972e-05
2920,318.0614036930001,6.2601,4.084943941453683e-05
2921,318.159776733999,6.6902,4.084211070462339e-05
2922,318.2582298139987,5.1648,4.083474508878202e-05
2923,318.35625623099986,6.2947,4.082733167884991e-05
2924,318.4560580439993,6.8806,4.081999238901843e-05
2925,318.5504446089999,6.664,4.081249235039264e-05
2926,318.64732532499875,5.8689,4.080535931546382e-05
2927,318.7482279420001,5.7606,4.079812192476921e-05
2928,318.84676864799985,4.1284,4.079053610453727e-05
2929,318.9461336629993,5.7648,4.078314150587831e-05
2930,319.03866754799856,6.6674,4.0775679760067017e-05
2931,319.13522211599957,5.0022,4.0768711600927475e-05
2932,319.23072377399876,5.523,4.076143419991289e-05
2933,319.3300619040001,6.2927,4.075423850164348e-05
2934,319.42865550199895,6.1102,4.074675701007621e-05
2935,319.52720921999935,5.5337,4.07393377323785e-05
2936,319.62695359699865,7.0692,4.0731894069224736e-05
2937,319.72477203000017,5.7106,4.072438672753532e-05
2938,319.82187940399854,5.8886,4.071701384279415e-05
2939,319.9220014549992,5.5481,4.0709696202544765e-05
2940,320.0203940169995,6.3628,4.070216048914742e-05
2941,320.11871929599874,5.8078,4.0694710074328526e-05
2942,320.2187817459999,6.0777,4.068730767965222e-05
2943,320.3172270739997,5.7424,4.067975701162331e-05
2944,320.4141561799988,5.3933,4.067230643907385e-05
2945,320.5127750399988,5.1472,4.066498301910433e-05
2946,320.6117492079993,6.3947,4.065752067618189e-05
2947,320.7083090519991,6.0994,4.0650053076287545e-05
2948,320.8070114619986,5.9758,4.064273283836471e-05
2949,320.903590169999,5.9995,4.063528465352645e-05
2950,321.00178495,6.0386,4.0627958757986227e-05
2951,321.1007518719998,5.6542,4.062045900390939e-05
2952,321.1972100619987,6.2072,4.0613043171579036e-05
2953,321.2957401249987,6.0625,4.0605726262005554e-05
2954,321.3939275899993,5.745,4.059827919844582e-05
2955,321.49592220199884,5.4018,4.059082814221631e-05
2956,321.59456930299893,4.5422,4.058310753245998e-05
2957,321.69681613600005,6.1256,4.0575538292497555e-05
2958,321.7960443619995,6.421,4.056787036115294e-05
2959,321.8934225209996,6.211,4.056034243485202e-05
2960,321.99176769899896,5.6664,4.055293710345759e-05
2961,322.090352584999,6.1098,4.054547267880707e-05
2962,322.18884173100014,5.4569,4.0537984337711196e-05
2963,322.28608234700005,6.7326,4.0530497732822365e-05
2964,322.3848867249999,6.6567,4.052311752705429e-05
2965,322.48283746000016,5.295,4.051560747940521e-05
2966,322.5795890979989,6.4044,4.0508115983943254e-05
2967,322.68018852299974,6.5016,4.0500788981218197e-05
2968,322.7779483109989,5.356,4.049306222052271e-05
2969,322.8762534090001,6.3323,4.0485703420929776e-05
2970,322.97574023299967,5.2954,4.0478217139864426e-05
2971,323.07471915899987,5.2778,4.047064152466956e-05
2972,323.17280811899946,6.1697,4.046310980564643e-05
2973,323.2637992149994,6.6656,4.0455623074055985e-05
2974,323.3611569799996,4.8778,4.044871456721625e-05
2975,323.46156413399876,5.8707,4.044126503534662e-05
2976,323.5606191199986,5.2939,4.0433608364054375e-05
2977,323.66154085199923,5.4223,4.0425981482411505e-05
2978,323.7595392940002,5.9888,4.0418343118821914e-05
2979,323.8537402279999,3.4685,4.041086829548561e-05
2980,323.9510858879985,4.1502,4.040357195372086e-05
2981,324.05106740500014,6.1474,4.039624226249403e-05
2982,324.1503077689995,6.6216,4.038860809996807e-05
2983,324.2500238879984,5.5796,4.0381016748697595e-05
2984,324.34685324400016,5.7718,4.037340678852948e-05
2985,324.44525530600004,6.0299,4.03659807491549e-05
2986,324.5440159159989,6.5413,4.035845153254975e-05
2987,324.64275624999937,5.1328,4.0350896631795576e-05
2988,324.74264351799866,6.4627,4.034325860692645e-05
2989,324.8446477889993,5.7725,4.033571684747952e-05
2990,324.9438627969994,5.3375,4.03278729488127e-05
2991,325.0387092889996,6.3317,4.032028065139927e-05
2992,325.13687540999854,6.3966,4.031295240696246e-05
2993,325.234670328,6.1116,4.030550067699445e-05
2994,325.33273623700006,5.7938,4.029799044099431e-05
2995,325.43022024899983,5.772,4.02904688798102e-05
2996,325.5283861959997,6.3406,4.028289745678782e-05
2997,325.626300205,6.3503,4.0275443421399625e-05
2998,325.72656550399915,5.9395,4.026794273693324e-05
2999,325.8252651699986,6.9298,4.0260164882474506e-05
3000,325.92419171799884,5.6203,4.025262062164075e-05
3001,326.01661616599995,6.1289,4.024505454201889e-05
3002,326.1168786620001,6.1749,4.0237899971651396e-05
3003,326.21765294799843,5.5904,4.023025290067148e-05
3004,326.31627072399897,6.4266,4.022250303494761e-05
3005,326.4138750759994,6.0203,4.021491769228265e-05
3006,326.5114479399999,5.4675,4.0207400561383036e-05
3007,326.61077637199924,6.0686,4.01998424251144e-05
3008,326.71151172200007,5.8378,4.019224091471742e-05
3009,326.8149556169992,6.272,4.01844008807015e-05
3010,326.915055559999,6.0751,4.0176519753364516e-05
3011,327.01497696499973,6.7609,4.016881466407022e-05
3012,327.1122734969995,5.2562,4.016110937016463e-05
3013,327.2121365610001,6.2693,4.0153597849084515e-05
3014,327.3099178069988,6.9201,4.014590811970603e-05
3015,327.4076378659993,6.4039,4.013835258916113e-05
3016,327.50544751300004,6.5415,4.013080036468797e-05
3017,327.6010801199991,6.6643,4.012324928161885e-05
3018,327.70186547999947,5.3594,4.011586319224037e-05
3019,327.8019731889999,6.2673,4.010808771874313e-05
3020,327.9015502959992,6.2479,4.010035056171761e-05
3021,328.0003048769995,5.2841,4.009265705228783e-05
3022,328.10036810199927,5.8517,4.008500232458541e-05
3023,328.19963952099897,5.2451,4.007729142603033e-05
3024,328.2961395249986,5.8436,4.006950578447035e-05
3025,328.3928285009988,6.6928,4.006212910759776e-05
3026,328.4895223049989,5.0965,4.005465285333374e-05
3027,328.58762637899963,4.7839,4.004716337995826e-05
3028,328.68727680199845,5.5873,4.0039536251586526e-05
3029,328.7850486949992,5.3345,4.003184575576674e-05
3030,328.8824056309986,5.6882,4.002425916192792e-05
3031,328.98271529699923,5.9508,4.0016734876430404e-05
3032,329.0809722239992,6.4823,4.000894851489401e-05
3033,329.1800854409994,5.5188,4.000132622756772e-05
3034,329.27711009999985,6.9892,3.999357931902903e-05
3035,329.3739885469986,6.1925,3.9986111366519745e-05
3036,329.4732782179999,6.005,3.997859363638314e-05
3037,329.56871318699996,3.2533,3.997087725517128e-05
3038,329.6691082389989,5.6138,3.996345990520336e-05
3039,329.77112648799994,5.395,3.995567892663671e-05
3040,329.8689393429995,5.5737,3.994772610948089e-05
3041,329.968205920999,6.3404,3.994013606372872e-05
3042,330.06732566499886,5.625,3.993240806719341e-05
3043,330.1643943229992,5.7266,3.992468192872974e-05
3044,330.260198598,5.7323,3.991715157828827e-05
3045,330.3597944839985,6.7176,3.990969599210707e-05
3046,330.4564250629992,5.7101,3.990195187007038e-05
3047,330.5529539709987,3.8317,3.989441471518922e-05
3048,330.6506378389986,5.7396,3.988690138859856e-05
3049,330.7491523769986,5.7527,3.98792928774811e-05
3050,330.8467840079993,4.3236,3.987158983774834e-05
3051,330.9453979310001,6.6677,3.986401097183673e-05
3052,331.04445633700016,6.395,3.985632847134795e-05
3053,331.1441439859991,5.7787,3.984859569968099e-05
3054,331.24325128999953,6.5044,3.98408163240243e-05
3055,331.3424690749998,5.9959,3.983307891506291e-05
3056,331.4410809839992,5.7512,3.9825353056268024e-05
3057,331.5415171879995,6.7745,3.981758916543582e-05
3058,331.6389511990001,3.2404,3.98097897674197e-05
3059,331.7410871209995,7.0702,3.980217061655333e-05
3060,331.83781192099923,6.5062,3.9794111819016956e-05
3061,331.9361414499999,5.1967,3.978663077109589e-05
3062,332.0378721979996,6.8891,3.977895190901404e-05
3063,332.13694678499996,6.2105,3.9770993394169374e-05
3064,332.23344605799866,3.7886,3.976320078402934e-05
3065,332.33253186599904,6.4684,3.9755672664140183e-05
3066,332.42490057099894,5.7452,3.974792354907946e-05
3067,332.5238220979991,6.2971,3.974071767851605e-05
3068,332.62253392599996,6.0524,3.973293848888598e-05
3069,332.720340418,5.9556,3.972523529815312e-05
3070,332.81837469699894,6.0892,3.971755958347504e-05
3071,332.91825912199965,6.0374,3.9709866849252185e-05
3072,333.0164377109995,6.0091,3.9702039201456975e-05
3073,333.11259177699867,6.6422,3.969433206581735e-05
3074,333.2095752239984,6.3213,3.9686783679818575e-05
3075,333.30790316799903,6.6674,3.967914639667854e-05
3076,333.40559370699884,5.6858,3.9671470044262424e-05
3077,333.50276797100014,6.588,3.966378791966546e-05
3078,333.6006945329991,5.1329,3.965616603247924e-05
3079,333.69796298799884,6.0559,3.9648418232623823e-05
3080,333.79546274899985,5.306,3.9640824257884074e-05
3081,333.89327099,6.0935,3.963315472332939e-05
3082,333.9898127939996,5.4236,3.96254637586095e-05
3083,334.0885310899994,6.0252,3.961786717298587e-05
3084,334.1844780499996,5.6965,3.961010858683346e-05
3085,334.2811659149993,6.0998,3.960254890061375e-05
3086,334.38064830999974,6.1879,3.9594949128493485e-05
3087,334.4774782629993,6.0443,3.958712139834495e-05
3088,334.574574713999,6.2103,3.957948340120893e-05
3089,334.6748385459996,5.919,3.957183164844628e-05
3090,334.77374869399864,6.3069,3.956393586640226e-05
3091,334.87230297099995,6.3072,3.9556132419467175e-05
3092,334.972158483999,6.397,3.954837361012191e-05
3093,335.0707028420002,6.3702,3.9540448318864845e-05
3094,335.1682604709986,5.6946,3.953267986723773e-05
3095,335.26611889099877,5.5171,3.952503323155728e-05
3096,335.3652596209995,4.8289,3.95172316424954e-05
3097,335.4626188080001,6.5152,3.950946610794071e-05
3098,335.560942995,6.9183,3.950177619088776e-05
3099,335.657540102,5.2566,3.9494020819857616e-05
3100,335.75625045000015,5.0965,3.948637182261957e-05
3101,335.8550315369994,6.7252,3.947858777776855e-05
3102,335.95233527299933,6.1381,3.947078278228432e-05
3103,336.0515713549994,5.4921,3.946306815354413e-05
3104,336.1475100079988,4.5056,3.945521538743692e-05
3105,336.24272073999964,6.058,3.944761801450913e-05
3106,336.3433103869993,5.5526,3.944010422803619e-05
3107,336.446010751999,6.4527,3.94321002622741e-05
3108,336.54600917899916,6.089,3.942402730201267e-05
3109,336.6448988739994,5.488,3.941610407414742e-05
3110,336.73996470199927,4.0737,3.9408262253664205e-05
3111,336.84138246099974,5.2698,3.940070100022173e-05
3112,336.93992521399923,6.421,3.9392677836531965e-05
3113,337.0347970189996,4.6322,3.938487802431338e-05
3114,337.1331039559991,6.3694,3.9377298725642644e-05
3115,337.23249637799927,6.0438,3.936954654525329e-05
3116,337.32943124099984,5.6975,3.936165697500953e-05
3117,337.42732923699987,5.7653,3.9353947316435413e-05
3118,337.5245373679991,6.1681,3.934617056115045e-05
3119,337.626797986999,5.0881,3.933846475590868e-05
3120,337.72269919799874,5.2169,3.933035666691345e-05
3121,337.82049485899915,5.6053,3.932271249661085e-05
3122,337.91701757400006,4.7073,3.931492560567911e-05
3123,338.01763695999944,7.0811,3.930727054082375e-05
3124,338.11720155699913,6.4459,3.929919533832238e-05
3125,338.21645368899954,3.911,3.929134789843585e-05
3126,338.3167503829991,6.8587,3.928345743898376e-05
3127,338.416112977,6.6862,3.92754299044019e-05
3128,338.51465878899944,5.7629,3.926755840489711e-05
3129,338.61167337699953,6.2536,3.925971399237343e-05
3130,338.7079903169997,6.6868,3.925198921548897e-05
3131,338.8060035819999,5.0782,3.924430402396688e-05
3132,338.9026860719987,4.3168,3.923650561781195e-05
3133,339.0002941929997,6.3771,3.9228797924578324e-05
3134,339.0994555069992,5.8882,3.9221015092519495e-05
3135,339.1976897200002,6.3427,3.9213113025018597e-05
3136,339.2950201859985,5.6953,3.9205269099288976e-05
3137,339.3930575719987,5.6393,3.919748559172455e-05
3138,339.489356348,6.469,3.918967944433469e-05
3139,339.5881668659986,6.2227,3.918197017996981e-05
3140,339.6866971629988,4.8596,3.917409986172985e-05
3141,339.78720396899917,5.4542,3.916624449591133e-05
3142,339.8893455289999,5.9611,3.915811751034076e-05
3143,339.98812582999926,5.5799,3.9150033673087955e-05
3144,340.087259594,5.7816,3.9142143479493185e-05
3145,340.186689791999,6.0481,3.9134205982544554e-05
3146,340.2854130429987,6.4443,3.912618924429437e-05
3147,340.38431343199954,5.8938,3.911836564182101e-05
3148,340.48123642599967,5.732,3.911043214368653e-05
3149,340.582212760999,5.7614,3.9102658712085114e-05
3150,340.6828340079992,6.2899,3.909458421051633e-05
3151,340.78047460699963,5.3813,3.908654382167034e-05
3152,340.8801738940001,5.965,3.907870427530968e-05
3153,340.9804408159998,4.9807,3.907072560023521e-05
3154,341.0772356329999,5.9512,3.9062702139125114e-05
3155,341.1781813689995,6.8042,3.905492460142068e-05
3156,341.28060023299986,6.5065,3.9046770704521285e-05
3157,341.3793678189995,6.5023,3.90386181969939e-05
3158,341.4797271849984,5.8372,3.903069422707922e-05
3159,341.57201724699917,6.6222,3.9022628701147065e-05
3160,341.67087846999857,6.3674,3.901523308832474e-05
3161,341.76895301199875,6.8877,3.9007276881740694e-05
3162,341.8658781569993,4.0843,3.899940858890716e-05
3163,341.9647760600001,5.9909,3.899162834948371e-05
3164,342.06575368299855,6.7133,3.898363856114968e-05
3165,342.16262151999945,5.7432,3.8975552103389176e-05
3166,342.2602239099997,6.6227,3.896775602096924e-05
3167,342.35473555299905,4.624,3.8959928849846116e-05
3168,342.45208176599954,6.096,3.895227270546414e-05
3169,342.54412513399984,6.5374,3.894446455561166e-05
3170,342.64251554099974,6.0863,3.8937088543759005e-05
3171,342.7442105219998,6.5535,3.8929126039344624e-05
3172,342.8421858549991,5.1103,3.892097045548863e-05
3173,342.9410852009987,6.5287,3.891306702167081e-05
3174,343.037905793999,5.3048,3.890510861090967e-05
3175,343.13848731299913,6.3981,3.889729734571642e-05
3176,343.23574561699934,6.2636,3.888920336821607e-05
3177,343.3355627539986,5.4064,3.888134054964665e-05
3178,343.4335230889992,6.5656,3.8873311676236454e-05
3179,343.53022860799865,6.8783,3.886539346054002e-05
3180,343.6286906209989,5.37,3.885758154236941e-05
3181,343.72970010099925,6.3562,3.884965393287551e-05
3182,343.8284468289985,4.3507,3.884147268039996e-05
3183,343.92752079599995,5.3242,3.883350290990058e-05
3184,344.0261832929991,6.885,3.882541999135611e-05
3185,344.1268317139984,5.3674,3.881754552954979e-05
3186,344.22559655199984,6.0185,3.8809415025679995e-05
3187,344.3248485240001,7.1104,3.880141863260771e-05
3188,344.4211664559989,6.0965,3.879339976476993e-05
3189,344.51946295199923,5.9696,3.878559380197171e-05
3190,344.6201615680002,5.0606,3.877764940266698e-05
3191,344.72022062699943,5.9521,3.8769514079290273e-05
3192,344.82074184999874,6.8649,3.876140718350586e-05
3193,344.9205336539999,5.7609,3.875327709367616e-05
3194,345.0189856369998,6.2048,3.874514548264301e-05
3195,345.11768332999964,6.8404,3.8737216673415245e-05
3196,345.21395498899983,5.3542,3.872921768455513e-05
3197,345.3118199820001,6.0586,3.8721391310540514e-05
3198,345.40993998699923,5.5996,3.871347998365645e-05
3199,345.50808585399864,6.8091,3.8705519734442485e-05
3200,345.6067869189992,4.9225,3.869756224067565e-05
3201,345.7057651169998,4.0618,3.868956469727788e-05
3202,345.8053693169986,6.374,3.868152574671925e-05
3203,345.90512821099946,6.4298,3.867344342210757e-05
3204,346.00284978499985,5.9929,3.8665340321372825e-05
3205,346.10004283299895,5.0658,3.865740435588664e-05
3206,346.20117449399913,6.2217,3.8649499926915446e-05
3207,346.29934036899976,6.4264,3.864127844983852e-05
3208,346.39731343099993,5.0112,3.863331634580745e-05
3209,346.49648254099884,5.3481,3.8625341397078105e-05
3210,346.5963403609985,5.2406,3.86172979959169e-05
3211,346.69508075699923,6.1946,3.8609169048178785e-05
3212,346.7934987089993,5.8389,3.860113438186922e-05
3213,346.89291248100017,5.0266,3.859312177414137e-05
3214,346.99330651499986,5.9586,3.8585034782804096e-05
3215,347.0989206719987,5.9931,3.8576862807225424e-05
3216,347.19212611199873,6.4487,3.856826507439276e-05
3217,347.2894825099993,6.878,3.8560690342081734e-05
3218,347.38936321099936,5.3449,3.855274653908508e-05
3219,347.48849079199863,6.5171,3.8544615632272376e-05
3220,347.5847718199984,4.3158,3.853653978289938e-05
3221,347.67576118099896,6.6921,3.852866192746939e-05
3222,347.7769926669989,6.604,3.852127201706706e-05
3223,347.87464590999843,6.1791,3.851299877667296e-05
3224,347.9737084169992,5.3512,3.850502738417913e-05
3225,348.0749457999991,5.8034,3.849696351914379e-05
3226,348.17518750599993,6.368,3.848867294155531e-05
3227,348.28118493799957,6.2098,3.8480464790265694e-05
3228,348.37932644600005,5.7476,3.84718363397644e-05
3229,348.47862454299866,6.6488,3.8463813858409906e-05
3230,348.57658047099903,5.9382,3.845571790900384e-05
3231,348.67603061799855,6.2218,3.844770492612364e-05
3232,348.7743026549997,5.9662,3.843956092178545e-05
3233,348.87375915899975,5.0949,3.8431527732455986e-05
3234,348.972072347,6.1152,3.842340749758429e-05
3235,349.07028769499993,5.7652,3.841536213522179e-05
3236,349.16951887100004,5.3808,3.840728893486028e-05
3237,349.2658978439995,5.7373,3.839919780616298e-05
3238,349.3678033169999,5.7999,3.839130584831001e-05
3239,349.46600859299906,6.1571,3.8382986291572156e-05
3240,349.5631433559993,6.7792,3.837485205262781e-05
3241,349.65985069399903,5.8691,3.836694626315112e-05
3242,349.75767549899865,6.4032,3.835902794441581e-05
3243,349.8534693399997,4.6658,3.8351017185197756e-05
3244,349.94896189999963,5.8495,3.834315854689082e-05
3245,350.0477381419987,6.2022,3.833532845017157e-05
3246,350.14515337899866,6.1854,3.832723576076269e-05
3247,350.24267907099966,4.7097,3.8319252658584305e-05
3248,350.3353642589991,6.5637,3.83111177543048e-05
3249,350.43362495699876,6.8154,3.8303649503169756e-05
3250,350.5320548079999,5.8795,3.829554536575604e-05
3251,350.63100757899883,6.5824,3.828746659608685e-05
3252,350.72698764099914,6.2721,3.827936611297338e-05
3253,350.827643392,5.6541,3.827144976191124e-05
3254,350.9268989129996,4.9704,3.8263198107070404e-05
3255,351.027543152999,5.8569,3.825502865203016e-05
3256,351.12882679299946,6.5029,3.824676636924906e-05
3257,351.22651253799995,5.9825,3.8238439607532196e-05
3258,351.32531752499926,5.7122,3.8230391317517525e-05
3259,351.4244875989989,6.783,3.822216340062716e-05
3260,351.5209167599987,4.1179,3.8214092298851705e-05
3261,351.61649221900007,4.3651,3.8206154990946794e-05
3262,351.71455291799975,6.3374,3.8198280861886695e-05
3263,351.8127533199986,5.7869,3.819022187999811e-05
3264,351.9094317829986,5.4722,3.818211428601769e-05
3265,352.00597844599906,6.2446,3.8174150725561044e-05
3266,352.1018212079998,5.6121,3.816619340347264e-05
3267,352.20178969100016,6.5015,3.815829671519658e-05
3268,352.3034265289989,5.5591,3.815001435364745e-05
3269,352.4011436159999,5.539,3.814169514387227e-05
3270,352.4991201140001,5.9995,3.813360650395402e-05
3271,352.59697563199916,6.783,3.812548046885801e-05
3272,352.69514843899924,5.2856,3.81174526628831e-05
3273,352.79590007799925,5.5289,3.810933741703477e-05
3274,352.89445866200003,5.3143,3.810103212589656e-05
3275,352.99564096299946,5.5004,3.809289578980527e-05
3276,353.0951684089996,6.2531,3.808449228564041e-05
3277,353.19368249999934,5.3569,3.807631946755612e-05
3278,353.29127124299885,6.6889,3.80680812969353e-05
3279,353.3871208399996,4.1382,3.806008897067747e-05
3280,353.48672644199905,5.9237,3.80521752504694e-05
3281,353.5870635679985,5.5122,3.80439401856871e-05
3282,353.68790704099956,6.2452,3.803563646110967e-05
3283,353.78729847700015,5.2057,3.8027304887471525e-05
3284,353.8863828369995,6.3554,3.8019067571227676e-05
3285,353.98541276499964,6.3249,3.8010870622355056e-05
3286,354.0844045189988,5.7533,3.800264427099991e-05
3287,354.1823025099984,5.874,3.799447276214423e-05
3288,354.2811508849991,6.2401,3.798623886031507e-05
3289,354.37738880100005,5.2469,3.7978145914507915e-05
3290,354.4746605519995,7.0199,3.797018737572408e-05
3291,354.56640708899977,6.6823,3.796213597269136e-05
3292,354.664816864999,6.3203,3.7954533400403846e-05
3293,354.756531224999,5.8375,3.7946334223131266e-05
3294,354.8578743580001,5.379,3.793877471675865e-05
3295,354.95417681099934,4.4847,3.7930306818338576e-05
3296,355.0529552499993,6.2904,3.792231732124504e-05
3297,355.1497743780001,5.4889,3.791414229125919e-05
3298,355.24485013199956,5.5203,3.7906093032078405e-05
3299,355.340789287,5.1165,3.789818851459581e-05
3300,355.4380304850001,5.4047,3.789022663051241e-05
3301,355.53386289899936,6.5064,3.7882142454669427e-05
3302,355.6319918559984,5.419,3.7874183021310886e-05
3303,355.73169976399913,6.864,3.786600086865807e-05
3304,355.8281523909991,6.593,3.7857740214766015e-05
3305,355.9293918209987,4.7437,3.784970481204607e-05
3306,356.0307891609991,6.3941,3.7841209604998105e-05
3307,356.1293287929984,5.3834,3.783286333984061e-05
3308,356.2310496809987,5.8719,3.7824547095200756e-05
3309,356.3342813449999,6.233,3.781609198042556e-05
3310,356.43348483799855,5.0123,3.7807599829735265e-05
3311,356.53141212099945,5.9284,3.779934155253579e-05
3312,356.6310262729985,5.4848,3.779118982383613e-05
3313,356.7302018249993,5.87,3.778288326888275e-05
3314,356.8251653769985,6.2675,3.7774620022306095e-05
3315,356.92180552099853,5.9824,3.776667996759388e-05
3316,357.01631680599894,5.6581,3.775863857442596e-05
3317,357.11257277299956,5.9144,3.775073649218556e-05
3318,357.207470071,5.8181,3.774273588635209e-05
3319,357.3058294169987,5.584,3.773480991137103e-05
3320,357.4052663879993,5.7367,3.772660855003931e-05
3321,357.50274958799855,5.0768,3.771830238733187e-05
3322,357.599748057999,5.656,3.77101610789079e-05
3323,357.6987945000001,6.3149,3.7702059908193124e-05
3324,357.79558011100016,5.5371,3.769379224808919e-05
3325,357.89453608299846,5.7117,3.768569422386612e-05
3326,357.99400361100015,6.8317,3.7677435421086216e-05
3327,358.0922614760002,5.4373,3.766914584802603e-05
3328,358.19163777099857,6.5286,3.766091453240606e-05
3329,358.29217341099866,6.4532,3.765253508166665e-05
3330,358.3848521889995,6.3437,3.7644165691976436e-05
3331,358.48216923399923,5.5227,3.763646682762123e-05
3332,358.5800298209997,5.6442,3.762829549862681e-05
3333,358.67873304899877,5.8458,3.762010865450776e-05
3334,358.7790822279985,6.3497,3.761184612307108e-05
3335,358.87796266499936,5.7688,3.7603431714722706e-05
3336,358.97350637899945,5.7487,3.759516368743593e-05
3337,359.0711176329987,6.3307,3.7587140398382615e-05
3338,359.1665670579987,6.004,3.757898087231204e-05
3339,359.26559177799936,5.8998,3.757096497153377e-05
3340,359.3642396989999,6.2888,3.75626848816806e-05
3341,359.4629643479984,6.2244,3.755440684943052e-05
3342,359.5630984799991,6.4157,3.7546143156968175e-05
3343,359.6616472279984,5.8292,3.753773345771871e-05
3344,359.758457083999,5.804,3.752946635152438e-05
3345,359.8558944799988,6.2889,3.752134834638484e-05
3346,359.95203002199924,6.1876,3.7513161216607594e-05
3347,360.05008911299956,6.3056,3.750507645821722e-05
3348,360.1459959999993,4.7629,3.749686490024882e-05
3349,360.24309674100004,6.744,3.748880262160197e-05
3350,360.3349242669992,5.6431,3.748065372773354e-05
3351,360.434217910999,5.0922,3.7472935432319376e-05
3352,360.53355694999846,5.1306,3.7464580239236635e-05
3353,360.6327948629987,6.4894,3.7456227512448654e-05
3354,360.73126588599916,5.7557,3.7447896658830365e-05
3355,360.8295567979985,6.4886,3.743960777385139e-05
3356,360.9270934489996,5.7943,3.743134905607903e-05
3357,361.0199812669998,6.0164,3.742312451245058e-05
3358,361.1194172439991,5.873,3.741532020720023e-05
3359,361.2188960449985,5.9407,3.740693068438402e-05
3360,361.3155758419998,4.5976,3.7398581747872494e-05
3361,361.4125085449996,6.4261,3.7390418184011914e-05
3362,361.51085745899945,5.7197,3.7382265764970844e-05
3363,361.6095254259999,6.1326,3.737390897779194e-05
3364,361.7081449339985,5.8499,3.7365656844879823e-05
3365,361.81042782499935,5.796,3.7357256623402055e-05
3366,361.9086957949985,6.0566,3.734873663553924e-05
3367,362.01020750599855,7.1489,3.734038835965197e-05
3368,362.1072237069984,6.0569,3.733189358699489e-05
3369,362.20436673199947,6.1066,3.732368302578255e-05
3370,362.30230884199955,5.8853,3.7315510786090634e-05
3371,362.40392706700004,5.7185,3.730722789295219e-05
3372,362.5036587939994,5.069,3.729865338257794e-05
3373,362.60198963199946,5.848,3.7290238108639404e-05
3374,362.70314047899956,6.2695,3.728193588767257e-05
3375,362.80111495799974,4.525,3.727337604943446e-05
3376,362.90039172199977,6.3865,3.7265100484036846e-05
3377,362.9996878639995,6.4135,3.7256681379683034e-05
3378,363.0980026569996,6.7666,3.7248348215695685e-05
3379,363.19461726400004,4.6066,3.724003424670895e-05
3380,363.29478946199924,5.8545,3.7231850536424016e-05
3381,363.39541881199875,5.9212,3.7223399020914576e-05
3382,363.4929623029984,5.9893,3.721487440743925e-05
3383,363.5900777509996,5.5999,3.7206612348902415e-05
3384,363.6874476689991,5.8721,3.719840911735289e-05
3385,363.78645660299844,6.7137,3.719016095809749e-05
3386,363.88265334099924,5.9878,3.718178004758985e-05
3387,363.98146453499976,5.798,3.717362187423429e-05
3388,364.08097336099854,6.4998,3.716527400174897e-05
3389,364.181065621,6.0772,3.715684541568632e-05
3390,364.2811207019986,6.0559,3.714835082723324e-05
3391,364.37784739000017,4.9624,3.7139877820228085e-05
3392,364.4749658969995,6.6217,3.713166457995654e-05
3393,364.5720480179989,6.1512,3.712344686846226e-05
3394,364.671869931999,5.9916,3.711520502501229e-05
3395,364.7711881549985,6.4745,3.7106740904672914e-05
3396,364.8689707779995,5.1032,3.709831773940057e-05
3397,364.9690538979994,6.0933,3.709000102704441e-05
3398,365.060464795999,6.0487,3.708151315404341e-05
3399,365.160195163,6.0067,3.707377808472292e-05
3400,365.25947713499954,5.8164,3.706529367488312e-05
3401,365.36048417299935,6.6428,3.705686783364624e-05
3402,365.46070514299936,5.8275,3.704829671292768e-05
3403,365.5596172629994,5.3078,3.7039678357940325e-05
3404,365.6525002449998,6.3682,3.7031350961858884e-05
3405,365.75015262099987,5.8176,3.702346573327987e-05
3406,365.8491372339995,6.401,3.701515528209707e-05
3407,365.9476830019994,5.5288,3.700672524249639e-05
3408,366.04590193999866,4.7213,3.6998367450032736e-05
3409,366.1466142479985,6.3276,3.699000777833886e-05
3410,366.2474634049995,6.1991,3.698145696493019e-05
3411,366.347933609999,6.542,3.69728370983422e-05
3412,366.4499952719998,6.1057,3.696429130070026e-05
3413,366.5487079149989,5.0701,3.695561290622684e-05
3414,366.6463473389995,6.2455,3.6947096321223354e-05
3415,366.74386267299997,5.0593,3.693887964894066e-05
3416,366.8437985069995,6.2904,3.693055115426989e-05
3417,366.94094607899933,6.045,3.692207522455865e-05
3418,367.0349302679988,5.771,3.691377854361599e-05
3419,367.1344082259984,6.2292,3.690577968923916e-05
3420,367.22690716099896,6.7196,3.689726417161753e-05
3421,367.32661502500014,5.8546,3.688941072273669e-05
3422,367.427376448999,6.9361,3.6880905228797146e-05
3423,367.5293328070002,7.013,3.6872239428809565e-05
3424,367.6299667909989,6.5404,3.6863575194742336e-05
3425,367.7284897519985,4.5775,3.685500297458922e-05
3426,367.82565671999873,6.7008,3.6846589256359106e-05
3427,367.924778093,5.9904,3.6838300243559e-05
3428,368.0242080079988,6.2426,3.682973427510968e-05
3429,368.12414312299916,6.1774,3.6821321385102035e-05
3430,368.2240265719993,6.0179,3.681279280768602e-05
3431,368.3216142780002,4.8384,3.6804252905767646e-05
3432,368.41791832299896,5.3093,3.679589835877972e-05
3433,368.5146362809992,2.8599,3.6787663343919424e-05
3434,368.61347878499873,5.6098,3.6779305491635916e-05
3435,368.7133267019999,4.6189,3.677094043496914e-05
3436,368.81481801100017,5.4224,3.6762405631920906e-05
3437,368.91401946399856,5.577,3.675373189830654e-05
3438,369.0100350879984,6.5558,3.674522555664338e-05
3439,369.10853854499874,5.0219,3.673700898415707e-05
3440,369.20487585499905,5.7269,3.6728584508488504e-05
3441,369.3040559009987,6.39,3.672032478781517e-05
3442,369.40435042199897,6.089,3.671183947978156e-05
3443,369.50290458699965,5.8891,3.6703229672549924e-05
3444,369.60270822099847,5.1587,3.6694786847671313e-05
3445,369.7005838039986,6.6178,3.668625738968295e-05
3446,369.7958257270002,6.2411,3.667785332485968e-05
3447,369.8938711639985,6.3207,3.66696335181239e-05
3448,369.99427568699866,6.7415,3.6661279787114247e-05
3449,370.09251278400006,5.6119,3.665266820837699e-05
3450,370.1943547409992,6.6656,3.664423333127013e-05
3451,370.2897956500001,6.5458,3.663550276650904e-05
3452,370.38969813399854,6.2796,3.662732772295486e-05
3453,370.4897316339993,5.8115,3.661872633627542e-05
3454,370.5889382179994,5.2551,3.661014067164159e-05
3455,370.68796201299847,6.0851,3.660162302348261e-05
3456,370.7864729369994,6.2466,3.659311307102896e-05
3457,370.8894472430002,6.4585,3.6584653741128926e-05
3458,370.9898607089999,5.8126,3.6575775845880286e-05
3459,371.0893571789984,3.1223,3.656717248299948e-05
3460,371.1882578149998,4.4744,3.655860503790556e-05
3461,371.286032602,6.5828,3.6550113925491966e-05
3462,371.38720209099847,5.8449,3.654169617647658e-05
3463,371.4874259629996,5.2363,3.653291705885527e-05
3464,371.5894204460001,5.9104,3.652437601346342e-05
3465,371.68829115399967,4.8964,3.651560036724935e-05
3466,371.78692853899884,6.704,3.650709221350719e-05
3467,371.8832749329995,5.7255,3.6498595721741666e-05
3468,371.982664485,6.1861,3.6490288071004e-05
3469,372.08150491299966,5.57,3.648175839731574e-05
3470,372.1814323949984,6.5818,3.647322610858758e-05
3471,372.2804809879999,7.067,3.6464616960139744e-05
3472,372.3799496399988,5.6513,3.64560858898082e-05
3473,372.4732630130002,5.6619,3.6447507144465717e-05
3474,372.5726277169997,5.9395,3.643948373414146e-05
3475,372.6716291879984,5.7644,3.6430914007465886e-05
3476,372.7689463609986,5.0469,3.6422365189410394e-05
3477,372.8702312379992,5.3843,3.641395220579309e-05
3478,372.97106390799854,6.75,3.6405232313695395e-05
3479,373.0703578269986,5.0531,3.63965402079576e-05
3480,373.16986671299856,5.7319,3.638796213138754e-05
3481,373.2712497169996,5.782,3.637936423407724e-05
3482,373.375293092,5.7659,3.637053531903707e-05
3483,373.47435531599876,6.4329,3.636159151368511e-05
3484,373.572600477999,5.7637,3.635305925976971e-05
3485,373.6720708799985,6.0716,3.634457688966686e-05
3486,373.7705534830002,6.1683,3.633599563049111e-05
3487,373.8699518729991,6.4729,3.632744854886839e-05
3488,373.9687242529999,5.4108,3.631887205918415e-05
3489,374.06658314299966,4.9075,3.631033715883013e-05
3490,374.1646631859985,5.4781,3.630186957815676e-05
3491,374.2649967090001,6.8163,3.6293367801978245e-05
3492,374.36330585699943,4.6616,3.6284720231914385e-05
3493,374.4592502809992,4.4028,3.627621401047004e-05
3494,374.5575526470002,6.0909,3.626788365322118e-05
3495,374.6544879129997,5.3576,3.6259390361369666e-05
3496,374.75143453300007,5.2111,3.625095735381035e-05
3497,374.8485445119986,6.2612,3.624261085455498e-05
3498,374.9463250509998,4.8202,3.623414602799977e-05
3499,375.0456466199994,6.5677,3.6225728009246386e-05
3500,375.13876652,6.1079,3.621712944250159e-05
3501,375.239004907,5.8768,3.620907556027847e-05
3502,375.3373390779998,6.06,3.620036641250064e-05
3503,375.43556330499996,6.7694,3.6191814011004896e-05
3504,375.5372973249996,6.0139,3.618329743053636e-05
3505,375.6352046109987,6.2432,3.617450063486826e-05
3506,375.72800493700015,6.2119,3.6165995647254005e-05
3507,375.82793926500017,6.7757,3.61579503543967e-05
3508,375.9280308159996,6.5838,3.614927272712244e-05
3509,376.02464393399896,4.9936,3.614058108655709e-05
3510,376.123672972999,6.7089,3.613216419070692e-05
3511,376.2219178799987,5.9873,3.6123620798387895e-05
3512,376.3201504239987,5.923,3.611505490711468e-05
3513,376.42314205599905,6.4104,3.61065377198195e-05
3514,376.5222709259997,6.86,3.609751577183983e-05
3515,376.62163090799913,5.5485,3.608898568061136e-05
3516,376.7230462089992,6.168,3.60803091134298e-05
3517,376.8224873620002,6.1141,3.6071516247181215e-05
3518,376.92242205899856,5.2934,3.606288207781072e-05
3519,377.0190606749984,4.5003,3.6054195909785665e-05
3520,377.11824332799915,5.457,3.604576443291943e-05
3521,377.21595516900015,5.2704,3.603716040008613e-05
3522,377.31390296099926,5.999,3.602865104459512e-05
3523,377.40990522599895,5.4376,3.602011954038511e-05
3524,377.5081568229998,6.1331,3.601175348468757e-05
3525,377.6065800669985,6.9362,3.6003220540882994e-05
3526,377.7068452980002,5.9338,3.5994654723637584e-05
3527,377.8030596919998,5.3896,3.59859287099139e-05
3528,377.9005967279991,5.2939,3.5977528717808926e-05
3529,377.99931389299854,5.3443,3.596901931624521e-05
3530,378.0995790500001,5.7811,3.596043777361222e-05
3531,378.19658319799964,5.7599,3.59517317040303e-05
3532,378.2963196289984,5.9659,3.5943237479265254e-05
3533,378.39521196499845,6.5618,3.5934548360780474e-05
3534,378.49408961100016,5.9734,3.592592745698192e-05
3535,378.59311065899965,5.5656,3.591730297049e-05
3536,378.69314272599877,5.2367,3.5908676386814616e-05
3537,378.79085803699854,4.2921,3.5899928778681374e-05
3538,378.88897566299966,4.8369,3.5891404628656657e-05
3539,378.9891975999999,6.0984,3.588284780299092e-05
3540,379.0868130539984,5.2813,3.587410586251806e-05
3541,379.1850804679998,6.1857,3.586557070321168e-05
3542,379.2826640739986,5.7547,3.585699598219959e-05
3543,379.37835487199845,5.8443,3.58484573369087e-05
3544,379.4773278019984,6.9958,3.584012161734178e-05
3545,379.57678362499973,5.7192,3.583146599179711e-05
3546,379.67563824699937,4.2728,3.5822766019122845e-05
3547,379.7742577049994,5.6941,3.5814131364723224e-05
3548,379.8723732569997,6.5004,3.580550458567112e-05
3549,379.96925203999854,6.2852,3.579693561602872e-05
3550,380.0693281650001,5.8682,3.5788440833781165e-05
3551,380.167697769999,5.5773,3.577969734050671e-05
3552,380.26701032799974,6.5107,3.577107408641072e-05
3553,380.3659759689999,5.7832,3.576241724668983e-05
3554,380.4644386609998,6.2553,3.575372940917022e-05
3555,380.56312961599906,5.8493,3.5745117219120014e-05
3556,380.6614500509986,2.705,3.573646458702386e-05
3557,380.7644892520002,6.4744,3.572785397329515e-05
3558,380.8632498709994,5.9493,3.5718837408944385e-05
3559,380.9554233279996,6.874,3.57102011906421e-05
3560,381.0551428529998,5.7793,3.570214125982363e-05
3561,381.1527986889996,4.4132,3.569337742212545e-05
3562,381.2508928569987,5.6074,3.5684800000233606e-05
3563,381.3496229859993,5.1998,3.5676210749668295e-05
3564,381.45167199999923,5.9787,3.5667550822229804e-05
3565,381.54886692499895,5.4862,3.5658603164509295e-05
3566,381.64429724099864,4.997,3.565007516087934e-05
3567,381.7446116129995,5.2678,3.564168270390917e-05
3568,381.84454841499974,6.2581,3.563291348262587e-05
3569,381.9427789399997,5.9114,3.5624129046282296e-05
3570,382.0413825199994,5.723,3.561549930824902e-05
3571,382.1378741560002,6.1618,3.560683992114892e-05
3572,382.2331789639993,5.8979,3.559837947234262e-05
3573,382.3328413219988,5.073,3.559000650370744e-05
3574,382.42898190599954,3.6807,3.5581267710676066e-05
3575,382.5274723120001,6.1537,3.5572777879528834e-05
3576,382.6245663640002,6.0781,3.556410303654063e-05
3577,382.723456275,6.7644,3.555562521030328e-05
3578,382.8243061969988,6.4429,3.554692896921763e-05
3579,382.924193072,5.8396,3.553808022445739e-05
3580,383.02345681399856,6.2851,3.552928509781725e-05
3581,383.12474981099876,6.0613,3.552055115012746e-05
3582,383.2262735179993,6.7727,3.551163810480577e-05
3583,383.3245438699996,5.7736,3.550269894582203e-05
3584,383.4198111599999,6.2937,3.54940572282998e-05
3585,383.520608937999,6.031,3.548567830941797e-05
3586,383.618773487,5.9679,3.5476797618675464e-05
3587,383.7180513160001,5.5902,3.5468157483193946e-05
3588,383.8159335469991,6.4765,3.545941989135033e-05
3589,383.91356087999884,3.6617,3.545080201793196e-05
3590,384.00770102800016,5.6383,3.544210248471985e-05
3591,384.103800724999,5.5149,3.5433916682736945e-05
3592,384.2021339549992,6.7293,3.542541013552603e-05
3593,384.30155159700007,6.2648,3.541675914310065e-05
3594,384.3991805789992,6.3085,3.540801434419658e-05
3595,384.49960572300006,5.679,3.539938787462359e-05
3596,384.597285459,5.6206,3.539055215927752e-05
3597,384.6960022889998,5.8031,3.538190351662776e-05
3598,384.7956669239993,6.1079,3.5373210758477146e-05
3599,384.89274069099883,4.6383,3.5364409996044394e-05
3600,384.99300312299965,5.2568,3.5355821305883217e-05
3601,385.0925225989995,6.1962,3.5346915171511696e-05
3602,385.19174834799924,5.4513,3.5338230922458035e-05
3603,385.28925623399846,4.4758,3.532947551514636e-05
3604,385.38837146199876,5.3596,3.532073714300735e-05
3605,385.486369156999,5.8272,3.531209314969307e-05
3606,385.584200452,6.4422,3.530339933963768e-05
3607,385.6841620389987,3.7924,3.529478744630286e-05
3608,385.7830764089995,4.5169,3.52858769772783e-05
3609,385.88234265199935,6.941,3.5277221282822464e-05
3610,385.9798743479987,5.8627,3.526845910288842e-05
3611,386.0779278639984,5.8843,3.525981390018501e-05
3612,386.17600496900013,6.1575,3.525113016384413e-05
3613,386.2762550789994,6.2791,3.524246578314737e-05
3614,386.3747337199984,5.4397,3.5233578060212666e-05
3615,386.4730233729988,6.111,3.522489532601523e-05
3616,386.57349333099955,6.0751,3.5216186683287775e-05
3617,386.67267978999917,6.3649,3.520728425717518e-05
3618,386.7707028099994,5.8154,3.519852382632348e-05
3619,386.86900183599937,6.6478,3.518984945278815e-05
3620,386.9660982309997,5.8256,3.518113636871047e-05
3621,387.0645919849994,6.2794,3.517253506620267e-05
3622,387.16316358899894,6.4721,3.516379974451672e-05
3623,387.26265564799905,5.1718,3.515497440493478e-05
3624,387.361161204999,6.5151,3.514627690208937e-05
3625,387.4595184889986,5.5902,3.5137543737249696e-05
3626,387.5604312509986,6.4723,3.512881959555213e-05
3627,387.66293203499845,6.2781,3.511984760809136e-05
3628,387.7640578729988,6.1747,3.511079905254691e-05
3629,387.8644111879985,5.6331,3.510175634444617e-05
3630,387.961825770999,5.411,3.509291048040141e-05
3631,388.06225116099995,6.1374,3.508425805175609e-05
3632,388.1621110769993,5.9103,3.507535552626079e-05
3633,388.2583713819986,4.1147,3.5066506206141504e-05
3634,388.3551828889995,5.8223,3.5057932474054053e-05
3635,388.4535498739988,5.5866,3.504934437451939e-05
3636,388.54784342199855,4.3353,3.504058184433419e-05
3637,388.6439143819989,5.6517,3.503222379640771e-05
3638,388.7453541979994,5.5055,3.502371689760637e-05
3639,388.84348379699986,5.7386,3.5014642992039726e-05
3640,388.94196688899865,6.2279,3.500599994460151e-05
3641,389.0409016049998,5.9987,3.499723818902148e-05
3642,389.1412192509997,5.7639,3.4988439530606536e-05
3643,389.2401878209985,5.933,3.497954457115267e-05
3644,389.33978604799995,6.1227,3.4970736417877476e-05
3645,389.43906746799985,6.554,3.496185544082811e-05
3646,389.5316461069997,6.6857,3.495294415652173e-05
3647,389.63108437199844,5.2326,3.494482200049502e-05
3648,389.73415282399947,6.346,3.493596251785961e-05
3649,389.83696105499985,5.7268,3.4926706367519365e-05
3650,389.9354962339985,6.204,3.4917637891810125e-05
3651,390.03350914899966,5.3628,3.490885786626532e-05
3652,390.1323694349994,6.4936,3.490010699991129e-05
3653,390.2319840499986,6.2378,3.4891334414165496e-05
3654,390.33195907499976,6.2001,3.488247236193301e-05
3655,390.42971095899884,6.4135,3.4873550973392056e-05
3656,390.5277443619998,5.295,3.48648366861979e-05
3657,390.62693445699915,5.6442,3.485603679003967e-05
3658,390.7253733559992,5.8894,3.484727439645313e-05
3659,390.82798545399964,6.6269,3.483849885279069e-05
3660,390.9288589889984,6.6587,3.4829355568487456e-05
3661,391.0266264459988,6.6972,3.4820377998286604e-05
3662,391.1224369299998,4.6546,3.481164167197158e-05
3663,391.21878887299863,5.2385,3.480308308840222e-05
3664,391.3178675349991,5.5891,3.479447266371615e-05
3665,391.4162507780002,5.7358,3.478566706006885e-05
3666,391.51633757499985,6.9418,3.477687866100427e-05
3667,391.61464614299985,6.4237,3.4767950372771116e-05
3668,391.71526619499855,5.4063,3.475918318514625e-05
3669,391.8147813079995,5.7882,3.4750196702090276e-05
3670,391.91292250199876,6.5648,3.4741309671539556e-05
3671,392.0137691439995,6.7117,3.4732530181968104e-05
3672,392.1131667589998,5.8554,3.472351235244382e-05
3673,392.2109679979985,5.4723,3.471464830229506e-05
3674,392.31038761999844,6.3088,3.4705904143983567e-05
3675,392.4099793639998,6.4847,3.469704844733495e-05
3676,392.509692964999,6.0122,3.468813321628311e-05
3677,392.61132999099937,5.9535,3.46792087524734e-05
3678,392.7105203259998,6.3135,3.467014470651837e-05
3679,392.81059158899916,6.1807,3.466127054693204e-05
3680,392.9090518989997,5.7463,3.465232420598988e-05
3681,393.0101715439996,6.6376,3.464349667129479e-05
3682,393.1078329060001,6.4963,3.463447572475669e-05
3683,393.20488168999873,4.871,3.462570420347194e-05
3684,393.30059758599964,6.032,3.4617009530834134e-05
3685,393.39277541199954,6.2361,3.460846153511322e-05
3686,393.49335199399866,6.3726,3.460022629677562e-05
3687,393.59142728000006,5.6605,3.459120872856932e-05
3688,393.6909643789986,6.7904,3.458241329058987e-05
3689,393.79308464899987,5.0793,3.4573470741396787e-05
3690,393.8954913029993,6.3186,3.456434475620338e-05
3691,393.9947430960001,4.7229,3.455518800145173e-05
3692,394.0942198849989,6.1927,3.45462980460848e-05
3693,394.1902195679995,5.6717,3.4537355160316445e-05
3694,394.2876642689989,4.5626,3.452876131798426e-05
3695,394.3853829419986,5.5991,3.4519921735226325e-05
3696,394.4840630029994,6.6378,3.451125807474741e-05
3697,394.58163823299947,6.1865,3.450242936414316e-05
3698,394.6792084289991,6.7913,3.449365967238185e-05
3699,394.7783235269999,5.7887,3.448489243102675e-05
3700,394.877360814,6.0332,3.44760233122684e-05
3701,394.9756716089996,5.8372,3.446714503343804e-05
3702,395.07151170199904,5.6883,3.445830315738261e-05
3703,395.17062394299865,6.1527,3.444970253514482e-05
3704,395.2684560540001,5.701,3.444081299033407e-05
3705,395.36727878499914,6.0121,3.443204238359245e-05
3706,395.4649710909998,6.3225,3.4423163076611445e-05
3707,395.56368160700004,5.5,3.441436273978902e-05
3708,395.6623618649992,6.2878,3.440551351516453e-05
3709,395.7614528009999,6.1235,3.43965441019956e-05
3710,395.85987859799934,5.4096,3.438773608286658e-05
3711,395.9521540149999,6.2417,3.437889651933142e-05
3712,396.0514939409986,6.3256,3.4370624700181644e-05
3713,396.1510955149988,7.0074,3.436167291438853e-05
3714,396.2477956879993,5.9291,3.435273104239379e-05
3715,396.3451754479993,5.1692,3.434402158442472e-05
3716,396.44512393999867,6.3487,3.433522084055719e-05
3717,396.5474677289985,5.6454,3.432628942889879e-05
3718,396.6487260699996,6.3426,3.431704323333397e-05
3719,396.7411928299989,5.845,3.43079548173352e-05
3720,396.8394260139994,5.5952,3.429965781986841e-05
3721,396.93918700499853,6.594,3.429077677246058e-05
3722,397.0407583849992,5.1368,3.4281799603662036e-05
3723,397.1362028809999,5.5726,3.427266321569144e-05
3724,397.2329253959997,6.2183,3.4264050428552714e-05
3725,397.3326704179999,6.3414,3.4255344929026635e-05
3726,397.43173959900014,5.8038,3.4246392541869456e-05
3727,397.53292991799935,5.7764,3.423733860166273e-05
3728,397.631221869,5.6673,3.422834157500201e-05
3729,397.73096902499856,6.7487,3.4219469201961395e-05
3730,397.82941361399935,5.5207,3.4210481045621766e-05
3731,397.92869411899846,6.4332,3.420161217364878e-05
3732,398.0216573179987,5.9117,3.419266191910027e-05
3733,398.1224544589986,5.7046,3.4184292576280636e-05
3734,398.2226663379988,6.2115,3.417518412854314e-05
3735,398.3232153889985,6.1558,3.416605786009401e-05
3736,398.4231674469993,5.7038,3.415707770188785e-05
3737,398.52116319800007,4.3616,3.414805770359053e-05
3738,398.6177486809993,5.6503,3.41392030823015e-05
3739,398.71940679399995,6.1314,3.413049281438331e-05
3740,398.81958850499905,5.4912,3.412130993495525e-05
3741,398.91755736399864,5.5112,3.411227267527598e-05
3742,399.01575103100004,5.3897,3.4103421923274146e-05
3743,399.1148370359988,5.5888,3.409452714675694e-05
3744,399.2130926509999,7.0506,3.408561030370061e-05
3745,399.3134120809991,5.8687,3.4076717187966774e-05
3746,399.41657066399966,4.704,3.406766990207647e-05
3747,399.5157934449999,6.706,3.405825463853402e-05
3748,399.6165282619986,6.0563,3.40493713368358e-05
3749,399.7144879509997,6.6605,3.404026233189324e-05
3750,399.81222403799984,5.1751,3.403142055523476e-05
3751,399.9128952009996,6.6246,3.4022548250171757e-05
3752,400.01084425299996,4.9135,3.401346649128091e-05
3753,400.1092773429991,5.8434,3.4004615854465096e-05
3754,400.2014874759989,6.5239,3.399571435069211e-05
3755,400.3036650649992,5.3123,3.3987370949165155e-05
3756,400.4020697729993,6.468,3.397810865212413e-05
3757,400.50122770099915,6.3983,3.3969211674647163e-05
3758,400.5984580200002,6.3526,3.396022982204355e-05
3759,400.69837165699937,6.4429,3.395142034378259e-05
3760,400.7954253909993,6.3933,3.3942384920572556e-05
3761,400.8928394449995,5.1351,3.3933591523984446e-05
3762,400.99233661299877,5.8173,3.392476419270518e-05
3763,401.089923010999,5.6884,3.391576222585584e-05
3764,401.1870301660001,5.7445,3.3906820258804256e-05
3765,401.28260844599936,6.3177,3.389811637988973e-05
3766,401.3778629399985,4.2431,3.388947663080587e-05
3767,401.4743394649995,5.4592,3.388081049730064e-05
3768,401.5744087409985,6.6013,3.3872081162976835e-05
3769,401.67130665900004,5.1761,3.3863029489991135e-05
3770,401.768430832999,5.879,3.385422204793183e-05
3771,401.86653711799954,5.3106,3.384542775663142e-05
3772,401.9654713029995,6.1114,3.3836547225658565e-05
3773,402.05791403199873,6.5285,3.382755827416802e-05
3774,402.15724486699946,4.7891,3.381917561196397e-05
3775,402.25603825299913,6.3276,3.3810149653023274e-05
3776,402.35617269700015,5.53,3.3801190572570586e-05
3777,402.45492948799983,4.6953,3.37920996902841e-05
3778,402.55218809299913,6.3388,3.378313956717576e-05
3779,402.6525120839997,5.654,3.3774310127501e-05
3780,402.7532608909987,5.6462,3.376519556245216e-05
3781,402.84957387599934,4.7336,3.3756039329867833e-05
3782,402.9485234449985,6.2664,3.374727219224314e-05
3783,403.04568225799994,6.3678,3.373826922329915e-05
3784,403.14886087000014,7.0351,3.372945530981146e-05
3785,403.2458175470001,5.8972,3.372011810040362e-05
3786,403.3463899599992,6.8851,3.37111728330156e-05
3787,403.4459808539996,6.4846,3.370215474044497e-05
3788,403.54383018799854,6.5327,3.369308898269002e-05
3789,403.6437720799986,5.0878,3.3684173667399646e-05
3790,403.7408312759999,6.2078,3.3675113815280495e-05
3791,403.83798840599957,6.46,3.366626861319636e-05
3792,403.92893497799923,6.816,3.365744080017745e-05
3793,404.0274344779991,5.0941,3.364920024128731e-05
3794,404.12653026799853,6.029,3.3640195751938066e-05
3795,404.22474358399995,5.0034,3.3631196535335814e-05
3796,404.320210848,6.2946,3.362223937310946e-05
3797,404.41572926499975,5.2252,3.3613543398400704e-05
3798,404.51560331899964,6.2201,3.360485318874271e-05
3799,404.6149015329993,6.5582,3.3595793700818074e-05
3800,404.71363791899967,5.7146,3.358672639610917e-05
3801,404.81302257899915,5.2436,3.3577750375854755e-05
3802,404.9118122789987,5.6724,3.356867910777518e-05
3803,405.01019387499946,5.5232,3.355968643891172e-05
3804,405.10685935199945,6.2515,3.3550731857303535e-05
3805,405.2055206589994,6.3328,3.354192295947983e-05
3806,405.3034232109985,5.6787,3.353294309139704e-05
3807,405.3993497699994,3.7388,3.352400772805476e-05
3808,405.49859146699964,5.1666,3.3515227030042254e-05
3809,405.5960914589996,7.1692,3.3506219967351416e-05
3810,405.6925236440002,5.2682,3.349732595613715e-05
3811,405.7906685500002,6.1944,3.3488517642395265e-05
3812,405.88840832299866,5.0834,3.3479592221669866e-05
3813,405.9860223979995,6.3628,3.347064596357719e-05
3814,406.07717864999904,5.869,3.346174742292702e-05
3815,406.1742994719989,5.6303,3.345346529701132e-05
3816,406.27393388999917,5.3159,3.344458140421094e-05
3817,406.37301652099995,5.5808,3.343549772844293e-05
3818,406.4701942799984,5.7664,3.34263931055562e-05
3819,406.569838034,6.9063,3.341755533784521e-05
3820,406.6669629279986,6.415,3.340843145336103e-05
3821,406.7639129989984,5.1588,3.339959175413827e-05
3822,406.86145787199894,5.3531,3.339074173275562e-05
3823,406.9597487989995,6.521,3.3381823558118536e-05
3824,407.0559735169991,5.1424,3.3372860975521514e-05
3825,407.1529017649991,6.9074,3.336405440201826e-05
3826,407.2449595429989,6.1517,3.335520111269139e-05
3827,407.3429090640002,6.2854,3.334672367631653e-05
3828,407.4401221469998,6.4792,3.333781128453984e-05
3829,407.536926236,7.1521,3.332894398873787e-05
3830,407.63676531999954,6.0713,3.332007147770081e-05
3831,407.7385679129984,6.5338,3.33109675141254e-05
3832,407.83797266799957,6.01,3.33016535661464e-05
3833,407.9363875069994,5.914,3.329254899964854e-05
3834,408.03638738599875,6.7547,3.3283570840501e-05
3835,408.13539402399874,5.0535,3.327440955035772e-05
3836,408.23348134499975,6.0214,3.32653625247092e-05
3837,408.3330475009989,6.4907,3.325632922889078e-05
3838,408.4255150529989,6.3829,3.3247242143921764e-05
3839,408.5261482859987,5.9151,3.3238815823571726e-05
3840,408.6293777409992,6.2141,3.3229503480610315e-05
3841,408.7273115659991,6.8595,3.322012666492235e-05
3842,408.82668297799864,6.1815,3.3211146035987107e-05
3843,408.92211917999884,5.809,3.3202077232502035e-05
3844,409.0183186509985,5.716,3.319331824312234e-05
3845,409.116974302,6.6826,3.31845155267674e-05
3846,409.21647683599986,6.0506,3.317545985893777e-05
3847,409.31441772299877,5.0017,3.31663612356556e-05
3848,409.412204799999,5.4542,3.315738560433568e-05
3849,409.5116409819984,5.9148,3.3148412449786e-05
3850,409.60990638399926,5.8475,3.3139288108300606e-05
3851,409.7094923149998,6.6398,3.313027802840889e-05
3852,409.8079965319994,5.3959,3.3121153482538206e-05
3853,409.9047008999987,6.2684,3.3112108301230116e-05
3854,410.0033583489985,6.2757,3.310324966488241e-05
3855,410.1003952079991,5.8077,3.309418830818691e-05
3856,410.1969813649994,6.4394,3.3085304916568495e-05
3857,410.298098235,6.3195,3.307640936597979e-05
3858,410.3961843950001,5.9069,3.3067181392043686e-05
3859,410.49782857399987,6.3876,3.3058136301781264e-05
3860,410.5959636409989,6.6504,3.30487735918968e-05
3861,410.6925127279992,6.0318,3.303979745970314e-05
3862,410.7924467749999,6.2503,3.303093031816782e-05
3863,410.89486134099934,5.6731,3.30217766968333e-05
3864,410.9943098669992,5.7068,3.301227449836739e-05
3865,411.09204827599933,5.5953,3.300323389394944e-05
3866,411.1883176329993,6.5777,3.299425937358699e-05
3867,411.28789005499857,5.2989,3.2985397853000257e-05
3868,411.3871472409992,6.1107,3.2976270050125766e-05
3869,411.487362803,5.9216,3.2967128835057184e-05
3870,411.58692680199965,5.1554,3.295792118222557e-05
3871,411.68783235999945,5.8818,3.2948757767933156e-05
3872,411.78741733599963,6.0419,3.293948744226254e-05
3873,411.88520802999847,4.7369,3.2930331352546385e-05
3874,411.98184806300014,5.3441,3.292134680513857e-05
3875,412.07744940999874,5.5613,3.2912466836523736e-05
3876,412.17386515399994,5.9946,3.2903654306893924e-05
3877,412.27010815099857,6.0393,3.2894760127977266e-05
3878,412.366686628,4.9938,3.2885933566431105e-05
3879,412.46358187699843,5.6373,3.2877054164804136e-05
3880,412.5596509469997,5.7211,3.2868138966003484e-05
3881,412.65582981699845,5.3443,3.28592868052484e-05
3882,412.7535805039988,4.9164,3.2850437023441936e-05
3883,412.85059907399955,5.8923,3.284145570890733e-05
3884,412.9496665099996,6.7056,3.2832504587252874e-05
3885,413.0493860789993,6.8192,3.282338278175049e-05
3886,413.1463455159992,5.6773,3.281420302364653e-05
3887,413.242183413,5.3674,3.2805261463211666e-05
3888,413.33897564499966,6.7925,3.279642991036975e-05
3889,413.43650047899973,6.3906,3.278752303423804e-05
3890,413.53260637999847,5.0127,3.2778543183285464e-05
3891,413.6310558109999,6.1476,3.276966567739478e-05
3892,413.7294601979993,6.324,3.27606147025262e-05
3893,413.828192048999,6.0019,3.27515457928182e-05
3894,413.92924760200003,4.3191,3.274236124887781e-05
3895,414.0273270130001,5.3599,3.2733111193875484e-05
3896,414.12504411699956,6.0458,3.272407003029115e-05
3897,414.2231940749989,6.0334,3.271504356148937e-05
3898,414.32474217099843,6.0498,3.270600872926995e-05
3899,414.42401881600017,5.2289,3.269664763586975e-05
3900,414.52037111999925,6.4107,3.26874694884327e-05
3901,414.6169206049999,4.215,3.2678581496076274e-05
3902,414.7133269299993,6.1203,3.266966469243004e-05
3903,414.8113969719998,5.6383,3.2660786653465555e-05
3904,414.9083651619985,5.6807,3.2651744962750345e-05
3905,415.0027700269984,5.8442,3.2642771009036174e-05
3906,415.100051763,5.9752,3.26340554800405e-05
3907,415.19610579599976,5.7157,3.262508475664269e-05
3908,415.29229840900007,5.8813,3.2616211795450224e-05
3909,415.3909503549985,6.4944,3.26073318302474e-05
3910,415.48930436499904,5.8035,3.259822011650038e-05
3911,415.58770865399856,5.5572,3.258912914483881e-05
3912,415.68540772899905,5.4151,3.258000448307773e-05
3913,415.7835715450001,5.2303,3.2571019593203454e-05
3914,415.88277194500006,5.7863,3.256194584749214e-05
3915,415.98136134000015,6.1516,3.2552787098944326e-05
3916,416.0800825039987,6.4091,3.254365504814333e-05
3917,416.1754418399996,4.5235,3.253453456558893e-05
3918,416.27467797899953,5.7101,3.252568050636661e-05
3919,416.37361254699863,6.7989,3.251653121950619e-05
3920,416.4726853329994,6.5514,3.250737406230512e-05
3921,416.5696996739989,4.5842,3.249821847010243e-05
3922,416.6660663629991,5.5009,3.2489236929882045e-05
3923,416.7625261339999,4.3221,3.2480310841394014e-05
3924,416.858674051,5.3723,3.247140886544439e-05
3925,416.9559501219992,5.875,3.246250596825018e-05
3926,417.0528209519998,6.0206,3.24535088197093e-05
3927,417.1516421739998,6.3673,3.24445258064288e-05
3928,417.248467686999,5.3085,3.243537397297066e-05
3929,417.34360700899924,5.6853,3.242642631040996e-05
3930,417.44087927500004,5.2054,3.2417598671168234e-05
3931,417.54520576100003,5.7495,3.240861739206385e-05
3932,417.6446907339996,6.6902,3.239895849142521e-05
3933,417.7433985989992,4.8804,3.238972234633004e-05
3934,417.8390363769995,4.5572,3.238058379359572e-05
3935,417.9364020140001,5.2831,3.2371712306043446e-05
3936,418.0383745039999,5.9696,3.236272109060449e-05
3937,418.1364802959997,4.6977,3.235326894036955e-05
3938,418.2338466759993,6.1051,3.2344154408115485e-05
3939,418.331766031999,5.4169,3.233514802166676e-05
3940,418.429104928,6.1608,3.232608069899352e-05
3941,418.52777917299863,5.8321,3.231703047384813e-05
3942,418.6238753159996,6.3005,3.230788150192042e-05
3943,418.7235352059997,6.1576,3.229888267339119e-05
3944,418.8222905929997,6.7958,3.228971068713641e-05
3945,418.9212478699992,6.8683,3.2280584669069624e-05
3946,419.01755975499873,4.7071,3.227139201295454e-05
3947,419.1157354379993,5.032,3.226245971569379e-05
3948,419.21162739600004,6.0003,3.2253337871390416e-05
3949,419.31052853799883,5.8591,3.224446325070529e-05
3950,419.4110557139993,4.7078,3.223529940390309e-05
3951,419.5085239279997,5.8312,3.222595812613858e-05
3952,419.607786261,5.8432,3.221689269211935e-05
3953,419.7055989799992,4.2392,3.22076928110507e-05
3954,419.8032016019988,6.4192,3.2198584591565815e-05
3955,419.90185262999876,5.3785,3.2189535796968546e-05
3956,419.9967660069997,3.5454,3.218037189801675e-05
3957,420.0886281940002,6.5886,3.217154058529199e-05
3958,420.1881475199989,6.8443,3.2163033409071195e-05
3959,420.2895220339997,5.2915,3.2153694292859e-05
3960,420.3853111449989,4.438,3.214434730572066e-05
3961,420.4800473389987,6.5639,3.213545092398536e-05
3962,420.5781528789994,5.3902,3.212665901902717e-05
3963,420.6697625929992,6.2229,3.211755287065753e-05
3964,420.7682468999992,5.7734,3.210904872838875e-05
3965,420.8635868599995,4.1907,3.209985637809368e-05
3966,420.96119330799957,4.9346,3.209100069124492e-05
3967,421.0576320179989,4.0466,3.208193367840795e-05
3968,421.1554096029995,4.5699,3.20729457790214e-05
3969,421.25250528499964,4.982,3.206382555388958e-05
3970,421.3534194879994,6.365,3.2054801972017815e-05
3971,421.4525513110002,5.7432,3.204545446157268e-05
3972,421.550843514,6.1181,3.203622089976828e-05
3973,421.651282937999,5.945,3.202707144737657e-05
3974,421.7508912079993,5.1507,3.20177193511691e-05
3975,421.85037869199914,5.7002,3.200847015192162e-05
3976,421.94542140199883,6.6783,3.199921114207977e-05
3977,422.0439762269998,6.6672,3.1990352636013974e-05
3978,422.14041108999845,5.8109,3.198117118546488e-05
3979,422.236803021,5.065,3.1972189310357956e-05
3980,422.339060717999,5.9817,3.196311927343995e-05
3981,422.43810618799944,6.4838,3.195371056955497e-05
3982,422.53724030299963,5.7106,3.1944475438271304e-05
3983,422.6350630319994,5.6524,3.193512180393942e-05
3984,422.7335780459998,5.9007,3.192610709322797e-05
3985,422.8252930159997,6.3846,3.1916922336208735e-05
3986,422.92486036399896,5.1306,3.19084159930017e-05
3987,423.02473651799846,6.6995,3.1899115986760575e-05
3988,423.12481339499936,5.4247,3.18898154345433e-05
3989,423.22376947799967,6.0658,3.188048140243817e-05
3990,423.32050444499873,4.5201,3.187124211002058e-05
3991,423.4176078419987,6.3042,3.1862224911046846e-05
3992,423.5166084659995,6.1989,3.185317885466596e-05
3993,423.6174405339989,5.9307,3.184394428751641e-05
3994,423.71476911099853,5.7501,3.183454513055561e-05
3995,423.8151606430001,6.1905,3.182545198253262e-05
3996,423.91217111100013,6.8597,3.1816105560219774e-05
3997,424.011317683,5.751,3.180704800543443e-05
3998,424.1063333809998,4.5325,3.179770384872341e-05
3999,424.20337259699954,6.2173,3.1788925161291375e-05
4000,424.30217106099917,6.3997,3.177988988453524e-05
4001,424.3999444109995,6.0205,3.177067297568459e-05
4002,424.4972867859997,6.9117,3.176151784580551e-05
4003,424.59445518199936,5.7382,3.175244754847401e-05
4004,424.69186403299864,6.1115,3.174335249320398e-05
4005,424.7882096909998,5.8747,3.173427783959585e-05
4006,424.8800486479995,6.084,3.1725271227821e-05
4007,424.9770735479997,5.6837,3.171672128899509e-05
4008,425.07615713799896,5.9778,3.170762610673259e-05
4009,425.17520551099915,5.6621,3.1698381088024974e-05
4010,425.27442690599855,5.0963,3.16891466874338e-05
4011,425.3746021319985,5.3521,3.16798795700294e-05
4012,425.4722376439986,5.9727,3.1670519350541475e-05
4013,425.5717798320002,6.0999,3.166136800314366e-05
4014,425.6718094829994,5.6214,3.1652072065335444e-05
4015,425.77046585300013,6.0306,3.164272454437096e-05
4016,425.87210648699875,5.4487,3.163349480991163e-05
4017,425.9724449059995,5.8741,3.1623988379411815e-05
4018,426.07008477699856,4.4356,3.161460900554249e-05
4019,426.17147839899917,6.3969,3.160538705255234e-05
4020,426.2696374949992,5.4815,3.1596010077267377e-05
4021,426.36896121099926,5.6119,3.158683462210396e-05
4022,426.4678021029995,5.667,3.157753602043184e-05
4023,426.5664493989989,4.9537,3.1568289857036356e-05
4024,426.66619960800017,5.8886,3.1559001262868906e-05
4025,426.7632401889987,5.5893,3.154972214950545e-05
4026,426.86234072299885,6.428,3.154063343074085e-05
4027,426.96133514899884,5.4031,3.153135754233625e-05
4028,427.05922559600003,5.9331,3.1522096637033114e-05
4029,427.15790351399846,6.1681,3.1512937331398004e-05
4030,427.25670603899925,4.7095,3.1503707325819945e-05
4031,427.35639260599964,5.6564,3.149445307823841e-05
4032,427.4561648099989,6.9647,3.1485112403485785e-05
4033,427.5538747499995,6.492,3.147577491612853e-05
4034,427.6516400820001,5.2172,3.146660495297708e-05
4035,427.7491414439992,5.3677,3.145744783699144e-05
4036,427.84731719199954,5.9515,3.144833823566442e-05
4037,427.94413058399914,6.0712,3.1439130613459964e-05
4038,428.0433504899993,5.3145,3.143006624112142e-05
4039,428.1424447640002,5.4723,3.142075823090906e-05
4040,428.241885034,6.2788,3.141146730781474e-05
4041,428.3400507319984,6.2904,3.140215719758972e-05
4042,428.4366487919997,5.63,3.1392949783439844e-05
4043,428.5363657130001,6.3769,3.138389045155029e-05
4044,428.6323495460001,4.7074,3.137456272535349e-05
4045,428.73267455199857,6.5464,3.136553263329968e-05
4046,428.83126410600016,5.8276,3.135605623436895e-05
4047,428.9309262409988,5.6819,3.134687441723358e-05
4048,429.03045804499925,6.4907,3.1337537851678913e-05
4049,429.1325773849985,6.3965,3.132821626534854e-05
4050,429.2312895219984,5.6565,3.131860949190407e-05
4051,429.32909698799995,4.5578,3.130938932043854e-05
4052,429.4288732829991,6.2934,3.1300091895407186e-05
4053,429.5286630439987,6.3279,3.129084481570936e-05
4054,429.63101691500015,6.6711,3.128148238404961e-05
4055,429.73006797999915,4.907,3.1271861401200186e-05
4056,429.82901246599977,5.9683,3.1262571376099015e-05
4057,429.92888629499976,4.6866,3.125321445022108e-05
4058,430.02778466999916,5.819,3.1243905244872246e-05
4059,430.1257677659996,5.8986,3.1234608265329496e-05
4060,430.22098471199934,5.897,3.122541670891375e-05
4061,430.3187536209989,6.4926,3.121646523276819e-05
4062,430.4171938319996,5.1859,3.120725765783466e-05
4063,430.51607568599866,5.8078,3.119803335575944e-05
4064,430.6138431749987,4.8256,3.1188753898150586e-05
4065,430.7110854829989,4.8938,3.117953558693582e-05
4066,430.8127211359988,6.184,3.1170409100518064e-05
4067,430.91420251699856,5.7862,3.116088528166443e-05
4068,431.01181422399895,6.0073,3.115134750947021e-05
4069,431.10806303199934,6.531,3.114215020371706e-05
4070,431.20796388099916,5.374,3.113311160488145e-05
4071,431.30709207399923,5.92,3.112374639876767e-05
4072,431.4074981479989,5.9567,3.1114419207447334e-05
4073,431.5076172939989,6.2106,3.110491523757213e-05
4074,431.6069616349996,5.7303,3.109556482638559e-05
4075,431.70523894100006,3.7024,3.1086203955844245e-05
4076,431.8054221909988,6.0902,3.1076953976301416e-05
4077,431.90874493699994,6.9154,3.106752769700999e-05
4078,432.0072952189985,6.6633,3.105782955641408e-05
4079,432.10854391999965,5.4686,3.10485382539971e-05
4080,432.2079859489986,5.5777,3.1039005581231283e-05
4081,432.3055384319996,6.1878,3.1029664422188374e-05
4082,432.39839650499925,5.549,3.102048318549741e-05
4083,432.4970296369993,4.6224,3.101178413424837e-05
4084,432.59532354600015,5.9959,3.1002448887369094e-05
4085,432.69405371099856,5.9777,3.0993206378521666e-05
4086,432.7924593769985,6.1518,3.098392138294404e-05
4087,432.89145820199883,5.4404,3.097466062101215e-05
4088,432.99054521799917,6.0608,3.096529501732116e-05
4089,433.0872576389993,5.7356,3.095601466859727e-05
4090,433.1861729359989,6.5891,3.094688579169512e-05
4091,433.2886402509994,6.0098,3.0937592318083625e-05
4092,433.3886316139997,5.1112,3.0927941768371455e-05
4093,433.48682606699913,6.6229,3.091851049570207e-05
4094,433.58420135599954,3.619,3.090922214448893e-05
4095,433.6812394259996,5.8424,3.0900047961186243e-05
4096,433.782577521999,5.5931,3.0890932636028977e-05
4097,433.8840154319987,5.3389,3.088129353738339e-05
4098,433.9815144949989,6.1857,3.0871820442903126e-05
4099,434.0795845749999,4.9678,3.086261552405725e-05
4100,434.17602971999986,6.0978,3.085339702996472e-05
4101,434.2750614509987,5.4961,3.084417896421963e-05
4102,434.3720515169989,6.0577,3.083494939289541e-05
4103,434.46952008599874,4.7604,3.0825810118731264e-05
4104,434.5686268019999,5.8442,3.081663034987616e-05
4105,434.6677444249999,6.026,3.080727635795572e-05
4106,434.766779263,6.0992,3.079792023337996e-05
4107,434.86865147999924,6.0037,3.078849442292476e-05
4108,434.96991905399955,6.107,3.07789855905049e-05
4109,435.0724874869993,6.3254,3.0769440850470613e-05
4110,435.16957741699844,4.7778,3.075966198580883e-05
4111,435.2707276330002,5.8906,3.0750592861075596e-05
4112,435.3702514059987,6.3468,3.074106566563415e-05
4113,435.47070145199905,6.7168,3.0731661930097195e-05
4114,435.5686197039995,5.5586,3.0722179800346854e-05
4115,435.6671530570002,4.8655,3.07129100181192e-05
4116,435.7643612060001,5.414,3.070362370886894e-05
4117,435.86081153599844,5.2333,3.069444690517605e-05
4118,435.9555345379995,3.9782,3.068532653474196e-05
4119,436.05409999199946,5.1261,3.0676398152050537e-05
4120,436.1516696789986,6.0106,3.066709699495034e-05
4121,436.25025993599957,5.5474,3.065786128941359e-05
4122,436.3425810339995,5.9884,3.064856016223303e-05
4123,436.4396565529987,6.0786,3.0639882889180584e-05
4124,436.53996744699907,6.0374,3.063065749904619e-05
4125,436.64033710999865,5.4174,3.062119973909698e-05
4126,436.7396007799998,5.9142,3.061172091150834e-05
4127,436.8327568779987,6.7806,3.060233050240977e-05
4128,436.9317460959992,6.3703,3.059355592395041e-05
4129,437.0284513959996,4.3931,3.058418850620129e-05
4130,437.12751385999945,5.5933,3.0575033594742586e-05
4131,437.22569697200015,4.7094,3.056567041698868e-05
4132,437.3237528569989,4.78,3.0556378109764775e-05
4133,437.4221536019995,5.9212,3.054711379111665e-05
4134,437.51983073799965,5.0831,3.0537815171974704e-05
4135,437.61587370099915,4.5528,3.052858180157565e-05
4136,437.7148678509984,5.4368,3.05195021867483e-05
4137,437.81075858799886,5.9821,3.051012200231002e-05
4138,437.9089791369988,5.3624,3.0501046081683477e-05
4139,438.0068083389997,6.356,3.049178685198419e-05
4140,438.1043215089994,5.6481,3.0482524228561704e-05
4141,438.2028699989987,5.9411,3.0473282925282348e-05
4142,438.3010625529987,5.9508,3.0463971390954148e-05
4143,438.4012844199988,6.1814,3.0454682385517626e-05
4144,438.5003985409985,5.1335,3.0445187863234176e-05
4145,438.5990638969997,5.7511,3.043580418158441e-05
4146,438.6966334989993,5.4133,3.0426457778310413e-05
4147,438.795081278,5.8351,3.0417185612113702e-05
4148,438.894920015,5.9196,3.0407903143498534e-05
4149,438.9905829909985,5.7792,3.0398489136726642e-05
4150,439.08795861699946,5.4199,3.038940478234638e-05
4151,439.1887442139996,5.4351,3.0380174633836377e-05
4152,439.2879140289988,6.0658,3.0370649405682206e-05
4153,439.3889603009993,4.3178,3.0361233783286136e-05
4154,439.4892737379996,5.7746,3.0351676181259098e-05
4155,439.58857775700017,6.5808,3.034216522053777e-05
4156,439.6844986929991,5.5219,3.0332783820713823e-05
4157,439.7813389949988,6.5146,3.032368114127186e-05
4158,439.87412963599854,5.7479,3.0314474595917563e-05
4159,439.9666071929987,6.5738,3.030574834121004e-05
4160,440.0670896089996,6.7978,3.029699830834593e-05
4161,440.1648729699991,5.3442,3.0287451849682192e-05
4162,440.2615171469988,6.4492,3.0278171760341502e-05
4163,440.3619812859997,6.2728,3.0268998015486905e-05
4164,440.4606443289995,5.9157,3.025948849370129e-05
4165,440.5611397089997,6.3235,3.0250126551570516e-05
4166,440.6611054549994,6.9003,3.0240609735866477e-05
4167,440.76222579599926,6.0839,3.0231124395738297e-05
4168,440.859698581,5.2868,3.022155273924845e-05
4169,440.9594017729996,6.0763,3.0212272111073452e-05
4170,441.06126200699873,6.5527,3.0202837145833472e-05
4171,441.16405297299934,5.4153,3.019319463728945e-05
4172,441.26215160099855,5.8406,3.0183429231344023e-05
4173,441.3633754429993,6.1145,3.0174108332710576e-05
4174,441.4626309609994,6.5742,3.0164529981910294e-05
4175,441.560320306,6.5226,3.0155116070954685e-05
4176,441.6611549249992,6.3114,3.014582658714597e-05
4177,441.76194661499903,5.4167,3.013625209665671e-05
4178,441.859598686,6.3991,3.0126703482476278e-05
4179,441.95785923899894,4.8105,3.0117406722432118e-05
4180,442.0497040609989,6.338,3.0108095046692437e-05
4181,442.1489494130001,6.1488,3.0099414962349233e-05
4182,442.24643501899845,5.6667,3.0089958979659838e-05
4183,442.3468837679993,5.7476,3.0080724827047686e-05
4184,442.44732508999914,6.119,3.007116921374554e-05
4185,442.54636007499903,5.8942,3.0061635906045742e-05
4186,442.6465879799998,5.93,3.0052228556186644e-05
4187,442.74442616799934,5.7976,3.0042672469526202e-05
4188,442.84470438300013,5.9224,3.0033425915735e-05
4189,442.9371317039986,6.2184,3.002390945424623e-05
4190,443.0362174619986,5.7685,3.0015150161698004e-05
4191,443.1371005689998,6.0101,3.0005709283786643e-05
4192,443.23598671999935,5.654,2.999613014479465e-05
4193,443.3376207559995,6.8362,2.998672011761251e-05
4194,443.4383172709986,4.7963,2.997707911947308e-05
4195,443.53563446599946,5.0284,2.9967517560637637e-05
4196,443.6364685389999,5.9512,2.9958254377574286e-05
4197,443.73642506099895,6.3301,2.9948660738153862e-05
4198,443.83480651399987,5.7708,2.993916093289163e-05
4199,443.9331824330002,5.9842,2.9929827020067698e-05
4200,444.0332146799992,6.2728,2.9920467648761673e-05
4201,444.13142000599873,6.4875,2.9910959396046585e-05
4202,444.22927233599876,5.4277,2.990163737905134e-05
4203,444.32767723399957,4.8745,2.9892294243354424e-05
4204,444.42254246799894,5.269,2.988285177302018e-05
4205,444.5226273600001,6.3388,2.9873930300170412e-05
4206,444.6214888969989,4.6124,2.9864438596923043e-05
4207,444.71805516899985,6.273,2.9855006968987302e-05
4208,444.8179574279984,5.9996,2.9845841044261368e-05
4209,444.9167479299995,5.6972,2.9836311745121932e-05
4210,445.015747989999,6.7687,2.9826923050728217e-05
4211,445.11405203899994,5.1587,2.9817502538215047e-05
4212,445.21083173899933,5.789,2.9808162857823896e-05
4213,445.31037100899994,5.8625,2.9798947589320387e-05
4214,445.41036238499873,6.0996,2.978947744260272e-05
4215,445.51042106800014,6.2544,2.9779970382330365e-05
4216,445.6082751419999,5.8855,2.9770460776948767e-05
4217,445.70672156399996,5.5092,2.9761122913219975e-05
4218,445.805489426999,5.8317,2.9751762407727767e-05
4219,445.90370681499917,6.1279,2.974236215693843e-05
4220,445.99928118999924,4.7657,2.9733002203384642e-05
4221,446.09624820799945,5.7386,2.972389046105044e-05
4222,446.1949345939993,5.7401,2.971467148279942e-05
4223,446.2929236399996,5.8621,2.97052915717875e-05
4224,446.39326586899915,5.9522,2.9695909268333105e-05
4225,446.49305031199947,6.4009,2.9686395073915314e-05
4226,446.59534636899843,6.0824,2.9676869671429613e-05
4227,446.6962465079996,6.0573,2.966715085128033e-05
4228,446.7956445869986,6.1361,2.9657492764533527e-05
4229,446.89338626399876,6.2617,2.964805409609897e-05
4230,446.9897051939988,5.1316,2.963873376790112e-05
4231,447.08965070199883,6.5193,2.9629558236093392e-05
4232,447.1886402459986,6.4501,2.9620051324196867e-05
4233,447.28659561899985,6.3511,2.961060977138484e-05
4234,447.3847882809987,5.5789,2.9601172675444788e-05
4235,447.48492994799926,6.6473,2.9591874703316402e-05
4236,447.5809887759988,5.844,2.9582369774140096e-05
4237,447.6786589530002,5.7634,2.9573184113236724e-05
4238,447.77713417799896,6.2373,2.9563897697270694e-05
4239,447.8777541039999,5.4248,2.9554494582966614e-05
4240,447.97811804499906,6.3922,2.9544913686150082e-05
4241,448.0761145859997,5.8956,2.9535343599869065e-05
4242,448.1757245049994,6.9072,2.9525999829698986e-05
4243,448.27496558599887,5.8466,2.9516509396424314e-05
4244,448.37357209199945,6.0323,2.9507035436706792e-05
4245,448.4721645310001,6.2808,2.9497623953698454e-05
4246,448.57092719999855,5.8009,2.9488224483169645e-05
4247,448.6693817689993,5.8814,2.9478798090650846e-05
4248,448.77145502299936,6.1632,2.9469390486782424e-05
4249,448.86955769499946,4.7283,2.9459669790119937e-05
4250,448.9689258170001,5.71,2.9450298723125064e-05
4251,449.06855976899897,5.8062,2.944080714896143e-05
4252,449.1685923799996,6.5504,2.9431335376556028e-05
4253,449.26810090399886,4.6489,2.9421803648999922e-05
4254,449.3668482739995,6.2301,2.9412289272374726e-05
4255,449.4635806539991,5.8491,2.9402863846609253e-05
4256,449.5605251950001,6.1536,2.9393512585711803e-05
4257,449.65920372799883,5.5,2.93843565617189e-05
4258,449.75998915499986,5.685,2.9374939256399247e-05
4259,449.8600978449995,6.5996,2.9365348311964748e-05
4260,449.95828466799867,5.5452,2.9355766609285258e-05
4261,450.0577620690001,6.5164,2.93463932551389e-05
4262,450.1552385619998,6.3189,2.9336890793119893e-05
4263,450.2557592819994,6.3371,2.9327580559262467e-05
4264,450.3526233849989,3.8601,2.9317987569191623e-05
4265,450.44499296899994,5.5002,2.930871843753732e-05
4266,450.54276437099907,5.9475,2.9299928250122633e-05
4267,450.6418133520001,5.2881,2.929055982471957e-05
4268,450.7387320839989,5.0554,2.9281109934797268e-05
4269,450.83738855999945,5.5318,2.9271850011454406e-05
4270,450.93321619199924,5.1222,2.926242450975103e-05
4271,451.03072045799854,6.2134,2.9253265087474557e-05
4272,451.12624934299856,4.3773,2.9243966468177025e-05
4273,451.2230119929991,4.1383,2.923479782026518e-05
4274,451.32088153899895,5.5218,2.922557587194119e-05
4275,451.413489474,6.0908,2.921623556391944e-05
4276,451.5142268089985,5.6829,2.9207397629357704e-05
4277,451.6126830759986,5.7691,2.919774365903334e-05
4278,451.7138540429987,5.4784,2.918833473532696e-05
4279,451.81324972999937,6.308,2.917865788441158e-05
4280,451.9115858669993,5.7841,2.916914696575948e-05
4281,452.01281440599996,6.2068,2.9159656366097283e-05
4282,452.1102624719988,5.3674,2.9150076529384935e-05
4283,452.2109758159986,5.7001,2.9140761067269263e-05
4284,452.30700195899954,5.5672,2.9131144715883675e-05
4285,452.4051035119992,5.4828,2.912194907782001e-05
4286,452.50052666899865,5.0756,2.9112556892743215e-05
4287,452.59682224899916,6.4222,2.9103421798558804e-05
4288,452.6965212389987,5.7289,2.9094237958080994e-05
4289,452.7947530249985,5.1872,2.908471307035242e-05
4290,452.89089942099963,5.9894,2.9075297179528753e-05
4291,452.98780663099933,5.4896,2.9066082937373517e-05
4292,453.0854498389999,6.3013,2.9056824744647987e-05
4293,453.182864811999,6.4083,2.9047491701754865e-05
4294,453.2838618409987,6.2513,2.9038139311780084e-05
4295,453.38596879099896,6.0865,2.9028505770167247e-05
4296,453.48477856299905,5.6736,2.9018744010310672e-05
4297,453.58372955899904,6.3179,2.9009285369049134e-05
4298,453.6826165479997,5.8848,2.899980770835057e-05
4299,453.7807047469996,6.1231,2.8990338004843853e-05
4300,453.87893056699977,5.1307,2.8980947961666376e-05
4301,453.97618204599894,5.0547,2.8971512994175416e-05
4302,454.0762859869992,6.2305,2.896219889431334e-05
4303,454.174289863,6.0342,2.895265524519512e-05
4304,454.2713355629985,5.378,2.894325883829761e-05
4305,454.36917139599973,6.0629,2.893396757919256e-05
4306,454.46697517199937,5.7177,2.892460169511533e-05
4307,454.5664603039986,5.1901,2.8915233019696187e-05
4308,454.664537654,6.0277,2.8905716883262383e-05
4309,454.76081390499894,5.2891,2.8896317031594867e-05
4310,454.85880526299843,4.8981,2.8887081328143828e-05
4311,454.9571645830001,6.461,2.887770179550906e-05
4312,455.05946126599883,5.8137,2.8868195375734903e-05
4313,455.15902913399987,5.838,2.8858476329407325e-05
4314,455.2591514129999,6.0436,2.8848938022830958e-05
4315,455.3596607089985,6.096,2.883933254998838e-05
4316,455.4591189269995,5.8748,2.8829716350349036e-05
4317,455.5591360769995,6.0304,2.8820125106969982e-05
4318,455.6581604739986,6.5304,2.8810625183499524e-05
4319,455.759903098,5.8611,2.880111934933387e-05
4320,455.8606464299992,5.9393,2.8791363229452693e-05
4321,455.95992274999844,5.5228,2.8781717452624018e-05
4322,456.3884020679998,6.6958,2.8772200812378975e-05
4323,456.4881981130002,6.086,2.8731129949367842e-05
4324,456.5861482370001,6.8249,2.8721560968255922e-05
4325,456.6856036319987,6.0619,2.871217302557538e-05
4326,456.7816394699985,3.4559,2.870263898245538e-05
4327,456.88069921399983,5.9595,2.8693408318782256e-05
4328,456.9786734979989,6.1296,2.868392993116024e-05
4329,457.07705672999873,6.9134,2.8674520345196087e-05
4330,457.176467927,5.109,2.8665084143915787e-05
4331,457.27226412099844,6.0265,2.865555457814681e-05
4332,457.3691067159998,4.8989,2.8646350923151493e-05
4333,457.4663754489993,5.046,2.863706469547081e-05
4334,457.56515997799943,5.5598,2.8627739269778242e-05
4335,457.66478825599916,5.1839,2.861827161378426e-05
4336,457.7611028559986,6.0077,2.860870176436592e-05
4337,457.8590706489995,6.0959,2.8599455728877374e-05
4338,457.95740609899985,6.0277,2.859007086466767e-05
4339,458.05574126899955,6.8947,2.8580627325839266e-05
4340,458.156018751999,5.1205,2.8571182754335192e-05
4341,458.2545315489988,5.9996,2.8561550505557433e-05
4342,458.3552283889985,5.999,2.855211251945007e-05
4343,458.45596973399915,5.1322,2.8542353304348592e-05
4344,458.553795672,6.301,2.8532780038825003e-05
4345,458.655487177999,5.9657,2.8523392112370074e-05
4346,458.753031618,5.6709,2.8513633599141475e-05
4347,458.8527029029992,6.0164,2.850424282056725e-05
4348,458.95121833199846,6.3237,2.8494589720871855e-05
4349,459.0503074949993,6.0945,2.8485233849261538e-05
4350,459.14818314900003,5.9573,2.847571307158033e-05
4351,459.2484105299991,4.8556,2.84663129892229e-05
4352,459.3436470709985,5.3153,2.845670096604574e-05
4353,459.44078795599853,5.9182,2.8447540802161886e-05
4354,459.53821567399973,5.3152,2.8438216308975395e-05
4355,459.63699298999927,6.1331,2.842885245461053e-05
4356,459.7359529339992,5.6397,2.8419307961661106e-05
4357,459.8351131239997,5.2555,2.8409850737042494e-05
4358,459.93364788100007,6.3303,2.8400340531622082e-05
4359,460.0317738959984,6.1301,2.8390873902257082e-05
4360,460.1309741869991,5.0183,2.8381454849325635e-05
4361,460.2302655509993,5.481,2.837193150021057e-05
4362,460.3278051899997,5.9317,2.8362390088187874e-05
4363,460.42588163099936,5.6084,2.835299349132318e-05
4364,460.52392507699915,6.2404,2.8343576930067243e-05
4365,460.62389171499854,6.0377,2.8334164282579724e-05
4366,460.7233457579987,5.9404,2.832452534789577e-05
4367,460.8230344849999,5.5892,2.8315000617766274e-05
4368,460.92126451999866,6.986,2.8305429704504822e-05
4369,461.02166547199886,5.798,2.8295928021174033e-05
4370,461.1226763529994,5.9747,2.8286322760694988e-05
4371,461.2229376790001,6.419,2.827660977737151e-05
4372,461.32046101999913,6.0312,2.82669891225395e-05
4373,461.41925682999863,5.9963,2.8257596181321146e-05
4374,461.5183626899998,6.0328,2.8248105549657032e-05
4375,461.616323672999,5.8541,2.823857278670538e-05
4376,461.714907440999,5.7669,2.8229149729156933e-05
4377,461.8136892959992,6.4422,2.8219684508179402e-05
4378,461.91093434199865,6.1439,2.8210173283598092e-05
4379,462.0089664469997,5.2632,2.820082709717692e-05
4380,462.10683616499955,6.0698,2.8191336865153646e-05
4381,462.2013504609986,6.5766,2.8181975263267778e-05
4382,462.29870740499973,5.2812,2.817288149028533e-05
4383,462.3981464669996,5.8686,2.8163542758507868e-05
4384,462.4979029369988,5.4603,2.8153990821314026e-05
4385,462.5975321329988,6.2784,2.814438421749248e-05
4386,462.68843196799935,6.6404,2.8134772529413045e-05
4387,462.78559974499876,5.1897,2.8126070247064846e-05
4388,462.8805260069985,5.1426,2.811670407295078e-05
4389,462.9769930069997,7.0526,2.8107550214692513e-05
4390,463.0745347510001,5.9619,2.8098276621489062e-05
4391,463.17141008,5.8884,2.8088898325806394e-05
4392,463.271791408999,5.3904,2.8079579218097317e-05
4393,463.36894755199864,5.9116,2.8069925417918364e-05
4394,463.470559161,6.0305,2.806056964660942e-05
4395,463.5721891739995,4.6532,2.805079473707899e-05
4396,463.67045868399873,5.295,2.8041026073163517e-05
4397,463.76855854899986,6.0535,2.8031514648888735e-05
4398,463.867945557,5.4348,2.802209329616612e-05
4399,463.966372724999,6.5241,2.801253277156119e-05
4400,464.06653593199917,6.3852,2.8003074306978755e-05
4401,464.16565749599977,6.0253,2.799343804960817e-05
4402,464.2654670789998,6.1275,2.7983888792816027e-05
4403,464.36427435899895,6.4418,2.7974260820074455e-05
4404,464.4663470769992,6.4018,2.7964707661453025e-05
4405,464.56621596199875,5.2203,2.795492172324184e-05
4406,464.666966675999,6.4402,2.794527442856461e-05
4407,464.76694761199906,5.8253,2.793562830671394e-05
4408,464.86395103799987,5.7625,2.7925992142750406e-05
4409,464.9623188739988,5.4032,2.791661928215624e-05
4410,465.06188631299847,6.4188,2.7907161060384863e-05
4411,465.16318538499945,4.9686,2.789757241752121e-05
4412,465.2628619899988,6.2871,2.7887826151610487e-05
4413,465.3607013799992,5.8344,2.7878226216693804e-05
4414,465.46057234899854,6.6928,2.786879594259715e-05
4415,465.56121105799866,5.4874,2.7859180604976526e-05
4416,465.65888527399875,5.7905,2.7849485623150217e-05
4417,465.7571811990001,6.5757,2.784009091313986e-05
4418,465.8563987969992,5.9324,2.7830612263782997e-05
4419,465.9540473319994,4.4153,2.782105860168638e-05
4420,466.05256305500006,5.8738,2.7811648854930284e-05
4421,466.1489434239993,6.0114,2.7802162077568078e-05
4422,466.2465964639996,5.5128,2.779287291596152e-05
4423,466.34456773499915,5.7668,2.7783473330376187e-05
4424,466.440434008,4.6718,2.7774022479481698e-05
4425,466.5393684599985,6.9698,2.776475948500068e-05
4426,466.63699126699976,5.7111,2.775524823259514e-05
4427,466.73606573399957,5.8999,2.774583842165755e-05
4428,466.83559662900007,5.7429,2.7736292375752732e-05
4429,466.93506514599903,5.8901,2.7726633673613268e-05
4430,467.034479377,5.8158,2.7717098278498328e-05
4431,467.1333656729985,5.0592,2.7707422367906428e-05
4432,467.2329220519987,5.9325,2.7697994258911136e-05
4433,467.32969151399993,5.7421,2.7688404502344523e-05
4434,467.42626613799985,5.5347,2.76790595194735e-05
4435,467.5256245879991,6.324,2.766975420811753e-05
4436,467.6240511420001,5.2299,2.766017712721286e-05
4437,467.72525307399883,6.2338,2.7650685763339606e-05
4438,467.82373955799994,6.2492,2.764094976779734e-05
4439,467.92421140999977,6.9817,2.7631406704277908e-05
4440,468.0229954939987,5.6024,2.7621741927817436e-05
4441,468.1222516500002,5.8166,2.7612212186282016e-05
4442,468.22174411000015,5.5385,2.7602640580342566e-05
4443,468.3213950549998,5.8239,2.759303926310736e-05
4444,468.4212207089986,5.5903,2.7583381231034137e-05
4445,468.5196611449992,6.4214,2.7573791615182715e-05
4446,468.6184600279994,6.2717,2.7564309012609496e-05
4447,468.7114588579989,6.4093,2.7554799690552992e-05
4448,468.80885476299954,6.1347,2.7545819161849563e-05
4449,468.90611000199897,4.1354,2.753640941686365e-05
4450,469.0044174179984,5.9338,2.7527038024505876e-05
4451,469.1033011849995,5.7151,2.751755311399415e-05
4452,469.20057310599987,4.8718,2.7508036639948083e-05
4453,469.2991957710001,6.1802,2.7498609236961603e-05
4454,469.3980753269989,5.1465,2.7489135965020002e-05
4455,469.49619719699876,6.6729,2.7479480930251734e-05
4456,469.5908429350002,6.1144,2.7470110079889515e-05
4457,469.68944381299843,6.3288,2.746093618007432e-05
4458,469.7871834669986,4.3207,2.7451471289862003e-05
4459,469.88454751300014,5.6473,2.7442042464546462e-05
4460,469.9834770469988,5.88,2.7432624706693555e-05
4461,470.08114079499865,5.9661,2.7423031357006355e-05
4462,470.1812373009998,6.3855,2.7413655224163632e-05
4463,470.2775013299997,5.2401,2.7404007489261683e-05
4464,470.3748071509999,5.4803,2.7394707104721356e-05
4465,470.4749937149991,6.3598,2.738533698378534e-05
4466,470.5733697199994,5.9109,2.7375608981386675e-05
4467,470.6736712589991,5.592,2.736613987858906e-05
4468,470.7717844639992,4.9413,2.7356483542114142e-05
4469,470.86814486000003,5.6567,2.7347003550612692e-05
4470,470.9592099949987,5.8741,2.733770316724595e-05
4471,471.0575110379996,5.4395,2.7328941577894988e-05
4472,471.1533531519999,4.4661,2.7319409229373682e-05
4473,471.2579614239985,6.452,2.7310122304901166e-05
4474,471.35721945600017,5.7605,2.7300072967163798e-05
4475,471.4575660899991,5.6688,2.7290481780781134e-05
4476,471.5556054939989,5.3435,2.728080612562575e-05
4477,471.6554131619996,6.2147,2.7271317928925923e-05
4478,471.75350463499854,5.9762,2.7261700984934492e-05
4479,471.8530691750002,6.3107,2.7252214799457087e-05
4480,471.9499432599987,4.8563,2.7242603824429037e-05
4481,472.04795547699905,6.2026,2.7233132105853483e-05
4482,472.14825101099996,6.493,2.7223760530303715e-05
4483,472.239361603999,6.7354,2.721409621779629e-05
4484,472.33800904300006,5.1971,2.720533509940344e-05
4485,472.43618321899885,5.2087,2.7195763584064644e-05
4486,472.5355119729993,5.8526,2.7186286942773494e-05
4487,472.631369191,6.1928,2.71766777120737e-05
4488,472.7285476799989,5.0201,2.7167427486779983e-05
4489,472.82489949799856,3.8074,2.715803719014449e-05
4490,472.922996072999,6.1188,2.714873119450873e-05
4491,473.02010943999994,6.142,2.71392332583175e-05
4492,473.11583093699846,5.945,2.7129866436537067e-05
4493,473.2164409709985,5.8544,2.7120613318801214e-05
4494,473.3179056049994,5.8541,2.7110791263931885e-05
4495,473.4175595529996,5.8324,2.7101110065767254e-05
4496,473.51595042400004,5.1304,2.709146077591527e-05
4497,473.61476121799933,6.2658,2.7081969310395828e-05
4498,473.71403190699857,5.0772,2.707243783907804e-05
4499,473.814586511,6.3247,2.7062788088723034e-05
4500,473.9137380359989,6.8755,2.7053140471954723e-05
4501,474.01230201999897,5.074,2.7043481644998148e-05
4502,474.11029577799854,5.3434,2.703399851797493e-05
4503,474.20743918599874,4.1291,2.7024530100349325e-05
4504,474.3074703759994,6.3917,2.7015134705929267e-05
4505,474.40462156799913,5.4811,2.7005486106799727e-05
4506,474.50242267999965,5.4321,2.6996060742407886e-05
4507,474.6026509939984,6.5042,2.6986624855619004e-05
4508,474.7000194529992,2.6563,2.6976844834159865e-05
4509,474.79933657199945,5.1554,2.6967494918690338e-05
4510,474.8960438739996,6.5709,2.6957941540489718e-05
4511,474.9913790929986,4.2077,2.6948584101216173e-05
4512,475.08755365399884,4.5651,2.693936737974332e-05
4513,475.1862957279991,5.5759,2.693008094305198e-05
4514,475.28205870199963,5.3695,2.6920520520771132e-05
4515,475.38022670899954,5.9879,2.691126042473015e-05
4516,475.4807955899996,4.3962,2.6901749731991773e-05
4517,475.5787687439988,6.0589,2.689205428873888e-05
4518,475.68062657299924,5.2591,2.6882571837209618e-05
4519,475.78133452699876,6.5172,2.6872721629598792e-05
4520,475.88410886899874,5.5552,2.6862982010263736e-05
4521,475.98349913399943,6.418,2.6853056312316692e-05
4522,476.0825926359994,6.9337,2.6843443401631696e-05
4523,476.1790374209995,4.9139,2.68338964782168e-05
4524,476.27676863599845,5.0596,2.6824553520130226e-05
4525,476.37422099799915,5.0797,2.6815092361914358e-05
4526,476.4718556279986,5.9955,2.6805562023576212e-05
4527,476.5697634169992,5.6779,2.679621866298695e-05
4528,476.6684888330001,6.2055,2.6786749967837026e-05
4529,476.76728545900005,6.2004,2.6777215778967358e-05
4530,476.8679847429994,6.1631,2.6767662616127924e-05
4531,476.9683227709993,6.8676,2.6757918166053663e-05
4532,477.06825390299855,4.0157,2.6748211063585516e-05
4533,477.171766649999,6.0724,2.673839957259745e-05
4534,477.2724683239994,6.375,2.6728517685215014e-05
4535,477.37055844599854,5.7307,2.671879365303882e-05
4536,477.468834850999,6.1101,2.6709286323232435e-05
4537,477.56721069599917,6.1989,2.6699712117184315e-05
4538,477.6670043269987,6.7939,2.669027813250475e-05
4539,477.7669935260001,5.4568,2.668054984157402e-05
4540,477.8655222519992,6.2275,2.667094666186481e-05
4541,477.9646753899997,6.3631,2.6661396144250268e-05
4542,478.0630955259985,6.5753,2.665182555806685e-05
4543,478.16275105800014,5.4685,2.6642304050759386e-05
4544,478.2621615129992,5.0895,2.6632557041531718e-05
4545,478.3620094809994,5.9773,2.6623036528296436e-05
4546,478.4582423109987,5.2574,2.6613385363300658e-05
4547,478.55621054199946,6.3001,2.6604043256726964e-05
4548,478.65481571300006,5.8438,2.659458898686447e-05
4549,478.75319179599865,6.4224,2.6585039379937903e-05
4550,478.8492842609994,5.4866,2.6575506380130832e-05
4551,478.94679125499897,5.2533,2.6566204779942294e-05
4552,479.04166030599845,4.4688,2.655667538626417e-05
4553,479.1418861129987,6.0701,2.6547592044606206e-05
4554,479.24409958199976,5.8433,2.6537813786775966e-05
4555,479.3427086729989,5.8887,2.6528017569974393e-05
4556,479.4391764739994,6.922,2.6518481232683052e-05
4557,479.534424943,4.2588,2.6509120897091915e-05
4558,479.63127857499967,5.4477,2.6499886979633104e-05
4559,479.7371451359995,5.6871,2.6490529243293317e-05
4560,479.8353333469986,6.0589,2.6480269692643378e-05
4561,479.9340923609998,5.7005,2.647078066043534e-05
4562,480.03213031799896,6.2367,2.6461207324589672e-05
4563,480.13313875899985,6.2399,2.645163643522844e-05
4564,480.22833649699896,5.7382,2.644196008671933e-05
4565,480.32692864099954,5.8764,2.6432739834412768e-05
4566,480.42380142799993,6.3479,2.6423204587630217e-05
4567,480.5222592809987,5.4928,2.6413815254775766e-05
4568,480.62082068199925,6.5044,2.640429429242046e-05
4569,480.7247489000001,5.5034,2.6394764963060257e-05
4570,480.8251900689993,5.1255,2.6384690400483558e-05
4571,480.9282176259985,5.4143,2.6374969438081882e-05
4572,481.02542223399905,5.6273,2.6364974855432307e-05
4573,481.12196064699856,5.1515,2.6355581614607944e-05
4574,481.2146170849992,6.899,2.6346239212488967e-05
4575,481.30674544999965,5.6917,2.633728317084039e-05
4576,481.4066478099994,6.0569,2.6328372208788133e-05
4577,481.50513252499877,6.6985,2.6318671381761212e-05
4578,481.6034982000001,4.2039,2.6309134687568144e-05
4579,481.70140394400005,5.9063,2.6299612308304645e-05
4580,481.801921925,4.9633,2.6290109276629406e-05
4581,481.8996173059986,6.1059,2.6280364558913147e-05
4582,481.9998742839998,5.8444,2.6270922765676164e-05
4583,482.09884578499987,5.4607,2.6261214677704454e-05
4584,482.19737870899917,5.947,2.6251639668074213e-05
4585,482.2944302759988,5.7019,2.624210043033899e-05
4586,482.3939778489985,6.7756,2.6232588837148846e-05
4587,482.49147839299985,5.3446,2.622304131087334e-05
4588,482.5896546639997,6.0515,2.621361084739856e-05
4589,482.6877658759986,5.6029,2.6204074069008873e-05
4590,482.78693316599856,5.7745,2.619459640370638e-05
4591,482.88495998799954,6.1026,2.618499889015901e-05
4592,482.98330716799865,5.6958,2.617552154220143e-05
4593,483.0818826220002,6.1962,2.616599181898807e-05
4594,483.177494648,4.6505,2.6156442563488283e-05
4595,483.27418631399996,4.513,2.614716708592866e-05
4596,483.3705183759994,5.8933,2.6137813059982318e-05
4597,483.46846853199895,5.1113,2.6128478292816683e-05
4598,483.56497036200017,6.0777,2.611899389554617e-05
4599,483.66413497599933,4.9155,2.610960946715596e-05
4600,483.7558447419997,5.8967,2.6100025701037125e-05
4601,483.8550520079989,6.2348,2.6091159178045898e-05
4602,483.9533739029994,5.9653,2.608154422749416e-05
4603,484.0546226869992,5.8937,2.6071916603503905e-05
4604,484.15282823300004,5.4347,2.606220576025209e-05
4605,484.25211914699867,4.5111,2.605269386510211e-05
4606,484.34987191899927,4.9959,2.6043063092163568e-05
4607,484.44948433399986,6.4637,2.603357972814888e-05
4608,484.5472863599989,5.592,2.6023905699014316e-05
4609,484.647629572999,5.1227,2.6014454055820014e-05
4610,484.74829920199954,6.0416,2.6004760535636635e-05
4611,484.8466969479996,4.9912,2.5994989739770208e-05
4612,484.9472842739997,5.502,2.5985462301477322e-05
4613,485.047220081,6.0707,2.5975643537066075e-05
4614,485.1404695679994,6.5104,2.596605070767224e-05
4615,485.23766388199874,5.8356,2.5957030320170368e-05
4616,485.3407693609988,5.9874,2.5947584323182045e-05
4617,485.4387565950001,5.361,2.593750671218596e-05
4618,485.5383638869989,6.6207,2.592809135189522e-05
4619,485.638871485,5.9655,2.591838855589379e-05
4620,485.73593978399913,6.3067,2.590870572405943e-05
4621,485.8359711279991,6.1728,2.5899301883543764e-05
4622,485.93446299399875,5.4047,2.5889610626788553e-05
4623,486.0331332229998,5.7052,2.5880067479593222e-05
4624,486.1331883539988,5.6244,2.587051699919052e-05
4625,486.23193434699897,5.9837,2.5860813247023034e-05
4626,486.33126072899904,5.8531,2.585123273679796e-05
4627,486.43239318799897,6.2519,2.5841592727475444e-05
4628,486.53110635199846,5.5223,2.5831811697014423e-05
4629,486.6332190180001,5.5304,2.5822221630774786e-05
4630,486.7309031749992,5.5554,2.5812339273506952e-05
4631,486.8307483669996,5.2522,2.5802879805846288e-05
4632,486.93056348499886,5.9984,2.5793219444254667e-05
4633,487.0280355039995,5.8991,2.5783539735079943e-05
4634,487.120997127,6.1149,2.5774028435623116e-05
4635,487.2194066009997,5.4129,2.576509378587487e-05
4636,487.31904854999993,5.7789,2.5755524910166094e-05
4637,487.4172629099994,6.1648,2.574585587388988e-05
4638,487.5153955119986,5.6648,2.5736368436995145e-05
4639,487.6150507559996,6.0952,2.572682843438329e-05
4640,487.7166521599993,6.8405,2.571716902964242e-05
4641,487.814468347,5.5489,2.570735355535603e-05
4642,487.91242716299894,5.3744,2.5697868935817188e-05
4643,488.0127622199998,5.831,2.568831062945584e-05
4644,488.10967983499904,6.2008,2.5678644757208748e-05
4645,488.20752898999854,6.2726,2.5669253210742132e-05
4646,488.3050578879993,5.5802,2.5659775538330332e-05
4647,488.40497334999964,6.3564,2.565032028717066e-05
4648,488.5046891539987,5.9786,2.5640642235688755e-05
4649,488.6053030160001,4.9562,2.5630972082006727e-05
4650,488.7028891230002,6.571,2.5621199687534775e-05
4651,488.80128417299966,5.3731,2.561173788208866e-05
4652,488.89943938299984,5.3397,2.5602181995844498e-05
4653,488.9951274439991,5.939,2.559270913870561e-05
4654,489.0933406289987,5.5915,2.558338345483563e-05
4655,489.1914759020001,5.5545,2.5573905803727534e-05
4656,489.2897673309999,5.5415,2.5564406010585678e-05
4657,489.3852498340002,5.0314,2.555486644264495e-05
4658,489.48471275500015,5.5913,2.554558760060952e-05
4659,489.582365631999,5.3687,2.5535974618493863e-05
4660,489.6797165219996,5.1747,2.5526490455689194e-05
4661,489.77752394399977,5.1361,2.551705110956048e-05
4662,489.8761837949987,6.2611,2.5507583993629515e-05
4663,489.97391290999985,5.8113,2.5498009501230635e-05
4664,490.0713937119999,5.6241,2.5488531681343636e-05
4665,490.1697085319993,5.6912,2.5479080375453497e-05
4666,490.26817507099986,6.1973,2.5469561039174628e-05
4667,490.36545270999886,6.054,2.5460020963896187e-05
4668,490.46214712799883,5.424,2.5450539477347274e-05
4669,490.55864634499994,5.0013,2.5441163591533595e-05
4670,490.65762744699896,6.0442,2.543184926988438e-05
4671,490.75560172899895,4.3956,2.5422243371861602e-05
4672,490.8512145229997,4.6457,2.5412755298321716e-05
4673,490.9507712579998,6.2079,2.5403464304063245e-05
4674,491.04852350799956,6.292,2.5393839693847104e-05
4675,491.1491489889995,5.6581,2.5384352348588843e-05
4676,491.24760544999845,6.1031,2.5374602127321806e-05
4677,491.3470487399991,6.219,2.5365050671683993e-05
4678,491.4462439959989,6.3731,2.535541292243438e-05
4679,491.54522728399934,5.686,2.5345811650381168e-05
4680,491.6464697049996,6.1975,2.5336210485638013e-05
4681,491.74501997599873,6.1818,2.532638264517585e-05
4682,491.8454235419995,6.2967,2.5316826170649088e-05
4683,491.9438208809988,5.6271,2.5307088559498043e-05
4684,492.0428470629995,5.5833,2.52975536546108e-05
4685,492.1389146749989,5.4412,2.528793555758131e-05
4686,492.23686636599996,5.2143,2.5278562042549692e-05
4687,492.3350827869999,6.6531,2.526915226478618e-05
4688,492.4331743089988,5.1817,2.5259621720310668e-05
4689,492.5324946209985,5.9855,2.5250095067415126e-05
4690,492.63319821000005,6.6328,2.5240504021871242e-05
4691,492.7313763759994,5.6715,2.523071601664518e-05
4692,492.8280217800002,5.2092,2.5221181382811326e-05
4693,492.92405404799865,6.1259,2.521182274856704e-05
4694,493.0198108129989,5.9045,2.5202495424389332e-05
4695,493.1178157919985,5.9096,2.5193184189463287e-05
4696,493.2174948489992,6.1605,2.5183740573688995e-05
4697,493.31635278700014,5.604,2.517405969814464e-05
4698,493.4127999809989,5.0995,2.5164483290397277e-05
4699,493.5115143949988,5.406,2.515512009147038e-05
4700,493.6094901339984,5.7695,2.5145543530786602e-05
4701,493.7093695959993,6.246,2.5136055467529334e-05
4702,493.8063114969991,6.1051,2.5126391577872432e-05
4703,493.90233958599856,4.7092,2.5116969450834e-05
4704,493.99940258099923,6.4023,2.5107653536631054e-05
4705,494.0967472459997,5.3884,2.5098244943138576e-05
4706,494.1967299930002,5.4957,2.5088826264178223e-05
4707,494.29448808899906,6.3619,2.5079125414501848e-05
4708,494.39385089499956,5.8474,2.5069657313580248e-05
4709,494.4904861369996,5.0275,2.5060008881394153e-05
4710,494.58877729399865,5.6843,2.5050608695396366e-05
4711,494.687010534999,6.0675,2.5041086857710318e-05
4712,494.7846672169999,3.6131,2.5031570585635555e-05
4713,494.8834919860001,6.4751,2.502204263778023e-05
4714,494.98445989899847,6.3966,2.5012511042185244e-05
4715,495.07834045599884,6.7474,2.500274643740344e-05
4716,495.1781062779992,5.294,2.4993645545307916e-05
4717,495.27683178699954,5.8954,2.4983960794508625e-05
4718,495.3745129580002,4.4938,2.4974372487724115e-05
4719,495.4723886979991,5.02,2.4964882455569345e-05
4720,495.5679676639993,5.9393,2.4955422384386162e-05
4721,495.66486887999963,5.5893,2.4946160035841046e-05
4722,495.7615089390001,5.5473,2.4936753331595682e-05
4723,495.8591269359986,6.194,2.4927280877618446e-05
4724,495.95533686399904,6.112,2.4917929172980198e-05
4725,496.0547350830002,5.9615,2.4908599747557406e-05
4726,496.15288586099996,5.5872,2.489898147426658e-05
4727,496.2491076139995,5.4972,2.4889433652170723e-05
4728,496.3479518899985,5.4315,2.4880101711563744e-05
4729,496.4434942629996,4.6983,2.487053842535706e-05
4730,496.54142968299857,4.9228,2.4861232195166402e-05
4731,496.6414762759996,6.4571,2.4851737932741378e-05
4732,496.7431668319987,4.939,2.4841948443537047e-05
4733,496.84288719199867,6.0122,2.4832194912051657e-05
4734,496.94544240199866,6.5366,2.482244610994361e-05
4735,497.04671012200015,6.3332,2.4812617412733138e-05
4736,497.146794844999,5.3222,2.4802785714107834e-05
4737,497.24659081699974,5.6495,2.4793077484238357e-05
4738,497.3452983339994,6.2005,2.478332494356266e-05
4739,497.443399845999,5.7419,2.4773800828046965e-05
4740,497.54145134899954,6.4381,2.4764307461598565e-05
4741,497.64145393299987,6.6554,2.4754804200729993e-05
4742,497.73984943699907,5.9368,2.4745064050721688e-05
4743,497.8387038919991,6.5626,2.4735561175231765e-05
4744,497.94063301799906,6.0771,2.47259931983243e-05
4745,498.0392912239986,5.5512,2.4716113146103454e-05
4746,498.1402163009989,5.7512,2.470653423203617e-05
4747,498.238872128999,5.4929,2.469676414288159e-05
4748,498.3380488139992,5.4845,2.4687199451810664e-05
4749,498.4349922269994,6.0444,2.4677581435117556e-05
4750,498.53393085599964,6.3826,2.4668161561691798e-05
4751,498.6304667200002,6.1554,2.4658590725347866e-05
4752,498.729395286,5.0353,2.4649218921890426e-05
4753,498.83021103899955,6.7949,2.4639617520025666e-05
4754,498.9301456739995,6.5723,2.4629861559757203e-05
4755,499.0294030059995,5.8306,2.4620173305454932e-05
4756,499.12516228499953,5.0181,2.4610529009157212e-05
4757,499.22495935199913,6.0437,2.4601248237847437e-05
4758,499.3234857319985,5.5344,2.4591581957254324e-05
4759,499.4205875759999,5.7634,2.4582023456223976e-05
4760,499.5236716599993,5.9585,2.457262198931515e-05
4761,499.6214609949984,5.7328,2.456261631377365e-05
4762,499.7217072200001,5.9501,2.4553146849360715e-05
4763,499.8190443219992,5.4544,2.454342867476774e-05
4764,499.914347341999,5.9873,2.4533989311664495e-05
4765,500.0133482599995,5.6516,2.452474101491481e-05
4766,500.1043858159992,6.3001,2.4515153174385453e-05
4767,500.2046299379999,6.3161,2.45063658017241e-05
4768,500.30356975499853,6.3351,2.4496541496089972e-05
4769,500.40003767599956,6.0945,2.448702403907121e-05
4770,500.49817839800016,5.129,2.447765112815028e-05
4771,500.5961379169985,5.5444,2.4468147098473007e-05
4772,500.6947903319997,6.0086,2.445866359741761e-05
4773,500.7950368040001,6.9875,2.444902426825394e-05
4774,500.8916793219996,5.2152,2.4439379567386332e-05
4775,500.9904025759988,5.3771,2.4429999047155854e-05
4776,501.08945379599936,6.3133,2.442045416372548e-05
4777,501.1863864959996,6.0048,2.4410842688878738e-05
4778,501.2840971730002,5.9947,2.440143290904871e-05
4779,501.38173595899934,5.2496,2.439195634148969e-05
4780,501.48078769899985,5.7885,2.4382509838025186e-05
4781,501.5780116859987,6.3282,2.437291198535315e-05
4782,501.6765868879993,5.3768,2.436346842404912e-05
4783,501.7774758249998,6.5673,2.435391791353358e-05
4784,501.8761853519991,6.7418,2.434405371169782e-05
4785,501.97647074199995,5.9537,2.4334566461576702e-05
4786,502.0779961289991,4.8962,2.43248618483446e-05
4787,502.17407244199967,4.8251,2.4315013439202828e-05
4788,502.27211354999963,6.0903,2.4305680288336397e-05
4789,502.36904033999963,3.3958,2.4296214528546012e-05
4790,502.4666267749999,6.2986,2.428680643042438e-05
4791,502.5657962919995,6.1144,2.427732701576346e-05
4792,502.6640047339988,6.598,2.4267741480490363e-05
4793,502.7638022309984,6.0161,2.4258167852198507e-05
4794,502.8636985859994,5.7612,2.4248546986245434e-05
4795,502.9633090549996,6.0113,2.4238857535962745e-05
4796,503.06325590399865,5.7157,2.42292084615209e-05
4797,503.1637315809985,6.1828,2.421951768220705e-05
4798,503.26134854599877,4.5167,2.420978738301418e-05
4799,503.3594971319999,5.3736,2.420031503387795e-05
4800,503.45895358300004,5.4499,2.4190812923650518e-05
4801,503.55635011699997,5.9422,2.4181179372586514e-05
4802,503.6532881989988,6.0734,2.417173136181996e-05
4803,503.75147513499905,6.6427,2.4162318206835288e-05
4804,503.8499797329987,6.0799,2.415283087084489e-05
4805,503.9492620149995,5.1918,2.4143281077468198e-05
4806,504.0472277939989,6.0278,2.4133613453019388e-05
4807,504.1447644339987,5.8785,2.412417717310099e-05
4808,504.2431129859997,6.518,2.4114717971152213e-05
4809,504.3425767049994,6.4926,2.410519400079107e-05
4810,504.4418677449994,5.8642,2.409554087842259e-05
4811,504.54063957499966,5.3101,2.408592454716465e-05
4812,504.6398679489994,6.1997,2.407635903005899e-05
4813,504.7399602209989,6.1374,2.4066748514786424e-05
4814,504.83773793399996,6.0183,2.405704705769196e-05
4815,504.9367004300002,5.9413,2.404756330957698e-05
4816,505.03764672799844,5.5472,2.403798723551492e-05
4817,505.13469164199887,4.4298,2.4028223380644346e-05
4818,505.23533958199914,5.5176,2.4018780435605602e-05
4819,505.33343935999983,6.5705,2.4009055519985283e-05
4820,505.433459079999,6.3005,2.3999516568147244e-05
4821,505.53442242099845,5.668,2.3989825075839705e-05
4822,505.63480304599943,6.7104,2.3980060742158886e-05
4823,505.7347219989988,5.2989,2.3970341867176555e-05
4824,505.8344186209997,6.0645,2.396066711723774e-05
4825,505.9312336389994,5.8434,2.395100842844244e-05
4826,506.03182345799905,5.8425,2.3941562238226435e-05
4827,506.1319765949993,5.3098,2.3931859543848283e-05
4828,506.2324084819993,5.4412,2.3922142915305826e-05
4829,506.3319995309994,5.0764,2.3912447522996624e-05
4830,506.4314581990002,6.653,2.3902784045512334e-05
4831,506.53342503099884,5.992,2.3893154939541763e-05
4832,506.6361901529999,4.3786,2.38832349230202e-05
4833,506.73746756199944,6.577,2.3873306083415666e-05
4834,506.8363867600001,4.6606,2.38635147346239e-05
4835,506.9344720909994,5.472,2.3853942363012572e-05
4836,507.03250607799964,5.5614,2.3844429916603837e-05
4837,507.13087335599994,6.1696,2.3834936110105213e-05
4838,507.229055709,6.1634,2.3825421730054934e-05
4839,507.32142195599954,5.6394,2.3815907708397655e-05
4840,507.42176069000016,5.0592,2.3807007180305705e-05
4841,507.52042132799943,4.6331,2.3797216309689998e-05
4842,507.61751062299845,5.8894,2.378766715566792e-05
4843,507.71634933399946,6.8441,2.3778278003583436e-05
4844,507.8152976299989,5.4833,2.3768701261477215e-05
4845,507.9139896919987,6.129,2.3759124477557535e-05
4846,508.0119719209997,5.6822,2.3749587096059403e-05
4847,508.1078121139999,4.5716,2.3740063955771346e-05
4848,508.204654743,6.061,2.373079281661701e-05
4849,508.30311484899903,5.7622,2.372142312530439e-05
4850,508.400122912999,5.8137,2.3711884923293575e-05
4851,508.4985513390002,5.9079,2.3702485490360246e-05
4852,508.593952584999,5.1737,2.3692968397986126e-05
4853,508.68900154899893,4.0931,2.3683712020478252e-05
4854,508.78857650699865,5.1796,2.36744836140469e-05
4855,508.8867017679986,6.095,2.366484622392601e-05
4856,508.9866331100002,5.3295,2.3655385093804785e-05
4857,509.0863209129984,5.6647,2.3645709143434846e-05
4858,509.1829796919992,5.064,2.3636070954969123e-05
4859,509.28086557999995,6.0084,2.362669508912387e-05
4860,509.37878416499916,6.6602,2.3617238087279507e-05
4861,509.47548132799966,5.883,2.360770462457049e-05
4862,509.5733292579989,5.8493,2.359837869058772e-05
4863,509.67170197299856,6.5216,2.3588921555785108e-05
4864,509.7740772379984,6.6661,2.3579376346577734e-05
4865,509.87598119799986,6.2107,2.3569476348945434e-05
4866,509.97552743899905,5.6557,2.355961630019454e-05
4867,510.07460211799844,5.361,2.3549973549552102e-05
4868,510.1725918159991,5.5867,2.3540373392257975e-05
4869,510.2687591119993,6.0449,2.3530909167235732e-05
4870,510.3660210049984,5.6447,2.352157934936299e-05
4871,510.46483187800004,6.3926,2.3512176054698267e-05
4872,510.5631680589995,5.8557,2.350261678957914e-05
4873,510.6605961699988,5.668,2.3493086668891743e-05
4874,510.75910469599876,5.8827,2.3483662734680423e-05
4875,510.8511398219998,6.4317,2.3474143886624003e-05
4876,510.94872952199876,5.4401,2.3465243049260026e-05
4877,511.0479028339996,5.122,2.3455782619877438e-05
4878,511.14599439799895,5.9393,2.344618661225055e-05
4879,511.2451362439988,6.4283,2.3436697655720795e-05
4880,511.34321869499945,7.041,2.3427102510957487e-05
4881,511.44139479600017,4.8445,2.34176079876896e-05
4882,511.54196450199925,5.9262,2.3408017069182876e-05
4883,511.6409380690002,6.0014,2.339837520032996e-05
4884,511.7430566029998,5.8309,2.3388787151784723e-05
4885,511.84257498199986,6.5091,2.337892698373029e-05
4886,511.9383402179992,5.5132,2.3369278259361495e-05
4887,512.0352266959999,5.3602,2.336000545606456e-05
4888,512.1322714339985,6.2676,2.3350638972067757e-05
4889,512.230337007999,5.6085,2.33412527728735e-05
4890,512.3209731529987,6.3187,2.3331761612142656e-05
4891,512.4178489770002,4.8486,2.3323029752345305e-05
4892,512.5152845889988,5.9688,2.3313615807481036e-05
4893,512.6131287459993,5.0986,2.330421726460004e-05
4894,512.7105773919993,5.6072,2.3294717604647133e-05
4895,512.8090770679992,6.6087,2.3285312682406292e-05
4896,512.9088462109994,5.7127,2.3275776435771054e-05
4897,513.0087981439992,5.8727,2.3266142363241635e-05
4898,513.1086295869991,5.6888,2.3256473977589967e-05
4899,513.206055323999,6.1141,2.324681727263229e-05
4900,513.3049562959986,5.8301,2.3237380045453876e-05
4901,513.4025419729987,5.4409,2.3227829639527864e-05
4902,513.5040760829997,6.1136,2.3218358388302075e-05
4903,513.6025699399997,4.4315,2.320845562583729e-05
4904,513.7006812439995,3.7379,2.319901874605063e-05
4905,513.7978417229988,5.5293,2.3189548454786142e-05
4906,513.8973434579984,5.8673,2.3180145093827745e-05
4907,513.9945419229989,6.3462,2.3170535383183672e-05
4908,514.0924280229992,5.8109,2.316111637976921e-05
4909,514.1884136839999,5.9267,2.3151659355434203e-05
4910,514.2831317949986,4.5016,2.3142363398325954e-05
4911,514.3813926679995,5.9675,2.313321758215798e-05
4912,514.4782247349995,5.3319,2.3123717142273217e-05
4913,514.5751813930001,5.3959,2.311436779026723e-05
4914,514.6716724679991,5.3585,2.3104953689153387e-05
4915,514.7702276789987,4.4064,2.309564194309165e-05
4916,514.867426028999,5.7903,2.3086120959136556e-05
4917,514.9644773719992,5.8182,2.3076718789891523e-05
4918,515.0642428639985,5.4521,2.3067365337781536e-05
4919,515.1615496279992,5.1865,2.3057710600536736e-05
4920,515.2604797529984,6.2413,2.3048180267292447e-05
4921,515.3592775699999,6.529,2.3038658116863013e-05
4922,515.4567461549996,5.8546,2.3029188621223545e-05
4923,515.5569476399996,6.0351,2.301974556442428e-05
4924,515.654527404,5.6446,2.3010082395249354e-05
4925,515.7542481179989,4.4976,2.3000660226650433e-05
4926,515.8539094759999,4.0035,2.2990998496343308e-05
4927,515.9549242590001,6.4504,2.2981393433027824e-05
4928,516.0567888189998,6.3531,2.2971621255291508e-05
4929,516.1567715259989,5.2345,2.2961773550735148e-05
4930,516.2540545679985,6.3705,2.2952119709102375e-05
4931,516.353831548,5.8616,2.2942628506945417e-05
4932,516.4528964809997,5.6044,2.2932994827505367e-05
4933,516.5530423370001,5.714,2.2923481019241942e-05
4934,516.6513487309985,5.4087,2.2913809382546847e-05
4935,516.7512022749997,6.2343,2.2904198297717723e-05
4936,516.8540090509996,6.3874,2.2894689701467817e-05
4937,516.9513561169988,5.5019,2.28847346476321e-05
4938,517.0524855449985,5.1446,2.287533309874942e-05
4939,517.1502980979985,6.0371,2.2865468603179144e-05
4940,517.2482700579985,6.3271,2.2856108176376957e-05
4941,517.3469890609995,5.6516,2.2846638152818845e-05
4942,517.446561883,4.8257,2.2837109891684265e-05
4943,517.5436763910002,5.3782,2.2827496109520832e-05
4944,517.6417206539991,5.5168,2.2818105843481665e-05
4945,517.7367909589993,2.6111,2.2808636816920098e-05
4946,517.8323179049985,4.7607,2.279944797097124e-05
4947,517.9292242889987,5.6666,2.2790212626478612e-05
4948,518.0261647869993,3.9288,2.2780863819886876e-05
4949,518.1236952789986,5.5705,2.2771520607469667e-05
4950,518.221799293,6.5249,2.27620337988712e-05
4951,518.3186666739985,6.0755,2.2752620320324165e-05
4952,518.4232353579991,5.2665,2.2743260764175514e-05
4953,518.5213711649994,6.3145,2.273317812976903e-05
4954,518.6188802019988,4.9769,2.2723684611584354e-05
4955,518.717709827999,5.0796,2.2714266028068724e-05
4956,518.8180841319991,5.8673,2.270472109125822e-05
4957,518.9151394149994,5.4439,2.2695033543759464e-05
4958,519.0131424809988,5.1962,2.268566581811792e-05
4959,519.1132302269998,6.6617,2.267620183169076e-05
4960,519.2114864300001,6.327,2.266655651134581e-05
4961,519.3079737139997,5.5727,2.265706353000512e-05
4962,519.4080399249997,5.9359,2.2647750311036224e-05
4963,519.5063140309994,5.9683,2.2638083389663314e-05
4964,519.6078858109995,5.9381,2.2628603457143106e-05
4965,519.707037410999,6.208,2.2618702540461887e-05
4966,519.8071445969999,5.8365,2.2609242519120786e-05
4967,519.9044700109989,5.4063,2.2599571927579787e-05
4968,520.0012896539993,4.4501,2.259011395822872e-05
4969,520.1000384159997,5.2378,2.2580795593803048e-05
4970,520.203666600999,6.391,2.2571195931818517e-05
4971,520.3037156479986,5.9537,2.256129694620219e-05
4972,520.4015254649985,5.8942,2.2551643253848016e-05
4973,520.5013507639997,6.2986,2.2542159184927493e-05
4974,520.5996890669994,6.3825,2.253258105786774e-05
4975,520.6994321459988,5.8942,2.252298720755821e-05
4976,520.7957466939988,5.9984,2.2513431486727068e-05
4977,520.89139359,5.9121,2.25041589896192e-05
4978,520.9922877979989,6.1284,2.249485210232886e-05
4979,521.0930414469985,5.8347,2.2485210375742044e-05
4980,521.1918917329986,5.4216,2.2475490289202647e-05
4981,521.2896235079988,5.7557,2.2465950714423696e-05
4982,521.3885272970001,5.358,2.2456525655375835e-05
4983,521.4878172159988,5.7794,2.244700703203076e-05
4984,521.5851305790002,5.6414,2.2437402162590453e-05
4985,521.6767312779994,5.8432,2.2428018245864668e-05
4986,521.7765268209987,6.3707,2.241918901193597e-05
4987,521.8742986059988,4.8012,2.240955395467472e-05
4988,521.9721909189993,6.0518,2.2400130973254085e-05
4989,522.0708525589998,5.7266,2.239068594508503e-05
4990,522.1703208179988,5.5952,2.2381183640875393e-05
4991,522.2698457189999,5.7876,2.23715813135749e-05
4992,522.3672354129994,5.8615,2.2361889056782375e-05
4993,522.4672315689986,6.3198,2.2352582259077452e-05
4994,522.5663877949992,6.2272,2.2342962727184723e-05
4995,522.664956364999,6.1593,2.233338205623795e-05
4996,522.7629709719986,5.8101,2.232388172593838e-05
4997,522.8607192219988,5.8671,2.2314449766207537e-05
4998,522.9610490750001,5.9075,2.230502245945527e-05
4999,523.0603943629994,6.1321,2.2295310538927566e-05
5000,523.1573206199992,4.9709,2.228577548421255e-05
5001,523.255653672999,6.2405,2.2276415413462965e-05
5002,523.3564535269998,5.7037,2.226693531433256e-05
5003,523.4535073449988,5.3451,2.225725201127793e-05
5004,523.552139297999,6.0091,2.2247871222282975e-05
5005,523.6510799139996,5.7053,2.223831770340169e-05
5006,523.7498405939987,6.5735,2.222884915179019e-05
5007,523.8510541469986,6.17,2.221926917856368e-05
5008,523.944223389999,5.9534,2.2209571472809108e-05
5009,524.0449135069994,6.1214,2.2200623799563332e-05
5010,524.1451944309993,6.0396,2.219091459526434e-05
5011,524.2466511469993,6.1638,2.2181229407775298e-05
5012,524.3457964199988,4.8622,2.2171440611147264e-05
5013,524.4445576629987,6.0766,2.216192437306718e-05
5014,524.5432209379996,6.3486,2.2152406536299085e-05
5015,524.6429979669992,6.2131,2.2142896905749752e-05
5016,524.7402443849987,6.3645,2.2133292659587902e-05
5017,524.838822103,5.8171,2.212390159226992e-05
5018,524.9375296909984,6.9256,2.2114425172793035e-05
5019,525.0337767789988,3.9618,2.2104917324333522e-05
5020,525.133614766999,5.462,2.209562709382074e-05
5021,525.2335127409988,6.4165,2.208604075151619e-05
5022,525.333548011,6.6677,2.207642676812806e-05
5023,525.4333667749997,6.0278,2.206669236455232e-05
5024,525.5316525319995,5.5617,2.2057160527753876e-05
5025,525.6309860299989,3.9934,2.204770003606546e-05
5026,525.7315934199996,6.4448,2.203806834793305e-05
5027,525.8326245869994,5.9949,2.2028466059914677e-05
5028,525.9318089809985,5.8389,2.2018730464065857e-05
5029,526.0307277499996,5.8223,2.2009170794636445e-05
5030,526.1274955469999,4.4207,2.1999642661928747e-05
5031,526.2266610629995,5.796,2.1990333325618187e-05
5032,526.3257490259984,6.165,2.1980795522989415e-05
5033,526.4276906619998,4.9312,2.1971227676589547e-05
5034,526.524958643,5.8087,2.1961444390633984e-05
5035,526.620391045999,2.8676,2.195208351336028e-05
5036,526.7192096829986,6.0205,2.1942853378367386e-05
5037,526.8164427020001,6.0548,2.1933383721888165e-05
5038,526.9137092450001,6.3041,2.1924035135403768e-05
5039,527.0136820179996,5.925,2.19146771765259e-05
5040,527.1131956600002,5.6891,2.1905056363747892e-05
5041,527.2169078179995,6.5092,2.1895478818638533e-05
5042,527.3159324549997,6.1221,2.1885521935121463e-05
5043,527.4151602759994,5.7155,2.187587793964046e-05
5044,527.5166830649996,6.7104,2.1866442758758863e-05
5045,527.6181499539998,6.102,2.185666800664282e-05
5046,527.7202722959992,6.2283,2.1846901145029773e-05
5047,527.8201511399984,5.8807,2.1837084430689326e-05
5048,527.9155757249991,4.9925,2.1827458512901122e-05
5049,528.013085962999,6.5312,2.1818284851970238e-05
5050,528.1097415939985,5.8103,2.180892968082749e-05
5051,528.2057958249989,4.6226,2.179957172344233e-05
5052,528.3049385329996,6.393,2.179038277877478e-05
5053,528.4007519579991,5.682,2.1780819782171713e-05
5054,528.4952661299994,5.5691,2.177161348227322e-05
5055,528.5953971759991,6.9648,2.1762540567446775e-05
5056,528.6930321639993,3.7564,2.1752944399557798e-05
5057,528.7932426939988,5.9012,2.1743508116538535e-05
5058,528.8938419269998,5.6851,2.1733895374497422e-05
5059,528.9936584569987,6.2659,2.1724237269119124e-05
5060,529.0921998249996,5.6571,2.1714646422942785e-05
5061,529.1911670809986,6.3678,2.1705149078602412e-05
5062,529.2893440649987,6.0237,2.169562830009763e-05
5063,529.3898335499998,6.1066,2.1686209425888627e-05
5064,529.4882510089992,6.4165,2.1676575438516604e-05
5065,529.5876059639995,5.0173,2.1667103866974488e-05
5066,529.6864751829999,6.009,2.1657565476376512e-05
5067,529.7837142539993,5.5373,2.1648034478978548e-05
5068,529.881409648,5.8771,2.1638687354804894e-05
5069,529.9810538619986,5.8346,2.1629324613098096e-05
5070,530.0816097389998,5.5263,2.1619683853417755e-05
5071,530.1805431799985,5.8785,2.1609987941468213e-05
5072,530.2790228759986,5.3703,2.1600577373479945e-05
5073,530.3781792199989,6.0686,2.1591148866601636e-05
5074,530.4755221669984,6.3231,2.1581622589607092e-05
5075,530.5716011919994,5.7835,2.1572261464403804e-05
5076,530.6684423769984,6.7115,2.1563024786276154e-05
5077,530.7602099300002,6.7353,2.1553725606674103e-05
5078,530.8596337210001,5.788,2.1544948548009096e-05
5079,530.9511980779989,6.4164,2.153536193435916e-05
5080,531.049888780999,5.5825,2.1526610927012785e-05
5081,531.1469718600001,6.5119,2.1517017123490272e-05
5082,531.2449694689985,5.87,2.150776827171311e-05
5083,531.3441993249999,5.6252,2.149836813644247e-05
5084,531.4444359209992,5.6903,2.148882662740698e-05
5085,531.5431607439987,5.459,2.147922953317427e-05
5086,531.6402679389994,4.799,2.14697281458297e-05
5087,531.7391559119988,6.8005,2.1460404787416393e-05
5088,531.8387547599996,4.6696,2.1450930180985317e-05
5089,531.9368830459989,6.2403,2.144137814344523e-05
5090,532.0336569909996,4.4785,2.143195603959168e-05
5091,532.1306454489986,4.2631,2.142265364248464e-05
5092,532.2292334180001,5.0569,2.141336120994441e-05
5093,532.326372599,5.5164,2.140391233106934e-05
5094,532.4239084249984,5.1211,2.1394569482405923e-05
5095,532.5230054059994,4.8559,2.1385221335868073e-05
5096,532.6217063389995,6.0602,2.137562304162453e-05
5097,532.7206157,5.7087,2.1366246235681237e-05
5098,532.8238362159991,6.4205,2.1356759657023274e-05
5099,532.920772817999,6.6245,2.134684326998636e-05
5100,533.0187763140002,6.2713,2.1337538713631368e-05
5101,533.1159493719988,5.2696,2.1328162246993838e-05
5102,533.2135407609985,6.416,2.131882956615952e-05
5103,533.3146123289989,5.3303,2.1309472609338714e-05
5104,533.412238429999,4.9743,2.1299799562222282e-05
5105,533.5103559709987,5.455,2.1290397255752793e-05
5106,533.607082737999,5.8326,2.1281018706639443e-05
5107,533.7065338880002,6.4001,2.1271735334501196e-05
5108,533.805304296,6.5666,2.1262227587627127e-05
5109,533.9038764239995,4.555,2.1252746991026715e-05
5110,534.0039026630002,6.4826,2.1243290413300236e-05
5111,534.1022433889993,5.4955,2.1233707011857505e-05
5112,534.1986625339996,6.2302,2.122428231461095e-05
5113,534.2955291689996,5.8784,2.1215022500715635e-05
5114,534.3918554939992,5.9367,2.1205737798052116e-05
5115,534.4921811289987,6.3222,2.1196513091419556e-05
5116,534.5925530159984,5.9206,2.1186816093055374e-05
5117,534.6920519439991,6.0438,2.1177286652327652e-05
5118,534.7888189309997,5.7506,2.1167743412950075e-05
5119,534.8869432619995,5.9035,2.1158471257083002e-05
5120,534.9854544249993,5.0734,2.1149074805100845e-05
5121,535.0829855949996,5.2604,2.1139631616171585e-05
5122,535.1799949029992,6.1804,2.1130296214817783e-05
5123,535.2785945389987,4.8415,2.1121007439646934e-05
5124,535.3780260039985,6.4183,2.1111569966577084e-05
5125,535.4794908429994,6.3235,2.110204758695645e-05
5126,535.5772715329986,5.0912,2.1092326678079516e-05
5127,535.6749397299991,5.0783,2.108292506255889e-05
5128,535.772292796999,6.0823,2.1073595944379565e-05
5129,535.8730562149995,4.7994,2.1064166625139366e-05
5130,535.9701360269992,4.8833,2.1054627670280773e-05
5131,536.0720213409986,4.1592,2.1045232642360904e-05
5132,536.1703486859988,6.6696,2.1035584659315652e-05
5133,536.2677410689994,5.7775,2.102618257280905e-05
5134,536.3652299959995,5.7032,2.1016844923985686e-05
5135,536.4634929189997,6.0409,2.1007502014311435e-05
5136,536.5630162469988,5.7939,2.0998092559352643e-05
5137,536.661600690999,6.0925,2.0988563532817913e-05
5138,536.7598614919989,5.717,2.0979127647381902e-05
5139,536.8598929139989,5.8797,2.0969755573243012e-05
5140,536.9585293729997,5.0778,2.096017611307948e-05
5141,537.0565720489994,6.6131,2.095074059553835e-05
5142,537.1553873649991,6.4951,2.094134684186769e-05
5143,537.2557131819995,5.9746,2.093190078886602e-05
5144,537.3552130089993,5.7606,2.092231352320518e-05
5145,537.4569968959986,4.9872,2.0912779022073628e-05
5146,537.5541719469984,4.916,2.090303394175489e-05
5147,537.6534920489994,6.2157,2.089373300545143e-05
5148,537.7530849799987,4.8721,2.0884242231183064e-05
5149,537.8529651049994,6.0836,2.0874734619940607e-05
5150,537.9525415569988,6.4722,2.08651804627007e-05
5151,538.051729019,4.917,2.0855653416412543e-05
5152,538.1506237729991,4.803,2.084617161855719e-05
5153,538.2505665499993,6.1012,2.0836699470360395e-05
5154,538.3509892739985,6.7403,2.082716886441609e-05
5155,538.4497461849987,4.8235,2.0817559178341083e-05
5156,538.5474909179993,6.7451,2.080810138725483e-05
5157,538.6457287819994,5.0312,2.0798737322980936e-05
5158,538.7469979029993,5.6217,2.0789372714755415e-05
5159,538.8503747249997,5.0349,2.0779598508717757e-05
5160,538.9479748799986,4.0487,2.076983158863079e-05
5161,539.0460125119989,6.0468,2.0760494211947253e-05
5162,539.1446344569995,5.6566,2.0751127931721726e-05
5163,539.2439576779998,5.7398,2.074172941482526e-05
5164,539.3437106009987,6.3919,2.073223436953075e-05
5165,539.442967813,5.8923,2.0722712856621997e-05
5166,539.5387416469985,6.1981,2.07132214006268e-05
5167,539.6369030749993,6.4748,2.0704051067957104e-05
5168,539.738297717,5.1074,2.0694692751521334e-05
5169,539.8352031799986,4.454,2.0685002457540006e-05
5170,539.9330729789999,6.1414,2.067572369326026e-05
5171,540.0322845679984,5.9247,2.066639135987586e-05
5172,540.1312753439997,5.8123,2.0656917891132527e-05
5173,540.2281558779996,5.734,2.0647471650800227e-05
5174,540.3235404749994,5.6486,2.0638210228615133e-05
5175,540.4194408459989,4.9743,2.0629101482774117e-05
5176,540.5163897469993,5.3667,2.0619966489615174e-05
5177,540.6138800569988,6.1256,2.0610702353769e-05
5178,540.7151180469991,6.9205,2.0601392885597992e-05
5179,540.8169186380001,6.3375,2.0591700787940014e-05
5180,540.9141917830002,4.7869,2.058201797328338e-05
5181,541.0086315289991,5.8689,2.057271932921251e-05
5182,541.1050354829986,4.9984,2.0563706036525105e-05
5183,541.2023942369997,5.2264,2.0554531677574725e-05
5184,541.3001647759993,5.8726,2.0545242104999223e-05
5185,541.4011937380001,5.3316,2.0535874526560962e-05
5186,541.5000728509985,6.3898,2.0526265531618503e-05
5187,541.6000851619992,6.7817,2.0516835076254194e-05
5188,541.7002405179992,5.568,2.05073108388055e-05
5189,541.7976626379987,5.6716,2.0497734543149003e-05
5190,541.8957329039986,5.3913,2.048845762693033e-05
5191,541.9934016440002,6.1108,2.0479100690841168e-05
5192,542.0932022159996,4.89,2.0469775671603567e-05
5193,542.193267994,6.2297,2.046027285680328e-05
5194,542.2917331190001,6.0667,2.0450731542597866e-05
5195,542.3890016869991,6.1907,2.0441347263375722e-05
5196,542.4890116179995,6.4109,2.043205798794499e-05
5197,542.583472422999,4.429,2.042251399791659e-05
5198,542.6827497809991,5.7247,2.0413513900835283e-05
5199,542.7820550339984,5.7582,2.0404061472983174e-05
5200,542.8785588259998,6.2209,2.0394607285894872e-05
5201,542.9764392389989,5.9066,2.038529637367386e-05
5202,543.0764322489995,5.6882,2.0376073388930474e-05
5203,543.1751684729988,5.8943,2.03665606021527e-05
5204,543.2731194359985,5.6733,2.035716842996197e-05
5205,543.367201875999,5.2776,2.034781364112669e-05
5206,543.4652437929999,5.6026,2.0338833619931796e-05
5207,543.5639702439985,6.5577,2.0329497561064884e-05
5208,543.6618126239991,5.9105,2.0320106991755447e-05
5209,543.7663857749994,6.7848,2.031067370015977e-05
5210,543.8660439779997,5.9615,2.0300827605568795e-05
5211,543.9647397979988,6.4383,2.0291337518260278e-05
5212,544.0623758969996,5.8669,2.028194832472351e-05
5213,544.1625380819987,5.9283,2.0272642593916668e-05
5214,544.2585270449999,5.3808,2.0263119232769168e-05
5215,544.3568607859997,6.2519,2.025396017191977e-05
5216,544.4558117669985,6.1593,2.0244612942787032e-05
5217,544.5518547060001,6.2196,2.0235190754759274e-05
5218,544.6487102579995,6.0003,2.0226038336167312e-05
5219,544.7473505809994,6.6883,2.021683041107248e-05
5220,544.8456841079987,5.23,2.0207394593907938e-05
5221,544.9425538189989,5.5372,2.0198079091833508e-05
5222,545.0411738989987,5.7516,2.0188855498794578e-05
5223,545.1398739159995,6.4171,2.017948315968978e-05
5224,545.2360748619994,5.4465,2.017008208864866e-05
5225,545.3343787149988,6.584,2.0160935995468578e-05
5226,545.431355286999,5.7035,2.0151592138585388e-05
5227,545.5286981439986,6.4427,2.0142374514633364e-05
5228,545.6264007579994,6.4985,2.0133097111466704e-05
5229,545.7215218579986,4.767,2.01237948524382e-05
5230,545.8195879819996,5.8699,2.011467423770584e-05
5231,545.9171613489998,6.4243,2.0105427625574458e-05
5232,546.0149823029988,5.3942,2.0096176599345423e-05
5233,546.1122005529996,5.3128,2.0086772002163646e-05
5234,546.208710904999,6.1136,2.007761365363565e-05
5235,546.3056811859988,6.0695,2.006844961392717e-05
5236,546.3982839599994,6.1913,2.005922997635879e-05
5237,546.495003054999,5.1091,2.0050446482550346e-05
5238,546.5933343329998,6.05,2.004122787460438e-05
5239,546.6918265959994,5.245,2.0031895876392153e-05
5240,546.7896863939986,5.7551,2.002252213714523e-05
5241,546.889606974999,6.6233,2.001322469179275e-05
5242,546.9877745489994,5.4878,2.000372850120045e-05
5243,547.087241883999,6.2402,1.9994351468862083e-05
5244,547.1846279719994,5.6602,1.9984967009264337e-05
5245,547.281298341999,4.6513,1.9975701815077093e-05
5246,547.3821096499996,5.4801,1.9966518563208838e-05
5247,547.4819550709999,4.9215,1.9956962854383216e-05
5248,547.5796631909998,5.6337,1.994747773119267e-05
5249,547.6789562670001,6.5042,1.9938168341924718e-05
5250,547.7778807249997,6.2333,1.9928778553302265e-05
5251,547.8696146109996,5.9923,1.991938246877736e-05
5252,547.9696620759987,5.9756,1.9910686042033675e-05
5253,548.0673582109994,5.6783,1.9901179773056845e-05
5254,548.165182974999,6.1096,1.989189239785782e-05
5255,548.2631894119986,5.8896,1.9882615140186842e-05
5256,548.359719004,4.3327,1.9873317781944596e-05
5257,548.4601289029997,5.3365,1.9864135559490636e-05
5258,548.5559494459994,6.7121,1.985462685395001e-05
5259,548.6536661639984,5.5607,1.9845533354061495e-05
5260,548.7530082509984,6.3595,1.9836252597019105e-05
5261,548.8529161789993,4.9482,1.9826788522220503e-05
5262,548.9454718039997,6.0886,1.9817374375783558e-05
5263,549.0433857319986,5.9102,1.9808587404331563e-05
5264,549.14363409,6.3398,1.97991850293856e-05
5265,549.2408540479992,5.2872,1.9789802872438508e-05
5266,549.3384274009986,5.8009,1.9780573339641202e-05
5267,549.4367407709997,5.7733,1.977133289760108e-05
5268,549.5338914749991,3.8703,1.976199422618517e-05
5269,549.633458803999,6.0565,1.975277309069217e-05
5270,549.731468463,5.1946,1.9743352280799398e-05
5271,549.8307786299993,5.9862,1.9734050526308985e-05
5272,549.9295680989999,5.9665,1.97246614405839e-05
5273,550.0279584849995,5.4973,1.9715263174664224e-05
5274,550.1269669869998,3.9549,1.9705953571021714e-05
5275,550.224200876999,5.2789,1.969647733179523e-05
5276,550.3221961969994,4.273,1.968734499002608e-05
5277,550.4210431929987,5.7026,1.9678073621776224e-05
5278,550.5178760949984,5.2597,1.9668716892977807e-05
5279,550.6174561070002,5.4693,1.965953098337407e-05
5280,550.715728567,5.3331,1.9650112664629033e-05
5281,550.8158473469994,6.124,1.964079166059495e-05
5282,550.9131380259987,5.7115,1.963131374642605e-05
5283,551.0103410899992,5.4577,1.962210253051614e-05
5284,551.1090280600001,5.8088,1.9612892136660636e-05
5285,551.2077098729987,6.5388,1.9603545163221754e-05
5286,551.3054051179988,5.9058,1.9594221369153178e-05
5287,551.4031587739992,5.6505,1.958496140355799e-05
5288,551.502007694,6.1559,1.9575721681330545e-05
5289,551.5985487219987,5.2853,1.9566337965246147e-05
5290,551.6957531989992,6.5107,1.9557203400625447e-05
5291,551.7936728579989,4.394,1.954796120430752e-05
5292,551.8917456939998,5.5946,1.953875373077071e-05
5293,551.9901185109993,5.7691,1.95294676666069e-05
5294,552.0897749309988,5.5202,1.9520160274807504e-05
5295,552.1894280429988,4.9675,1.9510747378752986e-05
5296,552.2879898359988,5.1989,1.9501312916755145e-05
5297,552.386201936999,6.21,1.9491988392162485e-05
5298,552.4841625179997,6.387,1.9482711219080785e-05
5299,552.5811924069985,5.3737,1.9473425477285255e-05
5300,552.6805186769998,5.2244,1.9464257456978603e-05
5301,552.7771788639984,5.8498,1.945488084910864e-05
5302,552.8751990159999,5.9135,1.944573358165131e-05
5303,552.9753356189995,6.0028,1.9436461127341926e-05
5304,553.0715904969984,4.1751,1.9427009878771875e-05
5305,553.1676709809999,5.4944,1.9417898443975965e-05
5306,553.2669703809988,6.4588,1.9408818775387853e-05
5307,553.3640456059984,5.7891,1.9399431343418813e-05
5308,553.4645230829992,6.1596,1.9390267481701467e-05
5309,553.5632394939985,5.043,1.9380779747091203e-05
5310,553.6599251849984,6.1913,1.937143328130057e-05
5311,553.7588439979991,5.5831,1.9362251649252938e-05
5312,553.8571542209993,5.8447,1.935296688357537e-05
5313,553.9558036369999,4.5155,1.9343686151643296e-05
5314,554.0511540619991,4.0254,1.9334372884712584e-05
5315,554.1444939199991,5.4074,1.9325355298634845e-05
5316,554.2422485629995,5.847,1.931652342510443e-05
5317,554.3401191569992,5.7755,1.9307328542934235e-05
5318,554.437288441999,4.8963,1.9298069952399224e-05
5319,554.5360426829993,6.3335,1.9288911812516566e-05
5320,554.634216896,5.0794,1.9279539531443695e-05
5321,554.7315745439992,5.1951,1.927030864952471e-05
5322,554.8309076269998,5.8997,1.9261125799830335e-05
5323,554.9279747290002,4.7004,1.9251759302019683e-05
5324,555.0242823829994,5.677,1.9242591209165303e-05
5325,555.1215108429988,5.7022,1.923350480394642e-05
5326,555.2166836429988,5.4225,1.922433474382411e-05
5327,555.3152420329989,6.1617,1.9215343124278097e-05
5328,555.4144066459994,6.0115,1.9206077430724452e-05
5329,555.5128027279989,6.073,1.9196722155172535e-05
5330,555.6122010279996,6.0193,1.918743608244383e-05
5331,555.7094263339986,6.2706,1.917806021472829e-05
5332,555.8068206849985,6.739,1.916888075200711e-05
5333,555.9039158589985,4.83,1.915971244828139e-05
5334,556.002483975999,5.5855,1.915054772895911e-05
5335,556.1012270800002,6.1657,1.9141263160903047e-05
5336,556.1962917849996,4.0816,1.9131948507267832e-05
5337,556.2951442639987,4.6016,1.9122973487445383e-05
5338,556.3932600970002,5.3409,1.9113677200904272e-05
5339,556.4907125139998,6.53,1.910441727005368e-05
5340,556.5907491339985,5.5419,1.909524357807707e-05
5341,556.6871349059984,6.6403,1.9085816140194022e-05
5342,556.7851035889998,5.9228,1.9076711523451264e-05
5343,556.886166541999,5.8834,1.906750018645618e-05
5344,556.9835016449997,6.1319,1.9057998060694597e-05
5345,557.0821556760002,5.9204,1.9048809960019683e-05
5346,557.1730076849999,6.9546,1.903953900575805e-05
5347,557.2722459929992,5.3633,1.9031014489364872e-05
5348,557.372264145999,5.688,1.9021637433212008e-05
5349,557.4721196089995,4.7748,1.901222200766663e-05
5350,557.5694163919998,4.7323,1.9002816373560924e-05
5351,557.6687775479986,6.1302,1.8993654084527517e-05
5352,557.7701345609985,5.6348,1.8984296540139856e-05
5353,557.8683806600002,4.372,1.8974780683301128e-05
5354,557.9681363669988,5.0304,1.8965514049366735e-05
5355,558.0635327609998,4.0535,1.8956143628596463e-05
5356,558.1621271299991,6.6146,1.8947148419956643e-05
5357,558.2599347619998,5.4379,1.893789710477871e-05
5358,558.3583568619997,5.2031,1.8928681017604074e-05
5359,558.456688119999,6.2991,1.8919451443195668e-05
5360,558.5542840549988,5.8444,1.8910178828094985e-05
5361,558.6528711629999,5.2266,1.8901013866812772e-05
5362,558.7498922229988,5.4535,1.889173286053439e-05
5363,558.8489023839993,6.208,1.8882598326951088e-05
5364,558.947748397999,5.5267,1.88733131076336e-05
5365,559.0483597359998,4.795,1.8863988071894918e-05
5366,559.146635744999,5.8018,1.8854529734464332e-05
5367,559.2458856759986,5.5265,1.884531623734795e-05
5368,559.3443126269995,5.9721,1.8835999956312027e-05
5369,559.4433876719995,6.042,1.88267493473509e-05
5370,559.5427820749992,5.0171,1.8817376235866155e-05
5371,559.6391088069995,5.4627,1.8808106648980032e-05
5372,559.7355687419986,4.3816,1.8799044122716762e-05
5373,559.8337633939991,5.1526,1.87899965362829e-05
5374,559.9308874969993,5.0987,1.878078645422732e-05
5375,560.0284553029996,6.0202,1.8771654227766268e-05
5376,560.1251535020001,5.725,1.8762490363134593e-05
5377,560.2240456250001,6.1813,1.8753407020914997e-05
5378,560.3227353559996,5.7413,1.874413228692728e-05
5379,560.4220533879998,5.7957,1.8734875654869548e-05
5380,560.522360048999,6.4467,1.8725553070109046e-05
5381,560.6209068150001,4.3935,1.8716134627142203e-05
5382,560.7201023199996,6.0303,1.8706874122641603e-05
5383,560.8181920759998,6.6687,1.869755964963727e-05
5384,560.9170478879987,4.9933,1.8688370053422643e-05
5385,561.0156579759987,6.6455,1.867906505661345e-05
5386,561.116866589,5.7814,1.8669747470203046e-05
5387,561.2152749649995,6.2803,1.8660265270491436e-05
5388,561.3146393729985,4.9954,1.86511271007815e-05
5389,561.4141598119986,5.9287,1.864182140144507e-05
5390,561.5110468769999,5.1877,1.8632476180667756e-05
5391,561.6098712980001,5.9595,1.862337051338955e-05
5392,561.7087917949993,5.2493,1.8614114003681778e-05
5393,561.8066995869995,6.1413,1.860482271820969e-05
5394,561.9037997219984,5.6185,1.859567864179187e-05
5395,562.0017243999991,5.4892,1.8586569743034355e-05
5396,562.1002669720001,5.2665,1.857734712840784e-05
5397,562.1982720340002,6.1265,1.856814642380558e-05
5398,562.2968038509989,6.517,1.8558968158309698e-05
5399,562.3967570519999,5.5627,1.8549713714475075e-05
5400,562.4942579540002,4.9885,1.854037281472648e-05
5401,562.590627874999,4.88,1.8531256690520398e-05
5402,562.6876378059987,5.246,1.852222167744353e-05
5403,562.7872656129985,6.1257,1.8513126798279613e-05
5404,562.8845838479992,5.2071,1.8503796629031898e-05
5405,562.9830984619985,6.7128,1.8494687381115656e-05
5406,563.0801723959994,6.1233,1.8485488598813623e-05
5407,563.1770011179997,5.7512,1.8476386866467258e-05
5408,563.2777615189989,5.9697,1.846733017125198e-05
5409,563.3786599859995,5.4906,1.845790491902111e-05
5410,563.4797211199984,6.2558,1.8448464553713575e-05
5411,563.5780238199986,5.8746,1.843897841929211e-05
5412,563.6769909119994,6.7224,1.842979500244528e-05
5413,563.7766110609991,6.0986,1.8420537921077412e-05
5414,563.8764212959995,5.6059,1.8411212831319243e-05
5415,563.9749796239994,6.047,1.8401890726713645e-05
5416,564.0721491749991,5.2596,1.8392669578550804e-05
5417,564.1701640329993,5.5359,1.8383580781186683e-05
5418,564.2678115660001,5.2342,1.8374337003813592e-05
5419,564.3668906759995,5.6302,1.8365216465732713e-05
5420,564.4651308619996,5.4379,1.835603954160949e-05
5421,564.560452112999,5.1684,1.8346851464278726e-05
5422,564.6581190389988,5.5631,1.833793144835083e-05
5423,564.7581145610002,6.0878,1.8328808660396378e-05
5424,564.8570108509994,5.874,1.8319484169064187e-05
5425,564.9574612179986,5.3717,1.831016476249614e-05
5426,565.0562179579993,5.9322,1.8300837324140858e-05
5427,565.1551720409989,6.4896,1.8291613575525577e-05
5428,565.2539056199985,5.9877,1.8282352904945642e-05
5429,565.3518177269998,5.7685,1.8273159213853824e-05
5430,565.4502783359985,5.5586,1.826399841695235e-05
5431,565.5487644879995,5.7721,1.8254809738605826e-05
5432,565.6470737159998,4.7438,1.82456199209085e-05
5433,565.7436152859991,5.9058,1.8236422943893015e-05
5434,565.8402057289986,5.8547,1.8227414952861734e-05
5435,565.9393016069989,6.8145,1.8218413434410053e-05
5436,566.0362128849993,5.022,1.820915745734505e-05
5437,566.132906507999,5.9815,1.8200126729605148e-05
5438,566.2309461329987,5.5594,1.8191113548187657e-05
5439,566.3284696909996,5.7877,1.818196430564198e-05
5440,566.4272167149993,6.7288,1.8172854289423617e-05
5441,566.5257929909985,4.5885,1.816366473012654e-05
5442,566.623599171,6.1714,1.8154445021470693e-05
5443,566.7254059480001,6.0202,1.814534153103474e-05
5444,566.8235190769992,6.3477,1.8135850104272338e-05
5445,566.9238394179993,6.5641,1.812666581884452e-05
5446,567.0201401469985,4.0869,1.811736178190661e-05
5447,567.1193408649997,6.7368,1.8108363406269578e-05
5448,567.219741289,6.8431,1.809913345065256e-05
5449,567.3196575059992,5.4847,1.8089782377880688e-05
5450,567.4172115099991,6.093,1.8080450832769276e-05
5451,567.5171793190002,6.478,1.8071373658015984e-05
5452,567.6148805169996,5.3619,1.8062068032018618e-05
5453,567.7150258929996,4.6309,1.8052958557234743e-05
5454,567.8156224189988,6.41,1.8043621737097932e-05
5455,567.918717954999,5.3808,1.8034153138151178e-05
5456,568.0167104929988,6.1258,1.8024647426446444e-05
5457,568.1183095779998,6.566,1.8015514450397205e-05
5458,568.2142527059987,4.6104,1.8006101775872357e-05
5459,568.3140219919987,5.6909,1.7997120272995333e-05
5460,568.4130685109994,6.293,1.798787525901916e-05
5461,568.5119382379999,5.7538,1.7978556949521197e-05
5462,568.6101580799987,5.015,1.7969434794140694e-05
5463,568.7107297549992,6.0612,1.7960302665122207e-05
5464,568.8100796419985,5.0979,1.795094193424839e-05
5465,568.9080150439986,6.4298,1.7941700919722518e-05
5466,569.0055668429995,4.8692,1.7932583090177267e-05
5467,569.105324696,5.4815,1.792348431774352e-05
5468,569.2026994159987,5.5536,1.791424595554531e-05
5469,569.3022535019991,5.3951,1.7905193469435654e-05
5470,569.4009583119987,5.7462,1.7895945492637532e-05
5471,569.5009246599984,6.2982,1.788675810837512e-05
5472,569.6005508399994,6.115,1.7877471264270976e-05
5473,569.6987968289995,5.5531,1.7868218330046038e-05
5474,569.7971149599998,6.0253,1.785906489931963e-05
5475,569.8953870179994,4.8896,1.7849927514869154e-05
5476,569.9904050459991,5.5298,1.7840803687498153e-05
5477,570.0861412079994,4.8038,1.7831960766211654e-05
5478,570.1826478989988,6.1043,1.782308702451182e-05
5479,570.277129655,4.5828,1.781413751063299e-05
5480,570.3747052039998,6.2802,1.780534646250263e-05
5481,570.4761530159994,6.2254,1.7796287343924832e-05
5482,570.5770143559985,5.1731,1.7786872941047405e-05
5483,570.6743032549984,5.2435,1.7777487118875763e-05
5484,570.7713943219987,5.0633,1.7768465501830536e-05
5485,570.8689869069985,5.0564,1.775945452662345e-05
5486,570.9682899169984,6.4281,1.7750403781909168e-05
5487,571.0679233769988,5.28,1.7741192997837728e-05
5488,571.1701111639995,5.583,1.7731921850015387e-05
5489,571.2639118779989,5.935,1.7722452755596747e-05
5490,571.3633622549987,5.9502,1.7713784280179423e-05
5491,571.4617266829991,3.8468,1.7704439005604484e-05
5492,571.560446473999,5.7538,1.7695421280997418e-05
5493,571.6586068619999,4.1844,1.7686254423589902e-05
5494,571.7591331200001,5.7963,1.7677174200158198e-05
5495,571.8578141039998,6.52,1.766784511024707e-05
5496,571.9541600519988,5.1856,1.7658721416731426e-05
5497,572.0535749029987,5.7011,1.7649748915783433e-05
5498,572.1530958959993,5.2935,1.7640574326938435e-05
5499,572.2508851729999,6.2397,1.7631344350420243e-05
5500,572.3493051599999,5.8609,1.762227297390225e-05
5501,572.4469501559997,6.43,1.761311467380731e-05
5502,572.5430348519985,4.6636,1.7604120435291703e-05
5503,572.6416849319994,6.1225,1.759522430795305e-05
5504,572.742074456999,6.1911,1.7586076217359908e-05
5505,572.8407948059994,5.9195,1.7576798772010804e-05
5506,572.9419061680001,6.27,1.7567644242824818e-05
5507,573.0400105009994,6.0285,1.7558302133746224e-05
5508,573.1386704039996,6.2789,1.7549203562943365e-05
5509,573.2366341669986,5.7998,1.7539974274196302e-05
5510,573.3349430519993,5.952,1.7531003840045156e-05
5511,573.4303100699999,5.1668,1.7521918069904923e-05
5512,573.5284521519989,6.0511,1.7513068038719254e-05
5513,573.6290733329988,6.4692,1.7504005192037366e-05
5514,573.7268958249988,6.0051,1.749470520681371e-05
5515,573.8275317150001,6.5475,1.7485643949784364e-05
5516,573.9258528639984,6.3047,1.747634694883929e-05
5517,574.0253915249996,6.0645,1.7467229320108164e-05
5518,574.1262647949989,6.1974,1.745807478120189e-05
5519,574.2246569049985,4.8299,1.7448755720699327e-05
5520,574.3227558829985,5.8829,1.743965161596478e-05
5521,574.4207449509995,5.0995,1.7430568233585352e-05
5522,574.5200314049998,6.455,1.7421525219909453e-05
5523,574.6193077159987,5.7896,1.7412350353981333e-05
5524,574.7177941769987,5.6612,1.74031863665915e-05
5525,574.8160065550001,5.7469,1.7394080010973866e-05
5526,574.9165106290002,5.5321,1.738489956197587e-05
5527,575.0137426029996,6.0215,1.7375738897417887e-05
5528,575.1130942669988,5.2994,1.736674641310278e-05
5529,575.2109232639996,4.8845,1.7357597667222702e-05
5530,575.3073798649984,5.3721,1.7348566205522582e-05
5531,575.4059783559987,6.2449,1.7339620656320034e-05
5532,575.5039110779999,6.3314,1.7330540418181297e-05
5533,575.6026917149993,5.6024,1.7321516616684045e-05
5534,575.7015571749998,5.3904,1.7312398481944605e-05
5535,575.7998452149986,5.3551,1.730326444943528e-05
5536,575.8990359549989,6.4681,1.7294188560847086e-05
5537,575.9981002349996,6.0021,1.7285068480570073e-05
5538,576.0957612699985,4.2641,1.7275932661574334e-05
5539,576.1915496689999,5.4858,1.7266906976599547e-05
5540,576.2901459859986,4.5345,1.7258058530291914e-05
5541,576.3873502229999,6.527,1.7248938047719672e-05
5542,576.4849382529992,6.4443,1.724001093236134e-05
5543,576.5816839809995,4.7746,1.7231040200716665e-05
5544,576.6800784549996,5.6272,1.72221099763914e-05
5545,576.7807620759995,6.5355,1.7213052025040965e-05
5546,576.8802437579998,6.1607,1.7203780131814317e-05
5547,576.97770193,5.7166,1.7194599345073637e-05
5548,577.0753013869999,5.7707,1.718563782408879e-05
5549,577.1745475659991,6.0776,1.7176571429391096e-05
5550,577.2715162619988,4.6375,1.7167517506220833e-05
5551,577.3688551739997,5.8909,1.7158575714179215e-05
5552,577.4595067669998,6.6931,1.7149610089326275e-05
5553,577.559396564,5.2541,1.7141309383625368e-05
5554,577.6516967839998,5.8494,1.713205393557068e-05
5555,577.7485498239985,6.0937,1.7123600740223336e-05
5556,577.8503165049988,6.4103,1.711466944461147e-05
5557,577.9464322169988,6.3539,1.7105332894164745e-05
5558,578.0435339609994,5.675,1.7096474852460125e-05
5559,578.1420061609988,6.4234,1.708753915760199e-05
5560,578.2414210049992,5.7703,1.7078415629808715e-05
5561,578.3373944859995,4.695,1.7069336169589438e-05
5562,578.4351908190001,5.9045,1.706050607611464e-05
5563,578.5345895599985,5.3761,1.7051527713322303e-05
5564,578.6299310079994,4.6027,1.704236359980687e-05
5565,578.7213957839995,6.5849,1.7033586745041457e-05
5566,578.8244083009995,6.3507,1.7025217749685325e-05
5567,578.9222666879996,5.8805,1.7015750282398867e-05
5568,579.0206768289991,6.2049,1.7006753673720695e-05
5569,579.1192006319998,5.8113,1.6997624834842724e-05
5570,579.2157989970001,5.7773,1.6988669675922748e-05
5571,579.3129318739993,6.0088,1.6979795186310456e-05
5572,579.4101945129987,6.8356,1.6970863307385667e-05
5573,579.5068628429999,6.4626,1.696193409729775e-05
5574,579.6050809519984,6.1835,1.6953070326123633e-05
5575,579.7025094089986,5.5277,1.6944058501585198e-05
5576,579.8016330929986,5.5165,1.693511935688949e-05
5577,579.8968357269987,5.3691,1.6926020149434564e-05
5578,579.9944286209993,4.5692,1.6917272352094915e-05
5579,580.0929373599993,6.1213,1.6908326090388065e-05
5580,580.1888184389991,5.1003,1.6899284637559977e-05
5581,580.2864867629996,5.7986,1.6890500995691777e-05
5582,580.3843482299999,6.6378,1.6881537645593004e-05
5583,580.4810691419989,6.3695,1.6872555398843226e-05
5584,580.5772022789988,5.6378,1.6863682207097008e-05
5585,580.6752902110002,5.6981,1.685486492128082e-05
5586,580.7728162699987,5.3162,1.6845881245982663e-05
5587,580.8701282699985,5.1045,1.6836931787698146e-05
5588,580.9691366529987,6.0659,1.682801666469095e-05
5589,581.0650191029999,5.7662,1.6818946850871214e-05
5590,581.1655154250002,6.49,1.6810164731284257e-05
5591,581.2609253089995,4.838,1.6800983652906366e-05
5592,581.363005747,6.3218,1.6792207401036562e-05
5593,581.4647029009993,6.0453,1.678286785963904e-05
5594,581.5637697519996,5.7778,1.6773575119945435e-05
5595,581.6569241849993,6.0443,1.6764482469722174e-05
5596,581.7547950219996,4.9001,1.6755973282347377e-05
5597,581.8526954219997,5.6024,1.6747001222270546e-05
5598,581.9498568379986,7.0541,1.6738056063325143e-05
5599,582.0493713989999,6.1714,1.6729161783622027e-05
5600,582.1469170700002,5.5749,1.672005498526483e-05
5601,582.2443585479996,4.9456,1.6711106352219227e-05
5602,582.3430599409985,5.8751,1.6702210969936935e-05
5603,582.4405653969989,6.024,1.6693184011664126e-05
5604,582.5376406169999,5.028,1.668427322536858e-05
5605,582.6356831539997,6.1765,1.667539483125249e-05
5606,582.7350909569996,6.3485,1.6666434887188062e-05
5607,582.8330762669993,6.1426,1.665736774183481e-05
5608,582.9327275819996,5.6451,1.664837819369518e-05
5609,583.0315096699997,5.8821,1.663928566380235e-05
5610,583.1294128599984,5.702,1.6630265708910886e-05
5611,583.2285854040001,6.1976,1.6621313083876027e-05
5612,583.3263772299997,5.4444,1.6612240347886565e-05
5613,583.4256624259997,4.9499,1.6603334760439933e-05
5614,583.5250165289999,6.2818,1.659426116386274e-05
5615,583.6262986379988,6.324,1.658519765484872e-05
5616,583.7258711199993,5.0657,1.657595228816604e-05
5617,583.8247133069999,5.4844,1.6566850421110326e-05
5618,583.9243822919998,5.8629,1.6557723694097444e-05
5619,584.0215230679987,6.012,1.654873259506144e-05
5620,584.1188204599985,5.2987,1.653986304594638e-05
5621,584.2151536719994,6.0195,1.65309780107307e-05
5622,584.3074070389994,6.2749,1.652221034853937e-05
5623,584.4071760119987,6.191,1.651378399668212e-05
5624,584.5051290709998,5.9602,1.6504691493972075e-05
5625,584.603078782,6.3587,1.6495763486060242e-05
5626,584.7036428219999,6.7444,1.6486829930912264e-05
5627,584.8031075259987,6.6876,1.647767567466958e-05
5628,584.9026932339984,6.7082,1.6468598360801617e-05
5629,585.0004293789989,5.6813,1.6459439135419098e-05
5630,585.0993397940001,5.7767,1.645060827047543e-05
5631,585.1974328799988,6.2186,1.644160435330015e-05
5632,585.2902830349994,5.7588,1.6432562018290706e-05
5633,585.389095519,5.8489,1.642423690058598e-05
5634,585.488238431999,5.3204,1.6415197023243767e-05
5635,585.5849918129989,5.7619,1.6406090044427984e-05
5636,585.6819818669992,5.6,1.639735717573959e-05
5637,585.7789949409998,5.4856,1.6388533278186017e-05
5638,585.8780343999988,5.8017,1.6379705643221972e-05
5639,585.9759884149989,5.7059,1.6370714955435625e-05
5640,586.0742170489993,5.827,1.636178579170919e-05
5641,586.1718820259994,6.1067,1.6352841429641422e-05
5642,586.267697489,5.5813,1.6343946943602933e-05
5643,586.3663234449996,6.1485,1.6335138724385703e-05
5644,586.4650688249985,6.1106,1.6326279136866934e-05
5645,586.5655086609986,6.1192,1.6317301396401773e-05
5646,586.6631242229996,5.5023,1.6308167710200613e-05
5647,586.7644696989992,5.5352,1.6299291919099043e-05
5648,586.8576271559996,5.7465,1.629009741355408e-05
5649,586.9560856089993,5.4797,1.6281615111911475e-05
5650,587.0544594929997,6.5607,1.6272653372002233e-05
5651,587.1550952469988,6.2665,1.6263742267098592e-05
5652,587.2520826179989,5.8618,1.62546044569983e-05
5653,587.3479536779996,4.9051,1.6245799779890557e-05
5654,587.4461982409994,6.2714,1.6237047285884505e-05
5655,587.5458058109998,5.9219,1.6228160364779928e-05
5656,587.6429997409996,5.5033,1.621911444692273e-05
5657,587.7425085639989,6.2136,1.621028156225683e-05
5658,587.8413399820001,5.8816,1.6201255173288003e-05
5659,587.9400094060002,5.3192,1.619228076423293e-05
5660,588.0381244839991,5.331,1.618331390404092e-05
5661,588.1364625919996,6.062,1.6174414638234732e-05
5662,588.2354107299998,5.978,1.616551006666549e-05
5663,588.3337461729989,5.663,1.6156509393414486e-05
5664,588.4306825409985,5.412,1.614761464245046e-05
5665,588.529395046,5.449,1.6138815965909315e-05
5666,588.6252120989993,5.7338,1.6129870929374834e-05
5667,588.7245634390001,5.7151,1.612118038776557e-05
5668,588.8250927329991,6.8559,1.6112063946912162e-05
5669,588.9221642049997,5.8365,1.6103055012636463e-05
5670,589.0178688380001,4.6356,1.6094264613398364e-05
5671,589.1166447999985,5.7515,1.608559783696295e-05
5672,589.214329941,5.2092,1.607667200415602e-05
5673,589.3124184199987,6.3616,1.6067811693838686e-05
5674,589.414643525999,5.7419,1.605891643537306e-05
5675,589.5108116069987,6.1821,1.6049592235717114e-05
5676,589.6110176409984,6.0008,1.6040961660410824e-05
5677,589.705464871,5.038,1.603191919489412e-05
5678,589.8035114289996,6.3351,1.602333192957854e-05
5679,589.9022699870002,5.8149,1.6014489163725902e-05
5680,590.0013556769991,5.1655,1.6005540737297393e-05
5681,590.0980211649985,4.2729,1.5996581277111748e-05
5682,590.195020403,5.9669,1.5987826990056087e-05
5683,590.295768738999,6.3062,1.597907519058704e-05
5684,590.3942561859985,5.8641,1.596996884091642e-05
5685,590.4918930240001,6.3883,1.5961048815164064e-05
5686,590.5933108009995,6.2276,1.595223132870704e-05
5687,590.6921853779986,5.4803,1.5943074082137244e-05
5688,590.7913910799998,6.2457,1.5934101670086223e-05
5689,590.882916483999,6.0429,1.59251566397278e-05
5690,590.9831947619987,6.0002,1.5916919087368188e-05
5691,591.0816223679994,5.6872,1.590780294777324e-05
5692,591.1809860459998,4.3087,1.5898954144650123e-05
5693,591.2825613659988,6.1795,1.5889946888296582e-05
5694,591.3834291980002,5.8474,1.588082429175011e-05
5695,591.482321989999,4.9033,1.587160494952788e-05
5696,591.5799238179989,5.5506,1.5862656070800956e-05
5697,591.6767762199997,5.9615,1.5853955465297093e-05
5698,591.7747570119991,5.2792,1.5845186230158022e-05
5699,591.8737229009985,6.4648,1.5836369800576295e-05
5700,591.9720002409995,4.3285,1.582746996686275e-05
5701,592.0705350579992,5.0813,1.5818586980256244e-05
5702,592.1682575129998,5.7349,1.5809708528452005e-05
5703,592.2650617889994,6.8642,1.5800890101485283e-05
5704,592.3637105959988,6.0675,1.5792162374735887e-05
5705,592.4625157169994,6.1138,1.578327104471924e-05
5706,592.5594216369991,4.7975,1.57743720095217e-05
5707,592.656413106999,5.8954,1.576563646800928e-05
5708,592.753924659999,5.5136,1.5756891482750193e-05
5709,592.8532203569994,5.438,1.5748091370171024e-05
5710,592.9509482029989,5.1048,1.5739150882233773e-05
5711,593.050087018999,5.2411,1.573035412220342e-05
5712,593.148458358999,4.4908,1.5721441855091724e-05
5713,593.2475481969996,5.6477,1.5712580596247204e-05
5714,593.3489933599994,5.7195,1.5703668776737164e-05
5715,593.4483459929997,5.8984,1.569454554770242e-05
5716,593.5448282939997,3.9362,1.5685596691148558e-05
5717,593.6428542579997,4.7548,1.5676894766983522e-05
5718,593.7410287769999,6.2918,1.5668089076797635e-05
5719,593.837744638,4.6162,1.5659209097498536e-05
5720,593.9351020499998,5.9709,1.5650562558621283e-05
5721,594.0342459719996,4.7174,1.564181649568317e-05
5722,594.131090425999,5.6661,1.563290839054215e-05
5723,594.230537989999,6.1204,1.5624167791648937e-05
5724,594.3280259809999,6.4089,1.561527045731926e-05
5725,594.425304073,5.7304,1.5606504279736322e-05
5726,594.517247713,6.0396,1.5597745709080375e-05
5727,594.6155072879992,5.2801,1.5589500145748604e-05
5728,594.7124129160002,5.5727,1.558065848691455e-05
5729,594.8102704369994,6.6977,1.557194968926424e-05
5730,594.9030887789995,6.3781,1.5563180294371595e-05
5731,594.9998368739998,5.4251,1.555484481363761e-05
5732,595.0968495889992,4.0021,1.55461464072653e-05
5733,595.1950835520001,5.3053,1.5537456866148998e-05
5734,595.2878012780002,6.6914,1.5528551683301978e-05
5735,595.3844337739993,6.4317,1.5520323570562922e-05
5736,595.4827813339998,5.6871,1.5511607040151355e-05
5737,595.5801182089999,6.1236,1.550282875788429e-05
5738,595.6799514289996,4.9221,1.5494098342069342e-05
5739,595.7777765749997,5.6549,1.548514405945703e-05
5740,595.874550253,6.0047,1.5476362787936074e-05
5741,595.9732504069998,5.9218,1.5467690021786443e-05
5742,596.0701666549994,5.2167,1.5458851132800978e-05
5743,596.1672069559991,5.1384,1.545015559958122e-05
5744,596.2660749219995,6.6998,1.5441467181756453e-05
5745,596.36553938,4.9963,1.54326253595495e-05
5746,596.4628901870001,5.065,1.5423696073808945e-05
5747,596.5606418409989,5.3633,1.5414969053430712e-05
5748,596.6604267399998,5.8906,1.5406221243294167e-05
5749,596.7569488829995,4.8356,1.5397288480765302e-05
5750,596.8547262409993,5.114,1.5388650584073158e-05
5751,596.9520016679999,4.9508,1.537990229045646e-05
5752,597.0508022109989,5.8719,1.5371181402799255e-05
5753,597.1514523379992,6.1992,1.5362363118154343e-05
5754,597.2512715569992,6.6973,1.5353351466864124e-05
5755,597.3482928209996,5.3228,1.5344427089643915e-05
5756,597.4464781759998,5.159,1.533572734935669e-05
5757,597.5422649430002,5.0107,1.532697043878968e-05
5758,597.6416708589986,6.7745,1.5318397396547433e-05
5759,597.7391853079989,4.8096,1.5309502968992263e-05
5760,597.8388539449988,5.7433,1.530077579125252e-05
5761,597.9381820979997,5.2997,1.5291867783012132e-05
5762,598.0375829320001,5.9956,1.528301624306845e-05
5763,598.136567313999,5.4457,1.527413881391004e-05
5764,598.228998392,6.088,1.5265273206681847e-05
5765,598.327891388999,5.8182,1.5257073284474397e-05
5766,598.4262773379996,4.9862,1.5248220589434909e-05
5767,598.5246127929986,6.2008,1.5239438839218425e-05
5768,598.624197961999,5.6677,1.5230645221400141e-05
5769,598.7230745589986,5.7377,1.5221783107184787e-05
5770,598.8193986699989,5.5544,1.5212946920830995e-05
5771,598.9189562349984,6.4568,1.520434730874227e-05
5772,599.0173997999991,5.3304,1.5195466510247425e-05
5773,599.1188668539999,5.8764,1.518665171584332e-05
5774,599.2194371549995,5.303,1.5177532321059733e-05
5775,599.3179895649992,6.3156,1.5168671062443201e-05
5776,599.4153453869985,5.8532,1.5159894310333262e-05
5777,599.5134920279997,5.6941,1.5151206176126286e-05
5778,599.6153705099987,5.9627,1.5142483028184118e-05
5779,599.7129212619984,6.4603,1.5133401880691573e-05
5780,599.8122271100001,5.9939,1.512470151694586e-05
5781,599.9097419359987,6.208,1.5115875809930113e-05
5782,600.0083275109992,6.0569,1.5107163958914916e-05
5783,600.1049447489986,5.4612,1.5098397922367052e-05
5784,600.202889877999,5.6061,1.508977470120313e-05
5785,600.3012302279985,5.4808,1.508108933085815e-05
5786,600.4009116389989,5.8641,1.5072332740453577e-05
5787,600.4925705459991,6.2146,1.5063456826579902e-05
5788,600.5892289059993,4.7662,1.5055301855388305e-05
5789,600.6871245929997,5.9645,1.504669117730894e-05
5790,600.7846030789988,5.7537,1.5037998944395637e-05
5791,600.8824709109995,5.5424,1.502931699475063e-05
5792,600.981189361999,5.6513,1.5020604249895386e-05
5793,601.0788512459985,5.7893,1.5011833568283054e-05
5794,601.1768280339984,6.512,1.500316211961616e-05
5795,601.2750293659992,4.8586,1.4994464193776608e-05
5796,601.374290963,5.9528,1.498574483044593e-05
5797,601.4730671069992,5.5094,1.4976932405715466e-05
5798,601.5717179559997,5.9267,1.4968136369749836e-05
5799,601.6626591589993,6.1893,1.495936879838798e-05
5800,601.759833004,3.9711,1.4951325546590844e-05
5801,601.8520302919987,6.125,1.4942674173526946e-05
5802,601.9489041259985,5.529,1.4934515517206285e-05
5803,602.0443624049985,5.0721,1.4925885758984309e-05
5804,602.1424881089988,4.6075,1.491741617599387e-05
5805,602.2394615269986,5.9213,1.4908720268287945e-05
5806,602.3368264519995,6.1257,1.4900118016605324e-05
5807,602.4362007259988,6.605,1.4891460842454628e-05
5808,602.5340038199993,5.4681,1.4882675833161697e-05
5809,602.6336556469996,6.4281,1.4873997567934733e-05
5810,602.7344261679991,4.632,1.4865194584992903e-05
5811,602.8335983489997,6.6585,1.4856224492964999e-05
5812,602.9326948580001,5.4814,1.484745359210185e-05
5813,603.0290437069998,5.7455,1.4838681006507199e-05
5814,603.1250198919988,6.0909,1.4830103112498708e-05
5815,603.2279660039985,5.9926,1.482163111393574e-05
5816,603.3280622729999,5.6002,1.4812460058066897e-05
5817,603.4204188129988,5.5974,1.480364552314718e-05
5818,603.5193435649999,5.5787,1.479550003450022e-05
5819,603.6176436099995,5.6975,1.478671954274754e-05
5820,603.7154927409993,5.1138,1.4778019775144036e-05
5821,603.8130673539999,5.6008,1.4769353674167935e-05
5822,603.9100333459992,6.0984,1.476072243259754e-05
5823,604.0104241199988,6.4083,1.4752149000404366e-05
5824,604.1088785510001,5.5598,1.474326235598637e-05
5825,604.2085420109997,4.5066,1.4734575405582373e-05
5826,604.306688667999,6.631,1.472576478348798e-05
5827,604.4023710339989,5.1144,1.4717097999032974e-05
5828,604.4995047849989,6.3624,1.470861832815477e-05
5829,604.5957360989996,4.7693,1.4700044018352704e-05
5830,604.6932906639995,4.117,1.4691544270028937e-05
5831,604.7883869239995,4.3655,1.4682927027606635e-05
5832,604.884662909999,5.7943,1.4674512002028935e-05
5833,604.9822842789999,6.8158,1.466604675944767e-05
5834,605.0803347829988,5.7407,1.4657412784706592e-05
5835,605.1777316089992,6.2234,1.4648761397863814e-05
5836,605.2770706439987,5.4106,1.4640171798852686e-05
5837,605.3692633720002,5.9764,1.4631394432820228e-05
5838,605.4662038539991,4.9892,1.462328254240563e-05
5839,605.5671751439986,5.403,1.4614705094609648e-05
5840,605.6663897719991,5.97,1.4605785596807758e-05
5841,605.763811797,5.6741,1.4597026446291135e-05
5842,605.8627070459988,5.6676,1.4588462886632912e-05
5843,605.9651393889999,5.304,1.4579748524660236e-05
5844,606.0659683279991,6.3438,1.4570726344828292e-05
5845,606.1638091529985,5.6996,1.4561829301197927e-05
5846,606.2600511629989,5.8672,1.4553209214994978e-05
5847,606.360183372999,6.2492,1.454463590043424e-05
5848,606.45817437,6.5527,1.4535906060910465e-05
5849,606.5563363159999,5.8029,1.452728905886111e-05
5850,606.6555096659995,5.3151,1.4518633029398258e-05
5851,606.7528620639987,5.6019,1.4509902473427672e-05
5852,606.851546287,4.1715,1.4501346153411338e-05
5853,606.9475530279997,5.7123,1.4492650495354232e-05
5854,607.0446202809999,4.837,1.448422295854108e-05
5855,607.1420617849999,5.9703,1.4475685052225427e-05
5856,607.2420096639999,6.1111,1.4467129785867761e-05
5857,607.3392985589999,5.2534,1.445834666115303e-05
5858,607.4382228839986,5.3647,1.4449783356024848e-05
5859,607.5367907889995,4.9079,1.4441088778483947e-05
5860,607.6356600250001,5.6739,1.4432422647143485e-05
5861,607.7333571929994,5.6493,1.4423749426430661e-05
5862,607.8312448939996,6.1099,1.4415155239472217e-05
5863,607.9276994089996,5.7375,1.4406570416331388e-05
5864,608.0255287780001,5.4386,1.43980733837224e-05
5865,608.119618666,6.7658,1.4389511923455545e-05
5866,608.2183293990001,5.7355,1.4381245242950825e-05
5867,608.317277528,6.0785,1.4372565379438197e-05
5868,608.4148601119996,6.2269,1.4363785352389383e-05
5869,608.5135837899998,5.744,1.4355329820248972e-05
5870,608.6138049669989,6.4011,1.4346564480053035e-05
5871,608.7116504979986,6.2783,1.4337880496257772e-05
5872,608.8139246390001,6.0138,1.432927744373615e-05
5873,608.9121139489998,4.4236,1.4320327764179306e-05
5874,609.0105434379984,5.3942,1.4311723562603754e-05
5875,609.1083588370002,5.3843,1.4303100773949568e-05
5876,609.2011721909985,6.5705,1.4294528710506025e-05
5877,609.3029474849991,5.9876,1.4286397045203734e-05
5878,609.404996289999,6.1435,1.4277484637147729e-05
5879,609.500960944999,5.6391,1.4268456812151865e-05
5880,609.6004810129998,5.084,1.4260113932359465e-05
5881,609.6987383319993,4.9784,1.4251332920133425e-05
5882,609.7949683729985,5.7875,1.4242804102260832e-05
5883,609.8887166349996,2.5597,1.4234390961842242e-05
5884,609.9894301610002,6.5259,1.4226181992210746e-05
5885,610.0845980419999,5.0803,1.4217389593527421e-05
5886,610.1828404419994,5.5509,1.4209046915152968e-05
5887,610.2795176359996,5.6647,1.4200372988111545e-05
5888,610.3760847719986,5.7344,1.419201682390155e-05
5889,610.4740382839991,6.2738,1.4183558156697054e-05
5890,610.5722094249995,5.5399,1.4175005863982321e-05
5891,610.6733834819988,5.4379,1.4166331351504905e-05
5892,610.7681319929998,5.6944,1.4157582459012381e-05
5893,610.8668214709996,6.366,1.4149306906404114e-05
5894,610.9625791049984,4.676,1.4140707055145136e-05
5895,611.0592407519998,3.569,1.4132330927782516e-05
5896,611.1563776289986,5.6998,1.412385845074185e-05
5897,611.2532530299995,5.0692,1.4115407204323835e-05
5898,611.3498245279989,5.8149,1.4106959402952047e-05
5899,611.4457407729988,4.7698,1.4098541366390338e-05
5900,611.5428149519994,5.9019,1.4090148415249272e-05
5901,611.6407229870001,4.6812,1.4081690315255446e-05
5902,611.7369356799991,5.5076,1.407313317615212e-05
5903,611.8353454919998,6.1899,1.4064753346870044e-05
5904,611.9333871969993,4.0268,1.4056189123696359e-05
5905,612.02829484,6.1324,1.4047630630324382e-05
5906,612.1277369579984,5.3041,1.4039336912901705e-05
5907,612.2254953359989,6.0727,1.4030643110992855e-05
5908,612.3190424369986,4.4772,1.4022177235519291e-05
5909,612.4158966689993,6.2268,1.401400292827737e-05
5910,612.5148817059999,6.6623,1.4005592956139505e-05
5911,612.611626771999,5.4679,1.3996989688078389e-05
5912,612.7093291339988,5.0995,1.3988550619910065e-05
5913,612.805991367999,5.5455,1.3980052754184691e-05
5914,612.9036627139994,5.9813,1.3971622789622818e-05
5915,613.0025510489995,5.6276,1.3963137945661924e-05
5916,613.1002848089993,6.1176,1.3954536549051678e-05
5917,613.1974416960002,5.3105,1.394596814085502e-05
5918,613.2960984820002,6.5663,1.3937470727778578e-05
5919,613.3946839319997,6.5585,1.3929014056427717e-05
5920,613.4919803590001,5.8863,1.392045011588406e-05
5921,613.5910102409998,5.356,1.3911974174429294e-05
5922,613.6842397539986,6.2272,1.390337883315739e-05
5923,613.7846116919991,5.5839,1.389519743648619e-05
5924,613.8823809149999,5.5417,1.3886552212537779e-05
5925,613.9787061719999,5.4278,1.3878067673774115e-05
5926,614.0760761229994,4.929,1.3869685583572576e-05
5927,614.17230346,5.8066,1.386120912226765e-05
5928,614.2705074589994,4.8224,1.3852887102884327e-05
5929,614.3695819899986,5.9255,1.3844273711903864e-05
5930,614.469289065999,6.1713,1.3835764310809648e-05
5931,614.5680325569992,5.7613,1.3827122596275366e-05
5932,614.6672305229986,6.2186,1.3818532744016344e-05
5933,614.7646634269986,4.6215,1.380996210006845e-05
5934,614.8618777359989,5.1844,1.380151229099121e-05
5935,614.9589502559993,6.6281,1.3793074973985457e-05
5936,615.0583502459995,5.0576,1.3784658953038005e-05
5937,615.1575326179991,5.6115,1.3776072492182984e-05
5938,615.2487624109999,6.1068,1.3767467630556908e-05
5939,615.3471434499988,5.1388,1.3759587451920455e-05
5940,615.4446328649992,4.6964,1.3751033012439307e-05
5941,615.5426952679991,6.083,1.3742605544970661e-05
5942,615.6394191729996,4.6289,1.3734126216939094e-05
5943,615.7379470939995,5.3838,1.3725719786827138e-05
5944,615.8358508419988,5.6234,1.3717230865237274e-05
5945,615.9335456849985,5.5032,1.3708748837704039e-05
5946,616.0309767599992,5.0916,1.3700291187680092e-05
5947,616.1290739169999,4.6997,1.3691843042552088e-05
5948,616.2249816139993,6.0697,1.3683378319681644e-05
5949,616.3216303059999,5.7877,1.3675087611020681e-05
5950,616.4186816889996,2.8409,1.3666746839567802e-05
5951,616.5111961699986,5.8874,1.3658347023698004e-05
5952,616.6102118899998,6.1618,1.3650393596385291e-05
5953,616.7050851119984,5.322,1.364181547927732e-05
5954,616.8005843139999,5.964,1.363360027717896e-05
5955,616.900462825999,5.7027,1.3625355743045818e-05
5956,616.9982618639988,5.4302,1.361674354462739e-05
5957,617.098427208999,5.698,1.3608236932939186e-05
5958,617.1970837649988,6.458,1.3599671427609385e-05
5959,617.2938218549989,6.2378,1.3591050594028393e-05
5960,617.3931465879996,6.0324,1.3582702537905178e-05
5961,617.4918511340002,5.196,1.3574211448927116e-05
5962,617.5879204449993,5.3564,1.356571414827248e-05
5963,617.6876246449992,4.9385,1.3557404581018834e-05
5964,617.7858578939995,5.869,1.3548779179422177e-05
5965,617.8780984589994,5.5821,1.3540382835866469e-05
5966,617.9743522899989,5.031,1.353245093841185e-05
5967,618.0721621979992,5.9283,1.3524136676786453e-05
5968,618.1708093489997,5.1344,1.351571937677449e-05
5969,618.2667002540002,6.4883,1.3507236705740578e-05
5970,618.3665562869992,4.6542,1.3498943605347091e-05
5971,618.4647463729998,6.6006,1.3490361662739998e-05
5972,618.5614775630002,6.3797,1.3481907494070984e-05
5973,618.6605467739992,5.9181,1.3473563004080769e-05
5974,618.7578240289986,6.1913,1.3465062896027083e-05
5975,618.857251641999,6.3262,1.3456684490267468e-05
5976,618.95040763,5.5746,1.3448137001906902e-05
5977,619.0472494730002,5.7497,1.3440153370299557e-05
5978,619.1449190779986,5.3569,1.3431812169474246e-05
5979,619.241759515,6.5753,1.3423401183148793e-05
5980,619.34103521,5.5977,1.3415105787142942e-05
5981,619.442788159,5.5648,1.3406578117919044e-05
5982,619.5430609279992,5.9343,1.3397850583681731e-05
5983,619.6435326289993,6.0693,1.338922202056398e-05
5984,619.7411532779988,6.3777,1.338059552012295e-05
5985,619.8361698609988,5.0752,1.3372208580450602e-05
5986,619.9319562629989,3.7265,1.33640475375444e-05
5987,620.0305415490002,5.9405,1.3355844337179099e-05
5988,620.1271905119993,6.6448,1.3347385733017313e-05
5989,620.2258006969987,5.1491,1.3339076513920385e-05
5990,620.3250982769987,5.6873,1.3330627096434192e-05
5991,620.4232272469999,6.3249,1.3322129144393952e-05
5992,620.5231769619986,5.78,1.3313685206067656e-05
5993,620.6197632179992,6.3734,1.3305150730107185e-05
5994,620.7155599409998,6.4579,1.3296850823543058e-05
5995,620.8132136759996,5.8589,1.328865397627847e-05
5996,620.9100868349997,4.8381,1.3280288234055157e-05
5997,621.0080253219985,5.812,1.3271983064071067e-05
5998,621.1034792329992,5.32,1.3263605646238442e-05
5999,621.2013593729989,5.6026,1.325543151665985e-05
6000,621.3002036130001,5.6877,1.3247055443936074e-05
6001,621.3991580019992,5.8272,1.323859881279074e-05
6002,621.5002290829998,5.9628,1.3230083737411824e-05
6003,621.5965556249994,5.3886,1.322149962534372e-05
6004,621.6940433489999,5.2109,1.3213239846806758e-05
6005,621.7933412969996,6.2381,1.3204917730578098e-05
6006,621.8920726870001,4.895,1.3196413108496413e-05
6007,621.9920963099994,5.8238,1.3187997733576985e-05
6008,622.0914205159988,5.5632,1.317934505893886e-05
6009,622.189715769,3.4479,1.3170863989050637e-05
6010,622.2914215279998,5.8487,1.3162561690940886e-05
6011,622.3885890399997,5.0943,1.3153872808272003e-05
6012,622.4857941169994,5.5242,1.3145588695374279e-05
6013,622.5811009279987,5.4642,1.3137284893404217e-05
6014,622.6778845039989,4.7734,1.3129149942873065e-05
6015,622.7755223639997,6.7196,1.3120897645665723e-05
6016,622.8718825109991,4.8546,1.3112556181819502e-05
6017,622.969232899999,5.3084,1.3104329217462374e-05
6018,623.0680913899996,5.7601,1.3096010861085661e-05
6019,623.1687527409995,5.7098,1.3087622935396038e-05
6020,623.2673122899996,5.7889,1.3078957842416532e-05
6021,623.3646152269994,6.05,1.3070628780523036e-05
6022,623.4638458469999,5.8094,1.306231828529994e-05
6023,623.5620623199993,3.8411,1.3053891222310918e-05
6024,623.6603007379999,6.2143,1.3045522825077636e-05
6025,623.7558944149987,6.3348,1.3037167236370384e-05
6026,623.8482135009999,5.7824,1.3029017122573318e-05
6027,623.945215239999,3.7274,1.3021159129808519e-05
6028,624.0414658230002,5.3619,1.301290106302252e-05
6029,624.1382537739992,5.6104,1.3004731811154852e-05
6030,624.2357888159986,5.5899,1.2996505186003333e-05
6031,624.3353462079995,6.5954,1.2988212696937177e-05
6032,624.433540820999,5.9157,1.297972753457056e-05
6033,624.5320975999985,5.6097,1.2971314499570153e-05
6034,624.6316546769995,5.7536,1.2963002866318784e-05
6035,624.7317804199993,5.8376,1.2954531887404083e-05
6036,624.828071078,5.4174,1.294604219623047e-05
6037,624.9259317010001,5.8994,1.2937851928474714e-05
6038,625.0230683169993,5.6951,1.2929460643038402e-05
6039,625.1206471400001,5.2314,1.2921296799790957e-05
6040,625.2185348179992,5.6463,1.2913020309835683e-05
6041,625.3163121950001,6.3134,1.2904729961709924e-05
6042,625.414923422999,4.7842,1.2896418392581023e-05
6043,625.5142740219999,5.2803,1.288806256329485e-05
6044,625.6118575749988,6.3705,1.2879633615089087e-05
6045,625.710837392,5.601,1.2871342096573463e-05
6046,625.8082147369987,5.8145,1.2862957131390153e-05
6047,625.9034888360002,4.6979,1.2854682080240344e-05
6048,625.9992688719994,6.1389,1.2846628749660372e-05
6049,626.0973874689989,5.5026,1.2838513072115604e-05
6050,626.1948582999994,5.9155,1.2830195992961324e-05
6051,626.2946176400001,6.0531,1.2821955181321055e-05
6052,626.3922897029988,5.4687,1.2813513988194465e-05
6053,626.4887978549996,6.1446,1.2805231592751815e-05
6054,626.5872458619997,6.2352,1.279706357526665e-05
6055,626.6790694569991,6.0362,1.2788750917414899e-05
6056,626.7756393809996,5.8258,1.2780981313948625e-05
6057,626.8706597969995,6.4563,1.2772802695069097e-05
6058,626.9694908419988,5.7868,1.276476715786491e-05
6059,627.067817309,6.3206,1.2756412672277318e-05
6060,627.1671945019989,5.5331,1.2748023868661935e-05
6061,627.2658934739993,6.7681,1.273969458971996e-05
6062,627.3636338529996,5.8792,1.2731368465259057e-05
6063,627.462105179,5.5832,1.2723088467248374e-05
6064,627.5604320879993,5.7535,1.2714782567565709e-05
6065,627.6594105579989,5.3722,1.270642558411984e-05
6066,627.7582074339989,5.3212,1.2698025502339089e-05
6067,627.854892841,5.0766,1.2689774092800654e-05
6068,627.9529386879985,5.4953,1.2681576909484976e-05
6069,628.0508602619993,6.0586,1.2673354800819648e-05
6070,628.1484923049993,6.4259,1.2665103747908678e-05
6071,628.2460397079994,6.5562,1.2656877303974137e-05
6072,628.341614428,6.2516,1.264864283153151e-05
6073,628.4380445379993,5.6764,1.2640586455672427e-05
6074,628.5342228209993,6.1616,1.2632464906102265e-05
6075,628.6307072609998,6.0064,1.2624351064450576e-05
6076,628.7298535279988,5.9744,1.261623158940088e-05
6077,628.8300838989999,5.5336,1.260787793195608e-05
6078,628.9293722169987,5.4294,1.2599424334003113e-05
6079,629.0286518559988,5.7711,1.2591013499841392e-05
6080,629.1264403109999,5.7421,1.2582722506854894e-05
6081,629.2232552799996,6.0108,1.25744834747911e-05
6082,629.3228911739989,6.0479,1.2566353752019034e-05
6083,629.4201299929991,5.0905,1.2557962877546828e-05
6084,629.5173054030001,5.4196,1.2549780538041522e-05
6085,629.6097369299987,5.395,1.2541615525177264e-05
6086,629.708551357,5.3123,1.2533870172221807e-05
6087,629.8085380369994,5.564,1.2525542163667391e-05
6088,629.9081873809992,5.5875,1.2517137088828229e-05
6089,630.0074242699993,5.9064,1.2508767772235736e-05
6090,630.1067030220001,6.1162,1.2500447184235074e-05
6091,630.2066825860002,5.7185,1.2492119980799191e-05
6092,630.3048047089997,4.2313,1.2483733258025149e-05
6093,630.4024661399999,6.551,1.2475417456009148e-05
6094,630.5017413979986,4.5216,1.2467278246274228e-05
6095,630.5941245739996,5.7151,1.2458927212733623e-05
6096,630.6918778459985,5.7876,1.2451229228487783e-05
6097,630.7886903789986,6.4499,1.2442981967772202e-05
6098,630.8838443829991,5.5345,1.2434890055889774e-05
6099,630.9827944439985,6.1426,1.242691329644694e-05
6100,631.0824342269989,5.6969,1.2418589697621583e-05
6101,631.179303773999,5.1222,1.241021435161524e-05
6102,631.2814204360002,4.6906,1.2402169027952299e-05
6103,631.3802515019997,5.9174,1.2393592012670455e-05
6104,631.4792631609998,6.3391,1.2385348781009829e-05
6105,631.5764408710002,4.0132,1.2377055413786578e-05
6106,631.6737662659998,5.9314,1.2368896501391722e-05
6107,631.7743658909985,5.7544,1.2360768614640933e-05
6108,631.8713812810001,6.4144,1.2352371700943933e-05
6109,631.9705099490002,5.7782,1.2344239122321335e-05
6110,632.0705570259997,5.5086,1.233596045109887e-05
6111,632.1698891759988,5.7233,1.2327603716659666e-05
6112,632.2689035559997,5.7595,1.231930514029696e-05
6113,632.3663631609998,4.9796,1.2311022216430765e-05
6114,632.4644860199987,6.1388,1.2302875005856035e-05
6115,632.5623074719988,5.7483,1.2294696839938396e-05
6116,632.6596648750001,4.8842,1.2286521743972183e-05
6117,632.7575070369985,6.7294,1.2278372781394571e-05
6118,632.854283659999,5.9419,1.2270205226261667e-05
6119,632.9516428509996,6.1876,1.2262143114264407e-05
6120,633.0496673369998,4.7035,1.225402476304102e-05
6121,633.1463750309995,5.0112,1.2245846684720668e-05
6122,633.2447678799999,5.9052,1.2237792327545475e-05
6123,633.3451756719987,6.665,1.222949906544505e-05
6124,633.4443896529992,6.5367,1.2221220239950248e-05
6125,633.5408111159995,4.3922,1.2212947562967844e-05
6126,633.6385735229996,6.0573,1.220490162675944e-05
6127,633.7358353619984,5.6337,1.2196768468799155e-05
6128,633.8335561169988,5.3612,1.2188660358300986e-05
6129,633.932209442999,5.4816,1.2180539358994259e-05
6130,634.031664967999,5.9964,1.2172325646192056e-05
6131,634.130539066,6.2154,1.216406937516827e-05
6132,634.2285373539999,5.6197,1.2155829833872953e-05
6133,634.3281987039991,5.8451,1.2147666610452641e-05
6134,634.4253744889993,6.1453,1.2139387379479023e-05
6135,634.5241394999994,6.5129,1.2131297841126399e-05
6136,634.6269450499985,5.6181,1.212310504128405e-05
6137,634.7286470849995,5.1714,1.2114559716706278e-05
6138,634.8264442929994,6.3615,1.2106113158046957e-05
6139,634.9257774239995,6.0364,1.2097973349327444e-05
6140,635.0261757489989,5.5089,1.2089719996344143e-05
6141,635.1254931929998,5.9354,1.2081374145779195e-05
6142,635.2248566719991,6.3129,1.2073156501970464e-05
6143,635.3268663029994,6.4409,1.2064912916380561e-05
6144,635.4264060559999,5.9998,1.2056452155224162e-05
6145,635.5262815189999,5.3756,1.204818377691763e-05
6146,635.6213269419986,5.1132,1.2039908947585512e-05
6147,635.717300758999,4.7242,1.203201016434183e-05
6148,635.8151888880002,5.9589,1.2024058070081726e-05
6149,635.9157346029988,5.491,1.2015859773884667e-05
6150,636.0138009900002,5.8585,1.2007618604334765e-05
6151,636.1139831809996,5.9107,1.199950271080122e-05
6152,636.214072068,6.3504,1.1991215995732333e-05
6153,636.3114879589994,6.4858,1.1982920985247204e-05
6154,636.4108873409987,6.0321,1.19748308160719e-05
6155,636.5088231579994,6.9769,1.1966625870135581e-05
6156,636.6082130589984,6.3039,1.1958523069271305e-05
6157,636.7041054459987,4.7168,1.1950310964139832e-05
6158,636.8010753959989,4.7962,1.194236632155836e-05
6159,636.8996734069988,4.9799,1.1934358164847976e-05
6160,636.9982070749993,4.8112,1.1926211894623283e-05
6161,637.0954376849986,5.3234,1.1918069803937121e-05
6162,637.1915190639993,5.4746,1.1910028791767574e-05
6163,637.2885543439988,6.4781,1.190208412327182e-05
6164,637.3895741139986,5.5305,1.18940976590486e-05
6165,637.488402777999,5.4629,1.1885756181370773e-05
6166,637.5845861119997,4.8718,1.1877577565441359e-05
6167,637.6831130709998,6.5088,1.1869636650398769e-05
6168,637.7806286019986,5.5509,1.1861512095032073e-05
6169,637.8765973919999,5.9461,1.1853478726818664e-05
6170,637.9733304249985,5.9178,1.1845571687153062e-05
6171,638.0694913139996,5.5681,1.1837589820933392e-05
6172,638.1687329469987,6.3534,1.1829655171897994e-05
6173,638.2672626959993,6.1767,1.1821481839371287e-05
6174,638.3661345929995,5.5102,1.1813299868167783e-05
6175,638.4622140020001,6.4771,1.1805227931760485e-05
6176,638.560745752,5.4624,1.17973153298794e-05
6177,638.6568488569992,4.9291,1.1789217270771671e-05
6178,638.7488442239992,5.9857,1.178127514012074e-05
6179,638.8492562419997,4.9345,1.1773719649631184e-05
6180,638.9499527159987,5.7139,1.1765410090031049e-05
6181,639.0501631199986,6.7618,1.175718046954312e-05
6182,639.1495380659999,5.6273,1.1748958227845722e-05
6183,639.2462257449988,4.9458,1.1740773366724924e-05
6184,639.3426924830001,5.9713,1.17328043111147e-05
6185,639.4382376529993,3.6104,1.1724876064964394e-05
6186,639.5356368989997,4.8744,1.1716925049295457e-05
6187,639.6328525779991,5.6951,1.17090238260156e-05
6188,639.7322559599997,5.3215,1.1701054780954165e-05
6189,639.8300334779997,4.4459,1.1692897810464498e-05
6190,639.9288553339993,6.7685,1.1684860787685292e-05
6191,640.0270507869991,4.9623,1.1676660863406604e-05
6192,640.1234473650002,6.1717,1.1668713375403953e-05
6193,640.222323172,5.4737,1.1660801284858804e-05
6194,640.3201938729999,6.2919,1.1652713646417288e-05
6195,640.4191705159992,5.4379,1.1644667128897315e-05
6196,640.5180789789993,6.2067,1.1636564094792246e-05
6197,640.6165068689988,6.1277,1.16284592721865e-05
6198,640.7142418160001,6.0013,1.1620381247793e-05
6199,640.8082782739984,5.6811,1.161239320492459e-05
6200,640.9066672619992,5.2334,1.1604702464273303e-05
6201,641.0061589179986,6.0867,1.1596633458653178e-05
6202,641.1049732949996,5.6155,1.158850156635617e-05
6203,641.2026670239993,6.5449,1.1580402163081405e-05
6204,641.2989132549992,6.3802,1.1572431541456119e-05
6205,641.3963069349993,5.169,1.1564541018551105e-05
6206,641.4962357619988,6.124,1.1556582478146675e-05
6207,641.5960431009989,6.5498,1.1548424729343852e-05
6208,641.694994513,5.1553,1.1540168435548996e-05
6209,641.7929962319995,6.0203,1.1532177757260948e-05
6210,641.8903179680001,5.5383,1.1524168243970957e-05
6211,641.9879760059994,6.6494,1.1516214837804854e-05
6212,642.0858166559992,4.6707,1.1508235199763424e-05
6213,642.182709662,6.0997,1.1500263133061884e-05
6214,642.2789432720001,5.4021,1.1492344437576011e-05
6215,642.3778514449987,5.4129,1.1484500667660114e-05
6216,642.4763486679985,5.5248,1.147644890977217e-05
6217,642.5721186189985,4.7535,1.1468407846666872e-05
6218,642.6702535089989,5.9347,1.146059667966767e-05
6219,642.7680519489986,5.5797,1.1452618490139283e-05
6220,642.8662791179995,6.06,1.144463007090785e-05
6221,642.9630463969988,5.1754,1.143663820596285e-05
6222,643.0595546669992,5.7026,1.1428736691742443e-05
6223,643.1547469039997,5.8276,1.1420897122341149e-05
6224,643.2514156879988,4.733,1.1413138590529668e-05
6225,643.3481923939999,5.4396,1.1405275387097308e-05
6226,643.4452717160002,5.4455,1.139740232116743e-05
6227,643.5442763499996,5.7032,1.1389501492130489e-05
6228,643.642649465999,5.6025,1.138140360486216e-05
6229,643.741735055999,6.2013,1.137345967319656e-05
6230,643.8397376949997,5.9842,1.1365403546056513e-05
6231,643.9396524299991,5.5687,1.135744285568447e-05
6232,644.0388532409997,5.3848,1.1349317157194473e-05
6233,644.1380226869987,5.984,1.1341257514164717e-05
6234,644.2386814929996,6.1019,1.133320076041818e-05
6235,644.3388863589989,6.5105,1.132504320431176e-05
6236,644.4368279579994,5.9138,1.1316912586094219e-05
6237,644.5340766929985,5.5422,1.1308949936468463e-05
6238,644.6306328549999,5.2827,1.1301070613768155e-05
6239,644.7283468659989,5.6358,1.1293229635735772e-05
6240,644.8264257889987,4.763,1.128533176302403e-05
6241,644.923244919999,6.355,1.1277348705941923e-05
6242,645.0203093929995,5.1255,1.126951988721539e-05
6243,645.1180067659989,5.0266,1.1261662835688869e-05
6244,645.2148537429985,6.1562,1.1253758014518262e-05
6245,645.3143679129989,6.3132,1.1245914022915465e-05
6246,645.4159502799994,6.3368,1.1237859988926386e-05
6247,645.5149603299997,5.6661,1.1229642924489745e-05
6248,645.618658297999,6.1637,1.122154651252783e-05
6249,645.7174853849992,5.3722,1.1213235238775041e-05
6250,645.8150026619987,5.3214,1.1205238462121353e-05
6251,645.9123268209987,6.3698,1.1197249422474316e-05
6252,646.0091319669991,4.2651,1.1189483885299858e-05
6253,646.1056707219996,6.0421,1.118164851565178e-05
6254,646.2030586330002,5.4158,1.1173852518669341e-05
6255,646.3013029499998,5.9997,1.1165986440927542e-05
6256,646.4000081119993,4.5228,1.1158047961050635e-05
6257,646.498550155,6.8833,1.1150072919978971e-05
6258,646.5966183820001,6.465,1.1142153112771152e-05
6259,646.6939472089998,6.3137,1.1134229431394119e-05
6260,646.7933991659993,5.428,1.1126380271909324e-05
6261,646.8928095699994,6.1044,1.111835258523015e-05
6262,646.9911514959986,5.3919,1.1110344619645002e-05
6263,647.0886811049986,5.8967,1.1102410539222385e-05
6264,647.1875458509985,6.0212,1.1094482352519854e-05
6265,647.2874642440001,5.1923,1.1086549918839398e-05
6266,647.3843509689996,5.9191,1.1078526466093816e-05
6267,647.4833830979987,4.4979,1.1070725073999365e-05
6268,647.5833811609991,6.8482,1.106269659577038e-05
6269,647.6801081739995,6.1696,1.105468860792912e-05
6270,647.7795920939989,6.2856,1.104691577918952e-05
6271,647.8765652139991,4.9899,1.103892666871921e-05
6272,647.973584325,5.9273,1.103110544811307e-05
6273,648.0710856759997,4.8613,1.1023320117811561e-05
6274,648.1633820339994,6.3914,1.1015477098403982e-05
6275,648.2639143609995,6.9246,1.1008076552615121e-05
6276,648.3603670609991,5.9518,1.0999991083012585e-05
6277,648.4594147939988,6.3082,1.0992217943001437e-05
6278,648.557390385,6.1588,1.098428869891287e-05
6279,648.6565324269995,5.6825,1.0976323806415903e-05
6280,648.7546232269997,6.7348,1.0968472077529729e-05
6281,648.853177007999,6.0959,1.0960597262898225e-05
6282,648.9522698820001,6.2906,1.095269426684879e-05
6283,649.0494882149997,6.2795,1.094474511240721e-05
6284,649.1461718369992,3.1829,1.0936945784487684e-05
6285,649.2427582769997,6.1215,1.0929188197501721e-05
6286,649.3401096969992,6.543,1.0921458815209329e-05
6287,649.4327403039988,6.307,1.0913654562625348e-05
6288,649.529571858,5.151,1.09062414734103e-05
6289,649.6282547239989,6.4084,1.0898467656076761e-05
6290,649.7272367289988,6.2737,1.089059304760113e-05
6291,649.8238252529991,4.8264,1.0882660402950623e-05
6292,649.9219263159994,7.1682,1.0874932035357238e-05
6293,650.0228682409997,6.105,1.0867071555550018e-05
6294,650.1222053069996,5.3176,1.0859016746452524e-05
6295,650.2212817569998,6.1944,1.0851069894773574e-05
6296,650.3197959669997,6.3749,1.08431647608913e-05
6297,650.4182760139993,4.7539,1.0835263921809383e-05
6298,650.5180471889998,6.0471,1.0827419016422052e-05
6299,650.6191116270002,5.0265,1.081943221243345e-05
6300,650.7165564139996,6.4757,1.081137615793039e-05
6301,650.815217759,5.5249,1.0803599767008746e-05
6302,650.9126153519992,4.2754,1.0795734191182569e-05
6303,651.0114708609999,5.9209,1.0787943155241362e-05
6304,651.1118410809995,6.17,1.0780070665313497e-05
6305,651.2127541459995,4.8728,1.077205850556146e-05
6306,651.3122691129993,6.2445,1.0764023533315176e-05
6307,651.411265020999,5.4123,1.0756085905134302e-05
6308,651.509322726999,5.8444,1.0748197635752944e-05
6309,651.6075149129992,6.0153,1.0740380415597078e-05
6310,651.700664046999,5.6528,1.0732580303714815e-05
6311,651.8008305599997,7.0612,1.0725160592987152e-05
6312,651.898638147999,5.6779,1.0717174210496144e-05
6313,651.9909553879988,6.372,1.0709395208883313e-05
6314,652.0901082839991,5.8717,1.0702008247823733e-05
6315,652.1899993059997,6.3207,1.0694173339131985e-05
6316,652.2877564929986,4.9506,1.0686238021216144e-05
6317,652.3850921859994,6.6794,1.0678445621475625e-05
6318,652.4850595059997,5.9888,1.067072291800015e-05
6319,652.5814653729994,5.8332,1.0662787188154478e-05
6320,652.6793780479984,5.9402,1.065513119877704e-05
6321,652.775797504999,5.6744,1.0647362949594436e-05
6322,652.8742886649998,5.6401,1.0639673243777461e-05
6323,652.9717576889998,4.5494,1.0631879200157597e-05
6324,653.0677670969999,4.5751,1.0624131598475064e-05
6325,653.1597608550001,5.6849,1.0616537868893653e-05
6326,653.2597283449995,6.5263,1.060923483981141e-05
6327,653.3595115699991,5.829,1.0601308602691228e-05
6328,653.4586524389997,6.3305,1.0593407595477142e-05
6329,653.5580591399994,5.7966,1.0585555831960104e-05
6330,653.6571889930001,5.6989,1.0577663583235887e-05
6331,653.7560789229992,6.4925,1.0569828090795652e-05
6332,653.8573295879996,5.2128,1.0562002262602327e-05
6333,653.956517962999,5.1372,1.0553981478270126e-05
6334,654.055566047,6.0167,1.0546141072816584e-05
6335,654.1571624929984,6.5079,1.0538300494478187e-05
6336,654.258189053,4.1861,1.0530183601911675e-05
6337,654.3516883839984,5.9034,1.0522283680585983e-05
6338,654.4524699099984,6.2941,1.0514890782796389e-05
6339,654.5528470619993,6.606,1.0506939794286682e-05
6340,654.6510448029985,5.7103,1.0498980085670934e-05
6341,654.7439480329995,6.0101,1.0491239193265492e-05
6342,654.8428317090002,4.9285,1.0483912164747853e-05
6343,654.9403124209985,5.3103,1.0476092471139864e-05
6344,655.0383794549998,5.0012,1.0468410615336794e-05
6345,655.1353104519985,6.3738,1.0460680873368486e-05
6346,655.2342550779995,5.5831,1.0453022021052275e-05
6347,655.3285996229988,3.9289,1.0445231306379243e-05
6348,655.4251862869987,6.3043,1.043777044380646e-05
6349,655.5208163829993,5.5284,1.0430169310971025e-05
6350,655.6232313609999,6.3733,1.0422597507443877e-05
6351,655.7208245459988,5.6376,1.0414589940099642e-05
6352,655.8205213699985,5.2062,1.0406887894478512e-05
6353,655.921325674999,5.4127,1.0399048635274525e-05
6354,656.0195848429994,5.1978,1.039111886168653e-05
6355,656.1170685919988,5.6083,1.038337360533968e-05
6356,656.2139760449991,5.2496,1.0375701596543111e-05
6357,656.3123714349986,5.9755,1.0368096897759869e-05
6358,656.4092283259997,5.2908,1.0360369321277491e-05
6359,656.5054093119998,5.4532,1.0352737898053444e-05
6360,656.6025673179993,6.5996,1.0345181595790902e-05
6361,656.7016956179996,5.4053,1.033756868103755e-05
6362,656.7998684909999,5.8833,1.0329772162013246e-05
6363,656.8970954910001,6.7016,1.0322062461804374e-05
6364,656.9962030369988,5.7318,1.0314431054052046e-05
6365,657.0915896379993,4.0088,1.0306642278654724e-05
6366,657.188778787,6.2991,1.02991507649377e-05
6367,657.2843251859995,6.01,1.0291555291033889e-05
6368,657.3815820539985,6.1234,1.0284073539526575e-05
6369,657.4805735549999,5.3462,1.0276452637945711e-05
6370,657.5810408599991,6.1655,1.026869225374654e-05
6371,657.6776433449995,5.1159,1.026082166357964e-05
6372,657.7759164559993,6.0744,1.0253242029928544e-05
6373,657.8755363559994,6.5202,1.0245557905354194e-05
6374,657.9726968639989,6.235,1.023776008843923e-05
6375,658.0707241250002,4.8305,1.0230170435277294e-05
6376,658.1699939350001,6.0916,1.0222481587354444e-05
6377,658.266416429,4.3641,1.0214710927522803e-05
6378,658.3639481889986,6.2825,1.0207183859863583e-05
6379,658.4605089069992,6.0204,1.0199565336408116e-05
6380,658.5604891249986,4.705,1.019201553369151e-05
6381,658.6570923309991,4.7486,1.0184217042846389e-05
6382,658.7564835249996,6.5803,1.017667141744167e-05
6383,658.8543754169987,5.5907,1.0168903207555747e-05
6384,658.9459542579989,6.5663,1.016127325519046e-05
6385,659.0444891030002,6.7453,1.0154156903099405e-05
6386,659.1434382759999,6.0701,1.0146433675085296e-05
6387,659.2429777099987,5.6918,1.0138734792495973e-05
6388,659.3400361719996,4.7409,1.013090038072225e-05
6389,659.4389632579987,5.6543,1.0123390700398786e-05
6390,659.5375310319996,4.9145,1.0115701759724003e-05
6391,659.6355144099998,6.3455,1.0108018699050792e-05
6392,659.733930774999,5.8118,1.0100373314934644e-05
6393,659.8333059830002,5.9927,1.0092649674433694e-05
6394,659.9299120069991,5.1197,1.0084985662455467e-05
6395,660.0289800909995,5.4703,1.0077462890468233e-05
6396,660.1286418039999,6.1593,1.0069767815771258e-05
6397,660.225219299,6.2807,1.0062014855924751e-05
6398,660.321533717999,5.6419,1.0054512467192365e-05
6399,660.4212670709985,5.62,1.0047005904250808e-05
6400,660.5221129869988,5.7159,1.0039283652641655e-05
6401,660.6223752009992,4.9645,1.0031446618911056e-05
6402,660.7206318329991,5.3031,1.0023595814655699e-05
6403,660.8167597539996,5.7023,1.0016019977800686e-05
6404,660.9154385509992,4.747,1.0008566259002102e-05
6405,661.0179109769997,5.2969,1.0000886111812572e-05
6406,661.1159982779991,5.6065,9.99297480183425e-06
6407,661.2162359819995,6.3081,9.985367826515423e-06
6408,661.3121416369995,6.2836,9.977601330157258e-06
6409,661.4123735939993,5.7983,9.970154396476389e-06
6410,661.5113657419988,5.3646,9.962389833633521e-06
6411,661.6110295929993,6.3253,9.954710689310634e-06
6412,661.7086870069998,6.3622,9.947011738138447e-06
6413,661.8059716179996,6.0456,9.939444876399095e-06
6414,661.9035326459998,5.8599,9.9319202167028e-06
6415,662.0016902809984,5.7004,9.924343152215812e-06
6416,662.0996659100001,6.3269,9.916790133623299e-06
6417,662.1978945129995,5.852,9.909201607692522e-06
6418,662.2887938570002,6.0718,9.901614583190805e-06
6419,662.3859510229995,6.4158,9.894615447340335e-06
6420,662.4874428259991,6.082,9.887084191010565e-06
6421,662.5849566319994,6.5392,9.879255227618547e-06
6422,662.6854309639984,6.8437,9.87170522073379e-06
6423,662.7838424049987,6.1304,9.863965023553879e-06
6424,662.8829832439988,5.5016,9.856355636651193e-06
6425,662.981522525999,6.7461,9.848722124470019e-06
6426,663.0786775899996,5.9786,9.841112500974717e-06
6427,663.175978420999,5.9851,9.833628613471071e-06
6428,663.2736640839994,6.424,9.82605726673679e-06
6429,663.3710565359997,4.8288,9.818601467392405e-06
6430,663.4725007549987,6.5307,9.811091617674007e-06
6431,663.5690683369994,6.039,9.803303049540272e-06
6432,663.6676593569991,5.8223,9.795856065123788e-06
6433,663.7677843889996,6.2495,9.788276301253902e-06
6434,663.8641559070002,4.2029,9.780572095022214e-06
6435,663.9613977469999,5.4839,9.773137436712062e-06
6436,664.0591742559991,5.7226,9.765669488218465e-06
6437,664.1593839039997,5.5404,9.758170352221957e-06
6438,664.2607356519984,6.7085,9.75046508788173e-06
6439,664.3591194539986,4.8816,9.742689349465447e-06
6440,664.4585285019984,4.8504,9.73503771552798e-06
6441,664.5568223699993,5.8548,9.727479667127548e-06
6442,664.6555700749996,6.3622,9.71995403743132e-06
6443,664.7541118289992,6.0074,9.712358514717636e-06
6444,664.8567482139988,5.7696,9.70481190403946e-06
6445,664.9524339679992,4.2175,9.696936467470466e-06
6446,665.0490168109991,5.0013,9.689595421849493e-06
6447,665.1448093129984,5.7564,9.682207460933257e-06
6448,665.240692677,5.3758,9.674852163606274e-06
6449,665.3394827459997,5.8242,9.66749473973248e-06
6450,665.4404631039997,6.6154,9.659950830125421e-06
6451,665.539301498,5.1788,9.652180510646056e-06
6452,665.6374652509985,5.5893,9.644643170288956e-06
6453,665.7335644300001,5.8702,9.63714521461162e-06
6454,665.831295213,6.0027,9.629791458830711e-06
6455,665.9298267459999,5.7267,9.622326377935917e-06
6456,666.0266427949991,5.9897,9.614780741682444e-06
6457,666.1247278800001,6.5868,9.60738783335816e-06
6458,666.2201464609989,4.8797,9.59988672998448e-06
6459,666.3172640149987,4.8945,9.592568281681563e-06
6460,666.4162273769998,5.1127,9.585210294992636e-06
6461,666.512819689,5.5981,9.57763978655464e-06
6462,666.6109381539991,6.0992,9.570270302381697e-06
6463,666.7126911259984,5.8618,9.562726857626331e-06
6464,666.8106144619996,6.4571,9.555035533564968e-06
6465,666.9125481039991,6.3597,9.547567576162947e-06
6466,667.0102109889995,4.9184,9.539814309812498e-06
6467,667.1090834890001,5.3981,9.532327386535633e-06
6468,667.206047927999,5.1814,9.524823874340805e-06
6469,667.3048446849989,6.5864,9.517437166493746e-06
6470,667.4025516040001,5.8232,9.50992222567523e-06
6471,667.5029228009989,5.3608,9.502480999258445e-06
6472,667.6029529119987,6.0345,9.494833554523452e-06
6473,667.7016233159993,6.8607,9.487200639331515e-06
6474,667.7985414039995,6.171,9.479709066576659e-06
6475,667.8977939409997,5.8371,9.472379639171059e-06
6476,667.9958480339992,5.4405,9.464804662351463e-06
6477,668.0933951319985,4.689,9.457404482556201e-06
6478,668.189126833,5.0617,9.449964883404336e-06
6479,668.281763257999,6.4251,9.442706773341233e-06
6480,668.3808639620001,5.3294,9.43562587342526e-06
6481,668.476578283,5.0879,9.428162042773395e-06
6482,668.5738730679986,5.7386,9.420902265795947e-06
6483,668.6736530669987,6.337,9.413533223310381e-06
6484,668.7740817429985,6.1528,9.40596383812531e-06
6485,668.8708619889985,5.2503,9.398370379350396e-06
6486,668.9690915419997,6.3402,9.391025644848548e-06
6487,669.0666959999999,5.2744,9.383581717734185e-06
6488,669.1632335859995,5.2595,9.376198053698754e-06
6489,669.2620190009984,5.6868,9.368867706607337e-06
6490,669.3615320659992,5.7326,9.361426441597404e-06
6491,669.4606647539986,6.0874,9.353816086925398e-06
6492,669.5574321169988,5.9531,9.346402875200546e-06
6493,669.6538324329995,4.6759,9.339065400697178e-06
6494,669.7518532369995,6.0986,9.331783550456796e-06
6495,669.8509132219988,5.4946,9.324396670477827e-06
6496,669.9498338140002,6.3313,9.316918238800073e-06
6497,670.0472907120002,5.6307,9.309376227103286e-06
6498,670.1388129459992,6.3494,9.302090083722064e-06
6499,670.2358464289991,5.7338,9.29520461908858e-06
6500,670.3323876279992,5.7228,9.28786007249548e-06
6501,670.4310000289988,5.3347,9.28052625812579e-06
6502,670.530148935999,5.4966,9.273152116964476e-06
6503,670.6304172009986,6.275,9.265675101762328e-06
6504,670.7301378769989,5.3571,9.25812635884149e-06
6505,670.8289645349996,5.7068,9.250588517140307e-06
6506,670.9254721829984,4.3373,9.243154968445106e-06
6507,671.024553969999,4.9513,9.235877792989883e-06
6508,671.1224522409993,4.4987,9.228436335425184e-06
6509,671.2180495470002,6.0816,9.221083490556057e-06
6510,671.317123752,5.1956,9.213893709238768e-06
6511,671.413404601999,5.7715,9.206446902425253e-06
6512,671.5118229189993,5.9459,9.199207232198533e-06
6513,671.6100920739991,6.0941,9.191807680142169e-06
6514,671.7102746330002,5.5668,9.1844493568083e-06
6515,671.8104788319997,6.0314,9.176923532397483e-06
6516,671.9116028439985,5.4833,9.169408254381981e-06
6517,672.009814867999,5.8579,9.161809198109023e-06
6518,672.107001888,5.2223,9.15443430537675e-06
6519,672.202812468,5.0684,9.14713336770458e-06
6520,672.3033495219988,6.007,9.139962603712882e-06
6521,672.4026408310001,5.6361,9.132418788903436e-06
6522,672.5002415279996,5.5071,9.12500712680939e-06
6523,672.5995070629997,6.0339,9.117598969502632e-06
6524,672.7003313529985,5.9117,9.110262233242905e-06
6525,672.8041280449997,5.8336,9.102725547705765e-06
6526,672.9036062359992,5.7284,9.094928711991533e-06
6527,673.001960960999,6.2221,9.087496833116802e-06
6528,673.1013634329993,6.5069,9.080144107648538e-06
6529,673.1986612229994,5.809,9.072722539370476e-06
6530,673.2968151679997,5.7396,9.065433416932534e-06
6531,673.394951413,5.9718,9.058103343901586e-06
6532,673.4937949169998,6.3261,9.050711280441495e-06
6533,673.593648013999,6.3093,9.043407938992695e-06
6534,673.6926845519993,6.1361,9.035959395525495e-06
6535,673.7931231509992,6.1771,9.028569120456393e-06
6536,673.8927658239991,6.6469,9.021026268580502e-06
6537,673.9907878829999,5.1791,9.013640454353978e-06
6538,674.088650402,6.2383,9.006335938910995e-06
6539,674.1860659529993,6.1274,8.999033132868048e-06
6540,674.2834140049999,6.1371,8.991787763928109e-06
6541,674.379981009999,6.3414,8.984532667768144e-06
6542,674.4788806439992,5.1279,8.977342455838988e-06
6543,674.5796417329984,6.1448,8.969984669044054e-06
6544,674.6789344889985,5.9339,8.962502880356567e-06
6545,674.7758659419997,5.5773,8.955117713108619e-06
6546,674.8733630810002,5.5663,8.94789612944941e-06
6547,674.9723775669991,6.3088,8.940642835637874e-06
6548,675.0706220679986,3.7794,8.9333073659036e-06
6549,675.1680275039998,5.2782,8.926004846845683e-06
6550,675.2672006920002,6.3893,8.918768972838459e-06
6551,675.3651890229994,5.9397,8.91142204129824e-06
6552,675.4619784159986,5.3383,8.904142340794211e-06
6553,675.5612845209998,5.4478,8.896945511296462e-06
6554,675.6610675089996,5.8906,8.88959037297885e-06
6555,675.7601526339986,5.718,8.882193769478372e-06
6556,675.8606108549993,6.0498,8.874862847399431e-06
6557,675.9590881969998,4.6383,8.867405759470514e-06
6558,676.0588724889985,6.9195,8.86011653480713e-06
6559,676.1571449449984,6.3658,8.852739831934628e-06
6560,676.2558681329992,6.6744,8.845459967523604e-06
6561,676.3524485090002,5.2876,8.83814152050834e-06
6562,676.4498072400002,5.6449,8.831002000534064e-06
6563,676.5463021809992,6.1137,8.823816426445866e-06
6564,676.6442611859984,4.6911,8.816670239051007e-06
6565,676.743788374999,5.2583,8.809442623805932e-06
6566,676.8443103979989,4.023,8.802096087737523e-06
6567,676.9429283829995,5.772,8.79466879323269e-06
6568,677.0398002049988,5.868,8.787397241873568e-06
6569,677.1376732879999,5.3981,8.780139436573514e-06
6570,677.2373286989987,5.3086,8.77301358151756e-06
6571,677.3364906719999,4.649,8.7656749475395e-06
6572,677.4375825539992,5.9805,8.758347646156093e-06
6573,677.5357155559996,5.053,8.750912293281e-06
6574,677.6345060619988,6.2318,8.743676055604408e-06
6575,677.7335610369992,5.3754,8.736388638627208e-06
6576,677.8330930579996,6.5682,8.729108540763566e-06
6577,677.932201190999,4.8515,8.721737925162171e-06
6578,678.0300966099985,5.8737,8.71448955318695e-06
6579,678.1284479629994,5.9292,8.707289516121167e-06
6580,678.2285123089987,6.1018,8.70005065635704e-06
6581,678.3262917419997,5.6523,8.692699528240173e-06
6582,678.4236890949996,6.1258,8.685446554595136e-06
6583,678.5235676459997,6.4358,8.678355628016954e-06
6584,678.6228513729984,5.9009,8.67103460721548e-06
6585,678.7242451080001,6.0541,8.663757996125988e-06
6586,678.8233494179985,4.9493,8.656294980886568e-06
6587,678.9164835539996,6.7072,8.649019366567821e-06
6588,679.0168499769989,5.3503,8.642135452683444e-06
6589,679.1151707879999,5.7222,8.634842614783734e-06
6590,679.2134438859994,5.6601,8.627642614717694e-06
6591,679.310794862,5.7075,8.62042538262549e-06
6592,679.4115015709995,6.7881,8.613301967875201e-06
6593,679.5111309339991,6.0395,8.605948142848566e-06
6594,679.6110089879985,6.2711,8.598646455700028e-06
6595,679.7124435669994,6.2711,8.591328795830519e-06
6596,679.8121375819992,5.5196,8.583922028862603e-06
6597,679.9095387189991,4.9633,8.576622066184326e-06
6598,680.0083325830001,5.9106,8.56949478518307e-06
6599,680.1063614750001,5.2039,8.562291902659025e-06
6600,680.2036066599994,6.6194,8.555121655212043e-06
6601,680.3017743009987,6.3772,8.548024348194278e-06
6602,680.3988383179985,5.7229,8.540861197740241e-06
6603,680.4972299739984,5.3636,8.533761644680355e-06
6604,680.5934496199989,5.7573,8.526587972074726e-06
6605,680.6925233089987,5.2667,8.519530604171819e-06
6606,680.7841689859997,5.5849,8.512350110813058e-06
6607,680.8836746379984,6.0495,8.505689533381345e-06
6608,680.9811423329993,5.62,8.498427144802116e-06
6609,681.0795470979992,4.7925,8.491322817662103e-06
6610,681.1772324929989,5.4148,8.484170064395946e-06
6611,681.2733548619999,5.4211,8.47705136588605e-06
6612,681.370703180999,5.7302,8.47005186763713e-06
6613,681.4704420439994,5.6269,8.462977583408568e-06
6614,681.5708390179989,5.8655,8.455723991850969e-06
6615,681.6704728529985,6.5706,8.44843130715354e-06
6616,681.7676708179988,5.5747,8.441185311094124e-06
6617,681.8660477459998,5.6866,8.434128701859758e-06
6618,681.965001601,5.7781,8.42691610232693e-06
6619,682.0603266329999,4.364,8.419810610639683e-06
6620,682.1578448,5.5864,8.412891211537594e-06
6621,682.2573941419996,5.8794,8.4058224145355e-06
6622,682.3556689079996,5.8643,8.398599693675874e-06
6623,682.4526409259997,6.085,8.391469124665682e-06
6624,682.5494005569999,6.3307,8.384444140141753e-06
6625,682.6460476169996,3.9107,8.377449379499242e-06
6626,682.744026983999,5.1385,8.370457519110359e-06
6627,682.8418138489997,6.4763,8.363355243213883e-06
6628,682.9395321009997,5.3277,8.356273532532263e-06
6629,683.0357167069997,5.3925,8.349186572861836e-06
6630,683.1327294509992,4.721,8.342246338042711e-06
6631,683.2332127609989,6.0835,8.33522037508413e-06
6632,683.3312471739991,6.587,8.327981072674661e-06
6633,683.4305690739984,6.4606,8.320894152932795e-06
6634,683.528218039999,5.3511,8.313725874581408e-06
6635,683.6235331749995,3.8,8.306667070819308e-06
6636,683.722308888,5.7659,8.299775557307877e-06
6637,683.821608147,4.8715,8.292670916589896e-06
6638,683.921314055,5.3395,8.285496251903471e-06
6639,684.019662757999,5.382,8.27832242732766e-06
6640,684.1173167359993,5.5935,8.271227094614853e-06
6641,684.2137548840001,4.443,8.26418682331251e-06
6642,684.3108018039984,4.5488,8.257247915161118e-06
6643,684.4059846989985,4.4894,8.25025741756421e-06
6644,684.5065848189988,6.0766,8.243408735108743e-06
6645,684.6027970589985,4.0185,8.236112590485753e-06
6646,684.7008214259986,6.9857,8.22924581314359e-06
6647,684.7996587189991,5.5365,8.222118901871745e-06
6648,684.8967252789989,5.7059,8.215102813782936e-06
6649,684.9938639169995,5.6809,8.208120127829494e-06
6650,685.091531737,5.1132,8.201150278530042e-06
6651,685.1940680899988,5.1943,8.194136723646537e-06
6652,685.2936196989995,5.3271,8.186771816547323e-06
6653,685.393104576,5.681,8.179635753491341e-06
6654,685.4888263639987,5.309,8.172501375052038e-06
6655,685.5862044629994,5.005,8.16562434070641e-06
6656,685.6891591249987,6.9213,8.158649471550825e-06
6657,685.7893589719988,5.2969,8.151210154318837e-06
6658,685.8895064479984,6.0863,8.14411137638243e-06
6659,685.9878674259999,6.1058,8.136954293328292e-06
6660,686.0865160389985,5.2019,8.129897560849483e-06
6661,686.1865833989996,5.4289,8.12283456011276e-06
6662,686.2857288609994,5.3028,8.115694723949153e-06
6663,686.3857877069986,6.2969,8.108596362378697e-06
6664,686.4842474139987,5.4192,8.101451416678945e-06
6665,686.580968197999,4.9621,8.094397317234908e-06
6666,686.6820387970001,6.1538,8.08749158122358e-06
6667,686.777828241,4.6279,8.080294655535201e-06
6668,686.8749014529985,5.9459,8.073429650215457e-06
6669,686.9733671879985,5.8534,8.066527430718656e-06
6670,687.0714018299986,6.3971,8.05950558929226e-06
6671,687.1682424709998,5.7927,8.052506748871111e-06
6672,687.2648314279995,5.6206,8.045603198222699e-06
6673,687.3634771609995,5.6472,8.038727228058702e-06
6674,687.4651570899987,6.4342,8.031705390197628e-06
6675,687.5656799699991,5.8855,8.02447699967611e-06
6676,687.666806408999,3.7101,8.017310272978703e-06
6677,687.766597889,5.0944,8.010054612211571e-06
6678,687.8671798769992,5.6502,8.003013888531654e-06
6679,687.9672993039985,4.9933,7.995875957264532e-06
6680,688.0646292410001,5.5533,7.988757662829154e-06
6681,688.1633654439993,5.6446,7.981832994167245e-06
6682,688.2626204469998,5.7545,7.974830929588487e-06
6683,688.3630987979996,6.2186,7.96777157215424e-06
6684,688.4556371689996,6.2875,7.960641450129175e-06
6685,688.553858674999,5.7928,7.954095870540473e-06
6686,688.6532889709997,6.4086,7.947117354615997e-06
6687,688.7531877499987,6.3052,7.9399894320805e-06
6688,688.8510498539999,6.4964,7.932989071514465e-06
6689,688.9471260589999,6.2983,7.926052466887668e-06
6690,689.0444925069987,5.1163,7.919254462321865e-06
6691,689.1414529639987,5.7431,7.912367993045827e-06
6692,689.2394360849994,6.1355,7.905507212394677e-06
6693,689.3345432859987,5.1688,7.8985594966101e-06
6694,689.4329306989985,6.2627,7.89182663170626e-06
6695,689.5297759109999,5.1083,7.884877266913395e-06
6696,689.6278269959985,5.6915,7.878040721252567e-06
6697,689.7258663789999,5.895,7.871116163301456e-06
6698,689.8238660739989,5.969,7.864191830927653e-06
6699,689.9245842609998,5.5435,7.857263437326992e-06
6700,690.0228038779987,4.9291,7.850170109218166e-06
6701,690.1210576140002,6.7937,7.843240587709788e-06
6702,690.218938127,4.7359,7.836319785528642e-06
6703,690.3171812359997,5.3893,7.829416481231708e-06
6704,690.4204275029988,6.2865,7.822488694824908e-06
6705,690.521895767999,5.8709,7.8152304064059e-06
6706,690.6202059449988,4.6694,7.808083002050076e-06
6707,690.7189854139997,5.5144,7.801086037676636e-06
6708,690.8166332519995,5.3065,7.79421644489634e-06
6709,690.9134983629992,5.4625,7.787337383183457e-06
6710,691.0077355619997,5.1834,7.780523499465372e-06
6711,691.1072314249996,5.3759,7.773899373100374e-06
6712,691.2049162499989,6.3926,7.766933569665558e-06
6713,691.3023910089996,4.6025,7.760029360234433e-06
6714,691.4000665699987,4.644,7.753196080743314e-06
6715,691.5005797260001,6.4746,7.746346198410237e-06
6716,691.6005707349996,5.9393,7.739304769145208e-06
6717,691.6964771459989,4.7833,7.732299462607328e-06
6718,691.7950233840002,4.9716,7.725548529290633e-06
6719,691.8955876499986,5.9972,7.718662026533652e-06
6720,691.9939599989993,3.3378,7.711543720086595e-06
6721,692.0952578889992,6.4652,7.704717623996166e-06
6722,692.1941201069985,5.8224,7.697655572870913e-06
6723,692.2925684289985,6.3024,7.69072109386699e-06
6724,692.387499683,4.6361,7.683836021144195e-06
6725,692.4852706199999,5.1839,7.677188903326727e-06
6726,692.5835138629991,6.1212,7.67036310994061e-06
6727,692.684179898999,5.6283,7.663498646036445e-06
6728,692.78293166,6.2573,7.656474620548302e-06
6729,692.8804508479989,5.8837,7.649572006441435e-06
6730,692.9768668069992,4.3894,7.642756282314267e-06
6731,693.0742727739998,6.2767,7.636025292982426e-06
6732,693.172360904,6.336,7.629235001162674e-06
6733,693.2702199569994,5.976,7.6224000792099626e-06
6734,693.3692184209995,5.4065,7.615589685860861e-06
6735,693.4662369119997,5.8475,7.608685475473756e-06
6736,693.5645789289993,5.8401,7.60191258821202e-06
6737,693.6659515909996,5.1039,7.59507173995673e-06
6738,693.7639793599992,4.3331,7.588018220354259e-06
6739,693.8634500529988,5.8841,7.5812107937132585e-06
6740,693.9608205539989,3.9977,7.57429877786501e-06
6741,694.0585258489991,6.5857,7.567504234509099e-06
6742,694.1564760009987,5.0115,7.5607474905325495e-06
6743,694.255409763,6.5324,7.553919454659583e-06
6744,694.3545797129991,6.4963,7.547052975858656e-06
6745,694.4528090909989,5.5139,7.540177476965813e-06
6746,694.5518790030001,5.3765,7.5333625895888356e-06
6747,694.6500633790001,5.1886,7.526498614007557e-06
6748,694.7511902939987,5.855,7.519697110057788e-06
6749,694.8542749909993,6.0565,7.512694634979809e-06
6750,694.952367332,5.0175,7.505530043401119e-06
6751,695.0515703780002,6.0216,7.498740733850074e-06
6752,695.1502782259995,5.8478,7.491881401790327e-06
6753,695.2445578719999,4.4069,7.485014539685054e-06
6754,695.340512146,5.1907,7.478496180215702e-06
6755,695.439774860999,5.5491,7.471884559812461e-06
6756,695.5367003419997,4.9399,7.465035268671383e-06
6757,695.6355093329985,5.6813,7.458321630676221e-06
6758,695.7327005529987,6.0151,7.451497358862936e-06
6759,695.8322106079995,6.5135,7.444784801020044e-06
6760,695.9298890009995,4.9654,7.437915284753489e-06
6761,696.0289636729995,6.1312,7.431179360313567e-06
6762,696.1277159259989,5.7701,7.424343265319547e-06
6763,696.226135723,4.8783,7.4175460556714816e-06
6764,696.324006937999,5.665,7.410771820930993e-06
6765,696.4233895409998,5.1084,7.404007917366904e-06
6766,696.5211699579995,5.6209,7.397177754136975e-06
6767,696.6216040250001,6.5233,7.390419202802024e-06
6768,696.7191877589994,6.4618,7.383531988677087e-06
6769,696.8196802019993,5.432,7.376806618304904e-06
6770,696.9177694769987,5.5841,7.369851336799416e-06
6771,697.0163188199986,5.4715,7.363162392248674e-06
6772,697.1169749370001,5.9915,7.356323715448746e-06
6773,697.2137640379988,5.425,7.34948361254e-06
6774,697.3106068099987,5.8419,7.342824767481987e-06
6775,697.406778094999,5.6167,7.336189726251724e-06
6776,697.5054293679987,5.9939,7.329582957203806e-06
6777,697.6011959999996,5.704,7.32282187606293e-06
6778,697.6998280099997,5.5678,7.316247147587243e-06
6779,697.7982109429995,6.3738,7.309508211363397e-06
6780,697.8961023749998,5.8271,7.302757690529469e-06
6781,697.9964888979994,5.8029,7.296034783066652e-06
6782,698.096351188,6.148,7.289181126280267e-06
6783,698.1962454979985,5.9948,7.282290281609061e-06
6784,698.2949246439985,4.9581,7.275531149579995e-06
6785,698.3905530989996,6.0082,7.268777035596841e-06
6786,698.4870326229993,5.4389,7.262243339170089e-06
6787,698.5832613229995,4.347,7.255641776303398e-06
6788,698.6806988099997,3.6302,7.2490752852281515e-06
6789,698.7817565229998,6.1287,7.24242427766168e-06
6790,698.8812503519985,5.7504,7.235532282020166e-06
6791,698.9815116059999,6.3992,7.228757659110863e-06
6792,699.0813364449987,5.6684,7.221859005816736e-06
6793,699.1798807199993,5.583,7.215106437638464e-06
6794,699.276669117,4.6347,7.208400092681811e-06
6795,699.3762631680002,5.1061,7.201749253374168e-06
6796,699.4762611189999,5.5415,7.195020764793345e-06
6797,699.5739723259994,6.0649,7.188208881302186e-06
6798,699.6729892029998,6.1603,7.181570390870815e-06
6799,699.7705324459985,5.7229,7.174766935648578e-06
6800,699.8687996640001,5.4933,7.168211216376352e-06
6801,699.9666265229989,6.646,7.1614979873330936e-06
6802,700.0638903309991,5.2716,7.154877874023372e-06
6803,700.1587443739991,5.9134,7.148267581425572e-06
6804,700.2576365479999,5.877,7.141830102335123e-06
6805,700.3554126439994,6.0683,7.135131238909393e-06
6806,700.4566414860001,6.0643,7.128496914490543e-06
6807,700.5546475949996,5.3036,7.121641224420766e-06
6808,700.6547312549992,6.0764,7.114989014133519e-06
6809,700.7523991279995,5.2811,7.108210005499732e-06
6810,700.8510900900001,5.5268,7.10159586100316e-06
6811,700.9508505559988,5.6437,7.094918334337855e-06
6812,701.0489923839996,5.1789,7.088172712086855e-06
6813,701.1468376859993,5.1841,7.081532244105565e-06
6814,701.2437880749985,5.2903,7.074922474593804e-06
6815,701.3417708749985,5.1902,7.068364136960015e-06
6816,701.4393104599985,6.2045,7.0617444974691246e-06
6817,701.5373779959991,6.3015,7.0551627600999256e-06
6818,701.6349153079991,5.0787,7.048527625109991e-06
6819,701.7336888459995,6.4809,7.0419471820182795e-06
6820,701.8316154629993,4.8056,7.0352451187997935e-06
6821,701.929373682,5.1486,7.028691566904216e-06
6822,702.0270984409999,5.7369,7.0221057947353175e-06
6823,702.129386921999,5.9491,7.015524171847626e-06
6824,702.2265265259994,4.6264,7.008634864799407e-06
6825,702.327326057999,5.5573,7.002102128315413e-06
6826,702.4281447339999,6.7356,6.995243203873433e-06
6827,702.5267726629991,5.5869,6.988549888489246e-06
6828,702.6259479599994,5.9827,6.981911020524465e-06
6829,702.7248224549985,6.0417,6.975250961548773e-06
6830,702.823962294,5.9836,6.968600187795263e-06
6831,702.9262065189996,6.9045,6.961968640146327e-06
6832,703.0261263920002,4.8569,6.9550311404791905e-06
6833,703.1248405369988,6.1507,6.9483973638312325e-06
6834,703.2221122179999,4.8357,6.941772212528211e-06
6835,703.3188257900001,5.6135,6.935236007721637e-06
6836,703.4175578349987,6.5283,6.928766503590614e-06
6837,703.5134658429997,5.3035,6.9221585654697805e-06
6838,703.6157243919988,5.4932,6.9157136996887525e-06
6839,703.7164317879997,6.1214,6.908890613960628e-06
6840,703.8202711899994,4.5856,6.902141658860916e-06
6841,703.9217069699989,6.1767,6.895137491112108e-06
6842,704.0198048530001,5.653,6.888427664826969e-06
6843,704.1177049229991,4.2821,6.881863977248382e-06
6844,704.2182285250001,6.2013,6.8753251087497665e-06
6845,704.3151854659991,5.8726,6.8686233416793616e-06
6846,704.4105597090002,5.6952,6.862126386038179e-06
6847,704.511223522999,5.7515,6.855767397613258e-06
6848,704.6107070909984,6.0852,6.849056887801261e-06
6849,704.7100237229988,5.6737,6.842403498406805e-06
6850,704.8073261709997,5.8076,6.835815155856118e-06
6851,704.8988979269998,5.6634,6.829329431133718e-06
6852,704.9955395889992,5.2599,6.823245598260941e-06
6853,705.0897185180002,4.8945,6.8168008224021004e-06
6854,705.1867227759994,5.5861,6.810526733635278e-06
6855,705.2866192099991,5.3377,6.804080293333046e-06
6856,705.3866281049995,5.8819,6.797402299858516e-06
6857,705.4850306439985,6.519,6.790797802403268e-06
6858,705.585347917,5.4985,6.784238850086558e-06
6859,705.6853039540001,5.1015,6.777591563249502e-06
6860,705.7831774719998,5.8315,6.770952381617571e-06
6861,705.882208047,4.9231,6.764478743198846e-06
6862,705.9806994829996,5.8699,6.75791400865134e-06
6863,706.0819938119985,6.4369,6.751371539474544e-06
6864,706.179094576999,5.1235,6.7446111828210535e-06
6865,706.2700925849986,5.9829,6.738225066998113e-06
6866,706.3678633809996,5.5424,6.732223034989807e-06
6867,706.4676204309999,6.1505,6.725739593353772e-06
6868,706.5647740169989,5.457,6.719133009109938e-06
6869,707.0007273289993,6.0596,6.712703049451124e-06
6870,707.1002801019986,6.3268,6.683840398091426e-06
6871,707.2020066810001,5.5174,6.677282772087026e-06
6872,707.3002200929986,5.6581,6.670576794477085e-06
6873,707.3954744419989,4.9896,6.6641638181852515e-06
6874,707.491228203,5.7712,6.657880440633116e-06
6875,707.5883866549993,5.741,6.6515581175570465e-06
6876,707.6886722569998,6.0934,6.645178501183641e-06
6877,707.786454387,4.2201,6.638578263383069e-06
6878,707.8845001699992,5.9281,6.632142129389587e-06
6879,707.9837789029989,5.2491,6.625692436468936e-06
6880,708.0871623610001,6.027,6.6191672075265e-06
6881,708.1880208809998,5.9235,6.612386950962429e-06
6882,708.2861624429988,4.6247,6.605760557605365e-06
6883,708.3850415069992,6.0552,6.599309951917396e-06
6884,708.4829193919995,5.5684,6.59282705489761e-06
6885,708.582022913999,5.0298,6.5863476261946724e-06
6886,708.6810400469985,6.2989,6.579901378625203e-06
6887,708.7816594830001,6.0238,6.573408283968835e-06
6888,708.8780183529998,5.7757,6.5668257987966634e-06
6889,708.9753237479999,5.3425,6.560506206871916e-06
6890,709.0741968029997,6.0412,6.554083779981577e-06
6891,709.1706332209997,6.4907,6.547677241115827e-06
6892,709.268046403,5.2213,6.541357052979003e-06
6893,709.3667094659995,6.2997,6.534983908737172e-06
6894,709.4654368769989,4.9157,6.528553870330048e-06
6895,709.5623470800001,5.6011,6.5220971841786746e-06
6896,709.6611766759997,5.903,6.515775682107117e-06
6897,709.758677201,4.878,6.509323229331421e-06
6898,709.8572112969996,5.4295,6.502953417288205e-06
6899,709.9552586249993,5.3904,6.4964535408075595e-06
6900,710.0536410650002,4.194,6.490140276464632e-06
6901,710.1508337019986,5.2069,6.483730456232123e-06
6902,710.2474791889999,6.7035,6.477408219567949e-06
6903,710.3446234309995,5.9458,6.471105562460322e-06
6904,710.4472539259987,6.034,6.464776951911444e-06
6905,710.5471112629984,6.2279,6.4581127047430524e-06
6906,710.646217423,6.0701,6.451607687132741e-06
6907,710.7445738789993,6.5866,6.445174510901775e-06
6908,710.8438763679987,5.528,6.438776346448447e-06
6909,710.9414725979987,5.6966,6.432325426911939e-06
6910,711.039599529,4.2824,6.425995401585491e-06
6911,711.1390046139986,6.2577,6.4196288956398095e-06
6912,711.2386758169996,5.3425,6.413187449363003e-06
6913,711.3366075919985,5.3422,6.406722983341373e-06
6914,711.4371599229999,6.2655,6.4003631118345785e-06
6915,711.5364087709986,6.2387,6.393867035107073e-06
6916,711.6346875999989,5.8764,6.387432070695587e-06
6917,711.7335571610001,6.3681,6.381074985659444e-06
6918,711.8305554159997,4.7933,6.374681839924737e-06
6919,711.9273769379997,5.1889,6.368402125195844e-06
6920,712.0269567509986,6.1055,6.362140269315306e-06
6921,712.124848985999,5.1997,6.355721066139688e-06
6922,712.223182234,5.2169,6.349385989003684e-06
6923,712.3208799489985,5.8601,6.343040028538674e-06
6924,712.4188464859999,5.5188,6.3367409831271514e-06
6925,712.5176990719992,5.9443,6.330420585727811e-06
6926,712.6152829049988,3.9275,6.324011466008567e-06
6927,712.7127450049993,5.7872,6.317755766323996e-06
6928,712.8108753729994,5.8429,6.311468727895126e-06
6929,712.9107828529995,5.6568,6.305170263536409e-06
6930,713.0089577259987,5.8715,6.298737225809015e-06
6931,713.1071719899992,5.827,6.292414537361968e-06
6932,713.2062643429999,5.723,6.286107551196416e-06
6933,713.2989673319989,5.3467,6.279730817556543e-06
6934,713.3968811129998,6.7656,6.273786977798188e-06
6935,713.4934234749999,5.2704,6.267474843749099e-06
6936,713.5908870449985,5.4251,6.261283500799809e-06
6937,713.6879178139989,6.2478,6.255036420414639e-06
6938,713.7869456299995,4.6444,6.2488135783906085e-06
6939,713.8858830069985,5.4305,6.242404557092235e-06
6940,713.9842235039996,5.7036,6.23611277503644e-06
6941,714.0821955069987,6.0765,6.2298074280295635e-06
6942,714.1796380249998,5.0805,6.223547522737663e-06
6943,714.277080808999,4.8153,6.217304563133614e-06
6944,714.3738310589997,4.8477,6.211072588627956e-06
6945,714.4724548819995,4.8405,6.2048812156422e-06
6946,714.5711368069988,5.7236,6.1985812825441415e-06
6947,714.670469794999,5.8218,6.192274523719796e-06
6948,714.7681145769984,4.5528,6.1859435808031825e-06
6949,714.8645619539984,5.7546,6.179703539083182e-06
6950,714.9639637749988,5.8424,6.173537274526414e-06
6951,715.0603796839987,5.444,6.167213076308467e-06
6952,715.1597835709999,6.3812,6.16104924096878e-06
6953,715.2577393259999,5.9025,6.154720054582172e-06
6954,715.3570711960001,5.4725,6.148484154375489e-06
6955,715.4582708009984,5.7873,6.142161516041328e-06
6956,715.5542830389986,4.6726,6.1357248180638625e-06
6957,715.6533099919998,6.2672,6.129579374242433e-06
6958,715.7506061329987,5.9719,6.123298428539981e-06
6959,715.8493166359985,5.9984,6.117126156710748e-06
6960,715.946342502999,5.4006,6.110857628594979e-06
6961,716.043362991999,6.0156,6.104701316974787e-06
6962,716.1410236819993,6.4514,6.09853965868008e-06
6963,716.238937357999,4.6318,6.092353183764138e-06
6964,716.337746363999,6.2588,6.0861444843397755e-06
6965,716.4336384569997,5.3239,6.0798836650480805e-06
6966,716.5351366329996,5.7435,6.0737837372647155e-06
6967,716.6346904459988,6.69,6.0673702645560655e-06
6968,716.7361653049993,4.6815,6.0610678609097474e-06
6969,716.8339083789997,5.3923,6.0546467027992245e-06
6970,716.932609051999,5.3533,6.048447357474574e-06
6971,717.0293354219993,5.3647,6.042221457362881e-06
6972,717.1254231589992,5.3371,6.0361023988014856e-06
6973,717.2226021729984,5.8142,6.030016794999807e-06
6974,717.32118128,5.9863,6.023896121542125e-06
6975,717.4218833439991,5.9346,6.017655103690564e-06
6976,717.5218445189985,6.3977,6.0113336499256765e-06
6977,717.6215662079994,5.123,6.0050312794177666e-06
6978,717.720293888,5.4602,5.998695958401299e-06
6979,717.8143841209985,6.2143,5.992501101062403e-06
6980,717.9123859849988,5.7703,5.986609729844972e-06
6981,718.0127865659997,5.8233,5.980411876757941e-06
6982,718.1122546589995,6.1326,5.9741158849987735e-06
6983,718.2103986889997,4.5721,5.967858574361609e-06
6984,718.3070646830001,5.7141,5.961678030849174e-06
6985,718.4038066159992,5.6547,5.95560296306194e-06
6986,718.5058616569986,5.903,5.949475636539744e-06
6987,718.6056137119995,6.1173,5.943128404737508e-06
6988,718.7045669669988,5.5483,5.936860175532299e-06
6989,718.8041462739984,5.5564,5.930653179740098e-06
6990,718.9008709949994,5.8628,5.924420272941389e-06
6991,719.0006750289995,5.2374,5.918342318967119e-06
6992,719.0988129029993,5.3194,5.912111107460677e-06
6993,719.1948775319997,5.2155,5.9059658320318455e-06
6994,719.2867399229999,6.1701,5.899945163350127e-06
6995,719.3845520199993,5.7978,5.894223669291252e-06
6996,719.4809694199994,4.1659,5.888094496074831e-06
6997,719.5789133399994,4.8961,5.882052007949035e-06
6998,719.6742749169989,5.5402,5.8759550402182225e-06
6999,719.772907523,6.1412,5.869977906590773e-06
7000,719.8710696079997,5.7266,5.863847405023961e-06
7001,719.9694645169984,5.2596,5.857723570173448e-06
7002,720.0694177679998,5.9192,5.851574989353392e-06
7003,720.1681195370002,6.1782,5.8453522408524645e-06
7004,720.2660691469991,6.0172,5.839209888194603e-06
7005,720.3669055929986,5.3157,5.833099502388256e-06
7006,720.4647641470001,5.2975,5.8268424327756285e-06
7007,720.5643821590002,6.2399,5.820731938382986e-06
7008,720.6628163329988,5.946,5.81454144526628e-06
7009,720.7628492209988,6.0152,5.80843424866597e-06
7010,720.8580965410001,5.3299,5.802219652779159e-06
7011,720.9544175329993,5.1063,5.7962941843949265e-06
7012,721.0520062689993,5.4574,5.7903150026532516e-06
7013,721.1486659099992,5.4487,5.784257523877648e-06
7014,721.2397187499992,6.4876,5.778271918347053e-06
7015,721.3375460560001,5.4167,5.772645215982925e-06
7016,721.4340327909995,5.7986,5.7665708991671065e-06
7017,721.5341148129992,6.3683,5.760541587641599e-06
7018,721.6352286599995,5.7257,5.7544027669973495e-06
7019,721.7308797299993,3.8423,5.748143166610029e-06
7020,721.8280578039994,6.1347,5.742214053778633e-06
7021,721.9263306849989,6.0932,5.736218311646677e-06
7022,722.0248372339993,5.3457,5.730155151362226e-06
7023,722.1230407839994,5.9296,5.724055248363955e-06
7024,722.2208311859995,5.7778,5.717991539190659e-06
7025,722.3194724999994,6.6034,5.711974926851965e-06
7026,722.4202017259995,5.9228,5.7057903133660355e-06
7027,722.5199726999999,5.3575,5.69965891365895e-06
7028,722.6182264549989,6.293,5.693532592959458e-06
7029,722.7168828449994,5.577,5.687481997259192e-06
7030,722.8159121279987,6.0285,5.681383738908838e-06
7031,722.9137097249986,5.0375,5.675305484299906e-06
7032,723.0142211759994,6.5021,5.669283191793162e-06
7033,723.1123605829998,6.3606,5.663068763971749e-06
7034,723.2087922189985,5.4154,5.657083745232913e-06
7035,723.3078219679992,5.8311,5.651146150992864e-06
7036,723.4086705849986,6.4405,5.6450758322224986e-06
7037,723.5076545430002,4.8794,5.638906108590847e-06
7038,723.6066648919987,5.7909,5.6328296513426e-06
7039,723.7066986829996,4.6403,5.626759158910627e-06
7040,723.80605646,5.6005,5.620617754435381e-06
7041,723.9046273029999,6.6514,5.614536874120949e-06
7042,724.0007616879993,5.8802,5.608508514328772e-06
7043,724.0980074729996,7.0657,5.602624081323912e-06
7044,724.1979554729987,6.4467,5.596687185158614e-06
7045,724.2941604600001,5.1544,5.590578182473563e-06
7046,724.3916914339989,5.5516,5.584680361394842e-06
7047,724.4872498719997,5.9441,5.578729502454904e-06
7048,724.586164975999,5.6501,5.572900371071224e-06
7049,724.685242427,5.8787,5.5668744972958704e-06
7050,724.7818594759992,5.2757,5.5608316475199346e-06
7051,724.8773996519994,5.7911,5.5549106135246025e-06
7052,724.9776194909991,6.0167,5.549097090163111e-06
7053,725.0756008099997,6.0074,5.543020699865545e-06
7054,725.1729549729989,5.4468,5.537056234400317e-06
7055,725.2761043269984,6.3029,5.531056286947142e-06
7056,725.3740544510001,5.9148,5.524857446794218e-06
7057,725.4725955039994,5.6448,5.5188928646161345e-06
7058,725.5692653629994,5.5687,5.512905970125034e-06
7059,725.6677229599991,5.8478,5.507033703548578e-06
7060,725.7637046349992,6.0383,5.501028657387725e-06
7061,725.8600339779987,6.6164,5.495240004204697e-06
7062,725.9551641679991,3.5068,5.489386560973833e-06
7063,726.0522993159993,5.3436,5.483616483425324e-06
7064,726.1484680099984,4.585,5.477751087385274e-06
7065,726.2463169160001,4.8969,5.4719260477286315e-06
7066,726.3432333249984,5.6688,5.46599548792793e-06
7067,726.444068679999,6.2103,5.460144251816068e-06
7068,726.540132746999,6.0324,5.454041188677417e-06
7069,726.6393378969988,5.5527,5.448239610837724e-06
7070,726.7358609449984,6.1932,5.442246394723705e-06
7071,726.8351139779988,5.9964,5.436418509002752e-06
7072,726.9368479280001,6.5525,5.430416992855488e-06
7073,727.035992703999,5.5887,5.424302134390893e-06
7074,727.1338321049989,4.9984,5.418292707728273e-06
7075,727.2317388599986,5.8266,5.412405294755815e-06
7076,727.3314579170001,6.6894,5.406445193930243e-06
7077,727.4303230339992,5.7909,5.40047427587762e-06
7078,727.5281344839987,5.5915,5.394564376395309e-06
7079,727.6266463739994,6.1132,5.388675862484019e-06
7080,727.7259219729985,5.903,5.382770555468239e-06
7081,727.8257410369988,6.4226,5.37680127622221e-06
7082,727.9206726399989,4.1055,5.3707441239973705e-06
7083,728.019330744999,6.3507,5.3650846990818185e-06
7084,728.1167901209992,5.6827,5.359193013119815e-06
7085,728.215704754999,6.3308,5.353318292211176e-06
7086,728.31285862,4.4945,5.347403137908008e-06
7087,728.4118096839993,5.5501,5.34158301633369e-06
7088,728.5091589329986,6.0501,5.3356433576952606e-06
7089,728.6040511619995,4.6601,5.3298275790372495e-06
7090,728.7047738029996,6.1039,5.3241299856938235e-06
7091,728.8027998479993,5.1387,5.318123866337679e-06
7092,728.9024096100002,5.9785,5.312260301112829e-06
7093,729.0005392359999,6.5246,5.306321702316314e-06
7094,729.0983278240001,3.8599,5.300455733501355e-06
7095,729.1950117219985,4.2264,5.294612969104984e-06
7096,729.2916135269988,6.1952,5.288850946836757e-06
7097,729.3905370189987,6.2914,5.2830958600322585e-06
7098,729.4874085049996,5.9459,5.277207028871373e-06
7099,729.5840521199989,6.3283,5.2714202437155555e-06
7100,729.6809995839994,6.3673,5.265665845609224e-06
7101,729.7797846659996,5.3584,5.259902813228151e-06
7102,729.8769507159996,4.7095,5.254025990625433e-06
7103,729.9753011519988,5.938,5.2482556156451035e-06
7104,730.0747019539995,5.6991,5.242409223526523e-06
7105,730.1714734339985,6.2732,5.236493594374744e-06
7106,730.2680357889985,5.978,5.230755962812253e-06
7107,730.3653676769991,3.9034,5.225017868682994e-06
7108,730.4632483249989,5.8498,5.219245372601963e-06
7109,730.561108975,6.7561,5.213456968755373e-06
7110,730.6605010209987,5.5589,5.2076395500004595e-06
7111,730.7587543999998,5.8061,5.201764727864278e-06
7112,730.8576636009984,6.4796,5.195935908923685e-06
7113,730.9535055559991,5.7022,5.190100817777072e-06
7114,731.0495136729987,5.1161,5.184430413075722e-06
7115,731.1482568129995,6.5743,5.1787510884911765e-06
7116,731.2444102599984,5.3996,5.172926101638614e-06
7117,731.3415389729998,4.6036,5.1672215741966564e-06
7118,731.439911337,4.0699,5.161514733408096e-06
7119,731.5372799839988,4.6127,5.155678172618064e-06
7120,731.6305473749999,6.6375,5.149966665624795e-06
7121,731.7286763199991,5.1935,5.144471142306398e-06
7122,731.8284095339986,5.9662,5.138685146914493e-06
7123,731.9282839089992,5.8897,5.132833017990224e-06
7124,732.0278693019991,5.761,5.126942562849146e-06
7125,732.126814534,5.9703,5.12108801541199e-06
7126,732.2249361969989,5.6701,5.115269502703829e-06
7127,732.324182852999,5.2911,5.109508097082838e-06
7128,732.4235321489996,6.178,5.103663873669687e-06
7129,732.519776699999,5.6951,5.097779137606268e-06
7130,732.6165565409992,5.4487,5.0921619553597115e-06
7131,732.7151577589993,6.0677,5.086524866495038e-06
7132,732.8134823599994,5.3941,5.0807510775265995e-06
7133,732.9107236780001,5.3916,5.074990792578213e-06
7134,733.0037043289994,6.1923,5.069286953749838e-06
7135,733.1029976499995,5.1532,5.0638530774198275e-06
7136,733.2039178279992,6.1585,5.0580385414722595e-06
7137,733.303806648999,5.7561,5.0521442643125525e-06
7138,733.4022068409995,6.3471,5.04631719983446e-06
7139,733.5025662939988,5.7115,5.040568474572601e-06
7140,733.5994183229996,4.8485,5.034681708955416e-06
7141,733.6987408469995,5.0719,5.029043766741232e-06
7142,733.7943979259999,6.4242,5.023257840714288e-06
7143,733.8940626120002,5.8207,5.017682268053437e-06
7144,733.9911415819988,6.1283,5.011861462256615e-06
7145,734.0866010689988,5.4514,5.0062291100401896e-06
7146,734.1860418719989,5.0102,5.0006650211488985e-06
7147,734.2832987059992,6.1583,4.994884308198425e-06
7148,734.3809341519991,4.6331,4.989234359099027e-06
7149,734.4786887819992,6.1285,4.983549625325531e-06
7150,734.5770348599999,6.1052,4.977884496819387e-06
7151,734.6747127660001,5.9662,4.972164116122893e-06
7152,734.7725399719984,5.4286,4.966503325431232e-06
7153,734.8687172179998,6.416,4.96083649159802e-06
7154,734.9671393589997,6.1714,4.955232361683929e-06
7155,735.0639679059987,5.7867,4.9495581106736215e-06
7156,735.161689917999,5.0092,4.943934247982121e-06
7157,735.25782024,6.3435,4.938275459639791e-06
7158,735.3540057239989,6.5849,4.9327263049982e-06
7159,735.4494372279987,6.0629,4.927177435530081e-06
7160,735.545152146,5.5439,4.921656504113683e-06
7161,735.6417843319996,6.3048,4.916128789096164e-06
7162,735.7409393409998,4.534,4.910556204948377e-06
7163,735.8374861880002,5.729,4.904805212976932e-06
7164,735.9373502489998,6.2554,4.8992654146373575e-06
7165,736.035811316,5.8165,4.893514034332e-06
7166,736.133470413999,6.0573,4.887835504015984e-06
7167,736.2315844779987,5.8466,4.882215807772436e-06
7168,736.3291870449993,6.4008,4.8765667152594704e-06
7169,736.427421684999,5.4411,4.870957342815466e-06
7170,736.5249843849997,5.0194,4.865316088733579e-06
7171,736.6232889160001,5.2308,4.859702916817682e-06
7172,736.7231028649985,5.4742,4.854057353029909e-06
7173,736.8205026979995,5.7084,4.848329181040534e-06
7174,736.912867093999,6.3703,4.842729130559151e-06
7175,737.010742520999,5.1483,4.837457379505811e-06
7176,737.1089282960002,6.1633,4.831827588415053e-06
7177,737.201293819,6.0704,4.826204453372068e-06
7178,737.3006391219988,5.138,4.820909862543138e-06
7179,737.3973739799985,6.1976,4.8152301845941024e-06
7180,737.4969775989994,5.7678,4.809701521419372e-06
7181,737.595496979,4.9003,4.804001175818343e-06
7182,737.6924090719986,5.5041,4.798366339234864e-06
7183,737.7915947769998,6.0849,4.7928292785780566e-06
7184,737.8883729319987,4.417,4.787183934955905e-06
7185,737.9872334479987,5.7963,4.781649198137861e-06
7186,738.0833819229993,3.0831,4.776030795150313e-06
7187,738.1816872099989,4.7595,4.770515187893729e-06
7188,738.2805450999986,6.6242,4.764940546354662e-06
7189,738.3778669599997,5.3348,4.7593231822083726e-06
7190,738.4747055139997,6.0622,4.7537803012686896e-06
7191,738.5712672609989,6.18,4.7482804121733695e-06
7192,738.6690495349994,5.2046,4.742790471869743e-06
7193,738.7668488620002,5.7948,4.737233795503668e-06
7194,738.8638001749987,5.0842,4.731677548588245e-06
7195,738.9615227799986,5.8296,4.7261698861916115e-06
7196,739.0558391999984,6.4254,4.720579596057223e-06
7197,739.1527490879998,6.0478,4.715300604239584e-06
7198,739.2527014399984,5.6956,4.709784999728262e-06
7199,739.3510890739999,4.6453,4.70414111856502e-06
7200,739.4506388409991,5.6485,4.698573995500844e-06
7201,739.550582672,5.945,4.692936970268538e-06
7202,739.647169205,4.8887,4.6872856132739205e-06
7203,739.7429367219993,4.1676,4.681826402730999e-06
7204,739.8403346429986,5.7111,4.67641467368386e-06
7205,739.9373432639986,5.8776,4.670909275695607e-06
7206,740.0347475939998,5.4959,4.665445083689607e-06
7207,740.1309813879998,5.8188,4.6599385472830075e-06
7208,740.2283921090002,3.9662,4.654503245992206e-06
7209,740.3246207989996,6.1097,4.649044737684827e-06
7210,740.4231087359985,5.5131,4.643623230751618e-06
7211,740.522608371999,5.6717,4.6380913729697665e-06
7212,740.6227909119989,6.3986,4.632432609419254e-06
7213,740.722650538999,4.3034,4.626863757803171e-06
7214,740.818966290999,4.8753,4.621243593794094e-06
7215,740.9162627959995,5.8403,4.615829023541496e-06
7216,741.0143262719994,4.9751,4.610364073218818e-06
7217,741.1136261709999,5.9088,4.6048813122127e-06
7218,741.2134423219995,5.2438,4.5993257865179415e-06
7219,741.3105418429986,5.8719,4.593703256556911e-06
7220,741.410901457999,4.8685,4.588268652511301e-06
7221,741.5113196799994,4.6756,4.5826543796596066e-06
7222,741.6125720399996,6.089,4.57704589995063e-06
7223,741.7055000049986,6.1277,4.571384105969181e-06
7224,741.805529502999,5.9524,4.566190948284721e-06
7225,741.9030223259997,6.597,4.560599923339257e-06
7226,742.0015466179993,5.9797,4.5551665739032105e-06
7227,742.1079414069991,5.6901,4.549663381758953e-06
7228,742.2074331529984,5.6351,4.5436974231230195e-06
7229,742.3075400279995,5.8267,4.538196986175397e-06
7230,742.4041898859996,5.8259,4.532623138038311e-06
7231,742.499324561999,4.9152,4.527225420866915e-06
7232,742.5970863980001,6.0519,4.521935590348814e-06
7233,742.6946937779994,4.5507,4.516510619678304e-06
7234,742.7919706909997,5.378,4.511077761434931e-06
7235,742.8915836249998,6.1909,4.5056740931758075e-06
7236,742.991352314999,4.9244,4.500151784531809e-06
7237,743.0893544399987,5.3813,4.4946032139393306e-06
7238,743.1892018269991,5.5368,4.489173794280674e-06
7239,743.2882349699994,5.1618,4.483639792304586e-06
7240,743.3863977049987,5.4104,4.4781450767983014e-06
7241,743.4863932959997,6.0701,4.472717494437742e-06
7242,743.5849499169999,6.0377,4.467144479595497e-06
7243,743.6828374669985,5.279,4.461732058077053e-06
7244,743.7839166209997,5.9579,4.456326390016363e-06
7245,743.8825477649989,4.6767,4.4507509387032495e-06
7246,743.9795327169995,5.6669,4.445304312728108e-06
7247,744.0770392459999,5.0614,4.439944098503251e-06
7248,744.175484894,6.0067,4.434568045211157e-06
7249,744.2742304079984,6.2076,4.429147100342507e-06
7250,744.3725846399993,6.1929,4.42371780327249e-06
7251,744.4721906169998,5.7491,4.418288309599844e-06
7252,744.5696116769996,6.1865,4.412822258312685e-06
7253,744.668010546,6.4814,4.4074496769632735e-06
7254,744.7668696189994,6.3096,4.402031325435912e-06
7255,744.867833327,5.1969,4.396615220161984e-06
7256,744.9678563979996,5.8373,4.391061178884154e-06
7257,745.066988356999,5.808,4.38558492593576e-06
7258,745.1629404529995,3.7091,4.380142514671126e-06
7259,745.2605692979996,5.5583,4.374884317711276e-06
7260,745.3596176749998,6.1425,4.369543465577425e-06
7261,745.457932293999,3.8637,4.364114827610852e-06
7262,745.5580450729994,5.4553,4.35873867604599e-06
7263,745.6495875239998,5.8718,4.3532655189907016e-06
7264,745.7478298459991,4.6611,4.348273079135573e-06
7265,745.8482772239986,5.7634,4.342835561461034e-06
7266,745.9483962559989,4.9091,4.337404944353898e-06
7267,746.0512542649994,6.0819,4.331938622382667e-06
7268,746.149959942999,5.8454,4.326280596867855e-06
7269,746.2480629139991,4.6179,4.320947527982916e-06
7270,746.3415605270002,6.6377,4.315603829623776e-06
7271,746.4377217849997,4.5293,4.310527284730001e-06
7272,746.5367755970001,4.9682,4.305280412115822e-06
7273,746.6328672419986,4.9371,4.2999019842128896e-06
7274,746.7314269649996,6.2644,4.29467080598501e-06
7275,746.828876607,5.9746,4.28927933641364e-06
7276,746.9296468159991,6.1299,4.284025010503403e-06
7277,747.0264072649989,6.2377,4.2785659620333705e-06
7278,747.1252863729987,5.8307,4.2733181064383925e-06
7279,747.2248697189989,5.6925,4.267959925075332e-06
7280,747.323678368999,5.6331,4.262561894955494e-06
7281,747.4217313969984,5.7093,4.2571978980316065e-06
7282,747.5172396279995,5.6333,4.251910081684696e-06
7283,747.61451227,5.6968,4.2467368127870084e-06
7284,747.7116061279994,5.2189,4.241491220447888e-06
7285,747.8090922569991,6.2403,4.236233179294685e-06
7286,747.9073693479986,6.0856,4.230969155226111e-06
7287,747.9986525889999,5.6015,4.225668713043993e-06
7288,748.0986461020002,5.8343,4.2207663503819e-06
7289,748.1983448379997,5.6788,4.215372335428275e-06
7290,748.2975711829986,6.2389,4.2099861343291776e-06
7291,748.3989768129995,6.1513,4.204652512544941e-06
7292,748.4973710349987,5.6189,4.199204554575309e-06
7293,748.597649239,5.3229,4.193894917751981e-06
7294,748.6952899939988,4.9387,4.188514001512553e-06
7295,748.7950524859989,5.9788,4.183250788980122e-06
7296,748.8924572589985,4.7624,4.1778527586896434e-06
7297,748.9905911949991,6.2476,4.172682802122468e-06
7298,749.0883564359992,5.6361,4.1674192953606195e-06
7299,749.1870213849998,5.9337,4.162191507088078e-06
7300,749.2888915179992,5.9989,4.156908787287478e-06
7301,749.3873651220001,5.9719,4.151463723092863e-06
7302,749.4841148509986,5.6769,4.146182553914004e-06
7303,749.5807559229997,5.479,4.141000599628111e-06
7304,749.6792514560002,5.3994,4.135841313615821e-06
7305,749.7713216529992,6.6249,4.1305816509925736e-06
7306,749.8674426799989,4.6884,4.125691464347262e-06
7307,749.9678733239998,6.0188,4.120534363542586e-06
7308,750.0657107419993,6.0037,4.115194260751834e-06
7309,750.1644912829997,5.8537,4.109981677842981e-06
7310,750.2628132499995,5.4317,4.104719833335507e-06
7311,750.3596507379989,6.1309,4.099485731288122e-06
7312,750.4557831239999,4.8396,4.094327299136677e-06
7313,750.5533265679987,6.6879,4.089216682563562e-06
7314,750.6499726879993,4.7585,4.08404651452664e-06
7315,750.7479431359989,5.7469,4.078913327705547e-06
7316,750.8463859299991,5.7514,4.073718179144132e-06
7317,750.9465905079996,6.6717,4.068499330758929e-06
7318,751.0426269969994,6.6776,4.0631877558532816e-06
7319,751.138536729999,6.1697,4.0580820350847595e-06
7320,751.2362820179987,5.83,4.053019187526696e-06
7321,751.3327513659988,6.3947,4.047850879395565e-06
7322,751.4247386159986,5.7,4.042735483470161e-06
7323,751.5221956280002,4.748,4.0378713700452875e-06
7324,751.6195119599997,5.5719,4.032732626409108e-06
7325,751.715105506999,5.6306,4.027599423737677e-06
7326,751.8119124589994,5.6291,4.022543950947671e-06
7327,751.9106803759987,5.4635,4.017442634251361e-06
7328,752.0104722019987,6.669,4.012251603294176e-06
7329,752.1083329459998,5.1458,4.006980368105884e-06
7330,752.2078098179991,5.4399,4.0018344701908326e-06
7331,752.3060847959987,5.5555,3.996599590174046e-06
7332,752.405064089,5.5845,3.991447518082103e-06
7333,752.5026160899997,3.9349,3.986230619988688e-06
7334,752.5996407319999,6.1405,3.981053883755506e-06
7335,752.6970627809987,5.6702,3.9760135825066156e-06
7336,752.7962086689986,5.3878,3.970903668382903e-06
7337,752.8934948770002,5.8779,3.965697938078203e-06
7338,752.9895349919989,4.6634,3.9606193611526845e-06
7339,753.0846756679985,5.3326,3.955582521625181e-06
7340,753.1817151619998,6.1063,3.950603452863477e-06
7341,753.2777670899995,5.4886,3.945540651315116e-06
7342,753.3761550799991,6.4747,3.9405170037021985e-06
7343,753.4780477200002,4.987,3.935363891062715e-06
7344,753.5776596409996,5.7204,3.930058930820574e-06
7345,753.6770085419994,5.0548,3.924853152891359e-06
7346,753.7765037629997,6.779,3.919677562173726e-06
7347,753.8746094019989,5.1463,3.914489957554601e-06
7348,753.9741128779988,5.7589,3.909381351558647e-06
7349,754.0701673969998,4.3396,3.904192373572621e-06
7350,754.1667067549988,4.9505,3.899204206171853e-06
7351,754.2648760840002,5.2247,3.89419792959432e-06
7352,754.3607314289984,5.9229,3.889090000411058e-06
7353,754.4607894379988,5.4872,3.884096654929148e-06
7354,754.5575402409995,5.7012,3.878910597677899e-06
7355,754.653737437,6.0324,3.873905122834532e-06
7356,754.7523457619991,5.2538,3.868920984083649e-06
7357,754.8499612629985,4.6416,3.863817103420509e-06
7358,754.9478016309986,4.7188,3.858756706018224e-06
7359,755.0454192199995,6.0005,3.8536935588374265e-06
7360,755.137145011,5.8117,3.848648066248498e-06
7361,755.2356081399994,5.6714,3.843924587413922e-06
7362,755.3320676489984,6.0013,3.838822665375005e-06
7363,755.429278620999,6.8356,3.833842740993521e-06
7364,755.5257728699999,5.4867,3.828824496971617e-06
7365,755.6202787389993,4.5941,3.823856010217161e-06
7366,755.7174565379992,5.3263,3.818977750505473e-06
7367,755.8158243879989,4.3138,3.813949162936761e-06
7368,755.9149425849992,6.0369,3.8089139471780776e-06
7369,756.0126501369996,6.1455,3.8038273792715852e-06
7370,756.1139726860001,6.4737,3.7987985821694855e-06
7371,756.206586766999,5.9719,3.793596392115481e-06
7372,756.3043431349997,4.8426,3.788844489766416e-06
7373,756.4024265139997,4.7459,3.7838140934550654e-06
7374,756.5015269569994,5.9766,3.778792621567795e-06
7375,756.5991379589996,5.4465,3.773726668583219e-06
7376,756.6968236529992,5.3694,3.7687034225200896e-06
7377,756.7981649459998,5.2741,3.7637222618891854e-06
7378,756.8997111139997,5.7006,3.7584858340856344e-06
7379,756.9984380829992,4.8579,3.753352628887011e-06
7380,757.0983624049986,5.939,3.7483077208475715e-06
7381,757.1950802219999,5.4947,3.7432045780637107e-06
7382,757.2921547669994,6.3185,3.7382609373601494e-06
7383,757.3927327499987,5.1177,3.7333113388083512e-06
7384,757.4905904359985,6.7635,3.7281915565933496e-06
7385,757.5870979049996,6.0699,3.7232189197831725e-06
7386,757.6862630289997,6.046,3.718289377476511e-06
7387,757.785055942999,6.0767,3.7132559886889212e-06
7388,757.8848417249992,6.2349,3.708226277498722e-06
7389,757.9811303099996,5.5215,3.703157628356063e-06
7390,758.082798477999,5.315,3.698270675180282e-06
7391,758.1782712949989,3.0889,3.6931158865316005e-06
7392,758.2703680769991,6.3774,3.6882652694327864e-06
7393,758.3742778029991,6.4153,3.6835791797594e-06
7394,758.472596702999,6.4988,3.6783474371365007e-06
7395,758.5705780459994,5.5307,3.6733658311481957e-06
7396,758.6703212399989,6.1585,3.6684123755611005e-06
7397,758.7675321499992,5.193,3.6633461480792995e-06
7398,758.8648024739996,4.9738,3.6584561745775543e-06
7399,758.962833911999,5.644,3.653556016051135e-06
7400,759.0609622309985,5.6088,3.6486091611487138e-06
7401,759.160055119999,5.8331,3.6436560777439704e-06
7402,759.2554589849988,6.8478,3.6386649241549666e-06
7403,759.3516819329998,5.8544,3.633853792463174e-06
7404,759.4515460659986,5.8573,3.62896959678706e-06
7405,759.5500235719992,6.7712,3.623983064787259e-06
7406,759.6496673989986,5.9617,3.619042236384798e-06
7407,759.7474715319986,4.7487,3.6140370941447314e-06
7408,759.8467403149989,6.5942,3.6091109083944197e-06
7409,759.9443548189993,5.6148,3.604118917949542e-06
7410,760.044096177,6.0033,3.599250115554839e-06
7411,760.1434361629999,5.5298,3.5942638633088747e-06
7412,760.2400129389989,6.0599,3.589279859004932e-06
7413,760.3380917349987,6.4402,3.5844517804540843e-06
7414,760.4376164229998,6.9482,3.579550639197979e-06
7415,760.5331353450001,5.3213,3.5745661728575685e-06
7416,760.6327545489985,6.1737,3.5697794268301056e-06
7417,760.7314832539996,5.6865,3.5647634140320295e-06
7418,760.8240372109994,6.2602,3.5598928592362413e-06
7419,760.9205494439993,5.3889,3.555295761058716e-06
7420,761.0177811189988,5.9333,3.550464577269644e-06
7421,761.1165696509997,5.516,3.545628596819553e-06
7422,761.2139710379997,6.082,3.5406650584783486e-06
7423,761.311772228999,6.1218,3.5358796056971123e-06
7424,761.4097794339996,6.0019,3.5310035464898668e-06
7425,761.5079317499985,6.666,3.5261421846122995e-06
7426,761.6064512389985,5.1113,3.521276035621948e-06
7427,761.7017934589985,3.1368,3.516386980286032e-06
7428,761.8026361229986,6.1393,3.5116565748886278e-06
7429,761.9032613740001,6.3415,3.5066754874778506e-06
7430,762.0009082799988,5.216,3.5016940912340286e-06
7431,762.0992560959985,5.3066,3.4968566762827865e-06
7432,762.1979150579991,5.8621,3.4919910536626604e-06
7433,762.2946558939984,4.6934,3.487118280213661e-06
7434,762.392343870999,5.2024,3.48233642960939e-06
7435,762.4901844719989,5.8381,3.4775175984390064e-06
7436,762.5920367149993,5.9424,3.4726970135460642e-06
7437,762.6914562779984,4.4373,3.467680999373435e-06
7438,762.7903960539988,6.097,3.462763064119312e-06
7439,762.8897461079996,6.2696,3.457906684194612e-06
7440,762.9885256159996,6.1408,3.4530232173273584e-06
7441,763.0876395279993,6.4842,3.448167342726266e-06
7442,763.187188128999,6.216,3.443295349917036e-06
7443,763.287920032999,5.9968,3.438397015797351e-06
7444,763.384159494999,5.9444,3.4334695583183448e-06
7445,763.479957137999,5.5643,3.4287432937717496e-06
7446,763.574178122999,5.5374,3.424051262641009e-06
7447,763.6735382309998,5.1103,3.4194363709268982e-06
7448,763.7718951879997,5.3821,3.4145748348624827e-06
7449,763.8726359189986,6.0214,3.4097624580624127e-06
7450,763.9731070879989,6.1366,3.4048473907386828e-06
7451,764.0715376709995,6.0784,3.399932644700449e-06
7452,764.1684056929989,6.2049,3.395129754208959e-06
7453,764.2678830859986,6.2952,3.39041262079729e-06
7454,764.3659120649991,4.6272,3.3855701478954477e-06
7455,764.4634327989988,5.8957,3.380788726834974e-06
7456,764.5639172079991,6.3018,3.376041302744662e-06
7457,764.6597723260002,4.9983,3.3710987760207426e-06
7458,764.758920668999,5.6278,3.3664804761474377e-06
7459,764.858614634999,6.9773,3.3616806609435723e-06
7460,764.9580636939991,5.1376,3.3568368426762446e-06
7461,765.0561533079999,5.2529,3.352012829659881e-06
7462,765.1560590149984,5.3843,3.347257591316999e-06
7463,765.2540901449993,6.169,3.3424304931640728e-06
7464,765.348813388,4.5341,3.3376724727831988e-06
7465,765.4477190090001,4.947,3.3330822571507907e-06
7466,765.5442526529987,5.6437,3.3282965016547678e-06
7467,765.6413708089985,5.6823,3.323638683028757e-06
7468,765.739665862,5.6129,3.3189465783878436e-06
7469,765.8368210649987,5.9718,3.3142085885922825e-06
7470,765.935377492,5.6411,3.3095158641736013e-06
7471,766.0367072600002,6.1667,3.304762837743622e-06
7472,766.1366569519996,5.8156,3.2998805126457614e-06
7473,766.2362509759987,5.3579,3.29507942664877e-06
7474,766.3331431409988,4.458,3.2902857730300633e-06
7475,766.4327466939994,6.1172,3.2856233452604468e-06
7476,766.5320586170001,6.6904,3.2808482894802843e-06
7477,766.6318929739991,5.5116,3.2760681299620123e-06
7478,766.7302871349984,6.4717,3.2712840804131896e-06
7479,766.8297306099994,4.6978,3.2665685996898676e-06
7480,766.9283324699991,5.6859,3.2618036249379288e-06
7481,767.026326322999,5.6958,3.2570852722122153e-06
7482,767.1235788739996,5.1636,3.2523996963493174e-06
7483,767.2226568890001,6.5081,3.247748035302947e-06
7484,767.3205741479997,4.2433,3.243011443718935e-06
7485,767.4191040730002,6.4585,3.238337004211861e-06
7486,767.518289009,5.2923,3.2336428197935113e-06
7487,767.6166766219994,4.9747,3.2289145960626768e-06
7488,767.7152869089987,6.1787,3.2242312576847484e-06
7489,767.8154722210002,5.7054,3.219529039758612e-06
7490,767.9124886879999,6.1404,3.214760070441181e-06
7491,768.0072409349996,6.0974,3.210150160875283e-06
7492,768.1062664419987,6.1135,3.205623882011763e-06
7493,768.203174446,6.0645,3.2009449841047588e-06
7494,768.303318844999,5.9362,3.196342983377401e-06
7495,768.4019032169999,6.4919,3.191599773309295e-06
7496,768.5010773979993,5.0777,3.1869277866255433e-06
7497,768.6002890889995,5.3298,3.182220027637714e-06
7498,768.7015220689991,6.3294,3.1775323186544746e-06
7499,768.8027550009992,5.9527,3.1727496926927476e-06
7500,768.8991840979998,4.8272,3.1679397236878377e-06
7501,768.9954330740002,5.6639,3.1634063235472716e-06
7502,769.0934975389991,5.6969,3.1588632361503475e-06
7503,769.1911898239996,3.6732,3.1542258608697415e-06
7504,769.287003378,6.3939,3.1496320502293675e-06
7505,769.3822421579989,4.9988,3.1451186289758074e-06
7506,769.4803333780001,5.4798,3.1406304823279803e-06
7507,769.5786815409992,6.0241,3.1360263597680405e-06
7508,769.6769617359987,5.3768,3.1314090270620685e-06
7509,769.774432147,5.85,3.126783467531913e-06
7510,769.8728442319989,5.4144,3.122213387169562e-06
7511,769.9694264310001,6.3805,3.117602499766853e-06
7512,770.0663287609987,5.6392,3.113058550140449e-06
7513,770.1635598060002,6.2914,3.1085264357699096e-06
7514,770.2609080699985,5.4511,3.1039814409851487e-06
7515,770.3587284059995,6.955,3.0994252776368943e-06
7516,770.4567224369985,5.3371,3.0948539614663373e-06
7517,770.5568610679984,5.9047,3.0902635380169605e-06
7518,770.654800160999,4.6271,3.0856021001256867e-06
7519,770.7541883039994,6.6401,3.081027050961871e-06
7520,770.8503133499999,5.5518,3.0764046025757608e-06
7521,770.945493923,3.6963,3.0719172211149757e-06
7522,771.0444530019995,6.2041,3.0674697829384673e-06
7523,771.143840155999,5.7104,3.0628871470906706e-06
7524,771.2477142749995,5.7136,3.058264042404446e-06
7525,771.3439516719991,5.9361,3.0534456898473644e-06
7526,771.4394546139993,7.1125,3.0489648933551494e-06
7527,771.5362031299992,5.0515,3.044537024946814e-06
7528,771.634425627999,4.1821,3.0400567458154145e-06
7529,771.7358029759998,5.5387,3.0355046625104718e-06
7530,771.8350159839993,5.2115,3.0307888713729247e-06
7531,771.9363749959994,6.062,3.0262334419537074e-06
7532,772.0358915379984,5.9249,3.021528069411303e-06
7533,772.1347411129991,4.9725,3.0169453960252448e-06
7534,772.2339605139987,5.0886,3.0123327577809335e-06
7535,772.332121296,5.0578,3.007800554687673e-06
7536,772.429905138999,6.0729,3.003268052885541e-06
7537,772.526258635,5.4863,2.9987721732702367e-06
7538,772.626034126999,5.5783,2.9943398741949818e-06
7539,772.7268350619997,5.9985,2.989751325448842e-06
7540,772.8308584529987,6.2805,2.9851237582352088e-06
7541,772.9308462879999,5.9005,2.9803404353128646e-06
7542,773.0297531119995,6.185,2.9757487457471367e-06
7543,773.126627271,4.8731,2.9711660352383375e-06
7544,773.225733678999,6.274,2.966744197117219e-06
7545,773.3250903799999,5.5314,2.9622357178619526e-06
7546,773.4225370379991,5.8356,2.957639124078193e-06
7547,773.5194865839985,5.7595,2.9532248968740987e-06
7548,773.6161830519995,5.4468,2.9488000595074836e-06
7549,773.713365399999,4.8425,2.944384887402629e-06
7550,773.8123324949993,6.5057,2.939941417026884e-06
7551,773.9114438929992,6.1818,2.9354078431765213e-06
7552,774.0102014499989,5.1678,2.930918115162437e-06
7553,774.1077405719989,5.2213,2.9264175721305547e-06
7554,774.2064123109994,5.7516,2.9219805686939245e-06
7555,774.3048145920002,5.4344,2.9174968035920514e-06
7556,774.39692793,5.7404,2.913024807126541e-06
7557,774.4964807319993,5.5234,2.9088461191272397e-06
7558,774.5967331349984,6.1153,2.904322338774601e-06
7559,774.6949262409998,5.4361,2.8997829403556553e-06
7560,774.793487257999,4.6285,2.8953315689058486e-06
7561,774.8915188339997,5.957,2.8908659900851452e-06
7562,774.9900312339996,6.3522,2.8864409204994058e-06
7563,775.0900238300001,5.7899,2.881980773285914e-06
7564,775.1890310149993,5.3799,2.8774733149320276e-06
7565,775.2867234559999,5.493,2.872993576027283e-06
7566,775.3866053339989,6.1696,2.868579320546666e-06
7567,775.4836818599997,5.549,2.864072977952084e-06
7568,775.5840799379985,5.7747,2.859697968859629e-06
7569,775.6846430279984,5.3154,2.8551431244994015e-06
7570,775.7832222699999,5.6505,2.8506679110408887e-06
7571,775.8791069599993,5.5597,2.8462331770140043e-06
7572,775.9757205289989,5.4631,2.841916066075051e-06
7573,776.0735423979986,4.9994,2.8375861174370217e-06
7574,776.1701908429986,4.4594,2.833201444032152e-06
7575,776.2684299429984,5.5612,2.828866934046118e-06
7576,776.3661432069985,5.5309,2.8244725832424547e-06
7577,776.4656112799985,4.9829,2.8201034300106733e-06
7578,776.5608773489985,5.5268,2.815649286142552e-06
7579,776.6569477539997,6.1978,2.8113815631042346e-06
7580,776.7548346650001,5.1171,2.8070979319515966e-06
7581,776.8503434569993,5.9293,2.8027217696663747e-06
7582,776.949417201,5.7822,2.798462886404063e-06
7583,777.0506717279986,5.7189,2.7940148043364366e-06
7584,777.1482848389987,5.9229,2.789553333113798e-06
7585,777.2498663949991,6.36,2.785203092509023e-06
7586,777.3478090159988,5.965,2.78069461159238e-06
7587,777.4456775439994,5.794,2.7763355689653243e-06
7588,777.5420146659999,3.1707,2.7719978939666435e-06
7589,777.638879995,4.1254,2.7677197723330245e-06
7590,777.735661327999,5.8432,2.763432230713148e-06
7591,777.8354239619985,5.7296,2.7591294665518216e-06
7592,777.9318995220001,5.4754,2.7547195856737095e-06
7593,778.0309110519993,6.7697,2.7504474636075554e-06
7594,778.1298330419995,4.5092,2.7460864186317463e-06
7595,778.2292325990002,6.737,2.741717839571187e-06
7596,778.3285936859993,5.8082,2.737330384773662e-06
7597,778.4231281649991,5.2888,2.732942666405766e-06
7598,778.5204646729999,6.2542,2.728777101597435e-06
7599,778.6174232019985,5.8562,2.7244878800909036e-06
7600,778.7164292039997,5.9464,2.720225185917233e-06
7601,778.8146093199994,5.1139,2.715876942617518e-06
7602,778.9089724759997,4.732,2.711561172879271e-06
7603,779.0064574039989,6.8775,2.707409236575631e-06
7604,779.1040297089985,5.4297,2.7031420179931515e-06
7605,779.1997161099989,5.8624,2.698863096549628e-06
7606,779.2957137839985,5.0396,2.6946764000243015e-06
7607,779.3915324629997,5.4012,2.6904778521057326e-06
7608,779.4897659049984,5.9506,2.6862790937587673e-06
7609,779.5866787309988,4.8858,2.6819896220821234e-06
7610,779.6841977089989,5.6796,2.6777535877535924e-06
7611,779.7848041899997,6.3354,2.67349688423566e-06
7612,779.8950097979996,6.232,2.6690464895329474e-06
7613,779.995551349999,5.3387,2.664303553412806e-06
7614,780.1053959579986,6.3912,2.6599280378225428e-06
7615,780.2041089409995,7.0623,2.6551483560218194e-06
7616,780.3009406699985,5.5435,2.6508593990030583e-06
7617,780.3994244869991,5.4043,2.646654033787513e-06
7618,780.4988428519991,5.691,2.642360393108753e-06
7619,780.5995321109986,5.6735,2.6380678862549387e-06
7620,780.6988342509994,5.9913,2.6337047730550374e-06
7621,780.7970529809991,5.9115,2.6293888335449545e-06
7622,780.8962764919997,6.5433,2.6251438149989203e-06
7623,781.0010430109996,5.7741,2.6208494046452007e-06
7624,781.1031900919988,6.3464,2.6163047453302586e-06
7625,781.2004842549995,5.8165,2.611932582915577e-06
7626,781.2952768619998,3.8751,2.607734022134356e-06
7627,781.3913328250001,6.279,2.6036262263188143e-06
7628,781.4906764709995,5.6506,2.5994966006309767e-06
7629,781.5900584529991,5.7436,2.595233081640924e-06
7630,781.6884917560001,5.9929,2.59096477625711e-06
7631,781.7871578759987,5.9588,2.58670020584178e-06
7632,781.8861553930001,5.3277,2.582489988782863e-06
7633,781.9857011919994,4.4741,2.5782454771480667e-06
7634,782.0843456940001,5.5136,2.5739765778587664e-06
7635,782.1830111489999,5.5422,2.5697484419564904e-06
7636,782.2798217740001,4.9639,2.5655273626403685e-06
7637,782.378617074999,5.7628,2.5613902683633145e-06
7638,782.4762530859989,5.4771,2.5571575819916787e-06
7639,782.570693014999,4.1955,2.552999314402385e-06
7640,782.6667401959985,5.601,2.5489664137433643e-06
7641,782.7659860539989,6.6255,2.5448708985916005e-06
7642,782.8630845209991,6.137,2.5406467895566e-06
7643,782.9612371610001,6.0914,2.536502906217722e-06
7644,783.0612991449998,6.6846,2.532338812160376e-06
7645,783.1595157319989,6.2359,2.528075545602143e-06
7646,783.257378495,5.4534,2.523914998820737e-06
7647,783.3558650499999,6.2861,2.5197611446096724e-06
7648,783.4545910469988,6.5132,2.5155835801696724e-06
7649,783.5567910149985,6.7497,2.5113879811226954e-06
7650,783.6554688809993,5.3246,2.5070474917715135e-06
7651,783.7534860669984,5.9037,2.5028888647553345e-06
7652,783.8543496849998,6.4019,2.4987469509983848e-06
7653,783.9556757289993,5.8867,2.494494802634803e-06
7654,784.0553840819994,5.599,2.4901747736262222e-06
7655,784.1527297519988,5.5928,2.48600485947747e-06
7656,784.2514313219999,5.4757,2.4819099491478453e-06
7657,784.3521774169985,6.7555,2.4777631760832227e-06
7658,784.4492755179999,5.8484,2.473519753548795e-06
7659,784.5449816599994,4.8027,2.4694336171599193e-06
7660,784.6423716559984,5.679,2.4654104429823466e-06
7661,784.7356669429992,6.5011,2.4613312142492072e-06
7662,784.8362938099999,5.6732,2.45742534827349e-06
7663,784.9362074969995,4.9126,2.4531984533719244e-06
7664,785.0344443599988,5.4179,2.4490133356183916e-06
7665,785.1315223679994,5.9553,2.444902520127626e-06
7666,785.2300683349986,5.7262,2.4408363409236633e-06
7667,785.3237842299986,6.22,2.4367194793884967e-06
7668,785.4249679889999,4.6968,2.432824257125735e-06
7669,785.5236894230002,5.8288,2.4285995848855104e-06
7670,785.6230194899999,6.4286,2.4244797913794914e-06
7671,785.7206480559998,6.5983,2.420339770231572e-06
7672,785.8191578669994,5.4701,2.4162759127467903e-06
7673,785.9174371259996,6.1272,2.4121457118434247e-06
7674,786.0167537349989,5.7729,2.4081083146269528e-06
7675,786.1141600299998,6.1675,2.403946026068382e-06
7676,786.2100718839993,4.7831,2.399954941216645e-06
7677,786.307665508999,6.4707,2.3959727194378778e-06
7678,786.4038590639993,5.3858,2.3919338151835447e-06
7679,786.5027125979996,6.075,2.3879482120486824e-06
7680,786.6035698759988,6.1827,2.3838674928208016e-06
7681,786.7010292729992,6.6284,2.3797036460023015e-06
7682,786.8030332580001,5.7521,2.3756704578781706e-06
7683,786.9019648489993,5.5696,2.371422863561212e-06
7684,787.0075547420001,5.4178,2.3673885874887945e-06
7685,787.1051579149989,5.9824,2.3630523878533205e-06
7686,787.2049437239984,5.4092,2.3590224512406527e-06
7687,787.3026736889988,5.5098,2.3549349185965407e-06
7688,787.3983204849992,5.3312,2.350910382003008e-06
7689,787.4960283579985,5.9851,2.346984887305592e-06
7690,787.5948852279998,5.7065,2.3429718289813247e-06
7691,787.6936127669996,6.1777,2.3389295249633735e-06
7692,787.7937175619991,5.6416,2.3348998240211336e-06
7693,787.8938648799995,6.4664,2.3308002914928322e-06
7694,787.9952452969992,5.7442,2.326710836619489e-06
7695,788.0938363280002,5.7272,2.322572575970369e-06
7696,788.1907558249986,5.9283,2.3185456074698795e-06
7697,788.2915622159999,4.5463,2.3145894218919967e-06
7698,788.3902262489992,6.1289,2.31048510760519e-06
7699,788.4889785669984,6.4328,2.3064736557516703e-06
7700,788.5850099939998,6.1535,2.302451333488778e-06
7701,788.6831603009996,6.4957,2.298550792136181e-06
7702,788.7841054299988,6.7933,2.294571764186401e-06
7703,788.8830792769986,6.6249,2.2904799157694752e-06
7704,788.982385411,5.9751,2.2864723086885505e-06
7705,789.074178941999,6.3358,2.282444301389555e-06
7706,789.1730548999985,6.6536,2.278742656120017e-06
7707,789.2725837059988,6.0745,2.274734222170974e-06
7708,789.3709340519999,5.9333,2.2707177707539275e-06
7709,789.4690512839989,5.2432,2.266748703020713e-06
7710,789.5680106399996,5.7246,2.2627792988285547e-06
7711,789.6653557239988,5.2884,2.25880378507452e-06
7712,789.7642080810001,5.2027,2.2548355144694776e-06
7713,789.8623678179993,5.0636,2.2509074948035253e-06
7714,789.961881666999,4.1964,2.2469685033312733e-06
7715,790.0579153729996,6.2932,2.242965048056095e-06
7716,790.1591464100002,5.406,2.239106590529941e-06
7717,790.2570361689995,6.2671,2.2350485372036907e-06
7718,790.3556085469991,6.1839,2.231128163313867e-06
7719,790.4570632509985,5.8556,2.2271810483548732e-06
7720,790.5540035109989,5.9893,2.223134438969424e-06
7721,790.6503668819987,4.9261,2.2192598197954636e-06
7722,790.7495403960002,6.865,2.2154036163640425e-06
7723,790.8473199159998,5.7485,2.211448770867591e-06
7724,790.9452956349996,5.6229,2.207554172802226e-06
7725,791.0459684809994,6.2817,2.2036576754511205e-06
7726,791.1434792119999,5.4339,2.199652982898734e-06
7727,791.2416373349988,5.6352,2.195776388055745e-06
7728,791.3395974169998,5.9672,2.1918790448561986e-06
7729,791.4367926710001,5.6321,2.1879873710991593e-06
7730,791.5365731389993,5.5853,2.1841312832279138e-06
7731,791.6357352979994,6.3187,2.1801788925052467e-06
7732,791.735563532,4.7782,2.176249662929261e-06
7733,791.8332340279994,6.0769,2.172295447964451e-06
7734,791.9293323769998,5.137,2.1684386663002598e-06
7735,792.0270835089996,5.472,2.1646509055647744e-06
7736,792.1246234899991,5.6521,2.1607859194977957e-06
7737,792.2249191029987,6.0491,2.156946027118617e-06
7738,792.3248002229993,4.8081,2.153002242484084e-06
7739,792.4233680929992,4.8923,2.1490655503188296e-06
7740,792.5232490869985,6.0928,2.1451908565134516e-06
7741,792.6237563529994,5.9689,2.1412348790200543e-06
7742,792.7249584370002,5.5945,2.137328214710138e-06
7743,792.8231367279986,6.0723,2.13335247262329e-06
7744,792.9208645419985,4.8099,2.129512508782966e-06
7745,793.0222777769995,6.5107,2.125645142571481e-06
7746,793.1211651009999,5.9157,2.1217273507067315e-06
7747,793.2220278199984,6.7312,2.1178531447466705e-06
7748,793.3197145239992,5.2493,2.1138859969624363e-06
7749,793.4179334299988,5.2207,2.110102118216706e-06
7750,793.5133146999997,5.6469,2.106282463961201e-06
7751,793.6087382489986,6.4503,2.1025622522814566e-06
7752,793.6997341159986,5.7955,2.098845437424654e-06
7753,793.7980765679986,5.9245,2.0953258067404973e-06
7754,793.8978702280001,6.1621,2.091497212018184e-06
7755,793.9968196599984,5.6415,2.087625911158661e-06
7756,794.0930524889991,5.5114,2.0837906032267403e-06
7757,794.1937367379996,6.4098,2.0800139622962096e-06
7758,794.2916073870001,6.2908,2.076163787886237e-06
7759,794.3935850359994,5.6247,2.072381298070966e-06
7760,794.4922813189987,5.5128,2.068429260093818e-06
7761,794.5931117929995,5.6677,2.064619303108126e-06
7762,794.6924142279986,5.7381,2.060701335759771e-06
7763,794.7908360289985,5.9576,2.056917345482154e-06
7764,794.8916656229994,5.6032,2.0531267077937566e-06
7765,794.991139144,5.9799,2.0492526683663416e-06
7766,795.0883760460001,3.5497,2.045419334741386e-06
7767,795.1842079899998,6.6211,2.0416805712747205e-06
7768,795.2813888599994,4.8881,2.038008495840915e-06
7769,795.3805388649998,6.3436,2.0342832545312135e-06
7770,795.4798395219987,5.8695,2.030495412998959e-06
7771,795.5771559989989,3.9141,2.026693653965139e-06
7772,795.6767941179987,6.6087,2.0229644058493287e-06
7773,795.7748955890002,5.7723,2.0191631392248444e-06
7774,795.8759724989995,6.5692,2.015419475153629e-06
7775,795.9740158189998,5.839,2.011568771401756e-06
7776,796.0655553299985,6.4001,2.0078311942491517e-06
7777,796.1658434949986,5.2502,2.004360273243344e-06
7778,796.2629793439992,5.6481,2.0005435567742895e-06
7779,796.3610244359988,5.4391,1.9968444866020425e-06
7780,796.4584724349988,4.1719,1.9931192627754864e-06
7781,796.5563410759987,5.6551,1.9894297092880404e-06
7782,796.6557065279994,6.8493,1.985683926158749e-06
7783,796.7545608229993,6.1168,1.981961967864335e-06
7784,796.8522705849991,5.6872,1.978231305979733e-06
7785,796.9490810629995,5.1349,1.9745222075810698e-06
7786,797.0454528899991,5.4816,1.9708771508134493e-06
7787,797.1432672760002,5.0033,1.9672394883998356e-06
7788,797.2383293189996,5.4444,1.96355936946741e-06
7789,797.3361724319984,4.7605,1.9599764665494235e-06
7790,797.4343848209992,4.0273,1.9562863747770055e-06
7791,797.534884662,6.005,1.9525986367990077e-06
7792,797.6364859280002,5.9893,1.9487956315014878e-06
7793,797.7350742849994,6.5188,1.9449905757242316e-06
7794,797.8344862670001,6.3112,1.9413226345091296e-06
7795,797.9332538660001,5.9473,1.9376028575013473e-06
7796,798.0320493869986,5.8975,1.933903363690065e-06
7797,798.130333604,6.2386,1.9302137331515925e-06
7798,798.2279689579991,5.6431,1.9265386909517487e-06
7799,798.3202994039984,6.1524,1.9228982541931757e-06
7800,798.4171380110001,5.5962,1.9194644808565006e-06
7801,798.5157227559994,4.0964,1.915847221892872e-06
7802,798.6156075479994,4.9885,1.912179106835277e-06
7803,798.7171003489984,5.5144,1.908472189269084e-06
7804,798.8092561049998,5.5319,1.9046991677071552e-06
7805,798.9063945139987,5.6235,1.901284899090261e-06
7806,799.0039348739992,5.4428,1.8976791061254022e-06
7807,799.1053209189995,5.2947,1.8940707259117647e-06
7808,799.2036570429991,5.6366,1.8902780192249585e-06
7809,799.2993921379984,5.4289,1.8866830691870424e-06
7810,799.3979033039996,6.2384,1.883139999098968e-06
7811,799.496861616999,5.0431,1.8795127714620165e-06
7812,799.5943377650001,6.1436,1.8758626273966907e-06
7813,799.6932367699992,4.8508,1.8722736013937093e-06
7814,799.7932328269999,6.2885,1.868623191607663e-06
7815,799.8902867469988,6.5076,1.8649597762028876e-06
7816,799.9868775499999,5.7652,1.8613842165065564e-06
7817,800.0853778609999,4.5858,1.8578419084715193e-06
7818,800.184204018,6.3668,1.8542358165762775e-06
7819,800.2799587009995,6.3896,1.8506152441491398e-06
7820,800.3793282400002,6.0273,1.8471085917005693e-06
7821,800.4785273159996,5.9354,1.8434850207148552e-06
7822,800.5765117949995,6.3584,1.8398513018433039e-06
7823,800.6741479909997,5.034,1.836278742068312e-06
7824,800.7747570279989,5.7424,1.8327178443857534e-06
7825,800.8755446549985,5.5262,1.8290583343624878e-06
7826,800.973845642,3.9546,1.8253928572795841e-06
7827,801.07065926,5.5476,1.8218090335155452e-06
7828,801.1685341510001,5.0854,1.8182964377855328e-06
7829,801.2669645049991,5.5859,1.8147455713066808e-06
7830,801.3657611949984,5.4998,1.8111755480189286e-06
7831,801.4669998849986,5.3025,1.8075931191460505e-06
7832,801.5646740399989,5.6644,1.8039364063864888e-06
7833,801.663768982,5.1786,1.8004012349919302e-06
7834,801.7630349039991,5.6162,1.7968212628838994e-06
7835,801.8671772990001,4.894,1.7932346336606675e-06
7836,801.9666869129996,5.9644,1.7894909553955452e-06
7837,802.0677948989996,5.8895,1.7859153723033318e-06
7838,802.1658257889994,4.1683,1.7822598573990739e-06
7839,802.2636999989991,6.2437,1.7787460844156167e-06
7840,802.3604522179994,6.1189,1.7752333303518915e-06
7841,802.4596336189989,6.2385,1.77175512842582e-06
7842,802.5582372429999,5.6549,1.7681834517027679e-06
7843,802.6552667999986,6.2479,1.7646798909499772e-06
7844,802.7520125029987,5.4746,1.7612146892489968e-06
7845,802.8488689829992,5.3069,1.757745938751329e-06
7846,802.9470111699993,6.4527,1.7542903369488772e-06
7847,803.0460427999988,5.8582,1.750797330772691e-06
7848,803.1443601800001,3.5804,1.747267331008537e-06
7849,803.2423446479988,5.7394,1.743731086204492e-06
7850,803.3454172959991,5.969,1.7402406755336692e-06
7851,803.4439730469985,5.0765,1.7366141701327e-06
7852,803.5486543329989,6.3389,1.7331257847297944e-06
7853,803.6471014149993,5.2326,1.729408481753675e-06
7854,803.7446286449995,5.2372,1.725923786545977e-06
7855,803.8422514149988,6.316,1.722469880237565e-06
7856,803.9404502999987,6.1001,1.719020904145291e-06
7857,804.0407104389997,5.6893,1.715508742470362e-06
7858,804.1379272469985,5.3282,1.712012930672907e-06
7859,804.2346561309987,5.1296,1.7085881136053389e-06
7860,804.3322890389991,6.4868,1.705186010046722e-06
7861,804.4303350959999,5.3521,1.701748876779774e-06
7862,804.5277144309985,4.1131,1.6982992544843563e-06
7863,804.6267920669998,6.5311,1.6948790625255978e-06
7864,804.723741116999,4.2691,1.6914056601872203e-06
7865,804.8233617509995,5.1667,1.6880000368125702e-06
7866,804.9230271420001,5.2028,1.6845286079027495e-06
7867,805.022664447999,5.2819,1.6810332188293394e-06
7868,805.1192222169993,5.2254,1.6775610971652227e-06
7869,805.2139956079991,4.0675,1.6741857608770313e-06
7870,805.3123417419993,6.0913,1.6708757143729714e-06
7871,805.4125386989999,6.639,1.6674571065413258e-06
7872,805.5094751409997,4.8437,1.663967456765156e-06
7873,805.6105583979988,6.122,1.6605944639807385e-06
7874,805.7082713740001,6.9564,1.657090116318491e-06
7875,805.8064828919996,5.7788,1.6536972807934675e-06
7876,805.9056819099987,5.358,1.6502879761765233e-06
7877,806.0052269129992,5.4502,1.6468550602162374e-06
7878,806.1042427969987,6.0342,1.6434079740776015e-06
7879,806.201812633999,5.871,1.6399939468474345e-06
7880,806.2998270520002,6.3115,1.6366291794263799e-06
7881,806.3982304029996,5.5271,1.6332450996686234e-06
7882,806.4968537679997,6.5427,1.6298579834843898e-06
7883,806.5938950149994,5.9237,1.6264636322831733e-06
7884,806.6911937939985,6.3202,1.6231170092647852e-06
7885,806.7884220529995,5.6261,1.6197809866201175e-06
7886,806.8868261719999,6.2564,1.6164401296878933e-06
7887,806.986330886999,6.1918,1.6130752328915477e-06
7888,807.0897238489997,4.675,1.6096710964575822e-06
7889,807.1857080609989,3.8577,1.606127969902907e-06
7890,807.2840312640001,6.627,1.6028414910738642e-06
7891,807.3829447039989,5.6185,1.5994809809009054e-06
7892,807.480640071999,6.1063,1.5960690811719858e-06
7893,807.5803950949994,6.5428,1.5927868714874644e-06
7894,807.6788594459995,5.1863,1.5893855906115584e-06
7895,807.776431156999,6.436,1.5860440074589671e-06
7896,807.8775663969991,5.514,1.582725350281211e-06
7897,807.97521237,6.2919,1.579298226521808e-06
7898,808.0723389549985,5.3572,1.5759891096206763e-06
7899,808.1688441959996,5.599,1.5726902641642393e-06
7900,808.2685817989986,6.3991,1.5694249646948822e-06
7901,808.3672149569993,5.7864,1.5660675407208364e-06
7902,808.4675484799991,5.1328,1.5627263871590082e-06
7903,808.5671677009996,6.1615,1.5593494148886334e-06
7904,808.6656031629991,5.9722,1.5559947715323958e-06
7905,808.7649637759987,6.5294,1.5526762713011261e-06
7906,808.8629290469999,6.2422,1.549339695678248e-06
7907,808.9621795029998,6.256,1.54604758428665e-06
7908,809.0623818719996,5.4198,1.5427148886343945e-06
7909,809.1540218139999,5.7477,1.5393191269208378e-06
7910,809.2506473439989,5.0939,1.5363001459450882e-06
7911,809.3465998559986,4.7753,1.5330577205943026e-06
7912,809.4449391999988,6.1213,1.529850317833853e-06
7913,809.5452104919987,6.006,1.5265738002547186e-06
7914,809.6359796159995,6.6343,1.5231851601673509e-06
7915,809.7348161109985,5.3119,1.520206664808485e-06
7916,809.8318941919988,5.8892,1.5168796070429813e-06
7917,809.9264110629993,4.446,1.5136805037097108e-06
7918,810.0240951119995,5.7833,1.5105377448709768e-06
7919,810.1215460779986,6.3185,1.5073040136922512e-06
7920,810.2199148889995,5.5201,1.5040658677804742e-06
7921,810.318905434,5.6407,1.5007989794475596e-06
7922,810.416801034,5.0973,1.4975379670787188e-06
7923,810.5146100459988,6.5075,1.4943066100634812e-06
7924,810.6152493059999,4.5605,1.4910792692779923e-06
7925,810.7135631099991,5.4251,1.4877601663812661e-06
7926,810.8134867159988,5.5742,1.4845214283353725e-06
7927,810.9102052109993,6.5749,1.4812330162317396e-06
7928,811.0089239439985,5.3315,1.4780619942945134e-06
7929,811.1108043019995,5.0307,1.4748198758989112e-06
7930,811.2113113229989,5.4996,1.4714448536199743e-06
7931,811.3109485320001,6.6349,1.4681911023716826e-06
7932,811.4086171379986,5.8762,1.4649345633242439e-06
7933,811.5072044799999,5.8785,1.4617294284041765e-06
7934,811.6036876459984,6.3659,1.4585146667859123e-06
7935,811.7033763869986,6.1657,1.4553587783954742e-06
7936,811.8014085089999,4.0427,1.4521176404373005e-06
7937,811.9008612259986,6.0576,1.4489239339630728e-06
7938,812.0012938159998,5.8479,1.4456886637646438e-06
7939,812.0964888769995,5.9795,1.4424352624934384e-06
7940,812.1963713719997,6.6554,1.439350362421893e-06
7941,812.2966509859998,5.2227,1.4361098847730014e-06
7942,812.3923538599993,5.4016,1.432833232134803e-06
7943,812.4885292580002,5.559,1.429760255437254e-06
7944,812.5853778229994,5.2691,1.4266629996775721e-06
7945,812.6822875229991,5.7598,1.4235354911217052e-06
7946,812.7811360919986,5.8222,1.4204091068744014e-06
7947,812.8795898459994,6.5814,1.4171932650026836e-06
7948,812.9774232069994,4.3976,1.414059342384419e-06
7949,813.0765602499996,5.6693,1.4109141153062555e-06
7950,813.1743616539989,5.0909,1.407736574510951e-06
7951,813.2766779559988,6.0462,1.4045616654460192e-06
7952,813.3754404329993,4.721,1.4013290697573621e-06
7953,813.4719143969996,5.394,1.3981671570302363e-06
7954,813.5684024329985,3.9679,1.3950788277336702e-06
7955,813.6662941879986,6.1965,1.3919995626909793e-06
7956,813.7670443879997,5.6631,1.3888790385077288e-06
7957,813.8649814929995,4.7311,1.3856785047898695e-06
7958,813.9654732789986,6.6118,1.382554865821481e-06
7959,814.0638463759988,5.8259,1.3793650631872295e-06
7960,814.1632010799985,6.0797,1.3762371759865112e-06
7961,814.2619833069984,5.8515,1.373093137683884e-06
7962,814.3606901849998,5.6129,1.369963282584602e-06
7963,814.4579316700001,5.5674,1.366835362340793e-06
7964,814.5564230889995,5.5419,1.3637600454799087e-06
7965,814.6552118210002,5.7395,1.360652278679514e-06
7966,814.7513089579988,5.5646,1.357538444849299e-06
7967,814.8487216039994,4.8607,1.354511693045374e-06
7968,814.9442561759988,3.8482,1.3514489074953922e-06
7969,815.0426799979996,4.664,1.3484376967852375e-06
7970,815.1382084629986,5.6441,1.3453534068356366e-06
7971,815.2345172859987,5.1,1.342358201721855e-06
7972,815.3311381889998,6.1807,1.3393433777744602e-06
7973,815.4299964679994,5.4479,1.3363147571359453e-06
7974,815.5262751779992,5.6174,1.3332248404136493e-06
7975,815.6244581589999,3.5808,1.3302117185582192e-06
7976,815.7217654039996,6.5197,1.3271506375552356e-06
7977,815.8197259219996,4.9126,1.3241264325939917e-06
7978,815.9181661499988,4.4744,1.321064496451399e-06
7979,816.0162546489992,6.0323,1.3180203912298793e-06
7980,816.1136127829996,6.3677,1.314970680999686e-06
7981,816.2110272009995,5.8136,1.3119458512394961e-06
7982,816.3037725759987,5.9553,1.3089382606558538e-06
7983,816.4037723719994,5.9017,1.3060649522590756e-06
7984,816.5002029489988,5.3177,1.3029709177040412e-06
7985,816.597888757,5.727,1.2999570331710648e-06
7986,816.6976438599995,5.7284,1.296986021912075e-06
7987,816.7960359659992,5.9529,1.2939079909627116e-06
7988,816.8946097509997,5.211,1.290878357037184e-06
7989,816.9942903129995,5.7593,1.287854518718562e-06
7990,817.0952997839995,5.6528,1.2847817465261646e-06
7991,817.1940463149986,5.6644,1.2816971562370744e-06
7992,817.2914618229988,5.8032,1.2786632489582118e-06
7993,817.389435695999,5.4792,1.2756847403916444e-06
7994,817.4819532319998,5.7587,1.2726691558713033e-06
7995,817.5809296619991,5.8207,1.2698761112463597e-06
7996,817.6739343009995,5.6936,1.2668531409628814e-06
7997,817.771807735,5.7214,1.2640206371911322e-06
7998,817.8685513599994,6.1732,1.2610432582913222e-06
7999,817.9660936519995,5.8021,1.2580983986597628e-06
8000,818.0635571459989,6.3933,1.2551397720680148e-06
8001,818.1602444319997,5.514,1.2521838756148734e-06
8002,818.2571597789993,5.1727,1.2492524169440883e-06
8003,818.3546605449992,5.7294,1.2463262840882006e-06
8004,818.4512358100001,6.341,1.2433833235738074e-06
8005,818.548541537999,5.8399,1.2404646348914444e-06
8006,818.6436454489995,4.5217,1.237529937981427e-06
8007,818.740332682999,5.688,1.2346264554392278e-06
8008,818.8354091040001,4.0017,1.231755852365496e-06
8009,818.9317547899991,6.5307,1.228898498800765e-06
8010,819.0303730449996,5.6906,1.226005812829198e-06
8011,819.1275598599987,5.3339,1.2230538905571243e-06
8012,819.2264815239996,6.1582,1.220140468850417e-06
8013,819.3243677709997,5.6983,1.2171919849768703e-06
8014,819.4227124199988,6.1905,1.2142687132367881e-06
8015,819.5212750399987,6.3449,1.2113322324799642e-06
8016,819.619779577999,4.8107,1.2083925437890858e-06
8017,819.7186259029986,4.5192,1.2054594967329941e-06
8018,819.8163707699987,5.2876,1.2025219344046546e-06
8019,819.9179172019994,5.8501,1.1996226276041856e-06
8020,820.0109291729987,6.5594,1.1966120659972436e-06
8021,820.1090403769995,5.8799,1.1938539788990872e-06
8022,820.2069255079987,5.4162,1.1909487453485414e-06
8023,820.3025988829995,4.6537,1.1880497639237459e-06
8024,820.3995586579986,6.3503,1.185230163099757e-06
8025,820.496155068,4.8692,1.1823737058718698e-06
8026,820.5938160039987,6.2889,1.179530824538397e-06
8027,820.6933441349993,5.754,1.176655207441729e-06
8028,820.7909432669985,5.1867,1.1737259251722727e-06
8029,820.8886154069987,4.199,1.1708565771176211e-06
8030,820.987618272,6.2538,1.1680048746849525e-06
8031,821.087575947,5.9589,1.1651029295835502e-06
8032,821.1862429679986,5.0321,1.1621861964635883e-06
8033,821.2834866089997,5.6936,1.1593087684510674e-06
8034,821.3750840989997,6.0222,1.1564652333193787e-06
8035,821.4739186909992,5.4946,1.153807582616856e-06
8036,821.5711770399994,5.5368,1.1509188189456705e-06
8037,821.6700264979991,5.8783,1.1480962180001776e-06
8038,821.7720478589999,6.5115,1.1452249174804974e-06
8039,821.8703933629986,5.4484,1.1422486603661575e-06
8040,821.9715532299997,5.6315,1.1394235310578788e-06
8041,822.0711441709991,4.5289,1.1364858514122972e-06
8042,822.1691815599988,6.3905,1.1336165600402681e-06
8043,822.2679095639996,6.3364,1.130788053592291e-06
8044,822.3664239399986,4.4131,1.1279454625207908e-06
8045,822.4626377879995,5.7852,1.1251109957962775e-06
8046,822.5599846179994,6.1456,1.1223455424155676e-06
8047,822.656890238999,5.2239,1.119551291777704e-06
8048,822.7568998890001,5.5584,1.1167511014963467e-06
8049,822.8558286719999,5.1279,1.113905697600151e-06
8050,822.9529949319985,4.9263,1.1110746524705173e-06
8051,823.0497645249998,6.2218,1.1082973807898689e-06
8052,823.1507191780001,5.9077,1.105543587494809e-06
8053,823.2493268329999,5.7041,1.1026629622335943e-06
8054,823.346263034,5.694,1.0998565788694265e-06
8055,823.4479766039985,6.0952,1.097102730932295e-06
8056,823.5399795159992,6.9203,1.0942147213499233e-06
8057,823.6353273259992,4.9853,1.0916108060039898e-06
8058,823.7326293469996,5.5493,1.0888915245265667e-06
8059,823.8311020949986,5.9244,1.0861531727842988e-06
8060,823.9281478739995,6.469,1.0833695387175185e-06
8061,824.027089752999,5.8289,1.0806097361466928e-06
8062,824.1240539199989,5.4713,1.0778453392171512e-06
8063,824.2203921820001,5.0389,1.075116142077584e-06
8064,824.3173248879993,6.8716,1.0724057598298614e-06
8065,824.416540966,5.63,1.0696879454715757e-06
8066,824.5174994239987,6.05,1.066904029083554e-06
8067,824.6162027299997,6.3412,1.0640800019979025e-06
8068,824.7146018499989,5.9489,1.061316826120723e-06
8069,824.8128056699989,4.7174,1.058565017048349e-06
8070,824.9069602529999,3.271,1.05582995108075e-06
8071,825.0053644829986,5.7627,1.0532028175879837e-06
8072,825.1026815469995,5.674,1.050467974342506e-06
8073,825.1989092329986,5.6782,1.0477635395074542e-06
8074,825.2963950289995,4.5324,1.0450868316016548e-06
8075,825.3916847239998,5.3468,1.0423878282815102e-06
8076,825.4883526729991,5.2787,1.0397434665408046e-06
8077,825.5863043089994,6.7626,1.0370699837124632e-06
8078,825.6833920529989,4.8978,1.0343688870163127e-06
8079,825.7823981779984,5.6482,1.0316881995521832e-06
8080,825.8796989389994,6.3245,1.0289607198542244e-06
8081,825.9800632289989,6.1122,1.0262817609205166e-06
8082,826.077089896,4.586,1.023524400399245e-06
8083,826.1769674819989,5.3658,1.0208373191730986e-06
8084,826.278792015999,5.5107,1.0181287473899293e-06
8085,826.379585269,6.0287,1.0153450093122574e-06
8086,826.4782960239991,6.3083,1.0125872083539628e-06
8087,826.5750560119995,5.4669,1.009880907229635e-06
8088,826.6744875439999,5.6023,1.0072444105845542e-06
8089,826.7708250509986,5.7689,1.0045444818764267e-06
8090,826.869957162,6.1057,1.0019250971791072e-06
8091,826.9690747959994,6.2314,9.992351821706352e-07
8092,827.0674389509986,4.7309,9.965484394771573e-07
8093,827.1668024819992,5.8968,9.938786877629836e-07
8094,827.2648662060001,6.1926,9.911977130408312e-07
8095,827.3640623449992,6.316,9.885401395421851e-07
8096,827.460887371999,5.0137,9.8586994197834e-07
8097,827.5598181419991,6.0975,9.832540306803583e-07
8098,827.6587835169994,5.9261,9.805996888479635e-07
8099,827.7579085119996,5.8069,9.779369749909477e-07
8100,827.857945759999,5.6321,9.752747822860841e-07
8101,827.9544185619998,5.0526,9.725997638606267e-07
8102,828.0531650879984,5.9303,9.700085998283675e-07
8103,828.152399180999,5.7089,9.673689369860823e-07
8104,828.2538106669999,6.5315,9.647239893701031e-07
8105,828.3521226960002,5.8591,9.620202447704118e-07
8106,828.4503475969996,5.561,9.594019279228428e-07
8107,828.5492144349992,6.1477,9.567974681472052e-07
8108,828.6496273009998,6.1336,9.541481562826137e-07
8109,828.7488756269995,5.0323,9.515076905837527e-07
8110,828.8479489019992,5.2978,9.488778386350011e-07
8111,828.9440594859989,4.5978,9.462580342017579e-07
8112,829.0424388009997,5.7652,9.437165062101766e-07
8113,829.1388739139984,6.4572,9.411236328811135e-07
8114,829.2371389639993,5.6413,9.385817985056222e-07
8115,829.3354507629992,6.0098,9.360032859338064e-07
8116,829.4342179449995,5.9188,9.334134778976961e-07
8117,829.5332077909989,4.524,9.308355486047443e-07
8118,829.6283048039986,4.8774,9.282347152372916e-07
8119,829.7253110779984,6.3339,9.257474429112844e-07
8120,829.8228527939991,6.8094,9.232150103352877e-07
8121,829.9211357639997,6.1943,9.2066886265747e-07
8122,830.0171346419993,5.5381,9.181111454815372e-07
8123,830.114944342,6.209,9.156049578673415e-07
8124,830.2111046949994,6.1592,9.130727146559964e-07
8125,830.3089814599989,6.2459,9.105717822725096e-07
8126,830.4069764329997,4.4782,9.08039575842129e-07
8127,830.5059117339988,5.612,9.055004129230687e-07
8128,830.608710904,5.3923,9.029313662216765e-07
8129,830.7069197009987,5.6549,9.002959203161576e-07
8130,830.805704847,4.9583,8.977585134783556e-07
8131,830.9042505479993,5.883,8.952099560613491e-07
8132,831.0023801129992,5.9811,8.926850739073872e-07
8133,831.0992942449993,5.4172,8.901648125592854e-07
8134,831.1986700990001,5.6785,8.876766134243348e-07
8135,831.2969320020002,4.0686,8.851462180441556e-07
8136,831.3929083109997,4.4758,8.826278559551926e-07
8137,831.4920903049988,4.5883,8.801682290948299e-07
8138,831.591743981,6.4826,8.77654702771849e-07
8139,831.6912224619991,4.8857,8.751108709809636e-07
8140,831.7896839309997,5.8324,8.725893297337445e-07
8141,831.887267533999,5.8463,8.70087931067945e-07
8142,831.9832055989991,3.0585,8.676176975365241e-07
8143,832.082443801999,6.3959,8.651847163511168e-07
8144,832.1795828899994,5.3928,8.626583066203758e-07
8145,832.2769634739998,4.8348,8.602267798211105e-07
8146,832.3765868289993,5.1411,8.577688167104941e-07
8147,832.476693143999,6.2408,8.552451540076862e-07
8148,832.574088976,5.8283,8.527610119825197e-07
8149,832.6708987459988,5.776,8.503125740725593e-07
8150,832.7677619039987,6.1212,8.478866281036696e-07
8151,832.8602010549985,5.8117,8.454629935639418e-07
8152,832.9596524299996,5.6838,8.431541031017565e-07
8153,833.0589399189994,3.9827,8.406732593889715e-07
8154,833.1576544669988,5.3117,8.381983489474554e-07
8155,833.2575139,4.5706,8.357432973567642e-07
8156,833.3564416829995,5.2533,8.332586321368934e-07
8157,833.4547565309986,6.3043,8.30806631302497e-07
8158,833.5537617779992,5.881,8.283723398128273e-07
8159,833.6511249939995,5.2088,8.259222191539823e-07
8160,833.7488363899993,6.2243,8.235191269258341e-07
8161,833.8476415649984,4.9917,8.211072266431141e-07
8162,833.9480883870001,7.019,8.186727580856395e-07
8163,834.0507176229985,6.6768,8.16204659093306e-07
8164,834.1483568179992,4.8118,8.136882773576687e-07
8165,834.2485758669991,5.8262,8.112918612970976e-07
8166,834.3461231549991,6.2031,8.088106676248625e-07
8167,834.4409462449985,5.3061,8.06450099295486e-07
8168,834.5374759729984,4.7894,8.041328324101732e-07
8169,834.6346753580001,6.3963,8.017843580055556e-07
8170,834.7312693699987,5.9917,7.994168577732747e-07
8171,834.8308951409999,6.2459,7.97069380626625e-07
8172,834.9282494159997,6.3086,7.946455995157503e-07
8173,835.0267311839998,5.9846,7.922940309238985e-07
8174,835.1245460969985,5.1112,7.899080011624343e-07
8175,835.2220489539995,6.0151,7.875439718517702e-07
8176,835.3131597909996,5.7549,7.851942657831763e-07
8177,835.4113702769992,6.8803,7.830034865360686e-07
8178,835.5114239579998,5.6239,7.806334180516406e-07
8179,835.6116040399993,5.231,7.782073762875764e-07
8180,835.7080743989991,5.1114,7.758280949761082e-07
8181,835.8131983209987,6.069,7.735148854084662e-07
8182,835.9133943830002,5.4947,7.70982093192682e-07
8183,836.0096419549991,2.9083,7.686127473574445e-07
8184,836.108927964,5.764,7.663140186370793e-07
8185,836.2051794589988,5.6814,7.639544754855288e-07
8186,836.3041788499995,5.4873,7.616611480191605e-07
8187,836.4045778279997,6.6414,7.593188445739086e-07
8188,836.5052142489985,5.8404,7.569374498899246e-07
8189,836.6056980199992,4.4912,7.545548757365323e-07
8190,836.7051499879999,4.8441,7.521817409641141e-07
8191,836.8054432079989,6.3003,7.498347523408749e-07
8192,836.9071912929994,5.4611,7.47453509155463e-07
8193,837.0023437119999,5.1893,7.450818540293808e-07
8194,837.1008511599994,6.4551,7.428455777715282e-07
8195,837.1975606889991,5.7305,7.405346799629676e-07
8196,837.2958132849999,6.1408,7.382739854642163e-07
8197,837.3941868379989,6.2069,7.359789379157766e-07
8198,837.4923876960002,5.7174,7.33685351366134e-07
8199,837.5887605589996,5.0997,7.313947215255718e-07
8200,837.6839676229993,5.841,7.291526106599971e-07
8201,837.783545070999,6.5919,7.269396278697494e-07
8202,837.8816115979989,6.2032,7.246294678445731e-07
8203,837.9788300769997,5.8829,7.22360559182586e-07
8204,838.0767581439995,6.3597,7.201122751276851e-07
8205,838.1753878689997,5.9145,7.178529213323098e-07
8206,838.2785667909993,5.7611,7.15578690526697e-07
8207,838.3771835829994,5.6891,7.132078491190852e-07
8208,838.4737140349989,4.8786,7.109337238752761e-07
8209,838.5722430829992,5.3332,7.087195464031248e-07
8210,838.670945640999,5.5982,7.064660043736349e-07
8211,838.7674008059985,4.3407,7.04211087046558e-07
8212,838.865160383999,5.4672,7.020023828185673e-07
8213,838.9652414089996,6.1184,6.997798164681019e-07
8214,839.0634427599998,4.9641,6.975051595140946e-07
8215,839.1604793019997,5.1379,6.952678401086931e-07
8216,839.2559139730001,5.3818,6.930647306145843e-07
8217,839.3510988489998,6.6343,6.909002906570622e-07
8218,839.447950415999,5.2959,6.887519979868084e-07
8219,839.5442900889993,6.4849,6.865629843449628e-07
8220,839.6379406460001,5.8924,6.843897945242455e-07
8221,839.7365236819987,5.695,6.822785549969956e-07
8222,839.831579574,5.9451,6.800679739812022e-07
8223,839.9291871219993,6.5956,6.779256547858215e-07
8224,840.0281560539988,5.8099,6.757452351834642e-07
8225,840.1273932369986,5.9384,6.735300009289514e-07
8226,840.2244094329999,5.5556,6.713134064782161e-07
8227,840.324212137999,5.2355,6.691480876627493e-07
8228,840.4231645789987,6.4636,6.669290098529652e-07
8229,840.5218374079996,5.6058,6.64729154282645e-07
8230,840.6204272979994,5.8081,6.625424977780348e-07
8231,840.7191882749994,5.4628,6.603561549889392e-07
8232,840.8157401509998,6.0076,6.581718836456834e-07
8233,840.9133377529997,5.9545,6.560390126005678e-07
8234,841.0111738340001,6.1831,6.538859295745686e-07
8235,841.1089054389995,5.6039,6.517301954279631e-07
8236,841.2071572269997,5.3724,6.495838125423093e-07
8237,841.3068816599989,5.5666,6.474287193478174e-07
8238,841.4044941709999,6.5824,6.45246072181252e-07
8239,841.5006079609993,3.6125,6.43107248506511e-07
8240,841.599287215,5.1609,6.410031587742255e-07
8241,841.6976419959992,6.254,6.388619771322296e-07
8242,841.7956172649992,4.9155,6.367202751789064e-07
8243,841.8937544869987,6.3485,6.34590599218543e-07
8244,841.9914554419993,6.485,6.324654420129278e-07
8245,842.0884206679984,5.5832,6.303432136618243e-07
8246,842.1903184899984,6.1177,6.282377308876237e-07
8247,842.2884998879999,6.1205,6.260298637056294e-07
8248,842.3913559559987,6.3306,6.239345546425274e-07
8249,842.4874119249998,6.9016,6.217241798467944e-07
8250,842.5861440479985,6.2988,6.196577804876341e-07
8251,842.6837762699997,5.2111,6.175480211894041e-07
8252,842.7833362839992,5.8734,6.154489857503026e-07
8253,842.8811335819992,5.8184,6.133059774096173e-07
8254,842.981553046,5.7729,6.112374405924576e-07
8255,843.0799736739991,5.9823,6.091015301008279e-07
8256,843.1783864079989,6.122,6.070114674898846e-07
8257,843.2783470279992,6.2008,6.049264416410266e-07
8258,843.3744650659992,5.5509,6.028104131528378e-07
8259,843.467723075999,6.2643,6.007717416390474e-07
8260,843.5658139030002,5.5971,5.988069758552983e-07
8261,843.664126358999,6.4116,5.967342425980655e-07
8262,843.7566902969993,6.3619,5.946671634595779e-07
8263,843.8563019289995,5.2923,5.927244821570532e-07
8264,843.9538733849986,5.1296,5.906322096214029e-07
8265,844.0529844749999,4.7707,5.885942776684639e-07
8266,844.151825899,5.592,5.865190327263126e-07
8267,844.2476715759985,4.9026,5.84458114495956e-07
8268,844.3462721629985,5.5606,5.824604437709685e-07
8269,844.4426421729986,5.723,5.80416154216884e-07
8270,844.5390642699986,5.2298,5.784111863116281e-07
8271,844.6359707359989,5.2063,5.764139722344825e-07
8272,844.7355044629985,6.5062,5.744088053938751e-07
8273,844.8346918299994,5.9008,5.723577328373419e-07
8274,844.9319852929984,4.565,5.703104322041852e-07
8275,845.0311045439994,5.7204,5.683114026624747e-07
8276,845.129739566999,5.3929,5.662766878336307e-07
8277,845.2267081169994,5.2841,5.642518584058537e-07
8278,845.3261137539994,6.1012,5.622668793691749e-07
8279,845.4237754999995,6.2521,5.602389332569735e-07
8280,845.5219646179994,5.3761,5.582460775604176e-07
8281,845.6147109109988,7.0871,5.562261287477471e-07
8282,845.7114141009988,5.9572,5.543646411003856e-07
8283,845.8110312099998,6.0142,5.523928339676105e-07
8284,845.9101203459995,5.6037,5.503826043238597e-07
8285,846.0077224689994,4.9406,5.483807721980317e-07
8286,846.0993651549998,6.1304,5.464065068411184e-07
8287,846.1955377679988,4.2484,5.445652925879258e-07
8288,846.291001906,5.107,5.426269199638067e-07
8289,846.3902331429999,6.0694,5.407101297501244e-07
8290,846.4914425349998,6.0335,5.3870664213308e-07
8291,846.5908615629996,4.1026,5.367056194054671e-07
8292,846.6884171359998,4.4386,5.347156119194313e-07
8293,846.7889229109987,5.7632,5.327670167264403e-07
8294,846.8882491759996,5.6856,5.30763733243314e-07
8295,846.9879728679989,5.4369,5.28795873565946e-07
8296,847.0872491599985,5.7456,5.268198361629368e-07
8297,847.1834315349988,5.5033,5.248600555468969e-07
8298,847.2824604549987,6.3558,5.229554799608266e-07
8299,847.3780543849989,5.323,5.210075884726273e-07
8300,847.4699516949986,5.6197,5.191242165382859e-07
8301,847.5672864929984,5.2761,5.173230393558575e-07
8302,847.6638512649988,5.6625,5.154103494221602e-07
8303,847.7604383429989,4.6998,5.135214474718181e-07
8304,847.8563464929994,5.8743,5.11633402355538e-07
8305,847.9554333239994,6.2324,5.097644757324271e-07
8306,848.0544284589996,6.5168,5.078404517801699e-07
8307,848.1523798639992,5.595,5.059161690514597e-07
8308,848.2493634809998,5.4907,5.040132744468574e-07
8309,848.3495703909994,6.0102,5.021385289779218e-07
8310,848.4493574199987,4.9393,5.002042647748006e-07
8311,848.5482133379992,6.0665,4.982796996887945e-07
8312,848.6495233119986,6.07,4.963756955096488e-07
8313,848.7485332239994,5.7797,4.944296117611603e-07
8314,848.8468923389992,6.1635,4.92529750311535e-07
8315,848.946370185,5.9727,4.906508968325286e-07
8316,849.0420758269993,5.7276,4.887500765818675e-07
8317,849.1400278259989,6.1358,4.869242315844763e-07
8318,849.2403433529998,6.4247,4.85063321654991e-07
8319,849.3360002159989,4.8934,4.831586879981947e-07
8320,849.4350100579995,5.4853,4.81329295679267e-07
8321,849.532586931,5.0471,4.794724472000217e-07
8322,849.6299674379989,5.2891,4.776263745724819e-07
8323,849.7275151209997,4.2975,4.7579611286833746e-07
8324,849.8233721929992,5.9413,4.7396173696334925e-07
8325,849.9209433519991,6.0434,4.721559178053947e-07
8326,850.0211499559991,6.027,4.703298754577784e-07
8327,850.1200567529995,5.2517,4.684494761383579e-07
8328,850.2181720019998,5.8551,4.6661269148949583e-07
8329,850.3162915249995,6.3458,4.647880710237168e-07
8330,850.4081508559993,5.9167,4.629565282568221e-07
8331,850.5060795299996,5.1783,4.6125706201191333e-07
8332,850.6064417509988,5.4001,4.5943969552557367e-07
8333,850.6981676409996,5.8932,4.5758802657824287e-07
8334,850.7986387309993,6.2685,4.5589699842865374e-07
8335,850.8973422889994,5.3195,4.5404500759970437e-07
8336,850.996907798999,6.771,4.522289590924433e-07
8337,851.0956882139999,6.176,4.503992707396126e-07
8338,851.1929726549988,6.0235,4.4857509337825066e-07
8339,851.2926396459989,5.2926,4.4681600644489727e-07
8340,851.3894855949984,4.2165,4.450014363704541e-07
8341,851.4857017989998,5.9714,4.43233753441491e-07
8342,851.5846484919985,6.4735,4.4149108499789707e-07
8343,851.682645171999,6.1786,4.3969962020566357e-07
8344,851.7809072479995,4.8389,4.379233867645438e-07
8345,851.877540645999,3.5221,4.3614904506572296e-07
8346,851.9755613789985,5.268,4.3441074294251206e-07
8347,852.0759603999995,5.4333,4.3264825547923993e-07
8348,852.1763028859987,6.2226,4.3084800145044013e-07
8349,852.2769600969987,5.9848,4.290435648077767e-07
8350,852.3765008339997,6.2324,4.272546717360437e-07
8351,852.4745515670002,6.2208,4.25477924372103e-07
8352,852.5732289529988,5.9235,4.237329862234185e-07
8353,852.6719265060001,5.1113,4.21978431847303e-07
8354,852.7725799069995,4.7959,4.2023016681499437e-07
8355,852.8710467299989,5.0469,4.184495448663117e-07
8356,852.9701202389988,5.0903,4.1671194035702854e-07
8357,853.0706366519989,6.1901,4.1496840773566083e-07
8358,853.1702647450002,5.8218,4.132026343361628e-07
8359,853.2697029009996,5.4429,4.1145344848255717e-07
8360,853.3669907439998,5.9703,4.097146697917359e-07
8361,853.466093821,6.1528,4.080176174154432e-07
8362,853.5620944389993,5.7945,4.062906318483495e-07
8363,853.658942136999,6.2904,4.0461844177325515e-07
8364,853.7583144119999,5.9574,4.0293719536421694e-07
8365,853.857071561999,5.8597,4.012208218760999e-07
8366,853.953436926,5.1411,3.9950860266100563e-07
8367,854.0534624880002,5.8507,3.9784733578363264e-07
8368,854.1520081959989,5.7151,3.9612922417927577e-07
8369,854.2541300960002,5.6601,3.9443293975615636e-07
8370,854.3496161009989,6.1506,3.926850599301035e-07
8371,854.4470243579999,6.3054,3.9104930606334025e-07
8372,854.5441308749996,6.2216,3.8939044516592417e-07
8373,854.6436790359985,4.5326,3.8773391698838645e-07
8374,854.7448500439987,6.3144,3.8604620662969493e-07
8375,854.8451539199996,5.6791,3.8432984550031136e-07
8376,854.9457651559987,6.286,3.8261564398881233e-07
8377,855.0432340909992,5.2036,3.8093610030978664e-07
8378,855.1404446029992,6.3437,3.792920430362612e-07
8379,855.23647833,6.6488,3.77659462106536e-07
8380,855.3328636459992,4.8628,3.760480414502332e-07
8381,855.431020086,4.8537,3.7443385714481803e-07
8382,855.5284625159984,6.1606,3.7279581563904873e-07
8383,855.6237749779993,5.0342,3.711716255380554e-07
8384,855.7145278119988,6.1862,3.6958389424021076e-07
8385,855.8136127259986,5.9674,3.6808281891991537e-07
8386,855.9104427009988,6.0634,3.664405918780117e-07
8387,856.0076388729995,6.853,3.648404873654948e-07
8388,856.098445620999,5.7699,3.6323876304960037e-07
8389,856.1971382159991,4.7583,3.61747063467896e-07
8390,856.2943932259986,5.5635,3.6011038569540577e-07
8391,856.394299915999,5.8389,3.585280858182105e-07
8392,856.4935682209998,4.6247,3.5689949848808077e-07
8393,856.5933956749996,5.8833,3.5527657595856856e-07
8394,856.6932504099987,6.3102,3.5365629633553057e-07
8395,856.7915753469988,5.8558,3.52034172689511e-07
8396,856.8893792449999,4.799,3.504413826766334e-07
8397,856.9908455509994,6.2581,3.488588947793525e-07
8398,857.0892013749999,5.6321,3.4722422271392386e-07
8399,857.1856995889993,3.8159,3.456407183415139e-07
8400,857.2831986759993,5.2467,3.4408980824797435e-07
8401,857.3797813399997,6.3514,3.425302393698565e-07
8402,857.4801215769985,6.0652,3.409854751566716e-07
8403,857.5802640769998,6.2733,3.39371139102862e-07
8404,857.6772189120002,4.6055,3.3779661783004954e-07
8405,857.7761928679993,5.4062,3.36253024040209e-07
8406,857.8755723009999,6.1052,3.3468940368655275e-07
8407,857.9674823299993,6.2614,3.3312100641245126e-07
8408,858.0659312129992,6.2381,3.316756458658782e-07
8409,858.1650727549986,6.1775,3.3011882208965336e-07
8410,858.2631745559993,5.3474,3.2856910961070465e-07
8411,858.3623274849997,6.5744,3.270301194915282e-07
8412,858.463042293999,4.8489,3.2548587716420555e-07
8413,858.5609604249985,5.8511,3.239082822785622e-07
8414,858.6626834819999,6.413,3.2238888924165655e-07
8415,858.7625256739993,6.2889,3.208126389585481e-07
8416,858.8596157039992,5.9462,3.1927460139317135e-07
8417,858.9588791239985,5.3555,3.1777584392463645e-07
8418,859.0556743549987,3.7643,3.16252230282299e-07
8419,859.1547683379995,5.762,3.1474986639767056e-07
8420,859.251967328999,5.3483,3.132305728858309e-07
8421,859.3478458059999,6.3739,3.117571053719653e-07
8422,859.4440218660002,4.6506,3.102967155126091e-07
8423,859.5422683489996,5.9066,3.0883124175410115e-07
8424,859.6393344869994,5.3052,3.0734142549422586e-07
8425,859.73614705,5.7734,3.0586917792293224e-07
8426,859.8332160109985,6.0263,3.0441155270585773e-07
8427,859.9302767069985,5.5264,3.029473918247816e-07
8428,860.02575058,5.6094,3.014864002925222e-07
8429,860.1206265389992,4.8897,3.000565461861116e-07
8430,860.2181027349998,6.3235,2.9863045307554906e-07
8431,860.3175844739999,5.8019,2.971825663014821e-07
8432,860.4154686539987,5.8334,2.957058488026021e-07
8433,860.5144457639999,6.675,2.94247621776253e-07
8434,860.6059631829994,5.6609,2.927845379508909e-07
8435,860.7045747209995,5.6339,2.914327426953717e-07
8436,860.8019791749994,5.1067,2.899766173340174e-07
8437,860.9008370479987,6.1,2.8854189045945665e-07
8438,861.0009437600002,6.1417,2.8709119901331183e-07
8439,861.0981493749987,6.0272,2.856256122294759e-07
8440,861.1950356739999,6.1752,2.8420521397843627e-07
8441,861.2923227709998,5.944,2.827974197638833e-07
8442,861.3916087479993,6.42,2.813863286171836e-07
8443,861.4901381519994,5.2967,2.7994329079936154e-07
8444,861.5856606990001,5.9743,2.7851384316599505e-07
8445,861.6835433739998,5.9142,2.7714036745206674e-07
8446,861.7807769889987,5.8884,2.757359299682516e-07
8447,861.8778002759991,5.3954,2.7434371908337255e-07
8448,861.975336857,6.1413,2.7295400272450977e-07
8449,862.0727403539986,5.6557,2.715647649570302e-07
8450,862.1717283969992,5.5102,2.701755611678125e-07
8451,862.2682761029992,5.8492,2.6877452260047895e-07
8452,862.364287585,5.3823,2.674047882008479e-07
8453,862.4625200269984,5.7132,2.6604631624486956e-07
8454,862.5609538009994,5.7328,2.646623000967463e-07
8455,862.6589486949997,5.0155,2.632784816396533e-07
8456,862.7566800469995,5.2363,2.619052809682665e-07
8457,862.8535103089998,6.0729,2.605403586144389e-07
8458,862.9517429019998,5.8573,2.591926574550957e-07
8459,863.0501069940001,4.4182,2.578230386401398e-07
8460,863.1488336940001,6.2916,2.5645852310017816e-07
8461,863.2475109440002,5.4638,2.550947153466599e-07
8462,863.344829488,5.3164,2.537311962747813e-07
8463,863.4393453119992,5.7328,2.523932984345084e-07
8464,863.5371701499989,5.7271,2.510941650224641e-07
8465,863.6343502929994,6.0501,2.497552952781396e-07
8466,863.7328867399992,4.5143,2.4842881026476697e-07
8467,863.8317587479996,4.7831,2.4708488607897153e-07
8468,863.9294758479991,6.2426,2.4574178962537555e-07
8469,864.028730304999,5.8942,2.444215613450346e-07
8470,864.1268193629985,6.0194,2.430809485126334e-07
8471,864.2258381129996,5.5712,2.4175891523454676e-07
8472,864.3231538139989,5.3481,2.4043021421021883e-07
8473,864.4188461989997,6.473,2.3912659445320395e-07
8474,864.5165545079999,6.0765,2.378461910217622e-07
8475,864.6168446639986,4.778,2.3654468261627983e-07
8476,864.7175769469995,6.0798,2.3521550421322647e-07
8477,864.8171007799992,6.2868,2.3387899477806673e-07
8478,864.9166944609988,6.4627,2.3256214604537308e-07
8479,865.018508702,6.221,2.3123465866146388e-07
8480,865.1149793109998,5.3332,2.2991484246559224e-07
8481,865.2161394779996,5.3502,2.2864575044606596e-07
8482,865.3128855439991,5.7713,2.2732549084703568e-07
8483,865.4133496769991,6.0634,2.2606688024307264e-07
8484,865.5126510399987,7.0428,2.2476385007151602e-07
8485,865.6106322469986,6.3051,2.234751084015746e-07
8486,865.7095335289996,6.6519,2.2220800330039204e-07
8487,865.8094465839986,5.152,2.209347952784102e-07
8488,865.9082162989998,5.9708,2.1965368930508546e-07
8489,866.0048698209994,5.6482,2.1838627906080877e-07
8490,866.1034046929999,5.351,2.1714793287560543e-07
8491,866.2033857869992,6.6318,2.1589821591986857e-07
8492,866.3024050479999,5.4285,2.1463060460579776e-07
8493,866.4005284099985,6.3573,2.1337674173955157e-07
8494,866.5001121529986,6.3058,2.1213864129541183e-07
8495,866.5977544359994,5.9237,2.10881106791444e-07
8496,866.6967923839984,5.952,2.0965755437028223e-07
8497,866.7955927399998,4.8699,2.0841867271656767e-07
8498,866.8943433369986,6.1742,2.0718348412681332e-07
8499,866.9968778739985,5.8508,2.0595623011229471e-07
8500,867.0975524799996,6.3644,2.0468373867948142e-07
8501,867.1942419970001,3.781,2.034407533436311e-07
8502,867.2892591179989,4.5653,2.0225086841421658e-07
8503,867.3868607369986,5.4874,2.010785401333315e-07
8504,867.4860130769994,5.7972,1.9988674514056228e-07
8505,867.5840067879999,5.2963,1.986711331666863e-07
8506,867.6848791889988,6.2238,1.9747932600792662e-07
8507,867.7850811279986,5.8708,1.9625597087209734e-07
8508,867.8861039909989,5.6963,1.9503635284560396e-07
8509,867.9847565539985,5.4877,1.938227331378717e-07
8510,868.0821745239991,6.2466,1.9262838929012539e-07
8511,868.1808039099997,6.1832,1.914543649270184e-07
8512,868.2803971479989,5.8602,1.9028954301303915e-07
8513,868.3779208509986,5.5658,1.890994809229385e-07
8514,868.4752323100001,4.8731,1.8794089144889004e-07
8515,868.5731369009991,4.7826,1.8678908465635247e-07
8516,868.6704398539987,5.3322,1.8563261844873613e-07
8517,868.7696204179992,6.2237,1.8448437311400503e-07
8518,868.8676738419999,5.3579,1.8332231504340214e-07
8519,868.9663142129994,6.3695,1.8217038196226278e-07
8520,869.0636646219991,6.7972,1.8102221891946603e-07
8521,869.1622241309997,5.2251,1.7989020868583172e-07
8522,869.2583878649984,6.0521,1.7874877095108988e-07
8523,869.3550525350001,5.2393,1.776373915424151e-07
8524,869.453541085999,5.6212,1.7652376211231557e-07
8525,869.5542391499985,4.9842,1.7539218018317871e-07
8526,869.650028570999,5.6233,1.7424175763471884e-07
8527,869.7484942219999,5.9946,1.7314577045245972e-07
8528,869.8472934499987,6.108,1.7202826117406202e-07
8529,869.9446661999991,5.3032,1.7090812319376925e-07
8530,870.0412248349985,6.0406,1.6980873185366287e-07
8531,870.1398352119995,5.3415,1.6871693404922618e-07
8532,870.2387233209993,6.4898,1.6761289208566122e-07
8533,870.3385094079986,5.6263,1.6650640133552e-07
8534,870.4371756839992,6.1005,1.653938506992997e-07
8535,870.5355637119992,5.6063,1.642960539002647e-07
8536,870.6365343549987,5.7729,1.6320106209022634e-07
8537,870.7356526669992,6.5927,1.620925334478135e-07
8538,870.8353796439987,5.5648,1.610007692151555e-07
8539,870.9333467389988,5.3466,1.5990518006736844e-07
8540,871.0299962169993,4.5024,1.5883540851296398e-07
8541,871.1270010749995,5.601,1.5778108893298726e-07
8542,871.2235566769996,5.2062,1.5672850742746715e-07
8543,871.3206921469991,6.4695,1.5568204057277436e-07
8544,871.4203051979985,5.8306,1.5463580674090207e-07
8545,871.5202249549984,5.9703,1.5356655557025311e-07
8546,871.6181115159998,6.0846,1.5249234338897967e-07
8547,871.7126692410002,3.8028,1.5144960617812232e-07
8548,871.8115007749984,5.1727,1.5044169214402936e-07
8549,871.9115543110001,6.1582,1.4939665529451475e-07
8550,872.0110565409996,6.1439,1.4834006377102694e-07
8551,872.111079762999,5.9649,1.4728807581442795e-07
8552,872.2109041139993,5.9201,1.462428218124645e-07
8553,872.3095565570002,5.9458,1.4519061023670344e-07
8554,872.4064691029998,6.3477,1.4416960917864598e-07
8555,872.5045527889997,5.5282,1.431630656025862e-07
8556,872.603327068,5.9204,1.4214498481150418e-07
8557,872.7011810749991,6.5517,1.4112831696209695e-07
8558,872.7994093409998,4.9847,1.401286334609092e-07
8559,872.8924994369991,6.5572,1.3912145125080933e-07
8560,872.9916711320002,6.2296,1.3817422943248614e-07
8561,873.0904760039994,5.5252,1.3716369150682805e-07
8562,873.1899063049987,5.99,1.361655064803985e-07
8563,873.2875070809987,6.3574,1.3516233332028782e-07
8564,873.3847232839998,4.418,1.3417948229868248e-07
8565,873.4825780209994,3.1509,1.3320769329452641e-07
8566,873.5811477099996,4.6205,1.3222787862025853e-07
8567,873.6810711819999,6.0351,1.3124983251235624e-07
8568,873.7787473089993,6.2134,1.3025442948107757e-07
8569,873.8767014859986,5.4876,1.292963009753484e-07
8570,873.9785190559996,5.917,1.2832388827839214e-07
8571,874.0773216679991,6.3226,1.2733740735498822e-07
8572,874.1775280769998,6.0207,1.2637476613683308e-07
8573,874.2771044849997,5.8828,1.253902281689423e-07
8574,874.3764552599987,6.2133,1.2443560541826327e-07
8575,874.4755065209993,5.1894,1.2347812725162779e-07
8576,874.5723196379986,5.105,1.2252675531287116e-07
8577,874.6690045409996,4.6739,1.2159692315412142e-07
8578,874.7696873789992,6.2154,1.2067658752589195e-07
8579,874.8695982499994,5.1416,1.1972110545101222e-07
8580,874.9660559299991,4.1585,1.1876714058878246e-07
8581,875.0622313909989,5.1485,1.1786708992192752e-07
8582,875.1601638849988,5.9963,1.1696501931649506e-07
8583,875.2578752589998,6.0246,1.1604942243835792e-07
8584,875.3550966549992,4.8614,1.1513730864451122e-07
8585,875.4507253430002,5.8062,1.1423673504883658e-07
8586,875.546110719999,5.4857,1.1335262819157644e-07
8587,875.6411836110001,4.716,1.124744931513655e-07
8588,875.7379607189996,4.5263,1.1160261348345801e-07
8589,875.8343676240002,5.308,1.1071956320594934e-07
8590,875.9305528299992,4.3032,1.0984191346299632e-07
8591,876.0290106599987,6.081,1.0896927737132078e-07
8592,876.1308923359993,5.0851,1.0808161273981321e-07
8593,876.2278112329986,5.5784,1.0716662791292742e-07
8594,876.324270649,5.4848,1.0629909550948225e-07
8595,876.4217924169989,5.6023,1.0543865204773185e-07
8596,876.5187112069998,5.986,1.0457437152680272e-07
8597,876.6178842819991,6.2682,1.0371655490996057e-07
8598,876.7146117119992,5.8971,1.0284435562186723e-07
8599,876.8113355529986,6.3781,1.0199579087132871e-07
8600,876.9091427739986,5.719,1.0115119333642676e-07
8601,877.008165195999,6.0976,1.0030174157160954e-07
8602,877.1054908569986,5.6354,9.944432412450632e-08
8603,877.203917118999,5.7278,9.86045304379346e-08
8604,877.3052421389984,6.0028,9.775989366113958e-08
8605,877.4054788779995,5.3664,9.689408246475462e-08
8606,877.5055522909988,5.3875,9.60385028600852e-08
8607,877.6028693319986,6.1829,9.519212263234267e-08
8608,877.7003512529991,5.8192,9.437088149513995e-08
8609,877.7975358559997,6.7188,9.35520793563155e-08
8610,877.902367318,5.4325,9.273971973833285e-08
8611,877.9998961469992,5.6045,9.186585604365194e-08
8612,878.1021677139997,6.1467,9.105922816634582e-08
8613,878.2002784369997,5.4228,9.021564288994033e-08
8614,878.3002392449998,6.6483,8.940971699029078e-08
8615,878.4020691389997,5.6191,8.8594154709154e-08
8616,878.5023934319997,6.1842,8.776425876927396e-08
8617,878.601973118999,6.2359,8.694618947704125e-08
8618,878.7009025449988,5.3558,8.614018044411643e-08
8619,878.7986783289998,6.5223,8.535427338047241e-08
8620,878.898333228999,5.297,8.457171769334915e-08
8621,878.9973719289992,6.1955,8.378223188292289e-08
8622,879.0951333289995,4.4212,8.299775435026135e-08
8623,879.1925536889994,6.3331,8.222848947193607e-08
8624,879.2907123199984,6.0353,8.146530219727e-08
8625,879.3892853910002,4.8132,8.069590772984414e-08
8626,879.4889127719998,6.038,7.993282059026163e-08
8627,879.5882195289996,5.321,7.91537868970127e-08
8628,879.6862567119988,5.4859,7.839832071166731e-08
8629,879.7846439599998,4.8727,7.764825020301347e-08
8630,879.8828304469989,5.3103,7.689820056471508e-08
8631,879.9820016689991,5.8785,7.61553342238014e-08
8632,880.080872655999,6.4361,7.540735046251135e-08
8633,880.1783775749991,5.5888,7.466471395786434e-08
8634,880.2712235179988,6.7252,7.393589826169833e-08
8635,880.3666499379997,3.3133,7.324787882017625e-08
8636,880.464862367,6.4395,7.253846815027942e-08
8637,880.5619801379999,6.0362,7.181612603131271e-08
8638,880.6617913249993,5.3076,7.110415996759712e-08
8639,880.7595863639999,6.2303,7.036860491939356e-08
8640,880.855884401999,5.4378,6.966818784158724e-08
8641,880.955707174,5.4598,6.897277651966294e-08
8642,881.0557659799997,6.3652,6.825741218461357e-08
8643,881.1556666809993,6.2538,6.754317590422221e-08
8644,881.2548988719991,5.5144,6.683330205231042e-08
8645,881.3518539799989,5.0341,6.61328316001436e-08
8646,881.443440654999,6.3442,6.5446941806524e-08
8647,881.5420332550002,5.1533,6.481131699330179e-08
8648,881.6419692729996,5.4068,6.412383624919971e-08
8649,881.7437828149996,5.6795,6.343155789876321e-08
8650,881.8388749919995,4.954,6.273077109322234e-08
8651,881.9366631799985,5.5693,6.207704418304261e-08
8652,882.0342338559985,4.7236,6.14132568126785e-08
8653,882.131952967,5.3482,6.075198892382672e-08
8654,882.2281359849985,4.7569,6.009369396254016e-08
8655,882.32431851,5.881,5.945024461650461e-08
8656,882.422611426,6.0753,5.880956276635985e-08
8657,882.5195609189996,5.7596,5.815658403781621e-08
8658,882.6173882599996,4.4194,5.751706082771924e-08
8659,882.7184182969995,6.1582,5.687618842186993e-08
8660,882.816849326,5.2554,5.621907990264741e-08
8661,882.914476558999,5.7423,5.5580286630635416e-08
8662,883.0124058309993,6.0872,5.495218333812502e-08
8663,883.1107436549992,4.8322,5.432373112344014e-08
8664,883.2081749270001,6.1841,5.369780201972263e-08
8665,883.3057348359998,5.2678,5.307956608568421e-08
8666,883.4005616139984,6.5299,5.2466229919817534e-08
8667,883.4970621149987,4.6087,5.18715946278836e-08
8668,883.5963219249988,5.9209,5.1271670669661434e-08
8669,883.6928862709992,4.4928,5.0658083877863636e-08
8670,883.7880757889998,4.8697,5.0063029514027525e-08
8671,883.8871234649996,5.7563,4.948088325324174e-08
8672,883.985700702,4.7779,4.8879514276628515e-08
8673,884.0829506969985,5.7917,4.8283477243574183e-08
8674,884.1829835549997,5.9245,4.769948258593892e-08
8675,884.2801769159996,4.3555,4.7103092724717913e-08
8676,884.3751355299992,4.8334,4.652637309192076e-08
8677,884.4727682679986,5.8012,4.596611446445742e-08
8678,884.568044059999,5.438,4.5394389258882065e-08
8679,884.6653316289994,5.6194,4.483964965291687e-08
8680,884.7637194939998,5.5222,4.427239815227302e-08
8681,884.8610471809989,5.9873,4.371161099728793e-08
8682,884.9595582490001,5.3789,4.3155273684586384e-08
8683,885.055341850999,2.1673,4.259501525928911e-08
8684,885.1531893800002,5.3003,4.205522977010768e-08
8685,885.2513484029987,6.0359,4.1507862291145784e-08
8686,885.3514608259993,5.8776,4.096149551495176e-08
8687,885.4519039549996,4.7335,4.040754647741118e-08
8688,885.5523454839986,6.2563,3.985641243918203e-08
8689,885.6494897149987,5.6139,3.930870647029516e-08
8690,885.7480262729987,5.069,3.8781290741912725e-08
8691,885.8453944419998,5.4989,3.825169507232773e-08
8692,885.9435184869999,6.0842,3.773119503377443e-08
8693,886.0398809789986,3.6227,3.720498452347843e-08
8694,886.1376820259993,5.1485,3.6699732423767233e-08
8695,886.2354629490001,5.0448,3.6190639144109696e-08
8696,886.3346288529992,5.9188,3.5681928054737134e-08
8697,886.4356888629991,5.0519,3.517051316633824e-08
8698,886.535144251,5.9103,3.465317948677937e-08
8699,886.6350124949986,6.1176,3.414689610540256e-08
8700,886.7326002849986,6.3792,3.364052852425914e-08
8701,886.8338198619986,6.0297,3.315388358082483e-08
8702,886.9340540649991,6.3405,3.265128642165882e-08
8703,887.0320548499985,5.9535,3.215654266366386e-08
8704,887.1305792019994,5.9085,3.167556907651692e-08
8705,887.2288770849991,6.1331,3.119775817335413e-08
8706,887.3268696879986,4.8104,3.0723483918632115e-08
8707,887.4261053519986,5.2604,3.025453994926486e-08
8708,887.5254545299995,6.1578,2.978272207745658e-08
8709,887.626786199,6.7761,2.9315406097760177e-08
8710,887.7243880039987,5.3098,2.884129474471364e-08
8711,887.8231556800001,5.6016,2.838762288918939e-08
8712,887.9224395349993,5.5515,2.7933099324201074e-08
8713,888.0182154229988,5.9096,2.7481153235997536e-08
8714,888.117093883,5.3872,2.7046285648904547e-08
8715,888.2148560869991,4.8018,2.660298909894221e-08
8716,888.3136094699985,6.3536,2.6166525057755298e-08
8717,888.4110795719989,5.9621,2.5731138889398265e-08
8718,888.5108364019998,5.8159,2.5303996300277132e-08
8719,888.6089130649998,6.1773,2.4871908940107826e-08
8720,888.7076558919998,7.0482,2.4448890517442257e-08
8721,888.8091182099997,5.1117,2.4027242296767448e-08
8722,888.9056382089984,4.4104,2.3598067784524892e-08
8723,889.0038147549985,6.1761,2.3192881625730412e-08
8724,889.1007518890001,6.116,2.278497495758203e-08
8725,889.199810791999,6.1767,2.2386373583138664e-08
8726,889.2983632999985,6.1601,2.198155108588118e-08
8727,889.3959972969988,6.3208,2.1582212537787917e-08
8728,889.4936947409988,6.1718,2.1190748244243052e-08
8729,889.5934206769998,6.2181,2.0802834735264565e-08
8730,889.6920568719997,6.1207,2.041116716183511e-08
8731,889.7897146859996,5.8971,2.0024607886634516e-08
8732,889.8816427040001,5.9991,1.964447192330521e-08
8733,889.9819655719984,5.3586,1.929743257855776e-08
8734,890.0794226889993,6.0184,1.8914842993345005e-08
8735,890.1773836309985,5.6644,1.8550627751218187e-08
8736,890.276386440999,6.3226,1.8186597870703538e-08
8737,890.376163470999,5.8596,1.7822749763229952e-08
8738,890.4741879590001,5.2671,1.7459333297514812e-08
8739,890.5722063409994,5.9315,1.7105256092120324e-08
8740,890.6714194519991,5.6169,1.6755663770248732e-08
8741,890.7688757839987,5.8465,1.640555076474759e-08
8742,890.8684978879992,5.2985,1.6065180313820648e-08
8743,890.969755705999,5.4696,1.572114339633557e-08
8744,891.0678010659994,5.6919,1.5374978874668767e-08
8745,891.1651277559995,5.1844,1.5043307837830923e-08
8746,891.2660124129998,6.5899,1.471736069259544e-08
8747,891.3638995959991,6.2906,1.438444518562787e-08
8748,891.4644497319987,6.0674,1.4063377950288003e-08
8749,891.5621034219985,6.1651,1.3738976401103665e-08
8750,891.653345441,6.141,1.3426857672321768e-08
8751,891.752612794,4.9266,1.3138884009070152e-08
8752,891.8501674660001,6.2889,1.2827338574594727e-08
8753,891.9491278289988,6.2797,1.2526011858968178e-08
8754,892.0473898629989,5.9921,1.2225279049832283e-08
8755,892.1451563659994,4.2596,1.192822560131812e-08
8756,892.243523658999,5.5637,1.163756819441697e-08
8757,892.3451284829989,5.2341,1.1348892428653113e-08
8758,892.443108378,6.0025,1.1053900546911799e-08
8759,892.5410298739989,4.0194,1.0772037042011685e-08
8760,892.6372733829994,4.7931,1.0496351345409828e-08
8761,892.7326852539991,5.1103,1.0227318121552864e-08
8762,892.8299831059994,5.8502,9.964637700449198e-09
8763,892.9288145439987,5.915,9.699998067269621e-09
8764,893.027624078999,6.4154,9.434922540538237e-09
8765,893.1258230389994,6.6417,9.173981622687121e-09
8766,893.221801886999,6.3779,8.917351685552855e-09
8767,893.3199726269995,5.7737,8.670072328006985e-09
8768,893.4183911949985,5.9947,8.422068220390045e-09
8769,893.5180725369992,6.2229,8.176277489799211e-09
8770,893.6171820229993,5.3257,7.931304164165988e-09
8771,893.7175977899988,4.9145,7.690603742480096e-09
8772,893.8178978340002,4.8457,7.450473039205541e-09
8773,893.9171127029986,6.6067,7.215855793718529e-09
8774,894.0139484419997,5.6166,6.986310881285096e-09
8775,894.109566313,6.4119,6.766083475778784e-09
8776,894.2048706709993,4.5602,6.551723050907122e-09
8777,894.300524074999,6.4518,6.342129680109166e-09
8778,894.3978524329996,6.3633,6.134967818446913e-09
8779,894.4961915269996,5.1168,5.92774423958109e-09
8780,894.5931464079986,5.2474,5.721874379613357e-09
8781,894.6915517229991,6.1041,5.522589546050338e-09
8782,894.7882279109999,3.4671,5.323954708855161e-09
8783,894.8876249059995,6.1726,5.130992783000666e-09
8784,894.9878853029986,6.3904,4.938604355642085e-09
8785,895.0913262609993,4.0971,4.747376194375041e-09
8786,895.1909141239994,5.6666,4.553526772083095e-09
8787,895.2900300549991,6.198,4.371532546851298e-09
8788,895.3915004350001,5.0498,4.193773652494404e-09
8789,895.4889789629997,4.9938,4.014984451497505e-09
8790,895.5868995000001,5.4228,3.8474642127805935e-09
8791,895.6855573140001,6.0884,3.682929267431745e-09
8792,895.7842102949999,5.7127,3.520512044521973e-09
8793,895.884515804999,5.3403,3.3617231693455766e-09
8794,895.9842627819999,5.5304,3.2043096715256292e-09
8795,896.0809597520001,5.9767,3.0503444733959163e-09
8796,896.1813399949988,6.4151,2.9064442647469547e-09
8797,896.2811141029997,5.9763,2.7597741873192083e-09
8798,896.3802397399995,6.1453,2.6177769544138977e-09
8799,896.4777988629994,5.615,2.4807572745755294e-09
8800,896.5772975259988,6.4806,2.3492669112251676e-09
8801,896.6756786939986,5.8989,2.2191818083938665e-09
8802,896.7761941069984,5.5291,2.09373924916767e-09
8803,896.8732312399989,4.6983,1.969440548538204e-09
8804,896.9698524719988,5.9861,1.8531694744694517e-09
8805,897.0691970009993,5.621,1.740682158268836e-09
8806,897.1660994719987,4.7127,1.6290678449715213e-09
8807,897.2648225819994,5.3061,1.5235442952538093e-09
8808,897.364543231999,5.8216,1.4196065193372575e-09
8809,897.4637370740002,5.4164,1.3182567359715236e-09
8810,897.5625499649996,4.7429,1.2216262031766735e-09
8811,897.6611869659991,5.7599,1.1289114542706314e-09
8812,897.7604178429992,6.1425,1.0396908366877566e-09
8813,897.859697685999,6.1892,9.537800414322063e-10
8814,897.9582800699991,4.3531,8.714169801943284e-10
8815,898.0549093379996,5.5252,7.936118111478985e-10
8816,898.1522250329999,6.042,7.207869116315769e-10
8817,898.2510469389999,6.1823,6.509469961890613e-10
8818,898.3497797949985,5.7729,5.836709768197723e-10
8819,898.4488062209984,5.7912,5.196517806810297e-10
8820,898.5443917309985,5.8771,4.5982647753350927e-10
8821,898.6412612989989,5.3115,4.0522511764728987e-10
8822,898.7388618669993,5.5353,3.5360477947665724e-10
8823,898.8368311220001,5.8697,3.050684627109446e-10
8824,898.9350585069988,6.9707,2.599051996093893e-10
8825,899.032615013999,5.7849,2.1835157729410694e-10
8826,899.132115036,5.0587,1.80480793854354e-10
8827,899.2304439539985,6.2144,1.457636861185163e-10
8828,899.3254090639984,4.448,1.1502504860261276e-10
8829,899.4284679309985,6.0291,8.858323006510905e-11
8830,899.5263408399987,5.2732,6.419157218551242e-11
8831,899.6218470899985,6.2788,4.44640086666448e-11
8832,899.7199796189998,5.5593,2.869586800124946e-11
8833,899.8192073739992,5.9915,1.6091275151230987e-11
8834,899.9169017849999,5.6893,7.04177242349946e-12
8835,900.015306588999,6.4891,1.7241901129061433e-12
