step,elapsed_seconds,loss,learning_rate
1,29.4480515130017,11.2064,0.0
2,32.23514993500066,11.1919,3.2710140673334537e-05
3,32.33388299800026,11.1733,3.580300029000177e-05
4,32.4299503910006,11.1312,3.5912407940001384e-05
5,32.527876156000275,10.9488,3.6019143356667576e-05
6,33.68402851600149,10.9506,3.612796053666696e-05
7,33.781886751001366,10.9058,3.741281646666822e-05
8,33.87956790300086,10.9535,3.752136155444532e-05
9,33.97851917400112,10.845,3.762975280111277e-05
10,34.0749727500006,10.8498,3.7739751900001766e-05
11,34.17471031200148,10.9656,3.7846884284444975e-05
12,34.26978056700136,10.5932,3.7957948416666724e-05
13,34.37299296600031,10.4329,3.8063507760000195e-05
14,34.46919054499995,10.8582,3.8178457005556586e-05
15,34.56698246000087,10.6055,3.8285339248888906e-05
16,34.664204990000144,10.0429,3.8393761927778137e-05
17,34.763009296000746,10.3228,3.850172436777939e-05
18,34.8619259040006,10.1131,3.861280055444594e-05
19,34.958161727001425,10.3239,3.872155938555605e-05
20,35.05331246800051,10.3336,3.882854480111241e-05
21,35.15222852900115,10.1826,3.893418680777864e-05
22,35.25019319800049,10.1393,3.9043867382222544e-05
23,35.34628834100113,10.1248,3.9152581578889824e-05
24,35.44511597900055,9.9556,3.925965801666785e-05
25,35.54289505199995,10.1449,3.936933888333442e-05
26,35.64076448600099,9.8679,3.947822039000029e-05
27,35.738134770001125,9.7695,3.958666881333354e-05
28,35.83558946300036,9.5642,3.96949740477794e-05
29,35.93386140200164,9.7331,3.980342608444618e-05
30,36.02955517200098,9.9913,3.991351665555663e-05
31,36.126415505001205,9.1659,4.001896507888887e-05
32,36.22187269400092,9.4254,4.0126242932223656e-05
33,36.32038126700172,9.2175,4.023252140555592e-05
34,36.418361272000766,9.2119,4.0341804114444436e-05
35,36.514714657001605,9.5442,4.045097429333409e-05
36,36.61325084300006,8.9885,4.055800966000081e-05
37,36.711506833000385,9.2669,4.06675059977796e-05
38,36.808780475001186,9.0713,4.077657273000013e-05
39,36.90535913000167,9.142,4.088462080111236e-05
40,37.002157615001124,9.1393,4.099177375222401e-05
41,37.09698833400034,8.761,4.109938528666842e-05
42,37.19332561900046,9.0766,4.12048351444456e-05
43,37.2902761130008,9.0776,4.131182364666731e-05
44,37.386977156000285,8.8496,4.141965457444612e-05
45,37.482813437000004,8.9114,4.152713351000178e-05
46,37.5786084880001,9.1568,4.163370318666744e-05
47,37.67758391100142,9.0012,4.1740062766667606e-05
48,37.77446824500112,8.9056,4.184979027222249e-05
49,37.87128510799994,8.7686,4.1958971436668236e-05
50,37.96755933700115,8.8433,4.206537624777816e-05
51,38.063706309001645,8.8955,4.217242153222388e-05
52,38.159506247000536,8.8109,4.227921587777827e-05
53,38.25781519400152,8.7617,4.2385496741113054e-05
54,38.353622164000626,8.5107,4.249448991777778e-05
55,38.45196491100069,8.7488,4.2601223104445835e-05
56,38.54936701600127,8.6615,4.271046334888928e-05
57,38.6452145330004,8.8063,4.281853268000002e-05
58,38.74065562600117,8.6543,4.2925580605555705e-05
59,38.83754724700157,8.7636,4.303120816000147e-05
60,38.934312798000974,8.4614,4.31387895500019e-05
61,39.0309757440009,8.433,4.3246274274444864e-05
62,39.13842651900086,8.4477,4.335367067889011e-05
63,39.78698348600119,8.7304,4.347450512889029e-05
64,39.88458134800021,8.5839,4.419425290666671e-05
65,39.98161450200132,8.6048,4.430203747666787e-05
66,40.0802568550007,8.3611,4.440994252888939e-05
67,40.17738394200023,8.2763,4.451967174777868e-05
68,40.27465477900114,8.7675,4.4627637933333774e-05
69,40.37331009400077,8.719,4.473555320889015e-05
70,40.47110572100064,8.497,4.4845133813333734e-05
71,40.5709620760008,8.3139,4.495382455222272e-05
72,40.67048570299994,8.7036,4.506594434000161e-05
73,40.76800196400109,8.6816,4.517554919444592e-05
74,40.86838327900114,8.4171,4.528388341444548e-05
75,40.96507502700115,8.1663,4.539533702000174e-05
76,41.06298537600014,8.525,4.55032554977778e-05
77,41.15799096699993,8.3041,4.56114088044463e-05
78,41.25485770100022,8.6706,4.571702999222301e-05
79,41.3507881680016,7.9822,4.582474793666835e-05
80,41.44634502400004,8.3,4.59312690200002e-05
81,41.543477491000885,8.3,4.603753623888932e-05
82,41.641607518000455,8.2442,4.6145624071111045e-05
83,41.73989858300047,8.4453,4.625461523111275e-05
84,41.83715153200137,8.3396,4.6363626416667916e-05
85,41.933856648000074,8.5972,4.647158641444548e-05
86,42.033572597001694,8.4272,4.657911885666788e-05
87,42.13133370200012,8.6512,4.668970194444531e-05
88,42.22520170600001,7.8273,4.679843210222316e-05
89,42.32183518400052,8.1534,4.6903049152222394e-05
90,42.416777439000725,7.7607,4.7010062794446033e-05
91,42.51161367000168,8.1273,4.711573361222286e-05
92,42.60742033900169,8.3462,4.7221139454446127e-05
93,42.70091729200067,8.1607,4.732742645666804e-05
94,42.79574339000101,8.4119,4.7431595918888996e-05
95,42.890735590000986,8.5426,4.7536833521112896e-05
96,42.98075733300175,8.5526,4.764233744444533e-05
97,43.07613401500021,8.29,4.7742153561113e-05
98,43.17347563000112,8.0999,4.784871831888975e-05
99,43.27011568800117,8.1168,4.795729723444513e-05
100,43.36607968500175,8.401,4.806392247555576e-05
101,43.46248282000124,8.1595,4.817057015333477e-05
102,43.557556269001,8.1518,4.827769875000134e-05
103,43.651545091001026,8.3225,4.8383163750000275e-05
104,43.74747433000084,8.2858,4.848783642333526e-05
105,43.84724638900116,8.0517,4.85943508955562e-05
106,43.94200984300005,8.4315,4.8705232504445224e-05
107,44.03895944600117,8.4915,4.8810515953335003e-05
108,44.13719593600035,7.9456,4.8918226146668335e-05
109,44.23505085300167,8.2706,4.902724726111249e-05
110,44.33162166400143,8.1846,4.913597778222336e-05
111,44.427049889000045,8.3924,4.924327924000156e-05
112,44.52547880300153,7.9485,4.934951150777933e-05
113,44.623119671001405,8.3383,4.945876780000011e-05
114,44.71824594999998,8.0203,4.956719620888988e-05
115,44.813777155000935,7.8686,4.9673072167778525e-05
116,44.90935421500035,8.2894,4.9779028475556215e-05
117,45.00422796100065,7.6131,4.9885231020000196e-05
118,45.100353609001104,7.9972,4.999091771555565e-05
119,45.19702342000164,8.3912,5.0097527452223104e-05
120,45.29395405200012,7.9917,5.020482945111225e-05
121,45.39109399100016,8.1362,5.031254657222235e-05
122,45.49055141700046,8.0887,5.042087403333426e-05
123,45.589738884000326,7.9282,5.053161422444544e-05
124,45.68358672700015,7.8139,5.064131517222349e-05
125,45.78015473400046,7.5749,5.0745774436666884e-05
126,45.876477593001255,8.1176,5.085300038777859e-05
127,45.97150360700107,8.1035,5.09596856744449e-05
128,46.06661472500127,7.7666,5.1065389981112175e-05
129,46.16274910300126,8.1843,5.117103745222267e-05
130,46.2594904280013,8.3241,5.1277757672222736e-05
131,46.357641707001676,8.1011,5.1386133460000564e-05
132,46.453604058000565,7.3755,5.149441362666848e-05
133,46.54862367700116,7.9277,5.16011122088902e-05
134,46.64571946800061,7.6632,5.170681805888914e-05
135,46.744492780000655,8.4673,5.18146983055562e-05
136,46.840897596001014,8.2074,5.192503819777913e-05
137,46.93675666800118,8.3191,5.2031399836667136e-05
138,47.03432170400083,8.0323,5.213763216222408e-05
139,47.13354608600093,8.2398,5.2246497966668064e-05
140,47.228524869000466,8.0537,5.235647680666767e-05
141,47.326390576999984,8.037,5.246229446000144e-05
142,47.423253089000355,8.0604,5.25705837144455e-05
143,47.522422070000175,8.3664,5.267858305666676e-05
144,47.61859748400093,7.1783,5.27886081411129e-05
145,47.71803308700146,8.0691,5.289585356888994e-05
146,47.81361631400068,8.0719,5.300591340333388e-05
147,47.908870980001666,7.8954,5.311211867111221e-05
148,48.00534846500159,7.7756,5.321776409444486e-05
149,48.09900200800075,7.6291,5.332515652444474e-05
150,48.19861110800048,7.9987,5.342940864333489e-05
151,48.29767060300037,7.9457,5.354121722444486e-05
152,48.392380191000484,8.2189,5.364988251888968e-05
153,48.49253868000051,7.755,5.3755609437778024e-05
154,48.58871664900107,7.5436,5.386658324555659e-05
155,48.67795084000136,8.3289,5.3973451660001764e-05
156,48.778560796999955,8.2813,5.407281232000161e-05
157,48.87450784600151,7.7693,5.418471303222356e-05
158,48.96949308400144,7.748,5.429181283888991e-05
159,49.06729276400074,8.3711,5.4396606328890706e-05
160,49.16384280300008,7.6062,5.4505022426668196e-05
161,49.2589846030005,7.7481,5.461245741888989e-05
162,49.35553952100054,8.0558,5.471832529111149e-05
163,49.45133352800076,7.5363,5.482556944666714e-05
164,49.54856327500056,8.166,5.493220675000177e-05
165,49.64535621200048,8.265,5.503990193444527e-05
166,49.74227518000043,7.6494,5.514740998222301e-05
167,49.84035629600112,8.0217,5.525524267000138e-05
168,49.93654961800166,8.0957,5.536526081666833e-05
169,50.03256108400092,8.2572,5.547100933888942e-05
170,50.129824987001484,7.8562,5.557785762444635e-05
171,50.22659241300062,7.9719,5.5685788042222467e-05
172,50.32220964800035,7.7147,5.579336889222355e-05
173,50.41727924800034,7.9634,5.589973129889081e-05
174,50.51232099800109,8.0324,5.600541191666707e-05
175,50.60924305100161,8.105,5.611080356666814e-05
176,50.70505941600095,8.0996,5.621967998555596e-05
177,50.7998724500012,7.4936,5.632516024000022e-05
178,50.89415247400029,7.9936,5.643155493222366e-05
179,50.99059784000019,8.0479,5.6535081202222904e-05
180,51.08725491000041,8.2216,5.6642270791111916e-05
181,51.18444329000158,7.552,5.674955389111145e-05
182,51.2797538620016,7.3132,5.6857640521112544e-05
183,51.37529068799995,7.6933,5.696370924444636e-05
184,51.47356388100161,7.9479,5.706957390777865e-05
185,51.569557052000164,7.2136,5.717869231666757e-05
186,51.6646531510014,8.2607,5.72856553922227e-05
187,51.765294793000066,7.4539,5.739118239555562e-05
188,51.86304341200048,8.2468,5.750401527555571e-05
189,51.95892525100135,7.7485,5.761143423555647e-05
190,52.05713305400059,7.6206,5.77183031488898e-05
191,52.15309608300049,7.2616,5.7827217596667546e-05
192,52.25024240100174,8.1845,5.793392896888893e-05
193,52.34551296100108,7.3929,5.804171617000167e-05
194,52.44158159200015,7.9231,5.814776023333455e-05
195,52.53880688600111,7.5811,5.825428158000149e-05
196,52.63772784200046,7.2212,5.836329798222222e-05
197,52.731962035000834,7.2506,5.847371381666663e-05
198,52.82838937900124,7.5613,5.8577158746668126e-05
199,52.925543581000966,7.9138,5.868433692777924e-05
200,53.02246656400166,7.6102,5.879203375555638e-05
201,53.123116736000156,7.4634,5.889978283333525e-05
202,53.218050007000784,7.8416,5.9011812072223825e-05
203,53.31560986400109,8.0674,5.911727189333356e-05
204,53.41466268900149,8.0259,5.9225499266667617e-05
205,53.508860270001605,7.6509,5.933557674222256e-05
206,53.60498910200113,7.4849,5.944034331000189e-05
207,53.69975977100148,7.7814,5.95470320322238e-05
208,53.79618684200068,7.8798,5.9652587077778465e-05
209,53.89730030000101,8.4891,5.975941485111132e-05
210,53.99382151300051,7.9202,5.987167335666729e-05
211,54.08427036100147,8.4706,5.997916795333367e-05
212,54.18055883600027,7.6055,6.007953158222235e-05
213,54.27468093300013,7.6334,6.018688243555719e-05
214,54.37560095800109,7.3363,6.029124716555695e-05
215,54.47291951400075,7.4471,6.040322214666756e-05
216,54.568186041000445,7.6156,6.051162597000156e-05
217,54.66299035100019,7.9759,6.0617538282224105e-05
218,54.75980926600096,7.9639,6.0722688216667146e-05
219,54.85887769100009,7.8802,6.083027808444563e-05
220,54.95657603700056,7.6857,6.0940419492223255e-05
221,55.05174179400092,7.4708,6.104889084333384e-05
222,55.14836186499997,7.601,6.115474091666732e-05
223,55.24628212800053,7.7703,6.126193055555633e-05
224,55.34391903800133,8.0614,6.137083129333406e-05
225,55.441269844001,8.4085,6.147924331111225e-05
226,55.538667840000926,8.1316,6.15875009577778e-05
227,55.63459823900121,7.8856,6.169557686777907e-05
228,55.73122611600047,8.0984,6.180216831222222e-05
229,55.829272346001744,8.1787,6.190976724000091e-05
230,55.92643338800008,7.979,6.201855004000108e-05
231,56.025505974001135,8.0867,6.21264088300005e-05
232,56.12136281900166,7.6402,6.223654907111268e-05
233,56.2154245290003,7.3863,6.234304977555642e-05
234,56.31066673100031,7.3342,6.24478869577797e-05
235,56.406004874001155,7.8393,6.255337637333369e-05
236,56.50197133800066,7.3797,6.265949704111134e-05
237,56.5966390020003,7.7293,6.276605654666733e-05
238,56.69377972300026,8.1995,6.287121958777788e-05
239,56.791079395999986,7.4234,6.297902953777844e-05
240,56.88779830400017,8.0119,6.308708064888884e-05
241,56.98440291500083,7.4809,6.319469944000149e-05
242,57.082088023000324,7.737,6.330208652889067e-05
243,57.17895860700082,7.8669,6.3410502083334e-05
244,57.275048079000044,7.8385,6.351816557889025e-05
245,57.37167395200049,7.3977,6.362545393666854e-05
246,57.46928357900106,7.3807,6.373233578555705e-05
247,57.56511935600065,7.2082,6.384085835111262e-05
248,57.65930224500153,8.2403,6.394734109000031e-05
249,57.757494613000745,8.2033,6.405188203000054e-05
250,57.84649606700077,7.7133,6.416093798222291e-05
251,57.94381715700001,7.8856,6.425947525444524e-05
252,58.04229336900062,7.8267,6.436797232777787e-05
253,58.140398083000036,8.1083,6.447724757111145e-05
254,58.239261899001576,8.0945,6.458643075555706e-05
255,58.334292642000946,7.446,6.469639626111126e-05
256,58.43261908100067,7.4414,6.480212088333347e-05
257,58.528759658000126,8.2128,6.491108228222302e-05
258,58.62327260800157,7.3582,6.501784317000179e-05
259,58.71806423900125,7.8164,6.51231004544449e-05
260,58.816795008000554,7.5295,6.522852389333519e-05
261,58.91421763300059,8.0677,6.533790778222384e-05
262,59.010227744000076,8.2432,6.544613424444631e-05
263,59.10550953300117,7.4084,6.555313619555616e-05
264,59.19904020700051,6.8508,6.56594257722241e-05
265,59.29536065400134,8.0491,6.576286212888995e-05
266,59.39352187200166,7.1128,6.586973236111186e-05
267,59.490275355999984,7.8756,6.597977773888893e-05
268,59.585845348001385,7.995,6.608644383222377e-05
269,59.68223085200043,8.1075,6.619226691777942e-05
270,59.77871666400097,7.4707,6.629942185111254e-05
271,59.878079734000494,7.7612,6.64069459333344e-05
272,59.972727645001214,7.1336,6.651723876666842e-05
273,60.06781180500002,7.8637,6.662242038888912e-05
274,60.162931478000246,7.8212,6.672918350000045e-05
275,60.260015257001214,7.5478,6.68339327966674e-05
276,60.356392048001,7.8094,6.694140015333486e-05
277,60.452870351000456,7.7531,6.70487625411119e-05
278,60.55034691700166,8.0086,6.715571270555706e-05
279,60.65107255500152,7.588,6.726394859777834e-05
280,60.74719183000161,7.4638,6.737610262333369e-05
281,60.84387139800128,7.8507,6.74830451422228e-05
282,60.93870983100169,7.5656,6.759019671666667e-05
283,61.03344015300172,7.3804,6.769557385555648e-05
284,61.1285599010007,7.0474,6.780097037444446e-05
285,61.22500176700123,7.3678,6.790687021444481e-05
286,61.322893812000984,7.7545,6.801364429555583e-05
287,61.41313200500008,7.846,6.812244839777931e-05
288,61.51102294700104,7.7042,6.822262527333402e-05
289,61.60989642599998,7.8588,6.833168730555674e-05
290,61.70825356000023,7.5062,6.844136242333359e-05
291,61.80591041200023,7.6148,6.855125811888987e-05
292,61.90162125400093,7.3898,6.865927769000135e-05
293,61.990670441000475,8.0274,6.876633227333515e-05
294,62.09053185600169,7.5585,6.886435881222295e-05
295,62.18799484900046,7.9769,6.897659948555682e-05
296,62.28353789200082,7.4622,6.908376831444507e-05
297,62.37989987900073,7.5131,6.919009370333394e-05
298,62.47720940700128,7.5156,6.929681036333528e-05
299,62.5726416790003,7.7663,6.940486715444625e-05
300,62.66704713800027,7.9372,6.951114378000057e-05
301,62.76384209900061,7.8874,6.961602898444552e-05
302,62.857994890000555,7.8257,6.972350472111227e-05
303,62.95363766900118,8.264,6.982855283111147e-05
304,63.047576369001035,7.4039,6.993467380777777e-05
305,63.1451201660002,7.3853,7.003907288000037e-05
306,63.24182822700095,7.364,7.014714318444628e-05
307,63.33874823200131,8.0222,7.025474026111221e-05
308,63.43595514300068,7.7083,7.03624965477785e-05
309,63.53359659000125,7.6748,7.047046890777792e-05
310,63.629166641001575,7.6072,7.057969243444556e-05
311,63.72539539100035,7.4735,7.068499673333362e-05
312,63.82011842800057,7.8579,7.07921347633338e-05
313,63.91216301500026,7.3989,7.089751182111286e-05
314,64.00938872799998,7.2317,7.099961740444593e-05
315,64.10722548100057,7.5755,7.11079776166682e-05
316,64.20331586000066,7.9794,7.121640388555735e-05
317,64.3040521870007,7.6758,7.132329581444639e-05
318,64.40340024300167,6.7062,7.143506306444478e-05
319,64.50185438000153,7.8708,7.154553723111248e-05
320,64.60156458000165,7.8687,7.165445665000031e-05
321,64.69805629000075,7.9525,7.176547209111151e-05
322,64.79208572600146,7.4458,7.187282103444482e-05
323,64.88645038600043,7.116,7.197737924000143e-05
324,64.98501022600067,6.7911,7.208214893444569e-05
325,65.081322774,7.1867,7.219151361444449e-05
326,65.17933148100019,7.8563,7.229918757888906e-05
327,65.27497658000175,8.0247,7.240749587555709e-05
328,65.37354861099993,7.5366,7.251384508889008e-05
329,65.47025339600077,7.7097,7.262330832222384e-05
330,65.567191731001,7.6878,7.273093238222323e-05
331,65.6628951950006,7.707,7.283858405888976e-05
332,65.75895840900012,8.345,7.294473001666726e-05
333,65.856181733001,7.9129,7.305147044333354e-05
334,65.95304333600143,7.2597,7.315948879000037e-05
335,66.04915603000154,7.6081,7.326728923888974e-05
336,66.14868368300085,7.5163,7.337401877555749e-05
337,66.24412138400112,6.8966,7.348544578666811e-05
338,66.33938049400058,8.0186,7.35907390700009e-05
339,66.43396488300095,7.7931,7.36963293200016e-05
340,66.53121397800169,8.2278,7.38016615122231e-05
341,66.62900090300172,7.8181,7.39093840477795e-05
342,66.72703765700135,7.6401,7.401811879777799e-05
343,66.82535151299999,6.7924,7.412829047222355e-05
344,66.92260294300104,7.6353,7.423644033000125e-05
345,67.01849366400165,6.7762,7.434466506111171e-05
346,67.11527210700115,7.7552,7.44510729966674e-05
347,67.21249062900097,7.3166,7.455838659222233e-05
348,67.31077982100032,7.0076,7.46665887811125e-05
349,67.40696804700019,7.4174,7.477579792111202e-05
350,67.50206528300077,7.0971,7.488273541000025e-05
351,67.59769052500087,7.0913,7.498850114111216e-05
352,67.69469221899999,7.3949,7.509443098111256e-05
353,67.78923791000125,6.8347,7.520233174333448e-05
354,67.88774900800126,7.5174,7.530750168444582e-05
355,67.98405962400102,7.0967,7.541718359111151e-05
356,68.07963815900075,7.9473,7.552405583222329e-05
357,68.17746411100052,7.6705,7.563017258777917e-05
358,68.27401641100005,7.5908,7.57386943866671e-05
359,68.3721416490007,7.1561,7.584592344555657e-05
360,68.46900509200168,7.7781,7.595518218111264e-05
361,68.56519105200096,7.2642,7.606261880222317e-05
362,68.66012513600072,7.3074,7.616956532555682e-05
363,68.75868343100046,7.4411,7.6275171736668e-05
364,68.85621269500007,6.6191,7.638459447555661e-05
365,68.95471928799998,6.8416,7.649292340444542e-05
366,69.05144076300166,7.598,7.660235399222276e-05
367,69.14893858600044,7.8958,7.671012542889003e-05
368,69.24680718100171,7.4822,7.681937008555705e-05
369,69.34473652400084,7.9826,7.692691153888923e-05
370,69.43913395000163,7.1878,7.703684306000166e-05
371,69.53388608100067,6.9321,7.714069629444567e-05
372,69.6325466240014,7.5915,7.72473028333338e-05
373,69.72658803500053,7.9348,7.735542013666822e-05
374,69.82158342500043,7.7478,7.746008413777923e-05
375,69.91992030300025,8.2635,7.756590052333397e-05
376,70.01821948200086,7.7208,7.76748706877778e-05
377,70.11525946200163,7.2099,7.77841728144449e-05
378,70.21433575600167,7.0459,7.789188615444598e-05
379,70.31057004000104,7.6259,7.800321114777844e-05
380,70.40937181500158,7.3943,7.810874487444583e-05
381,70.50755147600103,7.6369,7.821858072000194e-05
382,70.6051668020009,7.709,7.832777860000028e-05
383,70.70278926300125,7.8999,7.843620589333417e-05
384,70.79823243700048,6.2882,7.854461517333523e-05
385,70.89621582600012,7.3558,7.865090384000116e-05
386,70.99572701300167,8.113,7.875943725889051e-05
387,71.0906061020014,6.3491,7.887014136555687e-05
388,71.19149178900079,7.4237,7.897689704000086e-05
389,71.2906718890008,7.9257,7.908757383000193e-05
390,71.38681504600027,7.535,7.919782050000018e-05
391,71.48503846900167,7.971,7.930489254222266e-05
392,71.5827361340016,7.0138,7.941382333333523e-05
393,71.68115326700172,7.3803,7.952246370666722e-05
394,71.7778077890016,7.2712,7.963288267889059e-05
395,71.8749457140002,7.3511,7.973910212777911e-05
396,71.97270748100163,7.8906,7.984784356666853e-05
397,72.07053424200058,7.6674,7.995547174777838e-05
398,72.16764997100108,6.8377,8.006436298000053e-05
399,72.26587790000121,7.4134,8.017229594555627e-05
400,72.36247171800096,7.4427,8.028170584111246e-05
401,72.46062187300049,6.4834,8.038900584111212e-05
402,72.55680237600063,7.6652,8.049811802777793e-05
403,72.65550919100133,7.2641,8.060459557000084e-05
404,72.74597608400109,7.2313,8.071440756000003e-05
405,72.84622784900057,6.6184,8.081457805555652e-05
406,72.94435012800022,7.8193,8.092631815666715e-05
407,73.04059067700109,6.6738,8.103530118333462e-05
408,73.13770746200134,7.262,8.114282638555678e-05
409,73.2357591380005,7.2604,8.125086418333417e-05
410,73.33422121100011,7.5827,8.13592627622226e-05
411,73.42804735500067,6.3332,8.14684838133346e-05
412,73.52638807300173,7.4909,8.157291344555739e-05
413,73.62406815600116,7.4469,8.168206836222251e-05
414,73.71998005100068,6.6108,8.179064607111287e-05
415,73.81496130100095,7.1913,8.189717371777887e-05
416,73.91140558600091,7.478,8.200292234666753e-05
417,74.0110396120017,7.4609,8.210982015777821e-05
418,74.10714167600054,7.3546,8.222058239777956e-05
419,74.20139087999996,6.09,8.232753211555569e-05
420,74.30310143600036,7.1935,8.243222404111293e-05
421,74.39816058500037,6.8583,8.254523067111223e-05
422,74.49672647200168,7.6108,8.26508261277781e-05
423,74.59375048600123,7.8332,8.276018210666735e-05
424,74.6903142830015,6.3567,8.286810213777951e-05
425,74.78682304500035,7.9675,8.297543440111138e-05
426,74.88248936400123,7.8202,8.308237057333423e-05
427,74.97906207100095,7.5928,8.31886131377784e-05
428,75.07480220700018,7.1679,8.329606530555693e-05
429,75.17048144100045,7.3855,8.340254863333435e-05
430,75.2662273700007,6.017,8.350873863666695e-05
431,75.36210237500018,7.3059,8.361532324666769e-05
432,75.457946464001,6.9677,8.372181445333506e-05
433,75.55663454500063,8.1356,8.382831365111189e-05
434,75.65254590800032,6.5668,8.393773631000134e-05
435,75.75035723200017,7.6564,8.404432291888953e-05
436,75.84724895700128,6.9894,8.415310172333394e-05
437,75.94574520600145,6.5881,8.426073676888942e-05
438,76.04112018100022,7.202,8.437132200888906e-05
439,76.1370060850004,7.0117,8.447609745222306e-05
440,76.23458058200049,7.3569,8.458254984000127e-05
441,76.3285687030002,6.905,8.469104689333513e-05
442,76.42386792300022,7.2966,8.47954973522226e-05
443,76.5211552210003,7.2521,8.490213163111144e-05
444,76.62002726100036,7.1441,8.500952763888968e-05
445,76.71750591400087,7.3128,8.511932488555734e-05
446,76.81457026700082,7.4101,8.522778565777926e-05
447,76.9145542160004,7.6239,8.533573382777832e-05
448,77.01173377900159,7.3633,8.544650937555668e-05
449,77.10821111000041,8.0642,8.55543847100004e-05
450,77.2071088520006,7.3742,8.566170078111302e-05
451,77.30482488000052,7.5238,8.577167272111182e-05
452,77.40181661800125,7.6803,8.588066074444619e-05
453,77.4977999290004,7.4162,8.598817217777954e-05
454,77.59496888100148,7.4508,8.609473097444506e-05
455,77.69184455300092,8.0942,8.620263433888896e-05
456,77.78811084300105,7.5163,8.631019209444478e-05
457,77.88612826500139,7.3088,8.641738623111249e-05
458,77.98055553400081,7.2013,8.652635743111104e-05
459,78.0742378140003,7.0823,8.663114136777951e-05
460,78.17002132000016,7.1511,8.673532981888962e-05
461,78.26723962100004,6.9417,8.684167482666858e-05
462,78.36504217200127,6.892,8.694950678444608e-05
463,78.46365504800087,7.4693,8.705815191888987e-05
464,78.56146754400106,7.1292,8.716778178000015e-05
465,78.65962894700169,6.9759,8.727651331000138e-05
466,78.75711064200004,7.2455,8.738637722777841e-05
467,78.85193342100138,5.8958,8.74941331433345e-05
468,78.94911483700162,6.7473,8.759959617888954e-05
469,79.04903720300172,6.6845,8.770846759000051e-05
470,79.14654887600045,6.752,8.781837765555691e-05
471,79.2437159380006,7.1956,8.79268027933338e-05
472,79.34150743900136,6.9492,8.803454140777831e-05
473,79.4422713110016,7.4983,8.814385397111134e-05
474,79.53926689200125,7.6005,8.825525327444565e-05
475,79.63888437800051,6.108,8.83629864388907e-05
476,79.73034506900149,7.3762,8.847379597777845e-05
477,79.82670084700112,7.245,8.857546607666843e-05
478,79.9227792390011,7.9701,8.868239302333476e-05
479,80.02015267700153,7.3513,8.878903174777912e-05
480,80.11692014900109,7.4253,8.889719220111147e-05
481,80.2133924890004,7.0971,8.900535543222253e-05
482,80.31055133300106,7.3213,8.911195456777932e-05
483,80.40780644400002,6.9423,8.922017471222313e-05
484,80.50463211900023,7.3313,8.932788585555602e-05
485,80.60200728700147,7.2448,8.943561518333406e-05
486,80.70162842400168,7.1693,8.954434793222391e-05
487,80.79348117500012,7.6225,8.965442820222355e-05
488,80.89051993300018,7.128,8.975661664888929e-05
489,80.98754659400038,7.377,8.986444552777863e-05
490,81.08447875500133,6.8741,8.9972245943334e-05
491,81.18179350600076,7.664,9.007996660111126e-05
492,81.28001414600112,6.9958,9.0187984354446e-05
493,81.37799876900135,7.233,9.02970769844453e-05
494,81.4765389080003,6.8098,9.040594285333403e-05
495,81.57241050300036,6.2935,9.05156667322222e-05
496,81.6678407950003,6.7134,9.062215461889032e-05
497,81.76578755400078,6.9397,9.072817886333522e-05
498,81.85784166200028,7.1742,9.083679884889029e-05
499,81.95557540200025,6.954,9.09390748900013e-05
500,82.05422618900047,6.9773,9.104856073777936e-05
501,82.1534703740017,7.525,9.115851049444448e-05
502,82.25596611800029,7.4733,9.126756289777809e-05
503,82.35110313100085,7.1097,9.138178876111245e-05
504,82.44849137100027,7.3601,9.148730745333524e-05
505,82.54672821200074,7.0515,9.15956386122222e-05
506,82.64624686200114,7.2595,9.170470730555584e-05
507,82.74429878200135,7.3233,9.181532079555635e-05
508,82.84166421600094,7.8257,9.192429752444594e-05
509,82.93760004900105,7.4992,9.203231365666701e-05
510,83.02818563500114,7.7186,9.213887785444563e-05
511,83.12482982800066,7.1688,9.223955735666701e-05
512,83.22240835000048,7.5696,9.234714818111267e-05
513,83.31975420600065,6.1067,9.245542150666855e-05
514,83.41699861400048,7.0102,9.256357449333438e-05
515,83.51545705800163,7.0621,9.26715395533352e-05
516,83.61606886200025,6.1081,9.278229635333345e-05
517,83.71395984200171,7.032,9.289289224666694e-05
518,83.80499252000118,7.5205,9.300146952444469e-05
519,83.90294923800138,7.3852,9.310368264555615e-05
520,84.00003424700117,7.5633,9.321171117222346e-05
521,84.09598119900147,7.7407,9.331934611222298e-05
522,84.1928642920011,6.139,9.342621881777935e-05
523,84.28865896000025,7.5423,9.35338102188891e-05
524,84.38735066900153,7.6002,9.364022894111259e-05
525,84.4837932090013,7.1211,9.374979107444637e-05
526,84.57949241200004,6.3169,9.385780282222388e-05
527,84.67516361900016,6.3581,9.396338365555696e-05
528,84.77220709400171,7.2992,9.406971607444576e-05
529,84.86820476400135,6.9861,9.417863878555687e-05
530,84.9644953650004,7.6009,9.428414362666848e-05
531,85.0605408600004,6.9307,9.439109731222238e-05
532,85.15614159899997,6.9983,9.449785010444531e-05
533,85.2529336380012,6.9051,9.460405419222298e-05
534,85.34959727100068,6.9083,9.47113609533335e-05
535,85.44816403600089,7.5206,9.481874070111291e-05
536,85.5441365530005,6.5835,9.492894450111231e-05
537,85.64071080600115,6.8729,9.503552835333419e-05
538,85.73792178800068,7.1156,9.514234635222238e-05
539,85.83428113000082,6.5448,9.525035576666698e-05
540,85.93190379800035,7.2497,9.535729191222344e-05
541,86.02916059200106,7.0481,9.546608029777822e-05
542,86.12762163300067,7.5877,9.557411301000077e-05
543,86.22468187600134,6.8313,9.568335498888903e-05
544,86.32032618000085,6.373,9.579118649888996e-05
545,86.41604621000079,7.1379,9.589755680889034e-05
546,86.51198850900073,7.4523,9.600403684444447e-05
547,86.60400837700035,7.0172,9.611094205889054e-05
548,86.70260989200142,7.5018,9.621240323222285e-05
549,86.79816787800155,7.063,9.632227250444582e-05
550,86.89743934600119,7.8374,9.642865195666673e-05
551,86.99405519200081,6.8951,9.653867124777915e-05
552,87.09440732500116,7.8579,9.66463437611128e-05
553,87.19343911200122,7.755,9.675736376222226e-05
554,87.29092825700172,7.1915,9.686746069777858e-05
555,87.39160371400067,7.4728,9.697610157222395e-05
556,87.48666182000125,6.5114,9.70877063811127e-05
557,87.58112046500173,6.3322,9.719364374444519e-05
558,87.67908122100016,7.2789,9.729865346000022e-05
559,87.7755445620005,6.1648,9.740719663444503e-05
560,87.87516417799998,7.3148,9.751443431000048e-05
561,87.96500113900038,7.5054,9.762635706111218e-05
562,88.06258622500172,6.7232,9.772461275222265e-05
563,88.16087709600106,7.5351,9.783343376333506e-05
564,88.25893424200149,7.3174,9.794246620000195e-05
565,88.35665500700088,6.9831,9.805148195889059e-05
566,88.45288270500168,6.3607,9.816018886333444e-05
567,88.551598723001,7.1755,9.826716196444573e-05
568,88.64664777700091,6.4871,9.837660202000028e-05
569,88.74689840000065,7.2102,9.848245895444457e-05
570,88.84460534000027,6.1973,9.859493900222232e-05
571,88.94419006600037,7.2346,9.870266042555562e-05
572,89.04295046800144,7.5722,9.881353935222352e-05
573,89.13879040500069,6.8692,9.892269405777875e-05
574,89.23398529200131,6.9808,9.902927057222366e-05
575,89.3329204720012,7.1109,9.913500690333522e-05
576,89.42958574600016,6.7016,9.924549779333474e-05
577,89.52766376100044,6.9849,9.935222111666817e-05
578,89.62339806599994,7.0114,9.946227411555609e-05
579,89.72152431800168,7.1064,9.956759719222342e-05
580,89.819835530001,7.2301,9.967638157444527e-05
581,89.9161429930009,7.1059,9.978567519222351e-05
582,90.01381258600122,7.1912,9.98930207411124e-05
583,90.11155036400123,7.4261,9.999982148012328e-05
584,90.22771312500117,7.4498,9.998779318555535e-05
585,90.3267464670007,7.2245,9.997335024716046e-05
586,90.4189999980008,7.2917,9.996122639555549e-05
587,90.51764782800092,6.6536,9.994969514604933e-05
588,90.61396850300116,7.5661,9.993765578938268e-05
589,90.71290559500085,6.863,9.99257635007407e-05
590,90.80956517100094,6.342,9.991353665666647e-05
591,90.9066076070012,7.1779,9.990160042407387e-05
592,91.00454340500073,6.0507,9.988963900148139e-05
593,91.09983238700079,6.17,9.987753285999986e-05
594,91.19721975000175,7.1813,9.986573911678994e-05
595,91.29610950300048,6.7095,9.985375272222208e-05
596,91.3926727040016,7.5597,9.984153351407405e-05
597,91.48957109000003,6.829,9.982961665086412e-05
598,91.58643387600023,6.9823,9.98176599771605e-05
599,91.6829018840017,6.5397,9.98057085061728e-05
600,91.78139693000048,7.3414,9.979379185716033e-05
601,91.8761219500011,6.8472,9.978165139827149e-05
602,91.97105711200129,6.5578,9.976993589345669e-05
603,92.06721302200094,5.853,9.975819726580242e-05
604,92.16548244200021,6.4307,9.974635176493821e-05
605,92.26212526300151,6.8556,9.973415456777774e-05
606,92.3587663670005,6.6944,9.972224757679013e-05
607,92.45648359500046,6.7268,9.971034392962961e-05
608,92.5554442620014,6.9304,9.969828441580247e-05
609,92.65183312299996,6.0002,9.968605740024673e-05
610,92.74859026000013,6.8896,9.967413242160479e-05
611,92.84299813000143,6.3335,9.96621981722222e-05
612,92.94011821200002,7.7958,9.965054183950616e-05
613,93.0370836990005,7.4965,9.963855304641954e-05
614,93.13479854600155,7.1649,9.962659880024688e-05
615,93.23152265499994,5.938,9.96145506285184e-05
616,93.32755566600099,6.7448,9.96025848219753e-05
617,93.42567482600134,6.2959,9.95907353177777e-05
618,93.5244485940002,7.4529,9.957865414864186e-05
619,93.62335274800171,6.2675,9.956645942370359e-05
620,93.72079951200067,7.2052,9.955423710111109e-05
621,93.81976511300127,6.9542,9.954219719172834e-05
622,93.91540220500065,6.347,9.95299819112345e-05
623,94.01340458699997,7.668,9.951815994703704e-05
624,94.11436588200013,7.4726,9.950610416358011e-05
625,94.21385872600149,6.4909,9.949360336765417e-05
626,94.3097732840015,6.7214,9.948133322333328e-05
627,94.40572079600133,6.5071,9.946947384827154e-05
628,94.50489708000168,7.0625,9.945763182999997e-05
629,94.60258726700158,7.0735,9.944538403851835e-05
630,94.69884522100074,5.8118,9.943332777765418e-05
631,94.7980299990013,7.2997,9.942142689222214e-05
632,94.89587803900031,7.0729,9.940919290987636e-05
633,94.99485293300131,6.8794,9.939710592950616e-05
634,95.09259994600143,7.1256,9.938488315876542e-05
635,95.19153784900118,7.0412,9.937282082592577e-05
636,95.29060224800014,6.8479,9.936060995037033e-05
637,95.38971561300059,6.9297,9.934839757592586e-05
638,95.48847571500119,7.174,9.93361505120986e-05
639,95.58575737000137,7.2769,9.932396524185179e-05
640,95.67599694700039,6.8651,9.93119582637036e-05
641,95.77457609300109,6.4725,9.930082842123447e-05
642,95.87227076900126,6.8712,9.928864261320973e-05
643,95.97062761900088,7.5165,9.927650414716033e-05
644,96.06602494600156,7.409,9.926443780987636e-05
645,96.16459549900173,6.6009,9.925265447604933e-05
646,96.26197411300018,7.4844,9.924050541283937e-05
647,96.35922996900081,6.6051,9.92284986412345e-05
648,96.45633457800068,7.1481,9.921646895592588e-05
649,96.55470177800089,7.0851,9.920446360493827e-05
650,96.6518433070014,6.4483,9.919233841753082e-05
651,96.74998143000084,6.9894,9.918032644456774e-05
652,96.84685543300111,6.763,9.916823637740734e-05
653,96.94848412400097,6.5677,9.915628776135787e-05
654,97.04454952500055,7.0569,9.914367698753066e-05
655,97.1407293680004,6.6633,9.913186548753076e-05
656,97.23921376200087,7.0953,9.91199793774072e-05
657,97.33744661900164,7.2257,9.910783554469119e-05
658,97.43446734900135,7.1514,9.909570552209864e-05
659,97.53288586800045,6.7114,9.90837385680245e-05
660,97.63186078200124,7.0995,9.907151313012341e-05
661,97.72761969900057,6.8647,9.905935236679004e-05
662,97.82139266600097,6.5163,9.904746792999998e-05
663,97.91718913100158,6.9435,9.903595240358018e-05
664,98.01345390100141,7.3347,9.902413908802452e-05
665,98.11056205800014,7.2891,9.901224656950608e-05
666,98.20639167800073,7.2851,9.900026427617276e-05
667,98.30216878500141,6.6696,9.898838746234554e-05
668,98.40212646600048,6.8252,9.897649201320971e-05
669,98.49966740800119,6.0933,9.896427806703691e-05
670,98.59692633600025,6.9679,9.895222491234551e-05
671,98.69417528000122,7.2484,9.894022362234561e-05
672,98.7917606560004,6.9703,9.892822557172823e-05
673,98.89020120700116,6.9101,9.891613286864177e-05
674,98.98687784300091,6.2248,9.890401105950614e-05
675,99.083633491,6.5695,9.889203790012346e-05
676,99.1801839510008,6.3392,9.888011913382707e-05
677,99.2712655940013,7.1179,9.886818450629614e-05
678,99.36938576100147,6.2354,9.885698092604933e-05
679,99.46615900800134,7.0307,9.88448361370369e-05
680,99.56202877200121,7.2766,9.88328819344443e-05
681,99.6607546310006,7.3287,9.882095651469115e-05
682,99.75762763400053,6.4433,9.880888211197516e-05
683,99.85586533800051,7.3769,9.87969149379012e-05
684,99.95692606800003,7.3629,9.87847951811111e-05
685,100.05504090200156,6.4484,9.877231682703699e-05
686,100.15345180100121,7.2049,9.876019916271594e-05
687,100.25063385900103,6.3607,9.874805609888877e-05
688,100.34935674000008,7.0507,9.87360516003703e-05
689,100.44768551200104,7.2232,9.872374419654305e-05
690,100.54594606499995,7.0239,9.871172646148145e-05
691,100.64450026300074,6.8204,9.869960722962945e-05
692,100.74344328500047,6.6147,9.868729772111108e-05
693,100.84028469900113,5.8944,9.867519865259248e-05
694,100.93789284600098,6.8529,9.866324549037018e-05
695,101.03433562100145,6.3085,9.86511966881481e-05
696,101.13088136500119,7.1623,9.863927983839488e-05
697,101.22858568100128,7.3937,9.862724660506165e-05
698,101.32761919900076,6.9264,9.86153194612344e-05
699,101.42354110600172,6.3089,9.860307753999987e-05
700,101.522135059,6.7324,9.859122124049373e-05
701,101.6177212120001,5.8026,9.85790885129629e-05
702,101.71372302200143,7.1449,9.856726500111108e-05
703,101.81219611600136,6.7918,9.855536223320985e-05
704,101.90903646200059,6.7795,9.854326452814798e-05
705,102.01030023300154,7.4162,9.853131157407399e-05
706,102.11040671400042,5.9306,9.851882508160481e-05
707,102.2081631200017,6.6183,9.850645909876525e-05
708,102.30643017200055,7.2353,9.849429390629621e-05
709,102.40369723399999,6.1089,9.84822353675307e-05
710,102.50025415800155,5.8934,9.84702401569134e-05
711,102.59033814800023,7.2519,9.84582899080245e-05
712,102.69000517600034,7.2244,9.84472290850616e-05
713,102.7859919700004,6.6308,9.843489549493825e-05
714,102.87995859200055,4.7113,9.842301022592573e-05
715,102.97516789600013,4.6084,9.841144357728393e-05
716,103.07236275100149,6.3413,9.839968089839507e-05
717,103.1723264150005,6.7364,9.838757198407396e-05
718,103.27147781800159,6.7056,9.83753384208642e-05
719,103.37071670100158,6.8608,9.836309299876537e-05
720,103.46947882400127,6.0776,9.835087249074054e-05
721,103.56751837900083,6.4842,9.833866736135782e-05
722,103.66361496200079,6.963,9.832657245061714e-05
723,103.76095190100023,7.3893,9.831459623790107e-05
724,103.86022599700118,7.1697,9.830269452333328e-05
725,103.95801504700103,6.9143,9.82904319771604e-05
726,104.05479540100168,5.3514,9.827833587111103e-05
727,104.1542160450008,7.3913,9.826641010691338e-05
728,104.25126570500106,6.4482,9.825400431234564e-05
729,104.35128807900037,6.5502,9.824200486358004e-05
730,104.44934713800103,7.0161,9.822966845567884e-05
731,104.54674062900085,6.5612,9.82176983727159e-05
732,104.64500307300113,5.2207,9.820563001765415e-05
733,104.74245040999995,6.1952,9.819352012160492e-05
734,104.84329677800088,7.5305,9.81815098935802e-05
735,104.9402498440013,6.1921,9.816894030061717e-05
736,105.0362606180006,6.1266,9.815707497222209e-05
737,105.1335156160003,6.2897,9.81452240795061e-05
738,105.23126108600081,7.0617,9.813318985913578e-05
739,105.32994877000056,6.8074,9.812114311259247e-05
740,105.42624855300164,6.4317,9.810898080259241e-05
741,105.5252673540017,7.1817,9.80970656199998e-05
742,105.62259833600001,5.8247,9.808487569777764e-05
743,105.72110113400049,6.9126,9.807284257901224e-05
744,105.81697833600083,6.708,9.806068355407403e-05
745,105.91512194200004,6.3154,9.80488279065431e-05
746,106.01265114600028,6.1447,9.803673980123441e-05
747,106.10752355500153,5.4774,9.802472149049366e-05
748,106.2053861860004,6.8073,9.801295998246896e-05
749,106.30584265800098,6.8159,9.800089132555535e-05
750,106.40396322700144,6.3073,9.798848728950597e-05
751,106.50111240300066,5.1649,9.797638543037017e-05
752,106.59966694200011,6.4505,9.796435665098766e-05
753,106.69767343800049,6.8512,9.795223734555552e-05
754,106.79464453200126,6.6477,9.794010428444425e-05
755,106.89367178200155,6.6722,9.792811390641963e-05
756,106.98905033600022,6.285,9.79159278703702e-05
757,107.0873428800005,6.5181,9.79041253386418e-05
758,107.18571880000127,6.8206,9.78920180037036e-05
759,107.28580920900094,6.6874,9.787986191851837e-05
760,107.38187697900139,6.1046,9.78675255198765e-05
761,107.47817916500026,6.2672,9.785562332666657e-05
762,107.57675184900108,7.3727,9.784371921901227e-05
763,107.67208728300102,6.5221,9.783159839876528e-05
764,107.76958433900109,6.3446,9.781980728938262e-05
765,107.86546963500041,6.4256,9.780777549567888e-05
766,107.96079553300115,4.8575,9.779595537320976e-05
767,108.05855756200071,5.9613,9.778416310160493e-05
768,108.15450647700163,6.6501,9.777211975197515e-05
769,108.25221256000077,6.9757,9.776023064814805e-05
770,108.34905155500019,7.1995,9.774818810999999e-05
771,108.4458546700007,6.7581,9.773622322938268e-05
772,108.54334167800152,6.493,9.772415738407402e-05
773,108.64134657300019,6.3468,9.771225267901218e-05
774,108.73941417100104,7.278,9.770015592864195e-05
775,108.83572803300012,5.0124,9.768797331999996e-05
776,108.93239851900034,6.5852,9.767612752802467e-05
777,109.03346580400103,6.6645,9.766421729086407e-05
778,109.12884084800135,7.2204,9.76517469364197e-05
779,109.22415078000085,5.34,9.76399641919751e-05
780,109.32181282300007,7.4674,9.76281969902468e-05
781,109.41877028199997,5.9845,9.761617839283937e-05
782,109.51750411100147,7.2699,9.760419393370363e-05
783,109.6144661950002,5.9986,9.759186248888876e-05
784,109.70913450100124,6.3057,9.757998778592576e-05
785,109.8048410370011,6.8193,9.756831808209865e-05
786,109.90501298500021,6.7424,9.755649803666665e-05
787,110.00523120300022,6.7157,9.754412101901229e-05
788,110.10389532700174,7.2231,9.75317738130863e-05
789,110.20018245400024,5.8367,9.751957877308626e-05
790,110.29776098399998,6.8762,9.750768392740734e-05
791,110.39613535300123,6.1118,9.749565451333318e-05
792,110.49375029200019,6.5078,9.748352799975288e-05
793,110.59069161400112,5.1571,9.747147666185172e-05
794,110.69002721800098,6.5149,9.745947504654307e-05
795,110.78618468600143,6.7272,9.7447219529506e-05
796,110.88522079900031,6.4513,9.743535951765426e-05
797,110.97997385900089,5.3216,9.742313095345674e-05
798,111.07658076799999,5.6875,9.741142160469135e-05
799,111.17376002500168,6.8849,9.739949663666649e-05
800,111.27160255400122,5.5351,9.738751267641958e-05
801,111.36853944900031,7.6087,9.737530444222204e-05
802,111.46624992700163,7.0764,9.73634831874073e-05
803,111.565397923001,6.7194,9.735141175827142e-05
804,111.66242044499995,6.5585,9.733917274938264e-05
805,111.76284190300066,6.165,9.732710647716033e-05
806,111.86036504399999,7.0121,9.731478321679014e-05
807,111.9601432060008,7.0953,9.730274649666666e-05
808,112.05939255800149,6.4806,9.729031211975297e-05
809,112.15778981600124,6.6444,9.727816051641978e-05
810,112.25475801200082,6.0265,9.726601863308638e-05
811,112.35382694600048,6.7666,9.725404663864179e-05
812,112.45629913300036,5.8227,9.7241811537037e-05
813,112.55396105800173,7.1785,9.72291692070369e-05
814,112.65088717800063,6.1632,9.721711537691344e-05
815,112.74933152200174,6.7407,9.720513943629618e-05
816,112.84663208500024,6.5965,9.719301305814795e-05
817,112.94130898399999,5.0241,9.718098544925907e-05
818,113.03795686500052,7.1119,9.716929211037025e-05
819,113.13612136200027,6.3523,9.715735158333318e-05
820,113.23492067900042,6.6739,9.714523612160486e-05
821,113.33191384200109,7.0279,9.713305213358008e-05
822,113.42761296000026,6.6887,9.712106995407397e-05
823,113.52379593600017,6.7037,9.710924486037034e-05
824,113.62194091900164,6.2236,9.709734604617282e-05
825,113.71831189300065,6.1875,9.708524744395057e-05
826,113.8163940480008,6.696,9.70733461277776e-05
827,113.9139837570001,6.3831,9.70612830127159e-05
828,114.01113119399997,6.5678,9.704918370222205e-05
829,114.10866365300171,5.1586,9.703721920111104e-05
830,114.20806844800063,6.6371,9.702517687209871e-05
831,114.30791741800022,7.1555,9.70128716675307e-05
832,114.40631162800128,7.0986,9.700046295641962e-05
833,114.50352439700146,5.5009,9.698842469432086e-05
834,114.60017635600161,6.1285,9.697643623481467e-05
835,114.69823356699999,6.7716,9.696449464641976e-05
836,114.79554881500007,6.7198,9.695238703802457e-05
837,114.89246289200128,5.2402,9.69403670965432e-05
838,114.99129757300034,6.9248,9.692840800765417e-05
839,115.08809136000127,6.6805,9.691624004098758e-05
840,115.18534479700065,5.6514,9.690425574691347e-05
841,115.28294730200105,6.8698,9.689224122530864e-05
842,115.37994035800148,6.6034,9.688020259938259e-05
843,115.47706753400053,6.4417,9.68682268841974e-05
844,115.57587593900098,5.8077,9.685622019740729e-05
845,115.67009623200101,5.0954,9.684402569395052e-05
846,115.76921343600043,6.9942,9.683238906333322e-05
847,115.86464515100124,5.9686,9.682018480839508e-05
848,115.96413024499998,7.3869,9.680839996592584e-05
849,116.0626891890006,7.0707,9.679613817864187e-05
850,116.16124240099998,6.5881,9.678395073382714e-05
851,116.25931431200115,7.0809,9.677177170753072e-05
852,116.35891081000045,6.3261,9.675965877432096e-05
853,116.4554086650005,5.486,9.674722482876535e-05
854,116.55561024000053,7.0051,9.6735453425432e-05
855,116.65399438800159,6.2558,9.672311216395057e-05
856,116.75190977300008,6.8772,9.671094876740729e-05
857,116.8530476520009,6.2946,9.669886152308624e-05
858,116.95156913300161,6.9786,9.668638450345666e-05
859,117.04990305800129,6.7495,9.667420265037031e-05
860,117.14817173900155,6.1475,9.666205965950617e-05
861,117.24289631500142,6.1781,9.664992686851842e-05
862,117.34129005500108,7.0294,9.663821041827153e-05
863,117.44239618500069,5.8023,9.662610252925907e-05
864,117.5391693090005,7.3251,9.661362003765415e-05
865,117.63678180200077,6.2341,9.660164605962945e-05
866,117.73272368500147,6.2891,9.658959876098762e-05
867,117.83032760600145,6.2078,9.657774372320979e-05
868,117.92764208100016,6.1727,9.656571896506155e-05
869,118.02264906100027,6.1751,9.655370254691348e-05
870,118.11802930600061,7.0888,9.654194035382706e-05
871,118.2134999810005,5.6801,9.653018303913569e-05
872,118.31112543300151,6.483,9.651840457987644e-05
873,118.40809774600166,4.7793,9.650637219814801e-05
874,118.50731334500051,7.1039,9.649436499925916e-05
875,118.60512485000072,5.6339,9.648213286962953e-05
876,118.70170705000055,6.4497,9.647004959061711e-05
877,118.79896547800126,6.2855,9.645814556888873e-05
878,118.895305293001,6.6308,9.644610078185177e-05
879,118.99487276800028,7.0339,9.643420407987642e-05
880,119.09271511900079,7.2636,9.642195057111099e-05
881,119.18984901600015,6.0345,9.640986936172835e-05
882,119.28616348500145,6.6029,9.63978829851851e-05
883,119.38602097400144,6.4105,9.638596823888877e-05
884,119.48296727600064,6.4881,9.637367459518503e-05
885,119.58149992500148,6.6526,9.636158007444442e-05
886,119.67824903200017,6.4675,9.634953823246898e-05
887,119.77409639300095,6.8566,9.633748358469134e-05
888,119.87179521700091,6.8607,9.632571102234557e-05
889,119.96869276400139,6.6388,9.63136866054321e-05
890,120.0680640720002,6.2149,9.630170712950609e-05
891,120.16725570100061,6.7352,9.628945732395045e-05
892,120.26382486400144,7.0591,9.627719929555554e-05
893,120.36088648300029,5.6711,9.626528302790115e-05
894,120.45977025700086,6.5712,9.62532648618518e-05
895,120.55804990600154,7.0331,9.624110015814815e-05
896,120.65475808600058,5.6062,9.622896461851831e-05
897,120.74849437600096,5.9478,9.621702651358018e-05
898,120.84560440400128,6.3779,9.620542971185173e-05
899,120.94220572400081,6.5337,9.619345421098754e-05
900,121.04180793900014,5.5432,9.618150720432083e-05
901,121.13305048500115,6.538,9.616912766493813e-05
902,121.22952407600133,4.7591,9.615798349864179e-05
903,121.32653311600006,6.5185,9.614603999864194e-05
904,121.42418330400142,5.3873,9.613409142938273e-05
905,121.52060788700146,6.6787,9.612202593222213e-05
906,121.6170090680007,6.494,9.611012550012338e-05
907,121.71488389100159,6.9388,9.609820879419743e-05
908,121.81367494700135,6.7324,9.60861473743209e-05
909,121.90797552500044,6.0107,9.607394031604925e-05
910,122.00527765800143,6.0307,9.606227853888886e-05
911,122.10223198200038,6.0162,9.60503013414813e-05
912,122.19762016599998,4.4084,9.603833142197521e-05
913,122.29390867800066,5.7914,9.602651637987655e-05
914,122.3897099980004,6.5387,9.601453258703687e-05
915,122.4864067080016,6.48,9.600282889098763e-05
916,122.58180799800175,5.5935,9.599089534888876e-05
917,122.68080917700172,5.9865,9.597911370148139e-05
918,122.7769911790001,6.1674,9.596687966901232e-05
919,122.87529457300116,6.3888,9.595501781555553e-05
920,122.97468601800028,6.7334,9.59428945150617e-05
921,123.07281255199996,5.6367,9.59306225328393e-05
922,123.17138340400015,6.9043,9.591849875160475e-05
923,123.26976831700085,6.7152,9.590633941197532e-05
924,123.37114877800013,6.6439,9.58942019332098e-05
925,123.46760339000139,5.9066,9.588168171012333e-05
926,123.5637337670014,6.3646,9.586974588641956e-05
927,123.66314557600163,6.2779,9.585790495395059e-05
928,123.75829929700012,5.7386,9.584564650419733e-05
929,123.85462127600113,6.3731,9.583383674617285e-05
930,123.9509845850007,6.2416,9.582191719320983e-05
931,124.05017627800044,6.5451,9.581008838753069e-05
932,124.14844191000157,5.3623,9.579786933382698e-05
933,124.2479317920006,7.0116,9.578569628938253e-05
934,124.3463404260001,6.7913,9.577340358456791e-05
935,124.44324963500003,6.2258,9.576112889172838e-05
936,124.54000941600134,6.8293,9.574929283493812e-05
937,124.63771652700052,6.7952,9.573735541901229e-05
938,124.73578217400063,6.2756,9.572527529012327e-05
939,124.8367933260015,6.9991,9.571304087851842e-05
940,124.93503191300078,6.5171,9.570072674382696e-05
941,125.0316787790016,6.8014,9.568858879925914e-05
942,125.12881665600071,6.6167,9.567665738678994e-05
943,125.22473269300099,5.4831,9.566466728530852e-05
944,125.32329751200086,6.5402,9.56528402698765e-05
945,125.41998319900085,6.0729,9.564065181592575e-05
946,125.51809047500137,6.1441,9.562866584506161e-05
947,125.61749140600114,7.2474,9.561660325456772e-05
948,125.71852256700004,7.6807,9.560435950790118e-05
949,125.81636528800118,5.7893,9.559186307567893e-05
950,125.9160012830016,7.2558,9.557979100740723e-05
951,126.01422409600127,6.205,9.556742369629622e-05
952,126.1122652160011,6.7951,9.555536856296296e-05
953,126.20862431400019,7.2741,9.554325261950605e-05
954,126.30012391400123,6.9808,9.5531349024074e-05
955,126.39848136900036,6.4198,9.552007791567896e-05
956,126.49704200800079,6.8443,9.550794296259258e-05
957,126.59354403100042,5.7337,9.549577298209858e-05
958,126.69259418399997,6.6422,9.548383336493822e-05
959,126.790018822001,6.082,9.547160458074068e-05
960,126.88852600700011,6.4211,9.545953773320973e-05
961,126.98439144200165,5.8081,9.544743594320967e-05
962,127.08098211000106,6.7536,9.543559358765412e-05
963,127.17758057500032,6.3692,9.542366570851839e-05
964,127.27369314500174,5.5142,9.54117465248147e-05
965,127.36834696400001,6.5734,9.539985571222223e-05
966,127.46479962500052,6.2549,9.538812269888887e-05
967,127.56127896399994,6.2852,9.537625912123447e-05
968,127.65847381700041,6.7069,9.536433065703697e-05
969,127.7576931120002,6.8659,9.535235369086406e-05
970,127.85596818200065,6.884,9.53401416564197e-05
971,127.956935092001,6.3602,9.532800343160489e-05
972,128.05682854700171,6.5443,9.531543214901224e-05
973,128.15272192300108,5.9944,9.530320777395048e-05
974,128.24710985300044,5.9083,9.529132207851832e-05
975,128.34453887200107,6.3679,9.52796945367899e-05
976,128.44295144300122,5.3932,9.526762918308628e-05
977,128.5401230760017,5.617,9.525552073493825e-05
978,128.6339747660004,5.0753,9.524352772098755e-05
979,128.73063183200065,5.6902,9.523190657074057e-05
980,128.82177362200127,5.988,9.521998341666651e-05
981,128.9202688100013,5.5349,9.520878175888873e-05
982,129.01530601200102,6.5395,9.519658054271587e-05
983,129.1064356730003,6.8374,9.518483326567897e-05
984,129.2033244530012,6.2513,9.51736264683949e-05
985,129.2992007790017,6.5161,9.516163427382708e-05
986,129.39680079200116,5.616,9.514980814691345e-05
987,129.49667990800117,7.1231,9.51377496288887e-05
988,129.59516501100006,6.7205,9.512545143506155e-05
989,129.69463597499998,6.7123,9.511315109962951e-05
990,129.79148209900086,6.4465,9.510091638518516e-05
991,129.88964716200098,6.9278,9.508901554493819e-05
992,129.9807720280005,6.2683,9.507690667111092e-05
993,130.0793274080006,6.8829,9.506569304777764e-05
994,130.17883794000045,5.1125,9.505351457086408e-05
995,130.27597766700092,6.1222,9.50412100666665e-05
996,130.37318049700116,6.4728,9.502918999493808e-05
997,130.46926022300067,5.6622,9.501721897827147e-05
998,130.5649958540016,6.5095,9.500534995691358e-05
999,130.66223273300056,6.145,9.4993536867037e-05
1000,130.76061282700175,6.592,9.498150899024691e-05
1001,130.86068029900161,6.5495,9.496937847876527e-05
1002,130.95889013500164,5.6685,9.495689901222216e-05
1003,131.05811428800007,5.9161,9.494490344197515e-05
1004,131.15645911499996,6.4846,9.49326853239506e-05
1005,131.253359661001,6.9531,9.492051209604918e-05
1006,131.3555280340006,6.4813,9.490857264888886e-05
1007,131.45166842000071,5.6496,9.489593459950597e-05
1008,131.54173671100034,6.4606,9.48840659628394e-05
1009,131.64093905900154,6.352,9.487298943358007e-05
1010,131.73851457599994,6.7869,9.486072917851845e-05
1011,131.83571090200167,4.5858,9.484866911012342e-05
1012,131.93310125100106,6.7719,9.483664039074062e-05
1013,132.02741418700134,6.4019,9.48246463514813e-05
1014,132.12265235500126,5.2283,9.481298025333312e-05
1015,132.2212625910015,6.7306,9.480121795629619e-05
1016,132.32006129300134,6.4295,9.478906713999993e-05
1017,132.41843209300168,5.035,9.477684593827139e-05
1018,132.51639549800166,6.6549,9.476470073172836e-05
1019,132.61487416700038,6.1785,9.475262680246904e-05
1020,132.71307889200034,6.2848,9.474046452777759e-05
1021,132.81157727400023,6.3856,9.472833031555548e-05
1022,132.90934751400164,6.0485,9.471619545765412e-05
1023,133.00553124399994,6.2645,9.470410145098756e-05
1024,133.10289086000012,6.5861,9.469224131925926e-05
1025,133.19946122200054,6.9925,9.468020110049381e-05
1026,133.2973358240015,5.7388,9.466827617506159e-05
1027,133.3938366830007,6.066,9.465623463666648e-05
1028,133.49291839700163,6.8169,9.464428481185185e-05
1029,133.59014747400033,4.9389,9.463193549407399e-05
1030,133.68911704900165,6.9802,9.46200515371605e-05
1031,133.78784240700043,6.4818,9.46078556145677e-05
1032,133.88746285100024,6.9404,9.45956629793826e-05
1033,133.98681140900044,5.7339,9.45833643888889e-05
1034,134.08601534300033,6.6872,9.457109426123444e-05
1035,134.18037908000042,5.7896,9.455887046716036e-05
1036,134.27530762300012,5.5531,9.454717459975295e-05
1037,134.37284632299998,6.5546,9.453546237506157e-05
1038,134.4696730020005,6.5258,9.452342997555554e-05
1039,134.5682055920006,7.1199,9.451146426580243e-05
1040,134.66599210999993,5.9517,9.449929870654317e-05
1041,134.76579792600023,6.1483,9.448722718012326e-05
1042,134.86257119000038,6.1841,9.447491606024684e-05
1043,134.95778227700066,5.3957,9.446296637493814e-05
1044,135.0547022990013,6.5447,9.445120389740736e-05
1045,135.1504487050006,6.4259,9.443925587864192e-05
1046,135.24872122500165,6.8019,9.442743171148143e-05
1047,135.34689478700056,6.8335,9.441529540148128e-05
1048,135.4429313920009,6.1614,9.440318704135797e-05
1049,135.53859793100128,4.8244,9.439131884259244e-05
1050,135.63543641600154,5.4021,9.437949013592584e-05
1051,135.73096428200006,6.1931,9.436755099716036e-05
1052,135.82707544700133,4.2082,9.435575684172835e-05
1053,135.92475739600013,7.0354,9.434388480037017e-05
1054,136.02210945700062,6.3501,9.433185483827155e-05
1055,136.1179453040004,6.0538,9.431984000148145e-05
1056,136.21448870099994,5.6737,9.430799061765423e-05
1057,136.30969039200136,5.8239,9.42960596939504e-05
1058,136.4061428310015,5.732,9.428429155481467e-05
1059,136.50648417200136,6.4389,9.427240301703687e-05
1060,136.60543569600122,6.3622,9.426000995469116e-05
1061,136.70397253800002,5.1863,9.424781823592572e-05
1062,136.8044988340007,6.739,9.423550004802464e-05
1063,136.90185181000015,5.5191,9.422324515827146e-05
1064,137.0005196130005,6.2717,9.421119161641961e-05
1065,137.097577216,5.6148,9.4199033749753e-05
1066,137.19536008500108,5.1227,9.418701656975288e-05
1067,137.29173025700038,6.9515,9.41749534458024e-05
1068,137.38664018300005,4.4499,9.416306180925914e-05
1069,137.4852241260014,6.0536,9.41513159075307e-05
1070,137.58222417600155,6.433,9.413919231283935e-05
1071,137.68010588500147,6.8567,9.412718606283936e-05
1072,137.77866312800143,6.4191,9.411505535592594e-05
1073,137.87647766300142,6.1402,9.410288412876532e-05
1074,137.97603195800002,5.859,9.40908879045678e-05
1075,138.07264876200134,6.8919,9.407863066086403e-05
1076,138.1711711880016,6.56,9.406662808604925e-05
1077,138.26992409600098,6.6008,9.405448983901222e-05
1078,138.36620122800014,5.4382,9.40422847403702e-05
1079,138.46619481200105,6.3735,9.403041652345676e-05
1080,138.56721663100143,5.7498,9.401811125185181e-05
1081,138.66434489600033,6.4341,9.400559883629611e-05
1082,138.76240586099993,5.798,9.399363424469128e-05
1083,138.8593514760014,6.1588,9.398152559777778e-05
1084,138.95864008200078,6.8281,9.396947216604935e-05
1085,139.05814313200062,6.5938,9.395727029629608e-05
1086,139.1570201710001,5.8855,9.394496524444436e-05
1087,139.257561497001,6.7298,9.393276304888876e-05
1088,139.3552868860006,6.5305,9.392037988024675e-05
1089,139.45338924500174,6.8321,9.390831068839485e-05
1090,139.55201485200087,6.1558,9.389621486012334e-05
1091,139.6500680040008,6.129,9.388401064802464e-05
1092,139.7459899080004,5.8428,9.387192619518515e-05
1093,139.84353208000175,6.5537,9.386006417543207e-05
1094,139.9424407710012,6.3401,9.384802750555537e-05
1095,140.04033569900093,6.0212,9.383578332938253e-05
1096,140.1380861130001,4.1347,9.382375284135794e-05
1097,140.23515308400056,6.1249,9.381157813024672e-05
1098,140.3331076710001,6.7003,9.379963490876536e-05
1099,140.43139952000092,6.2849,9.378761687950603e-05
1100,140.529353463,6.8097,9.377546878358007e-05
1101,140.62839516400163,5.5676,9.376336588135782e-05
1102,140.72559363600158,6.3116,9.375114417308633e-05
1103,140.82248286899994,4.0849,9.373914629320985e-05
1104,140.91927274700174,5.4458,9.372715984728384e-05
1105,141.0146830220001,5.2405,9.371523253999997e-05
1106,141.11057506200086,4.0526,9.370344839913562e-05
1107,141.20800269900064,6.1959,9.369160646938259e-05
1108,141.3050768890007,6.0998,9.367959572629618e-05
1109,141.40098077700168,5.4026,9.36676062725926e-05
1110,141.49975380700016,6.7244,9.365576021197526e-05
1111,141.59916531800081,6.6917,9.364357029246904e-05
1112,141.69740264100074,5.9265,9.36311831176542e-05
1113,141.7950619810017,6.6112,9.361916203691348e-05
1114,141.89228925099997,5.9214,9.360710151135793e-05
1115,141.98682001500129,3.4377,9.35950967199999e-05
1116,142.0857294030011,6.4779,9.358340959172836e-05
1117,142.18378642000062,6.3427,9.357124241888874e-05
1118,142.28032026500114,6.4758,9.355910876024688e-05
1119,142.3774576650012,6.4788,9.354717038580234e-05
1120,142.475682925,6.648,9.353512593691348e-05
1121,142.57189912000104,5.0734,9.35230548777778e-05
1122,142.670635253,6.2908,9.351118735543198e-05
1123,142.76930122500016,6.6092,9.349894532222204e-05
1124,142.86102093800037,7.0443,9.348683079851846e-05
1125,142.95928987700063,6.3003,9.347554134358004e-05
1126,143.05507089100138,5.9907,9.346338595530851e-05
1127,143.15385201400022,5.542,9.345153675679005e-05
1128,143.25118041000133,6.2645,9.343936856395054e-05
1129,143.34926869400078,5.4974,9.342732847234547e-05
1130,143.44613257100173,6.1799,9.341524134753068e-05
1131,143.54537688800156,6.0346,9.340327708370369e-05
1132,143.64014717700047,5.1126,9.339105690851845e-05
1133,143.73620437700083,6.3559,9.3379299525679e-05
1134,143.8322425740007,5.7738,9.336745893296291e-05
1135,143.92910271600158,5.8912,9.33555574053086e-05
1136,144.02248129500003,6.4313,9.334364851814804e-05
1137,144.1225507120016,6.3986,9.333212300456783e-05
1138,144.2219899160009,6.4742,9.331971801728376e-05
1139,144.31805086700115,5.6261,9.33074939096296e-05
1140,144.41512148900074,7.0633,9.32956284187653e-05
1141,144.51261746800083,5.8723,9.328364940407393e-05
1142,144.61068030500064,5.7625,9.327161489925925e-05
1143,144.70675491800102,5.9116,9.325952346691338e-05
1144,144.80235841600006,6.253,9.324763277592574e-05
1145,144.89788285400027,5.36,9.323582933148143e-05
1146,144.99592959800066,6.5996,9.32240317333333e-05
1147,145.09434179500022,5.7688,9.321194250753072e-05
1148,145.194703227,6.6031,9.319976985802459e-05
1149,145.29287440100052,5.6415,9.318725896703689e-05
1150,145.3902361570017,5.7193,9.317526842481478e-05
1151,145.48273907100156,6.3584,9.316324956962961e-05
1152,145.57912750500145,6.0969,9.315185020333328e-05
1153,145.67890991400054,6.3096,9.313992805358009e-05
1154,145.77709473700088,6.125,9.312761771345659e-05
1155,145.8745078920001,6.4913,9.31155020353085e-05
1156,145.97340588800034,6.7304,9.310349748506157e-05
1157,146.07307018100073,6.7969,9.309128097962952e-05
1158,146.17214873000012,5.8805,9.307899946950605e-05
1159,146.2704682600015,6.3674,9.306674414543209e-05
1160,146.36749329800114,6.8591,9.305458881999989e-05
1161,146.46605147100126,5.3996,9.304261101432092e-05
1162,146.56568721700023,6.4932,9.303045064172829e-05
1163,146.66465027900085,6.4834,9.301816264962956e-05
1164,146.76254693100054,5.6645,9.300593652407388e-05
1165,146.86224675500125,6.7457,9.299384868493813e-05
1166,146.961888111,5.6052,9.298152980580244e-05
1167,147.05803978400036,5.278,9.296922855123437e-05
1168,147.15463990200078,6.321,9.29573359512344e-05
1169,147.25318470100137,4.9652,9.294542167209856e-05
1170,147.3521260760008,5.5495,9.293328073913573e-05
1171,147.4499106960011,6.6716,9.292092292333334e-05
1172,147.5448833620012,5.4988,9.290895484876532e-05
1173,147.64337628500107,6.3702,9.289722577074074e-05
1174,147.742546933001,6.6809,9.288508833975289e-05
1175,147.8386498560012,5.961,9.287284759518508e-05
1176,147.93807328100047,6.5435,9.286097296703691e-05
1177,148.0353661420013,5.6704,9.284868375160493e-05
1178,148.13326423500075,6.1726,9.283669746271585e-05
1179,148.2296872550014,5.6928,9.282461460777771e-05
1180,148.32732598200164,4.8486,9.281269903382706e-05
1181,148.42332293500112,5.8328,9.280063859419741e-05
1182,148.52235334700163,5.846,9.278878607049379e-05
1183,148.6206594260002,5.8225,9.27765860030864e-05
1184,148.7183703010014,5.9755,9.276446402259252e-05
1185,148.81545309300054,6.4169,9.27523626375307e-05
1186,148.906038997,5.7675,9.274038234024678e-05
1187,149.00333922600112,6.5083,9.272924544814813e-05
1188,149.10064854600023,6.489,9.271720340481482e-05
1189,149.19708027600063,6.4714,9.270518430580243e-05
1190,149.29183208300128,6.0207,9.269328009407386e-05
1191,149.38853318100155,6.2284,9.268157306074074e-05
1192,149.48409892100062,5.1401,9.266964712160481e-05
1193,149.57967749700038,5.5526,9.265776994530847e-05
1194,149.6763888100013,6.5238,9.264603984555553e-05
1195,149.77685941000163,6.3952,9.263411746086414e-05
1196,149.87393032100044,6.5233,9.262172733111112e-05
1197,149.96969369800172,6.0152,9.260969175432085e-05
1198,150.06562865500018,6.0133,9.259788806765431e-05
1199,150.16386172900093,6.1332,9.258606358925911e-05
1200,150.26145527500012,5.7462,9.257390746876529e-05
1201,150.35765052600073,5.0067,9.25618865771604e-05
1202,150.45662758800063,5.5322,9.254998473395051e-05
1203,150.5526482990008,5.4995,9.253779115666656e-05
1204,150.64824724000027,6.2098,9.25259245016048e-05
1205,150.7439304620002,5.6195,9.25141122779011e-05
1206,150.843563497001,6.1281,9.250228113283946e-05
1207,150.95513212300102,6.8363,9.24898432745678e-05
1208,151.06390552300036,5.3404,9.247608548024689e-05
1209,151.16287713900056,5.9982,9.246264131999987e-05
1210,151.26402105800116,6.6008,9.245043311925915e-05
1211,151.36400129400135,6.432,9.243810317172833e-05
1212,151.46362501300064,6.3699,9.242574804469117e-05
1213,151.56063779500073,6.0426,9.24134617428394e-05
1214,151.6604329620004,5.7838,9.240147683197516e-05
1215,151.76069084400115,6.3406,9.238916489765433e-05
1216,151.8576478670002,5.5725,9.237681630567885e-05
1217,151.94815451600152,6.6522,9.236482258209863e-05
1218,152.04311937200146,6.9183,9.235366558234563e-05
1219,152.13776783400135,5.9411,9.23419172346913e-05
1220,152.23318858600032,6.0261,9.233021004197518e-05
1221,152.33201885200106,6.3696,9.231844918814799e-05
1222,152.43001373300103,5.1237,9.23062657977778e-05
1223,152.5209073370006,6.1576,9.229415999518501e-05
1224,152.61895531700065,5.8852,9.228294202543202e-05
1225,152.71650555000087,5.6666,9.22708413796295e-05
1226,152.8181295910017,6.2193,9.225880383444432e-05
1227,152.9158602460011,6.4224,9.224626529296277e-05
1228,153.01543588800087,6.3808,9.223417916493821e-05
1229,153.11232621199997,4.5255,9.222191881296287e-05
1230,153.21027065100134,6.2924,9.220989938666646e-05
1231,153.31142990800072,4.8761,9.219783091419749e-05
1232,153.4097996670007,6.5372,9.218530055074071e-05
1233,153.5069940120011,5.6421,9.217318784185185e-05
1234,153.6052712340006,6.5696,9.216117991703689e-05
1235,153.70287644100063,5.8661,9.214905532641964e-05
1236,153.80221644500125,5.9589,9.213698464629623e-05
1237,153.9002352690004,6.2377,9.212474889543193e-05
1238,153.99701175200062,6.1026,9.211264824382705e-05
1239,154.09380458800115,6.1341,9.210070420999987e-05
1240,154.19167229699997,5.5864,9.208873167185169e-05
1241,154.28802299400013,5.793,9.20766623062962e-05
1242,154.3842778340004,6.9319,9.206475969938273e-05
1243,154.4806942510004,5.1901,9.205278726419744e-05
1244,154.5775701090006,4.6745,9.204095749814802e-05
1245,154.66903658200135,6.4886,9.202900435e-05
1246,154.76634714000102,5.9541,9.201774202148146e-05
1247,154.86264875900088,6.6218,9.200569459111109e-05
1248,154.95949244700023,6.3967,9.199381492271598e-05
1249,155.05767833700156,6.4047,9.198188019691355e-05
1250,155.15651606200117,5.7622,9.196974224074056e-05
1251,155.25424365400067,5.6527,9.195755110802453e-05
1252,155.35178990500026,5.5734,9.194549729074065e-05
1253,155.45022281500133,6.8536,9.193344430308639e-05
1254,155.54793530700044,6.1396,9.192127141246893e-05
1255,155.6451954790009,4.2043,9.190921863296296e-05
1256,155.74475431800056,6.199,9.189720280950609e-05
1257,155.8389989870011,3.5748,9.188493321123437e-05
1258,155.93720071000098,6.1233,9.187325993925921e-05
1259,156.03652469100052,7.0512,9.186117728901217e-05
1260,156.12933838900062,6.1896,9.184888126567886e-05
1261,156.22829358200033,6.0345,9.18374478780247e-05
1262,156.32585702100005,5.8863,9.182522022728391e-05
1263,156.42154422100066,5.4275,9.181318198395061e-05
1264,156.52055993400063,6.1343,9.180129130678998e-05
1265,156.6170903830007,6.0853,9.178916993148129e-05
1266,156.714519612,6.0665,9.177723823962947e-05
1267,156.81233760400028,5.7867,9.176520940950615e-05
1268,156.9088215260017,4.4644,9.17531061612344e-05
1269,157.00416627100094,6.3622,9.174119524271585e-05
1270,157.10069030400155,6.063,9.172942392814807e-05
1271,157.1994566580015,5.6621,9.171753278283929e-05
1272,157.29164811200098,6.2379,9.170533106814813e-05
1273,157.3888556230013,6.2077,9.16939643488888e-05
1274,157.48766854500172,5.2078,9.168195620604932e-05
1275,157.5867901520014,5.964,9.166976901382711e-05
1276,157.6848120120012,6.5982,9.165749683172831e-05
1277,157.7830405880013,5.9521,9.164541118666656e-05
1278,157.8810508860006,6.4878,9.163323586987633e-05
1279,157.9804521900005,5.7175,9.162119447209877e-05
1280,158.0780039930014,5.5676,9.160893169617272e-05
1281,158.17695244900096,6.312,9.159683303975288e-05
1282,158.27318815700164,5.5808,9.158464335913564e-05
1283,158.36993388800147,5.742,9.157278244197513e-05
1284,158.46652850900136,7.1255,9.156080766197529e-05
1285,158.56196359500063,5.1634,9.154888165592593e-05
1286,158.66120454200063,5.6317,9.153711619432081e-05
1287,158.75898840400077,6.0317,9.152488289444434e-05
1288,158.85636328300097,6.1821,9.151280999518506e-05
1289,158.95133576300032,6.0269,9.150075918666663e-05
1290,159.0480131150016,5.867,9.148902560012344e-05
1291,159.1462546820003,4.6794,9.147712694777759e-05
1292,159.2439268820017,5.8971,9.146497330987642e-05
1293,159.33985811000093,5.6154,9.145295460530853e-05
1294,159.43663236800057,6.6887,9.144108643358014e-05
1295,159.53269402500155,6.0982,9.142912330876524e-05
1296,159.6309942020016,5.4194,9.141728197839504e-05
1297,159.72951307200128,6.6884,9.140507092901227e-05
1298,159.82845229800114,6.5639,9.139298047395057e-05
1299,159.92484218200116,5.5115,9.138064775432079e-05
1300,160.02178708800056,5.4972,9.136883953691341e-05
1301,160.12038203300108,5.6199,9.135688781197526e-05
1302,160.219052243001,7.0168,9.13445830844444e-05
1303,160.31652862400006,6.0445,9.133255233382713e-05
1304,160.41308155300067,6.378,9.132039136987653e-05
1305,160.51024617000076,5.9246,9.130859515493823e-05
1306,160.60670196400133,6.4749,9.12965979914813e-05
1307,160.70197589500094,3.5587,9.128468910580242e-05
1308,160.7973393150005,6.8937,9.127292830395052e-05
1309,160.89460872000018,6.271,9.126109744999994e-05
1310,160.9924439430015,5.4066,9.124916005271604e-05
1311,161.08979897000063,5.929,9.123707866320988e-05
1312,161.1877554090006,5.6233,9.122505816382716e-05
1313,161.28592817700155,5.8413,9.12129483748147e-05
1314,161.38485612100158,6.3178,9.120084398987645e-05
1315,161.48297132100015,6.1264,9.118861731061725e-05
1316,161.57958964099998,5.8414,9.117649538382714e-05
1317,161.67762786300045,6.7306,9.116455376790102e-05
1318,161.77567442100008,5.4771,9.115250405580226e-05
1319,161.8775103220014,6.8338,9.114025240679002e-05
1320,161.97527793300105,6.2883,9.112780920641955e-05
1321,162.07326075900164,6.7399,9.111573394777763e-05
1322,162.17220593000093,6.005,9.110361281148145e-05
1323,162.2691129290015,6.4536,9.109143088012331e-05
1324,162.36921161300052,6.1385,9.107942672962963e-05
1325,162.47030992100008,6.3468,9.106708555716034e-05
1326,162.56744080000135,5.8563,9.105461927654306e-05
1327,162.6640909680009,6.5459,9.104261216543191e-05
1328,162.76211929300007,5.2231,9.103068403160486e-05
1329,162.86131072100034,5.6216,9.101856885135796e-05
1330,162.95832948000134,6.0673,9.10063455758023e-05
1331,163.05520714500017,5.1564,9.099435971098748e-05
1332,163.1562733690007,6.2492,9.09823992011111e-05
1333,163.25388588700116,6.6632,9.096991312259249e-05
1334,163.35029331200167,6.7067,9.09578837934566e-05
1335,163.4475896290005,6.4056,9.094596300296276e-05
1336,163.54265521300113,6.8848,9.09339471572839e-05
1337,163.63862806900033,6.9655,9.092221305160494e-05
1338,163.73656295600085,6.2014,9.091037344259248e-05
1339,163.83584934800092,5.2935,9.08983095488888e-05
1340,163.93468818400106,5.2989,9.088602272407396e-05
1341,164.03218831200138,6.8004,9.087381404296285e-05
1342,164.1326661760013,6.5994,9.086178305790119e-05
1343,164.23195805000069,6.288,9.084937482802464e-05
1344,164.3283526640007,5.5357,9.083713070074063e-05
1345,164.42545744500057,5.6425,9.082522073074061e-05
1346,164.52369126400117,6.8961,9.081322972049366e-05
1347,164.62307612100085,6.3727,9.080110532567896e-05
1348,164.72246004500084,4.8563,9.078884649123435e-05
1349,164.81881245100158,5.9325,9.077653818975291e-05
1350,164.91756018400156,6.6601,9.076466528864195e-05
1351,165.01555928700145,5.936,9.075248372728379e-05
1352,165.11348932200053,6.2225,9.07403857692591e-05
1353,165.212655360001,5.3138,9.072830389333315e-05
1354,165.30980087200078,5.2669,9.071605675580245e-05
1355,165.41032131200154,6.5478,9.070403171024691e-05
1356,165.50972603800074,5.2155,9.069162968197513e-05
1357,165.60731856200073,5.4303,9.067937092851845e-05
1358,165.70631107600093,5.9939,9.066726569246902e-05
1359,165.80427873500048,5.417,9.065509459160486e-05
1360,165.90393289200074,5.3141,9.064300800580245e-05
1361,166.002470626001,5.423,9.063069640753069e-05
1362,166.10193740600153,7.2673,9.061854896148137e-05
1363,166.20001497700105,6.617,9.060629272444427e-05
1364,166.2972032910002,6.6978,9.059415481123448e-05
1365,166.395126378,5.2781,9.05820895924691e-05
1366,166.49071907600046,6.6796,9.057004695827144e-05
1367,166.58249432200137,6.4401,9.055825079407397e-05
1368,166.68116102800013,5.2467,9.054689590308628e-05
1369,166.77880037400064,6.5285,9.05347551071605e-05
1370,166.87649801000043,5.6184,9.052271419493812e-05
1371,166.97636237700135,5.7404,9.051056316728383e-05
1372,167.0745786970001,5.668,9.049829612123458e-05
1373,167.1746555180016,6.1618,9.048619255925924e-05
1374,167.27277266700003,6.3206,9.047385567345676e-05
1375,167.36347516100068,6.6058,9.046158445197526e-05
1376,167.46266873400054,6.5397,9.04505435334566e-05
1377,167.56106049700065,5.0309,9.043829065098764e-05
1378,167.6593076170011,4.9566,9.042612831987653e-05
1379,167.75874053900043,5.6271,9.041400892641967e-05
1380,167.85877664600048,5.5256,9.040161656074063e-05
1381,167.95779398800005,6.4627,9.038937917999985e-05
1382,168.05638244500005,5.6735,9.037705280728375e-05
1383,168.15381689700007,6.7798,9.03649788225924e-05
1384,168.25300755800163,6.7583,9.035293973592577e-05
1385,168.34957484700135,6.242,9.034071054518499e-05
1386,168.44705285500095,5.6138,9.03287762276543e-05
1387,168.5443430000014,5.9966,9.031671920530862e-05
1388,168.64474651599994,6.3608,9.030473258641962e-05
1389,168.74171576200024,6.8521,9.029233637604935e-05
1390,168.83979407900006,5.7377,9.028035049678995e-05
1391,168.93836257400108,6.8956,9.026823890975294e-05
1392,169.03448402200047,5.4425,9.025602841716036e-05
1393,169.13221402400086,5.6674,9.02442211523456e-05
1394,169.23142590800126,6.2528,9.023215935444446e-05
1395,169.3226710250001,6.6062,9.021990505506157e-05
1396,169.42311115400116,6.3707,9.020867073987654e-05
1397,169.52449041900036,5.809,9.019622895197515e-05
1398,169.62251827,5.2105,9.018372056419735e-05
1399,169.71948460600106,5.8253,9.017158510814805e-05
1400,169.81756879000022,5.7467,9.015963700148142e-05
1401,169.91463604800083,5.189,9.014753514814795e-05
1402,170.01356894400124,6.117,9.013553978456778e-05
1403,170.112785618001,6.6743,9.012333216975296e-05
1404,170.21155758900022,4.6684,9.011110376382707e-05
1405,170.30923676900056,4.9882,9.009889645851846e-05
1406,170.4077993990013,6.7196,9.00867133306172e-05
1407,170.50615008500063,6.2843,9.007468419493825e-05
1408,170.60319463300038,6.2049,9.006253787617279e-05
1409,170.70210248400144,6.7375,9.005053411765425e-05
1410,170.7979011180014,6.3273,9.003835432802454e-05
1411,170.8953055080001,6.2535,9.002649993629628e-05
1412,170.9931569370001,6.8442,9.001450753469131e-05
1413,171.0885839420007,6.4656,9.000242468901225e-05
1414,171.18664997500127,6.0681,8.999062055543192e-05
1415,171.27685319900047,6.1848,8.997851503580248e-05
1416,171.37460892200033,6.4955,8.99674352895061e-05
1417,171.47297607900146,6.622,8.995531405938263e-05
1418,171.5711656300009,5.3063,8.994318298580227e-05
1419,171.6679539980014,5.4065,8.993104050037038e-05
1420,171.76628949100086,5.7221,8.991910573703704e-05
1421,171.86607916100002,4.9513,8.990697511395053e-05
1422,171.9608453590008,4.7937,8.989466273172824e-05
1423,172.057978361001,3.8083,8.988292413604935e-05
1424,172.15628837400072,6.0018,8.987090049716031e-05
1425,172.2533873150005,5.2966,8.985880962999984e-05
1426,172.354661202,5.9614,8.984672015419738e-05
1427,172.4560847770008,4.8549,8.983432537555546e-05
1428,172.54896036600076,6.3788,8.98218062275308e-05
1429,172.64733003600122,6.3732,8.981036031135784e-05
1430,172.74357502800012,6.0562,8.979818361901234e-05
1431,172.8407105310016,4.4507,8.978629894370358e-05
1432,172.93911857100102,6.0349,8.977429716975302e-05
1433,173.0343883000005,5.6998,8.976216381802452e-05
1434,173.13531039300142,6.64,8.975029591234556e-05
1435,173.23523915700025,6.3571,8.973792770987653e-05
1436,173.33424639600162,5.8731,8.972554261567883e-05
1437,173.4265208150009,6.2926,8.971337499962964e-05
1438,173.5261882370014,5.85,8.97020175053086e-05
1439,173.62537981100104,6.0071,8.968970437765413e-05
1440,173.7229403350011,5.1633,8.967745083765417e-05
1441,173.82312767000076,5.3967,8.96653178391357e-05
1442,173.91935621000084,5.3599,8.965303738308627e-05
1443,174.0214716540013,6.7722,8.96411348669134e-05
1444,174.12031140399995,6.0876,8.962853979358005e-05
1445,174.21541874300055,4.3274,8.96163422474074e-05
1446,174.3119127280006,5.8163,8.96045635071603e-05
1447,174.40663511300045,4.7523,8.95926853085185e-05
1448,174.50377028200091,6.0467,8.958096128678998e-05
1449,174.60197875700032,6.2362,8.956900016222207e-05
1450,174.69809945000088,6.3549,8.955686675567888e-05
1451,174.7906587330017,7.0461,8.95449871672838e-05
1452,174.88960444900113,6.4745,8.953359351148147e-05
1453,174.9878844520008,6.3475,8.952136454777775e-05
1454,175.0878164730002,5.6801,8.950921859283937e-05
1455,175.18703905200164,5.6614,8.949691526950613e-05
1456,175.2864455300005,6.7552,8.948464376024681e-05
1457,175.38392901500083,5.8712,8.947238677518514e-05
1458,175.48275630900025,6.3796,8.946032812037034e-05
1459,175.5829300910009,6.3277,8.944811788234556e-05
1460,175.68080942500092,5.8852,8.943578168358009e-05
1461,175.7805669270001,4.8679,8.94236858274073e-05
1462,175.87856014600038,6.3553,8.941135721802458e-05
1463,175.97055852800077,6.1008,8.939926415074073e-05
1464,176.06949734200134,4.8666,8.938792541345664e-05
1465,176.16614248900078,6.3627,8.937568168419738e-05
1466,176.2652400720017,6.4985,8.936374336049366e-05
1467,176.36384608900153,6.0474,8.935152657703693e-05
1468,176.46348108700113,5.4906,8.933936523172825e-05
1469,176.56534215900137,5.9444,8.932707058740741e-05
1470,176.66609537000113,6.1979,8.931451862555543e-05
1471,176.76353783100058,5.7983,8.930205874283948e-05
1472,176.86169700000028,4.8462,8.92900081618517e-05
1473,176.96231276100116,5.2798,8.92777640216048e-05
1474,177.0612374020002,5.5914,8.926547766913571e-05
1475,177.16062101600073,6.116,8.92532735293827e-05
1476,177.25778352100133,6.2137,8.924095742111111e-05
1477,177.35634032400048,5.8965,8.922899263987639e-05
1478,177.4538955400003,5.6809,8.921684346098748e-05
1479,177.552089498,5.5814,8.92047661190123e-05
1480,177.6491777530009,6.0832,8.919262138308631e-05
1481,177.74663244500152,5.3144,8.918066211987654e-05
1482,177.84560439500092,6.3729,8.916861444160487e-05
1483,177.94452615800037,5.5483,8.91564527083949e-05
1484,178.0435768770003,6.6074,8.914423097086416e-05
1485,178.14213547700092,5.4819,8.913201815567901e-05
1486,178.23874906500168,5.1407,8.911983756901216e-05
1487,178.33776145000047,6.485,8.910788718518503e-05
1488,178.43386824900153,3.0442,8.909567992567882e-05
1489,178.5288047060003,4.6895,8.908377840407389e-05
1490,178.62636584400025,6.137,8.907207521024674e-05
1491,178.7242875360007,5.2452,8.906000976839489e-05
1492,178.8247783980005,6.3775,8.904792663740735e-05
1493,178.92427779800164,6.0121,8.90354214974073e-05
1494,179.02182479000112,5.9993,8.902325853506172e-05
1495,179.11665507500038,3.3564,8.90112176087653e-05
1496,179.21556107900142,5.9544,8.899948832901232e-05
1497,179.32030214100087,6.3152,8.898716349518509e-05
1498,179.41699961900122,6.0834,8.897438231358015e-05
1499,179.516504747,6.0734,8.896241913135794e-05
1500,179.61967718300002,6.0937,8.895013217567895e-05
1501,179.72058851300062,5.4089,8.893741690308633e-05
1502,179.82088002400087,6.459,8.892496656493812e-05
1503,179.91396255200016,6.0236,8.891257223654301e-05
1504,180.0139781120015,6.3379,8.890109367172831e-05
1505,180.11241804100064,6.3717,8.888873814493814e-05
1506,180.2104022200001,6.1297,8.88765907183949e-05
1507,180.30793158600136,6.324,8.886448776086414e-05
1508,180.40587849700023,5.2944,8.885242544641961e-05
1509,180.50230637599998,5.759,8.884033866938257e-05
1510,180.60032030100047,5.3136,8.882843253827145e-05
1511,180.69790383200052,5.6473,8.881636088456785e-05
1512,180.7956219560001,5.8187,8.880430717925916e-05
1513,180.89445658500154,6.7194,8.87922194870369e-05
1514,180.98981759100025,3.9159,8.878002362160485e-05
1515,181.08551032000105,5.0722,8.876824396333312e-05
1516,181.18219032300112,6.6052,8.875644240259248e-05
1517,181.2798190830017,6.8095,8.874451737469119e-05
1518,181.37844311300069,6.4966,8.873243180012336e-05
1519,181.47673273100008,6.1898,8.872027678827148e-05
1520,181.56814674100133,6.0751,8.870814919851841e-05
1521,181.66824314300175,5.8621,8.869689017098755e-05
1522,181.76989025500006,6.2576,8.868452602024691e-05
1523,181.86958549800147,5.1972,8.867194392901218e-05
1524,181.96869147800135,6.7858,8.865965655185179e-05
1525,182.06747262800127,5.8226,8.864740494777778e-05
1526,182.16631570700156,5.592,8.863520899271603e-05
1527,182.2668783400004,5.5814,8.862299505716029e-05
1528,182.36373993900088,5.8168,8.861060046370363e-05
1529,182.46212201800154,5.6816,8.859863383728383e-05
1530,182.56289709800149,6.3909,8.858649465728377e-05
1531,182.6598673160006,5.5134,8.857404700888888e-05
1532,182.7559868290009,4.0773,8.856206286469118e-05
1533,182.85364275300162,6.3677,8.85501442687654e-05
1534,182.9514085310002,6.146,8.853814018592577e-05
1535,183.050849397001,5.2185,8.852609647987647e-05
1536,183.15083619899997,6.4281,8.851380872469124e-05
1537,183.24655764199997,3.9453,8.850146766e-05
1538,183.3423371480003,4.6409,8.848962079234556e-05
1539,183.43862444700062,3.8352,8.847770314839507e-05
1540,183.53601875200002,5.24,8.846591585629618e-05
1541,183.63612219900097,6.3782,8.845390595555548e-05
1542,183.73502031800126,5.0834,8.844157136999985e-05
1543,183.83534751800107,6.5786,8.842928703271592e-05
1544,183.932657536001,5.7756,8.84169722125924e-05
1545,184.02958982200107,5.359,8.840493815061721e-05
1546,184.12740660500094,4.6263,8.839296555913559e-05
1547,184.22698753400073,5.3077,8.838091304913561e-05
1548,184.32610772100088,5.5951,8.836861663654306e-05
1549,184.42718763700032,5.1864,8.835638260074052e-05
1550,184.5233855680017,3.7104,8.834389438617278e-05
1551,184.61804178500097,5.4777,8.833196697234553e-05
1552,184.71664732499994,5.4416,8.832030019012328e-05
1553,184.8135071150009,4.8445,8.83080741341974e-05
1554,184.91009643800135,5.668,8.829618868987652e-05
1555,185.0091153980011,5.4725,8.828413872888879e-05
1556,185.1081973140008,5.1849,8.827204642962943e-05
1557,185.20686569200006,5.4218,8.825981440987641e-05
1558,185.30658528300046,5.5769,8.824763885049362e-05
1559,185.40605882300042,6.5468,8.82352887235801e-05
1560,185.50321169900053,5.7204,8.822302521271587e-05
1561,185.60127523400115,6.5258,8.821102976246914e-05
1562,185.69935510100004,5.7845,8.819894319185169e-05
1563,185.79286779400172,5.8232,8.818671139074075e-05
1564,185.88459590300045,6.1715,8.817530057061712e-05
1565,185.9818138260016,5.5571,8.816400091678992e-05
1566,186.08190514800117,6.1975,8.815193824703683e-05
1567,186.18297528400035,6.0053,8.813958466555544e-05
1568,186.2799966320017,3.9825,8.81269941401234e-05
1569,186.37905567000053,6.9577,8.811510309444427e-05
1570,186.47893721400033,5.8583,8.810293213320979e-05
1571,186.5775237680009,5.2778,8.809057289209873e-05
1572,186.67612953700154,5.3414,8.80783610908641e-05
1573,186.77718245600045,5.6091,8.806624387802453e-05
1574,186.877458672001,6.5734,8.805365660358017e-05
1575,186.97735798300164,6.0084,8.804140563678999e-05
1576,187.0780034870004,6.3969,8.802905928987637e-05
1577,187.1759942130011,5.507,8.801664377407392e-05
1578,187.2732739840012,5.8445,8.800452873111108e-05
1579,187.3702606930001,5.1233,8.79925279532097e-05
1580,187.47508090600058,6.1119,8.798053014395043e-05
1581,187.57054278900068,5.8051,8.796761752901216e-05
1582,187.668031616,5.9543,8.79558010517284e-05
1583,187.7676575130008,5.838,8.794368839148135e-05
1584,187.8675949540011,5.4977,8.793150763148143e-05
1585,187.96598389000064,6.1748,8.79191560086418e-05
1586,188.06221412500054,5.5529,8.790697391629614e-05
1587,188.15926275400125,6.2698,8.7895102128148e-05
1588,188.25620161900042,5.2474,8.788313848432087e-05
1589,188.35553454,5.3767,8.787103534629627e-05
1590,188.4550491560003,5.8303,8.785890370975307e-05
1591,188.5552329230013,6.5904,8.784656152765415e-05
1592,188.65182640500097,4.845,8.783426296506173e-05
1593,188.74761557700003,5.7272,8.782232717888888e-05
1594,188.84665037000013,5.4997,8.78104674888889e-05
1595,188.94612007700016,5.9633,8.779828649135793e-05
1596,189.04340680400128,4.4139,8.778599825975309e-05
1597,189.14297362400066,5.6532,8.777395884864184e-05
1598,189.24231240300105,6.5086,8.776167736987639e-05
1599,189.34203153100134,5.9716,8.774944459728386e-05
1600,189.43916954000088,5.7657,8.773713498382711e-05
1601,189.53893382700153,5.3201,8.772510313493816e-05
1602,189.64068022600077,6.4527,8.771281292938265e-05
1603,189.73690516400166,6.4103,8.770025410444434e-05
1604,189.83507664400167,5.5428,8.768835436543197e-05
1605,189.9346711670005,5.3259,8.767624101629612e-05
1606,190.0335068280001,4.7058,8.766389402320986e-05
1607,190.1302651670012,5.8731,8.76517523664197e-05
1608,190.22597246100122,5.7377,8.763977216086404e-05
1609,190.32455390900031,5.5474,8.762797024419746e-05
1610,190.42343248400175,5.264,8.761581228098765e-05
1611,190.52339416200084,6.3586,8.760361694703691e-05
1612,190.62288379200072,5.9858,8.759127722148139e-05
1613,190.72090271900015,6.5298,8.75789794304937e-05
1614,190.82055148200016,5.0011,8.756684541617273e-05
1615,190.92000345500128,5.4255,8.755456403185168e-05
1616,191.0163215340017,5.2746,8.754228733864188e-05
1617,191.1158097360003,5.8492,8.753040563802463e-05
1618,191.21613701500064,6.3029,8.7518144110864e-05
1619,191.3143837860007,5.2217,8.750575858444432e-05
1620,191.41114747200118,4.3058,8.749360093580245e-05
1621,191.50762853200104,5.7397,8.748166116827139e-05
1622,191.60663422700054,6.0355,8.746974777432094e-05
1623,191.7063565590015,5.2577,8.74575006366665e-05
1624,191.80410387400116,4.3199,8.744514143506163e-05
1625,191.90200487500078,5.8559,8.743315966716048e-05
1626,192.00266156600082,6.0023,8.742108856345663e-05
1627,192.09979100800047,5.6656,8.740865063123452e-05
1628,192.20017611100047,6.1176,8.739663237320987e-05
1629,192.2987923920009,5.0275,8.738418004987636e-05
1630,192.39572621600018,5.2367,8.737206547518517e-05
1631,192.49092189300063,4.6498,8.73601022235802e-05
1632,192.5892243140006,6.4725,8.734824789012338e-05
1633,192.6862376980007,5.6746,8.733624660407404e-05
1634,192.78381359000014,6.5019,8.732419135234568e-05
1635,192.88319626200064,4.5228,8.731215113765432e-05
1636,192.98011463500006,5.9153,8.729995382678995e-05
1637,193.07821684400005,6.0406,8.728796904962953e-05
1638,193.17843610800082,5.7721,8.727587546728377e-05
1639,193.27610136500152,5.1282,8.726349612493829e-05
1640,193.37245536900082,5.6757,8.72514107691356e-05
1641,193.46915850500045,6.184,8.723950796271602e-05
1642,193.56555695000134,4.9614,8.72275967643208e-05
1643,193.66215297300005,5.3373,8.721570444283935e-05
1644,193.75931364000098,5.2384,8.720375916876543e-05
1645,193.85853118200066,6.4509,8.71917816009876e-05
1646,193.95565596100096,5.0476,8.717939677246902e-05
1647,194.0547715540015,6.4179,8.71675427529628e-05
1648,194.1496984860005,3.5506,8.715529534419742e-05
1649,194.2462197320001,5.2402,8.71435671319752e-05
1650,194.34277552599997,5.0567,8.713168535678995e-05
1651,194.43806763300017,5.3183,8.711972627580227e-05
1652,194.54400214700036,5.8294,8.710790038740734e-05
1653,194.64449352700103,4.7722,8.7094777925185e-05
1654,194.7453938460003,5.5517,8.708248737432084e-05
1655,194.84618629100078,4.8343,8.707003651222217e-05
1656,194.94563524800105,6.2406,8.705757311024678e-05
1657,195.04360916100086,5.3042,8.70453112371604e-05
1658,195.144092388,6.3231,8.703319043925912e-05
1659,195.24299760600115,5.4701,8.702082790296297e-05
1660,195.34067961500114,5.2965,8.700858979999985e-05
1661,195.43919661100153,5.4423,8.699654573678997e-05
1662,195.53774693300147,5.6562,8.698436928283942e-05
1663,195.63546101300017,4.7196,8.697220809271592e-05
1664,195.73329675200148,4.8659,8.69601549814813e-05
1665,195.83374265100065,6.1363,8.694807438641964e-05
1666,195.93202900300093,4.485,8.693567032518511e-05
1667,196.0292476930008,6.1091,8.692353121308636e-05
1668,196.12719907800056,6.562,8.691154152185173e-05
1669,196.22776546400019,5.5946,8.68994317406171e-05
1670,196.3287630240011,6.0691,8.688690314049381e-05
1671,196.42673724500128,5.0054,8.68745709333333e-05
1672,196.52196173300035,5.3061,8.686243666419749e-05
1673,196.6209539620013,5.8064,8.685063385901231e-05
1674,196.721905280001,6.2743,8.68385040435802e-05
1675,196.81911969300018,5.4872,8.682603286728386e-05
1676,196.9133617030002,4.3405,8.681399632851834e-05
1677,197.0101884150008,5.0858,8.680236535530864e-05
1678,197.10869666899998,4.557,8.679043909197513e-05
1679,197.20564434100015,4.6546,8.677824898925916e-05
1680,197.3048760540005,6.2798,8.676628903296278e-05
1681,197.40456245800124,6.3321,8.675405954469126e-05
1682,197.50170445300137,5.5019,8.674175570814812e-05
1683,197.5992069310014,5.7173,8.67297289345677e-05
1684,197.695100414001,4.8312,8.67176724950617e-05
1685,197.79025472500143,5.1015,8.670586197604931e-05
1686,197.88845881100133,6.3351,8.669412584259242e-05
1687,197.98670729800142,5.7137,8.668200921950605e-05
1688,198.08490956600144,6.3677,8.666987780333319e-05
1689,198.1845383460004,4.6936,8.665774439358004e-05
1690,198.28412174799996,5.5247,8.664545349925926e-05
1691,198.38266597300026,5.8486,8.663314723518515e-05
1692,198.48126828900058,5.6629,8.662097791950618e-05
1693,198.5811630870012,6.0371,8.660877662580237e-05
1694,198.67973272700146,5.706,8.659652039938257e-05
1695,198.77652255200155,4.6752,8.658430047617273e-05
1696,198.87243483900056,6.2622,8.657234791148128e-05
1697,198.9725194420007,6.5039,8.656050073777762e-05
1698,199.07041783500063,5.2834,8.654818148567902e-05
1699,199.17121377400144,5.1351,8.653607857567891e-05
1700,199.27187548500115,6.2332,8.652353425827159e-05
1701,199.36983848100135,5.3734,8.651121176530855e-05
1702,199.46642093000082,5.7516,8.649909475827147e-05
1703,199.564290884,5.0853,8.648717578160493e-05
1704,199.66054322900163,5.504,8.647510211246894e-05
1705,199.76139654100007,4.9406,8.646320749740735e-05
1706,199.86043920400152,6.2803,8.645065294975301e-05
1707,199.95691318400168,4.1423,8.643854544407391e-05
1708,200.05371653200018,5.9507,8.642661722876536e-05
1709,200.15329512900098,5.2531,8.641467722419754e-05
1710,200.2515985550017,4.6874,8.640239894395047e-05
1711,200.34957481700076,5.1334,8.639024173691341e-05
1712,200.4506630320011,6.1291,8.63781182327159e-05
1713,200.54936219000047,5.7187,8.636567304679004e-05
1714,200.65015691600092,5.5279,8.635349588333325e-05
1715,200.74877828800163,6.5172,8.634103967370351e-05
1716,200.84879471800014,6.2161,8.632886194851852e-05
1717,200.9473516040016,6.3568,8.631654177802453e-05
1718,201.03995977200066,5.284,8.630433847197524e-05
1719,201.13953726,5.5344,8.629292321024686e-05
1720,201.23675433900098,4.5901,8.628046237456776e-05
1721,201.33543491900127,6.3262,8.626862802913573e-05
1722,201.43350262700005,5.273,8.625646059753072e-05
1723,201.530655433,5.9016,8.624435510024677e-05
1724,201.63453470600143,5.8789,8.623234180999988e-05
1725,201.73380462500063,6.2688,8.621942076444432e-05
1726,201.8321006670012,6.2272,8.620729134592582e-05
1727,201.92976514300062,6.0735,8.619514336370353e-05
1728,202.02877106100095,5.3161,8.618306446246909e-05
1729,202.127944545,5.1333,8.617085098851853e-05
1730,202.21928312300042,6.8188,8.615845032506166e-05
1731,202.3197028880004,6.3796,8.614736193395054e-05
1732,202.41839174100096,6.43,8.613491448518503e-05
1733,202.5151075540016,5.4072,8.612275278518509e-05
1734,202.6138876260011,6.014,8.611079907345666e-05
1735,202.71220052000172,5.5272,8.609862626037037e-05
1736,202.8107291080014,4.5725,8.608648810407397e-05
1737,202.91466622900043,5.5418,8.607432761567884e-05
1738,203.01194624500022,6.5167,8.606148268753073e-05
1739,203.1098509400017,5.6073,8.604947637864197e-05
1740,203.20767482400151,5.6345,8.603739367629613e-05
1741,203.30497126700175,5.2608,8.602531994506165e-05
1742,203.40157831300166,5.183,8.60132791580246e-05
1743,203.4929693160011,6.7936,8.600138053913578e-05
1744,203.59017297000173,3.6497,8.599012253320977e-05
1745,203.68663794200074,5.8442,8.597807276716044e-05
1746,203.78632703900075,6.1703,8.596617007999989e-05
1747,203.881993686,5.0021,8.595386554419748e-05
1748,203.98069319600108,5.7518,8.594205782950599e-05
1749,204.080557229001,5.9043,8.592974971222214e-05
1750,204.17927110800156,6.0783,8.591754204024682e-05
1751,204.27694161300133,5.6402,8.590536852666659e-05
1752,204.3803707520001,5.6397,8.589314405098754e-05
1753,204.47735599100088,6.2616,8.588055716999979e-05
1754,204.57338157200138,5.573,8.586856107037027e-05
1755,204.67187616500087,6.0769,8.585669815728388e-05
1756,204.77053636100027,3.2126,8.584454699617283e-05
1757,204.87159716600036,6.2831,8.583234615962957e-05
1758,204.97087316000034,5.5274,8.581987892839495e-05
1759,205.06893251200017,6.2034,8.580764336555553e-05
1760,205.16605534100017,5.4447,8.579553559654314e-05
1761,205.26355614600106,4.8639,8.578347980753065e-05
1762,205.36394517600093,5.8926,8.577145316790107e-05
1763,205.4652453480012,5.6669,8.575912525777762e-05
1764,205.56504277000022,5.3147,8.574659337469128e-05
1765,205.66122306200123,5.7094,8.573427700172818e-05
1766,205.7582769290002,5.1017,8.57223571443209e-05
1767,205.8578034180009,6.1643,8.571043333592581e-05
1768,205.95647153000027,5.6031,8.569814033049379e-05
1769,206.05395309300002,4.9746,8.568596333469121e-05
1770,206.1495765690015,4.8365,8.567392088049379e-05
1771,206.24646103000123,5.0428,8.566210756999984e-05
1772,206.34125482800118,2.4834,8.56501465414813e-05
1773,206.4389039200014,6.2853,8.563843483432092e-05
1774,206.53452057800132,5.9617,8.562639286592592e-05
1775,206.6320635480006,5.3428,8.561457707716043e-05
1776,206.729707814,4.2205,8.560254018580245e-05
1777,206.8268570520013,6.0919,8.559049764308626e-05
1778,206.92699274200095,5.9926,8.557836232493813e-05
1779,207.027073104,5.4344,8.556614008790124e-05
1780,207.4736610330001,5.751,8.555376065234557e-05
1781,207.57365756200124,5.9028,8.549855525419755e-05
1782,207.67445646600027,5.4885,8.548628074493827e-05
1783,207.77109093500076,5.6746,8.547382912222221e-05
1784,207.86583666200022,5.6347,8.546190701530847e-05
1785,207.9635180430014,6.774,8.545021605271595e-05
1786,208.0609728160016,2.7668,8.543817032740742e-05
1787,208.15775181200115,5.2133,8.542613002876543e-05
1788,208.254064449,5.1114,8.541418182580239e-05
1789,208.35059802400065,5.6344,8.540229977555538e-05
1790,208.44788986599997,5.1593,8.539036470913576e-05
1791,208.54628108500037,5.2345,8.537835920827148e-05
1792,208.6382382310003,6.3134,8.536608914641976e-05
1793,208.73684487100036,5.8041,8.535490865234565e-05
1794,208.83493306900164,5.8534,8.534270148271592e-05
1795,208.9318139750012,5.8435,8.533055401148145e-05
1796,209.0300814070015,5.5826,8.53186295482715e-05
1797,209.1275939570005,4.2783,8.530650612876523e-05
1798,209.2262024540014,6.2104,8.529443960345658e-05
1799,209.32485042700137,5.9823,8.528231058493811e-05
1800,209.42298787100117,6.4734,8.527000910049381e-05
1801,209.52124751200063,6.3251,8.525799253271589e-05
1802,209.61959635100175,5.7437,8.524573751419734e-05
1803,209.71624708200034,6.1494,8.523371748580241e-05
1804,209.81319185200118,4.7231,8.52217622127159e-05
1805,209.9122107230014,5.7795,8.520980062148132e-05
1806,210.0103123630015,5.3727,8.519754409444431e-05
1807,210.1056105630014,4.4266,8.518548844246911e-05
1808,210.20306847700158,5.8241,8.517368588567884e-05
1809,210.30207120400155,5.7931,8.51616691632098e-05
1810,210.4002427510004,5.5643,8.514944232283935e-05
1811,210.4965718910007,2.38,8.513733578049367e-05
1812,210.595640472,6.0236,8.512543099691346e-05
1813,210.69547758500084,5.5508,8.511321252246894e-05
1814,210.79213373600032,3.5623,8.510090730827152e-05
1815,210.89046848900034,5.9199,8.508894554654304e-05
1816,210.9890719740015,6.1414,8.507679261444437e-05
1817,211.0865202970017,4.8171,8.506464804999988e-05
1818,211.18827860500096,6.1968,8.505261067814798e-05
1819,211.2885699920007,6.3004,8.504005329666649e-05
1820,211.39107958000022,6.6468,8.50276678993827e-05
1821,211.49073540200152,4.6262,8.501499829654307e-05
1822,211.59059173700007,5.8075,8.500270034481465e-05
1823,211.6888255870017,5.0631,8.499038010456781e-05
1824,211.78704238400132,5.0568,8.497824015172834e-05
1825,211.88829552300012,6.1378,8.496598039123445e-05
1826,211.9860698400007,5.4631,8.495361433098766e-05
1827,212.0815518240015,5.3751,8.494157417691356e-05
1828,212.17776568299996,5.2771,8.492972796148136e-05
1829,212.27499481400082,5.2965,8.49178973207406e-05
1830,212.37251583800025,5.5596,8.490590965320981e-05
1831,212.47088040200106,4.1432,8.489384297382716e-05
1832,212.56922400400072,6.3244,8.488170244864178e-05
1833,212.66508942700057,5.4981,8.486955409950599e-05
1834,212.75944821100165,4.5049,8.48576884332098e-05
1835,212.85781787000087,5.6824,8.484605660765424e-05
1836,212.95384814300087,5.597,8.483393558246911e-05
1837,213.0525415760003,5.8203,8.482203502938263e-05
1838,213.14975219700136,5.3259,8.480987401925913e-05
1839,213.2480369920013,5.9756,8.479789375629614e-05
1840,213.34603141900152,5.1757,8.478567575382705e-05
1841,213.44478981400061,5.6813,8.477364454320982e-05
1842,213.53713835800045,5.3788,8.47614712846912e-05
1843,213.63587873300094,6.0385,8.475005745049383e-05
1844,213.73215787900153,5.5044,8.473788263283945e-05
1845,213.8298729550006,6.0518,8.472599526098758e-05
1846,213.92607890200088,5.6697,8.471392547567896e-05
1847,214.02130557000055,3.9045,8.470203740777778e-05
1848,214.11682886600101,5.2147,8.4690289015432e-05
1849,214.21502341300038,5.653,8.467849320703694e-05
1850,214.31580892200145,5.419,8.466639549679005e-05
1851,214.4146571320016,3.8128,8.46539492250616e-05
1852,214.51386578800157,5.3183,8.46416752741975e-05
1853,214.6122911520015,4.9727,8.462948826740732e-05
1854,214.71836985100163,5.8874,8.461730430123445e-05
1855,214.81596914700094,5.2376,8.460419692407402e-05
1856,214.91281702300148,4.7474,8.459215286617267e-05
1857,215.0142067700017,5.3396,8.458020846049372e-05
1858,215.11313027800134,6.2667,8.456769328481473e-05
1859,215.21326796400172,6.2679,8.455550216074069e-05
1860,215.30496443100128,5.0204,8.45431422897529e-05
1861,215.4043022980004,5.4109,8.453184235740722e-05
1862,215.504464095,5.1766,8.45194065046913e-05
1863,215.6040509630002,5.7157,8.450718487246904e-05
1864,215.7012388130006,6.1796,8.449489444259239e-05
1865,215.8010824440007,5.7634,8.448289477456782e-05
1866,215.9000338170008,5.7582,8.447056593493808e-05
1867,215.99741371300115,4.1763,8.445833726320977e-05
1868,216.0942365330011,5.345,8.444633643271601e-05
1869,216.193091172001,5.8366,8.44343596554319e-05
1870,216.2931114310013,6.4334,8.442219307641957e-05
1871,216.3914243550007,4.6716,8.44098376303703e-05
1872,216.48895061300027,5.1374,8.439767702641971e-05
1873,216.58947081299993,6.2008,8.438562910617282e-05
1874,216.68834625400086,6.1361,8.437322319469123e-05
1875,216.78572210200036,4.8664,8.436101565234564e-05
1876,216.88345259200105,6.0066,8.434901183641957e-05
1877,216.97943183900134,4.7959,8.433694535382708e-05
1878,217.07910120600172,6.0615,8.43250776755555e-05
1879,217.17783961000168,5.4095,8.431277481567897e-05
1880,217.2773474300011,6.226,8.430059088135794e-05
1881,217.37783509600013,5.4078,8.428828911543198e-05
1882,217.47723110300103,5.0192,8.427590540666666e-05
1883,217.5753369360009,6.2918,8.426363727061718e-05
1884,217.67388175500128,5.2808,8.425151961765427e-05
1885,217.7667142850005,5.6114,8.423935562555544e-05
1886,217.86361854200004,5.1554,8.422789983641956e-05
1887,217.96155330800138,6.0184,8.421593610987646e-05
1888,218.0595269680016,5.9415,8.420385105999993e-05
1889,218.15837670900146,5.9643,8.419176140419748e-05
1890,218.25807240400172,5.8584,8.417956818864179e-05
1891,218.35763078100172,6.0804,8.416725914061722e-05
1892,218.4615796850012,5.8286,8.415495537802453e-05
1893,218.55721526700108,4.2963,8.414212881481474e-05
1894,218.65138651300003,4.2544,8.413028688308641e-05
1895,218.7482817780001,5.6262,8.411865905962955e-05
1896,218.84078033200058,5.8218,8.410669779444432e-05
1897,218.93848804000118,5.0105,8.40953199082716e-05
1898,219.03485769200051,5.9092,8.408323840518504e-05
1899,219.13345289400058,5.5616,8.407129658197521e-05
1900,219.22824607200164,5.8998,8.405915196407399e-05
1901,219.328144694,5.6393,8.40473636971605e-05
1902,219.42808883600082,4.596,8.403511398987654e-05
1903,219.52689532300064,5.2887,8.402279818123449e-05
1904,219.62267376400087,5.481,8.401057079666665e-05
1905,219.718968950001,5.3936,8.399874413148148e-05
1906,219.815498674001,5.6635,8.398685262469125e-05
1907,219.91100738600107,4.7106,8.397494899061713e-05
1908,220.01001076600005,5.7343,8.396312930234549e-05
1909,220.10502424200058,5.44,8.395088351827159e-05
1910,220.2054914550008,5.9233,8.393919076135784e-05
1911,220.30444044400065,6.1023,8.392682246358005e-05
1912,220.40292475600108,6.2279,8.391459503407397e-05
1913,220.50243404499997,5.5392,8.390242265061727e-05
1914,220.60039343400058,5.1191,8.389013223320968e-05
1915,220.7016259990014,5.4512,8.387803086086417e-05
1916,220.80019191800056,6.0685,8.386548976271598e-05
1917,220.89756453300106,4.9052,8.38533943214814e-05
1918,220.99589802900118,6.5198,8.384134698740722e-05
1919,221.0933607270017,6.0854,8.38292374297529e-05
1920,221.19197483500102,6.369,8.381720706703691e-05
1921,221.2903647150015,5.4334,8.380501048407394e-05
1922,221.38196467500165,6.1111,8.379286238098746e-05
1923,221.4814051100002,4.7887,8.378160358962945e-05
1924,221.57985293400088,5.3945,8.376925573395055e-05
1925,221.67735561800146,4.3098,8.375712987691337e-05
1926,221.7735734300004,5.3438,8.374510611728388e-05
1927,221.87021681100123,5.6467,8.373322260864192e-05
1928,221.96797561200037,5.9739,8.372129416679014e-05
1929,222.06500496600165,5.853,8.370925711111093e-05
1930,222.1638649180004,5.8386,8.369722963864178e-05
1931,222.26553770800092,6.492,8.368504053481462e-05
1932,222.36461105900162,6.7898,8.367237100358008e-05
1933,222.46235693800008,6.018,8.366025902543204e-05
1934,222.56069028400088,5.9847,8.364818497345673e-05
1935,222.65901259800012,5.3803,8.363604222975303e-05
1936,222.75701745100014,5.9408,8.362391075098762e-05
1937,222.85520119100147,5.3219,8.361181882839492e-05
1938,222.95303885200155,5.0605,8.359968660814811e-05
1939,223.04959879200032,5.4387,8.358758731765417e-05
1940,223.14691046700136,4.8748,8.357568895111107e-05
1941,223.2425094500013,3.9851,8.356367554407405e-05
1942,223.33831014800126,5.6317,8.355186432567886e-05
1943,223.43538548000106,5.4657,8.354002447678997e-05
1944,223.53429575600057,5.442,8.352805638962961e-05
1945,223.632192811001,6.0591,8.351585801592592e-05
1946,223.73176408000108,5.8319,8.350376600148145e-05
1947,223.83019382900056,4.94,8.34914746587654e-05
1948,223.9282929100009,5.8073,8.347932640543194e-05
1949,224.02710060400022,6.138,8.34672099448148e-05
1950,224.12219199000174,3.6141,8.34550023525925e-05
1951,224.2177037270012,4.2324,8.344324142308638e-05
1952,224.31494638000004,5.9425,8.343148086444435e-05
1953,224.41173790100038,5.215,8.341945040469135e-05
1954,224.50935286000094,6.1324,8.340750379160477e-05
1955,224.6075815840013,5.0951,8.339546790987641e-05
1956,224.70594272900053,4.7146,8.338329109753083e-05
1957,224.8051933020015,5.88,8.337121657172832e-05
1958,224.9048282470012,6.5055,8.335897135135788e-05
1959,225.0037696770014,4.8738,8.334666194567888e-05
1960,225.10169178600154,5.6122,8.333444171790105e-05
1961,225.2014672410005,5.159,8.332234936296286e-05
1962,225.2981874320012,3.9161,8.33100345850617e-05
1963,225.3947524160012,4.6561,8.329802656765412e-05
1964,225.49235057600163,4.7692,8.328614582135799e-05
1965,225.5905112950004,5.5549,8.327408059703683e-05
1966,225.69246758000008,5.3582,8.32619680444443e-05
1967,225.79320043400003,5.4849,8.324939438753085e-05
1968,225.89327744799994,6.5326,8.323699760888877e-05
1969,225.99432117200013,6.1574,8.322456580506158e-05
1970,226.09304998300104,4.026,8.321215651814805e-05
1971,226.19135776800067,4.4858,8.319995486506159e-05
1972,226.287264392,5.2885,8.318780085901223e-05
1973,226.38331593300063,4.9978,8.317596534814809e-05
1974,226.4825687800003,5.6664,8.316411032876542e-05
1975,226.5816503340011,5.6869,8.315183776012328e-05
1976,226.67915730000095,4.5482,8.313963028888871e-05
1977,226.77797607200046,5.045,8.312756939283936e-05
1978,226.87581262000094,4.7538,8.311535063888871e-05
1979,226.97370704200148,5.8697,8.310331389209863e-05
1980,227.0712212540002,5.0312,8.309122777938256e-05
1981,227.16948819500067,5.1716,8.3079196919506e-05
1982,227.2679251240006,3.8149,8.306706949654306e-05
1983,227.367034926001,5.4339,8.305489473530857e-05
1984,227.46788892300174,4.7943,8.304265834308634e-05
1985,227.57091244700132,5.5366,8.303018363629617e-05
1986,227.6709573400003,6.3398,8.301745787678994e-05
1987,227.77014627000062,4.6454,8.300515081271599e-05
1988,227.8700770660016,5.1997,8.299287005370356e-05
1989,227.9672006820001,5.5299,8.298057373580243e-05
1990,228.0643975790008,4.7605,8.296857550728385e-05
1991,228.16123412400157,6.441,8.295656852962947e-05
1992,228.2598129630005,5.629,8.29446019364197e-05
1993,228.3552215080017,1.7994,8.293245950086405e-05
1994,228.45396833300038,5.6889,8.292064114049375e-05
1995,228.55274480500157,5.7014,8.290849481172835e-05
1996,228.65172601900122,6.0453,8.289629455493811e-05
1997,228.75258224000027,5.9794,8.288408146493824e-05
1998,228.8512930800007,5.5718,8.287149218456784e-05
1999,228.9486529190017,4.4791,8.285942815839502e-05
2000,229.0477735960012,5.1891,8.284739338024686e-05
2001,229.1502163010009,5.5863,8.283518697395042e-05
2002,229.25095508600134,5.2434,8.28223970808641e-05
2003,229.34936076300073,5.6847,8.281009890839504e-05
2004,229.4475214360009,4.8889,8.279792149543196e-05
2005,229.54574675200092,4.7897,8.278577908037025e-05
2006,229.64460448400132,5.6919,8.27736861185184e-05
2007,229.74200306000057,5.9598,8.276148155617283e-05
2008,229.8387832260014,4.8515,8.27494727474074e-05
2009,229.93561241800126,4.435,8.273750384345679e-05
2010,230.0326383010015,4.7049,8.272554435395059e-05
2011,230.12897094100117,5.1555,8.27135703651851e-05
2012,230.22837309200077,5.7014,8.270167915382703e-05
2013,230.32533264000085,4.9827,8.268942759740741e-05
2014,230.42256141500002,6.1247,8.267732143679013e-05
2015,230.51875084100175,5.364,8.266543898543194e-05
2016,230.61760879900066,6.3918,8.265353740345679e-05
2017,230.71727899100006,6.0839,8.264136902814793e-05
2018,230.81584406900038,6.198,8.262906786135801e-05
2019,230.91622100200038,5.2221,8.261688240419748e-05
2020,231.01597101100015,4.7011,8.260449028617271e-05
2021,231.1146888960011,5.5983,8.259217390876523e-05
2022,231.2109674100011,4.3584,8.25800080777777e-05
2023,231.3078358360017,5.6797,8.256810045753068e-05
2024,231.40493067900024,5.1279,8.255614111234559e-05
2025,231.496392725001,5.891,8.254415815691338e-05
2026,231.59489807800128,6.1733,8.253292318481469e-05
2027,231.69375708700136,5.35,8.252071824283928e-05
2028,231.7933050340016,5.5576,8.250851297283948e-05
2029,231.89285413900143,5.1831,8.249621938456777e-05
2030,231.9892881020005,4.6528,8.248392632876543e-05
2031,232.089564367001,5.5474,8.24720062866665e-05
2032,232.1850257620008,4.1701,8.245960590827156e-05
2033,232.28311215600115,4.6642,8.244782245308626e-05
2034,232.38199407700085,5.9384,8.243575720024671e-05
2035,232.48122642100134,5.3156,8.242350256876532e-05
2036,232.57969482000044,5.6029,8.241126820222201e-05
2037,232.67713304200151,3.9031,8.239912348160493e-05
2038,232.77362616100072,5.4493,8.238709105259244e-05
2039,232.87292059600077,5.4314,8.237516853666657e-05
2040,232.97050222100006,5.4399,8.236295410839488e-05
2041,233.0677831840003,5.4966,8.235088077827157e-05
2042,233.1668291190017,5.543,8.233885963814806e-05
2043,233.26667850000013,6.1473,8.232663870222214e-05
2044,233.36452432700025,6.1568,8.231433360395049e-05
2045,233.46286711300127,4.3923,8.230225136975303e-05
2046,233.5617954920017,5.5451,8.22900763143208e-05
2047,233.66031124000074,5.4445,8.227791720802459e-05
2048,233.76003683199997,6.3716,8.226572889691346e-05
2049,233.85988322000048,6.3056,8.225342667777776e-05
2050,233.95611570500114,5.7861,8.224109574345665e-05
2051,234.0523231240004,4.6248,8.222918182123438e-05
2052,234.15045408400147,5.4592,8.221724845345666e-05
2053,234.24976266000158,5.4622,8.220520408839491e-05
2054,234.34301066600165,5.2681,8.219282448271591e-05
2055,234.43562121600007,5.7508,8.218145055012338e-05
2056,234.53387345900046,6.1457,8.217003677493807e-05
2057,234.6304268440017,5.0583,8.215786616358013e-05
2058,234.72872392800127,6.0949,8.214594254901229e-05
2059,234.82739783300167,5.6189,8.21338183898764e-05
2060,234.92548046699994,5.4541,8.212162769283932e-05
2061,235.02458721300172,4.5575,8.210952820308631e-05
2062,235.1236767930004,5.014,8.209729632074066e-05
2063,235.22094429500066,5.227,8.208505996382703e-05
2064,235.32031644200106,6.1473,8.207305962814803e-05
2065,235.41930482800126,5.5009,8.206080400864187e-05
2066,235.51764790900052,5.7752,8.20485318265431e-05
2067,235.6126972380007,5.6772,8.203640580814807e-05
2068,235.70944970900018,5.8063,8.202467051320981e-05
2069,235.8101838500006,5.8202,8.20127271856789e-05
2070,235.90896664400134,5.8375,8.200033802567901e-05
2071,236.0082838340004,4.9207,8.198812122617272e-05
2072,236.1107352630006,5.526,8.197572779185178e-05
2073,236.20983826500014,5.2359,8.196321276037037e-05
2074,236.30812661800155,4.5319,8.195085214296296e-05
2075,236.40867264000008,5.4444,8.193881414839489e-05
2076,236.504537842,4.0888,8.192642088604928e-05
2077,236.6011534950012,4.8111,8.191455828481472e-05
2078,236.69855198799996,5.3268,8.190263432407386e-05
2079,236.7933066200003,4.6629,8.189064891185169e-05
2080,236.8950268610006,4.7227,8.187891693666653e-05
2081,236.9936374830013,5.4649,8.1866359361111e-05
2082,237.09249559700038,5.7875,8.185421977530855e-05
2083,237.19143143700057,4.8626,8.184199507493826e-05
2084,237.2899033800004,4.8392,8.182977991382697e-05
2085,237.38720285900126,4.1499,8.181764006962943e-05
2086,237.48364734300048,5.3407,8.180560707370352e-05
2087,237.58228875700115,5.507,8.179368346111094e-05
2088,237.67828259600174,5.3381,8.178152573481463e-05
2089,237.7771833580009,5.8231,8.17696680638271e-05
2090,237.87647628000013,5.1935,8.175747841271588e-05
2091,237.97311195600014,5.1392,8.174520549629625e-05
2092,238.07121951299996,4.6454,8.17332973382715e-05
2093,238.1700482390006,6.137,8.172114849209866e-05
2094,238.26891326200166,5.3175,8.17089582386419e-05
2095,238.3688183130016,5.386,8.169666241777762e-05
2096,238.46118074900005,5.5994,8.168442523271586e-05
2097,238.5639180370017,5.2767,8.16730572841974e-05
2098,238.66092311900138,3.7774,8.166034736864198e-05
2099,238.75404061600057,5.5557,8.164837117777759e-05
2100,238.8539450040007,6.4598,8.163688398567894e-05
2101,238.95525754100163,4.9948,8.162454139172829e-05
2102,239.05600878900077,5.5726,8.161202789320983e-05
2103,239.1531397710005,4.4422,8.159959675950598e-05
2104,239.25686554000094,4.8884,8.158759397691343e-05
2105,239.35540802300056,5.037,8.157480587246905e-05
2106,239.4562429710004,5.9204,8.156254856456773e-05
2107,239.55567106700073,4.9154,8.15500910845679e-05
2108,239.6526223210003,4.0594,8.153791337864177e-05
2109,239.74922374200105,6.3521,8.152592940753078e-05
2110,239.84922504600036,5.8929,8.151398887901226e-05
2111,239.94870127800095,4.7346,8.15016628009875e-05
2112,240.04793542400148,4.6938,8.148934052185184e-05
2113,240.1448778060003,6.1464,8.147711910827144e-05
2114,240.24174038000092,5.2881,8.146516652469125e-05
2115,240.33909307700014,4.2919,8.145318176135783e-05
2116,240.4367488810003,4.7088,8.144118318074062e-05
2117,240.5350523750003,6.3612,8.142912112382706e-05
2118,240.6348847140016,5.2341,8.14169878237035e-05
2119,240.7312199930002,5.4352,8.140466238345665e-05
2120,240.82380545100023,6.0271,8.139275511999989e-05
2121,240.92073455300124,3.6275,8.138136920592585e-05
2122,241.01996599800077,5.5016,8.136935083283934e-05
2123,241.1190920650006,5.3786,8.135711876641959e-05
2124,241.22149882400117,5.285,8.134486855456774e-05
2125,241.31897014300012,5.3849,8.133217318691342e-05
2126,241.41098244600107,6.1126,8.132020311975299e-05
2127,241.51148027700037,5.493,8.130889510172836e-05
2128,241.61315199000092,5.5385,8.129645749753068e-05
2129,241.7101784690003,6.145,8.128390355814797e-05
2130,241.80751175600017,4.0223,8.127189297197523e-05
2131,241.90433245000168,5.5104,8.12598909725926e-05
2132,242.001119646,6.3057,8.124794112617285e-05
2133,242.09799500500048,5.9679,8.12360084093827e-05
2134,242.19868639500055,6.1094,8.122404133506167e-05
2135,242.29582961100095,5.7137,8.121160672962947e-05
2136,242.390544934,5.3267,8.119960750320972e-05
2137,242.48979519900058,4.9918,8.118784019567888e-05
2138,242.58587004100082,3.1132,8.117567288716039e-05
2139,242.68469662700045,5.4079,8.116379441345662e-05
2140,242.78240750700024,4.8879,8.115159504098762e-05
2141,242.87865136000073,6.0267,8.113952741160473e-05
2142,242.97723903000042,5.7259,8.11276562637036e-05
2143,243.0767910480008,5.8977,8.111551227654303e-05
2144,243.176590725001,5.3784,8.110313356395053e-05
2145,243.27555383900108,4.9848,8.109090268469129e-05
2146,243.37412797600155,4.8895,8.107864913098762e-05
2147,243.47127010800068,5.1357,8.106648229901224e-05
2148,243.56577922200086,4.6319,8.105447590234555e-05
2149,243.66301973300142,6.3619,8.104280908098762e-05
2150,243.7596779100004,4.0206,8.103082228518507e-05
2151,243.85544625200055,5.1647,8.101887862185164e-05
2152,243.95191681600045,4.9577,8.100704344086415e-05
2153,244.04884802500055,5.7372,8.099515645777772e-05
2154,244.14798802600126,5.6939,8.098321269876524e-05
2155,244.24718931000098,4.9809,8.097095870555553e-05
2156,244.3476760420017,5.4662,8.095870988432086e-05
2157,244.44867982800133,5.1735,8.09463210414813e-05
2158,244.5463580150008,5.351,8.09338419106172e-05
2159,244.64625265200084,6.0315,8.092173317358018e-05
2160,244.7437279450005,5.1715,8.090941349074062e-05
2161,244.83972337900013,5.5845,8.089739080765418e-05
2162,244.9367934890015,4.3686,8.088554968543206e-05
2163,245.03633296299995,4.6717,8.087357373802459e-05
2164,245.13334534100068,5.455,8.086126970876537e-05
2165,245.23181693400147,5.3798,8.084928127432081e-05
2166,245.32895953400111,5.1953,8.083713682802463e-05
2167,245.424700425001,3.3875,8.082515988925917e-05
2168,245.52284259700173,4.1037,8.081331637604937e-05
2169,245.61948741300148,4.7982,8.080105932975311e-05
2170,245.71386180700028,5.5495,8.078926486530848e-05
2171,245.81089565900038,6.2854,8.077757670061718e-05
2172,245.9062496660008,6.5557,8.07656586682716e-05
2173,246.00283547800063,4.8947,8.075385266395048e-05
2174,246.10156774100142,5.5789,8.07418091671604e-05
2175,246.19945741200172,6.2115,8.072973424543194e-05
2176,246.2970220010011,5.8359,8.071766868098761e-05
2177,246.39444343200012,5.1951,8.070563041222215e-05
2178,246.4945990260003,5.1443,8.069358471901226e-05
2179,246.5937911200017,4.6807,8.06812447399999e-05
2180,246.6913214590004,5.8554,8.066899521629621e-05
2181,246.78714382399994,5.4669,8.065695158234559e-05
2182,246.88369745400087,5.2277,8.064512763999985e-05
2183,246.98364087500158,5.7511,8.063320542061708e-05
2184,247.08474457600096,5.7396,8.062088396543195e-05
2185,247.18420883900035,5.8031,8.06083875353085e-05
2186,247.28431842800092,4.586,8.059611678740741e-05
2187,247.38033301700125,4.7276,8.058373686333317e-05
2188,247.4779624770017,5.122,8.05717633048148e-05
2189,247.57896050900126,4.7068,8.05598403539506e-05
2190,247.6774095030014,5.3779,8.054737303456775e-05
2191,247.7735219640017,5.1082,8.053521554086403e-05
2192,247.8710316350007,5.724,8.052332255864185e-05
2193,247.96779967900147,4.7091,8.051120575037023e-05
2194,248.0648256250006,5.6694,8.049936901061727e-05
2195,248.16325549000067,4.3792,8.048740538382711e-05
2196,248.26314381000157,6.9181,8.047524435765427e-05
2197,248.3622396260016,5.4705,8.046290921691342e-05
2198,248.46190927300086,5.3185,8.045067517901233e-05
2199,248.56191744100033,6.0633,8.043835878395054e-05
2200,248.65435874500145,5.1788,8.04260078580246e-05
2201,248.75368476400035,6.3339,8.041461626530859e-05
2202,248.85088613400148,5.4951,8.040232716395061e-05
2203,248.9489816430014,4.9093,8.039032144308631e-05
2204,249.04469498300023,5.6226,8.037823349864186e-05
2205,249.13621214500017,5.6765,8.036639511740725e-05
2206,249.23674299400045,4.5357,8.035515840679013e-05
2207,249.33586614500018,5.941,8.034270146283931e-05
2208,249.43845316100123,4.5819,8.033046903049368e-05
2209,249.5375657780005,5.1472,8.031778583678997e-05
2210,249.6381831130002,5.1526,8.030558020851841e-05
2211,249.73653225900125,4.5701,8.029317764740736e-05
2212,249.83260273000087,4.7121,8.0280993115679e-05
2213,249.9306500110015,5.6145,8.026913001481475e-05
2214,250.02883522500088,4.7024,8.0257033795185e-05
2215,250.12718500100164,6.0138,8.024491391481476e-05
2216,250.225856037001,3.4811,8.023277375061725e-05
2217,250.32600908700078,5.5423,8.022059564839507e-05
2218,250.42490378500042,6.0927,8.020825079641967e-05
2219,250.52336681500128,4.769,8.019600208987655e-05
2220,250.62374337200163,6.1366,8.018386149419746e-05
2221,250.7237102220006,5.3344,8.017140524086413e-05
2222,250.82307809000122,6.3397,8.015911543283932e-05
2223,250.92696941600116,5.346,8.01467232602469e-05
2224,251.02586835400143,4.8045,8.013396458506162e-05
2225,251.1239078540002,4.8559,8.012183901160488e-05
2226,251.22278652300156,5.0876,8.010971112543202e-05
2227,251.3206774900009,5.7841,8.009752263839497e-05
2228,251.41897981400143,4.376,8.00853498675308e-05
2229,251.5180315760008,6.7352,8.007329281370359e-05
2230,251.61491968100017,4.9809,8.006105018567893e-05
2231,251.71536086000015,5.7654,8.004905561358011e-05
2232,251.81300960700173,3.5448,8.003670334728375e-05
2233,251.9124003700017,5.9467,8.002461254580227e-05
2234,252.01139766400047,5.2925,8.001239371716032e-05
2235,252.11009132500112,6.0064,8.000008988679007e-05
2236,252.20881855000152,4.9299,7.998797057999999e-05
2237,252.30690545800098,5.7012,7.99757804733332e-05
2238,252.40211413200086,5.263,7.996366291530851e-05
2239,252.49839366800006,5.5213,7.995189281382701e-05
2240,252.59758599500128,5.4432,7.994000780074068e-05
2241,252.69593688900022,5.6735,7.992778708864187e-05
2242,252.794484475,5.4013,7.991563946518516e-05
2243,252.89479398000003,5.4828,7.990342980802455e-05
2244,252.990969081,5.6333,7.989109029617266e-05
2245,253.08914961700066,4.1035,7.987918450901222e-05
2246,253.18697344800057,4.3824,7.986709917024672e-05
2247,253.28517122200174,5.9723,7.985503074061719e-05
2248,253.38319290800064,5.5984,7.984292058864176e-05
2249,253.48252727800173,5.6243,7.983079174012336e-05
2250,253.58178323100037,5.7699,7.981853438345673e-05
2251,253.68002444700141,4.1556,7.980629098765417e-05
2252,253.77818951000154,5.7343,7.979414304358014e-05
2253,253.8777007860008,5.4864,7.978202112086411e-05
2254,253.97455964000073,4.4319,7.976976137999978e-05
2255,254.07511970800078,5.2956,7.975779585456778e-05
2256,254.17232887499995,5.5395,7.974540348246906e-05
2257,254.2713085940013,5.3428,7.973334242024673e-05
2258,254.36862465800004,5.118,7.972100981308638e-05
2259,254.46908821200122,5.6644,7.970911448296276e-05
2260,254.57008825699995,5.2414,7.969672668037023e-05
2261,254.67094468700088,5.2391,7.968427495555541e-05
2262,254.76985237500048,6.5841,7.967168894469137e-05
2263,254.86766608000107,5.7608,7.96595464214813e-05
2264,254.97010133600088,4.6118,7.964751841691351e-05
2265,255.06879561700043,5.3665,7.96348941749382e-05
2266,255.16854069400142,6.0844,7.96226910159259e-05
2267,255.26624016200003,5.738,7.961038252135782e-05
2268,255.36660507300076,6.0228,7.959828655827157e-05
2269,255.46801348700137,5.2691,7.95859153209876e-05
2270,255.5688720550006,4.9008,7.957340033901234e-05
2271,255.66906208,5.8182,7.956096160172821e-05
2272,255.76907372900132,4.299,7.954857358518501e-05
2273,255.86990615800096,5.2831,7.95362477512345e-05
2274,255.96691694500078,5.037,7.952379290444438e-05
2275,256.06579489600153,6.0946,7.951176253641965e-05
2276,256.16414645400073,4.3014,7.949958572629614e-05
2277,256.263509325001,5.1933,7.948747937308629e-05
2278,256.36238354800116,4.3764,7.947507551802455e-05
2279,256.4565618000015,5.5522,7.94629720762961e-05
2280,256.5547166160013,5.1563,7.94513802835801e-05
2281,256.6503633600005,5.4908,7.94392559091356e-05
2282,256.74849989500035,6.0202,7.942743046419747e-05
2283,256.8460594570006,5.0484,7.941536308555556e-05
2284,256.9442875110017,5.4992,7.940319246456776e-05
2285,257.03882124400116,2.3344,7.939114851308625e-05
2286,257.13458063000144,5.733,7.937948133802449e-05
2287,257.233695844001,5.1249,7.936765354419752e-05
2288,257.3330842260002,6.0192,7.93553969428393e-05
2289,257.4337724350007,6.0997,7.934314528111097e-05
2290,257.5336126220009,5.8252,7.933074145222202e-05
2291,257.6333063540005,5.8626,7.931829999592577e-05
2292,257.73111059300027,6.5378,7.930607895876524e-05
2293,257.83280992100117,5.579,7.929400497814798e-05
2294,257.93334568700084,5.4367,7.92814770209876e-05
2295,258.03369535100137,6.2171,7.92690782745677e-05
2296,258.13106042600157,5.4412,7.925666711765425e-05
2297,258.2297497620002,5.8471,7.924462414641964e-05
2298,258.32804580300035,5.2802,7.923242873876522e-05
2299,258.42612415500116,5.1767,7.922032229296276e-05
2300,258.5252760410003,4.9051,7.920821114111108e-05
2301,258.62283842500074,4.504,7.919596222160473e-05
2302,258.7234946630015,4.9877,7.918392205888885e-05
2303,258.8200812800005,5.8209,7.917146350913574e-05
2304,258.9177479730006,4.9427,7.915955870024688e-05
2305,259.01854779300083,6.1826,7.914751400061707e-05
2306,259.11973896900054,5.7072,7.913505672024685e-05
2307,259.21925080000074,6.1185,7.91225796688887e-05
2308,259.31950827500077,5.2324,7.911027155172835e-05
2309,259.41800104700087,5.0548,7.909791460111098e-05
2310,259.5173161750008,5.0171,7.908574696419753e-05
2311,259.620915331001,5.6357,7.907349365370352e-05
2312,259.718965692,5.557,7.906070225604934e-05
2313,259.81556486299996,5.494,7.904859467333334e-05
2314,259.91204144100084,4.8591,7.903667277999993e-05
2315,260.0137550170002,6.1265,7.902473386938266e-05
2316,260.1152471490004,5.6516,7.901222395864184e-05
2317,260.2157984500009,5.9704,7.899954116913576e-05
2318,260.31583096600116,5.6739,7.898726533308631e-05
2319,260.41237476100105,5.0041,7.897493414370359e-05
2320,260.5083721970004,4.396,7.896297038148134e-05
2321,260.60978121000153,5.4517,7.89511141764196e-05
2322,260.7092088260015,5.043,7.893864359814815e-05
2323,260.8096241530002,6.0022,7.892634148469123e-05
2324,260.9088956900014,5.4295,7.891395352259241e-05
2325,261.0045277040008,5.2076,7.890171302728386e-05
2326,261.10180653500174,4.6356,7.888987673654306e-05
2327,261.19968376900033,5.2255,7.887782711456779e-05
2328,261.2959256180002,4.3395,7.88657852014813e-05
2329,261.39271812800143,4.9573,7.885391314777758e-05
2330,261.491315655001,5.0564,7.884195720543209e-05
2331,261.58404769200024,5.9232,7.882979746975298e-05
2332,261.6822240290003,4.0694,7.88183652249382e-05
2333,261.7800611320017,5.4525,7.880617494271604e-05
2334,261.8778898110013,4.5621,7.87941543399999e-05
2335,261.9777481990004,6.2511,7.878208002172836e-05
2336,262.07585470900085,5.2974,7.876975461555543e-05
2337,262.17510305700125,5.1604,7.875762772246903e-05
2338,262.27273218100163,4.5085,7.874537745234552e-05
2339,262.3706715650005,6.0736,7.873331976938264e-05
2340,262.46998535200146,4.745,7.872122444962961e-05
2341,262.5701815520006,5.4798,7.87089356860492e-05
2342,262.6691595430002,5.5189,7.869657855827146e-05
2343,262.76644270400175,4.5993,7.86843652224691e-05
2344,262.8622762270006,4.3366,7.86723629214814e-05
2345,262.9619092410012,5.8807,7.866052418827144e-05
2346,263.06080766300147,5.4836,7.86482591962962e-05
2347,263.15897053000117,5.4483,7.863588064259243e-05
2348,263.2571825540017,5.8662,7.862390224925908e-05
2349,263.354592949001,6.0655,7.861179100876536e-05
2350,263.4522537390003,5.8437,7.859976118530853e-05
2351,263.5510275940014,5.9686,7.858771991160492e-05
2352,263.6505621360011,4.8486,7.857552774654301e-05
2353,263.7487959730006,4.7109,7.856324165814807e-05
2354,263.8446339280017,5.2951,7.855106581049364e-05
2355,263.94186048200027,4.1819,7.853925060395049e-05
2356,264.0417897290008,4.2436,7.852711995629616e-05
2357,264.1388389240001,5.3954,7.85149288071605e-05
2358,264.237332652001,5.4197,7.850296346950612e-05
2359,264.33673033300147,5.3515,7.849080139185166e-05
2360,264.4356608880007,5.9877,7.847851590456781e-05
2361,264.53345904800153,5.9313,7.846615808987634e-05
2362,264.6309095880006,4.8738,7.84542287579012e-05
2363,264.72616627500065,5.0268,7.844218246703697e-05
2364,264.82658264400015,5.7,7.843041280456789e-05
2365,264.92666751900106,4.1054,7.841804440296287e-05
2366,265.02620810700137,5.6537,7.840556019148148e-05
2367,265.12170289200003,3.4429,7.839336737382703e-05
2368,265.21362924300047,6.2658,7.838158530493825e-05
2369,265.31872968100106,5.0686,7.837019289962962e-05
2370,265.41491895800027,4.9518,7.83572810348147e-05
2371,265.516727956001,5.0988,7.834537415901224e-05
2372,265.6133581890008,4.3095,7.8332851639506e-05
2373,265.71113817400146,5.4697,7.832090570691345e-05
2374,265.8078532280015,4.9774,7.830882850728387e-05
2375,265.906588621001,5.7109,7.829682291493813e-05
2376,266.0045759520017,5.8319,7.828471214246904e-05
2377,266.100455799,4.7818,7.827260653802461e-05
2378,266.198391594,6.2057,7.826076439876533e-05
2379,266.29642527500073,6.3249,7.824866701074072e-05
2380,266.3970452420017,5.3693,7.823656481876534e-05
2381,266.4933855830004,3.5367,7.822417036716043e-05
2382,266.5923237070001,5.1877,7.821222796814793e-05
2383,266.69221331000153,5.7006,7.820005859827161e-05
2384,266.787937643001,3.1528,7.818771011641954e-05
2385,266.8846241670017,4.3429,7.817585460913562e-05
2386,266.987180903001,5.7106,7.81639425322222e-05
2387,267.0854647770011,5.3376,7.815131319246913e-05
2388,267.182753522,5.6147,7.813916084543199e-05
2389,267.2798338140001,4.5727,7.812714180197513e-05
2390,267.37844970600054,5.6866,7.811515037790112e-05
2391,267.47699250000005,5.7621,7.810298803506158e-05
2392,267.57504910400166,5.3506,7.809082576777768e-05
2393,267.67206211100165,5.1881,7.807871105814801e-05
2394,267.76892184200005,4.5691,7.806673267296283e-05
2395,267.86603022300005,4.7615,7.805474160703684e-05
2396,267.9619591010014,5.2552,7.804279156592572e-05
2397,268.0533580300016,5.8597,7.803091510358004e-05
2398,268.15085127300154,5.1526,7.801970244197519e-05
2399,268.2521163110014,5.2175,7.800758634037019e-05
2400,268.35030839400133,4.792,7.799515367740735e-05
2401,268.44938815800015,4.0343,7.79829844655554e-05
2402,268.5465459670013,6.0233,7.797077901308624e-05
2403,268.6463103260012,5.7839,7.795878437950605e-05
2404,268.74347124400083,5.1438,7.794648185345674e-05
2405,268.8404136450008,5.5617,7.793444135037022e-05
2406,268.9372076110012,5.3971,7.792249933345667e-05
2407,269.03513736900095,4.5803,7.791054307876533e-05
2408,269.13304337700174,4.9854,7.789845806024684e-05
2409,269.2314050040004,5.8042,7.788636100802453e-05
2410,269.3297894260013,5.827,7.787408387382703e-05
2411,269.43022787800146,4.7535,7.786207836185166e-05
2412,269.5270045740017,5.8561,7.784965942864195e-05
2413,269.6261776620013,4.9943,7.783769518493816e-05
2414,269.72550095299994,6.3339,7.782548010876533e-05
2415,269.82392853200145,4.0395,7.781322922493815e-05
2416,269.9278636100007,6.0633,7.780109022333313e-05
2417,270.02718905500114,5.3106,7.778825736172835e-05
2418,270.1269572990004,5.8312,7.777597362814812e-05
2419,270.227263924,5.5924,7.776366913938254e-05
2420,270.32515687900013,4.9565,7.775130669086408e-05
2421,270.4257358160012,5.5402,7.773920719444438e-05
2422,270.52149249600006,3.8844,7.772679006839503e-05
2423,270.619675205,4.8419,7.771494400703686e-05
2424,270.71612313400146,4.9041,7.77027116049381e-05
2425,270.81634923300044,5.4963,7.769092188308639e-05
2426,270.91803449500003,5.1231,7.767856873086405e-05
2427,271.0182472200013,5.3353,7.766594027074058e-05
2428,271.11856976000126,4.9871,7.765362781765429e-05
2429,271.22061357500024,5.3202,7.764126327580242e-05
2430,271.31856441700074,3.8858,7.762866043654307e-05
2431,271.41584187100125,5.3927,7.761654354925927e-05
2432,271.513854832001,5.696,7.760454238098746e-05
2433,271.61218344900044,4.991,7.759239434086407e-05
2434,271.7108879840016,5.1957,7.758030781493806e-05
2435,271.80732665899995,4.2282,7.756811980703697e-05
2436,271.900468273001,5.0824,7.755620110790107e-05
2437,271.99894789300015,4.8978,7.754472066567887e-05
2438,272.0959815540009,4.9089,7.75325522234566e-05
2439,272.19477200300025,5.1014,7.752056191987648e-05
2440,272.29162696500134,4.4042,7.750837308222203e-05
2441,272.3889249890017,5.1189,7.749642229975305e-05
2442,272.49056580700017,4.6148,7.748439426518518e-05
2443,272.58685681000134,4.901,7.747186289592585e-05
2444,272.6829992990006,5.4498,7.745996069666652e-05
2445,272.7816607420009,5.9799,7.744811119518505e-05
2446,272.87922505999995,4.9587,7.74359398834567e-05
2447,272.97625902600157,5.0822,7.742386985259258e-05
2448,273.07400262600095,5.9538,7.741189019716039e-05
2449,273.17245021000053,5.6189,7.739983636888868e-05
2450,273.2699749130006,4.4416,7.7387669652716e-05
2451,273.36582418800026,4.898,7.73756249898765e-05
2452,273.4649652980006,5.0423,7.736378234234553e-05
2453,273.564992091,5.3418,7.735158907999983e-05
2454,273.6622163050015,5.1625,7.733919812395045e-05
2455,273.7621655230014,5.5462,7.732719793777775e-05
2456,273.8604232460002,5.6104,7.73148802866665e-05
2457,273.9582943250007,4.3552,7.73027482860492e-05
2458,274.0542913820009,3.3453,7.72906544303702e-05
2459,274.15390805100105,5.9282,7.72788033703703e-05
2460,274.2522080510007,5.1562,7.72664558944443e-05
2461,274.3499157260012,5.4742,7.725436717061722e-05
2462,274.44783444600034,4.7449,7.72423128808641e-05
2463,274.5459919220011,5.0356,7.723020624185171e-05
2464,274.6467873320016,5.8661,7.721805093740728e-05
2465,274.74653566600136,5.6664,7.720565614975306e-05
2466,274.8462696990009,5.879,7.719335236432083e-05
2467,274.9432968780002,5.3922,7.71810346272839e-05
2468,275.0424962020006,5.7942,7.716903815469126e-05
2469,275.1423133840017,5.3881,7.715680852864184e-05
2470,275.242174813,6.0877,7.7144475765679e-05
2471,275.3390670280005,6.4907,7.713217239506169e-05
2472,275.4384892440012,4.9924,7.712019720037023e-05
2473,275.5358186760004,5.2578,7.710784333209867e-05
2474,275.6337542270012,5.6852,7.709591169407388e-05
2475,275.73303560800014,5.5436,7.708384011827155e-05
2476,275.828833470001,4.6015,7.707158220148129e-05
2477,275.9274250470007,5.8122,7.705970929641954e-05
2478,276.02494913900046,5.4689,7.704756145567893e-05
2479,276.1238273070012,4.9179,7.703550576975307e-05
2480,276.22425648800163,4.5964,7.70233327291357e-05
2481,276.32331997800065,5.4212,7.701077517679001e-05
2482,276.42155488000026,5.803,7.699869298086407e-05
2483,276.5175546640003,5.5488,7.698655523024679e-05
2484,276.61503172500124,5.0182,7.697472563555539e-05
2485,276.7135251610016,5.5609,7.696260131962957e-05
2486,276.8132245710003,5.9519,7.695051697283939e-05
2487,276.9085329340014,3.5812,7.693808127333313e-05
2488,277.00730224200015,5.5875,7.692642383629627e-05
2489,277.1049350380017,4.9557,7.691423936678994e-05
2490,277.2041988890014,5.5403,7.690216491308631e-05
2491,277.30362563700146,5.1648,7.68899251556789e-05
2492,277.40171941300105,3.9257,7.687763942703694e-05
2493,277.500675401001,5.0923,7.68655155074074e-05
2494,277.6007613180009,5.1538,7.685333282296295e-05
2495,277.6982654780004,3.6063,7.684097216246907e-05
2496,277.7995765270007,5.4928,7.68289297161728e-05
2497,277.89736868600085,5.8274,7.68164354814813e-05
2498,277.99853231900124,5.7657,7.680435274123446e-05
2499,278.09656538000127,5.2886,7.679171130592587e-05
2500,278.19364732600116,4.8479,7.677969457851838e-05
2501,278.2919990520004,6.3118,7.676775862160484e-05
2502,278.38837939900077,5.313,7.67556445570369e-05
2503,278.4851153620002,4.006,7.674369735987641e-05
2504,278.58286274700004,5.4154,7.673177580604929e-05
2505,278.68228484200154,5.9285,7.671971839493819e-05
2506,278.7793053610003,6.7253,7.670731911839495e-05
2507,278.87528970900166,5.3639,7.669547004506159e-05
2508,278.9729943520015,5.5922,7.668362522839496e-05
2509,279.068674862001,5.6813,7.667156785246896e-05
2510,279.1649161590012,4.3338,7.665972777691355e-05
2511,279.26139984100155,5.6571,7.664786204864194e-05
2512,279.3590111760004,5.1671,7.663596593851837e-05
2513,279.4558761870012,5.3364,7.662392841802451e-05
2514,279.55206433900094,4.8343,7.661192966555546e-05
2515,279.6505941760006,6.4397,7.660006205271584e-05
2516,279.7509645120008,5.0105,7.658788744592591e-05
2517,279.8427408660009,5.7623,7.657551043530857e-05
2518,279.9365675480003,5.7797,7.656421208432086e-05
2519,280.036464701001,6.2227,7.655259870370365e-05
2520,280.1379535750002,6.0239,7.654026574950619e-05
2521,280.2291359310002,5.6319,7.652773715185179e-05
2522,280.33017251300043,4.8308,7.651653300098755e-05
2523,280.4288213870004,4.8149,7.650401977888881e-05
2524,280.525863629,5.4596,7.649177214222202e-05
2525,280.62225213700003,5.9149,7.647982917481465e-05
2526,280.7204797400009,5.5949,7.646793549567901e-05
2527,280.81937657300114,5.6914,7.645581974111091e-05
2528,280.9166520840008,5.1489,7.644359273481472e-05
2529,281.01900746900174,5.0257,7.643159497716041e-05
2530,281.1149765100017,4.3111,7.641897112851843e-05
2531,281.2157892130017,5.8248,7.640708751333332e-05
2532,281.3201145210005,6.2998,7.639454838876528e-05
2533,281.41889944300056,4.1602,7.638181805913574e-05
2534,281.51842207900154,5.6943,7.636958623049362e-05
2535,281.61716893800076,5.1742,7.635729698864182e-05
2536,281.716106459,5.6381,7.634512054901236e-05
2537,281.81693414800066,5.2191,7.633290123654302e-05
2538,281.91358589500123,4.893,7.632044962790121e-05
2539,282.01150691800103,6.0117,7.630853703925913e-05
2540,282.10848823800006,5.3891,7.629645630271602e-05
2541,282.20508593400154,4.4033,7.628446385271606e-05
2542,282.30362326700015,5.4466,7.627252633555538e-05
2543,282.4032273770008,5.1376,7.626037413703694e-05
2544,282.50017113000104,4.9055,7.624809675395048e-05
2545,282.5969959810009,4.9429,7.623609641802467e-05
2546,282.6939243180004,3.5778,7.622416696185184e-05
2547,282.7907280320014,5.668,7.621219485827147e-05
2548,282.88918148000084,5.441,7.620023766913563e-05
2549,282.9889693040004,5.5108,7.618807639444438e-05
2550,283.08944176600016,5.0761,7.61757920167901e-05
2551,283.18486639600087,5.9518,7.616336080209856e-05
2552,283.2806545980002,5.4298,7.615156887962942e-05
2553,283.37973960600175,5.7169,7.613974732592578e-05
2554,283.4792575570009,4.316,7.612751774444428e-05
2555,283.57946123200054,5.0298,7.61152408981481e-05
2556,283.67856749400016,5.6747,7.610284584246894e-05
2557,283.7785764520013,5.1074,7.609062572851852e-05
2558,283.877662506,5.1987,7.607827272259256e-05
2559,283.9772074820012,5.0617,7.606604593197528e-05
2560,284.07521519400143,4.4255,7.605376147185185e-05
2561,284.17392836900035,5.4754,7.604166138345663e-05
2562,284.2744747020006,4.6137,7.602946991345663e-05
2563,284.37274790500123,4.1488,7.601707385641975e-05
2564,284.4742212230012,6.1288,7.600489484271592e-05
2565,284.57423182599996,5.1959,7.599239270148135e-05
2566,284.6744410730007,5.4921,7.598003118851831e-05
2567,284.7714668690005,5.0996,7.596766989123443e-05
2568,284.87130768600036,5.0264,7.595568668358024e-05
2569,284.9708352930011,5.5021,7.594337809555541e-05
2570,285.07078794800145,5.6341,7.593108099962963e-05
2571,285.16791237800135,4.9108,7.591875815716036e-05
2572,285.26670483600174,4.4534,7.590676457024686e-05
2573,285.36608352300027,5.528,7.589452949061726e-05
2574,285.46374376900167,4.8115,7.588230247234561e-05
2575,285.56366756600073,5.5342,7.587007006123454e-05
2576,285.6608978230015,5.4365,7.585788753234558e-05
2577,285.7594205690002,5.5424,7.584589614950605e-05
2578,285.85845891700046,6.3467,7.583373820851845e-05
2579,285.9557757880011,4.3286,7.582153131592574e-05
2580,286.05434416800017,5.4036,7.580936787703684e-05
2581,286.15491055500024,5.7557,7.579731447876525e-05
2582,286.25444972900004,5.9286,7.57849340955554e-05
2583,286.3533709830008,4.9959,7.577260230395041e-05
2584,286.4508964180004,5.4111,7.576039930814793e-05
2585,286.5500030760013,4.1049,7.574833890876534e-05
2586,286.6496805880015,5.2459,7.573605715407403e-05
2587,286.747686353001,5.2891,7.57238312904937e-05
2588,286.846836480001,5.1581,7.57117339575308e-05
2589,286.94443987500017,4.2386,7.56994961835802e-05
2590,287.04000761300085,5.0568,7.568743873518498e-05
2591,287.13905166900076,4.8372,7.567561161999981e-05
2592,287.2360831550013,5.3293,7.566342208728393e-05
2593,287.33304756000143,5.5411,7.565143369185176e-05
2594,287.4312140430011,6.2997,7.563946502419752e-05
2595,287.52948943000047,5.0275,7.562733175148143e-05
2596,287.62773196000126,6.027,7.561521976024677e-05
2597,287.7272470800017,5.7882,7.560305054135802e-05
2598,287.8278748040011,5.8713,7.559079461358012e-05
2599,287.92669646800096,5.0466,7.55783782188887e-05
2600,288.02543569200134,4.7169,7.556618983703685e-05
2601,288.1226485700008,4.4604,7.555399007049369e-05
2602,288.22063488300046,4.9053,7.554198432654305e-05
2603,288.31836133900106,5.3693,7.552987772703686e-05
2604,288.41666164600065,4.9822,7.55178229755555e-05
2605,288.5164503340002,5.8188,7.55056575118518e-05
2606,288.6133526780013,4.4323,7.549335606888876e-05
2607,288.71143037100046,5.5895,7.548138385962959e-05
2608,288.81328235800174,6.047,7.546927781345661e-05
2609,288.9139011690004,5.1449,7.545673897604929e-05
2610,289.01236376400084,3.9086,7.544427995567894e-05
2611,289.1119042220016,6.0981,7.54321351661727e-05
2612,289.2109159010015,4.2979,7.54198523045677e-05
2613,289.30828886900053,4.9594,7.540760826728393e-05
2614,289.40615971700026,5.2536,7.539559328160483e-05
2615,289.5039776500016,5.5155,7.53835059254321e-05
2616,289.6012926760013,4.9993,7.537144542629612e-05
2617,289.69850298300116,5.0789,7.535944151185179e-05
2618,289.79658931000085,4.9191,7.534743011395054e-05
2619,289.8879447290001,6.0496,7.533532507679007e-05
2620,289.98608196400164,6.1551,7.532407894209865e-05
2621,290.08576835400163,5.3682,7.531194745259244e-05
2622,290.1869529220003,5.677,7.529957849703688e-05
2623,290.2853915290016,5.2933,7.528713304197515e-05
2624,290.38345113000105,5.9136,7.527490873876527e-05
2625,290.4841908030012,5.1339,7.5262858691111e-05
2626,290.5824000780012,5.1829,7.525041419679007e-05
2627,290.68145638400165,5.8893,7.523825040432083e-05
2628,290.7778440000002,5.0747,7.522607559913574e-05
2629,290.87596649700026,5.3227,7.5214155319753e-05
2630,290.9719398420002,2.931,7.520204781481476e-05
2631,291.0702907440009,5.9592,7.5190201823827e-05
2632,291.1616838460013,5.6025,7.51780498677776e-05
2633,291.2613842180017,5.3419,7.516682848049384e-05
2634,291.35995224399994,5.8445,7.515450562024673e-05
2635,291.4589194500004,5.6229,7.514221146654305e-05
2636,291.55667901000015,4.664,7.513008637555552e-05
2637,291.65519230800055,4.5147,7.511800973678997e-05
2638,291.7517298900002,5.0631,7.510585396802469e-05
2639,291.8494959970012,5.5481,7.509388827728383e-05
2640,291.94833331300106,5.5857,7.508189120481477e-05
2641,292.050485998001,5.6226,7.506966920234554e-05
2642,292.1500437100003,6.1122,7.505694361962959e-05
2643,292.24905085499995,3.387,7.504477712827142e-05
2644,292.347933467001,5.5855,7.503255525456777e-05
2645,292.44916711100086,5.4754,7.502034476962954e-05
2646,292.5489682410007,5.3888,7.500773420246893e-05
2647,292.6502721370016,4.5065,7.499536702975295e-05
2648,292.74835463400086,4.1629,7.498300322839503e-05
2649,292.84484660400085,4.5693,7.49709037844444e-05
2650,292.9408386670002,4.5706,7.495897834888874e-05
2651,293.0389068630011,3.5164,7.494713800777773e-05
2652,293.1382649060015,4.945,7.493501919629619e-05
2653,293.23645892900095,4.8272,7.492265345308625e-05
2654,293.33150434100025,4.4857,7.491063607679e-05
2655,293.4325241830011,5.3985,7.489888793160491e-05
2656,293.5311191260007,5.0304,7.48864265276542e-05
2657,293.6298474280011,5.0652,7.48742205581481e-05
2658,293.72962305500005,5.0754,7.486208556604933e-05
2659,293.8265342950017,5.3437,7.484976128370352e-05
2660,293.92550341100105,5.1778,7.483778554913578e-05
2661,294.0235502120013,4.2445,7.48255933411109e-05
2662,294.1232739720017,6.0129,7.481347887753079e-05
2663,294.22030936400006,5.9771,7.480115586308638e-05
2664,294.3209909370016,6.1247,7.47891724735802e-05
2665,294.419508803001,4.9298,7.477676075604927e-05
2666,294.5183507950005,5.0505,7.476457122246903e-05
2667,294.6103779740006,6.5805,7.475237882814799e-05
2668,294.70940382000117,5.424,7.474104853333312e-05
2669,294.80877907600006,5.0894,7.47287918541974e-05
2670,294.9068785470008,4.8683,7.471651944629623e-05
2671,295.0067919490011,4.9742,7.470442251753075e-05
2672,295.1018064660002,4.8015,7.469206479074071e-05
2673,295.20121315300094,5.3401,7.468034865814799e-05
2674,295.3002690000012,5.6251,7.4668102607037e-05
2675,295.3969163890015,5.2548,7.465584799259258e-05
2676,295.49567555700014,5.5508,7.464388577728383e-05
2677,295.594363866001,5.6656,7.463172212728391e-05
2678,295.6911908330003,4.7067,7.461954382320982e-05
2679,295.78741956500016,3.5498,7.460759020716046e-05
2680,295.88562240600004,5.6243,7.45956896345679e-05
2681,295.9849862130013,5.6536,7.458360222567884e-05
2682,296.08190407300026,5.9536,7.457131885456774e-05
2683,296.17849016200125,5.0998,7.455931002641974e-05
2684,296.27996279500076,5.2698,7.454737841851831e-05
2685,296.37868879800044,6.1773,7.45347586295061e-05
2686,296.4769614550005,5.4251,7.452270839629628e-05
2687,296.57207504000144,5.3903,7.45105711534566e-05
2688,296.66937922300167,4.8648,7.449880546148142e-05
2689,296.7653254320012,5.5056,7.448681987592571e-05
2690,296.8609041380005,5.1389,7.44749735391357e-05
2691,296.95918748700024,3.579,7.446318581506166e-05
2692,297.05868050700155,5.3147,7.445105517518518e-05
2693,297.15849789800086,5.4295,7.44387561469135e-05
2694,297.25635363900074,5.1549,7.442637416493816e-05
2695,297.35477852000076,5.3345,7.441434282308624e-05
2696,297.45347293300074,6.1256,7.440219603839496e-05
2697,297.5514784140014,6.0215,7.439002373419745e-05
2698,297.646485665,5.3108,7.437784669617278e-05
2699,297.7448583860005,4.6421,7.43661729849382e-05
2700,297.8425822200006,4.5789,7.435405715074057e-05
2701,297.93852143500044,4.7388,7.43418459871603e-05
2702,298.0353899620004,4.2984,7.433012073148145e-05
2703,298.1315589240003,3.7722,7.431817773740723e-05
2704,298.23018126700117,5.319,7.430630255135793e-05
2705,298.32672179400106,4.9806,7.429415413925906e-05
2706,298.425804849001,5.1293,7.428217562629616e-05
2707,298.52437083300174,5.6082,7.426999057530855e-05
2708,298.6244212490001,5.924,7.425771463679004e-05
2709,298.7209739530008,5.5511,7.424545290012337e-05
2710,298.8179949230016,4.4271,7.423351914666646e-05
2711,298.9159135130012,5.1967,7.422156703604932e-05
2712,299.0146525020009,4.99,7.420948644913563e-05
2713,299.1124878340015,5.2906,7.41972757603702e-05
2714,299.2121187520006,5.3661,7.41851902722221e-05
2715,299.3098959660001,5.3693,7.417291590419749e-05
2716,299.4092617280003,5.1073,7.416084256370371e-05
2717,299.50518236300013,4.7094,7.414857810308626e-05
2718,299.60549524100134,5.4878,7.413672154728386e-05
2719,299.7056726180017,6.0651,7.412422025469115e-05
2720,299.80395640000097,4.7815,7.411198014654305e-05
2721,299.9013687690003,5.4068,7.409982418839494e-05
2722,300.00330566200137,5.303,7.408781540728375e-05
2723,300.10214402100064,4.4972,7.407518360950606e-05
2724,300.20237151900074,3.4995,7.406301025481478e-05
2725,300.3043762090001,6.008,7.405052210419753e-05
2726,300.4026150770005,5.2808,7.403806483703698e-05
2727,300.50080135700046,4.84,7.402594663061712e-05
2728,300.5977440070001,5.5869,7.401381177148132e-05
2729,300.6978286530011,5.9085,7.400183082444427e-05
2730,300.7980829090011,4.9521,7.398949605641974e-05
2731,300.89919282900155,5.9584,7.397704642740723e-05
2732,301.00011939900105,5.8896,7.396464787061722e-05
2733,301.1000361440001,5.6365,7.395218665987642e-05
2734,301.19871283000066,5.4293,7.393982623246898e-05
2735,301.2982116940002,5.3327,7.39276344343208e-05
2736,301.39668271100163,5.7412,7.391535861938263e-05
2737,301.49454190100005,5.6334,7.390319217975295e-05
2738,301.5960068480017,4.8565,7.389110651333335e-05
2739,301.6980849210013,5.4977,7.387859099382694e-05
2740,301.79807374100164,5.6699,7.38658809766666e-05
2741,301.89734650800165,5.6652,7.385354145975298e-05
2742,301.994985587,6.2337,7.384139786123454e-05
2743,302.0965000800006,5.4775,7.382921018506166e-05
2744,302.1951171820001,6.213,7.381683803679007e-05
2745,302.2940996720008,6.1822,7.380466646950605e-05
2746,302.3910764890006,4.6603,7.37924286464196e-05
2747,302.48827839300066,5.4025,7.37804325144444e-05
2748,302.5851882620009,4.5302,7.376842962148142e-05
2749,302.68577614600144,5.0866,7.375645788740741e-05
2750,302.78392802300004,4.9452,7.374399515370358e-05
2751,302.881954591001,4.5416,7.373195147938263e-05
2752,302.97900803000084,5.2375,7.371984662864184e-05
2753,303.0741083640005,4.5866,7.370783511827158e-05
2754,303.1692963690002,6.0194,7.369608449382708e-05
2755,303.2642780490005,5.0671,7.368436875320972e-05
2756,303.3616759560009,5.5041,7.367262974419735e-05
2757,303.45821172700016,4.9547,7.366058818629617e-05
2758,303.55421006899996,4.696,7.364869889209858e-05
2759,303.65318661700076,6.0303,7.363682123641973e-05
2760,303.7521708070017,5.4878,7.362464400839487e-05
2761,303.84939560900057,4.9125,7.361240356802452e-05
2762,303.94570144300087,5.5666,7.36003951696296e-05
2763,304.04287238800134,5.0836,7.358851059135788e-05
2764,304.14200668100057,5.1931,7.35765357732098e-05
2765,304.23804435700004,6.0297,7.356427883037023e-05
2766,304.33470477800074,4.7208,7.355242656617285e-05
2767,304.43405196300046,4.4554,7.354048034358018e-05
2768,304.5330091220003,5.0827,7.352820512814813e-05
2769,304.6311549590009,4.8847,7.351588399679005e-05
2770,304.72811767700114,5.6602,7.350389216950606e-05
2771,304.82635578900044,5.5294,7.349191222876538e-05
2772,304.92495488200075,4.8761,7.347976050358009e-05
2773,305.024327653,5.088,7.346760464320983e-05
2774,305.1229334080017,5.1335,7.345535085839504e-05
2775,305.2199580760007,5.2672,7.344306882444439e-05
2776,305.32024415700107,5.8481,7.343118071703698e-05
2777,305.41920328000015,5.8767,7.34188225109875e-05
2778,305.51898815999994,5.6709,7.34065888661727e-05
2779,305.61835419199997,6.2036,7.339428734024689e-05
2780,305.7150216560003,5.2378,7.338203462358015e-05
2781,305.814725264001,4.8328,7.337006893123455e-05
2782,305.9154223250007,5.7791,7.335777828185168e-05
2783,306.01554199300153,5.8515,7.334534883839499e-05
2784,306.11483044600027,4.9767,7.333298162802456e-05
2785,306.2139579520008,5.7411,7.332072385370362e-05
2786,306.3116207260009,5.4957,7.33084706174073e-05
2787,306.4121737990008,5.095,7.329642593024677e-05
2788,306.5096352240016,5.4627,7.32840221974072e-05
2789,306.6063198990014,5.5027,7.32719815672838e-05
2790,306.70730743400054,4.6223,7.326002896604931e-05
2791,306.80669136899996,5.3672,7.324759210135795e-05
2792,306.90414988700104,4.6686,7.323531144802451e-05
2793,307.0035937020002,5.0728,7.322325808790118e-05
2794,307.1014837370003,4.2806,7.321091628666654e-05
2795,307.20148376200086,5.583,7.319890553345668e-05
2796,307.3000780910006,5.6901,7.318656064987645e-05
2797,307.39866732300106,5.9397,7.317438965802456e-05
2798,307.49870582400035,5.3018,7.316221000580244e-05
2799,307.59686278700065,5.1399,7.314987563493807e-05
2800,307.6943767310004,5.6682,7.313775332246897e-05
2801,307.7943775310014,4.2961,7.312571805123456e-05
2802,307.8941268710005,4.5575,7.311334364790117e-05
2803,307.9944275020007,5.0367,7.310106215567902e-05
2804,308.0920766090003,5.8352,7.308866997864198e-05
2805,308.1912193340013,5.279,7.307660770506164e-05
2806,308.2860815040003,5.1221,7.30643260775307e-05
2807,308.3844359480008,5.8355,7.305265019716045e-05
2808,308.48080670200034,4.4246,7.30405119366665e-05
2809,308.5776337370007,5.9263,7.302860419185171e-05
2810,308.67474819700146,5.1885,7.301667567111103e-05
2811,308.77347718000055,5.2478,7.300469431493812e-05
2812,308.87184517700007,5.684,7.299249592802454e-05
2813,308.9689024220006,4.3529,7.298033714888884e-05
2814,309.067059342,5.2275,7.296836724012333e-05
2815,309.16710450200117,4.8832,7.295609842086412e-05
2816,309.26751095300096,5.1745,7.294387217209863e-05
2817,309.3651365370006,5.5139,7.293150711851833e-05
2818,309.46419158500066,4.0379,7.291944073506167e-05
2819,309.5634569110007,4.6778,7.290718662753073e-05
2820,309.6629716940006,4.4487,7.289479983950604e-05
2821,309.76111066200065,5.6154,7.288268802814811e-05
2822,309.8577534570013,4.6159,7.287058376555555e-05
2823,309.95554033400003,5.0741,7.285861714777773e-05
2824,310.0559653320015,5.5535,7.284655715592579e-05
2825,310.1575750160009,5.4633,7.283416657086401e-05
2826,310.2556932820007,5.8339,7.282160823296283e-05
2827,310.3550452470008,4.5932,7.280952198481469e-05
2828,310.4530995990008,4.7797,7.279725828666662e-05
2829,310.54974492900146,4.1477,7.278512947296276e-05
2830,310.64614431800146,5.5659,7.277320373271603e-05
2831,310.7467971170008,5.6803,7.276129443925926e-05
2832,310.8462531670011,5.3498,7.274885149172832e-05
2833,310.943770156,4.6504,7.273657641333334e-05
2834,311.0436439090008,5.532,7.272456261740736e-05
2835,311.1444456980007,5.602,7.27122286781481e-05
2836,311.24374261699995,4.3266,7.269978367851842e-05
2837,311.3421771230005,5.5983,7.268750900148143e-05
2838,311.4406487940014,4.9902,7.267535515518516e-05
2839,311.540530409,4.8049,7.266318248666654e-05
2840,311.63832605100106,4.9996,7.265073195358015e-05
2841,311.73541461100103,5.5159,7.263879804358012e-05
2842,311.8347239980012,6.2338,7.262681951172825e-05
2843,311.9360926770005,5.2006,7.261444572913576e-05
2844,312.03510905000076,5.2915,7.260203909283945e-05
2845,312.1388741640003,6.3682,7.258982404246913e-05
2846,312.23627901000145,4.1757,7.257701499765433e-05
2847,312.33824462900157,4.6025,7.256493329197523e-05
2848,312.43355072600025,5.7414,7.255234950024681e-05
2849,312.5304353500014,4.2171,7.254061729283938e-05
2850,312.62893883200013,5.1186,7.252865623604925e-05
2851,312.72832145600114,5.4083,7.251652406456776e-05
2852,312.82928384800107,5.0871,7.250425688271589e-05
2853,312.92637761600054,5.2301,7.249178852753086e-05
2854,313.0243266760008,4.5218,7.247978985469133e-05
2855,313.12269126200044,6.195,7.246760877641969e-05
2856,313.22035045900157,4.5494,7.245553962456783e-05
2857,313.3184673820015,5.1699,7.244347943580242e-05
2858,313.41814338400036,5.9096,7.243136950123442e-05
2859,313.51623461300005,6.1327,7.24190729404937e-05
2860,313.6139792940012,5.4205,7.240682044012346e-05
2861,313.7120466330016,6.0036,7.239490889950604e-05
2862,313.8143369040008,5.2897,7.238273384802462e-05
2863,313.9126987670006,5.4172,7.23701756786418e-05
2864,314.0118381910015,6.067,7.23580153860492e-05
2865,314.1104223580005,4.6983,7.23456546962961e-05
2866,314.2095852830007,4.3348,7.233359268740722e-05
2867,314.30662276800103,3.896,7.232133216666647e-05
2868,314.40680316399994,5.7494,7.230937868234564e-05
2869,314.4999001190008,5.7981,7.229699248654301e-05
2870,314.59773604100155,5.5783,7.228553489851845e-05
2871,314.69469392500105,4.369,7.227342140333327e-05
2872,314.7922587580015,4.9939,7.226147752432093e-05
2873,314.8903145630011,5.5628,7.224930509888869e-05
2874,314.9880108290017,4.8104,7.223735307148135e-05
2875,315.0874561030014,4.0769,7.222524802469123e-05
2876,315.1831326500014,4.8903,7.22129977954321e-05
2877,315.2810501950007,4.9803,7.220111247716043e-05
2878,315.3805999940014,4.7765,7.218909709197514e-05
2879,315.4747247150008,4.9461,7.217679974740721e-05
2880,315.5746775020016,4.5599,7.216510576839488e-05
2881,315.6745869290007,5.7129,7.215281677160476e-05
2882,315.77519057500103,4.9075,7.214050234197517e-05
2883,315.87624267200044,6.4748,7.21279562860492e-05
2884,315.97382521800137,5.0129,7.211559486061729e-05
2885,316.0751061390001,5.4398,7.210356737555557e-05
2886,316.1756899030006,5.5712,7.209104232333316e-05
2887,316.2756919530002,3.5683,7.207849518098747e-05
2888,316.3728769600002,5.0816,7.206626392654303e-05
2889,316.471860777001,5.5115,7.205427036604934e-05
2890,316.57109215200035,5.1112,7.20420451907407e-05
2891,316.6717286030016,6.6758,7.202981718617279e-05
2892,316.7723757060012,4.1681,7.2017399467037e-05
2893,316.8700806760007,5.9386,7.200495664888876e-05
2894,316.9695978740001,4.9936,7.199288440358021e-05
2895,317.06792058200153,5.1412,7.198062848345665e-05
2896,317.1684981310009,4.4031,7.19684703459259e-05
2897,317.26935151900034,6.0527,7.195604742407397e-05
2898,317.36836899100126,5.0787,7.194360993790107e-05
2899,317.46714755800167,5.7283,7.193138793592588e-05
2900,317.5635834520017,4.9768,7.191917328530856e-05
2901,317.66149724700153,5.6503,7.190727476679002e-05
2902,317.7606891300002,4.7346,7.189520021271592e-05
2903,317.8598385150017,4.4198,7.18829450782716e-05
2904,317.9595326860017,4.866,7.187070833740726e-05
2905,318.0557485930003,4.4356,7.185840803148148e-05
2906,318.15202242800115,6.126,7.184652847518504e-05
2907,318.2524580950012,6.1426,7.183464214691345e-05
2908,318.34956144900025,4.9277,7.182225297185163e-05
2909,318.4480062780003,6.0255,7.181023675950605e-05
2910,318.5476222840007,4.8464,7.179809454950598e-05
2911,318.64731560700056,5.5577,7.178582852061718e-05
2912,318.7433465870017,3.9583,7.17734948028394e-05
2913,318.8412090290003,5.4535,7.176163604296282e-05
2914,318.9409251880006,5.8364,7.174951539728378e-05
2915,319.03744668700165,5.2736,7.173727436777757e-05
2916,319.1352564000008,6.2117,7.172533565999986e-05
2917,319.2324605320009,4.8295,7.171326766234549e-05
2918,319.33204175100036,5.331,7.170121608506173e-05
2919,319.43209789400134,5.8698,7.168896181135782e-05
2920,319.53085926900167,5.2981,7.167661322679012e-05
2921,319.6309792410011,5.8507,7.166443034481464e-05
2922,319.72727330700036,4.3452,7.165209259604923e-05
2923,319.8241499240012,5.4849,7.164010897641955e-05
2924,319.92239469000015,5.9345,7.162819028222208e-05
2925,320.0147489660012,5.8582,7.161607601555542e-05
2926,320.11232241900143,5.0698,7.160471596123449e-05
2927,320.21127342800173,4.8916,7.159260339012331e-05
2928,320.31013618900033,3.3352,7.158039601037021e-05
2929,320.4094724790011,4.7039,7.156820435370371e-05
2930,320.50116717200035,5.8635,7.155596993444429e-05
2931,320.5997422270011,4.1398,7.154466710234565e-05
2932,320.6953418390003,4.5879,7.153243706592594e-05
2933,320.7947485070017,5.4612,7.152064502567882e-05
2934,320.8942405200014,5.2107,7.150838958740736e-05
2935,320.99053756600006,4.264,7.149610853395059e-05
2936,321.0883781720004,6.1568,7.148420476925912e-05
2937,321.1875237200002,4.855,7.147213981814814e-05
2938,321.28507149600046,4.9065,7.145987200827155e-05
2939,321.3867246830014,4.8589,7.144784649567882e-05
2940,321.4852375770006,5.5223,7.143530251209873e-05
2941,321.5837368400007,4.8418,7.142310562691358e-05
2942,321.68524747800075,5.3027,7.141096694543206e-05
2943,321.78457843900105,4.7973,7.139844168481478e-05
2944,321.88390016500125,4.7018,7.138617358185182e-05
2945,321.97957706300076,4.131,7.137393065827147e-05
2946,322.07884999400085,5.4801,7.136209249135783e-05
2947,322.17391199100166,5.2137,7.134985189283938e-05
2948,322.2719014780014,5.0351,7.133809734740737e-05
2949,322.3695708340001,4.907,7.132602419222212e-05
2950,322.46811911700024,5.2124,7.13139473425926e-05
2951,322.5667062290013,4.7084,7.130179460185182e-05
2952,322.66353414900004,5.296,7.128961214333326e-05
2953,322.76075411700003,5.4306,7.127762569469135e-05
2954,322.85877844600145,4.8876,7.126566880049364e-05
2955,322.95766765900044,4.3606,7.125353312950604e-05
2956,323.0560182450008,3.813,7.1241374536543e-05
2957,323.15639010199993,5.2449,7.122919122259259e-05
2958,323.2564971230004,5.7296,7.1216836419753e-05
2959,323.3546733530002,5.4776,7.12044713180245e-05
2960,323.45351870500053,4.7,7.119234141975292e-05
2961,323.5521433460017,5.4125,7.118015356222208e-05
2962,323.6514315830009,4.5727,7.11679438286419e-05
2963,323.74973671000043,5.8413,7.115567746629619e-05
2964,323.8510220600001,5.6195,7.114356926123454e-05
2965,323.95368487700034,4.6439,7.113092684777762e-05
2966,324.0517645980017,5.6807,7.111839544086409e-05
2967,324.15127162300087,5.6914,7.110628557395059e-05
2968,324.2482586640017,4.6384,7.109401661790114e-05
2969,324.34487166100007,5.4385,7.108202334901235e-05
2970,324.4431696880001,4.1292,7.107010208555545e-05
2971,324.54145830500056,4.2587,7.105798672888879e-05
2972,324.6394680100002,5.4267,7.104582444543206e-05
2973,324.7305939120015,5.8324,7.10337276732097e-05
2974,324.8295933900008,3.7949,7.102251379148135e-05
2975,324.9273090400002,5.0613,7.101024203716036e-05
2976,325.02552776500124,4.2416,7.099808440617279e-05
2977,325.1239245350007,4.5341,7.098594765543196e-05
2978,325.22317914199994,5.0461,7.097391696506163e-05
2979,325.3177420360007,2.5671,7.096162674234563e-05
2980,325.4148689960002,3.3374,7.094995375246902e-05
2981,325.5148254730011,5.3519,7.093798714580233e-05
2982,325.6158014740013,5.7975,7.092565105271586e-05
2983,325.71528793000107,4.7332,7.091319770765421e-05
2984,325.8142722020002,4.8598,7.09009274246913e-05
2985,325.9151481500012,4.9584,7.088862675888878e-05
2986,326.01607598300143,5.7128,7.08762474918517e-05
2987,326.1145993950013,4.3725,7.086378170999996e-05
2988,326.2146362470012,5.5257,7.085160248839505e-05
2989,326.3120278210008,4.7619,7.083922217283948e-05
2990,326.40956435000044,4.3234,7.082723324716046e-05
2991,326.50248904300133,5.4685,7.081520891753085e-05
2992,326.60176276700076,5.5168,7.080375850222211e-05
2993,326.6984499070004,5.278,7.079147486246897e-05
2994,326.7948758500006,4.8393,7.077953506888886e-05
2995,326.89040343300076,4.9246,7.07676480262961e-05
2996,326.98651703500036,5.5306,7.075582268395055e-05
2997,327.08355132200086,5.555,7.074396439283944e-05
2998,327.1837353490009,4.8882,7.073193544901221e-05
2999,327.28136696600086,5.9731,7.071963917296289e-05
3000,327.3817571890013,4.9274,7.070757699827156e-05
3001,327.47428079600104,5.3262,7.069517079246897e-05
3002,327.5750769890001,5.2796,7.068377037580236e-05
3003,327.6743178800007,4.6832,7.067130215901233e-05
3004,327.77496418600094,5.4735,7.065905317740724e-05
3005,327.8736105700009,5.1308,7.064649267086399e-05
3006,327.9699278570006,4.625,7.063444929839489e-05
3007,328.06927053800064,5.1484,7.06225535318517e-05
3008,328.16797015500015,5.0147,7.061029653851834e-05
3009,328.2668716570006,5.2522,7.059811238987635e-05
3010,328.3684993470015,5.2756,7.058590555913579e-05
3011,328.4695730100011,6.0791,7.057336494222213e-05
3012,328.56672850400173,4.4205,7.056090346407394e-05
3013,328.666696798,5.5037,7.054886684641975e-05
3014,328.7653676450009,6.0591,7.053655554999986e-05
3015,328.8628311580014,5.5689,7.052434947296296e-05
3016,328.9633431320017,5.707,7.051230433864184e-05
3017,329.06027873900166,6.0437,7.04999037899998e-05
3018,329.15938478000135,4.6479,7.048790846567881e-05
3019,329.25900850700054,5.3837,7.047572542938252e-05
3020,329.3594596820003,5.3031,7.04634169044443e-05
3021,329.4576370930008,4.4229,7.045098048765413e-05
3022,329.5560325890001,5.1161,7.043888664777765e-05
3023,329.65831485200033,4.0602,7.042664244049382e-05
3024,329.7541128740013,4.8553,7.04141027762963e-05
3025,329.85145328900035,5.9417,7.040228254888877e-05
3026,329.9483332260006,4.2378,7.039026712864187e-05
3027,330.0458058180011,3.7455,7.037830651851852e-05
3028,330.1445001890006,4.6757,7.036625339888872e-05
3029,330.24713116300154,4.3193,7.035408041444443e-05
3030,330.34565248200124,4.6637,7.03414122351852e-05
3031,330.4446438550003,5.1711,7.032926614654302e-05
3032,330.5433128090008,5.6278,7.031704656308627e-05
3033,330.6407602400013,4.8587,7.030485566753074e-05
3034,330.7378653240012,6.3049,7.029283691209874e-05
3035,330.8345272630013,5.2809,7.02808271250617e-05
3036,330.93368319100045,5.1641,7.02689010722221e-05
3037,331.03187664100005,2.5864,7.025668504074054e-05
3038,331.1296512120007,4.6641,7.024450326790104e-05
3039,331.2267186680001,4.3316,7.023246614580246e-05
3040,331.3247709060015,4.7508,7.022046715074065e-05
3041,331.42261607600085,5.3287,7.020837738432094e-05
3042,331.5217722410016,4.6971,7.019623915123445e-05
3043,331.6172127710015,4.8774,7.018405909074059e-05
3044,331.7119625330015,4.9714,7.017227927864187e-05
3045,331.812009528001,5.9227,7.016055801938269e-05
3046,331.90780485600044,4.7421,7.01482305888888e-05
3047,332.00244318300065,3.0338,7.013638728530854e-05
3048,332.10002389000147,4.7129,7.012469548296295e-05
3049,332.1993799660013,4.8636,7.011251380481464e-05
3050,332.29772279200006,3.5173,7.01003891549381e-05
3051,332.39890890400056,5.9599,7.008824643493807e-05
3052,332.49769991500034,5.4801,7.007577385444435e-05
3053,332.59860695600037,4.9074,7.006357610925923e-05
3054,332.70377399500103,5.7785,7.005111962012333e-05
3055,332.8044634430007,4.8719,7.003811980913573e-05
3056,332.90465760500047,4.9237,7.002558093024691e-05
3057,333.0032995140009,5.9118,7.001334906679001e-05
3058,333.09932794700035,2.3739,7.000116684913574e-05
3059,333.19957779700053,6.2634,6.998930183753067e-05
3060,333.29619768200064,5.5224,6.997693823691352e-05
3061,333.3935346270009,4.2519,6.996497869185179e-05
3062,333.4909912530002,6.0712,6.995283220271598e-05
3063,333.5895624190016,5.3442,6.994096287777773e-05
3064,333.68678071200156,2.8969,6.992876345629617e-05
3065,333.78526014600175,5.5573,6.991674702629615e-05
3066,333.87723869600086,4.8203,6.990458847975305e-05
3067,333.97468431500056,5.4209,6.989329286987638e-05
3068,334.072256722,5.1645,6.988122707283944e-05
3069,334.1712273000012,5.0779,6.986921176654303e-05
3070,334.26879746600025,5.3673,6.985698224617263e-05
3071,334.3677780910002,5.2122,6.984490518432094e-05
3072,334.4675987850005,5.0138,6.983269450049373e-05
3073,334.5629801220002,5.7892,6.982036300098746e-05
3074,334.6607026030015,5.5084,6.980855818641969e-05
3075,334.7582760560017,5.9147,6.979654002395061e-05
3076,334.8562853940002,4.761,6.978443321197523e-05
3077,334.9552431130014,5.6966,6.977239410691345e-05
3078,335.05357781300154,4.1526,6.976015935999991e-05
3079,335.15073832800044,5.3225,6.974803298802457e-05
3080,335.2473182850008,4.4015,6.97360255758024e-05
3081,335.34326056100144,5.2314,6.97241105230863e-05
3082,335.4412079620015,4.3687,6.97122700879012e-05
3083,335.5406395150003,5.1005,6.970015302703686e-05
3084,335.63707421600157,4.9688,6.968788045580234e-05
3085,335.73383612700127,5.0919,6.967597915061718e-05
3086,335.8320901770003,5.3031,6.966404544604931e-05
3087,335.92947245600044,5.2726,6.965192702197524e-05
3088,336.027170319001,5.5246,6.963987189962958e-05
3089,336.1267125250015,4.9407,6.962782432135787e-05
3090,336.2226995300007,5.5893,6.96155460628394e-05
3091,336.31928373700066,5.4548,6.960367193703703e-05
3092,336.4182011820012,5.4764,6.959178814518515e-05
3093,336.52126318200135,5.7113,6.957955554320979e-05
3094,336.619603905001,4.884,6.956683761777763e-05
3095,336.71768052100015,4.5144,6.955457016925922e-05
3096,336.8164312100016,4.0697,6.954258831370365e-05
3097,336.9135671040003,5.7538,6.953037796271604e-05
3098,337.0129665690001,6.1098,6.951841137950599e-05
3099,337.11024572800125,4.4414,6.950612093111111e-05
3100,337.21123411900044,4.1845,6.949403291320979e-05
3101,337.31097793900153,5.9997,6.948154172407405e-05
3102,337.4087672660007,5.35,6.946935001333325e-05
3103,337.50756629600073,4.3546,6.945726932320989e-05
3104,337.6043149850011,3.852,6.944506368111108e-05
3105,337.7012829940013,5.2701,6.943309800197514e-05
3106,337.800772554001,4.7819,6.942113543111101e-05
3107,337.9015361460006,5.5639,6.940887836592578e-05
3108,338.00353497300057,5.2495,6.93964621496296e-05
3109,338.10392173500077,4.575,6.938383567691352e-05
3110,338.2003994780007,3.0199,6.937142867469134e-05
3111,338.298498645001,4.4058,6.935950478185179e-05
3112,338.3987843900013,5.6257,6.934743551444425e-05
3113,338.4963989030002,3.6271,6.93350309125926e-05
3114,338.59500852900055,5.5681,6.932297219839499e-05
3115,338.6931415190011,5.2251,6.931080923135799e-05
3116,338.78905504200156,4.8119,6.929870208432094e-05
3117,338.8843950800001,4.9223,6.928685464074056e-05
3118,338.98161493299995,5.3779,6.927508367876524e-05
3119,339.0808546140015,4.3205,6.926307649543189e-05
3120,339.17586425100126,4.2606,6.925084538987645e-05
3121,339.2723307660017,4.7682,6.923907583444435e-05
3122,339.36810013000104,3.8052,6.922719462641975e-05
3123,339.46741632700105,6.4896,6.921535418925913e-05
3124,339.56796033900173,5.5717,6.92031343650616e-05
3125,339.6675158980015,3.0904,6.919069037172831e-05
3126,339.7670392230011,5.9894,6.917829621407388e-05
3127,339.86632877300144,5.6986,6.916612575592584e-05
3128,339.963812901,4.8509,6.915387641987651e-05
3129,340.0606749920007,5.1169,6.914181463901234e-05
3130,340.15628896600174,5.8471,6.912987363938253e-05
3131,340.25324198600174,4.334,6.911805060567901e-05
3132,340.34999272999994,3.4813,6.910609373604934e-05
3133,340.44861486300033,5.5116,6.909408590074055e-05
3134,340.5481047180001,5.1206,6.908198360716047e-05
3135,340.6524830390008,5.4831,6.906971724345679e-05
3136,340.7507656320013,4.6377,6.905668438345666e-05
3137,340.8499909070015,4.8981,6.904467065037025e-05
3138,340.94600608200017,5.7746,6.903243629370361e-05
3139,341.0440976970003,5.4031,6.902054885876539e-05
3140,341.14462376200026,4.0728,6.900845599864199e-05
3141,341.2440361810004,4.5545,6.899605969345678e-05
3142,341.342031391001,5.0219,6.89837817020987e-05
3143,341.4395257900014,4.6644,6.897168117530861e-05
3144,341.53833981000025,4.7463,6.895962888950602e-05
3145,341.63655403400116,4.8784,6.894743685395053e-05
3146,341.7374087750013,5.6686,6.89353447416049e-05
3147,341.83536739400006,4.8841,6.892289518604926e-05
3148,341.9309264880012,4.9268,6.891076818641972e-05
3149,342.0293286190008,4.6914,6.889897561358015e-05
3150,342.1337654550007,5.3677,6.88867310623456e-05
3151,342.23096214200086,4.4321,6.887394947765418e-05
3152,342.3305405610008,5.1162,6.886193015296293e-05
3153,342.43042994900134,4.0198,6.884964836987651e-05
3154,342.5272605980008,4.9636,6.883732152666648e-05
3155,342.6267527380005,5.9079,6.882533682814814e-05
3156,342.7270219010006,5.6424,6.88130704435802e-05
3157,342.826215295001,5.6857,6.880070492370353e-05
3158,342.923721090001,4.8959,6.87884550061727e-05
3159,343.0148577280015,5.9695,6.877639115296288e-05
3160,343.11446533300114,5.4703,6.876517070234547e-05
3161,343.21290447900174,6.0866,6.875286270320969e-05
3162,343.31097972099997,3.5362,6.87407132720986e-05
3163,343.40961520100063,5.1404,6.872858752530855e-05
3164,343.5088393370006,5.7771,6.8716408745679e-05
3165,343.6058587350017,5.0069,6.870417176444441e-05
3166,343.7092577250005,5.7205,6.869206380888882e-05
3167,343.80547380400094,3.6654,6.867938451074067e-05
3168,343.90180208700076,5.2485,6.86675275765431e-05
3169,343.99382495200007,5.657,6.865566924432081e-05
3170,344.09075439500157,5.2274,6.864432241827155e-05
3171,344.1902605280011,5.7419,6.863231457024693e-05
3172,344.2875418250005,4.3602,6.862006755790109e-05
3173,344.38859108500037,5.7365,6.860803291839494e-05
3174,344.4874105760009,4.3424,6.859557546543205e-05
3175,344.58852827600094,5.478,6.858333016728387e-05
3176,344.6886701930016,5.5352,6.857087942790118e-05
3177,344.79041766500086,4.5206,6.855851210592588e-05
3178,344.8901420400016,5.562,6.854594247641958e-05
3179,344.9866197120009,6.0115,6.853354251086403e-05
3180,345.0873804740004,4.5057,6.852171122864182e-05
3181,345.1874691580015,5.3888,6.850930629345677e-05
3182,345.28687649400126,3.6395,6.849695422987645e-05
3183,345.38440498900127,4.4323,6.848466904358012e-05
3184,345.4830528250004,6.196,6.847258590049383e-05
3185,345.58246300500105,4.4393,6.846044101246909e-05
3186,345.6812952910004,5.1303,6.844818758740727e-05
3187,345.7805570550008,6.3617,6.843596906160482e-05
3188,345.87828323400026,5.2219,6.84237425817282e-05
3189,345.9753856370007,5.2644,6.841163005592579e-05
3190,346.0744592070005,3.9277,6.839965259876543e-05
3191,346.1730946350017,4.9933,6.838744938753083e-05
3192,346.27217587500127,5.9633,6.837527152839502e-05
3193,346.3717761330008,4.8135,6.836302775691344e-05
3194,346.4694613370011,5.3229,6.835073973197521e-05
3195,346.56897952300096,6.0436,6.833867332530847e-05
3196,346.6655504140017,4.3232,6.832637685160485e-05
3197,346.7645752040007,5.1039,6.831442765814795e-05
3198,346.86648767299994,4.5585,6.83022301908642e-05
3199,346.9632024900002,6.0259,6.828951512185176e-05
3200,347.0600388900002,4.2504,6.827770792358012e-05
3201,347.15840106500036,3.2432,6.826569988358025e-05
3202,347.25766277,5.3517,6.825358359518501e-05
3203,347.35756717700133,5.4763,6.824137360493825e-05
3204,347.4552191120001,5.0669,6.822889794543193e-05
3205,347.5522112010003,4.1294,6.821695462407391e-05
3206,347.65355602599993,5.5013,6.820496519172841e-05
3207,347.75094670900035,5.5328,6.81923697645677e-05
3208,347.84654306200173,4.1234,6.818045743320976e-05
3209,347.94639551300133,4.4044,6.816865392209859e-05
3210,348.04701914900033,4.4234,6.815632780308641e-05
3211,348.1457277920017,5.2394,6.814387678506171e-05
3212,348.24436364300163,4.8524,6.81316909625924e-05
3213,348.34320215700063,4.0027,6.811950306530857e-05
3214,348.44237561299997,5.0707,6.810735455283942e-05
3215,348.5408955390012,5.166,6.809507542382696e-05
3216,348.6335794980005,5.5261,6.808291157444426e-05
3217,348.7308703000017,6.0391,6.807151738456778e-05
3218,348.8305944340009,4.6642,6.805947004320977e-05
3219,348.93117360700126,5.7663,6.804716863987643e-05
3220,349.02808182400076,3.5962,6.803469225444426e-05
3221,349.121134205001,6.0554,6.802275684839503e-05
3222,349.22150647700073,5.7224,6.801132993703685e-05
3223,349.31915981300153,5.2886,6.799890954555546e-05
3224,349.4191487650005,4.4229,6.798683948666655e-05
3225,349.5178469440016,5.0747,6.797450104074067e-05
3226,349.6162405060004,5.2902,6.796230237432095e-05
3227,349.7155274120014,5.4421,6.795014991666658e-05
3228,349.813164874,4.8816,6.793792488209875e-05
3229,349.91115768200143,5.8143,6.792584930530863e-05
3230,350.0092151330009,4.8291,6.791379054098752e-05
3231,350.1083435750006,5.1834,6.790165900333333e-05
3232,350.2064149040016,4.9992,6.788941392740728e-05
3233,350.30477919900113,4.2549,6.787728844333321e-05
3234,350.4038203910004,5.2212,6.786513650617278e-05
3235,350.50193813400074,4.8145,6.785295918839494e-05
3236,350.6015719900006,4.5426,6.784084118962956e-05
3237,350.6983786540004,4.9367,6.782852909629628e-05
3238,350.7989614160015,4.7204,6.781656106358005e-05
3239,350.895831617001,5.2588,6.780419067567881e-05
3240,350.991107019001,5.9051,6.779217478382702e-05
3241,351.08616053600053,4.8463,6.778042882901215e-05
3242,351.18778811800075,5.7011,6.776862610666668e-05
3243,351.2824261700007,3.9191,6.775616557654319e-05
3244,351.3771993830014,4.7831,6.774444534506152e-05
3245,351.4760544380006,5.3199,6.773274862222204e-05
3246,351.5742504260015,5.2686,6.772056376987637e-05
3247,351.67038287300056,3.7271,6.770845292432097e-05
3248,351.76487253900086,5.6888,6.76965709008641e-05
3249,351.8643176450005,5.9416,6.768488134259248e-05
3250,351.9627906100013,4.8922,6.767262444876524e-05
3251,352.0631017960004,5.8264,6.766042546913575e-05
3252,352.1587447180009,5.4325,6.764810121913561e-05
3253,352.25696742200125,4.6726,6.763626619740737e-05
3254,352.35669698700076,3.9462,6.762417084888871e-05
3255,352.4563856930017,4.9314,6.761185665197524e-05
3256,352.5563266520003,5.5386,6.759954441925906e-05
3257,352.653502176001,5.1806,6.758718881839494e-05
3258,352.7528793780002,4.6779,6.757518431222213e-05
3259,352.8521739530006,5.8421,6.756291699666645e-05
3260,352.9510351930003,3.3561,6.755064307086399e-05
3261,353.04763658200136,3.5831,6.753845384493818e-05
3262,353.14609518399993,5.6022,6.752653096777763e-05
3263,353.2435518850016,4.8174,6.751438854716037e-05
3264,353.3410698970001,4.5661,6.750234552629608e-05
3265,353.43777705900175,5.3756,6.749030833086417e-05
3266,353.53527208500054,4.8368,6.747836893395041e-05
3267,353.63575294600014,5.735,6.746632673407397e-05
3268,353.73676747300124,4.5827,6.745396822604932e-05
3269,353.83493308200013,4.4402,6.744149772123449e-05
3270,353.93235469400133,4.814,6.742935169938268e-05
3271,354.0318957090003,6.0897,6.741732103012342e-05
3272,354.1277029330013,4.3914,6.740501063098764e-05
3273,354.226752767001,4.6113,6.739318166185164e-05
3274,354.3254696690001,4.1599,6.738097649493824e-05
3275,354.4246066980013,4.6292,6.736878316962945e-05
3276,354.525142419001,5.4112,6.735655763728395e-05
3277,354.6239195440012,4.5627,6.734403604678991e-05
3278,354.72149289900153,6.0057,6.733193265938255e-05
3279,354.8186195570015,3.3078,6.731989025567893e-05
3280,354.9196887370017,4.9706,6.730788039345678e-05
3281,355.019142217001,4.5067,6.729545008777778e-05
3282,355.12108781200004,5.3733,6.728316230629625e-05
3283,355.2201997840002,4.3633,6.727057589827157e-05
3284,355.32015237199994,5.638,6.725831510530852e-05
3285,355.4175434450008,5.506,6.724600184777776e-05
3286,355.5173210470002,4.9971,6.723395175864177e-05
3287,355.6142228480003,4.9916,6.722161573567895e-05
3288,355.71532665000086,5.3657,6.720965574654307e-05
3289,355.8131895510014,4.384,6.719718638975309e-05
3290,355.91361346300073,6.266,6.718509556333325e-05
3291,356.00494073400114,6.0337,6.717264199641957e-05
3292,356.1044666040016,5.5988,6.716148294543198e-05
3293,356.19775145400126,4.9589,6.714916230864186e-05
3294,356.2935728200009,4.4207,6.713766284197531e-05
3295,356.38927609000166,3.6332,6.712580375493822e-05
3296,356.4873290730011,5.447,6.711398732086399e-05
3297,356.58454290100053,4.7102,6.710191348049373e-05
3298,356.68072672200105,4.5293,6.70897515171605e-05
3299,356.77965150900127,4.2464,6.707798849530859e-05
3300,356.8763350060017,4.6535,6.706578475246895e-05
3301,356.97305467300066,5.7657,6.705386010962953e-05
3302,357.0721663940003,4.6105,6.704191734481469e-05
3303,357.17025646100046,6.1316,6.702967271049366e-05
3304,357.2674452910014,5.6213,6.701758330703691e-05
3305,357.3683760870008,3.8979,6.700544063629625e-05
3306,357.46728673100006,5.7606,6.699311550765417e-05
3307,357.56397619700147,4.5842,6.698091563962959e-05
3308,357.66352279200146,4.9832,6.696895660074075e-05
3309,357.76228981400163,5.2782,6.695669010555534e-05
3310,357.85977671600085,4.0621,6.694448604074066e-05
3311,357.95975458200155,4.9267,6.693244499148146e-05
3312,358.0582512960009,4.5601,6.692009384123436e-05
3313,358.15668401600124,5.0087,6.690794777111107e-05
3314,358.2529488950004,5.2364,6.689579925802461e-05
3315,358.34939965300146,4.9618,6.6883899432716e-05
3316,358.4445428710005,4.593,6.687197216271603e-05
3317,358.54145255799995,5.1603,6.686022829580233e-05
3318,358.63714883100147,4.9928,6.684828778074075e-05
3319,358.7352485090014,4.7824,6.683647021160477e-05
3320,358.8330663320012,4.9806,6.682437236839493e-05
3321,358.92937548600094,4.2187,6.681229901061715e-05
3322,359.0263979370011,4.7463,6.680040034530863e-05
3323,359.12446398300017,5.3937,6.678841707185173e-05
3324,359.2208041310005,4.4362,6.67763173361727e-05
3325,359.32000339800106,4.8362,6.676440369234565e-05
3326,359.41965201900166,6.0027,6.675212853802468e-05
3327,359.5171539490002,4.5435,6.673986873654311e-05
3328,359.6157652940001,5.8175,6.672783060802465e-05
3329,359.71603215899995,5.7195,6.671566779864193e-05
3330,359.80879444700076,5.594,6.670327091987636e-05
3331,359.90707359800035,4.3561,6.669186510296282e-05
3332,360.00505646700003,4.9356,6.667970405913569e-05
3333,360.10313094200137,4.8853,6.666759143024688e-05
3334,360.1998626830009,5.499,6.665549911061708e-05
3335,360.29714526300086,5.0442,6.66435426464197e-05
3336,360.392078461,4.524,6.663154694567883e-05
3337,360.4914978860015,5.5348,6.66197958027159e-05
3338,360.5881158200009,4.6536,6.660749797543198e-05
3339,360.68594508300157,5.0911,6.659560437320972e-05
3340,360.7844891090008,5.1144,6.658354873925913e-05
3341,360.8826788510014,5.2023,6.657137770135784e-05
3342,360.9823115630006,5.6052,6.65592737504938e-05
3343,361.0819236390016,4.9249,6.654694477518498e-05
3344,361.1798760220008,4.8553,6.653465698481465e-05
3345,361.2783114570011,5.6017,6.652255039395045e-05
3346,361.3733262470014,5.2136,6.651039340839492e-05
3347,361.471781446,5.4578,6.649865961209865e-05
3348,361.56888501899994,3.8718,6.648653197901234e-05
3349,361.66617484500057,5.8945,6.647453104555547e-05
3350,361.7576344480003,4.8153,6.646254309209865e-05
3351,361.8575231160012,4.0231,6.645125305111104e-05
3352,361.9561054800015,4.231,6.64389018272838e-05
3353,362.05651056200077,5.6192,6.6426739228395e-05
3354,362.1546374360005,5.0918,6.641435252518505e-05
3355,362.253360273,5.4931,6.640222113012347e-05
3356,362.3507146200009,4.7912,6.639004586172824e-05
3357,362.4416259870013,5.0455,6.637796936185174e-05
3358,362.539425246001,5.08,6.636683482592578e-05
3359,362.63964035000026,5.068,6.635471944950601e-05
3360,362.7349691950003,3.5747,6.634236101061712e-05
3361,362.8313480830002,5.4488,6.633054921802471e-05
3362,362.92911427200124,4.7982,6.631865653679002e-05
3363,363.026778413001,5.2229,6.630661557962963e-05
3364,363.12428576599996,5.0857,6.629455446814817e-05
3365,363.22311794300003,4.8508,6.628249906950607e-05
3366,363.32033527100066,5.1574,6.627029544629621e-05
3367,363.4200185130012,6.3992,6.625827120716044e-05
3368,363.5165876460014,5.2654,6.624601094074069e-05
3369,363.6128045780006,5.2006,6.623406900111105e-05
3370,363.7097456170013,4.9181,6.622221234580228e-05
3371,363.8100781660014,4.961,6.621022714765427e-05
3372,363.9091623790009,4.2213,6.619785019592594e-05
3373,364.0076425310017,4.7986,6.618561972925907e-05
3374,364.1057299940003,5.4438,6.617343362851831e-05
3375,364.20321346700075,3.3964,6.616132667296291e-05
3376,364.3001896390015,5.534,6.614931008246896e-05
3377,364.40115191900077,5.624,6.613734762753083e-05
3378,364.5022222530006,5.9617,6.612488648234549e-05
3379,364.6001830870009,3.8184,6.611235371580229e-05
3380,364.7011378010011,4.9525,6.610028940320982e-05
3381,364.80178411700035,5.1986,6.608786585679012e-05
3382,364.8993930680008,5.1185,6.607543225913577e-05
3383,364.99827149000157,4.4779,6.606322494962958e-05
3384,365.0988990300011,4.9689,6.6051006789753e-05
3385,365.1975081820001,5.925,6.603870967197531e-05
3386,365.29283494000083,5.0331,6.602657464777768e-05
3387,365.39238303500133,4.9338,6.601477893716048e-05
3388,365.49270685300144,5.794,6.600251144716036e-05
3389,365.59404328300116,5.1558,6.599013911839493e-05
3390,365.6949984040002,5.2535,6.597762055913561e-05
3391,365.79398966200097,3.9707,6.596515660666665e-05
3392,365.89185807800095,5.8282,6.595289664827143e-05
3393,365.99090065100063,5.1378,6.594082382222221e-05
3394,366.08946475000084,5.2989,6.592848095407394e-05
3395,366.1880479010015,5.7183,6.591637890086408e-05
3396,366.2850165610016,4.0113,6.590426565975308e-05
3397,366.38436664500114,5.191,6.589228838839506e-05
3398,366.47733830500147,5.1491,6.588004155876537e-05
3399,366.57880892700086,5.1611,6.586858424703701e-05
3400,366.6789751940014,4.9627,6.585600755530861e-05
3401,366.7825095010012,5.7673,6.584366264246893e-05
3402,366.8810695380016,4.9986,6.583088512839485e-05
3403,366.978529162001,4.5676,6.581870676209876e-05
3404,367.07057053100107,5.3731,6.580666201629626e-05
3405,367.1684369430004,4.9048,6.579535972728384e-05
3406,367.2653459060002,5.4826,6.578323924246905e-05
3407,367.3623769780006,4.5069,6.57712700125926e-05
3408,367.46333305400003,3.974,6.575928061320987e-05
3409,367.5642675380004,5.4782,6.574681531098746e-05
3410,367.66554429700045,5.3366,6.573435977753086e-05
3411,367.7651461230016,5.5879,6.572171315172838e-05
3412,367.8671696770016,5.2803,6.57094376351851e-05
3413,367.9637017470013,4.2112,6.569696678691339e-05
3414,368.0615969900009,5.2123,6.568503604222214e-05
3415,368.15917042,4.3224,6.567286975432087e-05
3416,368.2599018730016,5.4196,6.566090040740726e-05
3417,368.35833132600055,5.1398,6.564850266654312e-05
3418,368.4510870080012,4.8261,6.563630955308642e-05
3419,368.54964398500124,5.3583,6.562489570617272e-05
3420,368.6425381170011,5.9077,6.561266877876542e-05
3421,368.74287575000017,5.0623,6.560126415925913e-05
3422,368.8445109160002,6.1969,6.558886004790111e-05
3423,368.9444644110008,6.0652,6.55763173280246e-05
3424,369.04540252300103,5.7723,6.556397874296288e-05
3425,369.14304125700073,3.6948,6.555145962222215e-05
3426,369.24116310700083,5.8672,6.553943527950616e-05
3427,369.33904475800045,5.1791,6.552734171604939e-05
3428,369.438032045,5.408,6.551522698271606e-05
3429,369.5378557720014,5.2444,6.550305469308642e-05
3430,369.6410177130001,5.0921,6.549072445222224e-05
3431,369.7394873060002,3.7349,6.547787541395057e-05
3432,369.83717184800116,4.1989,6.546580498592583e-05
3433,369.9338662150003,2.2257,6.545373072740741e-05
3434,370.03359369100144,4.7697,6.544178650296292e-05
3435,370.13217122400056,3.7305,6.542951040024671e-05
3436,370.23198406100164,4.3728,6.541733632888888e-05
3437,370.3302097680007,4.6346,6.540501947716038e-05
3438,370.4284981560013,5.6743,6.539288129802466e-05
3439,370.5283779800011,4.1578,6.53806279271604e-05
3440,370.62794440900143,4.8406,6.536842885827153e-05
3441,370.7275987870016,5.4261,6.535611480827153e-05
3442,370.82870971400007,5.2086,6.534383052543198e-05
3443,370.92687029400076,5.0117,6.533135919419749e-05
3444,371.025920813001,4.3388,6.531910963506169e-05
3445,371.1261644590013,5.9534,6.530701010358018e-05
3446,371.2229416550017,5.498,6.52946226428393e-05
3447,371.32325855100135,5.5314,6.528265598864196e-05
3448,371.4207688260012,5.9853,6.527029088234553e-05
3449,371.5214134330017,4.5078,6.525825368308631e-05
3450,371.62132624900005,5.8845,6.524579276123451e-05
3451,371.71409523400143,5.6535,6.523353263753085e-05
3452,371.81322394400013,5.3878,6.522206449283938e-05
3453,371.91256525300014,4.8136,6.520976617407395e-05
3454,372.0108756310001,4.3672,6.51975524202467e-05
3455,372.10964130700086,5.2618,6.518542372481467e-05
3456,372.20668608600135,5.4181,6.517320966481467e-05
3457,372.31099631600046,5.6434,6.516123452975305e-05
3458,372.4135425510012,4.9721,6.514834803320979e-05
3459,372.51034818100015,2.3307,6.513569742493817e-05
3460,372.60807820600166,3.8214,6.51237169232097e-05
3461,372.70481534900136,5.6938,6.511163966555546e-05
3462,372.8039467440012,4.9604,6.5099709495432e-05
3463,372.90321949700046,4.3677,6.508750349407404e-05
3464,373.002249743,4.8715,6.507524449222201e-05
3465,373.10041863400147,4.1003,6.506303036765418e-05
3466,373.2003983910017,5.7903,6.505088036506174e-05
3467,373.29782113200054,4.8482,6.503851588172831e-05
3468,373.40160510900023,5.3225,6.502645792024671e-05
3469,373.50086621600167,4.7598,6.501372517901225e-05
3470,373.6006023130012,5.8281,6.50014308175308e-05
3471,373.70132948100036,6.3161,6.498914238925909e-05
3472,373.7996560640004,4.8141,6.497665191641958e-05
3473,373.891833564001,4.7592,6.496454814666648e-05
3474,373.99180168400017,4.9497,6.495320614567884e-05
3475,374.09143646600023,4.8593,6.494085478234568e-05
3476,374.1880301480014,4.1728,6.492855543567899e-05
3477,374.2871603680014,4.4382,6.491660468358016e-05
3478,374.386480647001,5.9309,6.490437400901225e-05
3479,374.4874327890011,4.1634,6.489211971777775e-05
3480,374.5883281300012,4.8047,6.487950042197532e-05
3481,374.68864808500075,4.8932,6.486719609012339e-05
3482,374.78880235400175,4.4901,6.485482732419747e-05
3483,374.8901710250011,5.5902,6.484244631925906e-05
3484,374.98773857500055,4.6267,6.482992657740734e-05
3485,375.0860270970006,5.0884,6.481788259345665e-05
3486,375.1841509250007,5.3656,6.480577097654308e-05
3487,375.28117581800143,5.6539,6.479363437444444e-05
3488,375.3812128940008,4.4915,6.47816619641975e-05
3489,375.4765606630008,3.7437,6.476927605345657e-05
3490,375.57407790100115,4.5202,6.475751425320988e-05
3491,375.6729806810017,5.9657,6.474537320074057e-05
3492,375.7701307410007,3.8158,6.473329668728386e-05
3493,375.86668791100055,3.5089,6.472129779358017e-05
3494,375.9657290940013,5.1623,6.470931378864182e-05
3495,376.06372521900084,4.4367,6.469702668024678e-05
3496,376.1602925420011,4.4793,6.468495940790121e-05
3497,376.25633369700154,5.0723,6.467311647049384e-05
3498,376.3541893820002,3.7853,6.466123280629617e-05
3499,376.45291296400137,5.681,6.464915723185187e-05
3500,376.5460485040003,5.2199,6.463700920320987e-05
3501,376.64702941700125,4.9445,6.462551747950605e-05
3502,376.744736224,5.27,6.461304450604928e-05
3503,376.842925338,5.9221,6.460099421555545e-05
3504,376.9448655110009,5.1961,6.458885985604933e-05
3505,377.04328441000143,5.4892,6.457628835123457e-05
3506,377.13615048000065,5.3788,6.456410287753066e-05
3507,377.2381137090015,6.0261,6.455254531999985e-05
3508,377.3381816610017,5.6476,6.454005811271588e-05
3509,377.435760888,3.969,6.452764162049363e-05
3510,377.5345919120009,5.9177,6.45156269828393e-05
3511,377.63222282100105,5.2649,6.45034411665431e-05
3512,377.7298787110012,5.0109,6.449137807666656e-05
3513,377.8299955530001,5.1269,6.447932177654321e-05
3514,377.9314975290017,6.1873,6.446699636197531e-05
3515,378.0309405800017,4.7517,6.445431558024682e-05
3516,378.1311290100002,5.1737,6.444218202641963e-05
3517,378.23115633199996,5.2698,6.442981162703696e-05
3518,378.33129684900086,4.4204,6.441745506580232e-05
3519,378.42834298100024,3.7693,6.440510311876535e-05
3520,378.5263949400014,4.6177,6.439311231432087e-05
3521,378.62454848500056,4.5152,6.438103022407395e-05
3522,378.7229827830015,5.0427,6.436891292407403e-05
3523,378.8185777890012,4.4241,6.435671293037032e-05
3524,378.9161893570017,5.2396,6.43449297423456e-05
3525,379.0148343890014,6.08,6.433289173049375e-05
3526,379.11572610200164,5.0732,6.432072875839503e-05
3527,379.2128193460012,4.4292,6.430826557678998e-05
3528,379.31232040600116,4.2296,6.429625064308637e-05
3529,379.41054595700007,4.5889,6.428398505469123e-05
3530,379.5112412140006,4.8615,6.42718561530864e-05
3531,379.6082620160014,4.775,6.425942935851843e-05
3532,379.70587570000134,5.1168,6.424743275037022e-05
3533,379.806342793001,5.5197,6.423541373975308e-05
3534,379.9051791840011,4.9164,6.422301710160478e-05
3535,380.00436182500016,4.6754,6.42108189030864e-05
3536,380.1040196590002,4.2277,6.419856613271591e-05
3537,380.20095331800076,3.5153,6.418626512123444e-05
3538,380.29937892100133,4.0367,6.417426228913575e-05
3539,380.4010011850005,4.9814,6.416212153370357e-05
3540,380.49910521100173,4.1902,6.414959560777767e-05
3541,380.6015963130012,5.2829,6.41373435834567e-05
3542,380.6997652250011,4.7591,6.412482072666648e-05
3543,380.7971571040016,4.9285,6.411269192851835e-05
3544,380.89653611200083,6.1517,6.410067985678998e-05
3545,380.99409850400116,5.0202,6.408842633395051e-05
3546,381.09260932600046,3.4031,6.407636666790113e-05
3547,381.1891289130017,4.7656,6.406413460148137e-05
3548,381.2873145450012,5.745,6.405229450777764e-05
3549,381.3852233710004,5.2902,6.404017413308625e-05
3550,381.4835343150007,4.9935,6.402807719888872e-05
3551,381.5814578770005,4.6529,6.401595752629627e-05
3552,381.6797225340015,5.6057,6.400385563345661e-05
3553,381.7777863230003,4.9062,6.399172421555548e-05
3554,381.8767913790016,5.51,6.397960637345674e-05
3555,381.9779270800009,5.0704,6.396739917555542e-05
3556,382.0767210060003,1.9784,6.395476060925909e-05
3557,382.1759065590013,5.5545,6.394268819506164e-05
3558,382.2749792760005,4.9757,6.393047284358007e-05
3559,382.3689199640012,6.1094,6.391824462740731e-05
3560,382.46921041600035,4.7383,6.390660796975288e-05
3561,382.5672541460008,3.3753,6.389425338555538e-05
3562,382.66573378700014,4.6404,6.38820984722222e-05
3563,382.7632946490012,4.2512,6.387000230098766e-05
3564,382.86211394400016,4.8524,6.385797540320979e-05
3565,382.95955216900074,4.3028,6.38457692811109e-05
3566,383.0571217960005,3.8042,6.383359666246898e-05
3567,383.1550837300001,4.4332,6.382163062271592e-05
3568,383.2527688230002,5.4415,6.38095878487653e-05
3569,383.34896589600066,5.0549,6.379750948679004e-05
3570,383.44598230200063,4.7645,6.378563852975298e-05
3571,383.54565346300114,5.2735,6.377357970617281e-05
3572,383.64131138800076,5.0696,6.376133946567886e-05
3573,383.7420288180001,4.3438,6.37495317904938e-05
3574,383.8367108620005,2.8187,6.373707325370359e-05
3575,383.9337500390011,5.4221,6.372541833197516e-05
3576,384.03198259300007,5.0052,6.37134220387654e-05
3577,384.1302788030007,5.8942,6.370129284456781e-05
3578,384.22969605600156,5.6075,6.368915232111092e-05
3579,384.3299290880004,4.8775,6.367690909444426e-05
3580,384.4282349760015,5.4266,6.366452095567891e-05
3581,384.52886199100067,4.935,6.365240297678992e-05
3582,384.62904536500173,6.0019,6.363985977308627e-05
3583,384.72525118400154,5.0396,6.362760768691338e-05
3584,384.8186936990005,5.487,6.361571470296294e-05
3585,384.9210522450012,5.0336,6.360406312518512e-05
3586,385.0193835500013,4.9537,6.359155882629609e-05
3587,385.11846512100055,4.7286,6.357940880876525e-05
3588,385.2176099790013,5.7525,6.35671936506171e-05
3589,385.31476282100084,2.775,6.355493078839504e-05
3590,385.4075045950012,4.6909,6.354293108506165e-05
3591,385.50561156500044,4.7316,6.353149883728394e-05
3592,385.60401316500065,6.0086,6.351936607172836e-05
3593,385.7044674860008,5.4626,6.350721208098751e-05
3594,385.80138923600134,5.2607,6.349484766654304e-05
3595,385.89954104700155,4.5417,6.348288695975296e-05
3596,385.9966533470015,4.7311,6.347075991049376e-05
3597,386.0936278870013,5.0161,6.345875965777772e-05
3598,386.19406735900156,5.2954,6.344678682851848e-05
3599,386.29024175200175,3.701,6.343440257851847e-05
3600,386.38880054900073,4.2839,6.342250544950619e-05
3601,386.4883214500005,5.4393,6.341035790765428e-05
3602,386.5895536090011,4.3936,6.339806713827155e-05
3603,386.6853921740003,3.4055,6.338560037209862e-05
3604,386.7843690610007,4.5549,6.337370577543194e-05
3605,386.8818663300008,4.8198,6.336151201950616e-05
3606,386.97913491500003,5.5486,6.33494711296295e-05
3607,387.0776018610013,3.1268,6.333745865432084e-05
3608,387.1771667860012,3.5989,6.332532434864177e-05
3609,387.27627668700006,6.0144,6.33130367567901e-05
3610,387.37660821200006,4.9024,6.33007927853086e-05
3611,387.4755318790012,5.1692,6.328837725555539e-05
3612,387.5737398270012,5.476,6.32761783420987e-05
3613,387.67298834600115,5.4065,6.326393704222218e-05
3614,387.7702266940014,4.5395,6.32518125951852e-05
3615,387.86645644500095,5.1745,6.323980453678995e-05
3616,387.965107203001,5.1596,6.322791638395049e-05
3617,388.06305228600104,5.5247,6.321574818604926e-05
3618,388.1586492960014,4.7824,6.32036465760492e-05
3619,388.2563039650013,5.847,6.319184339469117e-05
3620,388.3535698370015,4.9138,6.317978091061714e-05
3621,388.4509039370005,5.4637,6.31677643527159e-05
3622,388.54639944300106,5.5843,6.315576451851832e-05
3623,388.64408886800084,4.435,6.314397322790122e-05
3624,388.74211349899997,5.5509,6.31319158650616e-05
3625,388.83930060200146,4.7472,6.311982016864191e-05
3626,388.9390176570014,5.5919,6.310782841888884e-05
3627,389.0398327560015,5.5031,6.309552165962947e-05
3628,389.13804084500043,5.2201,6.30830776118518e-05
3629,389.2358499360016,4.7743,6.30708305491357e-05
3630,389.3313660390013,4.6284,6.305886494617274e-05
3631,389.4284717640003,5.2248,6.304706492086418e-05
3632,389.52842625500125,4.8867,6.303508811950609e-05
3633,389.62475944200014,3.2147,6.302276601098757e-05
3634,389.7220540890012,4.9592,6.301081440728393e-05
3635,389.82000852500096,4.6916,6.299882363074074e-05
3636,389.9155477560016,3.2145,6.298674241839493e-05
3637,390.0136229360014,4.7741,6.297490201518518e-05
3638,390.1130134290015,4.6942,6.296285657271603e-05
3639,390.2116716590008,5.0005,6.295057902888885e-05
3640,390.30890863400055,5.1982,6.293838937592587e-05
3641,390.407547539,5.1311,6.292638081209858e-05
3642,390.50869420100025,4.9789,6.291419933790121e-05
3643,390.60943656700147,5.0662,6.290172383098747e-05
3644,390.70698866600105,5.0958,6.288929047962943e-05
3645,390.8066500840014,5.5019,6.287724708271605e-05
3646,390.900220593001,5.8536,6.286491935481469e-05
3647,391.00102191800033,4.2044,6.285337691209862e-05
3648,391.1039559440014,5.4795,6.284091447012342e-05
3649,391.2039968500012,4.8994,6.282824645765428e-05
3650,391.3019028180006,5.3627,6.281588956740737e-05
3651,391.397188455001,4.4322,6.28037846027159e-05
3652,391.4946221850005,5.6794,6.279201281024682e-05
3653,391.59427037800015,5.184,6.27799116111111e-05
3654,391.6927986460014,5.5065,6.2767711732469e-05
3655,391.7892563080004,5.5638,6.275553538777774e-05
3656,391.8896077770005,4.2477,6.274360892469136e-05
3657,391.9874206270015,4.8241,6.27312161466665e-05
3658,392.08571494400167,4.9872,6.271916032432094e-05
3659,392.18455472700043,5.7769,6.270702688444443e-05
3660,392.2838262990008,5.7841,6.269469426728393e-05
3661,392.3820973290003,5.8414,6.268257681296297e-05
3662,392.47839279100117,3.8748,6.267043003728377e-05
3663,392.574343753,4.2937,6.265852803012343e-05
3664,392.6727184950014,4.814,6.264669587543195e-05
3665,392.77238232700074,4.882,6.263456296617284e-05
3666,392.8723116320016,6.2193,6.262225680370367e-05
3667,392.9721623430014,5.6176,6.260991381777763e-05
3668,393.0746826580016,4.1989,6.259757961555536e-05
3669,393.1840105980009,4.7381,6.258477647555543e-05
3670,393.29449317500075,5.7207,6.257126372259257e-05
3671,393.3973504530004,5.8567,6.255762503407397e-05
3672,393.4973009640016,4.8419,6.254512198098764e-05
3673,393.5939182260008,4.5635,6.253275722641954e-05
3674,393.6927442940014,5.3847,6.252081771172824e-05
3675,393.79087384500053,5.6944,6.25086164866666e-05
3676,393.8890152390013,4.9829,6.249650907160484e-05
3677,393.9880147240001,4.9796,6.248441254444437e-05
3678,394.08622001799995,5.3451,6.24721942532098e-05
3679,394.1870803110014,5.3189,6.246005228790108e-05
3680,394.28466240800117,4.6422,6.244762901765428e-05
3681,394.3849282320007,5.8185,6.243553769444444e-05
3682,394.4839329510014,5.5159,6.242318278999993e-05
3683,394.58308248400135,3.9833,6.241093081407396e-05
3684,394.6798384060003,4.8078,6.239868452259252e-05
3685,394.7718341360014,5.2934,6.238673364123451e-05
3686,394.87228305900135,5.5311,6.237542402864198e-05
3687,394.97031920100017,4.6801,6.236287537456789e-05
3688,395.0709134990011,6.0345,6.23508764437036e-05
3689,395.1703782190016,4.3008,6.233848160962944e-05
3690,395.27144061500076,5.3947,6.232620124123441e-05
3691,395.3700913210014,3.8895,6.231375302987645e-05
3692,395.4697300050011,5.3283,6.230155907209875e-05
3693,395.56523194200054,4.6654,6.22892136614814e-05
3694,395.66136777800057,3.6195,6.22774576355555e-05
3695,395.75756288699995,4.7223,6.226557128901227e-05
3696,395.85556556900156,5.8897,6.225368997925924e-05
3697,395.9521790760009,5.3825,6.224161362703684e-05
3698,396.0505385050001,5.6681,6.222966303469134e-05
3699,396.14799413700166,4.8645,6.221755076024675e-05
3700,396.2482491340015,4.9841,6.220549168135795e-05
3701,396.34641214800104,5.0711,6.219313541024674e-05
3702,396.4427138610008,4.6755,6.218099275641956e-05
3703,396.5394525800002,5.2998,6.216910702629613e-05
3704,396.6364945920013,4.7029,6.21571679035802e-05
3705,396.7352884240008,5.1944,6.214512692432089e-05
3706,396.833372219,5.4655,6.213295458209865e-05
3707,396.93362457500007,4.6781,6.212087551234563e-05
3708,397.03131053700054,5.3279,6.210851821493813e-05
3709,397.13018388599994,5.1647,6.209644828790103e-05
3710,397.2283280370011,4.2697,6.208424206975299e-05
3711,397.32018196600075,5.5604,6.207212806518519e-05
3712,397.4196470040006,5.5006,6.206081216296276e-05
3713,397.5205640180011,6.3171,6.204838999888877e-05
3714,397.617910252,5.0488,6.203604437444426e-05
3715,397.71496870400006,4.2478,6.202403421061729e-05
3716,397.8165025800008,5.5285,6.201203050654312e-05
3717,397.91715262600155,4.6265,6.199953145975289e-05
3718,398.0175735440007,5.6543,6.198712039641971e-05
3719,398.10956984900076,4.9693,6.197470915160483e-05
3720,398.2063692260017,4.6778,6.196338000740722e-05
3721,398.30504604199996,5.8144,6.195137135790103e-05
3722,398.4028837350015,4.0844,6.193922735049377e-05
3723,398.4970579870005,4.3856,6.192712932876537e-05
3724,398.59339646900116,5.1791,6.191549889938253e-05
3725,398.693640458001,5.2693,6.190357519012324e-05
3726,398.7914374160009,4.8576,6.189125027703703e-05
3727,398.89491491600165,4.8949,6.187914679160477e-05
3728,398.9940757580007,4.612,6.18663756572839e-05
3729,399.0930093300012,5.843,6.185413568691347e-05
3730,399.19154052200065,4.4928,6.184193537111096e-05
3731,399.2923120030009,5.7081,6.182976665901219e-05
3732,399.3858592260003,4.7311,6.181733745592575e-05
3733,399.4860447200008,4.5554,6.18058105066666e-05
3734,399.58551106900086,5.4208,6.179341332345678e-05
3735,399.68581379600073,5.2405,6.178112688209863e-05
3736,399.78486596900075,4.7074,6.17687570564196e-05
3737,399.8847281140006,3.4087,6.175648847740736e-05
3738,399.9809919020008,4.9287,6.174418671777758e-05
3739,400.081629059001,5.2993,6.173228112135792e-05
3740,400.18181319500036,4.6088,6.17198871832097e-05
3741,400.27985793100015,4.4727,6.170751199678992e-05
3742,400.37703295400024,4.2908,6.169539765666663e-05
3743,400.4754582280002,4.4923,6.168339500049363e-05
3744,400.5722361880016,6.2311,6.167126154518513e-05
3745,400.67154561700045,4.8575,6.16592889032097e-05
3746,400.7702744360013,4.0963,6.164702203506166e-05
3747,400.8685210400017,5.8697,6.16348695932098e-05
3748,400.96747006200167,5.2843,6.162273611703683e-05
3749,401.06653677400027,5.8171,6.161051082481477e-05
3750,401.16412118100016,4.2623,6.159830423962949e-05
3751,401.262443728001,5.7542,6.158609736703691e-05
3752,401.36059512200154,4.0487,6.15741153191358e-05
3753,401.46094440600064,4.9112,6.156196897901225e-05
3754,401.55234794900025,5.7525,6.15495901335801e-05
3755,401.6517272930014,4.4047,6.153829595913579e-05
3756,401.75045572900126,5.4934,6.152605082493827e-05
3757,401.84958520000146,5.5064,6.151384940370356e-05
3758,401.94907209100165,5.5292,6.150163578209866e-05
3759,402.04809850200036,5.6318,6.148932152320974e-05
3760,402.1440355500017,5.5004,6.14770347986419e-05
3761,402.2432693640003,4.3041,6.146523893382696e-05
3762,402.3424083830014,4.948,6.145300446641957e-05
3763,402.44040040300024,4.8957,6.144078274666664e-05
3764,402.53806923699995,4.7102,6.142865695999986e-05
3765,402.6355019310013,5.4794,6.141661778678998e-05
3766,402.7314133910004,3.2352,6.140456910814801e-05
3767,402.8299569230003,4.3887,6.139272564888877e-05
3768,402.92894903600063,5.7738,6.138059115555555e-05
3769,403.02796396300073,4.332,6.136838167901226e-05
3770,403.1267929940004,4.9791,6.135611797432078e-05
3771,403.2275313680002,4.3867,6.134392118135797e-05
3772,403.32619161,5.1291,6.133150089061715e-05
3773,403.4184388830017,5.7118,6.131931943098764e-05
3774,403.5191531970013,3.9745,6.130796303419742e-05
3775,403.61803378200057,5.4542,6.129548867345674e-05
3776,403.7169336390016,4.8689,6.128330205506167e-05
3777,403.81746096400093,3.9879,6.127108771864198e-05
3778,403.9158467090001,5.2683,6.125868396222203e-05
3779,404.01537597100105,4.8571,6.124651565567883e-05
3780,404.11604879800143,4.6801,6.123421922827142e-05
3781,404.21113082600095,3.759,6.122180494086417e-05
3782,404.3122398560008,5.2624,6.12099718582716e-05
3783,404.4079806770005,5.6574,6.119757871518502e-05
3784,404.50760528499995,6.1237,6.118575332061718e-05
3785,404.6083782190017,5.0344,6.117347318975297e-05
3786,404.70931914500034,6.1275,6.11608828480245e-05
3787,404.8154463460014,5.3634,6.114853768049373e-05
3788,404.9131763590012,5.7524,6.113545097999986e-05
3789,405.01175716700163,4.3158,6.11233959501233e-05
3790,405.1099327820011,5.2403,6.111122637765423e-05
3791,405.20764700400105,5.594,6.109907577518512e-05
3792,405.3011285450011,5.9575,6.108700925641968e-05
3793,405.39832041500085,4.1706,6.107551911518498e-05
3794,405.496644619001,4.9352,6.106348923382703e-05
3795,405.59422211400124,4.1954,6.105136124012337e-05
3796,405.69032550700103,5.3395,6.103931837370364e-05
3797,405.78664520300117,4.4172,6.102741773024685e-05
3798,405.88733375000083,5.1831,6.1015543294073905e-05
3799,405.98467660999995,5.6734,6.100313978172818e-05
3800,406.0844794600016,4.6987,6.099097209283948e-05
3801,406.18354242700116,4.5738,6.0978804562592464e-05
3802,406.2827106240002,4.728,6.0966552279135814e-05
3803,406.3815580350001,4.6424,6.0954316348395016e-05
3804,406.4786190290015,5.4931,6.0942093439629576e-05
3805,406.5766923930005,5.4259,6.093011371728394e-05
3806,406.67433977100154,4.8342,6.091802201864185e-05
3807,406.7695101400004,2.8186,6.0905959996913385e-05
3808,406.8680225120006,4.1746,6.0894201033950625e-05
3809,406.9672629600009,6.4177,6.088205370296294e-05
3810,407.06390730400017,4.1704,6.086977106135798e-05
3811,407.16189450800084,5.3969,6.085785048703689e-05
3812,407.2591839900015,3.9401,6.0845773885555476e-05
3813,407.3567833550005,5.4305,6.083375455123436e-05
3814,407.4499753100008,4.8971,6.082170523259243e-05
3815,407.5496056160009,4.6083,6.08102267114813e-05
3816,407.6495452650015,4.3251,6.0797875262962836e-05
3817,407.7496637860004,4.5307,6.078557516543192e-05
3818,407.8479042020008,4.8893,6.077318375382697e-05
3819,407.9465277120016,6.1559,6.076105805061723e-05
3820,408.04651258800004,5.6042,6.074891146209857e-05
3821,408.14425831000153,4.2654,6.073653817839493e-05
3822,408.2447195720015,4.4582,6.072446824419752e-05
3823,408.34404681200067,5.7039,6.071208143629621e-05
3824,408.44254190100037,4.5704,6.069981140691343e-05
3825,408.5414906920014,6.0925,6.068761173444435e-05
3826,408.6334869000002,4.9677,6.067543562370366e-05
3827,408.73141254200164,5.3414,6.066413277592577e-05
3828,408.82859573099995,5.7834,6.065198199604929e-05
3829,408.9259204360005,6.4649,6.0639990573333225e-05
3830,409.02495320600065,5.1946,6.062791686419744e-05
3831,409.1240268490001,4.8804,6.061577618074066e-05
3832,409.2203065850008,5.0984,6.060351036518519e-05
3833,409.31769041000007,4.9738,6.059162536308622e-05
3834,409.41824443600126,6.0827,6.0579644609876406e-05
3835,409.5177051540013,4.334,6.056721761172828e-05
3836,409.6187017550001,5.2588,6.0554919996419714e-05
3837,409.7160566670009,5.4944,6.054245868185167e-05
3838,409.8085012520005,5.4479,6.0530424558518365e-05
3839,409.9092888340001,5.2024,6.0519049207530684e-05
3840,410.00809110000046,5.2342,6.05065885454319e-05
3841,410.1049398790001,6.0343,6.049438757419741e-05
3842,410.2037695020008,5.2429,6.0482425549259156e-05
3843,410.2990645410009,4.971,6.047022296518516e-05
3844,410.39645172100063,4.7228,6.0458447242222006e-05
3845,410.4958989320003,5.8035,6.044641223037032e-05
3846,410.5966003250014,5.0584,6.043414810444446e-05
3847,410.69528192000143,3.9482,6.042171530814813e-05
3848,410.7960997730006,4.6458,6.0409475718148146e-05
3849,410.89582974400037,5.0588,6.0397100664444294e-05
3850,410.99504011800127,4.8728,6.038481238839504e-05
3851,411.0939414120003,5.847,6.037255186160491e-05
3852,411.1918634120011,4.0019,6.036034389617271e-05
3853,411.28898161000143,5.4736,6.034823192753081e-05
3854,411.38812191500074,5.3823,6.033624453728386e-05
3855,411.48621195500164,5.0555,6.03239715134567e-05
3856,411.58354183200026,5.5283,6.0311897297407416e-05
3857,411.68427274900023,5.3927,6.029988521308625e-05
3858,411.78225517600004,4.9989,6.0287459776790026e-05
3859,411.8801221550002,5.509,6.027533608765428e-05
3860,411.9771228540012,5.9772,6.026328910160486e-05
3861,412.0724505520011,4.9059,6.0251298819506096e-05
3862,412.17101172300136,5.4152,6.0239510797654266e-05
3863,412.27083091500026,4.6831,6.022737439888878e-05
3864,412.368646506,4.6755,6.021503786283934e-05
3865,412.4671426490004,4.7673,6.020293490197511e-05
3866,412.56523023299997,5.5701,6.0190799522962936e-05
3867,412.6639787590011,4.4602,6.0178668752098565e-05
3868,412.762796074001,4.9195,6.0166513677530836e-05
3869,412.8625739200015,4.7781,6.0154304280123254e-05
3870,412.96034619700004,4.4732,6.0141995912839514e-05
3871,413.05966230500053,4.7833,6.012991953851843e-05
3872,413.15923569500046,5.0899,6.0117646487037014e-05
3873,413.25682639000115,3.9321,6.0105336308518375e-05
3874,413.35510072000034,4.5527,6.0093306409135595e-05
3875,413.45262595400163,4.2715,6.0081180825431895e-05
3876,413.55087776800065,5.0319,6.006904264222209e-05
3877,413.6480687840012,5.2618,6.005699070999982e-05
3878,413.7446804700012,3.7786,6.0044915515925735e-05
3879,413.84201372700045,4.7842,6.003307154716036e-05
3880,413.93821911800114,4.7513,6.002106873444445e-05
3881,414.0341014500009,4.485,6.0009200134444445e-05
3882,414.13299542800087,4.3127,5.9997352783209656e-05
3883,414.23007334900103,4.9942,5.998505763395063e-05
3884,414.32859215100143,5.799,5.9973140509135675e-05
3885,414.42731165700025,5.9314,5.996099947358025e-05
3886,414.5262543410008,4.6887,5.9948768479999995e-05
3887,414.62401753500126,4.2575,5.99365741451851e-05
3888,414.722448763001,5.9034,5.9924502862715916e-05
3889,414.82101468900146,5.4722,5.9912378094938094e-05
3890,414.9171717450008,4.2651,5.99001904904938e-05
3891,415.0163766600017,5.4012,5.9888322176789926e-05
3892,415.1152725160009,5.5647,5.987609565753083e-05
3893,415.21343048700146,5.1906,5.986388546950602e-05
3894,415.3088897200014,3.4919,5.985175372246908e-05
3895,415.4066226720006,4.5027,5.9839965405308586e-05
3896,415.50356982300036,5.2664,5.982788265135804e-05
3897,415.60019000300053,5.2984,5.981591108135799e-05
3898,415.7009178750013,5.2245,5.980397937222217e-05
3899,415.7991094370009,4.5325,5.979157772333318e-05
3900,415.89654784600134,5.6221,5.977946002567882e-05
3901,415.9925878520007,3.1865,5.976740927259241e-05
3902,416.08894660700025,5.1512,5.9755545041111026e-05
3903,416.1870934560011,4.7333,5.974364333567881e-05
3904,416.2839096000007,4.7554,5.973154659135796e-05
3905,416.3784695400009,4.8524,5.97196074239506e-05
3906,416.4764180560014,5.0151,5.970787641333331e-05
3907,416.5733312750017,4.7972,5.969581812197529e-05
3908,416.67010504300015,5.0091,5.9683858396543026e-05
3909,416.7689045980005,5.7675,5.9671894108641825e-05
3910,416.86787932300103,4.9557,5.965967250407405e-05
3911,416.9675526580013,4.3787,5.9647519579505986e-05
3912,417.0656014280012,4.6033,5.9635196378394876e-05
3913,417.1645290210017,4.2468,5.96230810074074e-05
3914,417.2644412050013,5.3564,5.9610872666543195e-05
3915,417.36521212700063,5.219,5.9598536019753005e-05
3916,417.464034689001,5.5495,5.958610331172818e-05
3917,417.56086725500063,3.8389,5.957389144086421e-05
3918,417.65692097900137,4.5057,5.956194061716029e-05
3919,417.7554337360016,5.9834,5.9550091281234474e-05
3920,417.8520244010015,5.662,5.953789763876535e-05
3921,417.9478139640014,4.0478,5.9525986600123427e-05
3922,418.0436849480011,4.6556,5.9514168130370344e-05
3923,418.1405034610016,3.6197,5.9502303248888816e-05
3924,418.23888576800164,4.5237,5.949037119197525e-05
3925,418.33921347100113,4.7828,5.947809388530858e-05
3926,418.4369961880002,5.1464,5.94658494337037e-05
3927,418.5362953190015,5.3986,5.9453766374444294e-05
3928,418.634420153001,4.5951,5.9441498493826976e-05
3929,418.72943864100125,4.7866,5.942940543185165e-05
3930,418.8286568750009,4.1954,5.9417657567777685e-05
3931,418.92773170700093,4.9418,5.940534731666655e-05
3932,419.0271829580015,5.7335,5.939320117678995e-05
3933,419.12667055400016,4.1873,5.938087884086409e-05
3934,419.2218476620001,3.9369,5.936861902432083e-05
3935,419.32057244099997,4.2158,5.935686757679013e-05
3936,419.4208210120014,4.9605,5.934470841320967e-05
3937,419.5187015570009,3.6629,5.9332337633456784e-05
3938,419.6162578330004,5.1684,5.9320223360864026e-05
3939,419.71576178100077,4.576,5.9308083730493644e-05
3940,419.81480606400146,5.1056,5.9295899821851816e-05
3941,419.9132376790003,4.797,5.9283656740493674e-05
3942,420.01040654400094,5.202,5.927154391135794e-05
3943,420.1061493390007,5.3322,5.925939989481461e-05
3944,420.20345516199995,5.9587,5.9247666688394856e-05
3945,420.30255947800106,6.0018,5.923569805407394e-05
3946,420.40049419000024,3.8708,5.9223467482592423e-05
3947,420.49861248900015,4.2549,5.92112550237035e-05
3948,420.59679684600087,5.1168,5.919922404197509e-05
3949,420.69594158400105,4.7785,5.918715380765432e-05
3950,420.79563608400167,3.8814,5.9174891708888836e-05
3951,420.8935683910004,4.8543,5.9162519316913535e-05
3952,420.99407445900033,4.9528,5.9150499045678806e-05
3953,421.0925054950003,3.5787,5.913796653061716e-05
3954,421.1904133370008,5.5907,5.912592753037025e-05
3955,421.2912427570009,4.4943,5.9113840889876435e-05
3956,421.38627520299997,2.6817,5.910138664246894e-05
3957,421.47740603700004,5.7616,5.908964407851845e-05
3958,421.57621023200045,5.7966,5.9078443034691364e-05
3959,421.6727858740014,4.3007,5.9066228646419696e-05
3960,421.77130769200085,3.5393,5.9054301312592506e-05
3961,421.8666520350016,5.6343,5.904211929296286e-05
3962,421.9646125870004,4.3828,5.903035129530856e-05
3963,422.05827982400115,5.2842,5.901827402876532e-05
3964,422.1574492050004,4.9875,5.900673017975306e-05
3965,422.25684530700164,3.432,5.8994465562715995e-05
3966,422.3531670680004,3.9314,5.898218705740739e-05
3967,422.4511062270012,3.399,5.897031558938253e-05
3968,422.54803079200065,3.7197,5.89582062701234e-05
3969,422.6439344010014,3.7419,5.894623885506165e-05
3970,422.7424573070002,5.5656,5.8934401078888724e-05
3971,422.8409339550017,4.461,5.892225342012341e-05
3972,422.9380790920004,5.227,5.8910094974814726e-05
3973,423.0370903960011,5.1341,5.889810291888869e-05
3974,423.134861732,4.4858,5.888586321419738e-05
3975,423.23168553899995,4.7815,5.88737808109875e-05
3976,423.3278203580012,5.7129,5.8861859758518324e-05
3977,423.4253342110005,5.8189,5.88499641511111e-05
3978,423.5223775610011,4.9117,5.883793528185167e-05
3979,423.61754891200144,4.1358,5.882591475950612e-05
3980,423.71827341600147,5.0274,5.8814189312098614e-05
3981,423.81873769600134,5.6662,5.8801648303209796e-05
3982,423.91460791400095,4.5223,5.8789372085185155e-05
3983,424.0115062620007,4.7782,5.877752419333325e-05
3984,424.10705197600146,4.9415,5.876558012617274e-05
3985,424.19777326200165,5.4175,5.8753767274320805e-05
3986,424.2961829570013,4.1034,5.874262269395061e-05
3987,424.39401734400053,5.9159,5.873042247395045e-05
3988,424.4939914940005,4.3888,5.871834531518503e-05
3989,424.5916157210013,5.0914,5.870599468481476e-05
3990,424.68774996200045,3.5627,5.869393690851841e-05
3991,424.78653852500065,5.5146,5.8682071926419605e-05
3992,424.88490083500074,5.3031,5.866988076987638e-05
3993,424.98425239600147,5.1095,5.8657760791975314e-05
3994,425.0823928890004,4.954,5.864547360814811e-05
3995,425.1788997600015,5.334,5.863335073222213e-05
3996,425.27500929800044,6.2133,5.8621435849999904e-05
3997,425.3737613530011,4.6808,5.8609556405185076e-05
3998,425.4708706620004,3.5924,5.8597392482469005e-05
3999,425.56944093100174,5.4197,5.858536720864176e-05
4000,425.66803502900075,5.5549,5.8573244808147945e-05
4001,425.76468950100025,5.1684,5.856106879419747e-05
4002,425.86408915300126,5.9491,5.854907999185175e-05
4003,425.9613832550003,4.7783,5.8536851712222095e-05
4004,426.061375751,5.3491,5.852482979580241e-05
4005,426.1579562000006,4.9595,5.851249506432093e-05
4006,426.24913662200015,5.4413,5.8500489307407416e-05
4007,426.3459764770014,4.6998,5.848936086851833e-05
4008,426.44396179400064,5.1054,5.8477356436542997e-05
4009,426.54315397900064,4.968,5.846517004617262e-05
4010,426.6416312800011,4.2463,5.845305256061715e-05
4011,426.74088188600035,4.3531,5.844086943814815e-05
4012,426.83714898700055,5.0864,5.842862605716046e-05
4013,426.936471125,5.2276,5.8416727540987516e-05
4014,427.03683855300005,4.8226,5.840446687012333e-05
4015,427.1352285970006,5.0007,5.839207635197521e-05
4016,427.2346910420001,4.5868,5.8379922100123374e-05
4017,427.3329504370013,5.175,5.8367655939382534e-05
4018,427.4301943720002,3.7174,5.83555412912345e-05
4019,427.53081221499997,5.5441,5.834347760950618e-05
4020,427.62987996000084,4.5292,5.833109573604928e-05
4021,427.73030819500127,5.0022,5.831881017753067e-05
4022,427.8281074660008,4.8489,5.8306472093950616e-05
4023,427.92697095400035,4.0876,5.829434795950606e-05
4024,428.02693184800046,4.6931,5.828218164802461e-05
4025,428.1242315060008,4.6476,5.8269854852098635e-05
4026,428.225667658,5.5691,5.8257817215431984e-05
4027,428.3253139430017,4.4659,5.824531587851838e-05
4028,428.42362598399995,5.0383,5.823301918728383e-05
4029,428.5229567820006,5.3744,5.822085790567885e-05
4030,428.62048154900003,3.9421,5.820862006604925e-05
4031,428.72197752800093,4.9391,5.819655154160478e-05
4032,428.8221657840004,6.2251,5.8184024719259114e-05
4033,428.92095999900084,5.7084,5.8171667561110986e-05
4034,429.0189706380006,4.2591,5.8159454167407265e-05
4035,429.11822085900167,4.3661,5.814723988987636e-05
4036,429.2154245440015,5.0321,5.813509902024691e-05
4037,429.3130397840014,5.2265,5.8123071333703585e-05
4038,429.4119705440007,4.2598,5.811105795543197e-05
4039,429.5097035180006,4.4788,5.809885005209871e-05
4040,429.6087466750014,5.2632,5.808677660061715e-05
4041,429.70608676100164,5.4542,5.807455459358024e-05
4042,429.804216171,4.7515,5.8062550679259185e-05
4043,429.902999553,5.4708,5.805041038864192e-05
4044,429.9992552900003,3.4568,5.803824976617267e-05
4045,430.09877446000064,5.7672,5.802631029407403e-05
4046,430.196851435001,4.7685,5.8014061656789934e-05
4047,430.2947083990002,4.7541,5.800194315395049e-05
4048,430.39349625900104,5.6297,5.79898699539505e-05
4049,430.49146028400173,5.5574,5.7977680923209674e-05
4050,430.58983946900116,4.9226,5.796554995098766e-05
4051,430.68769285300004,3.6941,5.795345053518512e-05
4052,430.78652284800046,5.3058,5.794134204543208e-05
4053,430.88632664800025,5.5141,5.792913017246907e-05
4054,430.98510046200136,5.8908,5.7916825530617104e-05
4055,431.08334269700026,3.9459,5.7904639511111045e-05
4056,431.1813236830003,4.8701,5.789250188629618e-05
4057,431.279207562,3.8122,5.7880406191728264e-05
4058,431.37723317200107,4.8909,5.786832757135792e-05
4059,431.4760490050012,5.0007,5.7856226009259264e-05
4060,431.5735660590017,4.931,5.784403107518503e-05
4061,431.6724376380007,5.7201,5.783195392999983e-05
4062,431.7697522770013,4.2996,5.781978140172821e-05
4063,431.8690280760002,4.8111,5.7807756604320785e-05
4064,431.96567181700084,3.9233,5.779552456827142e-05
4065,432.06281382199995,4.1452,5.778358703617279e-05
4066,432.1631055730013,5.2115,5.777157795395061e-05
4067,432.26276245900044,4.9852,5.775924113259244e-05
4068,432.3609511190007,5.1292,5.774692057098744e-05
4069,432.45656686000075,5.5144,5.7734770357160474e-05
4070,432.55724509300126,4.4548,5.7722963690864204e-05
4071,432.65575566200096,4.8918,5.77105570241975e-05
4072,432.7544991600007,4.9779,5.769838531827145e-05
4073,432.85304086400174,5.2078,5.768620910740728e-05
4074,432.94967902400094,4.6287,5.767403693901217e-05
4075,433.0452882660011,3.0132,5.766209891629617e-05
4076,433.147347565,5.1573,5.765027529296276e-05
4077,433.2459136720008,5.9567,5.763769211962943e-05
4078,433.3433873060003,5.345,5.762552848123444e-05
4079,433.44383381600164,4.6301,5.761348229395043e-05
4080,433.54169095399993,4.7313,5.760110710654301e-05
4081,433.6393458420007,5.1779,5.7589028735555426e-05
4082,433.73402062700006,4.6065,5.757695418617274e-05
4083,433.8310449890014,3.8403,5.7565249669012165e-05
4084,433.92837334100113,4.7513,5.755319320641961e-05
4085,434.02573186600057,5.3239,5.7541271703827125e-05
4086,434.1244551630007,5.195,5.7529245709753065e-05
4087,434.22295665800084,4.4859,5.751706458148145e-05
4088,434.3202090850009,5.229,5.7504901420246894e-05
4089,434.4155576280009,4.5527,5.7492887643580205e-05
4090,434.51379441500103,5.7006,5.748110827876538e-05
4091,434.6128292430003,5.1418,5.7468990863456585e-05
4092,434.7117452040002,4.0084,5.7456785721851826e-05
4093,434.81147448900083,5.7516,5.7444569952962926e-05
4094,434.9050958480002,2.6503,5.7432235057160465e-05
4095,435.00008925100155,4.834,5.7420665114567794e-05
4096,435.0999002050012,4.584,5.740895980518501e-05
4097,435.19820893200085,4.6189,5.7396665509012235e-05
4098,435.29455687600057,5.2401,5.738450785345664e-05
4099,435.3925619010006,4.0174,5.7372554626419714e-05
4100,435.48713531200156,5.2638,5.7360482103086266e-05
4101,435.585281525,4.4178,5.734880173580228e-05
4102,435.6830032000016,5.1734,5.733670263703701e-05
4103,435.7796117120015,3.4477,5.732465810098757e-05
4104,435.8777293740004,4.7369,5.731271303098765e-05
4105,435.9770666680015,5.1534,5.7300615083456746e-05
4106,436.0747578120008,5.1826,5.728835721061729e-05
4107,436.1724513950012,5.0674,5.72762825454319e-05
4108,436.2727455990007,4.9836,5.7264219240987594e-05
4109,436.3743427420013,5.4451,5.7251849396790125e-05
4110,436.4720635540016,3.8515,5.7239312982962964e-05
4111,436.572278859001,5.0782,5.722721747555535e-05
4112,436.6712343470008,5.3376,5.721488793296279e-05
4113,436.77026783900146,5.9636,5.720262707493806e-05
4114,436.86748235400046,4.48,5.719037918419732e-05
4115,436.9659776130011,4.0222,5.717839973037024e-05
4116,437.06213853600093,4.0486,5.716626933962952e-05
4117,437.1583160530008,4.2799,5.71543801349381e-05
4118,437.25537537700075,2.9385,5.7142426344938116e-05
4119,437.3541331110009,4.2986,5.713050062530863e-05
4120,437.4533475550015,5.0859,5.711835031629618e-05
4121,437.55048537900075,4.4974,5.710608616876544e-05
4122,437.6425317130015,5.099,5.709408876580239e-05
4123,437.73837119200107,5.2982,5.708275057975294e-05
4124,437.83763338600147,5.2029,5.707088135419754e-05
4125,437.937372376,4.3955,5.7058639463209863e-05
4126,438.034992369001,4.8341,5.704633811654321e-05
4127,438.1283192830015,5.9871,5.703429458172819e-05
4128,438.22709275800116,5.4352,5.702275749246905e-05
4129,438.3260212460009,3.3107,5.7010545793086356e-05
4130,438.42664770300144,4.5126,5.699832523259246e-05
4131,438.5233103800001,3.8097,5.6985923937407306e-05
4132,438.6206116020003,3.9692,5.697397740555544e-05
4133,438.7182069120008,5.0398,5.6961982203209816e-05
4134,438.81723096800124,4.1057,5.694992309925915e-05
4135,438.9155642900005,3.4887,5.69377025859258e-05
4136,439.01359638300164,4.3953,5.692554206740731e-05
4137,439.1090649510006,4.7582,5.691344727432089e-05
4138,439.20734593700035,4.3727,5.6901636846172846e-05
4139,439.3058369090013,5.6023,5.688955165950608e-05
4140,439.4022815240005,4.5725,5.687732847234566e-05
4141,439.4995376800016,4.9746,5.68654506634567e-05
4142,439.59910622200005,5.0288,5.6853444040370296e-05
4143,439.6994377200008,5.3417,5.684116251296283e-05
4144,439.7973076520011,4.1477,5.682878576691346e-05
4145,439.8923195080006,4.6902,5.681671737481462e-05
4146,439.9898569820016,4.4364,5.680496337678993e-05
4147,440.0878318510004,4.9505,5.6792928148271464e-05
4148,440.1864521920015,5.0322,5.6780822635184997e-05
4149,440.28182992000075,4.7287,5.6768646653950496e-05
4150,440.3797402880009,4.5394,5.6756887150370374e-05
4151,440.48099047800133,4.7372,5.674479029419739e-05
4152,440.5827216120015,5.3887,5.6732319141481435e-05
4153,440.6808039360003,3.4237,5.671973590481472e-05
4154,440.78017919100057,4.9261,5.670764112172824e-05
4155,440.87902100000065,5.668,5.669538573777764e-05
4156,440.97596173700003,4.6243,5.668316714691353e-05
4157,441.0713897980004,5.562,5.6671182818888744e-05
4158,441.1634230810014,4.7633,5.6659409913333136e-05
4159,441.2557471830005,5.7171,5.664808113999984e-05
4160,441.3558760770011,6.0404,5.663667096370369e-05
4161,441.45435548300156,4.4645,5.662430271827148e-05
4162,441.55482223800027,5.5534,5.661213285962956e-05
4163,441.6554629050006,5.3726,5.6599719756419665e-05
4164,441.75388940000084,5.1484,5.658718384876538e-05
4165,441.85317012000087,5.1376,5.6575164547160477e-05
4166,441.9514481850001,5.9656,5.656292146098763e-05
4167,442.0518152900004,5.1044,5.655077761283938e-05
4168,442.14924436100046,4.0804,5.65383784934566e-05
4169,442.24687882200124,5.1865,5.652632133123444e-05
4170,442.34712752500127,5.7079,5.65142859479011e-05
4171,442.44596496300073,4.4953,5.6501927615802374e-05
4172,442.5440884140007,4.9636,5.6489725732962936e-05
4173,442.64352408500054,5.1457,5.6477585261604827e-05
4174,442.74160724000103,5.6495,5.646534237962947e-05
4175,442.83924994300105,5.3626,5.6453217219876495e-05
4176,442.9370478910005,5.488,5.644114710419739e-05
4177,443.03476911600046,4.4624,5.642908042098745e-05
4178,443.1311560010017,5.347,5.641701906308636e-05
4179,443.22678929200083,3.7144,5.640499686530853e-05
4180,443.31883345500137,5.542,5.639328647876544e-05
4181,443.4191922830014,5.2152,5.63819659848146e-05
4182,443.5197286800012,4.8912,5.636943909654315e-05
4183,443.6170727100016,4.7959,5.635713787271599e-05
4184,443.71666922500117,5.284,5.6345137618024666e-05
4185,443.8153978980008,4.9998,5.633285020999985e-05
4186,443.91544018100103,5.1306,5.6320648506666603e-05
4187,444.0131201610002,4.9628,5.630831973234556e-05
4188,444.1110409360008,4.8583,5.629623585172823e-05
4189,444.2028805400005,5.4615,5.628415583740724e-05
4190,444.3008363380013,5.1188,5.6272781448888847e-05
4191,444.39982142900044,5.148,5.62607078241975e-05
4192,444.49807543000134,4.8642,5.6248414220123256e-05
4193,444.59948982700007,5.8996,5.62363563491357e-05
4194,444.6996487640008,3.9473,5.622385319740737e-05
4195,444.7970828330017,4.0364,5.621147184962944e-05
4196,444.8965779630016,4.8323,5.6199445587530654e-05
4197,444.99559509400024,5.5536,5.6187168500493705e-05
4198,445.094194184001,4.8425,5.617495273938268e-05
4199,445.19414871200024,5.1188,5.616274587753067e-05
4200,445.2913565260005,5.4132,5.6150436638888806e-05
4201,445.38917752900124,5.536,5.613843501851843e-05
4202,445.4879624870009,4.5132,5.612633752271601e-05
4203,445.58470836500055,4.0836,5.611414295333322e-05
4204,445.68132982000134,4.2983,5.610220706950602e-05
4205,445.7801499470006,5.4916,5.6090250251604805e-05
4206,445.8785352540017,3.4451,5.607810161629616e-05
4207,445.97532242000125,5.2789,5.6065925633827e-05
4208,446.0749575130012,5.1136,5.605398164506155e-05
4209,446.17126463300156,4.601,5.604170076555544e-05
4210,446.2715905990008,5.8954,5.602976483333322e-05
4211,446.37266948700017,4.3442,5.6017413069382683e-05
4212,446.4718565130006,4.8955,5.600492343641954e-05
4213,446.570834862001,5.0017,5.599267976456781e-05
4214,446.67057089600166,5.283,5.598047236580246e-05
4215,446.77088265300154,5.1935,5.5968057726666665e-05
4216,446.86792160500045,5.0802,5.595574296641959e-05
4217,446.9664526020006,4.2504,5.594378347567894e-05
4218,447.0652396960013,4.9515,5.5931602013950426e-05
4219,447.16370272099994,5.3691,5.5919428014567756e-05
4220,447.2596681950017,3.607,5.5907286767530795e-05
4221,447.3583530370015,4.8545,5.5895406525061714e-05
4222,447.457954376001,4.763,5.588321881740728e-05
4223,447.55625028600116,4.804,5.587096477851851e-05
4224,447.65592509199996,5.1131,5.5858792163086314e-05
4225,447.75487216500005,5.6494,5.584650534271588e-05
4226,447.854626665001,5.0915,5.583429728111101e-05
4227,447.95350213300117,5.1757,5.582198822444444e-05
4228,448.0526152520015,5.3686,5.580978838530855e-05
4229,448.150227215001,5.4141,5.579754563666646e-05
4230,448.2479992890003,4.1873,5.5785498930740745e-05
4231,448.34863251500065,5.492,5.5773402259629506e-05
4232,448.44786835800005,5.5232,5.576092929419741e-05
4233,448.5455942890003,5.3118,5.57487072858023e-05
4234,448.6449090060014,4.6346,5.573664726728376e-05
4235,448.7447034550005,5.8513,5.5724412166790116e-05
4236,448.8406603370004,4.2493,5.571208923901227e-05
4237,448.93849866000164,4.8302,5.5700235753827015e-05
4238,449.0364282750015,5.1717,5.568810528407388e-05
4239,449.1340056780009,4.4783,5.5676071659629626e-05
4240,449.2310927530016,5.4521,5.566402107666655e-05
4241,449.327605597,4.4339,5.56520406035802e-05
4242,449.4263092350011,5.9605,5.5640130041357886e-05
4243,449.52742984700126,4.9673,5.5627936137283944e-05
4244,449.6241837480011,5.0346,5.5615399876666666e-05
4245,449.7219669720016,5.3395,5.560350696333321e-05
4246,449.81950527400113,4.9177,5.559144628123452e-05
4247,449.9187033620001,4.9381,5.557935621259243e-05
4248,450.0212854850015,5.3101,5.556700886320969e-05
4249,450.1176748930011,3.7358,5.555451259185169e-05
4250,450.21512214700124,4.6607,5.554258283641962e-05
4251,450.31417748400054,4.901,5.553055800012333e-05
4252,450.4144450850017,5.6926,5.551832438679008e-05
4253,450.51490716900116,3.8521,5.550595076999984e-05
4254,450.6128349210012,5.3088,5.549352842864198e-05
4255,450.7107162660013,4.9261,5.548144872123435e-05
4256,450.8069448720016,4.9559,5.546936282222215e-05
4257,450.9041126450011,4.3356,5.5457484912839396e-05
4258,451.00390430100015,4.7071,5.544548771567883e-05
4259,451.10239528700004,5.7194,5.54331404845677e-05
4260,451.2013034820011,4.5726,5.542101646753082e-05
4261,451.2978379140004,5.6549,5.540879567209871e-05
4262,451.39541588000066,5.4918,5.5396898821234376e-05
4263,451.50026427600096,5.2999,5.5384832397407374e-05
4264,451.5973890860005,3.1523,5.537191381185174e-05
4265,451.68851801000164,4.4356,5.535989512469135e-05
4266,451.78558198300016,5.2392,5.534865492012344e-05
4267,451.8848708510013,4.4073,5.533666648283947e-05
4268,451.98210120300064,4.0507,5.532438936259249e-05
4269,452.07836766200126,4.6793,5.531239580407388e-05
4270,452.1742253170014,3.9924,5.530052413481467e-05
4271,452.27135123300104,5.1987,5.528866094790122e-05
4272,452.3665170790009,3.4917,5.5276709301234396e-05
4273,452.4611435370007,3.3714,5.526491604654305e-05
4274,452.5591488050013,4.4262,5.5253273550246786e-05
4275,452.65085827000075,5.214,5.524117861419744e-05
4276,452.75106939500074,4.7513,5.522984756407397e-05
4277,452.8499120710003,4.62,5.521747252518501e-05
4278,452.94864027400035,4.569,5.520528167469123e-05
4279,453.04602391500157,5.4002,5.5193068564938264e-05
4280,453.14427373000035,4.8396,5.518105156432083e-05
4281,453.24352387900035,5.0144,5.516891562444437e-05
4282,453.3406413650009,4.3906,5.515667737975301e-05
4283,453.44058621600016,4.6093,5.5144664337283894e-05
4284,453.5375481150004,4.7071,5.513230773703689e-05
4285,453.63684509200175,4.7352,5.512036025679002e-05
4286,453.7473228030012,4.103,5.510811859678996e-05
4287,453.84567631700156,5.5512,5.509444605481477e-05
4288,453.947040518,4.7748,5.5082213094814694e-05
4289,454.0473978120008,4.2397,5.506977887049378e-05
4290,454.14388562300155,5.0792,5.505741535864195e-05
4291,454.24257249100083,4.6929,5.504547138580232e-05
4292,454.3410292890003,5.3489,5.5033333133950594e-05
4293,454.4390559650001,5.691,5.502119608234555e-05
4294,454.5400800430016,5.4801,5.50090102365431e-05
4295,454.6406165460012,5.1514,5.4996615769876515e-05
4296,454.7394622130014,4.8489,5.498421169444443e-05
4297,454.8380477690007,5.355,5.4972012643703685e-05
4298,454.9366248820006,4.937,5.4959810201110907e-05
4299,455.0364089950017,5.1365,5.494764035740738e-05
4300,455.13218398700155,4.0037,5.493531080913574e-05
4301,455.22790391500166,4.3249,5.492347621456775e-05
4302,455.3262939390006,5.4639,5.491166463703692e-05
4303,455.42411383800027,5.3043,5.4899562345925926e-05
4304,455.5229390660006,4.4562,5.488739778987638e-05
4305,455.62019916100144,5.0496,5.4875260669752926e-05
4306,455.720693665,4.9195,5.4863264828394965e-05
4307,455.81734982000125,4.1387,5.485080485814813e-05
4308,455.9152617910004,4.8077,5.483894037506167e-05
4309,456.0122007810005,4.2583,5.482684224999985e-05
4310,456.1101433310014,3.901,5.481483667790105e-05
4311,456.20617336100076,4.9882,5.480276971913576e-05
4312,456.3056530940012,4.8861,5.479092131530863e-05
4313,456.4047791180001,4.6862,5.477865148666661e-05
4314,456.5021082460007,5.1806,5.4766419455802276e-05
4315,456.60044614800063,5.2593,5.4754391172345666e-05
4316,456.6984286020015,4.9561,5.474222378765419e-05
4317,457.1242802230008,5.1792,5.473014350382701e-05
4318,457.22406163600135,5.5858,5.4677563353703644e-05
4319,457.3237384760014,4.8929,5.466523119641957e-05
4320,457.4234950730006,5.0413,5.4652941155678874e-05
4321,457.5222997100009,4.2316,5.464065253135782e-05
4322,457.62272734900034,5.7977,5.462832619370355e-05
4323,457.72404936400017,5.1229,5.461604699543207e-05
4324,457.82321796200085,5.9604,5.460348950049368e-05
4325,457.9226042420014,5.1216,5.459130111098749e-05
4326,458.01929140000175,2.474,5.457900794679001e-05
4327,458.11929760600106,5.1675,5.4567057052962934e-05
4328,458.2183019720014,5.3011,5.455472311061722e-05
4329,458.3190954390011,6.1696,5.454244614580244e-05
4330,458.41639923600087,4.2543,5.453006584925912e-05
4331,458.514225496001,4.8692,5.45180487371603e-05
4332,458.6163755870002,4.0403,5.4505917104567894e-05
4333,458.71544059700136,3.9088,5.4493362784567715e-05
4334,458.8170258650007,4.5985,5.448110766308629e-05
4335,458.9160323750002,4.3556,5.446859399271601e-05
4336,459.01341150200096,4.9972,5.445636981604939e-05
4337,459.11028956800146,5.2226,5.4444335147037e-05
4338,459.20932200900097,5.1451,5.443237333975295e-05
4339,459.3084021800005,5.9626,5.442015909234564e-05
4340,459.4074629650004,4.2329,5.4407945159012195e-05
4341,459.5091104030016,4.9519,5.439569648679004e-05
4342,459.6083770430014,5.2093,5.438316871037028e-05
4343,459.70884237800055,3.9886,5.437086915506169e-05
4344,459.8089568760006,5.4345,5.4358521868148e-05
4345,459.9099611210004,5.3132,5.4346126152715984e-05
4346,460.0079463760012,4.8787,5.433369849950598e-05
4347,460.10762763800085,4.9843,5.432153107790114e-05
4348,460.2059761110013,5.279,5.4309194305925846e-05
4349,460.30258337800115,5.1214,5.4297113010123454e-05
4350,460.40217213800133,4.9214,5.4285196835061704e-05
4351,460.5016458730006,3.9218,5.427289402037024e-05
4352,460.6000619610004,4.1087,5.426063587271585e-05
4353,460.69775874600055,4.8975,5.424843592654321e-05
4354,460.79617671100095,4.4418,5.423640391086417e-05
4355,460.89495291599997,5.2771,5.42242435509876e-05
4356,460.99451182100165,4.8469,5.4212070218641816e-05
4357,461.09333319899997,4.0849,5.419977265753083e-05
4358,461.1905556370002,5.3215,5.418758972888885e-05
4359,461.2882129940008,5.3335,5.417556310777771e-05
4360,461.38705998600017,3.864,5.4163524749135755e-05
4361,461.486424009001,4.5127,5.4151311883827104e-05
4362,461.5831604140003,5.0769,5.413903478111091e-05
4363,461.6807191020016,4.7617,5.412706649901215e-05
4364,461.7785218860008,5.3278,5.411506186271602e-05
4365,461.8774742550013,5.1068,5.410297002753071e-05
4366,461.97658381400106,5.0482,5.409078753518502e-05
4367,462.0760171910006,4.5882,5.4078530936296135e-05
4368,462.17557590400065,6.1279,5.406625062370365e-05
4369,462.2748971600013,4.8958,5.405394686074066e-05
4370,462.37536754400026,5.1157,5.404170850358006e-05
4371,462.4753082010011,5.5547,5.402928976864177e-05
4372,462.5732981200017,5.0082,5.401696185197512e-05
4373,462.67423787900043,5.1476,5.400486109950617e-05
4374,462.773320358001,5.182,5.3992391598148074e-05
4375,462.871189675001,4.7722,5.398016276617264e-05
4376,462.97065579100126,4.9298,5.396808185728388e-05
4377,463.06940119400133,5.539,5.395578332197517e-05
4378,463.1661160830008,5.1344,5.394361980765412e-05
4379,463.26420301300095,4.5168,5.393164698641955e-05
4380,463.360976422,5.1539,5.391954800617267e-05
4381,463.4559901850007,5.4731,5.3907614633209716e-05
4382,463.55453377699996,3.9377,5.389587121629625e-05
4383,463.65385879099995,5.0723,5.388371920259252e-05
4384,463.75418153400096,4.662,5.387145747234554e-05
4385,463.85125628900096,5.4906,5.3859068442592455e-05
4386,463.94341076800083,5.8139,5.384706185654316e-05
4387,464.04171040500114,4.4419,5.3835738995185014e-05
4388,464.1382791410015,4.0225,5.38235727502467e-05
4389,464.2346154300012,6.1897,5.3811619839629503e-05
4390,464.3321956870004,4.9141,5.3799753864567726e-05
4391,464.43167355400146,4.9923,5.3787706504073965e-05
4392,464.5323538950015,4.4124,5.377533654432081e-05
4393,464.63254159900134,4.6234,5.3762994315678904e-05
4394,464.73136856600104,5.1927,5.3750622049999854e-05
4395,464.83057164300044,3.7354,5.373843558148144e-05
4396,464.9283535980012,4.0545,5.372619027617273e-05
4397,465.02628650299994,5.1115,5.3714088947777604e-05
4398,465.123907651001,4.4821,5.3702002724814605e-05
4399,465.2229428990013,5.5437,5.368996204716035e-05
4400,465.3243962690012,5.4807,5.367771490962943e-05
4401,465.4246190640006,5.1307,5.366523306283943e-05
4402,465.5228164630007,5.3366,5.365282270358023e-05
4403,465.620592401001,5.6087,5.364071373567887e-05
4404,465.71890614400036,5.5591,5.36286534274072e-05
4405,465.8170565640012,4.4494,5.361652755641973e-05
4406,465.91713225200147,5.6421,5.360439561641968e-05
4407,466.0150760300003,4.8304,5.3591995455802446e-05
4408,466.1111405920001,4.6087,5.357994404345677e-05
4409,466.20859490600014,4.3186,5.356806910407388e-05
4410,466.30886017800003,5.6037,5.355604061456778e-05
4411,466.40939923600126,3.8975,5.354369469271604e-05
4412,466.50868644100046,5.3236,5.353114998111104e-05
4413,466.6061987740013,5.0542,5.351901503888874e-05
4414,466.70524613400084,5.8804,5.350695672444438e-05
4415,466.8027174710005,4.3781,5.349474991432084e-05
4416,466.8999182360003,4.9743,5.34827076797529e-05
4417,466.9977266820006,5.5297,5.347066033234553e-05
4418,467.0973798640007,4.8999,5.3458637098765286e-05
4419,467.1955856000004,3.6382,5.344635005728389e-05
4420,467.2947589250016,4.9542,5.3434206512716e-05
4421,467.39197023199995,5.0119,5.3421979809506115e-05
4422,467.490355811,4.5402,5.3409939469506146e-05
4423,467.58886859000086,4.8166,5.3397806401481374e-05
4424,467.68537420300163,3.7639,5.33856487112345e-05
4425,467.78499980000015,6.1004,5.337371869641972e-05
4426,467.8830895230003,4.8045,5.336144996876528e-05
4427,467.9824125470004,4.9792,5.334932530259238e-05
4428,468.08174633700037,4.7874,5.3337040120740654e-05
4429,468.17894274100036,4.8789,5.332480697555555e-05
4430,468.2774407980014,4.7761,5.331280047271602e-05
4431,468.3768552070014,4.2293,5.330060944753078e-05
4432,468.4767577950006,4.9106,5.3288305322716005e-05
4433,468.574190886,4.8615,5.32760476504938e-05
4434,468.67224246800106,4.4431,5.3264004190246786e-05
4435,468.7719196320013,5.4191,5.325190581962949e-05
4436,468.86911260800116,4.2461,5.3239608144814824e-05
4437,468.9690383370016,5.1398,5.322757256456778e-05
4438,469.06736335700043,5.3586,5.321528048888883e-05
4439,469.16794095800105,6.1184,5.320309971641962e-05
4440,469.2668756490002,4.7491,5.3190698564444406e-05
4441,469.3666206980015,4.7239,5.317835959308637e-05
4442,469.46447793300104,4.3954,5.316617667530846e-05
4443,469.56408467800065,4.8319,5.315410030234556e-05
4444,469.66254222500174,4.9396,5.314180660259247e-05
4445,469.75985972000126,5.432,5.3129652614567746e-05
4446,469.8594419260007,5.4854,5.3117609835185076e-05
4447,469.9506526720015,5.4375,5.310533176753072e-05
4448,470.04822908700044,5.2619,5.309410771901224e-05
4449,470.14438758899996,3.3534,5.308203697246898e-05
4450,470.24469262000093,5.1153,5.307013158592591e-05
4451,470.34394499000155,4.7462,5.305765077271599e-05
4452,470.44022973600113,3.7853,5.304550904888868e-05
4453,470.5394089850015,5.3295,5.303362492617273e-05
4454,470.6394633990003,4.1823,5.3021379586419554e-05
4455,470.7364693740001,5.81,5.30090452808641e-05
4456,470.83211715200014,5.1286,5.299704880938261e-05
4457,470.9297486630003,5.525,5.298521570283934e-05
4458,471.025614432001,3.5197,5.2973208504074015e-05
4459,471.12289935900117,4.5971,5.296136092765418e-05
4460,471.2219346940001,4.8407,5.29493628812344e-05
4461,471.32023018700056,4.9613,5.293714344407402e-05
4462,471.41863415900116,5.4891,5.2924967446172635e-05
4463,471.515173056001,4.4884,5.2912827956419575e-05
4464,471.61187278800026,4.2523,5.2900904893950486e-05
4465,471.7097766400002,5.5256,5.288899095518507e-05
4466,471.80888897800105,4.9659,5.287691772629617e-05
4467,471.91066473900173,4.6527,5.2864554269876355e-05
4468,472.0086809880013,3.7234,5.285210543925918e-05
4469,472.1052185060016,4.4478,5.2840009513456614e-05
4470,472.19621566500064,4.7366,5.2828076091481324e-05
4471,472.2956293930001,4.702,5.281685644716039e-05
4472,472.3916026220013,3.5778,5.280458634716041e-05
4473,472.49084591500105,5.6085,5.279269513160474e-05
4474,472.5920005730004,4.8199,5.278047686753085e-05
4475,472.6932645500001,4.9113,5.2767974279505994e-05
4476,472.79309008600103,4.3035,5.27554494948147e-05
4477,472.89336315200126,5.3944,5.274313864617274e-05
4478,472.99328463000165,4.9906,5.2730782439135786e-05
4479,473.09387685100046,5.4284,5.2718423766666634e-05
4480,473.1908787090015,3.4559,5.270601500580238e-05
4481,473.2889311760009,5.4582,5.2694025413827076e-05
4482,473.38883059300133,5.5665,5.2681944210617075e-05
4483,473.4822483070002,5.8905,5.266961327580237e-05
4484,473.5810783980014,3.9961,5.2658076637777684e-05
4485,473.6785294650017,4.2523,5.264582386395045e-05
4486,473.7782415670008,4.7976,5.263383972876528e-05
4487,473.8736753360008,5.2478,5.262153017728395e-05
4488,473.9709275460009,4.0546,5.2609754021604775e-05
4489,474.06752680499994,2.9662,5.259775615432088e-05
4490,474.1669911750014,5.0962,5.258579130962948e-05
4491,474.2632348620009,5.1665,5.2573531743826976e-05
4492,474.3596473160014,4.9096,5.256164132308635e-05
4493,474.45758265600125,4.8062,5.2549749240864196e-05
4494,474.55773873900034,4.9301,5.253768234728387e-05
4495,474.6553223780011,4.6617,5.252530872703686e-05
4496,474.75330792800014,4.0125,5.2513247572222126e-05
4497,474.85281359500004,5.3644,5.250114830530857e-05
4498,474.9504413570012,4.2268,5.2488885118394895e-05
4499,475.05002508100006,5.2818,5.247682899802453e-05
4500,475.14893709900025,5.7044,5.246452966851831e-05
4501,475.2484392540009,3.9097,5.245233257641955e-05
4502,475.34883583300143,4.2806,5.244003626777776e-05
4503,475.44732033500077,3.3741,5.242764121580237e-05
4504,475.5487129690009,5.4732,5.241545805580245e-05
4505,475.6456375630005,4.4785,5.2402976055802335e-05
4506,475.74245118,4.3248,5.2390961873086244e-05
4507,475.84059532800165,5.6854,5.237902877938263e-05
4508,475.93574651200106,2.0692,5.236692040407389e-05
4509,476.03325415200015,3.8686,5.23551671234566e-05
4510,476.13091473500026,5.7103,5.2343127015431915e-05
4511,476.2260800560016,2.996,5.233106766543193e-05
4512,476.3227631250011,3.7558,5.2319299203580076e-05
4513,476.4201875790004,4.6439,5.230740270543193e-05
4514,476.517120034001,4.3962,5.2295360759259136e-05
4515,476.6178737450009,4.879,5.228337200185167e-05
4516,476.71443774100044,3.422,5.227095812567886e-05
4517,476.81188955700054,5.1205,5.2259032573827115e-05
4518,476.91064280200044,4.1139,5.22469998592591e-05
4519,477.0087956010011,5.5862,5.223482877987656e-05
4520,477.10855168500166,4.7668,5.2222728365802285e-05
4521,477.20750930100075,5.4508,5.221038573975297e-05
4522,477.30734283900165,6.1912,5.219807524814808e-05
4523,477.40714310100157,3.9234,5.21858548393826e-05
4524,477.50670660800097,4.0616,5.21735052617282e-05
4525,477.60827192500074,4.1153,5.216121738222222e-05
4526,477.7069900080005,5.0954,5.214853287308623e-05
4527,477.80546136500016,4.652,5.2136453422592445e-05
4528,477.90592337900125,5.1937,5.212435896407408e-05
4529,478.0053074160005,5.3215,5.2111967190370324e-05
4530,478.1050440580002,5.0552,5.2099663069259096e-05
4531,478.2039592380006,6.0589,5.208737322308626e-05
4532,478.3027993170017,3.1419,5.207514750469116e-05
4533,478.4012400210013,5.2077,5.206295089876536e-05
4534,478.50022109600104,5.6682,5.205078451839497e-05
4535,478.5979980330012,4.6047,5.203858097320986e-05
4536,478.6944765540011,5.2502,5.202647694259257e-05
4537,478.79298726100023,5.2327,5.201458838654314e-05
4538,478.8914841270016,6.0344,5.20024419890123e-05
4539,478.990105062001,4.5792,5.1990274011851724e-05
4540,479.0872569760013,5.1973,5.197810138098753e-05
4541,479.1876095660009,5.3856,5.196608673123446e-05
4542,479.2872634200012,5.6194,5.1953707260370186e-05
4543,479.38663730900043,4.4679,5.194138760320983e-05
4544,479.48475344300095,3.6602,5.1929090703703687e-05
4545,479.58509037800104,5.1143,5.191701349814802e-05
4546,479.6815506620005,4.1125,5.190462925e-05
4547,479.7793819180006,5.5445,5.189271245592583e-05
4548,479.8773487670005,4.9222,5.188066044493818e-05
4549,479.9767353690004,5.5715,5.186854899074061e-05
4550,480.07216568400145,4.675,5.1856289913580155e-05
4551,480.16883401700034,4.4225,5.1844431587901065e-05
4552,480.2645965390002,3.4739,5.183255375370366e-05
4553,480.3637454380005,5.0887,5.182073603197515e-05
4554,480.4624882290009,4.7067,5.1808514764320826e-05
4555,480.5602971900007,4.9514,5.179632247148142e-05
4556,480.6558815290009,5.3893,5.178422155629623e-05
4557,480.75218009700075,3.1675,5.177242457716029e-05
4558,480.85165434400005,4.4393,5.1760498683703685e-05
4559,480.9511998350008,4.547,5.1748242230617136e-05
4560,481.04932241999995,5.1032,5.1736003954567746e-05
4561,481.14604829900054,4.7434,5.172380750802449e-05
4562,481.24270298100055,5.4139,5.171190627518503e-05
4563,481.34062224400077,5.3745,5.1699988702098776e-05
4564,481.43723319700075,4.6191,5.1687915225432084e-05
4565,481.5359935510005,4.8416,5.1675954670617233e-05
4566,481.63282544700087,5.532,5.1663794310617155e-05
4567,481.73065069900076,4.815,5.1651815186419693e-05
4568,481.8321657430006,5.72,5.163975429629622e-05
4569,481.9326722370006,4.321,5.1627219680246784e-05
4570,482.03269583600013,4.0701,5.161482968148146e-05
4571,482.1304369770005,4.3592,5.160246949283949e-05
4572,482.22907347399996,4.657,5.159039451666665e-05
4573,482.33024090600156,4.2821,5.157808668444426e-05
4574,482.4216790650007,5.8196,5.156572847604939e-05
4575,482.5128776970014,4.8425,5.15544646045677e-05
4576,482.61390047200075,5.2114,5.154321890049373e-05
4577,482.7140645700001,5.7715,5.1530737098518455e-05
4578,482.81129635900106,3.3891,5.151834929395041e-05
4579,482.9083697210008,4.821,5.1506340781481286e-05
4580,483.00755306800056,3.8242,5.149435434419749e-05
4581,483.1057971900009,5.1973,5.1482094392839505e-05
4582,483.2078015620009,4.8014,5.1469915808024614e-05
4583,483.3086591430001,4.2845,5.145739043320983e-05
4584,483.4057317370007,4.8481,5.144493694716033e-05
4585,483.50227702600023,4.7194,5.143295918678992e-05
4586,483.599354856,5.8477,5.1421012813086375e-05
4587,483.6969575310013,4.3224,5.1409039383580194e-05
4588,483.7956734700001,5.2217,5.139698188999993e-05
4589,483.8932322620003,4.7058,5.1384786282222106e-05
4590,483.9911741750002,4.8756,5.1372756578395056e-05
4591,484.09103000400137,5.1923,5.136065213901222e-05
4592,484.1926090140005,4.7018,5.134836698604919e-05
4593,484.29178868800045,5.2845,5.1335765925432055e-05
4594,484.3895409650013,3.7629,5.1323574295678954e-05
4595,484.48773119,3.651,5.13114824661727e-05
4596,484.5872184640011,5.0897,5.1299360926543025e-05
4597,484.68487256500157,4.3706,5.128695624641958e-05
4598,484.78102378600124,5.0974,5.127504044790121e-05
4599,484.87872986300135,4.1574,5.1263151669999965e-05
4600,484.9722340510016,5.0087,5.125111625728387e-05
4601,485.07275390200084,5.3038,5.123951700740723e-05
4602,485.17116560400063,4.6224,5.122715860345664e-05
4603,485.2690497120002,4.959,5.121499465716041e-05
4604,485.3668274360007,4.6631,5.120290955530862e-05
4605,485.4660896660007,3.965,5.11908367296295e-05
4606,485.56400094900164,3.879,5.11785737946912e-05
4607,485.663438724001,5.6148,5.116648840629627e-05
4608,485.7612053590001,4.708,5.115422782111098e-05
4609,485.86085027900117,4.3491,5.1142151444938126e-05
4610,485.9581898780016,5.2366,5.1129853930123327e-05
4611,486.0539977040007,4.0351,5.1117833174938166e-05
4612,486.15217058000053,4.5092,5.1106001637777636e-05
4613,486.2509127360008,4.8099,5.1093910491604834e-05
4614,486.34317339800145,5.6413,5.108170419296292e-05
4615,486.43999185300163,4.8899,5.1070323972345455e-05
4616,486.54004767900005,5.1608,5.105835988074062e-05
4617,486.63714526700096,4.3987,5.104602557271605e-05
4618,486.7343572030004,5.7791,5.103400154975302e-05
4619,486.8341718470001,4.9696,5.102200120271587e-05
4620,486.9334060730016,5.3403,5.100957420444423e-05
4621,487.0333816220009,5.3178,5.0997423460246896e-05
4622,487.13080277300105,4.1553,5.098497415629611e-05
4623,487.2298082790003,4.7006,5.0973078372715945e-05
4624,487.32901012799994,4.8337,5.096084723283931e-05
4625,487.42914958300025,4.9313,5.094863641555554e-05
4626,487.5268219110003,4.9242,5.093625489999986e-05
4627,487.62671451000097,5.356,5.092417480691348e-05
4628,487.72538334300043,4.4906,5.091181111308636e-05
4629,487.82237652300137,4.5082,5.089965555160481e-05
4630,487.9224775950006,4.644,5.0887673590493735e-05
4631,488.02393475400095,4.3387,5.0875321020987574e-05
4632,488.1244229490003,5.0918,5.086280144740721e-05
4633,488.2226009820006,5.1538,5.0850399349753085e-05
4634,488.31596519900086,5.2765,5.083824458962956e-05
4635,488.4158806480009,4.5587,5.082677161703684e-05
4636,488.51526321300116,4.8149,5.081439729753079e-05
4637,488.6135867030007,5.2417,5.080214457938259e-05
4638,488.711664288001,4.8561,5.0789977085061526e-05
4639,488.81147145700015,4.9875,5.077788127024672e-05
4640,488.91197565600123,5.8714,5.076558775530856e-05
4641,489.01276464500006,4.5831,5.075314985444426e-05
4642,489.10987065600057,4.4476,5.074072403888873e-05
4643,489.21099838100054,4.8283,5.072874469555538e-05
4644,489.30971702400166,5.2818,5.071627293765423e-05
4645,489.40999908699996,5.2455,5.070407370864196e-05
4646,489.50905400300144,4.4257,5.069169388629615e-05
4647,489.60848402900046,5.2239,5.0679427021851656e-05
4648,489.7068074940016,4.8027,5.06671949835802e-05
4649,489.80390184800126,4.0234,5.0655053984567835e-05
4650,489.9006523730004,5.7308,5.0643037191728385e-05
4651,489.99934416500037,4.4497,5.0631128511851765e-05
4652,490.0988645430007,4.2135,5.0618924657036935e-05
4653,490.196170448,4.8885,5.060663042160494e-05
4654,490.29432416800046,4.3268,5.0594598725555344e-05
4655,490.3920174060004,4.3775,5.058250721086406e-05
4656,490.4946573030011,4.5689,5.057045419802464e-05
4657,490.59015322400046,4.0538,5.055777065111092e-05
4658,490.68953334900107,4.7489,5.054594800197523e-05
4659,490.78698879400145,4.2854,5.0533731766049366e-05
4660,490.883297503,4.2005,5.0521646864197494e-05
4661,490.9819544910006,4.2056,5.050977517049375e-05
4662,491.0791351250009,5.1575,5.0497617971604886e-05
4663,491.17649294400144,4.8633,5.048553607617264e-05
4664,491.2729171740011,4.844,5.0473604635678876e-05
4665,491.3720920820015,4.9191,5.046170273086408e-05
4666,491.47055450600055,5.3667,5.0449444552345495e-05
4667,491.5678861260003,4.8828,5.0437278501728235e-05
4668,491.66395916000147,4.3635,5.042525592617281e-05
4669,491.7589085080017,4.0276,5.041340482777763e-05
4670,491.85702141,5.0234,5.040168309592592e-05
4671,491.95382969300044,3.3325,5.038959985518506e-05
4672,492.0485412040016,3.7248,5.037763137469136e-05
4673,492.1470717450011,5.2032,5.036592602901231e-05
4674,492.2442510820001,5.3249,5.0353793024938276e-05
4675,492.3455427680001,4.7171,5.034176856271604e-05
4676,492.4433968780013,5.3071,5.032928060938256e-05
4677,492.5404910310008,5.2676,5.031717522530848e-05
4678,492.6391561700002,5.4089,5.030519454234557e-05
4679,492.73614919800093,4.6298,5.029304241851841e-05
4680,492.8345096510002,5.2093,5.028104805358004e-05
4681,492.93206892000126,5.4112,5.026892070407394e-05
4682,493.0291805730012,5.4341,5.025686322086417e-05
4683,493.1255535240016,4.6297,5.024485580580236e-05
4684,493.224406790001,4.553,5.0232976673950485e-05
4685,493.3203176800016,4.522,5.02207554575308e-05
4686,493.41858295400016,3.8407,5.020892271975305e-05
4687,493.5201650200015,5.7486,5.019679170555551e-05
4688,493.61550436000107,4.0439,5.018412732283932e-05
4689,493.7151696380006,5.1398,5.01724478430863e-05
4690,493.81397905300037,5.6949,5.016019430938252e-05
4691,493.9109108800003,4.8727,5.014799747209857e-05
4692,494.0068289480005,4.2633,5.013599588395057e-05
4693,494.10185077000096,5.1327,5.012417160925906e-05
4694,494.1975215270013,4.8206,5.011242067839501e-05
4695,494.2951911980017,4.9054,5.010063147876528e-05
4696,494.39504447500076,5.1475,5.0088559316543214e-05
4697,494.49443537800107,4.5974,5.0076262783703577e-05
4698,494.5926472170013,4.2226,5.006397342432081e-05
4699,494.6905357680007,4.3819,5.00518396133332e-05
4700,494.78743392900105,4.5802,5.0039759677530795e-05
4701,494.89230681200024,5.3157,5.002777646209875e-05
4702,494.9913614090001,5.2188,5.0014857269382644e-05
4703,495.08849795100105,3.4999,5.000261544617275e-05
4704,495.1911649150006,5.6778,4.999063175999995e-05
4705,495.2908983800007,4.3533,4.997795627012328e-05
4706,495.3899636590013,4.2457,4.996565143172839e-05
4707,495.4887732510015,5.2616,4.995340765999998e-05
4708,495.58967057300106,4.961,4.994122806567899e-05
4709,495.68534936300057,4.1894,4.9928785549876436e-05
4710,495.7846907430012,4.8397,4.991694166592582e-05
4711,495.88189622700156,5.1636,4.990466467024683e-05
4712,495.97917299000073,3.0072,4.989269112382699e-05
4713,496.0775455840012,5.5291,4.9880678629629586e-05
4714,496.17786273300044,5.6665,4.9868542914938176e-05
4715,496.2706693660002,5.9382,4.9856165573827095e-05
4716,496.3690116860016,4.3212,4.9844706269012274e-05
4717,496.4665016710005,5.0063,4.983253896246907e-05
4718,496.5635692930009,3.2496,4.9820500631357856e-05
4719,496.66076452200105,4.2601,4.980846356592573e-05
4720,496.7565369160002,4.8301,4.9796529062962774e-05
4721,496.85337658500066,4.5424,4.9784700621728266e-05
4722,496.94812147500124,4.5631,4.977274170827154e-05
4723,497.04497905800054,5.2857,4.9761043225555534e-05
4724,497.14351212900146,5.0766,4.9749092712839306e-05
4725,497.2442107860006,5.0136,4.973691618407395e-05
4726,497.342488874001,4.6739,4.972442277370355e-05
4727,497.4376210110004,4.4333,4.9712363352962845e-05
4728,497.5356104220009,4.591,4.970062451864197e-05
4729,497.6310915260001,3.7686,4.968853764962963e-05
4730,497.72622308000064,3.4952,4.967671713419748e-05
4731,497.82302757600155,5.5903,4.966499045913561e-05
4732,497.9201338520015,3.9735,4.965290131839504e-05
4733,498.01924350900117,5.2686,4.9641026808765245e-05
4734,498.1201605900005,5.6711,4.962880818802458e-05
4735,498.220286527001,5.4331,4.961636565827149e-05
4736,498.3206093170011,4.3169,4.960398703641962e-05
4737,498.4225152530016,4.5159,4.9591625542098765e-05
4738,498.52034813200044,5.2853,4.957899800629609e-05
4739,498.61824849500044,4.6941,4.956693479148148e-05
4740,498.71708875400145,5.3164,4.955485019740732e-05
4741,498.81634694400054,5.7812,4.954263626444443e-05
4742,498.91276118099995,4.8978,4.953039849333324e-05
4743,499.01092078500005,5.5609,4.951849366444425e-05
4744,499.1096020060013,5.174,4.950639019283946e-05
4745,499.2075578410004,4.5623,4.9494216703456744e-05
4746,499.3070488560006,4.8385,4.948211023382707e-05
4747,499.40626771999996,4.3026,4.946983192320984e-05
4748,499.5057397750006,4.549,4.9457591650123416e-05
4749,499.6037130680015,4.8996,4.944530267654315e-05
4750,499.70441889700123,5.4131,4.943303846469136e-05
4751,499.8011310870006,5.0884,4.942077729370368e-05
4752,499.89840053100124,4.2856,4.9408816210246714e-05
4753,499.99655606800115,5.8974,4.93968240160492e-05
4754,500.095735627001,5.736,4.938471746802469e-05
4755,500.1931225900007,4.8524,4.937246798271605e-05
4756,500.2890011800009,4.01,4.936041450765414e-05
4757,500.3887808220006,5.0306,4.934857284246907e-05
4758,500.48600645900115,4.341,4.933629783518511e-05
4759,500.5856147000013,4.9045,4.932429201543203e-05
4760,500.68449597700055,5.0985,4.931197287296281e-05
4761,500.7818137640006,4.6486,4.929976571172827e-05
4762,500.8799108100011,4.8539,4.92877642560492e-05
4763,500.9795441570004,4.5232,4.92756324662961e-05
4764,501.0752702940008,5.1945,4.926323234876533e-05
4765,501.17488580700046,4.7483,4.925150845740737e-05
4766,501.2661936610002,5.4638,4.9239157388271484e-05
4767,501.3679062020001,5.3953,4.922798407148133e-05
4768,501.46703285700096,5.4761,4.921533663506171e-05
4769,501.5628681500002,5.2662,4.9203160554567874e-05
4770,501.6617510240012,4.2643,4.919131353901231e-05
4771,501.7618903440016,4.5572,4.917911810456779e-05
4772,501.85850899400066,4.9972,4.916677794259248e-05
4773,501.95881068700146,6.1155,4.9154836873703634e-05
4774,502.0543195730006,4.1687,4.914245349320975e-05
4775,502.1523693430008,4.336,4.9130646467530805e-05
4776,502.2526345340011,5.5579,4.9118513562469074e-05
4777,502.35089170800165,5.0968,4.910615820753074e-05
4778,502.44843518500056,4.9954,4.909403989728386e-05
4779,502.5473179970013,4.1616,4.908201120604937e-05
4780,502.64554556800067,4.8205,4.906979782950613e-05
4781,502.74113158300133,5.4489,4.905768767444425e-05
4782,502.8420905510011,4.5352,4.9045844553703646e-05
4783,502.9408586620011,5.5963,4.903341927802463e-05
4784,503.03908965100163,5.7798,4.902122772851838e-05
4785,503.1385850330007,5.0833,4.9009079324691196e-05
4786,503.2373354020001,3.8113,4.899682465691355e-05
4787,503.33234714100035,3.919,4.8984637255308585e-05
4788,503.4298314860007,5.0755,4.8972853209259176e-05
4789,503.52674815700084,2.1299,4.8960862028024516e-05
4790,503.6218444440001,5.0973,4.894883579654315e-05
4791,503.72030325200103,5.1152,4.893713974209873e-05
4792,503.81866079800056,5.5872,4.8924869022962804e-05
4793,503.9203141200014,5.0252,4.891276138999982e-05
4794,504.01924146300007,4.7165,4.890029633209867e-05
4795,504.11727078900003,5.1254,4.8888073592222136e-05
4796,504.21557102800034,4.734,4.88759661296295e-05
4797,504.3144846970008,5.1837,4.886383975740736e-05
4798,504.4145829200006,3.6741,4.885163300678992e-05
4799,504.5134396570011,4.6782,4.883925526691347e-05
4800,504.6138744560012,4.3951,4.882705739111097e-05
4801,504.7112826960001,4.8506,4.881455561654312e-05
4802,504.80968530800055,5.0768,4.880258583864198e-05
4803,504.907404294001,5.885,4.8790326926172845e-05
4804,505.00507962700067,5.0307,4.8778426847160366e-05
4805,505.1043756580002,4.2938,4.8766362873456625e-05
4806,505.20157774100153,5.2178,4.8754071699506176e-05
4807,505.3004527110006,4.679,4.874211192283951e-05
4808,505.3999093220009,5.5803,4.872989681814808e-05
4809,505.5004289430017,5.6105,4.871761490172841e-05
4810,505.599865178001,4.8478,4.870520915271602e-05
4811,505.6994550470008,4.2073,4.869293947456777e-05
4812,505.8005488960007,5.067,4.868062247555546e-05
4813,505.90149776,5.2509,4.86681632709875e-05
4814,505.99997168200025,5.0339,4.865570905876532e-05
4815,506.0981913550004,4.9349,4.8643520383333296e-05
4816,506.1989369210005,4.7955,4.863141682037032e-05
4817,506.29607325600045,3.4908,4.861898729641954e-05
4818,506.39384367300045,4.291,4.8606997722839387e-05
4819,506.49188482499994,5.6731,4.8594929825925825e-05
4820,506.5895691370006,5.341,4.8582820481851856e-05
4821,506.6890152640008,4.5314,4.857075974851852e-05
4822,506.7884315500014,5.8132,4.855844378135782e-05
4823,506.88857141600056,4.5038,4.8546202802715945e-05
4824,506.9878063490014,5.025,4.853384663382702e-05
4825,507.08342408000135,4.7072,4.8521575681851695e-05
4826,507.18051673800073,4.8359,4.8509767119753014e-05
4827,507.278257113001,4.395,4.8497783499135694e-05
4828,507.37754309200136,4.504,4.8485724723456696e-05
4829,507.474999039001,3.8809,4.847346718604923e-05
4830,507.57320935700045,5.7005,4.8461426048765314e-05
4831,507.67449117100114,5.035,4.8449306110246705e-05
4832,507.77304050400016,3.4109,4.8436811273209685e-05
4833,507.87225029300134,5.7321,4.842450943481472e-05
4834,507.96944874200017,3.853,4.841240673469117e-05
4835,508.06711137500133,4.4374,4.840039350444442e-05
4836,508.1641231600006,4.7604,4.8388329369999954e-05
4837,508.2617050830013,5.1844,4.8376354894074075e-05
4838,508.3604912360006,5.3117,4.8364314000123333e-05
4839,508.45257984400087,4.5552,4.835211340629614e-05
4840,508.551403124,4.2712,4.8340780898271524e-05
4841,508.649573906001,3.813,4.832853259086407e-05
4842,508.74551034100114,5.0045,4.8316432264444436e-05
4843,508.84460428700004,5.9056,4.8304543273580186e-05
4844,508.94415182800003,4.6655,4.829234656432097e-05
4845,509.0431186630012,5.0144,4.82800817235801e-05
4846,509.1419654100009,4.4272,4.826784007975288e-05
4847,509.2379450410008,3.5734,4.8255645032839334e-05
4848,509.335715180001,5.0947,4.824375273765417e-05
4849,509.43336391900084,4.9409,4.823169911975308e-05
4850,509.52923448100046,4.7269,4.8219669190493736e-05
4851,509.626861394001,5.0308,4.8207825374444424e-05
4852,509.72309411600145,4.1106,4.819577857432088e-05
4853,509.817762951001,3.2276,4.818385129975299e-05
4854,509.91693860000123,4.1968,4.817219444654302e-05
4855,510.01495101300134,5.1756,4.815983244814808e-05
4856,510.11481160900075,4.4296,4.8147866306296276e-05
4857,510.2157363230017,4.6176,4.813554036913563e-05
4858,510.31221113800166,4.0574,4.8123095046543044e-05
4859,510.4115630230008,5.1003,4.811113904074066e-05
4860,510.5100507750012,5.8609,4.809877184074072e-05
4861,510.6068957710013,4.6334,4.808672938382715e-05
4862,510.7045646610004,4.978,4.8074779530493684e-05
4863,510.8026159350011,5.4954,4.80627304872838e-05
4864,510.90099942100096,5.835,4.805060261999991e-05
4865,511.0072084080002,5.2429,4.80384737279012e-05
4866,511.1087021560015,4.7976,4.802524851654322e-05
4867,511.20588978200067,4.2741,4.801279697925925e-05
4868,511.3055404170009,4.6571,4.8000803439876405e-05
4869,511.4022094760003,5.0772,4.798854692111109e-05
4870,511.49917363700115,4.7164,4.797655611580226e-05
4871,511.5975051200003,5.562,4.796462099740736e-05
4872,511.6945393210008,4.9353,4.7952506334197414e-05
4873,511.7924849400006,4.5593,4.7940506196049194e-05
4874,511.89112457100055,4.8633,4.792841678629626e-05
4875,511.98274661800133,5.4606,4.791624245876544e-05
4876,512.0809077410013,4.5338,4.7904944734814814e-05
4877,512.1793815100009,4.2994,4.7892811962469016e-05
4878,512.280453808,4.7029,4.788066256358007e-05
4879,512.3793959050017,5.5677,4.7868177301851704e-05
4880,512.4794547400015,6.2143,4.785597263259245e-05
4881,512.5765726990012,3.7425,4.784360501123439e-05
4882,512.6754768030005,4.6883,4.7831596309382654e-05
4883,512.778488119,4.9655,4.781939205888889e-05
4884,512.8791651540014,4.9235,4.780654856740736e-05
4885,512.9758266060016,5.5832,4.77942616517284e-05
4886,513.0723773830014,4.6173,4.778230180024692e-05
4887,513.1704380110004,4.2963,4.777039639913575e-05
4888,513.2680038550006,5.2837,4.775828478358012e-05
4889,513.3670586790013,4.4595,4.774624320074059e-05
4890,513.4592120690013,5.4693,4.773401669370354e-05
4891,513.5579942470013,3.9433,4.77226850123456e-05
4892,513.6562075050006,5.0355,4.771043393901229e-05
4893,513.7558630910007,4.0245,4.769822361123452e-05
4894,513.8545473920003,4.5721,4.7686021612839404e-05
4895,513.9542176180003,5.8132,4.767379200111104e-05
4896,514.0541600240012,4.8256,4.766154073444431e-05
4897,514.1562974400003,4.7813,4.7649213235802304e-05
4898,514.2595471320001,4.6568,4.763652664913564e-05
4899,514.3594902080004,5.0906,4.762383623592586e-05
4900,514.4624762540006,4.9975,4.7611495767530776e-05
4901,514.5610637920017,4.5937,4.759875833370362e-05
4902,514.6637841640004,5.0919,4.758659471419738e-05
4903,514.7611753790006,3.5264,4.7573935565432085e-05
4904,514.859745867001,3.1976,4.756188987135784e-05
4905,514.9599791200017,4.6744,4.754973416802454e-05
4906,515.060119062,4.8188,4.7537356148271406e-05
4907,515.1599113040011,5.4758,4.7525000759135616e-05
4908,515.2583445340006,4.8518,4.75126735933332e-05
4909,515.3546737760007,5.1838,4.750051648148139e-05
4910,515.4501992090009,3.403,4.748859914395045e-05
4911,515.5468839170007,5.0041,4.747680894777772e-05
4912,515.6448601770007,4.3936,4.7464922237777734e-05
4913,515.7403396540012,4.305,4.7452807471728186e-05
4914,515.837256281,4.4698,4.7441008243703567e-05
4915,515.9346474850008,3.6379,4.7428921271851857e-05
4916,516.0304948760004,4.6614,4.741702000777766e-05
4917,516.1277701240015,4.9548,4.740519821037028e-05
4918,516.2259721380015,4.3732,4.739319227074063e-05
4919,516.3213140260013,4.081,4.7381071020740544e-05
4920,516.4201767490013,5.1806,4.736928910678991e-05
4921,516.5188414480017,5.321,4.735709644641966e-05
4922,516.6176397060008,5.1247,4.734490271518519e-05
4923,516.7157736460013,5.0927,4.733272391185174e-05
4924,516.8143233310002,4.6798,4.732059860864181e-05
4925,516.9119412130003,3.6308,4.730841516037024e-05
4926,517.0119482440005,3.2542,4.729637279777757e-05
4927,517.1116345490009,5.5036,4.7284023098271536e-05
4928,517.2107816810003,5.372,4.727173221765424e-05
4929,517.3126966380005,4.2275,4.725949123592592e-05
4930,517.4111364780001,5.5312,4.724691701037034e-05
4931,517.5105177590012,4.9594,4.723474617592572e-05
4932,517.6153153390005,4.8552,4.722243599740731e-05
4933,517.7148575280007,4.6564,4.7209544707407246e-05
4934,517.8140333110005,4.3614,4.719726389691358e-05
4935,517.9129371880008,5.2042,4.718500188320967e-05
4936,518.0122717260001,5.4485,4.7172823295555355e-05
4937,518.1104156190013,4.5451,4.716053883592574e-05
4938,518.209770462001,4.2916,4.7148404367901186e-05
4939,518.3075839040011,5.1451,4.7136159623456757e-05
4940,518.405964562,5.3648,4.712407569679003e-05
4941,518.5032031050014,4.8237,4.711193577382711e-05
4942,518.6010480590012,3.8668,4.709994770320986e-05
4943,518.6971663440017,4.3223,4.708787108543209e-05
4944,518.7944270500011,4.3735,4.707592001604918e-05
4945,518.8897710560013,1.9892,4.706397204333315e-05
4946,518.9844951350005,3.6766,4.705217472209875e-05
4947,519.0809106590004,4.54,4.7040506755185087e-05
4948,519.1788947010009,2.9998,4.702858714950618e-05
4949,519.2764209510005,4.5089,4.7016501685925894e-05
4950,519.3741978270009,5.4123,4.7004448751604845e-05
4951,519.4719054320012,5.0409,4.699239957382703e-05
4952,519.5723031750003,4.4172,4.6980319758641813e-05
4953,519.6711516840005,5.3181,4.6967966726913384e-05
4954,519.769472068001,4.1916,4.695571937345673e-05
4955,519.8690393950001,3.948,4.6943492759753026e-05
4956,519.9691566950005,4.9524,4.6931184227777756e-05
4957,520.0673948340009,4.6654,4.69189416485184e-05
4958,520.1648418980003,4.1713,4.69068057012344e-05
4959,520.2643713030011,5.9449,4.689478362086403e-05
4960,520.3642594030007,5.477,4.688251212580248e-05
4961,520.4622450180013,4.5275,4.687004938753074e-05
4962,520.5602624970015,4.8575,4.685805432271598e-05
4963,520.658018903001,4.8586,4.684596366123447e-05
4964,520.7573504320007,5.0441,4.683391413999979e-05
4965,520.8575412870014,5.2555,4.682165100407395e-05
4966,520.9567344890002,4.8568,4.680929692925907e-05
4967,521.0538123680017,4.4095,4.679702950469136e-05
4968,521.1504954250013,3.5869,4.678502977876543e-05
4969,521.2495893110008,4.3438,4.6773077111728204e-05
4970,521.3515006330017,5.5838,4.676086269259255e-05
4971,521.4513966510003,4.9276,4.674829174135803e-05
4972,521.5489287010005,4.9431,4.6735973858641826e-05
4973,521.6477257290007,5.5214,4.6723907578395067e-05
4974,521.7466254630017,5.4347,4.67117210039506e-05
4975,521.8435605840004,4.941,4.6699506693580195e-05
4976,521.9397348840012,5.0817,4.668753070098746e-05
4977,522.0347401140007,4.8678,4.667565899382703e-05
4978,522.1344675240016,5.2586,4.6663930350123455e-05
4979,522.234086982,4.9651,4.665164774975297e-05
4980,522.3325611240016,4.6351,4.66393533766666e-05
4981,522.4315285040011,5.0184,4.662716318333328e-05
4982,522.531734442,4.3381,4.661495016160481e-05
4983,522.632595346,4.835,4.660259392506159e-05
4984,522.7306617080012,4.5849,4.659013798246914e-05
4985,522.8212475230011,4.9873,4.6577867683209873e-05
4986,522.9184578440018,5.4241,4.65668940324691e-05
4987,523.0138861600008,4.038,4.655485872790114e-05
4988,523.1112485730009,5.1494,4.6543054085678805e-05
4989,523.2097413150004,4.5746,4.653104139777766e-05
4990,523.3086198070014,4.8569,4.651888260555535e-05
4991,523.4065191310001,4.5995,4.650668610382711e-05
4992,523.5060516530011,5.0167,4.6494520849135617e-05
4993,523.604136807,5.4541,4.648230016148133e-05
4994,523.7028804630008,5.097,4.647018371999995e-05
4995,523.7990439810001,5.1943,4.645797560716043e-05
4996,523.895721025001,4.8562,4.644611551395047e-05
4997,523.9940913100017,4.8266,4.643418084567886e-05
4998,524.093681882001,4.8231,4.6422052771111025e-05
4999,524.1941726860005,5.14,4.6409760728394844e-05
5000,524.2915483200013,3.9622,4.6397341132962966e-05
5001,524.3872246160008,5.2229,4.638529749790119e-05
5002,524.4883262170006,4.7753,4.637349088271605e-05
5003,524.5858314260004,4.3792,4.636102405876528e-05
5004,524.6831179910005,4.9419,4.634897928641968e-05
5005,524.7801149690004,4.8049,4.6336981526666576e-05
5006,524.8780959470005,5.7189,4.632500340999993e-05
5007,524.9758506690014,5.1262,4.631291321679008e-05
5008,525.0679318790008,5.058,4.6300837388024563e-05
5009,525.1686310290006,5.1951,4.6289499946296144e-05
5010,525.268819025001,5.2553,4.627704960111091e-05
5011,525.3698583810001,5.4023,4.626454701246895e-05
5012,525.4687047080006,3.8723,4.6252188593209866e-05
5013,525.5665887370014,5.1044,4.623999007135803e-05
5014,525.6638275370005,5.6027,4.6227914566172756e-05
5015,525.7623597280017,5.0136,4.621590822851836e-05
5016,525.8585713960001,5.562,4.620374451802468e-05
5017,525.9598002230014,4.7712,4.6191836746666576e-05
5018,526.060028291,6.0103,4.617936656049378e-05
5019,526.1551307340014,2.864,4.616700638962963e-05
5020,526.2546777450007,4.7596,4.615522734283949e-05
5021,526.3529969160008,5.549,4.614284368432093e-05
5022,526.4510570870007,5.8576,4.61308417623455e-05
5023,526.5488613310008,5.0381,4.6118737804444446e-05
5024,526.6482332100004,4.2939,4.61066570849381e-05
5025,526.7477179040015,3.3512,4.6094353603580034e-05
5026,526.8479344020016,5.4329,4.6082087989012334e-05
5027,526.9498244590013,4.8444,4.6069687603456624e-05
5028,527.0483516080003,4.8399,4.6057165651357834e-05
5029,527.1509240450014,4.9002,4.6044822915925725e-05
5030,527.2464307690007,3.5969,4.603229270382705e-05
5031,527.3445941520004,4.7923,4.602049625777763e-05
5032,527.4444683110014,5.086,4.6008396752839435e-05
5033,527.5427097700012,4.0078,4.5996075338518476e-05
5034,527.6414365580004,4.5945,4.598394668938263e-05
5035,527.7389400160009,2.0867,4.597176228839494e-05
5036,527.8364673870001,5.0811,4.595970486962948e-05
5037,527.9349553600005,5.1053,4.5947616063580045e-05
5038,528.0333991710013,5.3088,4.593550689950607e-05
5039,528.1336789530014,4.8199,4.592337851962962e-05
5040,528.233302568,4.6446,4.591098506234562e-05
5041,528.334094617001,5.579,4.589867954728376e-05
5042,528.4337770710008,4.9791,4.5886258514320947e-05
5043,528.5342071290015,4.8567,4.587394134851831e-05
5044,528.6347952730011,5.9028,4.586155062913563e-05
5045,528.7358648990012,4.9415,4.584914410827148e-05
5046,528.8367885360003,5.5318,4.583662250296281e-05
5047,528.9357177730017,5.0499,4.582419241851851e-05
5048,529.0329704800006,4.0091,4.5811947373333156e-05
5049,529.1321438310006,5.6386,4.5799932135308576e-05
5050,529.2285744230012,4.976,4.578770940913576e-05
5051,529.3236160660017,3.3304,4.577580184358015e-05
5052,529.4211835890001,5.46,4.576406413864194e-05
5053,529.5200524060001,4.4604,4.575204305777772e-05
5054,529.6162122620008,4.4555,4.573979335938257e-05
5055,529.7176288190003,6.1734,4.572792597629611e-05
5056,529.8159173390013,3.1277,4.5715441874938134e-05
5057,529.9136919750017,4.9645,4.570326960555542e-05
5058,530.013209439001,4.6679,4.569123578814807e-05
5059,530.1120123910005,5.3654,4.567895356913567e-05
5060,530.2099706450008,4.8867,4.566676317259251e-05
5061,530.306383694,5.1363,4.565463169259242e-05
5062,530.4039578730008,5.073,4.564271809802449e-05
5063,530.5034016970003,5.2388,4.5630675003333266e-05
5064,530.6021366650002,5.3541,4.561841602666661e-05
5065,530.7018072200008,4.3232,4.560618431111104e-05
5066,530.8023172680005,4.9813,4.5593951662962764e-05
5067,530.8983018120016,4.5694,4.558153906296282e-05
5068,530.996538677,4.8207,4.5569658733209876e-05
5069,531.0936729260011,4.9506,4.555754154259252e-05
5070,531.1917244560009,4.6346,4.554556170407388e-05
5071,531.2904486360003,4.9825,4.553346230962964e-05
5072,531.3891835860013,4.3836,4.552125205283938e-05
5073,531.4888997060007,5.0846,4.550903866555535e-05
5074,531.5868443800009,5.4983,4.549677294370365e-05
5075,531.6837767100005,5.0641,4.548467201098745e-05
5076,531.7819760060011,5.7579,4.547268436469124e-05
5077,531.8729855220008,5.8084,4.5460585252592545e-05
5078,531.9726586320012,4.8794,4.544938899876527e-05
5079,532.0654813450001,5.4979,4.5437056788148e-05
5080,532.1636955970007,4.5889,4.542560591604926e-05
5081,532.2596167340016,5.2977,4.541344827925912e-05
5082,532.3560972300002,4.8647,4.5401608889629575e-05
5083,532.4522181050015,4.6898,4.538970940197527e-05
5084,532.5509951470012,4.7562,4.5377807733703656e-05
5085,532.6485792480016,4.1254,4.536553900641974e-05
5086,532.7442245410002,4.1976,4.535357525172834e-05
5087,532.8426533780003,5.5856,4.534177415518504e-05
5088,532.9409297110014,3.9695,4.532964131345669e-05
5089,533.038983583001,5.2979,4.531750327666655e-05
5090,533.1366814400008,3.3847,4.530536332580236e-05
5091,533.2336468190006,3.4379,4.529332322345673e-05
5092,533.3304374090003,4.0826,4.528136412716035e-05
5093,533.4280011570008,4.4112,4.526942639111103e-05
5094,533.5246434360015,4.2402,4.525736121864185e-05
5095,533.6215677890013,3.8427,4.524543399999981e-05
5096,533.7218529450001,5.201,4.5233417734444284e-05
5097,533.8199240400008,4.8251,4.522108909753081e-05
5098,533.917011126001,5.5476,4.5208993739012205e-05
5099,534.0141450950014,5.7784,4.519701350592579e-05
5100,534.1115341560017,5.5097,4.5185002349876473e-05
5101,534.2087267660008,4.2422,4.517297263777773e-05
5102,534.3074966720014,5.4715,4.516097203395049e-05
5103,534.4062902390015,4.4602,4.514877888691344e-05
5104,534.5035727800005,3.8827,4.513658844074059e-05
5105,534.6019905520006,4.5443,4.512458204395061e-05
5106,534.7002416260002,4.8769,4.511242952419752e-05
5107,534.8013976820002,5.453,4.510028931987648e-05
5108,534.899440172001,5.5104,4.5087801312345644e-05
5109,534.9988815220004,3.8809,4.507569796629626e-05
5110,535.0979244830014,5.4566,4.506329674617271e-05
5111,535.1976505130006,4.4868,4.5051213408395054e-05
5112,535.2943999770014,5.3577,4.503890754358015e-05
5113,535.3911096680004,4.9054,4.502693061864193e-05
5114,535.4881734160008,4.5122,4.501499384296286e-05
5115,535.5883362590012,5.0258,4.500299991049371e-05
5116,535.6899359350009,5.074,4.4990663397777644e-05
5117,535.7893452100016,5.1732,4.497811862296276e-05
5118,535.8864478610012,4.4891,4.496582211111111e-05
5119,535.9863563010003,4.8542,4.4953851590246896e-05
5120,536.0847226900005,4.0237,4.494139665012331e-05
5121,536.1821383120005,4.4631,4.492938963802469e-05
5122,536.2806009360011,5.2816,4.491733269851848e-05
5123,536.378882776,3.3821,4.4905187162098575e-05
5124,536.4767454950015,5.6259,4.489306587074074e-05
5125,536.578679743001,5.4049,4.488098133765416e-05
5126,536.6756635580005,3.8906,4.486838921283929e-05
5127,536.7734060760013,4.4747,4.485639486629629e-05
5128,536.869516357001,5.1839,4.4844351725431935e-05
5129,536.9704625590002,3.4953,4.483247079555553e-05
5130,537.0688312430011,3.8458,4.482003147765423e-05
5131,537.1690934900016,3.0388,4.4807862334567705e-05
5132,537.2709314420008,5.9239,4.479534440679009e-05
5133,537.371345892001,4.8629,4.4782935806543034e-05
5134,537.4696061300001,4.8265,4.4770515518641874e-05
5135,537.5680514960004,4.9862,4.475838632123456e-05
5136,537.665907306,4.928,4.4746217843209856e-05
5137,537.7648380320006,4.9374,4.4734153337283736e-05
5138,537.8629722960013,4.6999,4.472194105370363e-05
5139,537.9625691550009,5.0159,4.4709827452222085e-05
5140,538.0638000970011,4.2392,4.469755030358023e-05
5141,538.1624484350014,5.5908,4.4685036058148136e-05
5142,538.2650391730003,5.6011,4.467285822765422e-05
5143,538.3652306420008,4.9131,4.466019391148137e-05
5144,538.4653725020016,4.8671,4.464783356901221e-05
5145,538.5653550140014,3.8942,4.463547393938252e-05
5146,538.6624261220004,3.86,4.462309166790111e-05
5147,538.7601004610005,5.2565,4.461112543246903e-05
5148,538.8609575610008,3.9836,4.459905925506165e-05
5149,538.9604768440004,5.0992,4.4586589576296166e-05
5150,539.0589238330012,5.6477,4.457434504123448e-05
5151,539.1585818160002,3.8087,4.4562111074814715e-05
5152,539.2567827410003,3.7752,4.454989579098765e-05
5153,539.3565045790001,5.2887,4.453775703123455e-05
5154,539.4574352100008,5.9602,4.452546545074066e-05
5155,539.5568900080016,4.1475,4.4512996935432004e-05
5156,539.6568333340001,5.8337,4.4500704610987596e-05
5157,539.7554264480004,3.8484,4.4488243787407245e-05
5158,539.8547085200007,4.5842,4.447618787888873e-05
5159,539.9541450870001,4.0614,4.4463915541728284e-05
5160,540.0505341930002,3.1859,4.445165508567889e-05
5161,540.1454961380005,5.2415,4.4439760639135654e-05
5162,540.2439420250012,4.6903,4.442804230123453e-05
5163,540.3426742480005,4.6444,4.4415892052839346e-05
5164,540.4446502590017,5.5707,4.440369930753082e-05
5165,540.543370069001,5.0553,4.439111571938257e-05
5166,540.6420670350017,5.1495,4.437891525814803e-05
5167,540.7399340430002,5.6122,4.4366640988518396e-05
5168,540.8411674910003,4.1815,4.4354655279999915e-05
5169,540.9374899270006,3.4209,4.4342170598641886e-05
5170,541.035339393,4.9668,4.433026206209872e-05
5171,541.1347920160006,4.9218,4.4318053700987584e-05
5172,541.2322871040014,4.8268,4.430591093135791e-05
5173,541.3278683380013,4.5475,4.429387532987653e-05
5174,541.4241163720017,4.6282,4.428205515296281e-05
5175,541.5221637190007,3.8174,4.427018253432094e-05
5176,541.6192113600009,4.1866,4.425808283469136e-05
5177,541.7151435560008,5.0153,4.424610990382698e-05
5178,541.8154099260009,5.9408,4.423424354728384e-05
5179,541.9147903150006,5.4442,4.422189450395061e-05
5180,542.0143299910014,3.7564,4.4209584848024485e-05
5181,542.1088191140007,4.3921,4.4197316122098764e-05
5182,542.2090058190006,4.0888,4.418563063111103e-05
5183,542.307315031001,4.2398,4.4173162704197404e-05
5184,542.4048429869999,4.3637,4.416114291407392e-05
5185,542.505304155,4.2996,4.414909336061707e-05
5186,542.6060518230006,5.4905,4.4136710448765375e-05
5187,542.7065529820011,5.7873,4.4124276955555366e-05
5188,542.8055717900006,4.1544,4.411186407518516e-05
5189,542.9035725620015,4.8244,4.40996473771603e-05
5190,543.0012854640008,4.4979,4.4087543138394936e-05
5191,543.0995702480013,5.3071,4.407548099308635e-05
5192,543.1992110280007,3.7993,4.406334718098758e-05
5193,543.2987981400001,5.2131,4.40510498154321e-05
5194,543.399426,5.2623,4.403875118123436e-05
5195,543.499683434,5.083,4.402631502530863e-05
5196,543.5988019560009,5.3404,4.401391819839504e-05
5197,543.6943524940016,3.2925,4.400169138740733e-05
5198,543.7933566920001,4.5872,4.398988134592592e-05
5199,543.891726025,4.7564,4.397768985481463e-05
5200,543.9896546340005,5.0639,4.396555801666653e-05
5201,544.0884537280017,5.0239,4.395341145320974e-05
5202,544.188268758,4.7805,4.394124475024675e-05
5203,544.288784104001,4.9149,4.3928920890246915e-05
5204,544.3873869520012,4.8246,4.391652145506152e-05
5205,544.4826917280006,4.1602,4.390424158567884e-05
5206,544.5804638230002,4.5678,4.389255224678992e-05
5207,544.6790969150006,5.6149,4.388052728641969e-05
5208,544.7751409850007,4.6686,4.386835534518513e-05
5209,544.8757941080003,5.9381,4.385643011456782e-05
5210,544.9751380160014,4.9551,4.384403913111098e-05
5211,545.0752338570001,5.5173,4.3831782958641946e-05
5212,545.1762187250006,4.8026,4.381930035024692e-05
5213,545.2749142520006,4.8361,4.380696055555543e-05
5214,545.3724990760002,4.2189,4.379478631024675e-05
5215,545.4716266240011,5.2842,4.3782710097654257e-05
5216,545.5721071000007,5.1772,4.3770514785061586e-05
5217,545.6699303900004,5.2175,4.375810489592581e-05
5218,545.7677348810012,5.0149,4.3746010379382586e-05
5219,545.8650580640006,5.6835,4.373393532654316e-05
5220,545.961566633001,4.2514,4.372192621691351e-05
5221,546.0607289440013,4.0429,4.371001754851831e-05
5222,546.1603514380004,4.8033,4.3697779719505994e-05
5223,546.2595498740011,5.6236,4.368549848987652e-05
5224,546.3578185620008,4.2588,4.367320707296276e-05
5225,546.4572162450004,5.7295,4.366108829209865e-05
5226,546.554253667,4.6836,4.364882114271597e-05
5227,546.6527832120009,5.5703,4.363683427925912e-05
5228,546.7510336330015,5.5538,4.3624643924567755e-05
5229,546.8479781410006,3.7949,4.361240420098747e-05
5230,546.9452779990006,4.719,4.3600553437160374e-05
5231,547.043668536,5.3756,4.3588556112715905e-05
5232,547.1424520230012,4.4818,4.357638433925909e-05
5233,547.238858535,4.1897,4.356421722901225e-05
5234,547.3371011280014,4.9408,4.355230528913563e-05
5235,547.4339620750015,4.9137,4.35402015798765e-05
5236,547.5266103570011,5.324,4.352823957456784e-05
5237,547.6242402690004,4.0756,4.35167919229629e-05
5238,547.7233056620007,5.069,4.350471579518517e-05
5239,547.8239859450005,4.5137,4.3492516656543214e-05
5240,547.922763216,4.6103,4.3480067575432104e-05
5241,548.021607232,5.7151,4.3467877354691335e-05
5242,548.1203104870001,4.261,4.345563165827161e-05
5243,548.220380449,5.1897,4.344337204604938e-05
5244,548.3174733370015,4.7271,4.343114379111105e-05
5245,548.4142714280006,3.886,4.341913798172822e-05
5246,548.5126851130008,4.4025,4.3407174223086234e-05
5247,548.6148848020002,3.9456,4.3395069588641944e-05
5248,548.7119663740013,4.6813,4.338245827209858e-05
5249,548.8129509860009,5.5963,4.337043403962953e-05
5250,548.9123658240005,5.2674,4.335801128234559e-05
5251,549.0051551010001,4.9659,4.334568594135784e-05
5252,549.1076776690006,4.9136,4.333427881209866e-05
5253,549.2051186850003,4.6238,4.332157175000001e-05
5254,549.3030402490003,5.0938,4.330958029407392e-05
5255,549.4006543710002,4.9724,4.329748895358007e-05
5256,549.4968216140005,3.3564,4.3285431012839436e-05
5257,549.5951357950016,4.3328,4.3273553445925906e-05
5258,549.6917841510003,5.6536,4.326141063222212e-05
5259,549.7907890930001,4.5418,4.32494525285184e-05
5260,549.8891291840009,5.4382,4.3237262799012335e-05
5261,549.9880126590015,3.9633,4.322515458037024e-05
5262,550.0812270320002,5.1329,4.3212923815432015e-05
5263,550.1791452260004,4.6781,4.3201421753950586e-05
5264,550.2807320580014,5.2023,4.3189308723580055e-05
5265,550.3798394550013,4.1094,4.31766535048148e-05
5266,550.478573800001,4.9335,4.3164540597160484e-05
5267,550.5772354560013,4.9675,4.3152361152962926e-05
5268,550.6750563990008,3.0993,4.314018499432082e-05
5269,550.775629836,5.2467,4.312808107419748e-05
5270,550.8746238340009,4.32,4.311567533950618e-05
5271,550.975251748001,4.933,4.310345822962956e-05
5272,551.0743396690013,5.1568,4.309107968135782e-05
5273,551.1721477710016,4.4606,4.307879019567882e-05
5274,551.2692320960014,3.0419,4.306665653333317e-05
5275,551.3663201100007,4.2398,4.30547413229628e-05
5276,551.464775548,3.3022,4.3042752841604926e-05
5277,551.5634837730013,4.6529,4.303057880728375e-05
5278,551.6605955220002,4.1839,4.301842843123437e-05
5279,551.7595449370001,4.2663,4.300641993160484e-05
5280,551.8570296880007,4.3874,4.299421244629622e-05
5281,551.9581830160005,5.1747,4.2982150911111044e-05
5282,552.0574466960006,4.5514,4.29695747028395e-05
5283,552.1562128550013,4.2929,4.2957296272716005e-05
5284,552.2547662150009,4.849,4.294522542444431e-05
5285,552.3552889360017,5.5065,4.2933056970493824e-05
5286,552.4550042310002,5.0353,4.292068249888882e-05
5287,552.5530582730007,4.5945,4.2908298137160416e-05
5288,552.6514896870012,5.1671,4.289625803493807e-05
5289,552.7467981480004,4.1793,4.2884022855925856e-05
5290,552.8436495950009,5.7118,4.287230407518502e-05
5291,552.9412501630013,3.5307,4.286033092716048e-05
5292,553.0399386670015,4.6337,4.2848329616049286e-05
5293,553.1382415510016,4.6785,4.283613318913563e-05
5294,553.2374111970003,4.4066,4.282399119481471e-05
5295,553.3375680590016,3.7626,4.281175620407395e-05
5296,553.4357673440009,4.3689,4.279940259654307e-05
5297,553.5349466820007,5.3196,4.2787249423950415e-05
5298,553.633292849001,5.5103,4.277503769283938e-05
5299,553.7310296030009,3.9107,4.276289168654307e-05
5300,553.8329797740007,4.1228,4.275081353888878e-05
5301,553.933503100001,5.1407,4.273821845444431e-05
5302,554.0321997540013,5.0791,4.272581829987645e-05
5303,554.133473625001,4.6864,4.2713641970246875e-05
5304,554.2312193310008,3.4169,4.2701139780864106e-05
5305,554.3292861140017,4.4267,4.268905703888878e-05
5306,554.4281838040006,5.6796,4.267694758592583e-05
5307,554.526090591,4.8179,4.26647306074072e-05
5308,554.6265465120014,5.1604,4.265265002703691e-05
5309,554.723914532,3.8774,4.2640254524567694e-05
5310,554.8236287090003,5.2294,4.2628230887654176e-05
5311,554.9218205190009,4.4628,4.2615923331111084e-05
5312,555.0203941590007,4.776,4.260379939345669e-05
5313,555.1215326780002,3.6256,4.2591635233333314e-05
5314,555.2176350080008,3.0159,4.2579156197654224e-05
5315,555.3131401200008,4.3699,4.2567268385925816e-05
5316,555.4118715990007,4.9717,4.255547100506159e-05
5317,555.511175986001,4.7202,4.254328989160485e-05
5318,555.6091946360011,3.9367,4.2531029751604856e-05
5319,555.7069377070002,5.1384,4.251895052333319e-05
5320,555.805455871001,3.9763,4.250686265802466e-05
5321,555.9040058070004,4.1494,4.2494703930246894e-05
5322,556.0037628850005,4.8376,4.2482525219753076e-05
5323,556.1025630140011,3.8136,4.247017398074066e-05
5324,556.1996961580007,4.6013,4.245803284172831e-05
5325,556.2965443980011,4.7191,4.2446054489506135e-05
5326,556.3917005060011,4.5095,4.2434064838148014e-05
5327,556.4929268480009,5.2112,4.242230388012328e-05
5328,556.5921321240003,5.0809,4.24098592748148e-05
5329,556.6900501580003,5.1166,4.239761662271593e-05
5330,556.788618169001,4.9309,4.238551491370356e-05
5331,556.8863354710011,5.4019,4.237333808469133e-05
5332,556.9848012150014,5.8875,4.236126554888881e-05
5333,557.0829968270009,3.7012,4.2349098943209864e-05
5334,557.1825547080007,4.56,4.233698661086417e-05
5335,557.2801497260007,5.2566,4.2324693330246876e-05
5336,557.3751905460012,3.1858,4.23126403228395e-05
5337,557.4735048900002,3.5155,4.2300900499012195e-05
5338,557.5721563020015,4.3927,4.228879759629612e-05
5339,557.6710379590004,5.7243,4.227660797888876e-05
5340,557.767547417001,4.5534,4.2264399988518436e-05
5341,557.8637951660003,5.5,4.2252475778148014e-05
5342,557.9607021280008,4.9132,4.2240594278888844e-05
5343,558.0581618860015,4.8893,4.222851330876528e-05
5344,558.1537761390009,5.2464,4.221661125098763e-05
5345,558.2521109429999,5.0303,4.2204787563827e-05
5346,558.34480024,5.9418,4.2192526168271597e-05
5347,558.4448275020004,4.2978,4.218126192592581e-05
5348,558.544147038001,4.2711,4.216889347111107e-05
5349,558.6424810390017,3.5133,4.215661494962964e-05
5350,558.7398577760014,3.4549,4.2144455386543194e-05
5351,558.8388043610012,5.2644,4.213240797469126e-05
5352,558.9391872100005,4.6652,4.212008004938261e-05
5353,559.0379439550015,3.613,4.210780331641958e-05
5354,559.1386953740002,3.8765,4.209562316530863e-05
5355,559.2353347390017,3.1982,4.208322328518517e-05
5356,559.3332747970016,5.7464,4.207124650320987e-05
5357,559.4329478210002,4.5858,4.205916413864184e-05
5358,559.5313189740009,4.4055,4.2046726219135815e-05
5359,559.629599707001,5.3609,4.203474235209864e-05
5360,559.7264574220007,4.9476,4.202257534753081e-05
5361,559.8235387940003,4.123,4.201065165160474e-05
5362,559.9188349870001,4.2621,4.199867527555555e-05
5363,560.0165814740012,4.9345,4.1986852498765435e-05
5364,560.1149111880004,4.4679,4.197484184024677e-05
5365,560.2139326210017,3.6842,4.1962667450740736e-05
5366,560.3172747940007,4.711,4.1950332594567755e-05
5367,560.4158425490004,4.4954,4.193767729790102e-05
5368,560.5144333130011,5.1635,4.192552476666651e-05
5369,560.6141967790008,5.0549,4.191335312234559e-05
5370,560.7132629100015,4.3455,4.19010415539504e-05
5371,560.810864395,4.3807,4.188880771839504e-05
5372,560.9082779830005,3.1234,4.187674680740729e-05
5373,561.0075468170016,3.7925,4.1864732825061644e-05
5374,561.1059122070001,4.2197,4.1852492501111106e-05
5375,561.2029486460015,5.0765,4.1840341375185145e-05
5376,561.3009826200014,4.5485,4.18283417519753e-05
5377,561.3987886170016,5.2754,4.181625938197523e-05
5378,561.496923621,4.7653,4.180417616506155e-05
5379,561.5971154650015,4.8426,4.1792066640493744e-05
5380,561.6974684800007,5.599,4.177967802493825e-05
5381,561.795632755,3.166,4.176732555135796e-05
5382,561.8932130920002,5.0562,4.175517139407402e-05
5383,561.9899666410001,5.8143,4.174315180691337e-05
5384,562.0892219160014,3.5803,4.1731203603086435e-05
5385,562.1854433110002,5.7515,4.171893125111109e-05
5386,562.2867701940013,4.8586,4.170703437370366e-05
5387,562.3869165980013,5.2363,4.16945464974073e-05
5388,562.4881863180017,4.0658,4.16821759943209e-05
5389,562.5866315790008,4.8287,4.1669693590246886e-05
5390,562.6829085770005,3.9045,4.165751828382715e-05
5391,562.7808324010002,5.1765,4.1645624960617205e-05
5392,562.878816411001,4.1825,4.163355574543195e-05
5393,562.9768336120014,5.1712,4.1621455210370185e-05
5394,563.0749771300016,4.725,4.1609371572962754e-05
5395,563.1736203360015,4.3908,4.159721603037017e-05
5396,563.2717020220007,4.4513,4.1585056543703506e-05
5397,563.3693014470009,5.1979,4.157295141271598e-05
5398,563.4693259560008,5.4929,4.156090097839488e-05
5399,563.5681818250014,4.2691,4.154851376518501e-05
5400,563.6650316750001,3.8704,4.153636212123443e-05
5401,563.7627287280011,3.929,4.1524420408888865e-05
5402,563.859839969,4.281,4.15123144112344e-05
5403,563.9584554480007,5.1676,4.150030438543211e-05
5404,564.0547326350006,4.1346,4.1488153652098626e-05
5405,564.1533886490015,5.8761,4.147628010740723e-05
5406,564.2511794580005,5.3463,4.146412609012327e-05
5407,564.3491371630007,4.7441,4.1452029401728253e-05
5408,564.4502986310017,4.96,4.143992493604935e-05
5409,564.5505435470004,4.6372,4.14274535161728e-05
5410,564.650379535,5.526,4.14150790317282e-05
5411,564.7484958710011,4.8569,4.140274448456783e-05
5412,564.8471969130005,5.9065,4.139051892506168e-05
5413,564.9464188740003,5.0158,4.137846079024679e-05
5414,565.0464266390009,4.6183,4.136616445345669e-05
5415,565.1456679260009,4.8457,4.135385964753077e-05
5416,565.243002956,4.3728,4.134161067962963e-05
5417,565.339957051001,4.5934,4.1329578562098624e-05
5418,565.4371202300008,4.2141,4.1317575143950516e-05
5419,565.5362215880014,4.6147,4.130560025172824e-05
5420,565.6346345050006,4.3372,4.129339310975299e-05
5421,565.7304115650004,4.1966,4.12812496488887e-05
5422,565.8283741260002,4.4535,4.126939806444429e-05
5423,565.927834260001,4.9647,4.125731948061721e-05
5424,566.0274126150016,4.9829,4.124503686962945e-05
5425,566.1263404680012,4.535,4.12327317120987e-05
5426,566.2247387020016,4.9748,4.122052260024686e-05
5427,566.3223531090007,5.4811,4.1208378698888684e-05
5428,566.4210060510013,5.0154,4.119631861456785e-05
5429,566.5195807700002,4.882,4.1184171421728365e-05
5430,566.6162022740009,4.6312,4.11719873199999e-05
5431,566.712626392,4.8113,4.1160060429629534e-05
5432,566.8099952840003,3.8935,4.114814584580242e-05
5433,566.9049408110004,4.9043,4.113611181283943e-05
5434,567.0002242250011,5.002,4.112440819407391e-05
5435,567.0994343440016,5.8239,4.111264363098756e-05
5436,567.1962290820011,4.2511,4.11004046844443e-05
5437,567.2933859380009,4.8521,4.1088436493333174e-05
5438,567.3938127410001,4.6323,4.107644593592588e-05
5439,567.4911984050013,5.0319,4.106404529012331e-05
5440,567.5897558000015,5.8036,4.1052035307283755e-05
5441,567.6928797180008,3.7057,4.103989794518508e-05
5442,567.7908451950007,5.2967,4.102712456925912e-05
5443,567.8907199000005,4.8623,4.1015041293950484e-05
5444,567.9886920510016,5.385,4.1002743526296174e-05
5445,568.0873122720004,5.6925,4.099061820728394e-05
5446,568.1853648640008,3.1923,4.097844711851832e-05
5447,568.2859234020016,5.954,4.0966310222716006e-05
5448,568.38749345,5.8215,4.0953915846790034e-05
5449,568.4866478910008,4.5712,4.09413793349382e-05
5450,568.5852717750004,5.2626,4.0929130426172636e-05
5451,568.684638734001,5.5034,4.091697500518511e-05
5452,568.7835296120011,4.4202,4.090470929382696e-05
5453,568.884098683,3.9027,4.089249195975293e-05
5454,568.9832513100009,5.3842,4.088008369012338e-05
5455,569.0832252610016,4.4993,4.0867833012716017e-05
5456,569.180094669,5.2244,4.085535340901234e-05
5457,569.2788900760006,5.6322,4.0843501197654134e-05
5458,569.373164056,3.6699,4.0831355804444395e-05
5459,569.4718862190002,4.6733,4.081966459098764e-05
5460,569.5703057580013,5.3822,4.080752194271599e-05
5461,569.6686696550005,4.792,4.079534203777763e-05
5462,569.766934456,3.6487,4.078321887913576e-05
5463,569.8691300970004,4.8553,4.0770943869753e-05
5464,569.9667980970007,3.8595,4.0758456550370336e-05
5465,570.0633076310005,5.3267,4.074639736086406e-05
5466,570.1606717040013,3.7735,4.0734479249629565e-05
5467,570.2576929100014,4.4032,4.072246738024671e-05
5468,570.3570346660017,4.6743,4.0710496031357856e-05
5469,570.4570058570007,4.3864,4.069823166222211e-05
5470,570.5560217420007,4.7638,4.0685827881604865e-05
5471,570.6556661910017,5.4372,4.0673635788148035e-05
5472,570.755433888,5.0049,4.0661340552592544e-05
5473,570.8540330700016,4.7054,4.064903720123452e-05
5474,570.9500437930001,4.9243,4.063686473370367e-05
5475,571.0488335910013,3.6354,4.062501592987651e-05
5476,571.1439399310002,4.5663,4.0612815016913465e-05
5477,571.2400093020005,3.8608,4.060103829753082e-05
5478,571.336674309001,5.2714,4.058920400135793e-05
5479,571.4322501030001,3.5084,4.057728930382714e-05
5480,571.5304393200004,5.3953,4.056545600049369e-05
5481,571.631101025001,5.371,4.055335874037032e-05
5482,571.7314252620017,4.0641,4.054094228481461e-05
5483,571.8299380690005,4.4236,4.0528539058765245e-05
5484,571.9265719670002,4.1244,4.051635714814809e-05
5485,572.0230634110012,4.1699,4.050441705555554e-05
5486,572.1199969150002,5.6421,4.04925432904938e-05
5487,572.2174830530003,4.3511,4.048056818308621e-05
5488,572.316193568,4.3987,4.046855596876524e-05
5489,572.408046126,4.9552,4.04563511085184e-05
5490,572.5076666310015,5.0009,4.0445045642716e-05
5491,572.6040457620002,3.0112,4.043272066518501e-05
5492,572.7019370690014,4.7869,4.04207912797529e-05
5493,572.7999052520008,3.0905,4.0408707983827044e-05
5494,572.8988490240008,4.7181,4.039662864296285e-05
5495,572.9977345570005,5.5086,4.0384442771728236e-05
5496,573.0939826850008,4.2001,4.037221730419737e-05
5497,573.1937224010017,4.5192,4.0360298420246745e-05
5498,573.2930030240004,4.3275,4.0348040539135614e-05
5499,573.3950273720002,5.3282,4.0335705706419746e-05
5500,573.4947805970005,4.8942,4.0323038234567734e-05
5501,573.5925202970011,4.638,4.031081805518513e-05
5502,573.6900320000004,3.8969,4.0298765969382654e-05
5503,573.7882547500012,5.0526,4.028670985111109e-05
5504,573.8861628040013,5.1795,4.0274606338271605e-05
5505,573.9842663400013,4.7298,4.026253525827144e-05
5506,574.0869684910012,5.2429,4.025028770938257e-05
5507,574.1843695470016,5.2059,4.0237758889382536e-05
5508,574.2801117390009,5.2229,4.022570578061726e-05
5509,574.3780373210011,4.7628,4.021387637135792e-05
5510,574.4769155670001,4.9878,4.020177142790124e-05
5511,574.5732783970016,4.2736,4.018957147530845e-05
5512,574.673306871,5.1539,4.017768047604926e-05
5513,574.7743522230012,5.5789,4.016521099209867e-05
5514,574.8743010840008,4.7534,4.015286231987633e-05
5515,574.989246131001,5.6167,4.014035336111103e-05
5516,575.0956899850007,5.3296,4.012617354716031e-05
5517,575.1962316180015,5.0567,4.011318084333326e-05
5518,575.2985409650009,5.0157,4.0100800343333286e-05
5519,575.3974812340002,3.8759,4.0088167921604945e-05
5520,575.4963097730015,4.806,4.0075932649382554e-05
5521,575.5942642380014,4.1927,4.006371741135786e-05
5522,575.6939119170002,5.5152,4.0051646146666486e-05
5523,575.7937338710017,4.7324,4.003934458938266e-05
5524,575.8917806910013,4.4229,4.002702195407404e-05
5525,575.9885889400011,4.617,4.00149024971605e-05
5526,576.0869611750004,4.2679,4.000296092222206e-05
5527,576.1841063730008,5.0305,3.999084330271598e-05
5528,576.2831605020001,4.0739,3.997879253407406e-05
5529,576.3804242820006,3.907,3.996661971456787e-05
5530,576.4753163800015,4.1018,3.9954585072839424e-05
5531,576.5727672840003,5.2334,3.99428624528394e-05
5532,576.6750883730001,5.4955,3.9930862138518466e-05
5533,576.7746262670007,4.5678,3.991821863061719e-05
5534,576.8730523880004,4.2996,3.990594032135791e-05
5535,576.9707006930003,4.2706,3.989375953135791e-05
5536,577.0705214870013,5.7313,3.988173273617285e-05
5537,577.17197992,4.8351,3.9869352362345614e-05
5538,577.2705512360008,3.2776,3.985682374790104e-05
5539,577.3671976960013,4.4266,3.9844657445925724e-05
5540,577.4648210440009,3.5981,3.9832661316049333e-05
5541,577.5616231120002,5.6198,3.9820727606049204e-05
5542,577.6597232420008,5.4562,3.980874972358014e-05
5543,577.7575160590004,4.1409,3.9796633437160414e-05
5544,577.8553037810016,4.6656,3.978457543678994e-05
5545,577.9541762240005,5.5264,3.9772491083827105e-05
5546,578.0537419660013,5.1483,3.976031350382713e-05
5547,578.1495622230013,4.8198,3.974801036679007e-05
5548,578.2470141090016,4.6818,3.973617451012346e-05
5549,578.3452562490002,5.2026,3.9724150704567845e-05
5550,578.4452371460011,3.4927,3.971201816185172e-05
5551,578.5433029000014,4.8133,3.96996139625925e-05
5552,578.634132520001,5.7788,3.968756082432096e-05
5553,578.7317604890013,4.4398,3.967639509135799e-05
5554,578.8238228950013,4.7606,3.966430601555534e-05
5555,578.9205619060012,5.0541,3.965295547740728e-05
5556,579.0205223170015,5.4831,3.964098594456781e-05
5557,579.119343149001,5.7086,3.9628524592345564e-05
5558,579.2171662760011,4.7064,3.961644696629613e-05
5559,579.3149951100004,5.4691,3.9604384749259175e-05
5560,579.4136811960016,4.7779,3.959228181370359e-05
5561,579.5105061910017,3.6026,3.958010550419743e-05
5562,579.6106472740012,4.9506,3.956814065444431e-05
5563,579.7071127350009,4.4294,3.955580187876529e-05
5564,579.8023931380012,3.6505,3.95438735534566e-05
5565,579.8937653560006,5.6575,3.9532102148395e-05
5566,579.9952051500004,5.4129,3.952088100777766e-05
5567,580.0945422880013,4.8842,3.950835014543204e-05
5568,580.1916061500015,5.2512,3.94960419365432e-05
5569,580.2905727350008,4.9493,3.9484088721234505e-05
5570,580.3917990560003,4.5654,3.947184946407386e-05
5571,580.4879708520002,5.134,3.9459331198024616e-05
5572,580.5874058060017,6.008,3.9447465795802364e-05
5573,580.686261578001,5.6534,3.9435078674197464e-05
5574,580.7855020710012,5.1585,3.942297853925926e-05
5575,580.8839719250009,4.5034,3.94107558891357e-05
5576,580.9829847380006,4.7337,3.9398598159382626e-05
5577,581.0794132490009,4.1755,3.9386389225802303e-05
5578,581.1780409420007,3.7264,3.937444463481482e-05
5579,581.2757599410015,5.1393,3.936228897481479e-05
5580,581.3729598040009,4.333,3.9350220739629606e-05
5581,581.4718389530008,4.5498,3.933822978814814e-05
5582,581.5707485830007,5.6812,3.932596941123443e-05
5583,581.6690402860004,5.3493,3.931380279061709e-05
5584,581.7651180810008,4.5655,3.9301676882592506e-05
5585,581.8620764070001,4.4769,3.928980018358014e-05
5586,581.9584668430016,4.1597,3.927785011419743e-05
5587,582.0574893750018,4.0711,3.926593097061728e-05
5588,582.1557283890015,5.299,3.92537189206172e-05
5589,582.2521001700006,4.7745,3.924158519703696e-05
5590,582.3513045570016,5.4038,3.922954726888871e-05
5591,582.446702057001,3.7131,3.921745065790112e-05
5592,582.5463367660013,5.4618,3.9205627248888675e-05
5593,582.6467470320003,5.0251,3.919337373074063e-05
5594,582.7457130410003,4.7755,3.918094375308629e-05
5595,582.8375994950002,4.9706,3.9168673221728244e-05
5596,582.9353471500017,3.61,3.9157426842098686e-05
5597,583.0345826810008,4.5472,3.9145333437407336e-05
5598,583.1323000290013,5.9828,3.913295379938265e-05
5599,583.234861676001,5.2826,3.9121018218271435e-05
5600,583.3330244060016,4.2956,3.9108370227901036e-05
5601,583.4303196240016,3.8594,3.909623348666656e-05
5602,583.5297096440008,4.8342,3.9084224901975245e-05
5603,583.6268006270002,4.8766,3.907195520296295e-05
5604,583.7234377260011,4.0081,3.9059976494074e-05
5605,583.823372674,5.1783,3.9048007833209765e-05
5606,583.923339899,5.3362,3.9035713830246853e-05
5607,584.0234925170007,5.1428,3.902331803444427e-05
5608,584.1233742680015,4.4319,3.90109947133333e-05
5609,584.2236695030006,4.9209,3.8998666441851664e-05
5610,584.3228606230005,4.5948,3.898620467777765e-05
5611,584.4208925900002,5.2657,3.897404072037031e-05
5612,584.5192681410008,4.276,3.896194970407404e-05
5613,584.6193661590005,3.8584,3.8949788420740575e-05
5614,584.7191753810002,5.2974,3.893744408320974e-05
5615,584.820209159001,5.2959,3.892512386271599e-05
5616,584.919841072,4.2596,3.8912669456666564e-05
5617,585.0190970380008,4.3021,3.890034671975302e-05
5618,585.1193483310017,4.7327,3.8888089219135624e-05
5619,585.2175822200006,4.8332,3.887571450197513e-05
5620,585.3151121110004,4.231,3.886355795864195e-05
5621,585.410659516001,4.8347,3.885153307370364e-05
5622,585.5041772680015,5.3093,3.8839741824321e-05
5623,585.6039715790012,5.219,3.882822463444439e-05
5624,585.7029127600017,4.9967,3.881589921160479e-05
5625,585.8025047910014,5.2166,3.880364075333327e-05
5626,585.9036974030005,5.8777,3.8791376928765444e-05
5627,586.0023942570006,5.8767,3.8778845908765324e-05
5628,586.1029531640015,5.7173,3.8766692738765285e-05
5629,586.2002106150012,4.5878,3.875429460975306e-05
5630,586.3005793910015,4.7369,3.8742272407530834e-05
5631,586.3984858080003,5.2051,3.872988848148138e-05
5632,586.4909161080013,4.7788,3.871779608370353e-05
5633,586.5891750430001,4.9691,3.8706386036790064e-05
5634,586.6871497020002,4.2607,3.869426464999996e-05
5635,586.7847548420013,4.7941,3.868216212765433e-05
5636,586.8812921680001,4.4906,3.8670101274444425e-05
5637,586.9792111350016,4.2292,3.865819166320975e-05
5638,587.0775719480007,4.7607,3.8646103653580127e-05
5639,587.1805144240006,4.5851,3.8633949419259066e-05
5640,587.2778482730009,4.7865,3.8621194302715913e-05
5641,587.372898949001,5.1312,3.860922956740731e-05
5642,587.4689510400003,4.5962,3.859750256012342e-05
5643,587.5676446050002,5.0349,3.858549139049367e-05
5644,587.6660988560016,5.1009,3.857345058246906e-05
5645,587.7661763460001,5.2803,3.856129314382705e-05
5646,587.8628190560012,4.5421,3.854896396172832e-05
5647,587.9631126580007,4.4516,3.8536971037654126e-05
5648,588.0563614360017,4.6598,3.8524658604073926e-05
5649,588.157279680001,4.5968,3.851313593320968e-05
5650,588.2572163430013,5.7629,3.850066139827157e-05
5651,588.358777970001,5.2544,3.8488333461481275e-05
5652,588.4606312390006,4.8464,3.847578541012326e-05
5653,588.557580906001,3.9146,3.8463175287777654e-05
5654,588.6583404320008,5.1848,3.845122018209858e-05
5655,588.7582531930002,5.0505,3.843881009481467e-05
5656,588.8570574370005,4.6092,3.842648081407395e-05
5657,588.9563849840015,5.3337,3.841426340333334e-05
5658,589.0557605620015,4.8769,3.8402010955555456e-05
5659,589.1539336080004,4.2453,3.838973682481465e-05
5660,589.250956078,4.2457,3.837762711172835e-05
5661,589.3494695820009,5.1977,3.8365602447777716e-05
5662,589.4482031460011,4.9977,3.835347112567894e-05
5663,589.5483064030013,4.4784,3.834114895012326e-05
5664,589.646981322001,4.4982,3.83288813403703e-05
5665,589.7441041680013,4.4699,3.831673757518505e-05
5666,589.8419930290002,4.4209,3.830475674567896e-05
5667,589.9415893290006,4.5433,3.8292667800617185e-05
5668,590.0404080530006,6.0045,3.828039143234559e-05
5669,590.1382585200008,4.7421,3.8268186840370256e-05
5670,590.2339023010009,3.6604,3.825595976370365e-05
5671,590.3331759240009,4.7065,3.824429483678996e-05
5672,590.4317713690016,4.1651,3.823205230283938e-05
5673,590.5295342670015,5.422,3.8219858937530796e-05
5674,590.6300957860003,4.7616,3.8207781441481383e-05
5675,590.7273476710016,5.2223,3.819538455580232e-05
5676,590.8274286640008,4.9692,3.818332971802451e-05
5677,590.9237837410001,4.1309,3.8170987832962756e-05
5678,591.0215960300011,5.1561,3.8159084963086275e-05
5679,591.1223156820015,4.7873,3.8147077289629604e-05
5680,591.219786869,4.3291,3.813462000925916e-05
5681,591.3154015960008,3.0536,3.812258769975292e-05
5682,591.4134546800015,4.8215,3.8110756097777744e-05
5683,591.513799196,5.2566,3.8098669777283914e-05
5684,591.6114166220013,4.9491,3.808629559765411e-05
5685,591.7083461250004,5.5024,3.807423027172824e-05
5686,591.808287926,5.2622,3.806227071456777e-05
5687,591.9070806070013,4.5728,3.804996130864198e-05
5688,592.0079878050001,5.4432,3.803772200469133e-05
5689,592.1023133980016,5.1465,3.802528195580242e-05
5690,592.2026834400003,4.8078,3.8013626716789904e-05
5691,592.3033565620008,4.8013,3.800120378246913e-05
5692,592.402601578,3.496,3.7988803049259194e-05
5693,592.5044344370017,5.4472,3.797654042555537e-05
5694,592.6068429750012,4.8129,3.7963854351110964e-05
5695,592.7045124940014,3.4626,3.795133661086417e-05
5696,592.803807358001,4.5239,3.793919776555548e-05
5697,592.9021425090014,5.0777,3.79270164912345e-05
5698,593.0005987530003,4.1958,3.7914875492839476e-05
5699,593.1002524060004,5.7029,3.790271512160478e-05
5700,593.1983980670011,3.5709,3.789042761283938e-05
5701,593.2961510060013,4.257,3.787827437530858e-05
5702,593.393776207,4.6528,3.786624787246902e-05
5703,593.4910597240014,6.054,3.785419398086415e-05
5704,593.5914818030014,5.1069,3.7842187155925836e-05
5705,593.6904931620011,5.1598,3.782977372111104e-05
5706,593.7878737740011,3.7847,3.7817565897407304e-05
5707,593.8848752400008,4.8997,3.7805512957283896e-05
5708,593.9827731470014,4.5185,3.7793552518765354e-05
5709,594.0793192340006,4.4276,3.7781478780987665e-05
5710,594.1759571030016,3.9832,3.776954265222208e-05
5711,594.2730644769999,4.3017,3.77576167444444e-05
5712,594.3721071370001,3.5307,3.774550496098752e-05
5713,594.4691345080009,4.768,3.7733402931357834e-05
5714,594.5687231150005,4.478,3.772142964283948e-05
5715,594.6693216080002,4.7087,3.770911255444428e-05
5716,594.7649536260014,2.7387,3.769670607493813e-05
5717,594.8623620610015,3.8495,3.768489941469122e-05
5718,594.9622707150011,5.3103,3.76728512193826e-05
5719,595.0602546340015,3.4845,3.7660518070987574e-05
5720,595.1582181379999,4.9199,3.764841884246908e-05
5721,595.2589584310008,3.8052,3.7636355070617247e-05
5722,595.3598308550008,4.5002,3.7623797924814786e-05
5723,595.4619709870003,5.214,3.7611456967654115e-05
5724,595.5631012270005,5.3252,3.759884611938262e-05
5725,595.662331861,4.7069,3.758636805382695e-05
5726,595.7563335630002,5.2165,3.757412001839502e-05
5727,595.8566642330006,4.303,3.756239520814806e-05
5728,595.9537105490017,4.5597,3.755011128345674e-05
5729,596.0529513240017,5.7827,3.753812038641964e-05
5730,596.1459872250016,5.4842,3.752589127506158e-05
5731,596.2439510330005,4.1858,3.751444281135803e-05
5732,596.342247509001,2.5923,3.750229117530861e-05
5733,596.4399317740008,4.4014,3.7490165876543074e-05
5734,596.5314360300017,5.8225,3.747811296654303e-05
5735,596.6304263670008,5.5502,3.7466843226049366e-05
5736,596.7287629340008,4.6095,3.745456289691351e-05
5737,596.8258113540014,5.2434,3.744244320938266e-05
5738,596.9239192990008,4.0359,3.743047249222209e-05
5739,597.0211011610008,4.6524,3.7418365386049216e-05
5740,597.1190441250001,5.217,3.740637238049372e-05
5741,597.2194351500002,5.0515,3.7394284032715975e-05
5742,597.3165065820012,4.3366,3.738188876740727e-05
5743,597.4154006580011,4.2033,3.736983687790115e-05
5744,597.5137945650004,5.7919,3.7357630640370323e-05
5745,597.6120740620008,3.7894,3.734555193913579e-05
5746,597.7091807500001,4.1115,3.733339059049365e-05
5747,597.8078051450011,4.293,3.732140401530845e-05
5748,597.9073370690003,5.1012,3.73092312579012e-05
5749,598.0058155140014,3.9728,3.7296951619382636e-05
5750,598.1039846680014,3.8488,3.7284774557283753e-05
5751,598.2010559070004,3.9317,3.727266797703685e-05
5752,598.3009044240007,4.809,3.726067759716044e-05
5753,598.4026700590002,5.176,3.724837722617277e-05
5754,598.503162813,5.6911,3.723579940074059e-05
5755,598.6010527310009,4.2688,3.7223400758518465e-05
5756,598.6986657940015,4.0988,3.721117477419744e-05
5757,598.7951662530013,4.0989,3.7199242722962945e-05
5758,598.8955787070008,5.6575,3.718730841185171e-05
5759,598.9936648610001,3.8058,3.717491481950618e-05
5760,599.0937040550016,4.7174,3.7162827201234364e-05
5761,599.1932189930012,4.2672,3.71503777391357e-05
5762,599.2902716200006,4.9874,3.7138190052592556e-05
5763,599.3875737530016,4.5415,3.712622701679001e-05
5764,599.4797966290007,4.9919,3.711419725925921e-05
5765,599.5798563880016,4.7312,3.7102817805061706e-05
5766,599.6787645500008,3.8498,3.709045088901231e-05
5767,599.7762972480014,5.1592,3.7078275726296084e-05
5768,599.8773772060013,4.6878,3.7066212449629544e-05
5769,599.9773547000004,4.6226,3.70537546582715e-05
5770,600.0743356380008,4.6451,3.70414059358024e-05
5771,600.1764213650004,5.49,3.702939150814815e-05
5772,600.2761432940006,4.1577,3.7016705728641866e-05
5773,600.3759723820003,4.7566,3.70044911186419e-05
5774,600.4740714020008,4.0493,3.6992191138888755e-05
5775,600.5749144770016,5.2125,3.698008446950598e-05
5776,600.6728038300007,4.87,3.696748807135795e-05
5777,600.7719819330014,4.6537,3.695553041209869e-05
5778,600.8720749100012,5.1126,3.694328247432089e-05
5779,600.9696623810014,5.557,3.693093931728386e-05
5780,601.069335528,4.9988,3.691887076765426e-05
5781,601.1685161690002,5.2967,3.6906602566419614e-05
5782,601.2689519100004,5.2274,3.689431817456779e-05
5783,601.3667498060004,4.3601,3.688193099765417e-05
5784,601.4676747460016,4.1516,3.686985412876536e-05
5785,601.5700000530014,4.5775,3.685727406543209e-05
5786,601.6687694270004,4.8561,3.684478812851843e-05
5787,601.7623985150003,5.2338,3.683259104493814e-05
5788,601.859465259,3.8415,3.6821023935802334e-05
5789,601.9573793580003,4.8642,3.680901324370356e-05
5790,602.0549725220008,4.6516,3.6796961206913425e-05
5791,602.1523590310007,4.5493,3.6784883706172826e-05
5792,602.250402044001,4.7043,3.677288093962961e-05
5793,602.347167164,4.7732,3.676077109234568e-05
5794,602.4449192150005,5.3979,3.674875129024674e-05
5795,602.5431859950004,3.665,3.6736761821975284e-05
5796,602.6436307680015,5.168,3.6724638741357965e-05
5797,602.7420368600015,4.5757,3.6712233746296275e-05
5798,602.8408966550014,5.1095,3.6700072683086354e-05
5799,602.9323439560012,5.1213,3.668786549617285e-05
5800,603.0304154570003,3.1881,3.667660653950598e-05
5801,603.1230868160001,5.0837,3.666445335654305e-05
5802,603.2219483840017,4.6384,3.665302588765428e-05
5803,603.3192612940002,4.0621,3.664081391222221e-05
5804,603.4233458580002,3.6275,3.66287525062962e-05
5805,603.522062172,4.993,3.661594178061708e-05
5806,603.6198513180007,5.0591,3.660361856728394e-05
5807,603.7185406000008,5.5994,3.659168706432091e-05
5808,603.8152147180008,4.2792,3.6579534706296184e-05
5809,603.9148133390008,5.405,3.656757965580232e-05
5810,604.0116512220011,3.7611,3.6555308154197355e-05
5811,604.1102858080012,5.6306,3.654330382530864e-05
5812,604.2082144210017,4.4307,3.653115607703692e-05
5813,604.3035738620001,4.501,3.651906754320981e-05
5814,604.4009490830013,5.1303,3.650728434370369e-05
5815,604.4979534010017,4.9333,3.6495272174691275e-05
5816,604.5982934120002,4.7525,3.648326898740727e-05
5817,604.690711796,4.6153,3.6470773561481406e-05
5818,604.788645863,4.6364,3.645949334024678e-05
5819,604.8870292610009,4.8425,3.644739970999985e-05
5820,604.9837839440006,3.8847,3.643526347925913e-05
5821,605.080411211,4.5775,3.642331756049383e-05
5822,605.1761213070004,5.1551,3.6411383527036966e-05
5823,605.2795752970014,5.3499,3.6399564441728195e-05
5824,605.3779228230014,4.5585,3.638681568975306e-05
5825,605.4783412640008,3.606,3.6374570645308534e-05
5826,605.5783005930007,5.5405,3.636223573654318e-05
5827,605.6739948970007,3.8946,3.634992992790115e-05
5828,605.7715740760013,5.1823,3.6338097852098776e-05
5829,605.8685790970012,3.6341,3.6326035400246906e-05
5830,605.9661188590017,3.0724,3.631407590728374e-05
5831,606.061237879001,3.2474,3.6302043303950526e-05
5832,606.1587771570012,4.8451,3.629027279432081e-05
5833,606.2560498530001,5.8797,3.627825949308632e-05
5834,606.3537995250008,4.7433,3.62662170545679e-05
5835,606.4514346720007,5.208,3.62541826270369e-05
5836,606.5502162010016,4.4242,3.624211899432093e-05
5837,606.6423921360001,5.0825,3.622994425469132e-05
5838,606.7385642020017,3.9984,3.6218566077901125e-05
5839,606.8372417890005,4.2542,3.6206660129999944e-05
5840,606.9334807120013,4.9518,3.6194513055925875e-05
5841,607.0300378280008,4.68,3.618252945901222e-05
5842,607.1281022230014,4.5294,3.6170694331110925e-05
5843,607.2307218260012,4.2833,3.61585927325925e-05
5844,607.3304285480008,5.4774,3.614580600518507e-05
5845,607.4282810190016,4.8824,3.6133583124567704e-05
5846,607.5249123540016,4.8016,3.612150865197511e-05
5847,607.6248738010017,5.1338,3.610957947913571e-05
5848,607.722355068001,5.5016,3.609725335814801e-05
5849,607.822775644001,4.6533,3.608518219074068e-05
5850,607.918255550001,4.221,3.60728313846913e-05
5851,608.0171056500003,4.7193,3.606100448753066e-05
5852,608.1143425800001,3.4083,3.6048834393703515e-05
5853,608.2124176610014,4.5918,3.6036798806543195e-05
5854,608.3104106350002,3.7093,3.6024698159629534e-05
5855,608.4088216510008,5.0957,3.6012595237283854e-05
5856,608.5080483480015,5.1887,3.600043119469123e-05
5857,608.6066075430008,4.3404,3.598820576567893e-05
5858,608.7054013460001,4.5059,3.597605060864181e-05
5859,608.8050118810006,3.668,3.596386487567891e-05
5860,608.9034411709999,4.9161,3.595154969617274e-05
5861,609.0025323440004,4.5268,3.59394174843209e-05
5862,609.1005433480004,5.1315,3.592715986999984e-05
5863,609.1991117090001,4.6208,3.5915053763827155e-05
5864,609.2992891510003,4.4135,3.5902767233209835e-05
5865,609.3921326230011,5.5813,3.5890556213580114e-05
5866,609.4899363050008,4.848,3.587909252135792e-05
5867,609.5891360690002,5.0357,3.586698827308642e-05
5868,609.6878629480016,5.2817,3.5854752603827145e-05
5869,609.7859581430002,4.6491,3.584255407839504e-05
5870,609.8870272110016,5.4518,3.583045496703697e-05
5871,609.9851313320014,5.4196,3.5817982923209784e-05
5872,610.0850474810013,5.1537,3.5805864903086325e-05
5873,610.1852572730004,3.437,3.579354806518507e-05
5874,610.2852149050013,4.1015,3.578110705950616e-05
5875,610.3856546710012,4.2532,3.576883016530859e-05
5876,610.4768647690016,5.6226,3.575640847592572e-05
5877,610.5779237520001,4.9333,3.574518196234557e-05
5878,610.6824069060003,5.2201,3.5732705491604815e-05
5879,610.7785342700008,4.3222,3.5719686085308637e-05
5880,610.8775716930013,3.9321,3.570790577481468e-05
5881,610.9749087280015,4.0185,3.569571696814796e-05
5882,611.0719310820004,4.9295,3.568366537370349e-05
5883,611.1664415560008,1.8241,3.5671679963209806e-05
5884,611.2667243260003,5.4878,3.56599958633333e-05
5885,611.3634013660012,4.0045,3.564766960481472e-05
5886,611.4618794180005,4.643,3.5635693063456675e-05
5887,611.5590156730013,4.6396,3.562355350753079e-05
5888,611.6572978200002,4.8431,3.561154462728379e-05
5889,611.7546233070007,5.2722,3.559930748950608e-05
5890,611.8528921490015,4.4122,3.558741467222223e-05
5891,611.9516655870011,4.3233,3.5575295025925847e-05
5892,612.0488384939999,4.678,3.556309968987652e-05
5893,612.1476973280005,5.0995,3.555093825481464e-05
5894,612.2441655080002,3.6675,3.553889796814811e-05
5895,612.3416809260016,2.664,3.5526968259999893e-05
5896,612.4398113270017,4.8182,3.551489212271604e-05
5897,612.538126970001,4.0414,3.5502816153950534e-05
5898,612.6392619300004,4.7497,3.5490696202345544e-05
5899,612.7369286590001,3.7809,3.547813850913574e-05
5900,612.8354806920015,4.9213,3.546612815148129e-05
5901,612.932962623001,3.6733,3.545398415567894e-05
5902,613.0283093780017,4.4982,3.5441929230740546e-05
5903,613.1270271990015,5.1586,3.543016004370364e-05
5904,613.2252328520008,3.2162,3.541799141543199e-05
5905,613.3223518330014,5.2359,3.540586277864193e-05
5906,613.421041216001,4.1359,3.539383458320982e-05
5907,613.5191312740008,5.1768,3.538168155580238e-05
5908,613.613243789001,3.7271,3.536957530234568e-05
5909,613.7099258200014,5.2447,3.5357932926666604e-05
5910,613.8093650830015,5.8081,3.5346024286049175e-05
5911,613.9074231910017,4.3089,3.5333764551604774e-05
5912,614.0072907510003,3.7524,3.53216219772838e-05
5913,614.105713944,4.6298,3.5309299374567884e-05
5914,614.2030954000002,4.9266,3.5297131341975284e-05
5915,614.3014672240006,4.4478,3.528510259320975e-05
5916,614.4012175870012,5.4069,3.527299608641971e-05
5917,614.4975203620015,4.1719,3.526067940444445e-05
5918,614.5995780339999,5.7031,3.5248765392468974e-05
5919,614.6996075330007,5.5745,3.523617688506173e-05
5920,614.797645048,4.9222,3.52238298013579e-05
5921,614.8964091030011,4.2696,3.521171652629625e-05
5922,614.9879541530008,5.171,3.519954698049377e-05
5923,615.0888362210007,4.94,3.518823543802468e-05
5924,615.1870013880016,4.5694,3.51757875949382e-05
5925,615.2851578220016,4.4213,3.5163650583333186e-05
5926,615.384701854,3.7827,3.515153002641971e-05
5927,615.483498294001,5.0228,3.51392356134566e-05
5928,615.5816906600012,3.9738,3.5126904256296125e-05
5929,615.6798228070002,4.9115,3.511479560271592e-05
5930,615.7793688650017,5.1789,3.5102802152592454e-05
5931,615.8778565430002,4.6922,3.509053933938251e-05
5932,615.976308542,5.0439,3.507836868098754e-05
5933,616.0733079620004,3.5267,3.506620390049378e-05
5934,616.1703745930008,4.1619,3.505422992086411e-05
5935,616.2686526780017,5.7754,3.5042241665802456e-05
5936,616.3679275030008,3.817,3.5030102848888845e-05
5937,616.4662204160013,4.6769,3.501786734530851e-05
5938,616.5603305760014,5.1354,3.500562185407393e-05
5939,616.6592424980008,3.7954,3.4994128148394976e-05
5940,616.7576866110012,3.6838,3.4981879783333204e-05
5941,616.856299000001,4.9967,3.496973777135798e-05
5942,616.9541921010004,3.7249,3.495757303592576e-05
5943,617.0518019720002,4.1053,3.494548140185173e-05
5944,617.1501950830007,4.3389,3.493344667160474e-05
5945,617.2492252970005,4.5272,3.4921299724320964e-05
5946,617.3479228920005,3.9742,3.4909080012715956e-05
5947,617.4460507030017,3.6453,3.4896787909999864e-05
5948,617.5397763800011,5.1231,3.4884756154691176e-05
5949,617.6351958780015,4.6718,3.4873198210617254e-05
5950,617.7321477620007,1.7796,3.4861421443827025e-05
5951,617.8241712300005,5.0608,3.484940635197532e-05
5952,617.9263543770012,5.1659,3.4838094022962865e-05
5953,618.0219592480007,4.2959,3.482546804345677e-05
5954,618.1194939050001,4.7009,3.4813661597777634e-05
5955,618.218921447,4.5711,3.480160491999998e-05
5956,618.3158693519999,4.4488,3.478935092790122e-05
5957,618.4148877440002,4.7154,3.4777359066419544e-05
5958,618.5118252470002,5.5537,3.4765143340740634e-05
5959,618.6080715200005,5.1796,3.475319078074061e-05
5960,618.7057659070015,5.0302,3.474128451160478e-05
5961,618.804717201001,4.0944,3.472925635851851e-05
5962,618.9005001680016,4.3296,3.4716883731728303e-05
5963,618.9987068170012,3.9755,3.4705182984938204e-05
5964,619.0973790080006,4.8601,3.469296191111111e-05
5965,619.190769234001,4.6865,3.468090055790122e-05
5966,619.2891517970002,4.0267,3.4669370041357964e-05
5967,619.3872326510009,4.8942,3.4657202451851646e-05
5968,619.4869446450011,4.1813,3.464511960111109e-05
5969,619.584412139,5.5994,3.463281381074068e-05
5970,619.6827245630011,3.3093,3.4620742202839475e-05
5971,619.7821573790006,5.5555,3.460861538802465e-05
5972,619.8794466580002,5.3668,3.459629469172819e-05
5973,619.977035449001,4.7883,3.458434458037018e-05
5974,620.0732429650016,5.2835,3.457228796444444e-05
5975,620.1738158430016,5.3801,3.4560359661851795e-05
5976,620.2659555520004,4.559,3.454800903172832e-05
5977,620.3645133950013,4.8027,3.4536660729506063e-05
5978,620.4626343920008,4.4598,3.452443214185167e-05
5979,620.5600315170013,5.6611,3.451233628518507e-05
5980,620.6597572850005,4.6729,3.450031126481469e-05
5981,620.759810720001,4.4338,3.448802073061719e-05
5982,620.8596774200014,4.0628,3.447566151901216e-05
5983,620.960871012001,5.2165,3.446328197765418e-05
5984,621.0604991270011,5.3324,3.445078396345662e-05
5985,621.1587417940009,4.2048,3.4438412088765304e-05
5986,621.2563066740004,2.7635,3.442640525851846e-05
5987,621.3531891400016,4.9789,3.441436321999986e-05
5988,621.4504013350015,5.7177,3.440235737580246e-05
5989,621.548100809001,3.8153,3.439040404481479e-05
5990,621.6479464380009,4.6413,3.4378358915308595e-05
5991,621.7470102930001,5.3445,3.4366025515925835e-05
5992,621.8470473790003,4.6389,3.4353782371234524e-05
5993,621.9445920460003,5.4606,3.4341448675802466e-05
5994,622.04036447,5.397,3.432938074111097e-05
5995,622.1384352000005,4.8297,3.431747643987645e-05
5996,622.2348531800017,3.8199,3.430544756320968e-05
5997,622.3353538530009,4.9656,3.4293534180370326e-05
5998,622.4332599360005,4.4126,3.428114840543199e-05
5999,622.5313875300017,4.6296,3.4269051271481364e-05
6000,622.6308013260004,4.5985,3.4256913370246805e-05
6001,622.7282255730006,4.7931,3.424468315296295e-05
6002,622.827890939001,5.0006,3.423263833592591e-05
6003,622.9247010930012,4.4075,3.422035135777768e-05
6004,623.0212795800016,4.1648,3.420837696432095e-05
6005,623.1183065720015,5.2442,3.4196478766913554e-05
6006,623.2164223080017,4.0781,3.418446173925919e-05
6007,623.3146775530004,4.6836,3.417236336432078e-05
6008,623.4166752310011,4.5297,3.416022321037024e-05
6009,623.5140882020005,2.0618,3.414764086530857e-05
6010,623.6122738350005,4.7156,3.4135619900617143e-05
6011,623.7114594160012,3.8473,3.412351199135797e-05
6012,623.8092508480004,4.4189,3.4111256261481395e-05
6013,623.9060903250011,4.3503,3.409919309518506e-05
6014,624.0034790030004,3.978,3.408721741432084e-05
6015,624.100362348001,5.6214,3.407520700234553e-05
6016,624.1973308730012,3.705,3.406325392629618e-05
6017,624.2941057080006,4.1498,3.405125939814797e-05
6018,624.3927936810014,4.614,3.4039353433086316e-05
6019,624.491695527,4.8116,3.402713839283945e-05
6020,624.5890526580006,4.7708,3.4014940911234414e-05
6021,624.6850455160002,5.1656,3.4002912001234546e-05
6022,624.784719452,5.0191,3.3991057194444344e-05
6023,624.8830461760008,2.5931,3.397875959407395e-05
6024,624.9815140580013,5.3469,3.396660211271601e-05
6025,625.0771966600005,5.2897,3.395448211691339e-05
6026,625.1680337760008,4.6211,3.394263733567888e-05
6027,625.265554484,2.2715,3.3931464274691186e-05
6028,625.3632084150013,4.2019,3.3919393050617164e-05
6029,625.4632933070006,4.7256,3.390732274716042e-05
6030,625.5623849590011,4.3683,3.389497634728388e-05
6031,625.6607163090011,5.6303,3.3882745079259214e-05
6032,625.7578576720007,5.0394,3.387062753296297e-05
6033,625.854641760001,4.4788,3.3858627269876456e-05
6034,625.954616219,4.6257,3.3846669537654154e-05
6035,626.0553326440004,4.7118,3.3834333019753065e-05
6036,626.1519987460015,4.5498,3.3821905011110954e-05
6037,626.2492768640004,4.8533,3.380992763296277e-05
6038,626.3483955320007,4.6766,3.3797919780370223e-05
6039,626.4476988060014,4.3366,3.378570600753071e-05
6040,626.5485511810002,4.6638,3.377345786999981e-05
6041,626.646688578001,5.3909,3.3760996972345495e-05
6042,626.7450637490001,3.7732,3.3748893822839476e-05
6043,626.8454144620009,4.1882,3.3736760072222104e-05
6044,626.9424976220016,5.3926,3.3724328133703685e-05
6045,627.041905985001,4.6289,3.371235477740733e-05
6046,627.1394776460002,4.8249,3.370006214629613e-05
6047,627.2380330080014,3.5144,3.3687997389012185e-05
6048,627.3355574000016,5.2385,3.367586710962955e-05
6049,627.4351817270017,4.7174,3.366379592765413e-05
6050,627.5350052100002,4.9941,3.3651536936296105e-05
6051,627.6354883070017,5.0669,3.363921477086411e-05
6052,627.735526462,4.1314,3.362682690999991e-05
6053,627.8332434540007,5.2774,3.3614461870740656e-05
6054,627.9321068000008,5.5267,3.360238970160486e-05
6055,628.0240026970005,5.2232,3.359019441518498e-05
6056,628.1237059620016,4.7823,3.3578857785925924e-05
6057,628.2198771880012,5.3821,3.35664521541975e-05
6058,628.3173440250011,4.8947,3.3554637321481374e-05
6059,628.4159887090009,5.4177,3.354262844975309e-05
6060,628.5133669060015,4.5033,3.353043079456772e-05
6061,628.6184669460017,5.8448,3.3518404608518415e-05
6062,628.7151154190014,4.8178,3.350547742395043e-05
6063,628.8147902979999,4.5846,3.349350547617279e-05
6064,628.9151458360011,4.8441,3.34812302425924e-05
6065,629.0125945950003,4.4849,3.346882842012331e-05
6066,629.1082990960003,4.4214,3.345667033283933e-05
6067,629.2073549160013,4.1329,3.344494852049374e-05
6068,629.3060324530015,4.5359,3.34326987409876e-05
6069,629.405226627001,5.0428,3.342054010962953e-05
6070,629.5061428040008,5.6174,3.340826658444442e-05
6071,629.6060521930012,5.5541,3.3395877641975216e-05
6072,629.7042990650007,5.2568,3.338352940740735e-05
6073,629.8018590610009,4.8337,3.337139594851837e-05
6074,629.9009866010001,5.3384,3.335936337432087e-05
6075,629.9983139660017,5.0039,3.3346967477901214e-05
6076,630.0963307050006,4.988,3.333505075703687e-05
6077,630.1935925630005,4.5216,3.3323019788518364e-05
6078,630.2899990240003,4.4425,3.331100557617273e-05
6079,630.3890203130013,4.8032,3.329909042148139e-05
6080,630.4863201340013,4.8394,3.3286880452962774e-05
6081,630.5841440170007,5.0646,3.327484926197513e-05
6082,630.6831200310007,4.6575,3.326277023456773e-05
6083,630.7790386320012,3.7733,3.325056540728389e-05
6084,630.876316377,4.3957,3.323871095555548e-05
6085,630.9680201480005,4.4213,3.322670437629616e-05
6086,631.0659809910012,4.294,3.321539149111108e-05
6087,631.165352647,4.5577,3.320329085111092e-05
6088,631.2621585570014,4.6942,3.3191042079012314e-05
6089,631.3603713600005,4.9911,3.317906943111104e-05
6090,631.4596288080011,5.0247,3.31669370807407e-05
6091,631.5603486270011,4.7643,3.315466340641958e-05
6092,631.6592655160002,3.3737,3.314228385592579e-05
6093,631.7570264440001,5.4476,3.313006159518499e-05
6094,631.8574797640013,3.4393,3.311797287197524e-05
6095,631.9492501150016,4.6801,3.310558136395061e-05
6096,632.0458036380005,4.7742,3.309428044975308e-05
6097,632.1423629380006,5.3851,3.308220092679008e-05
6098,632.2386581240007,4.4792,3.3070395782468966e-05
6099,632.3370526590006,5.2714,3.3058510093086416e-05
6100,632.4363437390002,4.7229,3.3046380793086294e-05
6101,632.5359582220008,3.9876,3.3034074046666506e-05
6102,632.6349171590009,3.8306,3.3021814210123356e-05
6103,632.7354729590006,4.89,3.300958083444444e-05
6104,632.8363855340012,5.3135,3.299719644913565e-05
6105,632.9318822880014,3.1405,3.2984713125185e-05
6106,633.0337020410007,4.912,3.297290550320987e-05
6107,633.1320297210004,4.5303,3.2960250004444436e-05
6108,633.2285477000005,5.3987,3.294823054679e-05
6109,633.3272152420013,4.7938,3.293629663172824e-05
6110,633.4249310960004,4.3832,3.2924147167037e-05
6111,633.5247099740009,5.0159,3.2912081529135594e-05
6112,633.6232003770001,4.7421,3.289976539975293e-05
6113,633.7218056700003,3.7834,3.288759908098745e-05
6114,633.8197913190015,5.2307,3.287540064790117e-05
6115,633.9168467160016,4.6155,3.286332757308628e-05
6116,634.0131951550011,3.9058,3.2851341084691355e-05
6117,634.1110454080008,5.8223,3.283943834777762e-05
6118,634.2098890510006,5.0051,3.282736366345669e-05
6119,634.308293682001,5.2617,3.281516065913574e-05
6120,634.4068696220002,3.5773,3.2802990658148005e-05
6121,634.5051482150011,4.0043,3.279081821925906e-05
6122,634.6033893030017,4.9327,3.2778692492839456e-05
6123,634.702653974,5.6733,3.2766571333456705e-05
6124,634.8023852610004,5.5937,3.2754304846049186e-05
6125,634.9009535840014,3.6974,3.274195723456783e-05
6126,634.9988601000005,4.8197,3.272982679543188e-05
6127,635.0946400520006,4.7134,3.2717703757283926e-05
6128,635.1926754660017,4.6295,3.270590830999981e-05
6129,635.2911626370005,4.568,3.2693842329135804e-05
6130,635.3953159360008,5.1146,3.2681488759999976e-05
6131,635.4961985440004,5.2186,3.266880372753085e-05
6132,635.595528582,4.5433,3.265634598012342e-05
6133,635.6955743310009,4.8241,3.2644078524320965e-05
6134,635.7932084290005,5.1351,3.263174698493817e-05
6135,635.8930290590015,5.471,3.2619532245678805e-05
6136,635.9931620980005,4.5755,3.2607373413456685e-05
6137,636.0938274090004,4.1238,3.259502198086404e-05
6138,636.1922403190001,5.3622,3.2582579853456586e-05
6139,636.2903800720014,4.9482,3.257041200666657e-05
6140,636.3901449090008,4.6239,3.2558292089753076e-05
6141,636.4880281090009,4.7129,3.254599527641965e-05
6142,636.585747598001,5.23,3.253390055049368e-05
6143,636.68562097,5.4771,3.252184561567885e-05
6144,636.7831726110016,4.8613,3.2509534417407364e-05
6145,636.8831338030013,4.3321,3.2497470336543134e-05
6146,636.9803946170014,3.8852,3.248507397753067e-05
6147,637.0780034950003,3.5476,3.247307265098749e-05
6148,637.1761997440008,4.5986,3.2461053717036935e-05
6149,637.274359817,4.5259,3.244883051185168e-05
6150,637.3739553640007,4.7639,3.243682663913564e-05
6151,637.4776699120011,4.8172,3.242452405851846e-05
6152,637.5761410270006,5.1683,3.241173628679013e-05
6153,637.6739461120014,5.3995,3.239956824543203e-05
6154,637.7742482500016,4.9646,3.238749307543194e-05
6155,637.8715840170007,5.9369,3.237508149111099e-05
6156,637.9719982220013,5.3129,3.236309719987651e-05
6157,638.0675093200007,3.745,3.23507010874074e-05
6158,638.1641917510005,3.9804,3.2338887918024595e-05
6159,638.2639171080009,3.7482,3.232696165234549e-05
6160,638.3633354910016,3.6297,3.231462860271598e-05
6161,638.4619868170012,4.2243,3.230233670135796e-05
6162,638.5596126870005,4.4156,3.2290187669506045e-05
6163,638.6575806110013,5.2052,3.227810743678999e-05
6164,638.7582287670011,4.5266,3.2266058891975124e-05
6165,638.857112654001,4.6162,3.225362919419745e-05
6166,638.9539578460008,3.786,3.224141262246907e-05
6167,639.0531438780017,5.3898,3.222945665320973e-05
6168,639.1500499170015,4.3523,3.2217112696049344e-05
6169,639.2475249910003,4.7834,3.2205268017777725e-05
6170,639.3465288350017,4.9346,3.219317039493821e-05
6171,639.4423897250017,4.533,3.218097926469129e-05
6172,639.5403287610006,5.6349,3.216914379444427e-05
6173,639.6371109070005,5.2102,3.215708867172829e-05
6174,639.7352038380013,4.4192,3.2145138681234476e-05
6175,639.8335560140004,5.2569,3.213303708753077e-05
6176,639.9336543550016,4.0451,3.212086500049366e-05
6177,640.0309376350015,3.2681,3.210838491074075e-05
6178,640.1229365180006,4.7775,3.209648647148141e-05
6179,640.2232285170012,3.9718,3.2085186589629525e-05
6180,640.3232124740007,4.8208,3.2072776439135744e-05
6181,640.4257762280013,5.8058,3.206044188580226e-05
6182,640.5258001560014,4.6339,3.204774687814796e-05
6183,640.6226148060014,3.9689,3.203534656123439e-05
6184,640.7201779940006,5.1113,3.202333437506173e-05
6185,640.8150585780004,2.6231,3.2011388935555456e-05
6186,640.9121594340013,3.7973,3.199969345802463e-05
6187,641.0093918300008,4.4656,3.1987708105555356e-05
6188,641.1103964110007,3.8983,3.197568238901214e-05
6189,641.2077851860013,3.1767,3.196325096432096e-05
6190,641.3054653380004,5.8348,3.1951207437407305e-05
6191,641.4051784110015,3.9898,3.1939162517654174e-05
6192,641.5022636880003,5.3062,3.1926840722592454e-05
6193,641.6009478200012,4.3383,3.1914860142345634e-05
6194,641.6994012510004,5.2217,3.190269050222205e-05
6195,641.7988597090007,4.2784,3.189051739802448e-05
6196,641.9004950360013,5.0869,3.187826933222216e-05
6197,641.9984451510009,5.0972,3.186562018395049e-05
6198,642.0952783480006,4.5798,3.185362300246894e-05
6199,642.187190138,4.638,3.184162897888885e-05
6200,642.2855664760009,4.2092,3.183031623827143e-05
6201,642.3847956530008,5.0691,3.1818160747037005e-05
6202,642.483201807001,4.398,3.1805932788394985e-05
6203,642.582383686,5.5218,3.179373203308623e-05
6204,642.6806292260007,5.3703,3.178152023320976e-05
6205,642.783004713001,4.2798,3.176935505543188e-05
6206,642.8839823570015,4.8698,3.1756657888888893e-05
6207,642.9815354780003,5.4047,3.174428492296293e-05
6208,643.0786799470006,3.9216,3.1732239157777655e-05
6209,643.1793034540005,5.0922,3.172023687246897e-05
6210,643.278444947,4.5834,3.1707800392715945e-05
6211,643.3759018730016,5.6241,3.169555649839485e-05
6212,643.4745090250017,3.7698,3.168352836629613e-05
6213,643.571035125,5.0714,3.1671296891728374e-05
6214,643.6689946940005,4.3207,3.1659441304444406e-05
6215,643.769255956,4.3411,3.164735203148127e-05
6216,643.8684302370002,4.6698,3.163499037654321e-05
6217,643.9657084180017,3.894,3.1622728013580074e-05
6218,644.0654409220006,4.8169,3.1610727676296305e-05
6219,644.1647070810013,4.5435,3.159845059432085e-05
6220,644.2632447770011,5.068,3.158616290345665e-05
6221,644.3601330740003,4.2857,3.157401313888886e-05
6222,644.4602544280006,4.6731,3.1561949998641796e-05
6223,644.5592124470004,4.9124,3.154965705604933e-05
6224,644.6555380560003,3.6774,3.153742806074055e-05
6225,644.7536238210014,4.462,3.152556188913562e-05
6226,644.850840172001,4.326,3.1513337725308604e-05
6227,644.9498207250017,4.2104,3.1501453740123296e-05
6228,645.0486745410017,4.5679,3.148914258061717e-05
6229,645.1451516090001,5.3379,3.1477035516172804e-05
6230,645.243607421,4.6542,3.146513981061717e-05
6231,645.3434782120003,4.4349,3.1452939274938145e-05
6232,645.4430458040006,4.5025,3.144064876851841e-05
6233,645.5425890800016,4.9619,3.142835251037018e-05
6234,645.6431352880008,5.0294,3.1416045076790105e-05
6235,645.7438660950011,5.4965,3.140367659172827e-05
6236,645.84376514,4.6751,3.139124219074061e-05
6237,645.9446812590013,4.2362,3.1378840573086366e-05
6238,646.0404609840007,4.3534,3.1366429175678934e-05
6239,646.1378176020007,4.4536,3.1354573528518316e-05
6240,646.234712427,3.6748,3.134256332234549e-05
6241,646.3337961990001,5.3217,3.133058500888868e-05
6242,646.4341719240001,3.7327,3.131838533666662e-05
6243,646.532222191001,4.1372,3.130599113703687e-05
6244,646.6320871480002,5.1763,3.1293875659876335e-05
6245,646.7320488720015,5.4689,3.12815486780245e-05
6246,646.831635212,5.3603,3.126921989308638e-05
6247,646.9316990820007,4.7278,3.125693237901224e-05
6248,647.0309938810005,5.1603,3.1244579410246874e-05
6249,647.1302608690003,4.3505,3.1232308385925854e-05
6250,647.2266622100015,4.3709,3.1220058928147975e-05
6251,647.3245201810005,5.3713,3.120814911604926e-05
6252,647.4223827360001,3.4108,3.119608879481471e-05
6253,647.5190390260013,5.068,3.118397277049362e-05
6254,647.6179860030006,4.3071,3.117199612790119e-05
6255,647.71862693,4.8594,3.1159831046172685e-05
6256,647.81670829,3.3784,3.1147401433209765e-05
6257,647.9206191690009,5.8306,3.113516264999985e-05
6258,648.0187263740008,5.5403,3.112249712481481e-05
6259,648.1173242100012,5.3717,3.111039229419746e-05
6260,648.2170731130009,4.3651,3.109805536765432e-05
6261,648.3181019430012,4.8786,3.1085898188518324e-05
6262,648.4213257840001,4.3701,3.1073283062098736e-05
6263,648.519119568,5.0454,3.106065809814813e-05
6264,648.6187593840004,5.1114,3.1048566881728216e-05
6265,648.7170677890008,4.4399,3.103629409370361e-05
6266,648.8164860350007,4.9106,3.1024133179999804e-05
6267,648.9168513310015,3.5536,3.1011847083827e-05
6268,649.0157899860005,5.8835,3.0999478397160495e-05
6269,649.1140890230017,4.948,3.098724556481462e-05
6270,649.2144115940009,5.4472,3.0975118000246714e-05
6271,649.3116972570006,3.7086,3.0962755428888754e-05
6272,649.408836138,5.0999,3.095069967012337e-05
6273,649.5068086350002,3.7203,3.093872278691345e-05
6274,649.5984024580011,5.5866,3.0926630128024603e-05
6275,649.7006010780005,5.891,3.091538531851841e-05
6276,649.797842076001,5.1054,3.0902730196419636e-05
6277,649.8968111930008,5.381,3.089070475049376e-05
6278,649.9953678400016,5.1665,3.087850030888889e-05
6279,650.0932452910001,4.4059,3.086631472765419e-05
6280,650.1913024760015,5.9019,3.0854247046049246e-05
6281,650.2906009940016,4.9728,3.084212331370352e-05
6282,650.3919756720006,5.379,3.082987812543195e-05
6283,650.494451523,5.1409,3.081725005148127e-05
6284,650.5907845050006,2.3122,3.080470811148144e-05
6285,650.6885076510007,5.2865,3.079282184024684e-05
6286,650.7860067580004,5.6304,3.078074868407396e-05
6287,650.8778624750012,5.3047,3.076872408913577e-05
6288,650.9769851920009,3.9994,3.075740408222204e-05
6289,651.0775348030002,5.2031,3.0745136005925934e-05
6290,651.176023895001,5.1827,3.073274808666655e-05
6291,651.2750923470012,3.7459,3.072059582962943e-05
6292,651.3730749330007,6.4319,3.0708333736913544e-05
6293,651.4717472470002,5.1807,3.069623480987637e-05
6294,651.5705791910004,4.5112,3.0684062871728256e-05
6295,651.6721355320005,5.2695,3.0671859410987604e-05
6296,651.7717601590011,5.3153,3.06593446587653e-05
6297,651.8705723420007,4.0259,3.0647022438024576e-05
6298,651.9679696500007,4.8912,3.0634825190864145e-05
6299,652.066036057,4.0116,3.0622785700863995e-05
6300,652.1643879780004,5.5224,3.061070691629617e-05
6301,652.2614680430015,4.5057,3.0598553610123436e-05
6302,652.3590726220009,3.5658,3.0586574271357994e-05
6303,652.458087844001,4.7536,3.0574495717654285e-05
6304,652.5560574500014,5.1709,3.0562316515555454e-05
6305,652.6563202830002,3.6842,3.055020015135799e-05
6306,652.7548497970001,5.2981,3.053785633012327e-05
6307,652.8528145320015,4.1173,3.052566900456778e-05
6308,652.9480830500015,4.8451,3.0513551303333155e-05
6309,653.0455753570004,5.028,3.050177765691348e-05
6310,653.1396562250011,4.4533,3.048977009617284e-05
6311,653.2413539320005,6.1251,3.047818038098751e-05
6312,653.3404855740009,4.5155,3.0465610504320973e-05
6313,653.4322790940005,5.4146,3.0453212986049263e-05
6314,653.531452954001,4.7792,3.044205370728378e-05
6315,653.632627379,5.2477,3.0429725185431944e-05
6316,653.7310646390015,3.9581,3.041730362888875e-05
6317,653.8337040960014,5.7104,3.040499145925918e-05
6318,653.9331724230015,4.7897,3.0392469436789984e-05
6319,654.0305716570001,4.7409,3.0380150284074014e-05
6320,654.1292910010015,4.8649,3.0368143610740607e-05
6321,654.2260847650014,4.6831,3.035596852308623e-05
6322,654.3229376000018,4.6199,3.034397942135798e-05
6323,654.4204903100017,3.6071,3.0332070440370354e-05
6324,654.5179985940013,3.9361,3.031995680098758e-05
6325,654.6116617260013,4.6575,3.0307975263827016e-05
6326,654.7110801550007,5.5284,3.0296436732345525e-05
6327,654.8113575610005,4.6177,3.0284120840246887e-05
6328,654.9105160470008,5.3362,3.0271749528518412e-05
6329,655.0085618690009,4.8766,3.0259530616666453e-05
6330,655.1065803900001,4.5719,3.0247445775678862e-05
6331,655.2055701890004,5.6494,3.023532082086402e-05
6332,655.3056764870016,4.3127,3.022312549185171e-05
6333,655.4054891840005,4.2852,3.0210749279382677e-05
6334,655.5045818870003,5.1254,3.019841827135791e-05
6335,655.6036164380002,5.4044,3.0186174449629535e-05
6336,655.7021542600014,2.9412,3.017396307641972e-05
6337,655.7937834470013,4.9507,3.016179633839492e-05
6338,655.8948366820005,5.2571,3.0150508871234417e-05
6339,655.9972384760003,5.7033,3.0138014879382725e-05
6340,656.096059296,4.6927,3.0125385645308456e-05
6341,656.1892935660017,4.9686,3.011316439740722e-05
6342,656.2880141920014,3.5785,3.0101670652715886e-05
6343,656.386462157001,3.918,3.008947114271602e-05
6344,656.4840391640009,3.7739,3.0077311734320923e-05
6345,656.5826380660001,5.5029,3.0065270470246708e-05
6346,656.6822085540007,4.4591,3.0053086866913492e-05
6347,656.7769029240008,2.7417,3.004078910962944e-05
6348,656.8768466820002,5.4448,3.0029090371234493e-05
6349,656.9711450250015,4.2517,3.001678488765417e-05
6350,657.0703825300006,5.4758,3.0005106644444304e-05
6351,657.1690508820011,4.6233,2.999289542086411e-05
6352,657.2670184300005,4.1489,2.9980667560123466e-05
6353,657.3683938640006,4.4774,2.996858985938251e-05
6354,657.4710160600007,4.3095,2.9955947799382645e-05
6355,657.5685110210015,4.869,2.994337829839491e-05
6356,657.6666307170017,4.165,2.9931359354814726e-05
6357,657.7716863530004,4.9286,2.9919218144938144e-05
6358,657.8686890630015,4.1367,2.9906289299506173e-05
6359,657.965444712001,4.2792,2.9894311078394955e-05
6360,658.0654016780009,5.5119,2.9882357022222017e-05
6361,658.1660827570013,4.3581,2.9870029365431917e-05
6362,658.264006673,4.9687,2.9857608230370348e-05
6363,658.3652421810002,5.7938,2.9845512078271577e-05
6364,658.4645561030011,4.735,2.98330023396296e-05
6365,658.5602022470011,2.8678,2.9820589665185162e-05
6366,658.6589483610005,5.2451,2.980889767678996e-05
6367,658.7563088220013,5.0926,2.979676606456776e-05
6368,658.8575038090003,5.2285,2.9784711420370183e-05
6369,658.9573512340012,4.4748,2.9772262250617244e-05
6370,659.0569557380004,4.9735,2.9759932685925763e-05
6371,659.1549129850009,3.7478,2.97476304391358e-05
6372,659.2540799360013,4.7332,2.97355178283949e-05
6373,659.3525420760016,5.6359,2.972328332728388e-05
6374,659.4506240690007,5.2749,2.9711102412592384e-05
6375,659.5467306050014,3.7174,2.969896766456787e-05
6376,659.6443555690003,5.0336,2.9687139580864044e-05
6377,659.7404239250009,2.892,2.967509440777778e-05
6378,659.8372187690002,5.2605,2.9663219887283898e-05
6379,659.934203787001,5.1674,2.9651288228888684e-05
6380,660.0337970320015,3.9637,2.9639285705555343e-05
6381,660.1301085470004,4.0549,2.9627020766049195e-05
6382,660.2282699940006,5.6698,2.961510802518509e-05
6383,660.3262303210013,4.6085,2.9603006488394858e-05
6384,660.4191760850008,5.6828,2.9590897762222157e-05
6385,660.5176646670006,5.7409,2.957946459703691e-05
6386,660.61637987,5.1644,2.956729508827154e-05
6387,660.7168074650017,4.5316,2.9555110317901214e-05
6388,660.8139688430001,3.7619,2.954271681703693e-05
6389,660.9162127330001,4.6152,2.9530697789012285e-05
6390,661.0173684200017,3.9898,2.951797326629624e-05
6391,661.1153477660009,5.374,2.9505609247530687e-05
6392,661.2154482820006,4.8441,2.9493405091111026e-05
6393,661.3140496610013,5.0465,2.948100999753085e-05
6394,661.4104427010006,4.1347,2.9468972117777606e-05
6395,661.5072129120017,4.1391,2.9457054033456745e-05
6396,661.605987754001,5.1772,2.9445131497036926e-05
6397,661.70301277,5.1668,2.9432928478271394e-05
6398,661.8009593680017,4.5967,2.9420943969876525e-05
6399,661.9013185300009,4.5206,2.9408816474320855e-05
6400,662.0008178190001,4.7248,2.939646116098753e-05
6401,662.099639686001,3.9068,2.9384194435555356e-05
6402,662.1962474780012,4.2148,2.937199047296294e-05
6403,662.2935531100011,4.7878,2.936005442172829e-05
6404,662.3907717360016,3.643,2.934803174037033e-05
6405,662.4915364980006,3.9576,2.933602790283938e-05
6406,662.59047956,4.4978,2.932350015395059e-05
6407,662.6890974470007,5.2206,2.931138598938268e-05
6408,662.7882430640002,5.3582,2.929922450567899e-05
6409,662.8861167820014,4.75,2.9286957005431892e-05
6410,662.9832411920015,4.3581,2.9274914134691278e-05
6411,663.0825370370003,5.44,2.9262885965555465e-05
6412,663.1799751650015,5.1536,2.9250626328641918e-05
6413,663.2796513800004,5.1042,2.9238589244938162e-05
6414,663.3777960450007,4.9609,2.922627741382701e-05
6415,663.4782503540009,4.6167,2.921418866567892e-05
6416,663.5766824490001,5.3131,2.9201655026543138e-05
6417,663.6767166150003,4.8108,2.9189628641975164e-05
6418,663.7711911610004,5.0555,2.9177310404691217e-05
6419,663.8691214540013,5.4487,2.9165633141975256e-05
6420,663.9679019490013,5.1292,2.9153517811604914e-05
6421,664.065442991001,5.6429,2.9141330087407336e-05
6422,664.1657777210003,6.037,2.9129280004567762e-05
6423,664.2656406980004,4.9132,2.9116851619012188e-05
6424,664.3641023620003,4.4667,2.9104565260987548e-05
6425,664.4627153630008,5.7811,2.9092395970617225e-05
6426,664.5595423600007,4.941,2.908022892987643e-05
6427,664.6564323510011,4.8724,2.906826227716033e-05
6428,664.7543839240006,5.39,2.905632634641958e-05
6429,664.8503337930015,3.8149,2.9044227033827165e-05
6430,664.9505135930012,5.6906,2.903237512580228e-05
6431,665.0473140210015,5.1081,2.902003141629618e-05
6432,665.1450743810001,4.597,2.9008049519629432e-05
6433,665.2436815230012,5.2188,2.8995994892716062e-05
6434,665.3393017790004,3.0809,2.8983836526666564e-05
6435,665.4390919220004,4.5918,2.8972005310246864e-05
6436,665.537819090001,4.5989,2.8959671415555533e-05
6437,665.6397709060002,4.6936,2.8947531620246826e-05
6438,665.7410056670014,5.7275,2.8934939283950414e-05
6439,665.8388753060008,3.7117,2.8922449556543096e-05
6440,665.9357282190012,3.7769,2.8910323485925793e-05
6441,666.0358609430004,4.6864,2.889832823456783e-05
6442,666.1341392860013,5.2966,2.8886045302592445e-05
6443,666.232249269,5.0407,2.887377253197513e-05
6444,666.3317831150016,4.9028,2.8861775863456662e-05
6445,666.4285738040016,3.0051,2.8849519408024526e-05
6446,666.5267077700009,3.9127,2.8837528344691143e-05
6447,666.6220203580015,4.6704,2.882542343839507e-05
6448,666.7156863820001,4.2911,2.8813640987407355e-05
6449,666.8143869790001,5.0289,2.880207310938271e-05
6450,666.916013471,5.5688,2.8789908382716003e-05
6451,667.0142405840015,4.1544,2.8777375687777643e-05
6452,667.1126011000015,4.6777,2.8765235468765217e-05
6453,667.2103968600004,4.9649,2.8753088130617222e-05
6454,667.3093188400017,4.9062,2.8740987674567877e-05
6455,667.4062154450003,4.7004,2.8728792909506062e-05
6456,667.5065785270017,4.9126,2.8716823581481422e-05
6457,667.6050463660013,5.7026,2.8704319619506058e-05
6458,667.700797079,3.725,2.8692306957283887e-05
6459,667.7994857420017,3.7763,2.8680453725431978e-05
6460,667.8990040440003,3.5354,2.8668279294938262e-05
6461,667.9968464540016,4.5526,2.8655971168271567e-05
6462,668.0968285830004,4.9685,2.864391129111095e-05
6463,668.1970040630003,4.9189,2.863143855728382e-05
6464,668.2961100400007,5.4524,2.8619218329505982e-05
6465,668.3972138610006,5.3694,2.8606993270493632e-05
6466,668.4945021010008,3.7978,2.859451092950599e-05
6467,668.5951795810015,4.3558,2.858246370913571e-05
6468,668.692316001001,3.7663,2.856993595320967e-05
6469,668.7897926330006,5.5889,2.8558039924567836e-05
6470,668.888372278001,4.9425,2.854603287962949e-05
6471,668.988730467001,4.2592,2.8533849362098676e-05
6472,669.0889396470011,4.9763,2.8521479407777575e-05
6473,669.1869178020006,5.4613,2.8509108450740583e-05
6474,669.283618988,5.1632,2.849697801308633e-05
6475,669.3822468840008,4.845,2.8485072647530796e-05
6476,669.4807902520006,4.4165,2.8472903320246892e-05
6477,669.5768377990007,3.5057,2.8460726104567814e-05
6478,669.671487208001,4.0271,2.8448873680864142e-05
6479,669.7631042940011,5.4396,2.8437178415679e-05
6480,669.8609841720008,4.2353,2.8425894443703493e-05
6481,669.9571540570014,4.1213,2.8413791445802396e-05
6482,670.0553645430009,4.6611,2.8401911265061732e-05
6483,670.1553402040008,5.4205,2.8389792477901212e-05
6484,670.2552604950015,4.9158,2.8377466049382584e-05
6485,670.353691192,4.2626,2.8365143258024662e-05
6486,670.4533479199999,5.3332,2.835294684098766e-05
6487,670.5519373250008,4.251,2.8340651018271602e-05
6488,670.6506431330017,4.3214,2.8328447939012326e-05
6489,670.7500950290014,4.6708,2.8316182164073977e-05
6490,670.8482915030017,4.7255,2.830401998481479e-05
6491,670.9480029250008,5.1116,2.829180830271587e-05
6492,671.0446076960015,4.9472,2.8279601837283864e-05
6493,671.1412980990008,3.571,2.8267667147530673e-05
6494,671.2399662780008,5.1128,2.825572302567898e-05
6495,671.3381337740011,4.5198,2.8243555342345596e-05
6496,671.437028712,5.3297,2.8231427796049335e-05
6497,671.534816284,4.5439,2.8219231447036933e-05
6498,671.6266340120001,5.374,2.8207137504320856e-05
6499,671.7231844160015,4.5935,2.8195827786419638e-05
6500,671.8195463800002,4.6849,2.818386815135792e-05
6501,671.9171181730017,4.3991,2.817197426160486e-05
6502,672.0152799830012,4.2586,2.815997437753084e-05
6503,672.115276175,5.389,2.814782308753068e-05
6504,672.2138621870017,4.3645,2.8135496998271538e-05
6505,672.3104749110007,4.3331,2.812331755395047e-05
6506,672.4052196690009,3.2957,2.811137141518514e-05
6507,672.5061852120016,3.9898,2.8099666574814622e-05
6508,672.6053013970013,3.6752,2.8087193537407364e-05
6509,672.7026721260008,4.8196,2.807497623827141e-05
6510,672.8001500360006,3.9533,2.806295111506165e-05
6511,672.8960169560014,4.7444,2.8050926934444342e-05
6512,672.9943177680016,4.8835,2.8039072791728327e-05
6513,673.0923829860003,5.1648,2.802695598530849e-05
6514,673.1936099480008,4.6093,2.801473540296291e-05
6515,673.2936148140016,5.0637,2.8002365567901035e-05
6516,673.3929134130012,4.5869,2.7990024259999904e-05
6517,673.4901623190017,4.9726,2.7977763549999825e-05
6518,673.5856701890007,4.1276,2.7965737039999952e-05
6519,673.6821176960002,3.9875,2.795391086604928e-05
6520,673.7816013570009,5.01,2.7942031881604725e-05
6521,673.8804108050008,4.4059,2.7929781453827154e-05
6522,673.9782121390017,4.5011,2.791756677049363e-05
6523,674.0768906940011,5.0426,2.790547450777776e-05
6524,674.179399992001,4.8847,2.789331677345678e-05
6525,674.2769073200016,4.9436,2.788065015925917e-05
6526,674.3766680370009,4.7467,2.7868608246666506e-05
6527,674.4747578590013,5.0529,2.785623967444432e-05
6528,674.5751041190015,5.4475,2.7844169014567824e-05
6529,674.6735774740009,4.822,2.7831781339999806e-05
6530,674.7715052010008,4.5279,2.781962782098757e-05
6531,674.869100330001,4.8701,2.7807525638148e-05
6532,674.9673262400011,5.2937,2.7795500454814804e-05
6533,675.0665342820012,5.2195,2.778338222555541e-05
6534,675.1666926790003,5.1476,2.777110236086414e-05
6535,675.2676158700015,5.153,2.7758760692345676e-05
6536,675.3674341450005,5.6554,2.7746294170740584e-05
6537,675.4649682790005,3.8332,2.773396412703688e-05
6538,675.5629575190014,5.3035,2.7721924295185065e-05
6539,675.6622928750003,4.8398,2.770982760814801e-05
6540,675.758868416,5.202,2.769757194481478e-05
6541,675.8551971790002,5.4455,2.7685654108147983e-05
6542,675.9531152290001,4.0042,2.767374034481466e-05
6543,676.0520217460016,5.2421,2.7661668283950505e-05
6544,676.1498639190013,4.8321,2.7649468440246705e-05
6545,676.2474934330003,4.3314,2.7637389571110915e-05
6546,676.344273734001,4.4747,2.7625326425678833e-05
6547,676.4441122830012,5.2506,2.7613357481975223e-05
6548,676.5420583980012,2.7737,2.7601069282716065e-05
6549,676.6398535460012,4.0921,2.7588958796666608e-05
6550,676.7401404580014,5.4811,2.7576882477777778e-05
6551,676.839330312001,4.7064,2.7564506979259154e-05
6552,676.9361122930004,4.3745,2.7552254998271464e-05
6553,677.0346938630009,4.3672,2.7540293309506027e-05
6554,677.1331092550008,4.7919,2.752816447691343e-05
6555,677.234488479,4.6831,2.7515997938148143e-05
6556,677.3347967930004,5.0621,2.750347753950606e-05
6557,677.433907603001,3.5822,2.7491012284938256e-05
6558,677.5334454090007,5.964,2.7478862614814628e-05
6559,677.6331142880008,5.3697,2.7466575715678812e-05
6560,677.733432039,5.657,2.745425294283933e-05
6561,677.8302779570004,3.9412,2.744189629222205e-05
6562,677.9287360370017,4.371,2.742989912407391e-05
6563,678.025148879,5.2385,2.7417776609629607e-05
6564,678.1226771240017,3.5836,2.7405860474938196e-05
6565,678.2225397760012,4.0726,2.7393817459876493e-05
6566,678.3217383350002,3.0202,2.7381479700987623e-05
6567,678.4211358310004,4.7135,2.7369226693333337e-05
6568,678.5175073030005,4.9115,2.7356962291111067e-05
6569,678.6147588820004,4.209,2.7345069623456597e-05
6570,678.7140101800014,4.4,2.7333059869876408e-05
6571,678.8125134330003,3.5804,2.7320827390864046e-05
6572,678.9124791600007,4.8344,2.7308669769259097e-05
6573,679.0109118230012,4.144,2.7296337497407233e-05
6574,679.110015571001,5.1393,2.7284159799999786e-05
6575,679.2102561120009,3.9482,2.7271914098518335e-05
6576,679.3096176920008,5.5477,2.725950888518509e-05
6577,679.4100425020006,3.9313,2.7247291207901226e-05
6578,679.5138265350015,4.8822,2.7234901026543046e-05
6579,679.6147143860017,4.9181,2.722206516530863e-05
6580,679.7146148700012,5.2142,2.7209620101357923e-05
6581,679.8126206350007,4.4891,2.7197287440493835e-05
6582,679.9097641260014,5.2138,2.7185189342715966e-05
6583,680.0090486040008,5.4241,2.7173196898024522e-05
6584,680.1086538770014,5.0456,2.716095318358014e-05
6585,680.207499092001,4.9578,2.7148663828024666e-05
6586,680.3051354190011,3.8415,2.7136401922962928e-05
6587,680.3961151200001,5.7648,2.7124358485925772e-05
6588,680.4957037950007,4.3275,2.7113187140864206e-05
6589,680.594717082,4.905,2.710084263617274e-05
6590,680.693026074001,4.5661,2.7088641510493705e-05
6591,680.7924646050014,4.5382,2.707649323703686e-05
6592,680.8932106650009,5.8477,2.7064200267160444e-05
6593,680.9921794380007,5.1365,2.7051802448518348e-05
6594,681.0924448600017,5.2496,2.7039566657777748e-05
6595,681.194574436,5.3259,2.7027173556666476e-05
6596,681.2934296040003,4.5672,2.701458123469135e-05
6597,681.3914912950004,3.4107,2.7002363857530853e-05
6598,681.4938460640005,4.9277,2.6990144484938083e-05
6599,681.5923663170015,3.908,2.6977639936049172e-05
6600,681.690303718,5.6058,2.6965460396296282e-05
6601,681.7881921250009,5.3713,2.6953378378271553e-05
6602,681.8866694280005,5.0063,2.6941295554814717e-05
6603,681.9850108340015,4.2053,2.692914730716034e-05
6604,682.0808343820008,4.7492,2.6916975732962812e-05
6605,682.1778194260005,4.3066,2.690514648135798e-05
6606,682.2704694680015,4.6663,2.6893163511604936e-05
6607,682.3700847080017,5.0425,2.6881767650123456e-05
6608,682.4662420080003,4.4969,2.686945245419742e-05
6609,682.5653881340004,3.6768,2.685756708925925e-05
6610,682.6644551510017,4.5251,2.684535047234561e-05
6611,682.7610972400016,4.4496,2.683302531024692e-05
6612,682.8586961030014,4.4786,2.6821168207777557e-05
6613,682.9565233770008,4.7195,2.68091404958023e-05
6614,683.0573762900003,4.9732,2.6797046164938145e-05
6615,683.1571622310003,5.562,2.6784606168024497e-05
6616,683.2533346120017,4.3926,2.6772258526049242e-05
6617,683.3497654400016,4.7226,2.676041626851836e-05
6618,683.4489374110017,4.7581,2.6748518416913427e-05
6619,683.5466039560015,3.3194,2.6736258534567892e-05
6620,683.6442180010017,4.4955,2.672420879086407e-05
6621,683.7436578250017,5.0683,2.6712147450987602e-05
6622,683.8423732720003,4.8267,2.669988980395054e-05
6623,683.9408156410009,4.8689,2.6687703135555497e-05
6624,684.0389380619999,5.3625,2.6675540152839484e-05
6625,684.1367417640013,3.0931,2.6663408152962798e-05
6626,684.2354311240015,4.1494,2.665135428641956e-05
6627,684.3358929360002,5.4543,2.663915764641961e-05
6628,684.435591327001,4.0881,2.662675789308623e-05
6629,684.5320963880004,4.0474,2.6614438629012173e-05
6630,684.6311854230007,3.8133,2.6602505435555402e-05
6631,684.7300807440006,5.2056,2.6590294986543108e-05
6632,684.8293236870013,5.5461,2.6578098633086303e-05
6633,684.9296524640013,5.4803,2.6565827844444336e-05
6634,685.0276137410001,4.0841,2.655347446543197e-05
6635,685.1239367200014,2.8368,2.6541365829999888e-05
6636,685.2237660850005,4.8872,2.6529372048888845e-05
6637,685.3219646410016,3.6251,2.6517148446543205e-05
6638,685.422662803001,4.1469,2.650502470913574e-05
6639,685.5236862380007,4.1053,2.6492503012592394e-05
6640,685.6221781840013,4.5537,2.6480116123456588e-05
6641,685.7200404630003,3.5351,2.6467866877407276e-05
6642,685.8156185320004,3.6388,2.645586340518509e-05
6643,685.9111818380006,3.4531,2.64440811412344e-05
6644,686.0101105030008,5.0194,2.64322511316048e-05
6645,686.1067221500016,2.8756,2.6420081763703543e-05
6646,686.2081793700017,5.9496,2.640799515333331e-05
6647,686.3075446930015,4.2557,2.639559054703703e-05
6648,686.4047584230011,4.6084,2.638332483209861e-05
6649,686.5026007830002,4.6826,2.637134238592571e-05
6650,686.6010779420012,3.944,2.635924074839492e-05
6651,686.698632615,4.1579,2.6347111893086285e-05
6652,686.7976123810004,4.1578,2.6335046192592548e-05
6653,686.8958479600005,4.6521,2.632284073938255e-05
6654,686.9929247660002,4.1054,2.631071472197517e-05
6655,687.0885208920008,3.8317,2.629871148839497e-05
6656,687.189134956001,5.9018,2.6286909817036863e-05
6657,687.288434258,4.4014,2.6274525433580068e-05
6658,687.390463138001,5.1193,2.6262255076666475e-05
6659,687.4881476710016,5.1557,2.6249514543333253e-05
6660,687.5847937900016,3.9636,2.6237588400740664e-05
6661,687.6853177550001,4.3098,2.622564258345678e-05
6662,687.7840712590005,4.481,2.6213257311234363e-05
6663,687.8842308250005,5.3266,2.6201061901728184e-05
6664,687.9812082400003,4.401,2.6188588754814613e-05
6665,688.0803771190003,3.8483,2.6176737613580226e-05
6666,688.1798879140006,5.2625,2.6164472465308432e-05
6667,688.2755257970002,3.6379,2.6152161851851697e-05
6668,688.3719868690005,5.0049,2.614037627456779e-05
6669,688.470855167001,4.9134,2.61284861006171e-05
6670,688.5689292229999,5.559,2.6116281128888888e-05
6671,688.6658794330015,4.7709,2.610417807641967e-05
6672,688.7630371680007,4.3384,2.6092189786913544e-05
6673,688.8628357290017,4.6544,2.6080172142715865e-05
6674,688.962861647,5.5012,2.6067875022469067e-05
6675,689.0621492770006,4.9164,2.6055540965555538e-05
6676,689.1604593130014,2.491,2.6043263109753034e-05
6677,689.2583135000004,4.136,2.6031150145925853e-05
6678,689.3573333060012,4.605,2.6019035935185033e-05
6679,689.4568817510008,3.8333,2.6006850044567855e-05
6680,689.5556757990016,4.6711,2.5994540400123368e-05
6681,689.655780430001,4.585,2.5982327058394906e-05
6682,689.7542447410015,4.8143,2.5969970707283887e-05
6683,689.8544169190009,5.3144,2.5957794378024615e-05
6684,689.9474509190004,5.3549,2.5945469399752998e-05
6685,690.0458316090007,4.729,2.593400360543209e-05
6686,690.1459246980012,5.6273,2.5921832268765378e-05
6687,690.2452570300011,5.3574,2.5909339828148083e-05
6688,690.3417799600011,5.4972,2.5897200568394998e-05
6689,690.4386232370016,5.12,2.5885300571111048e-05
6690,690.5361472130007,4.188,2.5873301787654292e-05
6691,690.6340421900004,4.7625,2.5861296879012332e-05
6692,690.7320253530015,5.1318,2.5849223100246755e-05
6693,690.8281798730004,4.0749,2.5837095669629452e-05
6694,690.9272197120008,5.2501,2.582521828148149e-05
6695,691.0252669650017,4.1666,2.581302105716038e-05
6696,691.1230897160003,4.6257,2.580087257716042e-05
6697,691.2235290870012,4.8949,2.5788818020740525e-05
6698,691.3214406320003,5.0439,2.577630196407399e-05
6699,691.4227920370013,4.4761,2.576433597148149e-05
6700,691.5213938180004,3.9708,2.5751777999752967e-05
6701,691.619144233,5.8828,2.573964988888887e-05
6702,691.7150728390006,3.6029,2.5727591116666628e-05
6703,691.8171669480016,4.472,2.5715740537160415e-05
6704,691.9185175020011,5.3502,2.5703158108518432e-05
6705,692.0244770720001,4.9128,2.569065434469119e-05
6706,692.1218509320006,3.7179,2.5677554682222115e-05
6707,692.2211093590013,4.4618,2.5665509842839343e-05
6708,692.3189969920004,4.2303,2.5653285172715923e-05
6709,692.4168542830012,4.3705,2.5641192015185043e-05
6710,692.5118016940014,4.0888,2.562912161506159e-05
6711,692.6133228160015,4.2437,2.5617333980493708e-05
6712,692.7103002840013,5.3937,2.5604870454444385e-05
6713,692.8094575210016,3.6574,2.5592855805431938e-05
6714,692.9068948550012,3.8787,2.5580656994938134e-05
6715,693.0068294540015,5.2765,2.5568617693950523e-05
6716,693.1069654720013,4.8515,2.5556278043086314e-05
6717,693.2041854990002,3.8952,2.5543926984197396e-05
6718,693.3040061250013,4.0736,2.5531875630493708e-05
6719,693.4037470980002,4.8995,2.5519570431481467e-05
6720,693.5012042390008,2.5683,2.550726561753065e-05
6721,693.6015519500015,5.2977,2.549521133246895e-05
6722,693.7006064940015,4.8593,2.5482872013703685e-05
6723,693.7987060250016,5.2537,2.5470625361234356e-05
6724,693.8944763670006,3.406,2.5458530781851786e-05
6725,693.9919671810003,4.4084,2.54466864796295e-05
6726,694.0896241360006,5.1527,2.5434650173456588e-05
6727,694.190181584001,4.691,2.542260623666647e-05
6728,694.2906227950007,5.0574,2.541013256407395e-05
6729,694.3901293600011,4.9017,2.5397769413456796e-05
6730,694.4858110350015,3.151,2.5385481148271394e-05
6731,694.5823745320013,5.105,2.5373659339999935e-05
6732,694.6811327390005,5.3903,2.5361661906172684e-05
6733,694.7811386890007,5.1349,2.5349582002962748e-05
6734,694.8790719810004,4.2916,2.5337220606543045e-05
6735,694.975129329001,4.8744,2.532512588629614e-05
6736,695.0726658960011,4.8877,2.531325516555547e-05
6737,695.170956213,3.9802,2.530122408283946e-05
6738,695.2689609320005,3.3713,2.528911073790121e-05
6739,695.3676235120001,4.8691,2.5276991269012217e-05
6740,695.4640922560011,2.7314,2.526478659839501e-05
6741,695.5636282560008,5.6052,2.5252880929012335e-05
6742,695.6618812920005,4.1304,2.5240619120123243e-05
6743,695.7622434080004,5.4894,2.5228450949876493e-05
6744,695.8621698760016,5.5384,2.5216084804320915e-05
6745,695.9618830520012,3.9727,2.5203771308518488e-05
6746,696.0636885410004,4.5193,2.519145563518499e-05
6747,696.1635733500007,4.4586,2.5178890348271565e-05
6748,696.2665949850016,4.7857,2.516656539938269e-05
6749,696.3642375870004,4.937,2.5153839191111117e-05
6750,696.4627966980006,4.129,2.5141788315802307e-05
6751,696.5613304660001,5.0377,2.5129598281975275e-05
6752,696.6587131870001,4.6575,2.5117445198641763e-05
6753,696.7531799020016,3.483,2.5105417955185172e-05
6754,696.8488640110008,4.1552,2.509373444432079e-05
6755,696.9486983660008,4.6489,2.508194394259242e-05
6756,697.0474681690011,3.8462,2.5069661182592597e-05
6757,697.1475892900016,4.6611,2.5057408307777763e-05
6758,697.245853972001,4.9566,2.504503712098759e-05
6759,697.3437005920005,5.4801,2.503292584370358e-05
6760,697.4416261760016,3.875,2.502086692222202e-05
6761,697.542069436,5.0812,2.500877167851847e-05
6762,697.6415687920016,4.6454,2.499637532283947e-05
6763,697.7398963830001,3.7686,2.498398327802455e-05
6764,697.837631018001,4.6865,2.497195552604926e-05
6765,697.9361375470016,4.172,2.4959799550864172e-05
6766,698.0319568330015,4.3165,2.494773381197516e-05
6767,698.1313670560012,5.4835,2.4935886396543073e-05
6768,698.2284512780006,5.1932,2.4923625345555468e-05
6769,698.3263227510015,4.3507,2.4911616728518483e-05
6770,698.4239210980013,4.4967,2.489956094049365e-05
6771,698.5221861450009,4.3748,2.4887502501851823e-05
6772,698.6203082090015,4.9946,2.487535313592588e-05
6773,698.718182527,4.4524,2.4863257127160332e-05
6774,698.8163400550002,4.6581,2.485114127518512e-05
6775,698.9117736640001,4.7125,2.4839036966913465e-05
6776,699.0085767610017,4.9627,2.4827260131728337e-05
6777,699.104712317001,4.452,2.4815316824074055e-05
6778,699.2035744230016,4.6462,2.4803410161975205e-05
6779,699.3035398580014,5.5253,2.4791213967530858e-05
6780,699.4078910360004,4.823,2.4778884196049246e-05
6781,699.5079745770017,4.4023,2.4765989361604836e-05
6782,699.6078641290005,5.3228,2.4753662955555445e-05
6783,699.7091339760009,4.8715,2.474134349358006e-05
6784,699.8097279960002,3.9851,2.4728775033456684e-05
6785,699.9058879160002,4.9768,2.4716419510617093e-05
6786,700.0028892360006,4.2547,2.4704541832716023e-05
6787,700.1001077520013,3.3973,2.469254172296289e-05
6788,700.1975984630008,3.0561,2.4680532413086323e-05
6789,700.2946824680002,5.1319,2.4668499660987622e-05
6790,700.3937751420017,4.7372,2.465654986098759e-05
6791,700.4928415980012,5.4325,2.4644301099629553e-05
6792,700.5920985830016,4.5385,2.463208978950611e-05
6793,700.6918722350001,4.4999,2.4619832691851675e-05
6794,700.7882840430011,3.7441,2.460751885148146e-05
6795,700.887349912,4.0632,2.4595596719629588e-05
6796,700.9875227850007,4.2991,2.4583383275061535e-05
6797,701.0869035300002,4.952,2.4570995217036853e-05
6798,701.1873268980016,5.0115,2.4558643240123303e-05
6799,701.286482802001,4.6394,2.4546323863086406e-05
6800,701.3852501930014,4.2789,2.4534090229506012e-05
6801,701.4836601830011,5.6143,2.4521912029505965e-05
6802,701.581525085001,3.8572,2.4509765448024547e-05
6803,701.6769694610011,4.9256,2.4497674258765292e-05
6804,701.7761027120014,4.9316,2.448587588185165e-05
6805,701.8727242330006,5.0765,2.447363058481462e-05
6806,701.9718361940013,5.1334,2.4461728163950525e-05
6807,702.071198185,4.3489,2.4449508626419647e-05
6808,702.1695371620008,5.1891,2.4437203000246722e-05
6809,702.2680060440016,4.24,2.4425079863580058e-05
6810,702.3669888580007,4.5036,2.4412902900370195e-05
6811,702.4657953260012,4.6859,2.4400682329876333e-05
6812,702.5648178480005,4.1971,2.4388458403950443e-05
6813,702.6617490650005,4.1818,2.4376272038148107e-05
6814,702.7577096110017,4.0812,2.4364315898518396e-05
6815,702.855568125,4.1341,2.435245876950617e-05
6816,702.9525662980013,5.3552,2.434039293037018e-05
6817,703.0480327810001,5.4018,2.4328399931604918e-05
6818,703.1434509140017,3.97,2.4316598149259262e-05
6819,703.2402208680014,5.4412,2.4304837698395046e-05
6820,703.337210396001,3.5737,2.4292902367036908e-05
6821,703.4343852000002,4.1256,2.428091272049372e-05
6822,703.5305688460012,4.5719,2.4268926666666604e-05
6823,703.6280328680004,4.9425,2.4257049458024595e-05
6824,703.7248669320015,3.7394,2.4245037670987612e-05
6825,703.824738450001,4.3194,2.423306034790114e-05
6826,703.9255327940009,5.6727,2.4220738090740658e-05
6827,704.0259069300009,4.4817,2.4208316183209757e-05
6828,704.1257003120008,4.8617,2.4195900621975233e-05
6829,704.2246070180008,4.9765,2.4183586652345614e-05
6830,704.3244023380012,4.9596,2.4171355866789924e-05
6831,704.4244294940017,6.1089,2.4159053721728187e-05
6832,704.5248602690008,3.7402,2.4146605407160315e-05
6833,704.6255015530005,5.0801,2.413429772407395e-05
6834,704.7242190820016,3.397,2.412186482530856e-05
6835,704.8226184250016,4.7042,2.4109553697654284e-05
6836,704.9222220880001,5.49,2.4097448372962795e-05
6837,705.0185989460006,4.2994,2.4085275334938264e-05
6838,705.1194397710005,4.5225,2.407332052493816e-05
6839,705.2183546690012,5.1589,2.4060914451851725e-05
6840,705.3176643930001,3.585,2.4048656014938275e-05
6841,705.4181867450006,5.0845,2.4036430168024606e-05
6842,705.5181769010014,4.5235,2.4023993609135677e-05
6843,705.6171130170005,3.3548,2.4011667751851806e-05
6844,705.7170617360007,5.27,2.3999435701357865e-05
6845,705.8140452280004,4.8532,2.3987122729135603e-05
6846,705.9085681570014,4.6944,2.39751371365431e-05
6847,706.0057966020013,4.7709,2.3963460888518496e-05
6848,706.1057189850017,5.0796,2.3951458667160308e-05
6849,706.2040561810009,4.6782,2.393913495395046e-05
6850,706.3026753110007,4.5411,2.3926940819012178e-05
6851,706.3968887139999,4.8592,2.391467336555555e-05
6852,706.4954017480013,4.4818,2.390321836728393e-05
6853,706.5907402010016,3.7962,2.3891015011110907e-05
6854,706.6869122820008,4.2851,2.3879204072962935e-05
6855,706.7851222140016,4.6371,2.3867371251851666e-05
6856,706.8837563470006,4.8203,2.385528437493818e-05
6857,706.981369946001,5.6128,2.3843089826789956e-05
6858,707.0819277950013,4.3332,2.3831022402098625e-05
6859,707.1814096960006,4.0208,2.3818639170246713e-05
6860,707.6124840740013,4.7024,2.380632855259238e-05
6861,707.7107050750001,4.171,2.3753102738147936e-05
6862,707.8088263760001,4.8133,2.3740991173580152e-05
6863,707.9101211800007,5.5959,2.3728861774567736e-05
6864,708.0061403800009,4.1409,2.3716405604691206e-05
6865,708.0980606240009,4.9609,2.370447818518513e-05
6866,708.1975390860007,4.467,2.3693178508394876e-05
6867,708.2974969690003,5.099,2.3680884446419694e-05
6868,708.3951832890016,3.9112,2.3668562447530774e-05
6869,708.4950593100002,5.0136,2.3656415043950585e-05
6870,708.5939728080011,5.3317,2.364415711851833e-05
6871,708.6927274750014,4.6106,2.363180404567893e-05
6872,708.788809185,4.7732,2.3619760462098595e-05
6873,708.884881936001,3.9579,2.3607786649382535e-05
6874,708.9809252750001,4.6956,2.35960170204938e-05
6875,709.0786444050009,4.6772,2.358416652604937e-05
6876,709.1784862280001,5.067,2.3572092021975235e-05
6877,709.2746617660014,3.3608,2.355977816407401e-05
6878,709.3721668240014,4.8252,2.3547896865678874e-05
6879,709.4715312260014,4.0695,2.3535713010246752e-05
6880,709.5719919440016,5.0293,2.3523595977901248e-05
6881,709.6728564350014,4.7262,2.351121429024671e-05
6882,709.7704086820013,3.5273,2.3498758702592537e-05
6883,709.8689886150005,5.1573,2.3486709247160353e-05
6884,709.9670591350005,4.1918,2.3474502710493797e-05
6885,710.0652066560015,4.143,2.34624136156789e-05
6886,710.1639181180017,5.1945,2.3450308081481374e-05
6887,710.264365641,4.8538,2.3438122088888727e-05
6888,710.3603313760013,4.7928,2.3425740516049254e-05
6889,710.4568788920005,4.4479,2.341383674197516e-05
6890,710.5546390740001,4.8493,2.3401938675678935e-05
6891,710.651349754,5.4852,2.3389870485061693e-05
6892,710.7488848940011,3.943,2.337792810395053e-05
6893,710.8487408250003,5.2976,2.3365888790740652e-05
6894,710.9471139650013,3.7887,2.335358012629625e-05
6895,711.0486724460006,4.433,2.3341441573950618e-05
6896,711.1486087290014,4.8824,2.332888059135785e-05
6897,711.2513747040011,3.8131,2.3316554812839363e-05
6898,711.3481149260006,4.3661,2.3303859620987443e-05
6899,711.4454955650017,4.4977,2.3291898056172668e-05
6900,711.5433569220004,2.9805,2.3279893182222213e-05
6901,711.6404664450001,4.1752,2.3267803741357817e-05
6902,711.7366696520003,5.924,2.3255830403703628e-05
6903,711.8331290350015,4.8142,2.3243962609012226e-05
6904,711.9320816890013,5.0356,2.3232056171604833e-05
6905,712.031360895,5.2167,2.3219834335185076e-05
6906,712.1311716,5.0383,2.3207572061111016e-05
6907,712.2295665740003,5.4321,2.3195226252469126e-05
6908,712.3271807090005,4.5629,2.3183093722222072e-05
6909,712.4247063260009,4.5901,2.317100654641965e-05
6910,712.5244034070001,3.4622,2.3159019568518514e-05
6911,712.6250734520017,5.285,2.3146699081604805e-05
6912,712.726554967001,4.4582,2.3134202239382575e-05
6913,712.8234784220003,4.3741,2.3121676246543e-05
6914,712.9239452410002,5.2764,2.3109764225925722e-05
6915,713.0232932560011,5.3311,2.3097382994074002e-05
6916,713.1220433630006,4.7091,2.3085092620987536e-05
6917,713.2198792250001,5.4331,2.3072910028394867e-05
6918,713.3177514700001,3.6711,2.3060848034567895e-05
6919,713.4157188060017,4.1867,2.3048683054074016e-05
6920,713.5160087680015,5.0446,2.303666358444434e-05
6921,713.6157075840001,4.1097,2.3024287930987577e-05
6922,713.7146469610016,4.1209,2.3011964324197365e-05
6923,713.8123447370017,4.9281,2.2999773610864162e-05
6924,713.9096751450015,4.4097,2.2987686649629515e-05
6925,714.0089575430011,4.9647,2.297566818370359e-05
6926,714.1054679240005,2.9129,2.2963444706543037e-05
6927,714.2044978330014,4.5921,2.295149052407407e-05
6928,714.3033339120011,4.8115,2.2939266778147962e-05
6929,714.4053563890011,4.7221,2.292708705123454e-05
6930,714.5039840530007,4.8017,2.2914521348765348e-05
6931,714.6018788960009,4.8887,2.290228555975301e-05
6932,714.7050530460001,4.7061,2.2890229011604845e-05
6933,714.7979938260014,4.3326,2.2877472631851694e-05
6934,714.8992163910007,5.7867,2.2865975350123338e-05
6935,714.9965195840014,4.1695,2.2853485434074017e-05
6936,715.0951568790006,3.9934,2.284143318135794e-05
6937,715.1938726160006,5.2593,2.2829308062715926e-05
6938,715.2924452900006,3.4745,2.281713496876533e-05
6939,715.3984767250004,4.3902,2.2804970752098552e-05
6940,715.4972302920014,4.8317,2.2791867920370324e-05
6941,715.5952830400001,4.9495,2.277966306629614e-05
6942,715.6936163080009,3.9872,2.276742373234564e-05
6943,715.7923032200015,4.0263,2.2755411835925868e-05
6944,715.888642975,3.6017,2.2743248386296156e-05
6945,715.9870247380004,3.9218,2.2731296024691274e-05
6946,716.0855784150008,4.7062,2.2719237177036888e-05
6947,716.1851445400007,4.7551,2.270705796160487e-05
6948,716.2857428310017,3.4382,2.2694757734073925e-05
6949,716.3826689270009,4.6333,2.268232898913567e-05
6950,716.4828815440014,4.7816,2.267023686518511e-05
6951,716.579855973001,4.6143,2.265799848283936e-05
6952,716.6766454030003,5.4929,2.2646007583456662e-05
6953,716.7742481800015,4.7956,2.263407920185183e-05
6954,716.8737034850001,4.0024,2.2622036836543027e-05
6955,716.972296502001,4.7847,2.2609770968148148e-05
6956,717.066515085,3.7913,2.2597581348271447e-05
6957,717.163397753,5.2546,2.25859239669134e-05
6958,717.261845287001,4.7798,2.2573999537160284e-05
6959,717.35937018,5.0033,2.2561811302098646e-05
6960,717.4581952420012,4.4014,2.254971375012337e-05
6961,717.5562707650006,4.85,2.2537434906913445e-05
6962,717.6531709850005,5.1549,2.252536422876532e-05
6963,717.7516673150003,3.7286,2.251352210679002e-05
6964,717.852034427,5.1454,2.2501348267654255e-05
6965,717.9486953420001,4.2193,2.2488982782098766e-05
6966,718.0491724010008,4.3879,2.2477009190123355e-05
6967,718.1494490970017,5.6657,2.246464856580245e-05
6968,718.2484163520003,3.4468,2.245226725654307e-05
6969,718.3463305990008,4.3323,2.2440031029999786e-05
6970,718.4439940190005,4.491,2.2427925706666473e-05
6971,718.5392333630007,4.4266,2.2415890117407358e-05
6972,718.6376875020014,4.035,2.240410666506172e-05
6973,718.734774849001,4.918,2.2391955237530683e-05
6974,718.835412796001,5.0702,2.2379955303580192e-05
6975,718.935166063,4.993,2.236756113098759e-05
6976,719.036150408001,5.3901,2.2355249399506084e-05
6977,719.1343221770003,4.1496,2.2342778969753085e-05
6978,719.2315004240008,4.2862,2.233064836271589e-05
6979,719.3238148150012,5.1576,2.2318659721975256e-05
6980,719.4228636080006,4.4242,2.230723251493808e-05
6981,719.5219679830006,4.5839,2.2295021950617135e-05
6982,719.6204935160004,5.0817,2.2282818464691337e-05
6983,719.7174437630001,3.5549,2.2270665303580086e-05
6984,719.8131156950003,4.4737,2.2258687005308466e-05
6985,719.9089623180007,4.5818,2.2246849305802353e-05
6986,720.0092643060016,4.9043,2.2234975213456587e-05
6987,720.1081158960005,5.131,2.2222649441975118e-05
6988,720.2068691270015,4.4986,2.2210436600493666e-05
6989,720.3060777150004,4.3664,2.2198256341111078e-05
6990,720.4015779790006,4.714,2.2186009559629585e-05
6991,720.501410977,3.9937,2.2174189109259104e-05
6992,720.5989107230016,4.292,2.2161875813333298e-05
6993,720.6949193300006,4.2589,2.214983842567888e-05
6994,720.7871450700004,5.0796,2.2137969998271546e-05
6995,720.8853957640004,4.7922,2.2126637063950595e-05
6996,720.9809356780006,3.1341,2.2114349601357885e-05
6997,721.0797793860002,3.8485,2.2102672168148052e-05
6998,721.176451364001,4.4813,2.2090461630246907e-05
6999,721.2786990670011,5.188,2.2078513984197347e-05
7000,721.3783590010007,4.1625,2.206592096987645e-05
7001,721.4758595450003,4.1107,2.2053616785555342e-05
7002,721.5733762430009,4.7224,2.2041576651481365e-05
7003,721.6717009410004,5.2394,2.2029547816419606e-05
7004,721.7665823710013,5.0887,2.2017393434444433e-05
7005,721.8657040890012,4.0566,2.2005662101357837e-05
7006,721.9705579590009,4.5136,2.1993468036789976e-05
7007,722.0703549260015,5.3068,2.1980499328518487e-05
7008,722.1691516560004,4.9777,2.19681827932097e-05
7009,722.268929066,5.0091,2.195598934469133e-05
7010,722.3651403780004,4.4396,2.1943691894567887e-05
7011,722.4617351630004,4.1583,2.1931758046543062e-05
7012,722.5587843620015,4.2672,2.1919864532469036e-05
7013,722.6563932510016,4.0451,2.1907890621604798e-05
7014,722.7492588840014,5.5519,2.189579364592579e-05
7015,722.847430369,4.2058,2.188439741456786e-05
7016,722.9446068290017,4.8784,2.1872246065678938e-05
7017,723.0445207520006,5.3295,2.1860260083580175e-05
7018,723.14477635,4.6799,2.1847935515678853e-05
7019,723.2405611970007,3.0728,2.1835563661234458e-05
7020,723.3389268090014,5.161,2.1823691679135792e-05
7021,723.436515880001,5.0856,2.1811569054938176e-05
7022,723.5342472050015,4.4155,2.1799532391975207e-05
7023,723.6306795090004,5.046,2.178745499740722e-05
7024,723.7293815170015,4.7104,2.1775548009876346e-05
7025,723.8286892410015,5.5481,2.1763368131110995e-05
7026,723.9261605360007,4.8567,2.175112415246896e-05
7027,724.0270809000012,4.0146,2.1739067732098728e-05
7028,724.1244768770011,4.9991,2.1726602703209797e-05
7029,724.2216193070017,4.6105,2.1714574482962858e-05
7030,724.3198407190011,4.2965,2.170260591283947e-05
7031,724.4177389360011,3.8458,2.1690489129505966e-05
7032,724.5170655410002,5.6008,2.1678374825555415e-05
7033,724.614405915001,5.3132,2.1666115707036992e-05
7034,724.7098642660003,4.1728,2.165407859543197e-05
7035,724.8097859880017,4.8237,2.1642307339012337e-05
7036,724.9095940620009,5.3848,2.163001197296277e-05
7037,725.0078600190009,3.4349,2.161767279382696e-05
7038,725.1068140060015,4.8851,2.160555553456769e-05
7039,725.2044236620004,3.7501,2.159332047432089e-05
7040,725.3027951570002,4.6978,2.1581265138271576e-05
7041,725.401004886,5.7259,2.1569106782962877e-05
7042,725.4996023210006,4.7674,2.1556991208395007e-05
7043,725.5980573650013,6.1837,2.1544810514938208e-05
7044,725.6963169750015,5.3666,2.1532648719876536e-05
7045,725.7931887780014,3.7933,2.1520546412839506e-05
7046,725.8903708170001,4.3361,2.1508563302592432e-05
7047,725.9861297140014,4.7338,2.1496560809753e-05
7048,726.0861440240005,4.6008,2.148474939666666e-05
7049,726.1867926000014,4.8609,2.1472293821357815e-05
7050,726.2851604010011,4.5091,2.1459916186790062e-05
7051,726.3811853060015,4.9098,2.144780087691344e-05
7052,726.4812006430002,4.8581,2.1435960622222163e-05
7053,726.5804174470013,5.0776,2.1423656575308636e-05
7054,726.6782431810007,4.2418,2.1411391773456635e-05
7055,726.7775170350014,5.4728,2.1399298993580074e-05
7056,726.8750174830002,4.9259,2.1387072082962944e-05
7057,726.9733250560002,4.6433,2.137502859678995e-05
7058,727.0709268090013,4.3391,2.1362908986172702e-05
7059,727.1691261790002,4.8536,2.1350824826296267e-05
7060,727.2653319130004,5.1133,2.1338602023209843e-05
7061,727.3623786360004,5.6265,2.132682541728386e-05
7062,727.4570182970001,2.4222,2.1314849760493626e-05
7063,727.5514694910016,4.2361,2.1303147479629616e-05
7064,727.6492041840011,3.5739,2.1291495598518485e-05
7065,727.7447544000006,3.9438,2.1279434399506116e-05
7066,727.8421726570014,4.8627,2.126750741074055e-05
7067,727.9422926200004,5.2379,2.12556115269134e-05
7068,728.039367192001,4.8546,2.124325980592582e-05
7069,728.1381542050003,4.5316,2.1231254857407344e-05
7070,728.2357982380017,4.9889,2.1219082328024577e-05
7071,728.3358234430016,4.9092,2.1207021612962886e-05
7072,728.4373200190003,5.6821,2.119467394456781e-05
7073,728.5357924870004,4.4109,2.1182171591481392e-05
7074,728.6329508470008,3.9919,2.116997356802456e-05
7075,728.7287198130016,4.8141,2.1157976435802362e-05
7076,728.8281349610006,5.7686,2.1146119119382578e-05
7077,728.9269268320004,4.7212,2.1133904135802396e-05
7078,729.0250706700008,4.3077,2.1121694042345486e-05
7079,729.1260758500011,5.0678,2.110958236691344e-05
7080,729.2268487900001,4.8546,2.1097120202469077e-05
7081,729.3268511900005,5.3223,2.1084670471234545e-05
7082,729.4235211630003,3.0289,2.1072331158518445e-05
7083,729.523872496,5.4612,2.106035048580227e-05
7084,729.6226174940002,4.7178,2.1048006829752898e-05
7085,729.721068582001,5.241,2.1035739949876397e-05
7086,729.8188477650001,3.4253,2.102366673358007e-05
7087,729.9150112030002,4.4674,2.101157819481474e-05
7088,730.0135420350016,4.9841,2.0999696501358013e-05
7089,730.1088691990008,3.6569,2.0987559625925913e-05
7090,730.2084559330015,5.0217,2.0975754191111064e-05
7091,730.3050484550004,4.217,2.09634897976543e-05
7092,730.4045853300013,4.8787,2.095155274592585e-05
7093,730.5053091040008,5.4898,2.093927592777776e-05
7094,730.604848379,3.0363,2.0926828801604847e-05
7095,730.7027313150011,3.1217,2.0914559091851747e-05
7096,730.801985438,5.1772,2.0902448122839513e-05
7097,730.902416547,5.362,2.0890205707777633e-05
7098,731.0011213050002,4.9805,2.0877806668888723e-05
7099,731.0978071650006,5.3107,2.0865613662098683e-05
7100,731.1963767290017,5.4646,2.0853670433580073e-05
7101,731.2944197060006,4.4943,2.0841517999259076e-05
7102,731.392798664001,3.787,2.082941129308623e-05
7103,731.4921420340015,4.9387,2.0817234356913505e-05
7104,731.5893542760004,4.7405,2.080500531876528e-05
7105,731.6866474840008,5.1293,2.0792974940123255e-05
7106,731.7854929120003,4.8684,2.0780976165802313e-05
7107,731.8813281810017,3.0205,2.076879587753079e-05
7108,731.9810588320015,4.8904,2.075695703049366e-05
7109,732.0782440560015,5.9332,2.0744530347901114e-05
7110,732.1771539460005,4.4646,2.0732620964074022e-05
7111,732.2752427220003,4.8668,2.0720444563950514e-05
7112,732.3742053210008,5.4003,2.0708311620493738e-05
7113,732.471462124,4.7852,2.069610379172827e-05
7114,732.5677755230008,3.9553,2.068408648197515e-05
7115,732.6665398640016,5.548,2.0672188213209688e-05
7116,732.7648761980017,4.1756,2.0659998609999874e-05
7117,732.8627251490016,3.614,2.0647842090246862e-05
7118,732.9610664990014,2.8718,2.0635780581851806e-05
7119,733.0608585210011,3.7259,2.06236488093827e-05
7120,733.1532546900016,5.7198,2.0611323153827e-05
7121,733.2519701900001,4.3227,2.059990197209859e-05
7122,733.3528899180001,4.7861,2.058770512901228e-05
7123,733.4525118180009,4.7638,2.0575282056543078e-05
7124,733.5525651490007,4.6755,2.0562967281357825e-05
7125,733.6512913960014,4.9551,2.055064616654312e-05
7126,733.7490116180015,4.687,2.0538430765555393e-05
7127,733.8472527700014,4.3119,2.052637874185166e-05
7128,733.9461438280014,5.0454,2.0514238517654226e-05
7129,734.0435252490006,4.5475,2.050204924777759e-05
7130,734.1414420360015,4.4816,2.0490007626172702e-05
7131,734.2396930840005,4.9875,2.047791955913577e-05
7132,734.3385759950015,4.2854,2.0465801606790113e-05
7133,734.4366194610011,3.9618,2.0453599932839374e-05
7134,734.5292720190009,4.7599,2.044145749901222e-05
7135,734.6286580630003,4.0481,2.043007260469124e-05
7136,734.7303539840013,5.0947,2.041776638555539e-05
7137,734.8299863240009,4.6136,2.0405248158147984e-05
7138,734.9283451840001,5.4665,2.039293080950616e-05
7139,735.0267436890008,4.5075,2.0380782007407195e-05
7140,735.1243966400016,3.7836,2.036863531777765e-05
7141,735.2222590930014,4.2803,2.0356547653826974e-05
7142,735.3194888870003,5.4989,2.0344473939382657e-05
7143,735.4182450380013,4.6134,2.033249246950607e-05
7144,735.5181662960003,5.082,2.0320278968024518e-05
7145,735.6135606650005,4.6052,2.0307937560864056e-05
7146,735.7096508820014,3.8023,2.0296174526172784e-05
7147,735.8107574920014,5.0809,2.0284325608888733e-05
7148,735.9091793280004,3.6442,2.0271842384938256e-05
7149,736.0070286440005,5.2768,2.025969913543201e-05
7150,736.1048399720003,5.0642,2.024759477703687e-05
7151,736.2004488250004,4.9106,2.0235533952839404e-05
7152,736.3005825590008,4.134,2.022372422654304e-05
7153,736.3980412300007,5.2837,2.0211364436296143e-05
7154,736.4977440110015,5.0123,2.0199315913333173e-05
7155,736.5963727770013,4.7547,2.0187025822345474e-05
7156,736.6961367330005,3.9151,2.0174803516419627e-05
7157,736.7928556760016,5.5273,2.0162509577036903e-05
7158,736.8911282560002,5.442,2.0150547539629595e-05
7159,736.9888626400007,4.8946,2.0138458858394938e-05
7160,737.0862553120005,4.3515,2.0126311494691264e-05
7161,737.1839619870007,5.3794,2.0114362518641795e-05
7162,737.2827985460008,3.4791,2.010229673024685e-05
7163,737.3800159230013,4.7005,2.008996773469133e-05
7164,737.4803381840011,5.2854,2.0078091596790015e-05
7165,737.578328900001,4.8079,2.006565737790116e-05
7166,737.6753566250009,4.9559,2.0053597792345646e-05
7167,737.7739185490009,5.0008,2.004163949358023e-05
7168,737.8731330240007,5.2349,2.002947720543208e-05
7169,737.9718455540005,4.4543,2.0017235095802334e-05
7170,738.070367444001,4.0756,2.0005045474320882e-05
7171,738.1707589910002,4.3486,1.999286710061723e-05
7172,738.2703446660016,4.638,1.998045864777772e-05
7173,738.3680389240017,4.7504,1.9968182393580114e-05
7174,738.4617354880011,5.3614,1.995596255765414e-05
7175,738.5606479720009,4.1216,1.9944591219135654e-05
7176,738.6585320400009,5.0626,1.9932347252592598e-05
7177,738.7503183440003,5.0729,1.9920242378394948e-05
7178,738.8492123880005,4.0773,1.9908954473333174e-05
7179,738.9471514880006,5.1357,1.989658183222213e-05
7180,739.047589658001,4.6703,1.9884629863950576e-05
7181,739.143808963001,3.7061,1.9872249418641775e-05
7182,739.2391136790011,4.3353,1.9860339499752888e-05
7183,739.3379038310013,5.0675,1.984856360716043e-05
7184,739.4330986220011,3.5324,1.9836397046790046e-05
7185,739.5318415410002,4.6748,1.9824623947530695e-05
7186,739.6293423360003,2.1661,1.9812463307283857e-05
7187,739.7279858560014,3.6823,1.980030669493822e-05
7188,739.8270776880017,5.6791,1.9788235472715986e-05
7189,739.9243901610007,4.0178,1.9775993265061576e-05
7190,740.0226064440012,5.1337,1.976396881234568e-05
7191,740.1195331300005,5.1617,1.9751856982715888e-05
7192,740.2173628710007,4.237,1.9739816892592512e-05
7193,740.3158080920002,4.7183,1.972782567901218e-05
7194,740.4139926080006,3.4514,1.9715632560987562e-05
7195,740.5128416060015,4.8069,1.9703532277283865e-05
7196,740.6045832490017,5.2011,1.969131740641972e-05
7197,740.7036009700005,4.8552,1.9680035896172842e-05
7198,740.8038030490006,4.551,1.966777297580241e-05
7199,740.9044660930012,3.8038,1.9655384900123432e-05
7200,741.0060855770007,4.657,1.9642983799135607e-05
7201,741.1055085140015,4.8972,1.9630422376049185e-05
7202,741.2028144240012,3.8527,1.9618206903333314e-05
7203,741.3011033540006,3.4512,1.96061440317283e-05
7204,741.3991983280011,4.6947,1.9593867792345578e-05
7205,741.4992685990001,4.9604,1.9581869141604757e-05
7206,741.5972608260017,4.5986,1.9569547196049287e-05
7207,741.6959237490009,4.9108,1.9557454350246705e-05
7208,741.7971432920003,2.6902,1.9545115799752955e-05
7209,741.8942688170009,5.0328,1.9532765367037e-05
7210,741.994471936001,4.5479,1.9520776226913485e-05
7211,742.0942020480015,4.5125,1.9508425705431976e-05
7212,742.1948539680016,5.3355,1.9496112522716026e-05
7213,742.298054713001,3.2814,1.948369569259245e-05
7214,742.3953689800001,3.2159,1.9470950492716023e-05
7215,742.493203936001,4.7828,1.9458902490740583e-05
7216,742.5918716250017,3.8083,1.9446839949259255e-05
7217,742.6914501180017,4.7648,1.94346475901233e-05
7218,742.7905640340014,4.3012,1.9422378383209837e-05
7219,742.888231758001,4.5394,1.9410108330246902e-05
7220,742.9843590690016,3.8682,1.9398082050987644e-05
7221,743.0837367970016,3.5655,1.9386196654938238e-05
7222,743.1846290030007,4.8991,1.9373946311728186e-05
7223,743.2764752990006,5.1112,1.9361489503580177e-05
7224,743.3752130450011,4.8927,1.9350178360493797e-05
7225,743.472590233001,5.5969,1.933796284197511e-05
7226,743.5707144110002,4.7006,1.9325936352222164e-05
7227,743.6702416120006,4.4366,1.931381908543205e-05
7228,743.7700044040012,4.7073,1.930155149123437e-05
7229,743.8689782240017,4.7879,1.9289223108641897e-05
7230,743.965366167,4.6399,1.9277003293456662e-05
7231,744.0599662490004,3.8232,1.9265103869753076e-05
7232,744.1596082650012,5.0187,1.9253415378148076e-05
7233,744.2565452690014,3.5456,1.9241129124691304e-05
7234,744.353826763001,4.1775,1.922913825296285e-05
7235,744.452766972001,5.0702,1.9216998418024658e-05
7236,744.5500326140009,3.6456,1.920493469518516e-05
7237,744.6492590300004,4.3366,1.919291326802466e-05
7238,744.748727649001,4.5002,1.918063925543192e-05
7239,744.8467540680012,4.1435,1.9168412174567718e-05
7240,744.9462997010014,4.1954,1.9156287030987585e-05
7241,745.0457093180012,5.0856,1.9143989270123264e-05
7242,745.1432761520009,4.8358,1.913172115691356e-05
7243,745.2410682980008,3.9048,1.9119639623086305e-05
7244,745.3401703610016,4.8758,1.9107600606790066e-05
7245,745.4393077000004,3.7071,1.9095387584073942e-05
7246,745.5382654880013,4.6022,1.9083021899876508e-05
7247,745.6358570130014,3.8667,1.9070841663209714e-05
7248,745.7346556140001,4.9333,1.9058869274814683e-05
7249,745.8338272010005,5.2055,1.9046662436790088e-05
7250,745.929199907001,5.1613,1.903444330419747e-05
7251,746.0287950780003,4.634,1.9022637516296127e-05
7252,746.1260859500017,5.0759,1.901037141493811e-05
7253,746.2234465350011,5.5145,1.8998320029506066e-05
7254,746.3226968040017,5.1071,1.8986292260864124e-05
7255,746.4200162960005,3.9288,1.8974068970246772e-05
7256,746.5198341100004,4.7647,1.896203272641961e-05
7257,746.6168626940016,4.8767,1.8949717716049364e-05
7258,746.7126933390009,3.0237,1.893774672493821e-05
7259,746.8110426500007,4.4346,1.89259106467901e-05
7260,746.9096143830011,5.0656,1.891377758654319e-05
7261,747.0087575270009,2.965,1.8901641210370235e-05
7262,747.1109256880009,4.423,1.8889229197530866e-05
7263,747.2047430370003,4.8457,1.8876754004197417e-05
7264,747.3045524630015,3.6218,1.8865179766419683e-05
7265,747.405988804001,4.6289,1.8852835254691192e-05
7266,747.5050889530012,4.1025,1.884031478604924e-05
7267,747.6044372040014,5.0221,1.882810285654305e-05
7268,747.7021910790008,4.6627,1.8815839913086274e-05
7269,747.8010908770011,3.0945,1.880371756197511e-05
7270,747.8943047650009,5.5833,1.87915472667901e-05
7271,747.9902447390014,3.4965,1.8780049622469108e-05
7272,748.0897669610004,3.7397,1.8768173675678914e-05
7273,748.1882651840006,3.7559,1.8755910144567747e-05
7274,748.2847558870017,5.2488,1.8743734826913385e-05
7275,748.3830578090001,4.9263,1.873185024432098e-05
7276,748.4830730440008,4.9019,1.8719678602715983e-05
7277,748.5809879390017,5.2702,1.8707357035802465e-05
7278,748.679856187,4.8478,1.8695263227407312e-05
7279,748.7780269940013,4.599,1.8682937744691308e-05
7280,748.8755925170008,4.5476,1.8670928465308623e-05
7281,748.9751360320006,4.6748,1.865889437012339e-05
7282,749.0720203130004,4.5521,1.8646613510617174e-05
7283,749.1703376330006,4.81,1.8634614907777747e-05
7284,749.2670130930001,3.9745,1.8622490084320886e-05
7285,749.3648414510008,5.1997,1.8610552095925847e-05
7286,749.4628386900004,4.9585,1.859848825851832e-05
7287,749.554403266,4.586,1.858640937172822e-05
7288,749.6529752300012,4.9231,1.857512546024691e-05
7289,749.7538170970001,4.6172,1.8562928981975102e-05
7290,749.8524425430005,4.9332,1.8550480191481457e-05
7291,749.9546338570017,5.2325,1.8538264627283896e-05
7292,750.0514045390009,4.6853,1.852569252740719e-05
7293,750.1490936630016,4.2302,1.851373097777761e-05
7294,750.2462388950007,4.1236,1.850168805975292e-05
7295,750.3438876790005,5.1698,1.848966915469129e-05
7296,750.4394633060001,3.571,1.8477585776049245e-05
7297,750.5383212270008,5.2413,1.846582802617276e-05
7298,750.6369128030001,4.3639,1.8453606221604858e-05
7299,750.735596464001,4.766,1.844146298086411e-05
7300,750.8366213570007,5.0512,1.8429270752222006e-05
7301,750.9363337450013,4.8855,1.841682298135794e-05
7302,751.0332096270013,4.6573,1.84044863072838e-05
7303,751.1297836420017,4.4679,1.8392509540987514e-05
7304,751.2262941340014,4.5377,1.8380587017654317e-05
7305,751.3200406260003,5.5282,1.836863385716029e-05
7306,751.416981841001,3.4558,1.8357108967036895e-05
7307,751.517704287,4.9683,1.8345109755678824e-05
7308,751.6175350960002,4.9567,1.83327213981481e-05
7309,751.7173215220009,4.8623,1.8320382057283926e-05
7310,751.8171260460003,4.621,1.8308058574814678e-05
7311,751.9149933780009,4.8742,1.829559375296289e-05
7312,752.011901156,3.7252,1.8283648628271578e-05
7313,752.110760892001,5.6269,1.827167602913561e-05
7314,752.2101114730012,3.5334,1.8259522092098736e-05
7315,752.3091031020012,4.801,1.8247213699629627e-05
7316,752.4074861620011,4.7839,1.823500775296284e-05
7317,752.5065665450002,5.7427,1.822286175679e-05
7318,752.6027311800008,5.5966,1.821063668913565e-05
7319,752.7008768380001,5.3196,1.8198750294444234e-05
7320,752.8002584050009,4.7677,1.818663014790105e-05
7321,752.8980455830006,5.4274,1.8174377191481417e-05
7322,752.9891337280005,4.8153,1.8162288804938098e-05
7323,753.0871685390011,3.794,1.8151079718395015e-05
7324,753.1855764330012,4.5768,1.8138941083209683e-05
7325,753.2829023620016,4.6457,1.8126775352962955e-05
7326,753.379635452,4.4705,1.8114760730370305e-05
7327,753.479231786001,4.2295,1.810281792592574e-05
7328,753.5791305030016,5.6577,1.8090552288271466e-05
7329,753.6769908320002,4.1699,1.8078218909506152e-05
7330,753.7753868490017,4.4095,1.806613589975291e-05
7331,753.8739981450017,4.5544,1.805399378222218e-05
7332,753.9719375500008,4.5495,1.8041826689629636e-05
7333,754.0690603190014,2.9543,1.8029715448394847e-05
7334,754.1671582570016,5.1307,1.8017715062839368e-05
7335,754.2664175520003,4.592,1.8005608056666668e-05
7336,754.3666362430013,4.1021,1.799336361814795e-05
7337,754.4644205130007,4.7449,1.7980977163703683e-05
7338,754.5618493400016,3.7589,1.7968909183209802e-05
7339,754.658352628001,4.318,1.7956867479999884e-05
7340,754.7582852300002,4.7795,1.794495299061717e-05
7341,754.8554699400011,4.4157,1.793262141246902e-05
7342,754.9526314060004,5.8534,1.7920609022962766e-05
7343,755.0530067800009,3.6697,1.7908641315555506e-05
7344,755.1522172720015,4.6239,1.7896229112592457e-05
7345,755.2519068230013,4.0803,1.7883994704444363e-05
7346,755.351350668001,5.7257,1.7871705355432088e-05
7347,755.4512150280007,4.121,1.7859429676049287e-05
7348,755.5502054500012,4.7301,1.7847069517654203e-05
7349,755.6477592330011,3.3387,1.783486052654306e-05
7350,755.7483695720002,3.7165,1.782266634679004e-05
7351,755.846543185,4.3341,1.781040735234557e-05
7352,755.9440156100009,4.9503,1.779826597086418e-05
7353,756.0431278140004,4.6008,1.7786230965061633e-05
7354,756.1423795200008,4.7563,1.7774039008024522e-05
7355,756.2406750630016,4.9828,1.776163304728381e-05
7356,756.3412618970015,4.2366,1.7749621591111122e-05
7357,756.4425183830008,3.5927,1.773722273790105e-05
7358,756.5408948290005,3.6514,1.7724704922345636e-05
7359,756.6404587960005,4.7266,1.7712545547036842e-05
7360,756.7331833930002,4.7872,1.7700141596172748e-05
7361,756.8315558600007,4.7203,1.7688862115061554e-05
7362,756.9292033890015,4.8894,1.767668869456778e-05
7363,757.0287366760003,5.7732,1.7664630416419648e-05
7364,757.1267805210009,4.1802,1.7652345940370184e-05
7365,757.2248364810002,3.2221,1.7640185261110964e-05
7366,757.3223420820013,4.1007,1.7628106609259077e-05
7367,757.4198882890014,3.3581,1.761608060086417e-05
7368,757.518462946,5.0816,1.760404209407406e-05
7369,757.6184313880003,5.2074,1.7591880091481417e-05
7370,757.7174930990004,5.6047,1.757952938246905e-05
7371,757.8117339290002,4.9851,1.7567318196419547e-05
7372,757.9093630470015,3.9986,1.7555666691481475e-05
7373,758.0065611570008,3.8318,1.7543477908271423e-05
7374,758.1090046970003,4.9232,1.7531616937901196e-05
7375,758.2067383360009,4.3367,1.751897436740735e-05
7376,758.3037839860008,4.0475,1.7506880734444286e-05
7377,758.4048229670007,4.0416,1.7494914659752935e-05
7378,758.5056414520004,4.7453,1.7482458495431976e-05
7379,758.6076490310006,3.7882,1.7470031272715903e-05
7380,758.707770209001,4.936,1.7457420629999875e-05
7381,758.8064463710016,4.4005,1.7445031027283776e-05
7382,758.9028394090001,5.2799,1.7432847952468924e-05
7383,759.0026471300007,4.0415,1.7420956599259098e-05
7384,759.1010321530011,5.7862,1.740862720135794e-05
7385,759.1970088610014,4.6337,1.7396501012469048e-05
7386,759.297208168,5.085,1.7384604301975215e-05
7387,759.3956103260007,5.0744,1.7372263136543166e-05
7388,759.4938777840016,5.2876,1.736014345925907e-05
7389,759.5915924540004,4.4617,1.734799849444423e-05
7390,759.6907059700006,4.2382,1.7335925897283844e-05
7391,759.7858996430004,2.2425,1.7323717202716016e-05
7392,759.8775416140015,5.2618,1.7311930302716018e-05
7393,759.9757938300008,5.4731,1.7300656954567884e-05
7394,760.0734761880012,5.7121,1.7288502442962782e-05
7395,760.1717991980004,4.5964,1.72764296618518e-05
7396,760.2694805270003,5.1145,1.7264294935925762e-05
7397,760.3666787380007,4.2233,1.7252249522839348e-05
7398,760.468334692001,3.9995,1.7240099955925858e-05
7399,760.5687932000001,4.5627,1.7227680879382714e-05
7400,760.6728921010017,4.4549,1.7215241263333337e-05
7401,760.772453810001,4.9555,1.7202428491234545e-05
7402,760.869325515001,6.0254,1.719016212432092e-05
7403,760.9663981960002,4.7781,1.7178170801481307e-05
7404,761.0632435900006,4.9341,1.7166184348024684e-05
7405,761.1610264460014,5.9859,1.715425252024674e-05
7406,761.259990126,4.8423,1.7142191970864206e-05
7407,761.3575174750003,3.7318,1.7129971522592512e-05
7408,761.4574520280003,5.7097,1.7117912921604773e-05
7409,761.555463865001,4.7081,1.7105584540246732e-05
7410,761.6554159270017,5.0741,1.7093491430246723e-05
7411,761.7538889850002,4.5549,1.7081138215185033e-05
7412,761.8517429359999,4.891,1.706897707950612e-05
7413,761.9508573960011,5.4754,1.705691532728384e-05
7414,762.0502292590008,5.987,1.7044675677777744e-05
7415,762.1484534650008,4.4508,1.703239479296287e-05
7416,762.2473494020014,5.0247,1.7020245714197425e-05
7417,762.3460025940003,4.5821,1.7008047027283747e-05
7418,762.4381165910017,5.2805,1.699574613148146e-05
7419,762.5342844100014,4.4873,1.698455250074066e-05
7420,762.6339247550004,5.0036,1.6972621089876438e-05
7421,762.7302879650015,4.6003,1.6960323210493732e-05
7422,762.8291169760014,5.051,1.6948432149012306e-05
7423,762.9267378050008,5.046,1.6936248319752966e-05
7424,763.0232125780003,4.9303,1.6924196761110923e-05
7425,763.1230921610004,5.6692,1.691229311925916e-05
7426,763.2225882830007,3.8624,1.6899944809012346e-05
7427,763.3181196190017,2.092,1.6887679795308498e-05
7428,763.418412631001,4.9551,1.6875830975555507e-05
7429,763.5183762410015,5.3769,1.686349680617274e-05
7430,763.6167431410013,4.3242,1.6851156341357932e-05
7431,763.7131616180013,4.1732,1.683901041864194e-05
7432,763.8118978360017,4.8613,1.6827106183827034e-05
7433,763.9094824250005,3.3828,1.6814916158888806e-05
7434,764.0077390810002,4.1233,1.680286209246894e-05
7435,764.1059410020007,4.7661,1.679071192666667e-05
7436,764.2083824440015,4.8679,1.6778602293950507e-05
7437,764.3062269880011,3.5291,1.676595710790103e-05
7438,764.4065725630007,4.913,1.6753891570246827e-05
7439,764.5060859020014,5.1656,1.6741497711234532e-05
7440,764.6065205130017,5.0217,1.6729202605185025e-05
7441,764.7054818200013,5.3964,1.671680426518507e-05
7442,764.8033201510007,5.1974,1.670460449481461e-05
7443,764.9020911360003,5.0934,1.6692534674444393e-05
7444,764.9985250900008,4.9056,1.6680331894444358e-05
7445,765.0933359800001,4.4843,1.6668408267901047e-05
7446,765.1895469360006,4.3191,1.665670452703687e-05
7447,765.2903005820008,4.1267,1.664482417913579e-05
7448,765.3899284520012,4.3891,1.6632394328024494e-05
7449,765.489848149,4.9992,1.662008255197527e-05
7450,765.589994711001,5.0586,1.6607775891357892e-05
7451,765.6871551090007,5.1178,1.6595421498641816e-05
7452,765.7847035970008,5.2013,1.6583375314814787e-05
7453,765.8835086320014,5.4799,1.6571355792469e-05
7454,765.9816216590007,3.6758,1.6559181562962844e-05
7455,766.07957695,4.7989,1.6547045848271447e-05
7456,766.1806114320007,5.2841,1.653496003419751e-05
7457,766.2753569960005,3.9297,1.6522505521728216e-05
7458,766.374986234001,4.5743,1.6510754819259156e-05
7459,766.4721863940013,6.0921,1.6498460662222015e-05
7460,766.5706212910009,4.2208,1.6486461487407212e-05
7461,766.6734770540006,4.3206,1.6474317469752952e-05
7462,766.7735173810015,4.4238,1.6461622524320884e-05
7463,766.8738091930009,5.2213,1.6449287959876526e-05
7464,766.9711474160013,3.0812,1.643689248061716e-05
7465,767.0694104740014,3.9955,1.642475047703691e-05
7466,767.1666999920017,4.312,1.641275410617271e-05
7467,767.2644417870015,4.5744,1.6400731661604728e-05
7468,767.3630484220012,4.3098,1.6388651430740686e-05
7469,767.4594026450013,4.6298,1.6376495184691232e-05
7470,767.5582871510014,4.6629,1.6364594669752996e-05
7471,767.6575086210014,5.3222,1.6352393500863982e-05
7472,767.7576091600004,4.7987,1.634012470456785e-05
7473,767.856294217001,4.3519,1.6327800098641787e-05
7474,767.9533341660008,3.6794,1.6315610652839464e-05
7475,768.0546510830009,5.0332,1.630359150604919e-05
7476,768.1538147890005,5.775,1.6291110334938065e-05
7477,768.254240526001,4.0727,1.6278844684567706e-05
7478,768.3527482830013,5.415,1.6266466804320967e-05
7479,768.4548067300002,3.3832,1.6254286809012287e-05
7480,768.5552636850007,4.537,1.6241647021851813e-05
7481,768.6519217170007,4.4623,1.6229291941604907e-05
7482,768.7509117590016,4.0588,1.621733603753074e-05
7483,768.8516124480011,5.424,1.6205118289876454e-05
7484,768.9495112200002,3.0193,1.6192665461851754e-05
7485,769.0482661650003,5.5978,1.6180626100740705e-05
7486,769.1473448060005,4.3805,1.6168431150123343e-05
7487,769.2482283980007,4.2217,1.6156211798888875e-05
7488,769.3470872950002,5.0241,1.6143753225678892e-05
7489,769.4454755000006,4.5715,1.6131547191110895e-05
7490,769.5452706740016,4.914,1.6119407039752987e-05
7491,769.642662921,5.011,1.610707322543201e-05
7492,769.7415728180003,5.1196,1.6095038670123308e-05
7493,769.84156463,4.9031,1.6082861192839415e-05
7494,769.9438101070009,4.8723,1.607048560543195e-05
7495,770.0439464290012,5.4762,1.6057901606790114e-05
7496,770.1456116310001,4.1526,1.6045514477530866e-05
7497,770.2445052640014,4.2142,1.6032979584320908e-05
7498,770.3447979210014,5.3836,1.6020762696666625e-05
7499,770.4436443640006,4.8355,1.6008393072468963e-05
7500,770.5414107780016,3.9369,1.5996182235678903e-05
7501,770.6392148970008,4.5284,1.5984087011851735e-05
7502,770.7370089010001,4.6898,1.5972016591604866e-05
7503,770.8341909950013,2.9998,1.595994722580234e-05
7504,770.9308875590013,5.5097,1.594796571580244e-05
7505,771.0266456030004,3.8677,1.5935998115431928e-05
7506,771.125139060001,4.1906,1.5924164399629617e-05
7507,771.2244561720017,4.8597,1.5912040626666524e-05
7508,771.3221778280003,4.1618,1.5899765697407322e-05
7509,771.4213800270009,4.8492,1.5887711311110997e-05
7510,771.5195095660001,4.3226,1.5875464928024563e-05
7511,771.6158797360004,5.5257,1.5863345944444407e-05
7512,771.7135314440002,4.7403,1.58514376380245e-05
7513,771.8126231470014,5.1635,1.583939915777771e-05
7514,771.9126891470005,4.4712,1.5827177485308642e-05
7515,772.0103201500006,6.0304,1.5814696534691142e-05
7516,772.106922555,4.3598,1.580275953271588e-05
7517,772.204511209,4.8915,1.579080768753085e-05
7518,772.3015175830005,3.5675,1.5778743408024678e-05
7519,772.4010150550002,5.5748,1.576679840012326e-05
7520,772.4980137930015,4.2009,1.5754449573950426e-05
7521,772.5929468460017,2.5932,1.5742495238641873e-05
7522,772.6903804810008,5.3059,1.573080998086408e-05
7523,772.7917231770007,4.738,1.5718777952345665e-05
7524,772.8923344650011,4.652,1.570628149629624e-05
7525,772.9877188970004,5.0517,1.569386669259243e-05
7526,773.083719573,6.2365,1.5682081243086243e-05
7527,773.1806783320008,3.9293,1.567022033950617e-05
7528,773.2779543000015,3.2069,1.565826039037033e-05
7529,773.3771838230005,4.5844,1.5646240336543004e-05
7530,773.4763082720001,4.1572,1.5634023140370167e-05
7531,773.5762788240008,5.0157,1.562176744617273e-05
7532,773.675548094001,4.8567,1.5609435693703645e-05
7533,773.7734568590004,4.009,1.5597184758024486e-05
7534,773.8716563200014,4.0842,1.5585107181481427e-05
7535,773.9692651020014,3.7065,1.5572963495308578e-05
7536,774.0678239560002,4.9889,1.5560902034567893e-05
7537,774.1658187010016,4.415,1.554874350666653e-05
7538,774.2646320690001,4.1564,1.553663636135797e-05
7539,774.3647227650017,5.0496,1.5524451474567837e-05
7540,774.4660101380014,4.986,1.5512082912592397e-05
7541,774.5642684160011,4.6685,1.5499596352098632e-05
7542,774.6621838870014,5.0848,1.5487447694814806e-05
7543,774.7609714590017,3.7186,1.547536628012326e-05
7544,774.8595922060013,5.2557,1.546316346160489e-05
7545,774.9601411960011,4.3176,1.5450955407654144e-05
7546,775.0586715050013,4.7855,1.543858232234565e-05
7547,775.1609459190004,5.0043,1.5426401430123393e-05
7548,775.2591611650005,4.4443,1.541378557814801e-05
7549,775.3558229040009,3.771,1.540165571308625e-05
7550,775.455712764,5.5214,1.5389713010740647e-05
7551,775.5549310120005,5.1548,1.5377390171604845e-05
7552,775.6545930740012,3.8949,1.5365152789382586e-05
7553,775.7531748360016,4.0541,1.5352867335555344e-05
7554,775.852086113,4.7859,1.5340678507777573e-05
7555,775.9522024960006,4.3898,1.5328475215802306e-05
7556,776.0465509950009,4.7326,1.5315975770370216e-05
7557,776.1455938640011,4.4866,1.5304486979752887e-05
7558,776.245978506,5.1594,1.5292102771481387e-05
7559,776.3455865580017,4.5154,1.527981532962943e-05
7560,776.4425567760009,3.4526,1.5267546946049183e-05
7561,776.5406606460001,4.7683,1.5255572415555408e-05
7562,776.6388112830009,5.2515,1.524346473345658e-05
7563,776.739328478001,4.785,1.5231340244691295e-05
7564,776.837201458,4.4313,1.5218933588765383e-05
7565,776.9335515950006,4.1984,1.5206851741851646e-05
7566,777.0317613550014,5.1646,1.5194942250987588e-05
7567,777.1307885210008,4.3678,1.5182737469259101e-05
7568,777.230113267,4.7896,1.517047235790111e-05
7569,777.3315389960007,4.1233,1.5158330002345511e-05
7570,777.4310384790006,4.5456,1.5145822590987523e-05
7571,777.5336087750002,4.556,1.5133525137283822e-05
7572,777.6312424690004,4.4002,1.512072207407398e-05
7573,777.7304651500017,4.1072,1.51088085944444e-05
7574,777.827508882001,3.4512,1.5096519254197417e-05
7575,777.9249701190001,4.3081,1.5084528014938115e-05
7576,778.0227308530011,4.6535,1.5072566395431942e-05
7577,778.1197328510007,4.0338,1.5060491623456596e-05
7578,778.2141202490002,4.1592,1.5048520497283914e-05
7579,778.3109767540009,4.7575,1.5036821513333254e-05
7580,778.4083043330011,4.0251,1.5024898123086329e-05
7581,778.5039348680002,4.9607,1.5012874347530781e-05
7582,778.602136466001,4.6915,1.5001060554320844e-05
7583,778.701966386001,4.6533,1.4988968750864085e-05
7584,778.7981246290001,4.6105,1.4976641469753016e-05
7585,778.8956409730017,5.3098,1.4964738742839446e-05
7586,778.993407078,5.0561,1.4952722081357984e-05
7587,779.0918293490013,4.6855,1.4940661295802361e-05
7588,779.1879207150014,2.2872,1.492851568629613e-05
7589,779.2872968810007,3.1166,1.4916616332592426e-05
7590,779.3829677510003,4.7339,1.4904334128888742e-05
7591,779.4821509740013,4.5765,1.4892536859876405e-05
7592,779.5805621880008,4.6306,1.4880277363826967e-05
7593,779.679814006,5.5619,1.4868145519382703e-05
7594,779.7804714220001,3.4117,1.4855939880246838e-05
7595,779.8799032750012,5.766,1.4843365644567785e-05
7596,779.9773162290003,4.8131,1.4831238328641816e-05
7597,780.0719909180007,4.0498,1.4819176985432103e-05
7598,780.1691396630013,5.3429,1.4807486582098651e-05
7599,780.2656386520011,4.876,1.4795503595431925e-05
7600,780.3651846800003,4.6235,1.478358550876523e-05
7601,780.4627717510011,3.8809,1.4771260471728355e-05
7602,780.557763791001,3.6726,1.475921858913577e-05
7603,780.657744868,5.6975,1.47475143090122e-05
7604,780.7569520590005,4.2407,1.4735172276296116e-05
7605,780.853430303001,4.5063,1.4722928741234398e-05
7606,780.9548826690007,4.0373,1.4711012251481415e-05
7607,781.0532320850016,4.47,1.4698478036666474e-05
7608,781.1536188170012,4.9403,1.4686359371975144e-05
7609,781.2530532790006,3.7061,1.4673813122715974e-05
7610,781.3503144770002,4.6139,1.4661677789999994e-05
7611,781.449680998001,5.3854,1.4649637485431921e-05
7612,781.5492466880005,5.2624,1.4637405155061534e-05
7613,781.6491169110013,4.4655,1.4625125751604906e-05
7614,781.7484289180011,5.4991,1.4612790105432028e-05
7615,781.8462696930001,5.8568,1.460052228308637e-05
7616,781.9439474540013,4.4787,1.4588401681357933e-05
7617,782.0417759560005,4.5603,1.4576386385432005e-05
7618,782.1387668880016,4.5053,1.4564294935308553e-05
7619,782.2365344220016,4.6636,1.455233053567896e-05
7620,782.336338471001,4.914,1.4540263664074038e-05
7621,782.434205900001,4.9921,1.4527943114444276e-05
7622,782.5307449970005,5.5761,1.4515844627160358e-05
7623,782.6290797490001,4.6704,1.4503915214567831e-05
7624,782.7289189790008,5.3278,1.4491759956913431e-05
7625,782.8280998250011,5.108,1.4479474958888772e-05
7626,782.9235314070011,2.8304,1.446721812148143e-05
7627,783.0197643470001,5.2031,1.4455425352469009e-05
7628,783.1196159160008,4.4818,1.4443541192592458e-05
7629,783.2184890320004,4.607,1.4431242775678844e-05
7630,783.3172067370015,4.9007,1.4419016459135792e-05
7631,783.4146596700011,4.8965,1.440682631604926e-05
7632,783.513642195001,4.2701,1.4394785150493762e-05
7633,783.611394603,3.6173,1.4382590678271502e-05
7634,783.7095838110017,4.1751,1.4370518337160365e-05
7635,783.8103052170009,4.4771,1.4358385014073983e-05
7636,783.9083487970001,3.9078,1.4345979478394944e-05
7637,784.0079798820007,4.7001,1.4333864438148014e-05
7638,784.106296113001,4.3555,1.4321554301604923e-05
7639,784.2049116490016,3.1148,1.4309355343209774e-05
7640,784.3034713030011,4.6573,1.4297218719629546e-05
7641,784.4034854010006,5.7016,1.4285004923333167e-05
7642,784.5023758310017,5.2104,1.4272732147654122e-05
7643,784.6021351050003,5.1529,1.4260505389876344e-05
7644,784.706257875001,5.5044,1.4248224100740548e-05
7645,784.8049949350007,5.2418,1.4235363107777688e-05
7646,784.9039564370014,4.6517,1.4223159763456617e-05
7647,785.0030440350001,5.2901,1.4210961466296235e-05
7648,785.1034041110015,5.3553,1.4198738263086264e-05
7649,785.2037846650001,5.7482,1.4186339887283895e-05
7650,785.3026016230015,4.5156,1.4173943670617229e-05
7651,785.4013956450017,4.7025,1.4161716118888757e-05
7652,785.5019494470016,5.371,1.4149518184320998e-05
7653,785.6022801500003,4.9558,1.413710012382715e-05
7654,785.7008625160015,4.6223,1.4124758345185029e-05
7655,785.79783254,4.4805,1.4112571955678799e-05
7656,785.8975424460004,3.9646,1.4100592274814661e-05
7657,785.9967552550006,5.849,1.4088291223456674e-05
7658,786.094759345,4.9944,1.4076044598518313e-05
7659,786.1930134570011,4.0848,1.4063928890246858e-05
7660,786.291681398001,4.806,1.4051669795802424e-05
7661,786.3838157800001,5.489,1.4039613248641903e-05
7662,786.4828479160005,4.6819,1.4028292287901112e-05
7663,786.5825466480001,3.9637,1.4016035290987483e-05
7664,786.6800928340017,4.3131,1.4003722466790082e-05
7665,786.7784258700012,4.9368,1.3991665725061686e-05
7666,786.8760241830005,4.6545,1.3979501206419554e-05
7667,786.9684115940017,5.2533,1.3967460543209864e-05
7668,787.068722684,3.4507,1.3956085924691265e-05
7669,787.1671278330014,4.8621,1.3943694284073983e-05
7670,787.2665515390017,5.2723,1.3931522574197364e-05
7671,787.3639792010017,5.0675,1.3919271314567862e-05
7672,787.4601682150005,4.2722,1.390723176555544e-05
7673,787.5570784690008,5.1379,1.3895377377407215e-05
7674,787.6552731030006,4.8048,1.388341673777761e-05
7675,787.7559164640006,5.1192,1.3871265419012259e-05
7676,787.8533564400004,3.8264,1.3858843983703585e-05
7677,787.9525181830013,5.4746,1.384679948086417e-05
7678,788.0511918700013,4.3905,1.3834564972345598e-05
7679,788.1513373470007,4.9699,1.3822255982592458e-05
7680,788.2529469850015,5.0992,1.381004613493806e-05
7681,788.3503974220002,5.5593,1.3797510962962812e-05
7682,788.4507938300012,4.7082,1.3785427718024568e-05
7683,788.5503812850002,4.4288,1.3773069493580148e-05
7684,788.6498976270013,4.4517,1.376076051716042e-05
7685,788.7486540360005,4.9394,1.3748503598024531e-05
7686,788.8471288570017,4.3456,1.3736278383827018e-05
7687,788.944432661001,4.3851,1.3724144227530756e-05
7688,789.0385865880016,4.3251,1.3712121634814624e-05
7689,789.1369316140008,4.8788,1.370048132123446e-05
7690,789.2342522570016,4.5949,1.3688362861604764e-05
7691,789.3322863110006,4.9997,1.3676327535061618e-05
7692,789.4304180160016,4.7284,1.3664257057530726e-05
7693,789.5300288440012,5.4109,1.3652107636419564e-05
7694,789.6302870440013,4.5896,1.363979033740741e-05
7695,789.7269338030001,4.6814,1.3627460047036832e-05
7696,789.8224749300007,4.708,1.3615523519506101e-05
7697,789.9197828640008,3.3598,1.3603701328271579e-05
7698,790.0170451130016,4.9263,1.3591705347407246e-05
7699,790.1145836780015,5.3576,1.3579692691728273e-05
7700,790.2104579390016,5.1645,1.3567668306543146e-05
7701,790.3090820190009,5.5626,1.355579179123455e-05
7702,790.409010894,5.8297,1.354365411987646e-05
7703,790.5089105320003,5.6552,1.35311757012345e-05
7704,790.6064886440017,4.8143,1.351898140864194e-05
7705,790.7005188160001,5.3575,1.3506948377901241e-05
7706,790.8005061010008,5.6927,1.3495356698765394e-05
7707,790.9006254630003,5.0989,1.3482968581111099e-05
7708,790.9986067180016,4.9518,1.3470627323086427e-05
7709,791.0960675220012,4.3204,1.3458517059999943e-05
7710,791.1963832140009,4.6652,1.3446480278888896e-05
7711,791.2941512680009,4.2496,1.3434097109999843e-05
7712,791.392219755,4.1362,1.3422029375802304e-05
7713,791.4917924490001,4.107,1.3409910307901207e-05
7714,791.5910009760009,3.096,1.3397627877530783e-05
7715,791.6885244710011,5.3459,1.3385356759629496e-05
7716,791.7861181340013,4.442,1.3373316385802393e-05
7717,791.8855614520016,5.2154,1.3361274898641929e-05
7718,791.9836183610005,5.2085,1.3349016082839505e-05
7719,792.084282115,4.6961,1.3336931855555357e-05
7720,792.182143561,5.0788,1.3324493445802266e-05
7721,792.2782152950003,3.5798,1.3312406041604842e-05
7722,792.3787611180014,5.8745,1.3300529304444443e-05
7723,792.4777473600006,4.6176,1.3288139680987599e-05
7724,792.5768965930001,4.5775,1.3275895705678799e-05
7725,792.675572469001,5.3463,1.3263684850246783e-05
7726,792.7727646790008,4.4167,1.3251501936790001e-05
7727,792.8698477620001,4.6266,1.3239490923580077e-05
7728,792.9666175540005,4.883,1.3227535328395013e-05
7729,793.0640059550005,4.3693,1.3215558295678988e-05
7730,793.1627867770003,4.5424,1.3203541929135643e-05
7731,793.261547301001,5.5241,1.3191345970493629e-05
7732,793.359563733,3.8047,1.3179163500370373e-05
7733,793.4569951830017,5.1567,1.3167046408641815e-05
7734,793.5538934460001,4.34,1.3154977738518303e-05
7735,793.6508692450006,4.0485,1.314305195703689e-05
7736,793.7489372670007,4.7648,1.3131032787530807e-05
7737,793.847443179,5.1007,1.3118969954938187e-05
7738,793.9469810180017,3.7647,1.3106838986296221e-05
7739,794.0440290350016,3.6615,1.3094539110987647e-05
7740,794.142596447,5.0577,1.308255085530843e-05
7741,794.2434864610004,4.9741,1.3070393020370153e-05
7742,794.3419146360011,4.7476,1.3057943745678825e-05
7743,794.4400768250016,5.0532,1.3045775835678931e-05
7744,794.5365907600008,3.6638,1.3033623488888824e-05
7745,794.638032461,5.3988,1.3021711485308507e-05
7746,794.7374552040001,4.7627,1.3009097828147965e-05
7747,794.8372962700014,5.7736,1.299694621283929e-05
7748,794.9345922650009,4.5237,1.2984647762469082e-05
7749,795.0318437270016,4.121,1.2972603988518483e-05
7750,795.1273626580005,4.422,1.296061696679003e-05
7751,795.2225638880009,5.397,1.2948781654691333e-05
7752,795.3135150490016,4.745,1.293703758382716e-05
7753,795.410960358,5.079,1.2925859316419743e-05
7754,795.5105777820008,5.1625,1.2913774136913515e-05
7755,795.61228467,4.6498,1.2901467413086254e-05
7756,795.7097982740015,4.1405,1.2888943195061587e-05
7757,795.8079604360009,5.3519,1.2876839113580196e-05
7758,795.9057298970001,5.4241,1.2864779531110905e-05
7759,796.0050537010011,4.4231,1.2852726919752988e-05
7760,796.1031478080004,4.5149,1.284045863728386e-05
7761,796.200572582,4.7835,1.2828325221604853e-05
7762,796.3000351549999,4.8191,1.2816304583703632e-05
7763,796.4006585610005,4.7316,1.2804025453086199e-05
7764,796.5008723340015,4.604,1.2791602206419573e-05
7765,796.5994963660014,4.9172,1.2779243262222151e-05
7766,796.6955035570008,2.1396,1.2767069568518408e-05
7767,796.7907534430014,5.5477,1.2755190418641927e-05
7768,796.888938940001,3.9896,1.2743433723827125e-05
7769,796.9881571750011,5.2868,1.2731324149876466e-05
7770,797.087812097001,4.81,1.2719086331851737e-05
7771,797.1847645340004,3.1435,1.2706760953827113e-05
7772,797.2889883210009,5.4337,1.2694771441481324e-05
7773,797.3876072980001,4.4031,1.2681909979505969e-05
7774,797.4866084720015,5.7119,1.2669743882716034e-05
7775,797.5862863070015,4.5862,1.265740750407407e-05
7776,797.6819902800016,5.4416,1.2645093176666522e-05
7777,797.7808751970006,4.2645,1.2633434381234422e-05
7778,797.8787868250001,4.5214,1.2621197716543075e-05
7779,797.9767865060003,4.4772,1.2609109788147944e-05
7780,798.0752391640017,3.1039,1.2597007716049347e-05
7781,798.1741205060007,4.4865,1.2584858422839419e-05
7782,798.2776877870001,5.9493,1.2572662307283745e-05
7783,798.3775965150016,5.1998,1.255986736407404e-05
7784,798.4758201020013,4.6695,1.2547538517407286e-05
7785,798.5743538100014,4.2759,1.2535385287160296e-05
7786,798.6721115320015,4.2519,1.2523244819629466e-05
7787,798.7719302430014,3.5991,1.2511149186666672e-05
7788,798.869946189001,4.3263,1.2498844061481373e-05
7789,798.9718842010006,3.8439,1.2486725098394935e-05
7790,799.0710563660014,3.0525,1.2474142745185092e-05
7791,799.1699631970005,4.9295,1.2461915501851672e-05
7792,799.2698741310014,4.9407,1.2449731850864077e-05
7793,799.3675615850007,5.5946,1.2437391693950495e-05
7794,799.4678364520005,5.4943,1.2425319493456667e-05
7795,799.5676587020007,4.8002,1.2412941784073884e-05
7796,799.6673947730014,5.0486,1.2400555287777582e-05
7797,799.7643319170002,5.3695,1.238829369777761e-05
7798,799.8625533869999,4.2267,1.2376331217160498e-05
7799,799.9551149470008,5.0351,1.2364209019135698e-05
7800,800.0525521730015,4.7212,1.2352810691357907e-05
7801,800.1562625280003,3.1141,1.2340732606543171e-05
7802,800.2569238320011,3.8171,1.2327955005555536e-05
7803,800.3597028540007,4.4479,1.23154984890122e-05
7804,800.452842820001,4.4513,1.230272575382705e-05
7805,800.5525597740016,4.511,1.229135213740723e-05
7806,800.6511351580011,4.3581,1.2279005008148048e-05
7807,800.7507647870007,4.5091,1.2266851952222225e-05
7808,800.8503744140016,4.4808,1.2254568583209703e-05
7809,800.9466210420014,4.3999,1.2242273943580074e-05
7810,801.0455237200003,5.1543,1.2230373890246771e-05
7811,801.1444684520011,3.6717,1.2218154332345478e-05
7812,801.2447075740001,4.8851,1.2205953335925846e-05
7813,801.3414022600009,3.8169,1.2193562267654257e-05
7814,801.4404464220006,5.4219,1.2181641571481318e-05
7815,801.5370282860003,5.7625,1.2169411235802352e-05
7816,801.6354984400004,4.6688,1.2157435989876476e-05
7817,801.7339630430015,2.9555,1.2145334518641948e-05
7818,801.8326408960002,5.0254,1.2133179798148142e-05
7819,801.9298165070013,5.387,1.2120852990493725e-05
7820,802.0289087820001,4.5775,1.2108977086419693e-05
7821,802.1279056070016,4.8714,1.2096786017283857e-05
7822,802.2268443290013,5.3138,1.2084535725185154e-05
7823,802.3246689440002,4.122,1.207234301172826e-05
7824,802.4244394600009,4.7758,1.2060253874073912e-05
7825,802.5265076610012,4.503,1.2047940392839352e-05
7826,802.6241348590011,3.0748,1.2035330681481383e-05
7827,802.7214415730014,4.581,1.2023245123580206e-05
7828,802.8190070660003,3.9951,1.2011243545308438e-05
7829,802.9174421080006,4.3643,1.1999145777036902e-05
7830,803.0153636200012,4.7458,1.1987066270246739e-05
7831,803.1149727740012,4.4999,1.1974984487777774e-05
7832,803.2127285900006,4.7414,1.1962684787901068e-05
7833,803.3119606580003,3.9231,1.1950603421975282e-05
7834,803.4102704140005,4.5482,1.1938211377407394e-05
7835,803.5092258000004,3.9015,1.1926216685184988e-05
7836,803.6095139560002,5.0059,1.1914013400740564e-05
7837,803.7079426510008,5.0055,1.1901637879752936e-05
7838,803.8049160290011,3.0768,1.1889385940246733e-05
7839,803.9028037810003,5.1167,1.1877497125061599e-05
7840,803.9994014720014,5.1089,1.1865403178765255e-05
7841,804.0985962060004,5.1641,1.1853483783086206e-05
7842,804.1977855330006,4.6512,1.1841215551975226e-05
7843,804.2955979830003,5.2257,1.1828987348148035e-05
7844,804.391326238001,4.5265,1.1816924587036971e-05
7845,804.4884233800003,4.2646,1.1805091257901046e-05
7846,804.5878305400001,5.4827,1.1793106801481445e-05
7847,804.6874067320005,4.75,1.1780846857283767e-05
7848,804.7842463260004,2.5644,1.1768532248024488e-05
7849,804.8797489510016,4.657,1.1756596024197398e-05
7850,804.9777908150008,4.8651,1.1744796579629491e-05
7851,805.0752128080003,3.6615,1.1732735315185162e-05
7852,805.1740331700003,5.2909,1.1720675074814803e-05
7853,805.2736784130011,4.2103,1.1708475446049295e-05
7854,805.3715028320003,4.2278,1.1696129207407302e-05
7855,805.471237703001,5.3236,1.1684067911604934e-05
7856,805.5733632020001,5.0397,1.1671772693580241e-05
7857,805.6731740620016,4.4448,1.165915404864184e-05
7858,805.771416040001,4.3197,1.1646866415431978e-05
7859,805.8694415160007,4.1333,1.1634711146543175e-05
7860,805.96656635,5.5626,1.1622610744938201e-05
7861,806.0639928710007,4.0156,1.1610612599135806e-05
7862,806.1619253480003,3.2281,1.159856833691344e-05
7863,806.2602738670012,5.6332,1.158649605790103e-05
7864,806.3591944390009,3.1384,1.1574367229506022e-05
7865,806.4598303000002,4.1428,1.156208302395061e-05
7866,806.5581319290013,4.3522,1.154974802839498e-05
7867,806.657077156,4.311,1.1537595356172847e-05
7868,806.7556501409999,3.9911,1.1525397710987662e-05
7869,806.8516814060004,3.0923,1.151306367320968e-05
7870,806.9503713230006,5.0537,1.1501320832962792e-05
7871,807.049631281001,5.6205,1.1489126290617147e-05
7872,807.1459254930014,3.5757,1.1476913580617188e-05
7873,807.244637052001,5.1048,1.1465018938641958e-05
7874,807.3446443190005,6.0408,1.145285900925911e-05
7875,807.4423251140015,4.775,1.1440468289382588e-05
7876,807.5418388530015,4.3127,1.142843054271604e-05
7877,807.6413212920015,4.024,1.1416144380617222e-05
7878,807.7411018370003,4.8678,1.1403871676049205e-05
7879,807.8403448270001,4.9295,1.1391510053950405e-05
7880,807.9385855570017,5.3722,1.1379298885431911e-05
7881,808.0375843400016,4.6202,1.1367019262098765e-05
7882,808.1370027530011,5.6114,1.1354958159506091e-05
7883,808.2336952190017,4.5532,1.1342695148641835e-05
7884,808.3337480610007,5.1304,1.1330725605802406e-05
7885,808.4321066510001,4.5643,1.131839700975288e-05
7886,808.5312600290017,5.2361,1.1306217531851693e-05
7887,808.6319620900013,5.1659,1.1294000663703497e-05
7888,808.7365675200017,3.3172,1.128155668308628e-05
7889,808.8336992640016,2.8359,1.1268632105185129e-05
7890,808.9319497720007,5.5361,1.1256620421604847e-05
7891,809.0295046440006,4.6592,1.1244532599753088e-05
7892,809.128167619001,4.9533,1.1232479970740651e-05
7893,809.2266165810015,5.5071,1.1220326971975104e-05
7894,809.3257231240004,4.2084,1.1208174101728353e-05
7895,809.4243517340001,5.2862,1.1195925247901206e-05
7896,809.5244920140012,4.4073,1.1183745438271599e-05
7897,809.6233546950007,5.3991,1.1171395670493735e-05
7898,809.720158514001,4.3174,1.1159167114567904e-05
7899,809.817790000001,4.5383,1.1147220991234564e-05
7900,809.9188293930001,5.3781,1.1135022886790036e-05
7901,810.0180109620014,4.746,1.11227149696296e-05
7902,810.1182753790017,4.2022,1.1110445664814762e-05
7903,810.2178420430009,5.0935,1.1098087673580048e-05
7904,810.3170834390003,4.9951,1.1085796363456692e-05
7905,810.4159771330014,5.4905,1.107353849271605e-05
7906,810.5149977650017,5.0867,1.106132634074073e-05
7907,810.614268542,5.2546,1.1049081582715847e-05
7908,810.7116489660002,4.3326,1.103683119999982e-05
7909,810.8043607,4.6711,1.1024810225925775e-05
7910,810.902462262,3.7919,1.1013400167283871e-05
7911,810.9995460680002,3.7753,1.1001259251481289e-05
7912,811.0989452350004,5.0925,1.0989247281604887e-05
7913,811.1960261450004,4.9756,1.097700651716047e-05
7914,811.2874057950012,5.6625,1.0964999532345565e-05
7915,811.386869633001,4.2883,1.0953780314938078e-05
7916,811.4830759250017,4.8057,1.0941449436790051e-05
7917,811.5782023720003,3.534,1.092955809641959e-05
7918,811.6771524060005,4.8182,1.0917776269382529e-05
7919,811.7757383530006,5.3338,1.0905579673826994e-05
7920,811.8755048980001,4.3973,1.0893463041110985e-05
7921,811.975928713,4.6746,1.088114387246898e-05
7922,812.0739489560001,4.1636,1.086875177061728e-05
7923,812.1712979600015,5.6663,1.0856637779876489e-05
7924,812.2686103270007,3.6979,1.0844604438765215e-05
7925,812.3665113970001,4.4248,1.0832602656296165e-05
7926,812.462687964,4.3472,1.0820526540370158e-05
7927,812.559409544001,5.6854,1.0808637601851701e-05
7928,812.6567712940014,4.2789,1.0796684849135797e-05
7929,812.7563088610004,4.094,1.0784676667283945e-05
7930,812.855454943001,4.5707,1.0772385115308648e-05
7931,812.956017941,5.617,1.076015169419743e-05
7932,813.0543327590003,4.7266,1.074774879481476e-05
7933,813.1531615950007,4.8876,1.0735596271234371e-05
7934,813.2495651370009,4.992,1.0723407675678897e-05
7935,813.3482846990009,5.1544,1.0711479013703573e-05
7936,813.4505967060013,2.8887,1.069929740876533e-05
7937,813.548581164001,5.1393,1.0686649945061545e-05
7938,813.6490196470004,4.8206,1.0674575632839368e-05
7939,813.7407415730013,4.9008,1.0662191518271425e-05
7940,813.8415587950003,5.6983,1.0650891382345574e-05
7941,813.9400224680012,4.1451,1.0638424525925839e-05
7942,814.0352732280007,4.3823,1.062626293864194e-05
7943,814.1312926540013,4.5877,1.0614479928394926e-05
7944,814.2284388910011,4.1625,1.0602633839876541e-05
7945,814.3262928210006,4.6877,1.0590660904567763e-05
7946,814.4263941770005,4.5945,1.0578575440246852e-05
7947,814.5248400690016,5.6613,1.0566196467530797e-05
7948,814.6226572570013,3.4574,1.0554068126049387e-05
7949,814.7218433840007,4.6589,1.054195986518517e-05
7950,814.8160394189999,3.9273,1.0529716173580118e-05
7951,814.9152071140015,4.8005,1.0518075760987644e-05
7952,815.0125856260001,3.2017,1.0505865164073992e-05
7953,815.1101408740014,4.2036,1.0493832418147964e-05
7954,815.2064311060003,3.2165,1.0481775352469014e-05
7955,815.303433223,5.1554,1.0469892307283757e-05
7956,815.4045872060015,4.3508,1.0457941373950486e-05
7957,815.5026659280011,3.7381,1.0445444954074012e-05
7958,815.6046925530009,5.6166,1.0433302660493617e-05
7959,815.7029860210005,4.7255,1.042075575950604e-05
7960,815.8030814330014,5.0265,1.0408609088888754e-05
7961,815.9038745930011,4.8716,1.0396248537407372e-05
7962,816.002973857001,4.4122,1.0383818231728382e-05
7963,816.1002002530004,4.6229,1.0371562589259187e-05
7964,816.1976277660015,4.0813,1.0359558509135692e-05
7965,816.2966589720018,4.516,1.0347523326543095e-05
7966,816.3933559330017,4.5038,1.033520087308626e-05
7967,816.4934893750014,3.4783,1.032338420629615e-05
7968,816.5910628180009,2.6786,1.0311021659382714e-05
7969,816.6912557280011,3.7886,1.0298951431481396e-05
7970,816.7886449980015,4.6051,1.0286596403580062e-05
7971,816.8858660050009,3.9054,1.027455327765432e-05
7972,816.9849861220009,5.2403,1.0262570470987599e-05
7973,817.0835859540002,4.4685,1.0250324370370235e-05
7974,817.1794525620007,4.5532,1.0238168298394924e-05
7975,817.2761957120001,2.5538,1.0226319919752936e-05
7976,817.3737634160007,5.5781,1.0214332435431895e-05
7977,817.4727216350002,3.8478,1.0202321681975235e-05
7978,817.5724031200007,3.5857,1.0190120204938192e-05
7979,817.6705833670003,5.157,1.0177811991975261e-05
7980,817.7692634400009,5.3939,1.016569447074065e-05
7981,817.8668941970009,4.738,1.0153517973827142e-05
7982,817.9588595690002,4.5824,1.0141472601111069e-05
7983,818.0591476640002,4.7679,1.0130113309382582e-05
7984,818.1552507520009,4.5757,1.011765866728379e-05
7985,818.2535282650006,4.483,1.0105837020493691e-05
7986,818.3538157030016,4.7099,1.0093733296172658e-05
7987,818.4522848390006,4.8545,1.0081348163950433e-05
7988,818.5499347740006,4.0909,1.0069177705185051e-05
7989,818.646161005001,4.6403,1.0057120713333268e-05
7990,818.744150505001,4.2829,1.0045254126172821e-05
7991,818.8400471310015,4.6986,1.003308397197521e-05
7992,818.936360740001,4.6929,1.0021302587283798e-05
7993,819.0335445150013,4.2682,1.0009417392468966e-05
7994,819.1256697790013,4.7723,9.997382103456742e-06
7995,819.2247302180003,4.9079,9.986082044073963e-06
7996,819.3187051760015,4.734,9.97379579802451e-06
7997,819.4159503210012,4.515,9.962236984073914e-06
7998,819.5114820400013,5.0682,9.950210090864188e-06
7999,819.6089651980001,4.8489,9.93840728444434e-06
8000,819.7056734500002,5.319,9.926393655925814e-06
8001,819.8023768770017,4.5398,9.91443662703687e-06
8002,819.8996574270004,4.3596,9.902490013827005e-06
8003,819.9975949940017,4.733,9.890502855925865e-06
8004,820.0957362670015,5.0628,9.878418424814751e-06
8005,820.1940149420006,4.5982,9.866283296666589e-06
8006,820.2913896120008,3.5049,9.854153774074038e-06
8007,820.3875911920004,4.43,9.842056091728191e-06
8008,820.4822733910005,2.9526,9.83025149864194e-06
8009,820.5794120230003,5.6113,9.81853024691336e-06
8010,820.6779821070013,4.7384,9.806571611234517e-06
8011,820.7749509690002,4.3341,9.794415455802396e-06
8012,820.8738807510017,5.0882,9.782427606789923e-06
8013,820.97373806,4.5917,9.770212048641958e-06
8014,821.0717125050014,5.3601,9.757897412469052e-06
8015,821.169410157001,5.3648,9.745794269012186e-06
8016,821.2677614920012,3.6902,9.733760566666462e-06
8017,821.3653072750003,3.4107,9.721608829259132e-06
8018,821.4627238070007,4.1662,9.70956775432097e-06
8019,821.562572756,4.7168,9.697515311234407e-06
8020,821.6538083840005,5.6499,9.685200484444423e-06
8021,821.751163768,4.944,9.673980758518475e-06
8022,821.8483719770011,4.3855,9.661908198024638e-06
8023,821.944022433001,3.552,9.649899697160436e-06
8024,822.0414124220006,5.2742,9.638062345308562e-06
8025,822.1393179330007,3.4822,9.62603662037037e-06
8026,822.2369797710016,5.2617,9.613948097407343e-06
8027,822.3362354480014,4.7335,9.60192352259257e-06
8028,822.4341918510017,4.2116,9.589684387036991e-06
8029,822.5323292640005,3.0086,9.577555691851747e-06
8030,822.6301274080015,5.163,9.565457324073868e-06
8031,822.7282735480003,4.9915,9.553406426543077e-06
8032,822.8268742270011,3.9736,9.541297544938177e-06
8033,822.9239928110001,4.773,9.529129880246735e-06
8034,823.0155434700009,5.0265,9.517137759629591e-06
8035,823.1141314020006,4.149,9.505839205678824e-06
8036,823.2117146330002,4.4388,9.493664106543021e-06
8037,823.3082901960006,4.6849,9.481595413826993e-06
8038,823.4088359910002,5.6566,9.469681776789918e-06
8039,823.5058087990001,4.4986,9.457257913827e-06
8040,823.6054309780011,4.6939,9.445282408148082e-06
8041,823.7032775530006,3.6013,9.433016890617175e-06
8042,823.8007488040002,5.417,9.420787095555561e-06
8043,823.8997984590005,5.2855,9.40876530913567e-06
8044,823.9969697860015,3.4569,9.396662462715966e-06
8045,824.0952628520008,4.5627,9.384659257901174e-06
8046,824.1921575490014,5.2498,9.372504483209787e-06
8047,824.2874515660005,4.0859,9.36056176950606e-06
8048,824.3839114360017,4.2946,9.348782070740714e-06
8049,824.4809105270015,3.9147,9.336892296666554e-06
8050,824.5762291320007,3.8715,9.324897530617216e-06
8051,824.6737074170014,5.1726,9.313064775185153e-06
8052,824.7734058700007,4.9334,9.301090989629523e-06
8053,824.8701610240005,4.782,9.288819876049349e-06
8054,824.9667362300006,4.8483,9.276864555555487e-06
8055,825.063578835001,4.9561,9.264912318024554e-06
8056,825.156873670001,5.8899,9.252966926543183e-06
8057,825.2535298790008,3.7373,9.241397706543164e-06
8058,825.3516645970012,4.5495,9.229492750123259e-06
8059,825.4523331,4.9477,9.217395547407193e-06
8060,825.550507498001,5.4419,9.204945811851773e-06
8061,825.6499053630014,4.8491,9.192843598518531e-06
8062,825.7495568250015,4.4656,9.18060289469137e-06
8063,825.8464931030012,3.971,9.168180200864118e-06
8064,825.9448630700008,5.7946,9.156315703086293e-06
8065,826.0454497360006,4.6306,9.144187630617251e-06
8066,826.1463386790001,4.9734,9.131785754073873e-06
8067,826.2475391470016,5.2668,9.11932622716034e-06
8068,826.3444809320008,4.6686,9.106809796419746e-06
8069,826.443553991001,3.597,9.094831186172803e-06
8070,826.5403064430011,2.4601,9.082617631975154e-06
8071,826.6387824360008,4.6091,9.07063402987649e-06
8072,826.7366274040014,4.5709,9.058520983826947e-06
8073,826.8334671360008,4.7111,9.046388440246912e-06
8074,826.9311099380011,3.5279,9.034477563333143e-06
8075,827.0281794020011,4.2275,9.022436468641882e-06
8076,827.1235270610014,4.2199,9.010409146666476e-06
8077,827.2219289120003,5.8183,8.998625055925835e-06
8078,827.3225078520009,3.9989,8.98652441432093e-06
8079,827.4204390890009,4.7296,8.974086289629524e-06
8080,827.5220999940011,5.3249,8.962020274320825e-06
8081,827.6214702570014,5.0808,8.949450532469017e-06
8082,827.7179571740016,3.465,8.937162264567711e-06
8083,827.8152762790014,3.941,8.925243993580135e-06
8084,827.9141251480014,4.5911,8.913254947901018e-06
8085,828.0139455870012,4.6719,8.901087906419614e-06
8086,828.1108721950004,5.2371,8.888751058765377e-06
8087,828.2078649120012,4.4834,8.876745572962797e-06
8088,828.3084794800016,4.4833,8.864786764691269e-06
8089,828.4064696820005,4.723,8.852390841110958e-06
8090,828.5059054790017,5.0237,8.840233731851766e-06
8091,828.605891397001,5.0645,8.827992641851812e-06
8092,828.7058062730011,3.8712,8.815656527160488e-06
8093,828.8046705160014,4.9362,8.803303448271493e-06
8094,828.9033448000009,5.0546,8.791095421604923e-06
8095,829.0051827920015,5.1767,8.778925580864094e-06
8096,829.1023655090012,4.0297,8.76637466024679e-06
8097,829.2023872540012,5.0167,8.754300098271528e-06
8098,829.3008803900011,4.7619,8.742034247160413e-06
8099,829.3989892180016,4.836,8.729853465555394e-06
8100,829.4982447390012,4.5672,8.71771174345679e-06
8101,829.5945318410013,3.9422,8.705484940123431e-06
8102,829.6926015200006,4.832,8.693569018641822e-06
8103,829.7923885630007,4.4336,8.681472073950537e-06
8104,829.8921056830004,5.5938,8.669193266049224e-06
8105,829.9900820750008,4.7789,8.65687337864186e-06
8106,830.0885259660008,4.4019,8.644771025061616e-06
8107,830.1880224550005,5.0228,8.63261029271598e-06
8108,830.2868356950003,5.1397,8.620308133086374e-06
8109,830.3853565550016,3.9197,8.608122802469109e-06
8110,830.484709145001,4.3677,8.595853920864173e-06
8111,830.5812297910015,3.4926,8.583698471357814e-06
8112,830.6790456550007,4.8101,8.571775664567893e-06
8113,830.7762188260003,5.381,8.559708741234506e-06
8114,830.8747838930012,4.5977,8.547704670740653e-06
8115,830.9724100370004,4.939,8.535517790864056e-06
8116,831.0722321560006,4.8293,8.523490876172736e-06
8117,831.1702037560008,3.4918,8.511164199999821e-06
8118,831.2666996360003,3.9128,8.499066243209797e-06
8119,831.3655626660002,5.1149,8.487142941234372e-06
8120,831.4639751240011,5.738,8.474946023456775e-06
8121,831.5643242980004,5.2614,8.462776489753055e-06
8122,831.6611108150009,4.203,8.450412613209791e-06
8123,831.7603894090007,5.2113,8.438444818271417e-06
8124,831.8566821460008,5.279,8.426195529506164e-06
8125,831.9540754420013,5.134,8.414333795308605e-06
8126,832.054773834001,3.5505,8.402316890617246e-06
8127,832.1537486880006,4.4701,8.38986856851831e-06
8128,832.2531947040006,4.1763,8.377659094444367e-06
8129,832.3500483420012,4.4712,8.365366859752954e-06
8130,832.445981324001,3.8232,8.353416636543033e-06
8131,832.5453166240004,4.8377,8.341575589506034e-06
8132,832.6453767970015,5.1286,8.32931562728374e-06
8133,832.740517573,4.4327,8.316951119629524e-06
8134,832.8388649910012,4.6617,8.305186074320781e-06
8135,832.9351973770008,3.0894,8.293060895555549e-06
8136,833.0308659390012,3.4435,8.281175635061734e-06
8137,833.1298678740004,3.6364,8.269345799012229e-06
8138,833.2286403420003,5.4674,8.257114528765263e-06
8139,833.3254466130002,4.0779,8.24495045740723e-06
8140,833.424040535001,4.8267,8.232989794567758e-06
8141,833.5206954810001,4.9299,8.220825176666513e-06
8142,833.6160503680003,2.097,8.20886940493819e-06
8143,833.7138482480004,5.3572,8.197094977777731e-06
8144,833.8107938040012,3.9464,8.185050351728285e-06
8145,833.9063612900009,3.7633,8.173062647160411e-06
8146,834.0045082110009,4.1165,8.16125775851847e-06
8147,834.1046263920016,5.1851,8.149136367036936e-06
8148,834.2032009080012,4.8866,8.136812128394932e-06
8149,834.3018404110007,4.8257,8.12449611839502e-06
8150,834.3986399970017,5.1411,8.112452993086384e-06
8151,834.4914276130003,4.7657,8.100496447777573e-06
8152,834.5901636500002,4.6804,8.089053444567707e-06
8153,834.6879251630016,2.8105,8.076856861357952e-06
8154,834.7868212000012,4.3849,8.064672787901073e-06
8155,834.8860069870007,3.3437,8.052578440987602e-06
8156,834.986275755,4.2315,8.040340690370352e-06
8157,835.0842604190002,5.2684,8.027959671111107e-06
8158,835.1820336780002,4.9133,8.015856584444448e-06
8159,835.2809539640002,4.2024,8.00378549975308e-06
8160,835.3783795859999,4.9752,7.991558234691276e-06
8161,835.4784461390009,3.677,7.979530485185094e-06
8162,835.5781463350013,6.0558,7.967182695184971e-06
8163,835.677351964001,5.7843,7.954899004197402e-06
8164,835.7752650750008,3.8485,7.94263239753087e-06
8165,835.8738501320004,4.7987,7.930548680246886e-06
8166,835.9710266120001,5.2266,7.918354970740582e-06
8167,836.0664439970005,4.0008,7.906355123827158e-06
8168,836.1640357620017,3.6751,7.894566703950579e-06
8169,836.2616824800007,5.4143,7.882535085678955e-06
8170,836.3588594660014,4.8669,7.870481301975186e-06
8171,836.4615439050012,5.2026,7.858455614691196e-06
8172,836.5596131420007,5.2772,7.845790780740547e-06
8173,836.6563022240007,5.1782,7.833702638765294e-06
8174,836.7519620820003,4.2263,7.821779121357976e-06
8175,836.8481099120017,4.8761,7.809957641110942e-06
8176,836.9407604020016,4.73,7.798095128024597e-06
8177,837.0391540730016,5.6918,7.786684772222041e-06
8178,837.1366711110004,4.5596,7.774502137777561e-06
8179,837.2336640800004,4.1922,7.762490360493734e-06
8180,837.3302877380011,4.1548,7.75050076333319e-06
8181,837.4292913770005,5.0577,7.738557382962886e-06
8182,837.5269427230014,4.381,7.726334638641952e-06
8183,837.6228403690002,2.1559,7.714270283580127e-06
8184,837.7223009380014,4.6156,7.702441918271586e-06
8185,837.8190451520004,4.6576,7.690169407407311e-06
8186,837.9169504970014,4.3693,7.678229405925918e-06
8187,838.0170629830009,5.666,7.666154526543079e-06
8188,838.1158589230017,4.5955,7.653787263950597e-06
8189,838.2152887510001,3.4126,7.641596100617154e-06
8190,838.3136373610014,4.034,7.629291427407382e-06
8191,838.4134425900011,5.3204,7.617166520987529e-06
8192,838.5110662590014,4.5863,7.604846916172747e-06
8193,838.6116483570004,3.9649,7.5927868633332345e-06
8194,838.7090856500017,5.4829,7.580362965308508e-06
8195,838.8066811140015,4.7477,7.568345981110914e-06
8196,838.9056404910007,4.8031,7.556273616049303e-06
8197,839.0032148310002,5.1177,7.544075090864e-06
8198,839.0997229530003,4.6431,7.5320417211110495e-06
8199,839.1969052840013,4.0946,7.520111215802405e-06
8200,839.2927917900015,4.8301,7.508118756419591e-06
8201,839.3924543030007,5.5898,7.4962828630864235e-06
8202,839.4893164960013,5.1655,7.48386049925911e-06
8203,839.5857866670012,4.7097,7.472012777901083e-06
8204,839.683889684,5.3013,7.460099247283869e-06
8205,839.7828372050008,4.9643,7.44798899691348e-06
8206,839.8838304650017,4.7857,7.435776780123293e-06
8207,839.981897574,4.3963,7.423314774814682e-06
8208,840.0778303280003,3.4581,7.411206767654133e-06
8209,840.1738164550006,4.3938,7.399354884320797e-06
8210,840.2734958450001,4.4511,7.387504384444321e-06
8211,840.369375626,3.187,7.375221123703668e-06
8212,840.4676801530004,4.4546,7.363338301728184e-06
8213,840.5683257960009,5.1058,7.35123575382709e-06
8214,840.6670946870017,4.0747,7.33884365629629e-06
8215,840.7640664380015,4.1138,7.32661856296275e-06
8216,840.859897544,4.3624,7.3146354716048805e-06
8217,840.9555627060017,5.4022,7.302800279506039e-06
8218,841.0531666930001,4.1397,7.2909975712343706e-06
8219,841.1501428060001,5.6445,7.278946948395005e-06
8220,841.2450021860004,4.9941,7.266966942098619e-06
8221,841.3414080160001,4.8009,7.2552440662961405e-06
8222,841.4369157170004,4.7465,7.243375426543131e-06
8223,841.534603895001,5.413,7.231417016666653e-06
8224,841.6347750240002,4.7834,7.219488123209661e-06
8225,841.7323201630006,4.8389,7.207140804691148e-06
8226,841.8284114370017,4.3635,7.195098470864104e-06
8227,841.926832557001,4.2271,7.183252098271443e-06
8228,842.0252169070009,5.4889,7.171116027777636e-06
8229,842.1232913030017,4.6185,7.158971844197415e-06
8230,842.2224707400001,4.6133,7.146829369999908e-06
8231,842.321705634,4.3175,7.134583279382723e-06
8232,842.422176944001,4.8733,7.122347277901198e-06
8233,842.5196041560012,4.9509,7.109922885925857e-06
8234,842.6190817790011,5.1152,7.097864534074084e-06
8235,842.717014404001,4.3724,7.0856496803701875e-06
8236,842.8161525710002,4.4408,7.073524799259223e-06
8237,842.9163431450015,4.3293,7.061309497777624e-06
8238,843.0147327220002,5.6079,7.048893521851696e-06
8239,843.1096759770007,2.5664,7.036784179999811e-06
8240,843.2076233440002,3.7884,7.0249759908640244e-06
8241,843.3062107690002,5.2972,7.012966670246879e-06
8242,843.404943431,3.8252,7.0008025833333326e-06
8243,843.5041178800002,5.2757,6.98861123728376e-06
8244,843.6043389300012,5.4403,6.9763689941974466e-06
8245,843.7034056770008,4.4575,6.963869222345687e-06
8246,843.8053231460017,5.0124,6.951755719999953e-06
8247,843.9036232040016,4.8864,6.939197647777662e-06
8248,844.0040576380015,5.3705,6.927032541234557e-06
8249,844.0998293950015,5.9715,6.914661477036854e-06
8250,844.1984090620008,5.3019,6.902787050987603e-06
8251,844.2969587830012,4.1838,6.89065499111099e-06
8252,844.3958103650002,4.7933,6.878490685061545e-06
8253,844.4926106020012,4.8052,6.866290601234526e-06
8254,844.5926348370012,4.6818,6.854318260370351e-06
8255,844.6905933750004,4.9161,6.842012850617196e-06
8256,844.7885309490011,4.9265,6.829875641111061e-06
8257,844.8877769620012,5.3712,6.8177844262961255e-06
8258,844.983385638001,4.4019,6.805507888641805e-06
8259,845.0748624000007,5.3165,6.793739839753089e-06
8260,845.1720591600006,4.6324,6.78245580148148e-06
8261,845.2706218550011,5.4628,6.7704265366666295e-06
8262,845.3628598580017,5.4203,6.758291197160427e-06
8263,845.4628084190008,4.2774,6.746926317777658e-06
8264,845.5610367180016,4.2496,6.734552248765313e-06
8265,845.6590929180002,3.7092,6.7224227496294205e-06
8266,845.7570746780002,4.6774,6.710324004197455e-06
8267,845.8531245310005,4.0376,6.69822103679002e-06
8268,845.9519643120002,4.3832,6.686324441111036e-06
8269,846.0487073460008,4.5799,6.674174078395068e-06
8270,846.1472159590012,4.1764,6.662214312468962e-06
8271,846.2442547830015,3.7996,6.650039082345483e-06
8272,846.3443550830016,5.6074,6.638074442468934e-06
8273,846.4420974540008,5.0037,6.6257312162961605e-06
8274,846.5388875380013,3.5331,6.613661273580041e-06
8275,846.6373015380013,4.5438,6.601709663209699e-06
8276,846.7356254000006,4.5918,6.589570077283747e-06
8277,846.8328977690016,4.4299,6.577399295802478e-06
8278,846.9313888340002,5.1076,6.565393750246762e-06
8279,847.0283890270002,5.1912,6.553261295432067e-06
8280,847.1269558940003,4.3022,6.541257103209864e-06
8281,847.2200194760007,6.1059,6.52909950753069e-06
8282,847.3174723850007,5.0726,6.517632601728196e-06
8283,847.4154203160015,5.0035,6.505514981234473e-06
8284,847.5142706300012,4.3867,6.493511608518421e-06
8285,847.6112669440008,4.1205,6.481279835185028e-06
8286,847.7036084760002,5.1152,6.469305409506132e-06
8287,847.8000065650012,2.774,6.457930343827168e-06
8288,847.8966552310012,4.1994,6.445990333580054e-06
8289,847.9940651180004,5.0294,6.4340674941974374e-06
8290,848.094063732,4.7813,6.422073596049249e-06
8291,848.1922056130006,3.1367,6.409748921728298e-06
8292,848.2890092770012,3.157,6.39757666987637e-06
8293,848.3883279850015,4.7636,6.3856216964196415e-06
8294,848.485881482,4.6965,6.373374083827066e-06
8295,848.5842136880001,4.3112,6.361331174320872e-06
8296,848.6834966380011,4.6851,6.349198816049373e-06
8297,848.7801597050002,4.3204,6.3369418307406725e-06
8298,848.879828829,5.3428,6.324854546789904e-06
8299,848.9745687910017,4.116,6.312690227036966e-06
8300,849.066548023,4.3304,6.3009775685183954e-06
8301,849.1644900330011,4.0626,6.289668214197453e-06
8302,849.2617675720012,4.5494,6.277536796789918e-06
8303,849.3582078950003,3.6764,6.2655451192590534e-06
8304,849.4542735990017,4.8675,6.253628455431926e-06
8305,849.5542312180005,5.2398,6.241743895432051e-06
8306,849.6551598800015,5.6546,6.22945817407391e-06
8307,849.7532421420001,4.6481,6.216984618024502e-06
8308,849.8511526560014,4.5684,6.204858540987501e-06
8309,849.9499636130004,4.9935,6.192733442469123e-06
8310,850.0494711190004,4.1158,6.180563756296143e-06
8311,850.1504600350017,5.0445,6.168292584444302e-06
8312,850.2488415030002,5.0811,6.1558288103701565e-06
8313,850.3476816480015,4.7497,6.143693006049289e-06
8314,850.4449620310006,5.2189,6.1314509266666375e-06
8315,850.5420014950014,4.6274,6.119494275802329e-06
8316,850.6371513270005,4.7844,6.107494960740745e-06
8317,850.7345348540002,5.1444,6.0957285723454715e-06
8318,850.8324646790006,5.3438,6.083734286172715e-06
8319,850.927726195001,3.7048,6.07164738592586e-06
8320,851.0266627770015,4.4086,6.059855852345653e-06
8321,851.1235082390012,4.1313,6.047663431728312e-06
8322,851.2220993210012,4.4106,6.035669017407297e-06
8323,851.3199004480011,3.2562,6.023530493456753e-06
8324,851.4158258870011,4.7355,6.011448737407377e-06
8325,851.5142671860012,4.9411,5.999604553209881e-06
8326,851.6146787740017,4.8631,5.987441176049391e-06
8327,851.7128051160016,4.3497,5.975051571110979e-06
8328,851.8104823480007,4.8303,5.962942788271586e-06
8329,851.9073931040002,5.191,5.95089605333321e-06
8330,851.9995803250004,4.7014,5.938922002222191e-06
8331,852.101484154,3.8502,5.927514289135694e-06
8332,852.201621133001,4.1523,5.914952980493793e-06
8333,852.2933599650005,4.8148,5.902618086172784e-06
8334,852.3937232320004,5.2301,5.891298146172719e-06
8335,852.4916922600005,4.1419,5.8788918850616105e-06
8336,852.5918269570011,5.7147,5.866782445678887e-06
8337,852.689947058001,5.1504,5.8544062941974124e-06
8338,852.7883355829999,5.0881,5.842300761851671e-06
8339,852.8874946650012,4.1534,5.830149765061599e-06
8340,852.983802488001,3.2682,5.817934249012236e-06
8341,853.0794417830002,5.1138,5.806022252592447e-06
8342,853.1782251800014,5.481,5.794219417036883e-06
8343,853.278350464001,5.1963,5.782030944197392e-06
8344,853.3754921500004,4.0222,5.769657444691323e-06
8345,853.4731646920009,2.6611,5.757667367036868e-06
8346,853.5718808860001,4.149,5.745619151728332e-06
8347,853.6699904630004,4.5333,5.7334177543208026e-06
8348,853.7684034540016,5.2785,5.7213315411109636e-06
8349,853.8683349770017,4.9227,5.709158229135625e-06
8350,853.9678741940006,5.1115,5.696849667654103e-06
8351,854.0661953110011,5.1908,5.684521068888893e-06
8352,854.1620689270003,4.8371,5.672388757777724e-06
8353,854.2605304140016,4.1869,5.660563826049281e-06
8354,854.3587671650002,3.746,5.6484127465430195e-06
8355,854.456734966001,4.1068,5.636300148641937e-06
8356,854.5559170020006,3.9743,5.624200735925833e-06
8357,854.654561495001,5.0176,5.611926736543005e-06
8358,854.7527832990017,4.9058,5.599766423826991e-06
8359,854.8555257610005,4.1694,5.587513809753065e-06
8360,854.9529175150001,4.8447,5.574940681481278e-06
8361,855.0512074470007,5.1525,5.5629353590122665e-06
8362,855.1466782310017,5.0011,5.550829163086391e-06
8363,855.2436680390001,5.2344,5.539021224691321e-06
8364,855.3423581240004,4.9992,5.527027515185135e-06
8365,855.4392308330007,4.7877,5.514864259259167e-06
8366,855.5363144900002,3.9034,5.502880171234548e-06
8367,855.6393503800009,4.7209,5.490885954197533e-06
8368,855.7384655820006,4.3875,5.4781928662961054e-06
8369,855.837852738001,4.6917,5.465962007407299e-06
8370,855.9352347120002,5.1058,5.453688746049323e-06
8371,856.0339183940014,5.2529,5.441628249999786e-06
8372,856.1307621720007,5.2976,5.4294708671603354e-06
8373,856.2293279980004,3.6918,5.4175159987652875e-06
8374,856.3283647090011,5.2633,5.405345896049341e-06
8375,856.4278332530012,4.641,5.393138118641805e-06
8376,856.5262688390012,5.169,5.380853823086385e-06
8377,856.6250924180003,4.139,5.368711145431993e-06
8378,856.7241179010016,5.4946,5.356487111357977e-06
8379,856.8219501550011,5.6485,5.344268931110963e-06
8380,856.9191800540011,3.916,5.332181652468948e-06
8381,857.0164405830001,3.65,5.320189715308565e-06
8382,857.1138847680013,5.1208,5.308164893209822e-06
8383,857.2114197400006,4.0481,5.296142643456725e-06
8384,857.3033149320017,5.1956,5.284089334938114e-06
8385,857.4025970040002,4.5863,5.272781049135778e-06
8386,857.500349195001,5.1154,5.260503584691312e-06
8387,857.5982476820009,5.9703,5.248438479752904e-06
8388,857.6903474700011,4.7678,5.236337031357929e-06
8389,857.7882920750017,3.7026,5.225005536543182e-06
8390,857.8848764940012,4.4396,5.212902736789993e-06
8391,857.9855985010017,4.6575,5.20092251790113e-06
8392,858.0842864590013,3.7139,5.188518925308561e-06
8393,858.183413576,4.3439,5.176355082716056e-06
8394,858.282953807,5.2929,5.164111759876511e-06
8395,858.3804763040007,4.8025,5.151821863209872e-06
8396,858.4782357390013,3.8844,5.1397535141975095e-06
8397,858.576196815,5.2141,5.127691802715873e-06
8398,858.6735426170017,4.5053,5.1156225164195826e-06
8399,858.7698751030002,3.2134,5.103594679382506e-06
8400,858.8666779690011,4.4196,5.091694072345465e-06
8401,858.9630112530012,5.1869,5.079733472345572e-06
8402,859.0605046660003,5.0703,5.067859293703581e-06
8403,859.1601755980009,5.3058,5.055834501851708e-06
8404,859.2569916680004,3.5312,5.0435355724690495e-06
8405,859.3542110940016,4.5381,5.0315579650617285e-06
8406,859.4521720230005,5.1702,5.0195724213578324e-06
8407,859.5435255560005,5.3686,5.007491019012289e-06
8408,859.6412362390001,5.3637,4.99622620358019e-06
8409,859.7408358790017,5.0767,4.984100143580161e-06
8410,859.8414694170006,4.0936,4.971778240123293e-06
8411,859.9392600050014,5.6216,4.959418000246918e-06
8412,860.0391604200013,3.5618,4.947324295308476e-06
8413,860.1384078220017,4.9157,4.934997945925757e-06
8414,860.2380380390005,5.4425,4.922725950370177e-06
8415,860.3376657020017,5.2533,4.910434762839511e-06
8416,860.4351831070016,4.8751,4.898163129999844e-06
8417,860.5350330580004,4.2103,4.886121201728389e-06
8418,860.6311673240016,2.6748,4.873796415061705e-06
8419,860.7290268680008,4.7514,4.861887768765439e-06
8420,860.8273164820002,4.4039,4.849839432098646e-06
8421,860.9240308550015,5.3047,4.837711956913416e-06
8422,861.0192681750013,3.6134,4.8257522914813005e-06
8423,861.1159298380007,4.7105,4.813985749629568e-06
8424,861.2108333170017,4.1451,4.802056499012208e-06
8425,861.3078311620011,4.5975,4.7903290255554624e-06
8426,861.4056959720001,4.8037,4.778373853209761e-06
8427,861.5020056370013,4.4254,4.7663029044442865e-06
8428,861.5977173430001,4.4502,4.754398437530827e-06
8429,861.6932408790017,3.8503,4.742574195678806e-06
8430,861.7896309700009,5.2343,4.730788008765319e-06
8431,861.8900380310006,4.5069,4.718896053333244e-06
8432,861.9863565100004,4.8994,4.706526494320973e-06
8433,862.0845647000006,5.5517,4.6946270790121375e-06
8434,862.1776942780016,4.6985,4.682484708765389e-06
8435,862.276703177,4.7206,4.6710230699998804e-06
8436,862.3730265940012,4.2274,4.658779582839345e-06
8437,862.4706876690016,5.0365,4.646854796543198e-06
8438,862.5705265010001,4.9558,4.6348329148147795e-06
8439,862.6678825660001,5.1159,4.622455656419644e-06
8440,862.7652692610009,5.0464,4.610439278765422e-06
8441,862.8644835700015,4.8178,4.598368603703507e-06
8442,862.9647375530003,5.4889,4.586198925061591e-06
8443,863.0642429140007,4.4665,4.5738340849381116e-06
8444,863.1606812450009,4.9914,4.561508665679015e-06
8445,863.2576319220007,4.9047,4.549605763580156e-06
8446,863.3558945130007,4.7864,4.5376465046912844e-06
8447,863.4536003740013,4.2173,4.525539247530819e-06
8448,863.5526761450001,5.2366,4.5134603075308035e-06
8449,863.6499868590017,4.5806,4.501210859876371e-06
8450,863.7493345000003,4.2714,4.489204471481367e-06
8451,863.8470157870015,4.8523,4.47696952604918e-06
8452,863.9422434710013,4.3834,4.464889722592402e-06
8453,864.0379508260012,4.7832,4.453130906666636e-06
8454,864.1349287130015,4.6686,4.441321852839419e-06
8455,864.2307023150006,4.1871,4.4293552420986314e-06
8456,864.3270661930001,4.3141,4.417525286419588e-06
8457,864.4250372070001,4.7591,4.4056400480246955e-06
8458,864.5235545940013,4.8319,4.393541089012154e-06
8459,864.618441132001,3.2335,4.38137198333326e-06
8460,864.7183672640003,5.2092,4.3696384477776905e-06
8461,864.8164529280002,4.7468,4.357327732962824e-06
8462,864.9135214770013,4.2198,4.345217423456627e-06
8463,865.0091959440015,4.8314,4.3332322899999664e-06
8464,865.1067604610016,4.5584,4.321392217901088e-06
8465,865.2054528950011,4.9662,4.3093659887653125e-06
8466,865.3019184720015,3.634,4.297193174938186e-06
8467,865.399845119,3.8792,4.285273454938254e-06
8468,865.4991425010012,5.2421,4.273193663456721e-06
8469,865.599747952001,4.6706,4.2609192812345545e-06
8470,865.6978793140006,4.8586,4.248510232592473e-06
8471,865.7974022560011,4.7397,4.236383978765424e-06
8472,865.8961409430012,4.2652,4.224103229629417e-06
8473,865.9930583010009,5.361,4.211921210617109e-06
8474,866.0895481440002,4.7286,4.199942882222119e-06
8475,866.1901715950007,3.2092,4.18804360296291e-06
8476,866.2940960550004,4.9477,4.175640954691284e-06
8477,866.3942733310014,5.2773,4.162811220246821e-06
8478,866.4928999380008,5.5762,4.150411973827162e-06
8479,866.5939149320002,5.1805,4.1382331802468535e-06
8480,866.6902503260008,4.2725,4.125787342592602e-06
8481,866.7862311410008,4.3917,4.113739710123299e-06
8482,866.8836415590013,4.9354,4.10200872283939e-06
8483,866.9840953360017,5.0765,4.090011435925844e-06
8484,867.0826098460002,6.0545,4.077635815555381e-06
8485,867.1802180580016,5.3032,4.065441967283767e-06
8486,867.2796304860003,5.9237,4.053368619382658e-06
8487,867.379921623,4.1603,4.0411012502467376e-06
8488,867.4796489500004,5.1031,4.028711074320812e-06
8489,867.5760083460009,4.3326,4.016412830493699e-06
8490,867.6754615200007,4.2805,4.004486624691239e-06
8491,867.7744124700002,5.6705,3.992240448271422e-06
8492,867.8723906380001,4.4158,3.980043970123348e-06
8493,867.9702581560014,5.2725,3.9679360690123455e-06
8494,868.0676725170015,5.3204,3.955862215555462e-06
8495,868.16293855,4.9608,3.943834084691189e-06
8496,868.2618474830015,4.9344,3.932051122592384e-06
8497,868.3595548540015,3.1029,3.9198646225924175e-06
8498,868.4586371310015,4.9471,3.907779091728392e-06
8499,868.5563083280013,4.8257,3.895508954567817e-06
8500,868.656579509001,5.3954,3.883509113086203e-06
8501,868.7547107400005,2.8239,3.87097456641955e-06
8502,868.8514952580008,3.5956,3.858991694567882e-06
8503,868.9505327790012,4.2756,3.847033048395033e-06
8504,869.0504131960006,4.6602,3.834833870863985e-06
8505,869.1479559840009,4.3198,3.822511728641853e-06
8506,869.2492126450015,4.7685,3.810444620493747e-06
8507,869.3490961980006,4.9466,3.7979928207406144e-06
8508,869.4500490150003,4.5722,3.7856386180245008e-06
8509,869.5469992710005,4.1415,3.7731905386418578e-06
8510,869.6423704040008,5.2832,3.761189960493794e-06
8511,869.741840390001,5.1958,3.7494045588887915e-06
8512,869.8424466120014,4.6889,3.7371009265431577e-06
8513,869.9408126390008,4.5582,3.7247019327160015e-06
8514,870.0389269320003,3.8581,3.7125773340738744e-06
8515,870.1365059110012,3.4404,3.7004644722221647e-06
8516,870.2327634370013,4.1585,3.688430740370186e-06
8517,870.3313720370006,5.0624,3.6765118103701535e-06
8518,870.4290297300013,4.3948,3.6643560839505044e-06
8519,870.5277447220014,5.2922,3.6522981735800378e-06
8520,870.6273076920006,5.8166,3.640065442839302e-06
8521,870.7252246300013,4.3564,3.6278067134566163e-06
8522,870.8225749230005,5.0386,3.615738743580244e-06
8523,870.9195033310007,4.1492,3.603710625061518e-06
8524,871.0180092810006,4.5939,3.5917430064196013e-06
8525,871.1181166060014,4.1124,3.5795843925925386e-06
8526,871.2136576000012,4.5989,3.567254565061573e-06
8527,871.312081606,4.8995,3.5554287877777035e-06
8528,871.4107473780005,5.1998,3.5433038101233107e-06
8529,871.5082038480014,4.2114,3.531121282222205e-06
8530,871.6053649960013,5.057,3.5190694925925417e-06
8531,871.7044128920006,4.1897,3.5070503009875354e-06
8532,871.803632348001,5.5857,3.4947728775307387e-06
8533,871.9031128370007,4.5032,3.4826067454319713e-06
8534,872.0016157790014,5.0755,3.4703303439505676e-06
8535,872.0987641110005,4.5523,3.458171994938264e-06
8536,872.1989188310017,4.7438,3.44615918296296e-06
8537,872.2988133990002,5.6463,3.433817891728264e-06
8538,872.3951559220004,4.5024,3.4214714011110982e-06
8539,872.4930989520017,4.3615,3.4095548418518364e-06
8540,872.5891181380011,3.5001,3.397483836666471e-06
8541,872.6863235410001,4.5231,3.3856083444444242e-06
8542,872.7843308770007,3.9999,3.3736089561727914e-06
8543,872.8815506350002,5.6238,3.361407845802467e-06
8544,872.9795318280012,4.839,3.349521048888693e-06
8545,873.0781964980015,4.946,3.337447150123263e-06
8546,873.175032041001,5.0639,3.325273673333329e-06
8547,873.2697847340005,2.6929,3.3132941470370384e-06
8548,873.3683741500008,4.1278,3.3015755181481365e-06
8549,873.4669010220005,5.1409,3.2894134460492055e-06
8550,873.565502454001,5.0406,3.2772342159258175e-06
8551,873.664282830001,4.8564,3.2650887553085985e-06
8552,873.7598098070011,4.6171,3.2528796892591253e-06
8553,873.8576559790017,4.9937,3.241074487160389e-06
8554,873.9541719370009,5.1696,3.2290246513579926e-06
8555,874.0519020110005,4.4739,3.2170851051851467e-06
8556,874.1478738860005,4.8633,3.205028644320851e-06
8557,874.2468321770011,5.6868,3.1931909279010576e-06
8558,874.3460049940004,4.0154,3.1809665496295494e-06
8559,874.4384881490005,5.6385,3.1687429658023403e-06
8560,874.5384548900001,5.2089,3.157307763209738e-06
8561,874.6386346080017,4.4831,3.144806851111004e-06
8562,874.7377051160001,5.0338,3.1325914970370296e-06
8563,874.8349954540008,5.4942,3.1203749812344973e-06
8564,874.9324159710013,3.5905,3.108339810864158e-06
8565,875.0303653850006,2.5471,3.0963168059257255e-06
8566,875.1285212560015,3.5985,3.0842185095061316e-06
8567,875.2272446660008,4.9775,3.0721029180245665e-06
8568,875.3230061300001,5.3902,3.05993628728376e-06
8569,875.4186744540002,4.3405,3.0481133707406906e-06
8570,875.517832648,4.7286,3.0362773869134776e-06
8571,875.615805499001,5.4223,3.024078339505965e-06
8572,875.7141132980014,4.9511,3.01195530469125e-06
8573,875.8134938750009,4.7505,2.999810636419742e-06
8574,875.9134815490015,5.2436,2.9875478540740022e-06
8575,876.0130553210001,4.1506,2.975083178271576e-06
8576,876.108681527001,4.0977,2.9629112480246137e-06
8577,876.2046842060008,3.6697,2.9510943198764795e-06
8578,876.3029185860014,5.2585,2.9392584990122984e-06
8579,876.4004801700012,4.0456,2.927147142098774e-06
8580,876.4957747490007,3.3465,2.9150612054319127e-06
8581,876.5933258060013,3.8678,2.9032894681480628e-06
8582,876.6916195550002,5.0444,2.8912761576542325e-06
8583,876.7896251690017,4.8596,2.8791464769135857e-06
8584,876.8871647710002,3.7629,2.866908010493696e-06
8585,876.9828526970014,4.5694,2.854992225308517e-06
8586,877.0786120760004,4.1029,2.843166532839403e-06
8587,877.1749099260014,3.7109,2.8313564086417943e-06
8588,877.2718293780017,3.2358,2.8194534433332863e-06
8589,877.3685071950003,4.2692,2.807497827777783e-06
8590,877.466729224001,3.062,2.7955489891356543e-06
8591,877.5651812340002,5.0856,2.783426773333275e-06
8592,877.6647192750006,3.982,2.771273793086382e-06
8593,877.7617769700009,4.5846,2.759010942592544e-06
8594,877.86140333,4.5462,2.7470183955555562e-06
8595,877.9599875760014,4.475,2.7345890580246838e-06
8596,878.0589445040005,4.945,2.7225405096295565e-06
8597,878.1595319670014,5.0981,2.7103003503703206e-06
8598,878.2576975710017,4.7144,2.6979155930862756e-06
8599,878.3555556910014,5.2977,2.685788928394883e-06
8600,878.4542205070011,4.7556,2.6737009086417963e-06
8601,878.5544915190003,5.045,2.661529343703606e-06
8602,878.6526420540013,4.448,2.64915931999995e-06
8603,878.7516652230006,4.7929,2.6370345698764286e-06
8604,878.8520894000012,4.9397,2.6248125809876346e-06
8605,878.9512165020005,4.3909,2.6124219944443917e-06
8606,879.0499269210013,4.2846,2.6001605713580234e-06
8607,879.1462292610013,5.185,2.5879922143208226e-06
8608,879.2426146440012,4.76,2.5760898792591248e-06
8609,879.3405784880015,5.4923,2.5641968958022734e-06
8610,879.4398428000004,4.268,2.552105332962795e-06
8611,879.5389957740008,4.5534,2.539872286172651e-06
8612,879.6379950030005,5.1156,2.5275995285184428e-06
8613,879.7351611980012,4.54,2.5153950507406097e-06
8614,879.8355979850003,5.7721,2.5033999291356634e-06
8615,879.9347362640001,4.6526,2.490994840987515e-06
8616,880.0342845090017,4.9073,2.4787552593825035e-06
8617,880.1312857330013,5.1332,2.466483044320933e-06
8618,880.2289313480014,4.344,2.4544781738270018e-06
8619,880.3247035520017,5.5735,2.442453250864163e-06
8620,880.4225325770003,4.2238,2.4306008591356455e-06
8621,880.5198022510012,5.1857,2.418550492592553e-06
8622,880.6191529980006,3.4498,2.4065272445677466e-06
8623,880.7176979270007,5.2887,2.394255456296113e-06
8624,880.8175608410002,5.117,2.382101737901077e-06
8625,880.9158983900015,3.8298,2.3697505303701962e-06
8626,881.0135890750007,4.9768,2.357617419259184e-06
8627,881.110417240001,4.161,2.345541942222218e-06
8628,881.2075541140002,4.575,2.33360807641958e-06
8629,881.3050743550011,4.0018,2.321634351357915e-06
8630,881.40391972,4.3403,2.3095367529629265e-06
8631,881.5019310750013,4.5641,2.297376609999957e-06
8632,881.5996808780001,5.4286,2.2852837387654315e-06
8633,881.6962517870015,4.3447,2.27319733839505e-06
8634,881.7870483270017,5.6165,2.261285833703575e-06
8635,881.8817321920014,2.3819,2.2501080414813135e-06
8636,881.978453406,5.2174,2.238374712345559e-06
8637,882.073259230001,4.9539,2.226471165308519e-06
8638,882.1705955790003,4.1919,2.214734633456783e-06
8639,882.2674601540002,5.3462,2.2027209738270216e-06
8640,882.3633107020014,4.2419,2.190764756913399e-06
8641,882.4604346820015,3.9028,2.1789211386419093e-06
8642,882.5587678090014,5.3437,2.1669678107406834e-06
8643,882.6574318570001,5.3846,2.154831673827029e-06
8644,882.7561990810009,4.4112,2.142638867654223e-06
8645,882.8513762070015,3.9788,2.130439116049221e-06
8646,882.9417279080008,5.2315,2.118688542839353e-06
8647,883.0396515740013,4.0206,2.107565912098641e-06
8648,883.136070464001,4.2917,2.0954485613579046e-06
8649,883.2347699500006,4.5953,2.0835272701234644e-06
8650,883.3289887230003,3.907,2.0713602876541117e-06
8651,883.4243204450013,4.4476,2.0597106702467618e-06
8652,883.521068643,3.74,2.047941421234423e-06
8653,883.6182357570015,4.1985,2.0359924222221106e-06
8654,883.7137946910007,3.4836,2.024000056913389e-06
8655,883.8103568140014,4.9031,2.012198969382606e-06
8656,883.9064919820012,4.9533,2.000282241604756e-06
8657,884.0018239860001,4.829,1.9884173996294497e-06
8658,884.0977911560003,3.6419,1.9766503174073912e-06
8659,884.1961444370008,5.3397,1.96480361024689e-06
8660,884.2933900350017,4.1392,1.952661839382519e-06
8661,884.3900353770005,4.5639,1.9406435090121857e-06
8662,884.487291667001,5.0239,1.9287242076542424e-06
8663,884.5850342980011,4.0103,1.916707375555382e-06
8664,884.6815908930002,5.1732,1.9046223554319176e-06
8665,884.7776804940004,4.4703,1.8927270708640975e-06
8666,884.8721899050015,5.4454,1.880853232839319e-06
8667,884.9676277610015,3.5985,1.8691810734566828e-06
8668,885.0650035460003,4.9883,1.8574169188888545e-06
8669,885.1610608480005,3.2632,1.8454187251850663e-06
8670,885.2564993830001,3.8072,1.8335246704936915e-06
8671,885.3544102590004,4.7597,1.821706011851798e-06
8672,885.4526733260009,3.8651,1.8096837495061304e-06
8673,885.551720929001,4.6122,1.7975162939504187e-06
8674,885.6502060910007,5.0382,1.7852930132097324e-06
8675,885.7478401940007,3.5418,1.7731430709875263e-06
8676,885.8429295270016,3.5527,1.7610830092592235e-06
8677,885.9408646970005,4.7851,1.7493299592592606e-06
8678,886.0361620800013,4.4239,1.7372633977776554e-06
8679,886.1327346990001,4.5258,1.7254781062962854e-06
8680,886.2316734210017,4.1622,1.713560052222074e-06
8681,886.3292483700006,4.851,1.7013566640739164e-06
8682,886.4271244660013,4.4711,1.6893030682715306e-06
8683,886.523410672,1.3701,1.6772224037035933e-06
8684,886.623195704,4.1932,1.6653044814814112e-06
8685,886.722092512,5.0181,1.6530319456790179e-06
8686,886.8206300400016,4.4562,1.640809086172712e-06
8687,886.9112379050002,3.5885,1.6286555724690068e-06
8688,887.0103517150001,5.268,1.6175122979012359e-06
8689,887.1092579870001,4.299,1.605246597530674e-06
8690,887.2074140390014,3.9434,1.5930132702467571e-06
8691,887.3048936740015,4.3417,1.5808757514814366e-06
8692,887.4019585400001,5.0085,1.5688492890122086e-06
8693,887.4997270270014,2.8086,1.5568781779011999e-06
8694,887.5983108100008,4.166,1.544768552469089e-06
8695,887.6961675290004,3.9483,1.5326323420985944e-06
8696,887.7949967470013,4.8045,1.520545485678826e-06
8697,887.8941524310012,3.7082,1.5083626102467718e-06
8698,887.9927166100006,4.704,1.4960685351851911e-06
8699,888.0919335140006,5.132,1.4839450388888232e-06
8700,888.1888364530005,5.2579,1.4716051693825284e-06
8701,888.289693820001,5.026,1.4597204725924073e-06
8702,888.3872590220017,5.3724,1.4471714216049425e-06
8703,888.4859300930002,4.9981,1.435199480370275e-06
8704,888.5851575410015,4.8753,1.4229508097530874e-06
8705,888.6841041500011,5.0499,1.4107979280246874e-06
8706,888.7813089690007,3.9138,1.3985909491357586e-06
8707,888.8783890330014,4.246,1.386578941851724e-06
8708,888.9775513350014,4.9699,1.3745788104937208e-06
8709,889.0778796650011,5.6716,1.3623607423456364e-06
8710,889.177263611,3.9856,1.349939439382586e-06
8711,889.2750689230015,4.4467,1.3376779228394642e-06
8712,889.3749679590001,4.6492,1.3256264427159991e-06
8713,889.4709511480014,4.9372,1.3132856975306974e-06
8714,889.5694803190017,4.4183,1.3014228117282478e-06
8715,889.6666739240009,3.7719,1.289280651234559e-06
8716,889.7649151530004,5.3806,1.2772582125924359e-06
8717,889.8602005300017,4.9755,1.265162568641831e-06
8718,889.9591085700013,4.7833,1.2533678846912256e-06
8719,890.05709174,5.14,1.241176420617085e-06
8720,890.1578273890009,6.0548,1.2290772458023348e-06
8721,890.2571372230013,3.9266,1.216519616666545e-06
8722,890.3534929710004,3.5701,1.2043853664197136e-06
8723,890.4514131510005,5.1132,1.1924817595060256e-06
8724,890.5503990790003,4.9249,1.1803858965430238e-06
8725,890.6509171460002,5.2113,1.1681623372838513e-06
8726,890.749042202,5.0377,1.1557567160491945e-06
8727,890.8479128040017,5.1667,1.1436355876541682e-06
8728,890.9469119510013,5.2082,1.13142717185164e-06
8729,891.0471755660001,5.3694,1.119215564567755e-06
8730,891.145153472,5.1841,1.1068621649381495e-06
8731,891.2430115920015,4.6401,1.0947480625924766e-06
8732,891.3363037280014,4.974,1.0826809527158866e-06
8733,891.4358005820013,4.1953,1.0711723392591077e-06
8734,891.5339906880017,4.8082,1.0588516940740146e-06
8735,891.6308107250006,4.6455,1.0467414585184965e-06
8736,891.7301790410002,5.4145,1.034787826790118e-06
8737,891.8297059350007,4.6091,1.0225382908641724e-06
8738,891.9269821820017,4.1874,1.0102554990122804e-06
8739,892.0241284110016,4.7596,9.982381177775836e-07
8740,892.1223922100016,4.1445,9.86226273086266e-07
8741,892.2189303660016,4.716,9.740972504937106e-07
8742,892.3169091940017,4.0575,9.62186279012256e-07
8743,892.417337926001,4.4709,9.501212340739863e-07
8744,892.5163170620017,4.5132,9.377218754318962e-07
8745,892.6135525400005,3.8586,9.25395711851762e-07
8746,892.7134965160003,5.5205,9.134640392592153e-07
8747,892.810793994,5.1256,9.011287746912289e-07
8748,892.9095617170005,5.0555,8.891033446911668e-07
8749,893.0058835290001,5.0876,8.76939699506174e-07
8750,893.0977549730014,5.209,8.650280804936795e-07
8751,893.1958505260009,3.8033,8.537094139505764e-07
8752,893.2922489390003,5.527,8.41564716296106e-07
8753,893.3906299180017,5.3258,8.29663424320859e-07
8754,893.4887873780008,5.0499,8.175411175308178e-07
8755,893.5863326050003,3.0814,8.054012129628308e-07
8756,893.6859918600003,4.3953,7.933713897530393e-07
8757,893.7842538200002,4.0899,7.809504553084823e-07
8758,893.8837986990002,4.8627,7.689253954318965e-07
8759,893.9806846340016,3.1781,7.566273138269741e-07
8760,894.0766132580011,3.896,7.446908014814402e-07
8761,894.1728743250005,4.0804,7.326990381479437e-07
8762,894.2700654700002,4.9949,7.209521535802233e-07
8763,894.3685528360002,4.8681,7.089454874073531e-07
8764,894.4674940190016,5.6013,6.968026212344713e-07
8765,894.5668185780014,5.6209,6.845932064196037e-07
8766,894.6621492820013,5.3119,6.723279875308297e-07
8767,894.7586135460006,4.637,6.605489658023212e-07
8768,894.8592416970005,4.9654,6.486542361726855e-07
8769,894.959685365,5.1931,6.362332870369803e-07
8770,895.0587481250004,4.3204,6.238312025925508e-07
8771,895.1563684340017,3.7939,6.115842755555323e-07
8772,895.2558109390011,3.7124,5.995368286418002e-07
8773,895.354343731,5.6039,5.872706758023428e-07
8774,895.4521406090007,4.1351,5.751043053086158e-07
8775,895.549740497001,5.5485,5.629999641974749e-07
8776,895.6455605760002,3.4507,5.509663627160544e-07
8777,895.7415677160006,5.5053,5.391212672839152e-07
8778,895.8392715620012,5.4587,5.27273717777721e-07
8779,895.9361424440012,4.2205,5.152395538270516e-07
8780,896.034348657,3.9965,5.032714528394488e-07
8781,896.1320245880015,5.1846,4.911409801233835e-07
8782,896.2285306070007,2.5055,4.790749197529309e-07
8783,896.3264160770013,5.3203,4.6712813296296844e-07
8784,896.4260224910013,5.435,4.550624297528727e-07
8785,896.5247130330008,3.1605,4.428086686419697e-07
8786,896.6239966020003,4.3474,4.305908224689792e-07
8787,896.7224552300013,5.1932,4.183640014813195e-07
8788,896.8207663230005,3.9123,4.06213350246909e-07
8789,896.9179702260008,3.7126,3.940626050616958e-07
8790,897.0156498020006,4.5117,3.8205679975295004e-07
8791,897.1138321100007,5.1228,3.699926075306448e-07
8792,897.2125387190008,4.6652,3.578908356789312e-07
8793,897.3112168380012,4.1183,3.4556313654320326e-07
8794,897.4078301090012,4.4934,3.3353303888877807e-07
8795,897.5043624360005,5.0328,3.215600507405991e-07
8796,897.6035592890003,5.2723,3.096319732097119e-07
8797,897.7014631950005,5.0746,2.974263818517398e-07
8798,897.7997068910008,5.3366,2.8533738432088284e-07
8799,897.8962043650008,4.6153,2.7320165629628467e-07
8800,897.9940919830005,5.3852,2.612883104938013e-07
8801,898.0914582770001,4.7786,2.4917136444428945e-07
8802,898.1895754360012,4.4726,2.3719146234568723e-07
8803,898.2865762240017,3.6882,2.2508763049363668e-07
8804,898.3832279520011,5.0979,2.1309569395057128e-07
8805,898.4814431860013,4.7428,2.011508146912311e-07
8806,898.5781976310009,3.6216,1.8904178259258055e-07
8807,898.6765165260003,4.1082,1.7707789716030487e-07
8808,898.7751075190008,5.0061,1.6496077308629787e-07
8809,898.8731355490017,4.3542,1.527789275307945e-07
8810,898.971252243,3.9309,1.4068465938270603e-07
8811,899.0697178950013,4.7714,1.285622146912635e-07
8812,899.1692958410003,5.2027,1.1641535827139338e-07
8813,899.2652844370004,5.0818,1.0412850481468228e-07
8814,899.362710636,3.3973,9.224809802460544e-08
8815,899.4600645440005,4.477,8.022768864189844e-08
8816,899.5582584130007,4.9327,6.822691172837515e-08
8817,899.6565855970002,5.3155,5.612644777764908e-08
8818,899.7553246120005,4.731,4.394799185185594e-08
8819,899.8535250820005,4.6933,3.1770594691304944e-08
8820,899.9483002380002,4.726,1.9647787160437248e-08
8821,900.043595399,4.0628,7.915106789935235e-09
