step,elapsed_seconds,loss,learning_rate
1,29.49830787099927,11.2064,0.0
2,32.20902555199973,11.1919,1.6376644822777155e-05
3,32.32677673499893,11.1978,1.78784279733332e-05
4,32.44304958599969,11.1858,1.79435933544442e-05
5,32.55752414899871,11.1045,1.8008174001110498e-05
6,33.73213902199859,11.1527,1.8072077058333082e-05
7,33.84739977800018,11.1194,1.872437278388841e-05
8,33.96563086099923,11.1708,1.878958424500019e-05
9,34.084007976000066,11.143,1.8853965818888255e-05
10,34.20027608700002,11.1386,1.8919882552222085e-05
11,34.31353474199932,11.1713,1.898436857555478e-05
12,34.426320374999705,11.0915,1.9047280509444644e-05
13,34.54160744799992,11.0198,1.911006710111097e-05
14,34.654011313999945,11.1687,1.917394305444456e-05
15,34.7689857309997,11.1282,1.9236502893888127e-05
16,34.8842324799989,10.9321,1.930036175833266e-05
17,34.99918139699912,11.0727,1.9364421488888994e-05
18,35.11476537899944,10.9394,1.9428494573888507e-05
19,35.22800558699964,11.0144,1.949236552222222e-05
20,35.340860021999106,11.0658,1.9555446280554763e-05
21,35.457488934998764,10.9066,1.961816881111089e-05
22,35.57344307099993,10.9625,1.9682916825554965e-05
23,35.68700506599998,10.9951,1.974724046388878e-05
24,35.8028416090001,10.9806,1.981027408888824e-05
25,35.91771722199883,11.0171,1.9874715489999696e-05
26,36.0323706349991,10.9436,1.9938697525555353e-05
27,36.14929221099919,10.9158,2.000258190388902e-05
28,36.26263125999867,10.8952,2.0067209143333256e-05
29,36.377059054999336,10.926,2.0130207668888842e-05
30,36.49088507399938,11.0551,2.0193718621110546e-05
31,36.60673285499979,10.6318,2.0257014883888284e-05
32,36.71972638300031,10.8273,2.0321313853888165e-05
33,36.834744443998716,10.748,2.0384164116110496e-05
34,36.94923837100032,10.7056,2.0447919729999235e-05
35,37.06225991899919,10.9658,2.051156531499954e-05
36,37.17689569599861,10.7057,2.057440569111047e-05
37,37.29102870099996,10.6526,2.0638071460554987e-05
38,37.404033654998784,10.749,2.0701562313888646e-05
39,37.51886946899867,10.7584,2.0764284154444494e-05
40,37.634981702000005,10.5695,2.0827980524444586e-05
41,37.748199573999955,10.417,2.0892592049444327e-05
42,37.86337917699893,10.5217,2.0955518168332977e-05
43,37.97723832599877,10.7582,2.101965069888845e-05
44,38.09388509599921,10.3414,2.1082770660555576e-05
45,38.207712404999256,10.5541,2.1147605013888502e-05
46,38.32254751399887,10.5866,2.1210860234444528e-05
47,38.437589544999355,10.4076,2.1274646193332957e-05
48,38.550539480000225,10.6544,2.133845638833312e-05
49,38.665333865999855,10.3557,2.1401183396110355e-05
50,38.7806351170002,10.4683,2.1465043119444293e-05
51,38.89356591199976,10.4011,2.152912841388873e-05
52,39.00867441199989,10.4299,2.1591867392777813e-05
53,39.12556108699937,10.2962,2.165591580777699e-05
54,39.23901776499952,10.191,2.1720611509444e-05
55,39.35393622999982,10.2784,2.1783676589999838e-05
56,39.46943528999873,10.2573,2.1847708603333257e-05
57,39.58449163200021,10.3557,2.1911652220555376e-05
58,39.69784008299939,10.3509,2.197577713055479e-05
59,39.81207891200029,10.3209,2.2038649753888725e-05
60,39.92613566,10.1957,2.210209351666587e-05
61,40.040709720999075,10.0471,2.2165427871666705e-05
62,40.15556682699935,10.167,2.2229135033332772e-05
63,40.79058622299999,9.9869,2.229305725333284e-05
64,40.90606945400032,10.2199,2.2645739758889048e-05
65,41.020036083999,10.1701,2.2709866386666262e-05
66,41.13580366699898,9.7647,2.2773109289999207e-05
67,41.25263903999985,9.7923,2.2837495861110963e-05
68,41.36899257499863,10.051,2.2902444811110805e-05
69,41.48504248399877,9.9789,2.296699655555535e-05
70,41.60183783199864,9.9068,2.303172116944451e-05
71,41.719426632998875,9.6373,2.3096442844444028e-05
72,41.835980990999815,9.776,2.316183069944398e-05
73,41.95081939999909,9.9457,2.3226490464443894e-05
74,42.066676869999355,9.5835,2.3290240247221543e-05
75,42.18051434699919,9.394,2.3354605809444266e-05
76,42.29656085699935,9.8178,2.3418097634443663e-05
77,42.41193841099994,9.7173,2.3482464333888454e-05
78,42.52918008799861,9.7695,2.354657753833332e-05
79,42.64707043599992,9.2957,2.361157568722168e-05
80,42.76175575399975,9.5788,2.3677192342222245e-05
81,42.87613996499931,9.5024,2.3741460209999383e-05
82,42.99158614899898,9.2598,2.380433766277747e-05
83,43.10637273300017,9.669,2.3868427930555197e-05
84,43.223577410999496,9.3263,2.393247457388902e-05
85,43.338303346999965,9.4168,2.3997308978888316e-05
86,43.455582264999975,9.2873,2.4061133512777818e-05
87,43.57132508699942,9.4687,2.4126215672222315e-05
88,43.684529371999815,9.0064,2.4190524144999776e-05
89,43.79998485499891,9.0216,2.4253508234999875e-05
90,43.91301980699973,8.9532,2.4317612222222226e-05
91,44.026837916999284,9.1909,2.438040701222235e-05
92,44.14320503699855,9.1977,2.444374773388821e-05
93,44.25570867999886,9.1836,2.450829333611081e-05
94,44.36926284800029,9.1119,2.4570911684443976e-05
95,44.4836302650001,9.2236,2.463405577833328e-05
96,44.59097004999967,9.2332,2.469742066388891e-05
97,44.70498058599878,9.0628,2.4757019726111038e-05
98,44.82078347700008,9.0152,2.4820349730555083e-05
99,44.93582941999921,8.9363,2.488471080777749e-05
100,45.04977858999882,9.318,2.4948530313888315e-05
101,45.16451618300016,8.8833,2.501192345944421e-05
102,45.279265375998875,8.9285,2.5075560752777365e-05
103,45.39237758499985,9.0075,2.5139455857221645e-05
104,45.50656035499924,8.9975,2.520230521777699e-05
105,45.62452743299946,8.5613,2.5265537687777802e-05
106,45.73747507199914,9.1535,2.5331247206666174e-05
107,45.85104577099992,9.0929,2.539399264111125e-05
108,45.96734919699884,8.6137,2.5457058688888436e-05
109,46.08398965499873,9.007,2.5521688297221775e-05
110,46.200553796999884,8.7547,2.558635928999946e-05
111,46.31565721900006,8.9699,2.565119222388906e-05
112,46.431858672998715,8.6122,2.5715191650000032e-05
113,46.54954442300004,8.9085,2.577977098166634e-05
114,46.66276769399883,8.7555,2.5845035656110565e-05
115,46.77832246700018,8.5673,2.590837403944433e-05
116,46.89470793599867,8.864,2.5972272793888906e-05
117,47.00949439099895,8.3089,2.6036950254444186e-05
118,47.12381369600007,8.5614,2.610062480166663e-05
119,47.241210849999334,8.7806,2.6164244518332552e-05
120,47.357606734,8.5666,2.622947899111043e-05
121,47.473153122999065,8.6527,2.629406567055513e-05
122,47.59032274799938,8.6155,2.635824862499956e-05
123,47.705552699999316,8.4267,2.6423497103332924e-05
124,47.82031841999924,8.5587,2.6487222779999986e-05
125,47.933040624999194,8.3543,2.6551178601666836e-05
126,48.04917705200023,8.633,2.661389670833261e-05
127,48.16418938300012,8.5724,2.6678311382222294e-05
128,48.27856689299915,8.4038,2.6743246464443978e-05
129,48.39404454099895,8.6042,2.6805785594999384e-05
130,48.509435725,8.6965,2.6869837956111142e-05
131,48.62389609999991,8.6308,2.693385749111056e-05
132,48.73708398499912,8.0391,2.6997507347777074e-05
133,48.85188613500031,8.4693,2.70605404077772e-05
134,48.967685022000296,8.2331,2.7124258825554837e-05
135,49.084673110999574,8.7761,2.718859275888867e-05
136,49.19795113699911,8.7148,2.725353599888877e-05
137,49.31253540999933,8.6351,2.7316519793888196e-05
138,49.428538889000265,8.397,2.7380073458332643e-05
139,49.543282507000185,8.64,2.7444525617777096e-05
140,49.65661246899981,8.5886,2.750828522499938e-05
141,49.77254894999896,8.4562,2.7571237817222333e-05
142,49.88615228799972,8.5436,2.763557255444438e-05
143,50.00289865299965,8.6622,2.7698861330000004e-05
144,50.1161886230002,7.8453,2.7763589049443705e-05
145,50.23320598600003,8.4113,2.7826660607221738e-05
146,50.34661824899922,8.4966,2.789160289888868e-05
147,50.462034115998904,8.2845,2.7954489048332914e-05
148,50.57887426599882,8.2109,2.8018732205555354e-05
149,50.69066337899858,8.0656,2.8083579137222237e-05
150,50.80476892899969,8.3994,2.81456966116659e-05
151,50.9220376939993,8.2974,2.8209050049444058e-05
152,51.03490004699961,8.5734,2.8274188932221783e-05
153,51.15223077599876,8.2359,2.8337048967777163e-05
154,51.26839704399936,8.0478,2.8402112131665898e-05
155,51.37758252200001,8.5497,2.8466794795555567e-05
156,51.49285456799953,8.5736,2.852736411388833e-05
157,51.606827484998576,8.1443,2.859138428333305e-05
158,51.721417983999345,8.2106,2.86553489144444e-05
159,51.83910278099938,8.6547,2.871837707277741e-05
160,51.954700903999765,7.9543,2.8783706821110778e-05
161,52.06932648899965,8.0585,2.8848152438888266e-05
162,52.18514429999959,8.3438,2.8911962171666046e-05
163,52.29834122399916,7.9333,2.8976050558332845e-05
164,52.41442593099964,8.4503,2.9038975437777282e-05
165,52.52827887300009,8.5915,2.9103424151666737e-05
166,52.643074841998896,7.9815,2.916653495555491e-05
167,52.757583290000184,8.388,2.9230401885555087e-05
168,52.87410147799892,8.3752,2.929428804833353e-05
169,52.987483981998594,8.5345,2.9358925829999663e-05
170,53.103024359999836,8.1764,2.9421792796666625e-05
171,53.21676023799955,8.2788,2.9485938377777832e-05
172,53.33117971599859,8.1151,2.954915387611032e-05
173,53.44589966499916,8.2876,2.9612870062777197e-05
174,53.56106642699888,8.3398,2.9677557499444447e-05
175,53.67413866499919,8.3585,2.9740385959443706e-05
176,53.78791388299942,8.3858,2.9803203147777015e-05
177,53.90104227699885,8.0132,2.9866771928888437e-05
178,54.01462388499931,8.3218,2.9929580631666493e-05
179,54.12962042599975,8.3269,2.9992428907777747e-05
180,54.24653416599904,8.506,3.005621922111055e-05
181,54.36044966400004,7.8754,3.012246939055533e-05
182,54.471925666999596,7.7057,3.018442608277736e-05
183,54.58521358100006,8.0168,3.024650020777699e-05
184,54.700757020998935,8.2108,3.0309370501666613e-05
185,54.814726344999144,7.7426,3.037345199666662e-05
186,54.93176883100023,8.5244,3.0437019149999796e-05
187,55.046541570000045,7.7824,3.0502036893888847e-05
188,55.16123184599928,8.4789,3.0565527576111185e-05
189,55.27758338899912,8.0924,3.0629334898332876e-05
190,55.39299142799973,8.0391,3.0694220154999944e-05
191,55.50669064799877,7.6556,3.0758163539999765e-05
192,55.62269910299983,8.4634,3.082161345555505e-05
193,55.73891641099908,7.7465,3.088696359055575e-05
194,55.85523663499953,8.2492,3.0950328843333e-05
195,55.97004728899992,7.8746,3.10149398244438e-05
196,56.086909394998656,7.7377,3.107903609611034e-05
197,56.19919163799932,7.7568,3.114382695777749e-05
198,56.31380844999876,7.8581,3.120598179111059e-05
199,56.42989854299958,8.0753,3.126972288555509e-05
200,56.54506010499972,7.9091,3.1334254218888116e-05
201,56.658586788998946,7.809,3.1398202839443714e-05
202,56.773954569000125,8.1502,3.14613770683334e-05
203,56.890761578999445,8.3268,3.152545393388815e-05
204,57.00638379500015,8.2727,3.159019896944402e-05
205,57.119215337999776,7.9597,3.1654375768888105e-05
206,57.23476517000017,7.8281,3.1717220092222206e-05
207,57.34916026599967,8.14,3.178130311388891e-05
208,57.46460728999955,8.1158,3.184493478944407e-05
209,57.580021415999,8.6842,3.190906652611071e-05
210,57.69536113899994,8.1992,3.197318129722185e-05
211,57.8041934619996,8.6576,3.203725125944402e-05
212,57.919346888998916,7.9304,3.209774747388817e-05
213,58.03461984599926,7.9546,3.216175719833296e-05
214,58.151950125999065,7.7699,3.222570857888867e-05
215,58.26614629799951,7.7098,3.2290935469443666e-05
216,58.37946970200028,8.0286,3.235429380166655e-05
217,58.4944976329989,8.2728,3.241731736944429e-05
218,58.6094336419992,8.2257,3.2481263750555124e-05
219,58.726554570999724,8.1183,3.2544902255555525e-05
220,58.84210062099919,8.0305,3.2610074135554894e-05
221,58.956359067999074,7.8807,3.267444723666611e-05
222,59.07124808699882,7.9844,3.27377513522222e-05
223,59.18651279199912,8.0085,3.280177170277764e-05
224,59.30255109999962,8.2539,3.2865707674443715e-05
225,59.41726086199924,8.8128,3.293024107611119e-05
226,59.53290772099899,8.3134,3.2993859823888365e-05
227,59.64728491200003,8.113,3.3058047318333294e-05
228,59.76059894900027,8.2832,3.3121683334443836e-05
229,59.87519253299979,8.4109,3.3184517421666696e-05
230,59.990884851999,8.167,3.324825288055561e-05
231,60.10705532499924,8.2246,3.331246456611048e-05
232,60.2211698029987,7.9036,3.337707588611112e-05
233,60.333003075000306,7.7607,3.3440397292777356e-05
234,60.447621950999746,7.6692,3.350270840277719e-05
235,60.560835121999844,8.0589,3.356636824499927e-05
236,60.67465008599902,7.809,3.362924978555485e-05
237,60.78852361200006,8.0463,3.369228869499946e-05
238,60.903833723999924,8.381,3.375572773833281e-05
239,61.018498687999454,7.6919,3.381971991277775e-05
240,61.133791502999884,8.2689,3.388337437111053e-05
241,61.24813230899963,7.7528,3.394789686777787e-05
242,61.363964012,8.062,3.401098483055547e-05
243,61.48203062799985,8.1372,3.407534833111034e-05
244,61.5963244809991,8.0911,3.4141599415555295e-05
245,61.71042064199901,7.8105,3.420444742499967e-05
246,61.825526777998675,7.7279,3.4267743197222245e-05
247,61.93793443999857,7.5992,3.43317978938881e-05
248,62.051402298999164,8.4972,3.4394290616111094e-05
249,62.16673773799994,8.3755,3.445755825999995e-05
250,62.27525526199861,7.9315,3.4521259393333016e-05
251,62.390456002000064,8.1999,3.458159070777786e-05
252,62.50672453399966,8.0109,3.464567483888863e-05
253,62.62300407099974,8.3194,3.4710112507221616e-05
254,62.73764134799967,8.2906,3.477485584944387e-05
255,62.85055648100024,7.8479,3.483886131555563e-05
256,62.9641169839997,7.8435,3.490130077666638e-05
257,63.078976816999784,8.4239,3.4964652425555366e-05
258,63.19218478199946,7.6648,3.50280983566659e-05
259,63.30513827499999,8.1396,3.509119961444413e-05
260,63.419944289998966,7.8393,3.515370415222202e-05
261,63.53536052900017,8.3342,3.521748245111061e-05
262,63.64975565599889,8.4889,3.5281611739443786e-05
263,63.76349153099909,7.9416,3.534526218777703e-05
264,63.87738310500026,7.3627,3.54084856972218e-05
265,63.993418473999554,8.2783,3.547190295611067e-05
266,64.10797815299884,7.4382,3.5536200186666573e-05
267,64.22208649200002,8.0558,3.5599900327221504e-05
268,64.3372745329998,8.2241,3.566313633722226e-05
269,64.45319436699901,8.3838,3.572846291055511e-05
270,64.56565704799868,7.7791,3.57914508938888e-05
271,64.68055655100034,8.0486,3.585408348388834e-05
272,64.79504266499862,7.6205,3.591783782722208e-05
273,64.90818400199896,8.1709,3.598160556111099e-05
274,65.02103511199857,8.0652,3.604434409555527e-05
275,65.13677287300015,7.8727,3.61071347794445e-05
276,65.2520447730003,8.1246,3.6171245562222286e-05
277,65.36708784999973,8.0372,3.623546951888885e-05
278,65.48501975099862,8.2522,3.629937306722241e-05
279,65.60104972499903,7.8198,3.636479440611058e-05
280,65.71751620099894,7.7442,3.642917137999979e-05
281,65.83289910500025,8.0766,3.6493943237777175e-05
282,65.94759521599917,7.887,3.6558092713332574e-05
283,66.0630084530003,7.8527,3.6621865109443914e-05
284,66.17762555300033,7.4136,3.668605320888875e-05
285,66.29419272999985,7.761,3.674969242499982e-05
286,66.41124040899922,8.0172,3.681440592611075e-05
287,66.52015739499984,7.977,3.6879405410555696e-05
288,66.63619559799918,8.0676,3.6939857676110885e-05
289,66.75423216200033,8.1115,3.700438809388895e-05
290,66.87299762099974,7.6865,3.706993198944373e-05
291,66.98669760099983,7.9655,3.713597479444414e-05
292,67.1010500479988,7.7376,3.719911731166677e-05
293,67.20884337299867,8.2498,3.726271746888819e-05
294,67.32507578299919,7.8493,3.732252297944392e-05
295,67.44122019600036,8.1573,3.73869774649999e-05
296,67.5555427319996,7.9141,3.745159106888827e-05
297,67.67147141699934,7.8364,3.7515139607777306e-05
298,67.78821850500026,7.8231,3.7579484785554894e-05
299,67.90485903999979,8.0742,3.764518403222206e-05
300,68.01940737499899,8.2255,3.770919044333318e-05
301,68.13763668399952,8.169,3.777275884444458e-05
302,68.2508071029988,8.1211,3.783853187888882e-05
303,68.36506234199987,8.4774,3.7901512428333166e-05
304,68.47813309499907,7.7684,3.796483914611094e-05
305,68.59434532999876,7.5622,3.8027770615000116e-05
306,68.71038021899949,7.6911,3.809219255111101e-05
307,68.82486897699891,8.2707,3.815675519833349e-05
308,68.93999023499964,7.9946,3.82202573116663e-05
309,69.0561925589991,7.9414,3.828428758888852e-05
310,69.17357498799902,7.8944,3.83489291583333e-05
311,69.28840534699884,7.7702,3.841402493888887e-05
312,69.40268650299913,8.1666,3.847809570722146e-05
313,69.51138085799903,7.7141,3.854240835722218e-05
314,69.62424244700014,7.7089,3.860156447666669e-05
315,69.74212453499968,7.9181,3.8664512518332944e-05
316,69.8565475989999,8.1985,3.873120117611103e-05
317,69.97337359499943,7.9257,3.879353913444397e-05
318,70.08656782599974,7.1756,3.885835700833316e-05
319,70.20372074899933,8.1137,3.892146368388846e-05
320,70.3204654759993,8.1516,3.898636250777701e-05
321,70.43544226499944,8.2506,3.9051474062777446e-05
322,70.54848273899916,7.802,3.91155459772219e-05
323,70.6645448649997,7.6546,3.917787932722199e-05
324,70.78017247499884,7.4974,3.92424246977771e-05
325,70.89491972799988,7.6257,3.930668066611058e-05
326,71.01116028399883,8.0877,3.937037748722206e-05
327,71.1255356799993,8.2465,3.943487875666607e-05
328,71.23996066200016,7.8201,3.949860344722159e-05
329,71.35359079399859,8.0556,3.956201645833264e-05
330,71.47025128799942,7.9792,3.962525845388882e-05
331,71.58480711399898,8.0089,3.968996583722199e-05
332,71.70314357299867,8.5674,3.975393306222234e-05
333,71.81980372499856,8.1379,3.981933832333299e-05
334,71.93497761599974,7.623,3.9884165911666465e-05
335,72.04939726500015,7.8848,3.994808331666617e-05
336,72.16520239700003,7.9341,4.001161712388845e-05
337,72.27946053099913,7.4436,4.007606599555503e-05
338,72.39392334500008,8.3181,4.013959895444411e-05
339,72.50760201999947,8.1156,4.020318740055498e-05
340,72.62290795399895,8.5368,4.026637931166685e-05
341,72.74117698899863,8.0874,4.033044025611061e-05
342,72.85735093699986,7.8973,4.039603431277707e-05
343,72.97081980799885,7.4289,4.0461634477221905e-05
344,73.08847838600013,7.9542,4.052386281000003e-05
345,73.20286498199857,7.4334,4.058902588222231e-05
346,73.31854511299935,8.0557,4.065262666777724e-05
347,73.43371478399968,7.5994,4.071697198333318e-05
348,73.54751360199953,7.7254,4.0780720862221646e-05
349,73.66264027599937,7.6896,4.0844043115555706e-05
350,73.77961495999989,7.5533,4.090835600611071e-05
351,73.89365772999918,7.6744,4.097412318222168e-05
352,74.00771200999952,7.8008,4.103624368277755e-05
353,74.12271939299899,7.3958,4.109963366111111e-05
354,74.24099701299929,7.8474,4.11637214172222e-05
355,74.3548830389991,7.5911,4.122929157000019e-05
356,74.46928011399905,8.1992,4.1292520490555445e-05
357,74.58532731199921,7.9603,4.135611350722179e-05
358,74.70033561299897,7.9515,4.142052648833265e-05
359,74.8216601160002,7.4978,4.148452801555525e-05
360,74.93664972499937,8.0266,4.1551897327777223e-05
361,75.05069690799974,7.6991,4.161572927833327e-05
362,75.16454283999883,7.789,4.1679046108889044e-05
363,75.28023057399878,7.7503,4.1742392919999876e-05
364,75.39375175599889,7.1681,4.1807059596666376e-05
365,75.5071677979995,7.4129,4.186964783666655e-05
366,75.6220826739991,7.9393,4.193262628833307e-05
367,75.73660239699893,8.1754,4.199647564722202e-05
368,75.85418793899953,7.8165,4.206005988444405e-05
369,75.96941695399983,8.2535,4.2125400144444334e-05
370,76.08365279200007,7.6077,4.219039748222208e-05
371,76.19832665899958,7.5927,4.2253218820555456e-05
372,76.31636561699997,7.8913,4.23166853955556e-05
373,76.42988009599867,8.245,4.2382250583333294e-05
374,76.54330609499993,8.0195,4.2445343787777446e-05
375,76.65853626599892,8.4767,4.250841419388861e-05
376,76.77338478899946,7.9831,4.257232375055537e-05
377,76.88930473899927,7.6085,4.263608886388889e-05
378,77.00568360299985,7.5457,4.2701978082221914e-05
379,77.12164283799939,7.8975,4.276528762722188e-05
380,77.23694572699969,7.7975,4.282975606888815e-05
381,77.3521348359991,7.9561,4.289397885722186e-05
382,77.47021521900024,7.9495,4.295893614944463e-05
383,77.58753124199939,8.2148,4.302323951388846e-05
384,77.70089434900001,7.2609,4.308844096611109e-05
385,77.81970618099876,7.6909,4.315146379833298e-05
386,77.93403738899906,8.4161,4.321747027611107e-05
387,78.05319295899972,7.0103,4.3280987207221595e-05
388,78.1705369020001,7.8051,4.334725293555494e-05
389,78.2880613769994,8.1582,4.3412646695555346e-05
390,78.4019245620002,7.9483,4.3477598447777076e-05
391,78.51568100499935,8.2433,4.3540885809444363e-05
392,78.63125844000024,7.5022,4.360469447277764e-05
393,78.7449903050001,7.819,4.366823004388809e-05
394,78.85898126599932,7.7623,4.373152487555571e-05
395,78.9725368620002,7.7425,4.3794740849999574e-05
396,79.08899289199871,8.1432,4.385791557611103e-05
397,79.2057036669994,8.0108,4.392252135500005e-05
398,79.32000491500003,7.3778,4.39874120100002e-05
399,79.43552846300008,7.8423,4.40509390861108e-05
400,79.54872795499978,7.7727,4.411510494444378e-05
401,79.66219074499895,7.1323,4.417831623055564e-05
402,79.77598872199997,8.0174,4.4241283518333355e-05
403,79.89016021699899,7.736,4.430556419111074e-05
404,79.99845268399986,7.5139,4.4367781682221905e-05
405,80.11583732399959,7.3475,4.4427812296110766e-05
406,80.23273997799879,8.1133,4.449307926444413e-05
407,80.34709600399947,7.5525,4.4558074043889065e-05
408,80.4619626549993,7.6842,4.4621565864444066e-05
409,80.57855822999954,7.6176,4.468546921888851e-05
410,80.69391459500002,8.0029,4.47501737894446e-05
411,80.80778755999927,7.021,4.4814210497777623e-05
412,80.92643909700018,7.9216,4.487761335888839e-05
413,81.0580241839998,7.8966,4.494375179944453e-05
414,81.18741552999927,7.1495,4.501798864111051e-05
415,81.3018680039986,7.6682,4.508872580333345e-05
416,81.41650668199873,7.7614,4.515200074388809e-05
417,81.5331082979992,7.843,4.5215662130555456e-05
418,81.64554752799995,7.826,4.528037844499927e-05
419,81.75752972199916,7.1532,4.53429162222215e-05
420,81.87255590199857,7.5545,4.540516678444369e-05
421,81.9877090659993,7.4013,4.546897979722214e-05
422,82.10308363100012,7.9162,4.553299748444463e-05
423,82.21835816299972,8.2556,4.55980084938882e-05
424,82.33340870999928,7.1275,4.5661143972222106e-05
425,82.44957282099858,8.1985,4.5725086282777235e-05
426,82.5652996709996,8.1772,4.579005635777726e-05
427,82.68040033899888,7.736,4.5854003771666815e-05
428,82.7958657449999,7.6258,4.591784871277721e-05
429,82.91209998999875,7.8249,4.598197835833263e-05
430,83.02673900300033,6.8837,4.6046610444999616e-05
431,83.14397405399905,7.7181,4.611127724833346e-05
432,83.26074188100029,7.3767,4.6175442173888674e-05
433,83.37807253199935,8.3885,4.624040606833256e-05
434,83.49545025899897,7.4336,4.630544226055564e-05
435,83.61013403600009,7.943,4.63706907449998e-05
436,83.72577674999957,7.4844,4.6434330267777315e-05
437,83.84187482499874,7.3723,4.649849407999985e-05
438,83.95619430499937,7.6362,4.656307883277704e-05
439,84.07130669300022,7.4836,4.662668198444407e-05
440,84.18798909399993,7.759,4.66905316238889e-05
441,84.30180655799995,7.5882,4.675569287999982e-05
442,84.41584622399932,7.7744,4.6818614051110975e-05
443,84.52982247499858,7.7005,4.688201847666682e-05
444,84.64533327400022,7.6587,4.694535044444415e-05
445,84.75928194500011,7.7849,4.7009930727777424e-05
446,84.87637017700035,7.8653,4.7072801969444404e-05
447,84.99334927400014,7.9071,4.71379256211104e-05
448,85.10867972899905,7.796,4.7202788831666315e-05
449,85.22427536299983,8.326,4.726688194111072e-05
450,85.34190588899946,7.7303,4.733108683444395e-05
451,85.45776490699973,7.978,4.739742733555532e-05
452,85.57050222199905,7.9991,4.7460860951111194e-05
453,85.68399213599878,7.7783,4.752349742166593e-05
454,85.79791972899875,7.8384,4.758650625944433e-05
455,85.91324861300018,8.3628,4.764979521888867e-05
456,86.02694368399898,7.8495,4.7713768379444444e-05
457,86.14087648599889,7.71,4.777722510666637e-05
458,86.25456298399877,7.6131,4.784035843333287e-05
459,86.3680834379993,7.5068,4.790344832611077e-05
460,86.4824796189987,7.5885,4.796681705222202e-05
461,86.59871389999898,7.3791,4.803002938333319e-05
462,86.71576480399926,7.4572,4.809463142444454e-05
463,86.8306890519998,7.8589,4.8159755488332956e-05
464,86.94477902200015,7.5741,4.8223514881110535e-05
465,87.06317804399987,7.4964,4.828686814722156e-05
466,87.17885797599956,7.6668,4.835263172999981e-05
467,87.29092416899948,6.6944,4.8417156101666276e-05
468,87.4056965740001,7.3456,4.84792496077777e-05
469,87.52094383199983,7.2488,4.854284923055477e-05
470,87.64148744299928,7.5249,4.8607055741666854e-05
471,87.75934731599955,7.5154,4.867410176388856e-05
472,87.87478241600002,7.4567,4.873941734611031e-05
473,87.9907309249993,7.8883,4.880357480777699e-05
474,88.10574132799957,8.0575,4.886792646222199e-05
475,88.21987855499901,7.0961,4.893189756333312e-05
476,88.33000868999989,7.9002,4.8995483767222246e-05
477,88.44492126799923,7.6477,4.905638884999967e-05
478,88.56211389300006,8.2032,4.912070488388862e-05
479,88.67775867399905,7.6022,4.9185439061666335e-05
480,88.79270251799971,7.9561,4.924998454611038e-05
481,88.90797323699917,7.5172,4.9313554984444435e-05
482,89.02159700799893,7.685,4.937755874333258e-05
483,89.1379200829997,7.4936,4.94407757222224e-05
484,89.25445494799897,7.7683,4.950537050888872e-05
485,89.37142566999864,7.6521,4.957006329111108e-05
486,89.48949281499881,7.5857,4.9635214021666093e-05
487,89.60007773799953,7.8171,4.9700590662777256e-05
488,89.71528662799938,7.4863,4.97623912194437e-05
489,89.83245587099918,7.7766,4.9826160944443875e-05
490,89.94688674999998,7.327,4.9891189968332894e-05
491,90.06335710900021,7.99,4.9955060853888225e-05
492,90.18083004999971,7.5578,4.9997824272037116e-05
493,90.29797048899854,7.8216,4.999057520672843e-05
494,90.41286528699857,7.2898,4.998335518672848e-05
495,90.52728568299972,7.2122,4.9976250427345674e-05
496,90.64407038100035,7.2143,4.9969190508765436e-05
497,90.75941647400032,7.4099,4.996186585141981e-05
498,90.86799587399946,7.6526,4.9954858963148225e-05
499,90.98545746699892,7.4693,4.994817810450626e-05
500,91.10209193999981,7.4038,4.994093049567901e-05
501,91.21701454699905,7.885,4.993371684290123e-05
502,91.3310052199995,7.8856,4.9926632653642056e-05
503,91.44439216499995,7.585,4.991958048722221e-05
504,91.55955061199893,7.7377,4.991258665172845e-05
505,91.67608751099942,7.5499,4.990547773870377e-05
506,91.79311386199879,7.6641,4.989828113759258e-05
507,91.90788468000028,7.7225,4.989106775925932e-05
508,92.02353225499974,8.0559,4.9883980612283964e-05
509,92.13846964499862,7.9111,4.9876793165185185e-05
510,92.24730415799968,8.0761,4.986974413555564e-05
511,92.36063107100017,7.7613,4.986305017746912e-05
512,92.47639847400023,7.9027,4.9856016740185184e-05
513,92.59457745100008,7.0803,4.984889606938278e-05
514,92.70972332899873,7.4311,4.9841585525246946e-05
515,92.82508987199981,7.7503,4.983447636253094e-05
516,92.94066482000017,7.0805,4.982735142382718e-05
517,93.05711445499946,7.5285,4.9820216562160525e-05
518,93.16607341499912,7.9003,4.981303698999999e-05
519,93.28191275799873,7.8409,4.980629945370378e-05
520,93.39932802899966,7.9729,4.979915572802473e-05
521,93.51343070799885,8.0983,4.979191438277779e-05
522,93.62657192799998,6.781,4.978487473388893e-05
523,93.74140513299972,8.0251,4.977788085055563e-05
524,93.85611344599965,7.9485,4.9770795922654376e-05
525,93.97728853999979,7.6856,4.976371791419757e-05
526,94.09212972000023,7.1804,4.9756230970864257e-05
527,94.20866338299857,6.9557,4.9749144485925924e-05
528,94.32321202299863,7.6483,4.974195464462961e-05
529,94.43974602999879,7.3727,4.973487643006177e-05
530,94.55723899999975,8.1471,4.9727608488209865e-05
531,94.67165987099906,7.4044,4.972043591438279e-05
532,94.78622756299956,7.5264,4.9713364241543214e-05
533,94.90127183999903,7.5637,4.970630266061731e-05
534,95.0179934759999,7.5033,4.969920050283949e-05
535,95.13438627999858,8.0286,4.9691992242839585e-05
536,95.24752370199894,7.135,4.968482079598772e-05
537,95.36255515199991,7.3858,4.96778171813581e-05
538,95.47892168099861,7.5847,4.967072442302477e-05
539,95.5947906069996,7.4156,4.966353829895064e-05
540,95.70952205699905,7.7087,4.9656393843024715e-05
541,95.82493273099863,7.5409,4.964931479543215e-05
542,95.9403629139997,7.8732,4.96421777706791e-05
543,96.05650868500015,7.5156,4.9635059824444465e-05
544,96.17332561100011,7.2353,4.9627885429567926e-05
545,96.28934718199889,7.4894,4.962054033574083e-05
546,96.40585675199873,7.8116,4.961337419654329e-05
547,96.51510707200032,7.4916,4.9606322410432146e-05
548,96.6341853519989,7.8049,4.959957944790123e-05
549,96.74997904199881,7.4807,4.9592233589753086e-05
550,96.86609631399915,8.219,4.958508077530867e-05
551,96.98007860899997,7.5595,4.9577916637345756e-05
552,97.09921762699923,8.1902,4.957086914246921e-05
553,97.21825614799855,8.1116,4.9563518315926e-05
554,97.33314720299859,7.6159,4.955617904969137e-05
555,97.4514937369986,7.85,4.9548991833271655e-05
556,97.56624745399859,7.0786,4.9541782563518516e-05
557,97.67926927299959,6.9769,4.9534686039320984e-05
558,97.79388483999901,7.8431,4.952770907808642e-05
559,97.90895880899916,7.1926,4.952064001401236e-05
560,98.02605068899902,7.743,4.951341292697539e-05
561,98.13482049399863,7.853,4.950631118617282e-05
562,98.2503843229988,7.24,4.949961277327167e-05
563,98.36709477399927,7.924,4.949246833734575e-05
564,98.48229050599912,7.773,4.948526159271605e-05
565,98.59767677200034,7.5217,4.947815985845679e-05
566,98.71252480799922,6.8262,4.9471036257716076e-05
567,98.82777900699875,7.601,4.946393743722228e-05
568,98.94132239099963,7.0329,4.945682803444447e-05
569,99.0587691719993,7.7663,4.9449802053580324e-05
570,99.17414880499928,6.832,4.944253677320994e-05
571,99.29345041899978,7.6784,4.9435307682037045e-05
572,99.41140957300013,7.9683,4.942808209802474e-05
573,99.52592626200021,7.4106,4.9420800941604995e-05
574,99.63961627599929,7.5499,4.941372852925932e-05
575,99.75426099699871,7.5571,4.940670884586426e-05
576,99.8687807389997,7.4114,4.9399640226790134e-05
577,99.98544419799873,7.5425,4.939255729771604e-05
578,100.09953737099931,7.6298,4.9385378429938274e-05
579,100.215937596,7.4279,4.9378322010000005e-05
580,100.33265247499912,7.8104,4.9371124661604965e-05
581,100.44738931199936,7.5952,4.936392729574077e-05
582,100.56161809599871,7.5612,4.935684251907411e-05
583,100.67714378999881,7.8994,4.93497380511729e-05
584,100.79558370999985,7.8428,4.9342670943333365e-05
585,100.9121756379991,7.6543,4.933535626475307e-05
586,101.02177999000014,7.7341,4.932816550734577e-05
587,101.14324696499898,7.2507,4.932139953790126e-05
588,101.25893329899918,7.8937,4.931388541617292e-05
589,101.37355445799949,7.2809,4.930675439617292e-05
590,101.4875813969993,7.2473,4.9299677512160574e-05
591,101.60429884299992,7.7399,4.929264538154319e-05
592,101.71988386699923,6.9104,4.928541837827169e-05
593,101.83278788699863,6.6787,4.92781558930864e-05
594,101.94781956099905,7.8971,4.9271314665555585e-05
595,102.0633169599987,7.2208,4.926422627895063e-05
596,102.17801495899948,7.9441,4.9257106772777854e-05
597,102.29209687799994,7.3782,4.9250020396234565e-05
598,102.40832370899989,7.4542,4.9242966523518555e-05
599,102.52573934599968,7.233,4.923580195141981e-05
600,102.64222017999964,7.816,4.922855226018519e-05
601,102.75676686800034,7.592,4.9221336734321045e-05
602,102.86956791000011,7.15,4.9214288753395143e-05
603,102.98587684499944,6.7621,4.920731316030863e-05
604,103.10121935699863,7.1918,4.9200125158333414e-05
605,103.21775786499893,7.449,4.919303102975313e-05
606,103.33447400299883,7.1756,4.918584178728396e-05
607,103.45057622999957,7.264,4.917863458740747e-05
608,103.56727333699928,7.493,4.917146751425926e-05
609,103.67950760799977,6.8079,4.91642705078395e-05
610,103.79354337499899,7.4684,4.91573322543828e-05
611,103.90542855399872,6.9648,4.9150288672037035e-05
612,104.02272278099917,8.1055,4.914339475975311e-05
613,104.1395217270001,7.9264,4.91361281777778e-05
614,104.25594481799999,7.6249,4.91289222447531e-05
615,104.37169828699916,6.9562,4.9121749643580324e-05
616,104.4889427500002,7.4732,4.911459968351855e-05
617,104.60581076699964,6.9064,4.910736878956795e-05
618,104.72364834799919,7.8436,4.9100165658641977e-05
619,104.83982940100032,7.1666,4.909286567666675e-05
620,104.95755300400015,7.5884,4.90857106524692e-05
621,105.07464190399878,7.359,4.9078431248209865e-05
622,105.18875078499877,7.0712,4.9071216514012345e-05
623,105.30535942200004,8.0113,4.9064157560493905e-05
624,105.42283485999906,7.8449,4.905698260000003e-05
625,105.5397680240003,7.082,4.9049731225185177e-05
626,105.65432375899945,7.364,4.904249691506176e-05
627,105.77083922099882,7.0756,4.903529638746915e-05
628,105.88579580799887,7.5605,4.902823963672846e-05
629,106.00027381299878,7.5127,4.902114190024692e-05
630,106.11343583300004,6.6509,4.90140809146914e-05
631,106.23104721599884,7.6766,4.900709605962962e-05
632,106.34562511299919,7.4586,4.899982262432102e-05
633,106.46272072799911,7.4463,4.8992764584382705e-05
634,106.5773246030003,7.5307,4.898554168932101e-05
635,106.69200592299967,7.5355,4.8978456151666655e-05
636,106.80777039399982,7.3757,4.897137217203703e-05
637,106.92357843299942,7.5093,4.896424649419759e-05
638,107.03997242699916,7.7088,4.89570733200618e-05
639,107.16082553900014,7.6841,4.894991037308647e-05
640,107.27038701099991,7.548,4.894243339753089e-05
641,107.38583128199934,7.0741,4.8935575613209886e-05
642,107.5016195549997,7.4444,4.892850247932097e-05
643,107.61824811099905,7.9205,4.892140511216052e-05
644,107.73334260299998,8.0558,4.891409771580247e-05
645,107.84978081699956,7.216,4.890710289351852e-05
646,107.97078047600007,7.89,4.889992044561737e-05
647,108.0863952009986,7.3989,4.889242854228396e-05
648,108.20140004099994,7.674,4.8885305919814834e-05
649,108.31748330099981,7.7645,4.887818245876543e-05
650,108.43270424599905,7.0722,4.8871049807592634e-05
651,108.54998152799999,7.5281,4.8863910133518575e-05
652,108.66499929099882,7.4397,4.885669348543217e-05
653,108.7834272429991,7.24,4.8849592795555555e-05
654,108.89810656899863,7.4783,4.884228592419759e-05
655,109.01541253100004,7.2132,4.883519611969141e-05
656,109.1318113139987,7.6969,4.882795760537035e-05
657,109.24814363800033,7.7029,4.882075900388889e-05
658,109.36303950699948,7.6256,4.8813594727345715e-05
659,109.47905081499994,7.2779,4.8806507139506164e-05
660,109.59459276599955,7.5182,4.879921202672843e-05
661,109.70809152499896,7.4692,4.879221732129635e-05
662,109.82009680499868,7.3057,4.8785194463642056e-05
663,109.93569877799928,7.5419,4.8778283756666696e-05
664,110.05133827200007,7.9999,4.877114563450623e-05
665,110.16807241099923,7.8051,4.876400724432104e-05
666,110.28424854199875,7.74,4.875681419160499e-05
667,110.39903267799855,7.4769,4.874964042771611e-05
668,110.51698897099959,7.4433,4.874252660796303e-05
669,110.63470094399963,6.9876,4.8735273615123526e-05
670,110.75168791400029,7.476,4.8727993776543197e-05
671,110.8689913090002,7.6789,4.872075964679021e-05
672,110.98481172799984,7.4859,4.871355098413589e-05
673,111.10025507299906,7.4447,4.8706386929938344e-05
674,111.21585872799915,6.9948,4.8699244881913564e-05
675,111.33310143400013,7.3428,4.8692019426604965e-05
676,111.45042156399904,7.0698,4.868487277851857e-05
677,111.55901675899986,7.7787,4.867751469783955e-05
678,111.67412042999968,6.9183,4.867095423635807e-05
679,111.7907767329998,7.504,4.8663838861049374e-05
680,111.90688873499857,7.8544,4.8656622655555537e-05
681,112.02346371099884,7.9079,4.864947302975317e-05
682,112.13910041599956,7.2095,4.8642282735555555e-05
683,112.25506297500033,7.8743,4.863514133203712e-05
684,112.3731063159994,7.7975,4.8627956435802506e-05
685,112.48979708399929,7.1795,4.862068801962969e-05
686,112.60647241299921,7.7098,4.861350688228401e-05
687,112.72194474699972,7.0984,4.8606267385679036e-05
688,112.83846988599907,7.717,4.859916978814819e-05
689,112.95393760799925,7.8547,4.8591939956358044e-05
690,113.07159646699984,7.7399,4.8584839055802486e-05
691,113.18883637900035,7.444,4.857755483561735e-05
692,113.30379857600019,7.2115,4.857031776222222e-05
693,113.42009568199865,6.8859,4.856324623820989e-05
694,113.53343890199903,7.5386,4.8556068450185245e-05
695,113.64851572399857,7.0104,4.854908032320986e-05
696,113.76401397399968,7.6865,4.854194935882715e-05
697,113.88156542199977,7.8692,4.853482438135803e-05
698,114.00049782099995,7.4224,4.8527583094506264e-05
699,114.11582758700024,7.0455,4.8520203599506256e-05
700,114.2349245839996,7.5143,4.851310729691362e-05
701,114.34953011499965,6.8061,4.850576851493832e-05
702,114.4658984839989,7.6146,4.8498695825432106e-05
703,114.58284807699965,7.4012,4.849151205759264e-05
704,114.69770745200003,7.3298,4.848429207512349e-05
705,114.81457041300018,7.8718,4.8477202019629666e-05
706,114.93161791700004,6.7175,4.846998501518517e-05
707,115.0474821150001,7.332,4.846277624765432e-05
708,115.16142946199943,7.7718,4.845560479308646e-05
709,115.27731389799919,7.0411,4.844858483746919e-05
710,115.3914894139998,6.6655,4.8441418071975306e-05
711,115.50104562399974,7.7003,4.843435877012354e-05
712,115.61693125499914,7.8232,4.8427612675617375e-05
713,115.73014522299854,7.335,4.842046016580248e-05
714,115.84356169399871,5.786,4.841346258530865e-05
715,115.95889303399963,5.9456,4.840646213617287e-05
716,116.07484403699891,7.0103,4.839934368487663e-05
717,116.19031603599979,7.3389,4.8392196034753094e-05
718,116.30572308099909,7.4438,4.83850678098148e-05
719,116.4235622670003,7.5587,4.8377948101111144e-05
720,116.54102477199922,6.8354,4.837067045209877e-05
721,116.65905350999856,7.1246,4.8363420525740794e-05
722,116.77382999399924,7.6564,4.835612848901236e-05
723,116.89165427999978,7.9673,4.834904720592594e-05
724,117.0084309319991,7.6996,4.83417698030865e-05
725,117.12527909199889,7.5693,4.833457230129631e-05
726,117.2411499739992,6.4264,4.8327342475000073e-05
727,117.35838226600026,7.8427,4.832019531993831e-05
728,117.47196055799941,7.3917,4.831296704506174e-05
729,117.58683115699932,7.2275,4.83059512430247e-05
730,117.70311316299922,7.6156,4.829884783166675e-05
731,117.81867313200019,7.1943,4.8291684187901256e-05
732,117.93434690100003,6.5442,4.828454471419752e-05
733,118.05013779999899,6.885,4.8277406695802536e-05
734,118.16777698499936,7.9589,4.827025802876545e-05
735,118.2829795990001,6.9483,4.826300551246917e-05
736,118.39652854999986,6.9101,4.8255882252901254e-05
737,118.51117770000019,6.9903,4.824885757135807e-05
738,118.62795468199874,7.6722,4.824180615648155e-05
739,118.74559507599952,7.5432,4.823460388425926e-05
740,118.86157881999861,7.1834,4.822730228055561e-05
741,118.98120651199861,7.7154,4.822015716425927e-05
742,119.0980040609993,6.5515,4.821278213462965e-05
743,119.21410962499976,7.4635,4.8205576867407396e-05
744,119.32891838799878,7.5539,4.819841040314815e-05
745,119.44606138299969,6.9847,4.819131646259264e-05
746,119.56306100799884,6.9145,4.8184043759506216e-05
747,119.67649629100015,6.57,4.817688803481484e-05
748,119.79325715499908,7.6199,4.816985226117286e-05
749,119.90952920499876,7.5355,4.8162671978703703e-05
750,120.02784997399976,7.0599,4.815549637203708e-05
751,120.14844651099884,6.2393,4.8148043228580316e-05
752,120.26586637999935,7.4485,4.814068836283954e-05
753,120.38375212599931,7.5407,4.8133493733765496e-05
754,120.49858756999856,7.276,4.81262093469753e-05
755,120.61620363099973,7.3156,4.8119122917901285e-05
756,120.72966173799978,6.7201,4.8111863244629615e-05
757,120.84523236299901,7.2271,4.81048467409877e-05
758,120.96046921299967,7.4991,4.8097722331975345e-05
759,121.07688348999909,7.3905,4.809061927512349e-05
760,121.19092856599855,6.7234,4.808342124160497e-05
761,121.30601565299912,6.9534,4.807634245246913e-05
762,121.42147653699976,7.8152,4.8069276739012406e-05
763,121.53381428099965,7.0974,4.806215926549382e-05
764,121.64749935599866,7.0411,4.805522260783956e-05
765,121.76245922399903,7.0509,4.804819939672845e-05
766,121.87531789599961,5.9146,4.804110543969144e-05
767,121.99110056999962,6.8908,4.803413555876545e-05
768,122.1042099869992,7.3999,4.802700182154324e-05
769,122.21833931999936,7.4844,4.8019998982839595e-05
770,122.33259179199922,7.5363,4.801296708925933e-05
771,122.44653024199943,7.41,4.8005907693395116e-05
772,122.56202631499946,7.1629,4.799887660197536e-05
773,122.67789273099879,7.0322,4.799175906370378e-05
774,122.79547319399899,7.8031,4.798458971913589e-05
775,122.91015446599886,5.8616,4.797734739006181e-05
776,123.02379552499951,7.1799,4.797025034777781e-05
777,123.13845601299909,7.2428,4.796324336160496e-05
778,123.25268605899873,7.6953,4.7956160398148146e-05
779,123.36721326399856,6.3272,4.7949119434259294e-05
780,123.48605799199868,8.0664,4.7942036900802485e-05
781,123.60479119499905,6.6392,4.793471535574077e-05
782,123.72217644599914,7.8914,4.792736886672847e-05
783,123.83774203899884,6.7598,4.7920133865617364e-05
784,123.95158524499857,6.949,4.791299335716051e-05
785,124.06519304299945,7.3133,4.7905935811728384e-05
786,124.18309280999893,7.3762,4.78989557893828e-05
787,124.30164050599888,7.329,4.789168910148155e-05
788,124.4182880039989,7.7646,4.78843290080865e-05
789,124.53237211099986,6.798,4.787716301765434e-05
790,124.64837338899997,7.4664,4.787010745765432e-05
791,124.76505705399904,6.7931,4.786296044030869e-05
792,124.88231522299975,7.1233,4.785565583555558e-05
793,124.9966163199988,6.0691,4.78485201417902e-05
794,125.11181821299942,7.1407,4.784145927845685e-05
795,125.2263073209997,7.2601,4.783435324919757e-05
796,125.34216220599956,7.1364,4.782728815907416e-05
797,125.45514176899997,6.3883,4.782013573864204e-05
798,125.57031175699922,6.6927,4.781316132716049e-05
799,125.6848613860002,7.5189,4.780604730604943e-05
800,125.80147106699951,6.4016,4.7798983253580314e-05
801,125.91714312299882,8.0563,4.7791777637345756e-05
802,126.03227830299875,7.6726,4.778464700691367e-05
803,126.14918020499863,7.4299,4.7777546394691394e-05
804,126.26429015800022,7.3552,4.777032346487656e-05
805,126.378674091,7.1129,4.7763213307716125e-05
806,126.49609379399953,7.6398,4.775616553000009e-05
807,126.61395173900019,7.6676,4.774889512123464e-05
808,126.73086239999975,7.2516,4.774162843049386e-05
809,126.8467287479998,7.3748,4.773441122753091e-05
810,126.96167494899964,6.7034,4.7727148995246905e-05
811,127.07947022000008,7.3942,4.7720170967345726e-05
812,127.19692903599935,6.8186,4.771288933549391e-05
813,127.31345606099967,7.7571,4.770563963006175e-05
814,127.42798020699956,6.8708,4.769846027111114e-05
815,127.545575877999,7.5748,4.769137520271608e-05
816,127.66228172199953,7.3852,4.768413028691365e-05
817,127.77721190800003,5.9131,4.7676902978209914e-05
818,127.89209014900007,7.8516,4.766978415382715e-05
819,128.00944169600007,7.1492,4.766273206382721e-05
820,128.12617430299906,7.332,4.765546593148148e-05
821,128.241510722999,7.5769,4.7648286994444453e-05
822,128.3571339249993,7.3977,4.764116884814816e-05
823,128.47066697599985,7.3203,4.763402638185193e-05
824,128.58680276999985,7.0025,4.762700450024691e-05
825,128.69968938499915,6.9955,4.761985871827165e-05
826,128.81720272999883,7.3616,4.7612869937716086e-05
827,128.93135202899975,7.1385,4.760562790080246e-05
828,129.04832809599975,7.3315,4.759859138716057e-05
829,129.1644095470001,6.4219,4.759135350493833e-05
830,129.2819632669998,7.3671,4.758419656018518e-05
831,129.4006566930002,7.7046,4.757694603524698e-05
832,129.520140360999,7.7877,4.7569611614506157e-05
833,129.63764583800003,6.4407,4.75622231662346e-05
834,129.75306821399863,6.9428,4.7554848987345756e-05
835,129.8699167699997,7.4468,4.754784991901236e-05
836,129.98676794199855,7.3821,4.7540635107345765e-05
837,130.1011861299994,6.238,4.753332902209877e-05
838,130.21897018399977,7.5261,4.752635113790123e-05
839,130.33465757799968,7.289,4.751909595000008e-05
840,130.4498164939996,6.7211,4.751195763876543e-05
841,130.56602946599924,7.471,4.7504844493950604e-05
842,130.68240254599914,7.4046,4.749767480481481e-05
843,130.79858806799894,7.0197,4.749034424049389e-05
844,130.91612895899925,6.8159,4.748330640012346e-05
845,131.02836634399864,6.1448,4.747605489043211e-05
846,131.14643774700016,7.5018,4.746912630197529e-05
847,131.26068094999937,6.7356,4.7461859625740726e-05
848,131.37840670399964,7.8279,4.745479271567901e-05
849,131.49472034999962,7.581,4.744753207734577e-05
850,131.6100993279997,7.2678,4.744036056592596e-05
851,131.72654362699905,7.5507,4.7433216510493885e-05
852,131.84140070399917,7.1138,4.742593513166665e-05
853,131.95752918799917,6.6891,4.741894023419757e-05
854,132.07503543699931,7.6008,4.741177235827163e-05
855,132.19062578800003,6.9613,4.7404534975864215e-05
856,132.30930760499905,7.5755,4.7397392467654316e-05
857,132.4276484389993,7.1515,4.7390066868209956e-05
858,132.54340690299978,7.5859,4.7382760724382746e-05
859,132.66004240099937,7.3943,4.737561449925933e-05
860,132.77490408599988,7.0309,4.7368422625308716e-05
861,132.88902887199947,7.0896,4.7361321942839544e-05
862,133.00671516199873,7.6864,4.7354285818148216e-05
863,133.1231497179997,6.623,4.734702390333333e-05
864,133.2382178909993,7.926,4.733984046617288e-05
865,133.35243389899915,6.9901,4.733271140388898e-05
866,133.466080107999,7.1518,4.732568145635811e-05
867,133.58295103199998,7.0046,4.731865559666673e-05
868,133.69751186099893,7.0062,4.731144313475313e-05
869,133.81281188399953,7.0278,4.730438889561732e-05
870,133.92897464599992,7.7181,4.7297230283827195e-05
871,134.04306955399989,6.5874,4.729008023666671e-05
872,134.15973852800016,7.2261,4.728303704277781e-05
873,134.2750870229993,5.9153,4.727578582703706e-05
874,134.39223101099924,7.5265,4.726871001611112e-05
875,134.50652272600018,6.3808,4.726148774228393e-05
876,134.62163388999943,7.2585,4.725443546919754e-05
877,134.73662258399963,7.1073,4.7247333111543215e-05
878,134.85124785299922,7.3056,4.724022622234569e-05
879,134.9706098609986,7.7045,4.723312487277787e-05
880,135.0869581219995,7.8505,4.7225788977098825e-05
881,135.20419215400034,6.8296,4.721861239641974e-05
882,135.3188015429987,7.2867,4.72113584679013e-05
883,135.43910599300034,7.1463,4.720429315203704e-05
884,135.55363253999894,7.1731,4.7196873664876575e-05
885,135.67061926600036,7.4195,4.718979632358028e-05
886,135.7881977750003,7.1153,4.718255119598775e-05
887,135.90020979899964,7.4945,4.717531332969143e-05
888,136.01941259900013,7.5047,4.716840150333335e-05
889,136.13450099500005,7.3505,4.716103728123466e-05
890,136.25299582499974,6.9441,4.715393122796303e-05
891,136.36718577200008,7.5363,4.71466346348148e-05
892,136.48189983699922,7.6426,4.713958316172848e-05
893,136.59736900799908,6.6588,4.7132489093765456e-05
894,136.7123042209987,7.3325,4.7125366613456864e-05
895,136.82903499199892,7.6535,4.711826615580254e-05
896,136.9452903579986,6.3912,4.71110666082099e-05
897,137.05857200199898,6.8536,4.710388911382718e-05
898,137.1747210829999,7.1532,4.709689265864205e-05
899,137.28860350099967,7.3405,4.708967747654321e-05
900,137.4095496230002,6.3613,4.7082608711111173e-05
901,137.5192638539993,7.1902,4.707523531314817e-05
902,137.63207655599945,5.895,4.70684807018519e-05
903,137.74750658399898,7.1924,4.7061500889197614e-05
904,137.86342308599887,6.281,4.70543886594445e-05
905,137.97912127899872,7.287,4.7047220983024745e-05
906,138.09419945399895,7.2665,4.704007512561733e-05
907,138.20996606100016,7.5977,4.703297645148156e-05
908,138.32794965500034,7.5674,4.7025801707098783e-05
909,138.440484585999,6.9853,4.701854755487653e-05
910,138.55485905800015,6.8343,4.701159030388889e-05
911,138.66970294899875,6.8092,4.7004555053580266e-05
912,138.78125067399924,5.9978,4.699745393203703e-05
913,138.89590317199873,6.6724,4.699056450012354e-05
914,139.01014408399897,7.2247,4.698346599277787e-05
915,139.12489162899874,7.0868,4.697643827388888e-05
916,139.24000502499985,6.3975,4.696935912604945e-05
917,139.35461742499865,6.7865,4.696224503691358e-05
918,139.468853716,7.0287,4.6955176678827154e-05
919,139.58481375999872,7.0669,4.694811408104945e-05
920,139.7005870789999,7.37,4.6940952708765503e-05
921,139.81787889399857,6.3127,4.693382282734575e-05
922,139.93522841899903,7.4594,4.692653612925925e-05
923,140.05203911399985,7.3786,4.691933173660497e-05
924,140.1694176889996,7.3224,4.6912111322592604e-05
925,140.28314195699932,6.8095,4.6904825017654396e-05
926,140.39937386400015,7.132,4.689785058444445e-05
927,140.5170706079989,7.2695,4.689056061055554e-05
928,140.62957620899942,6.6835,4.688341151981486e-05
929,140.74349982700005,7.1967,4.687645407777786e-05
930,140.8588670879999,7.0968,4.6869441191790134e-05
931,140.97633463999955,7.2185,4.6862322338271654e-05
932,141.09205835699868,6.1481,4.68550810716667e-05
933,141.20785581999917,7.6468,4.684788754777783e-05
934,141.32299945699924,7.5672,4.684077734228404e-05
935,141.438651425,7.0054,4.683364596796299e-05
936,141.55673809299878,7.5671,4.682644861932103e-05
937,141.6782258889998,7.4494,4.68192302277161e-05
938,141.7952891419991,7.107,4.681172981129636e-05
939,141.91751037299946,7.6816,4.680436739685185e-05
940,142.03308419099994,7.2459,4.6796973742592645e-05
941,142.1490599459994,7.5439,4.678983202950624e-05
942,142.26431704599963,7.2483,4.678266462259267e-05
943,142.37849979899875,6.4328,4.677554009111113e-05
944,142.49323861099947,7.203,4.676849453919754e-05
945,142.60842027599938,6.8103,4.6761428769444444e-05
946,142.72477475699998,6.877,4.6754286687777786e-05
947,142.84347580699978,7.8215,4.674711292172847e-05
948,142.96102711599997,8.197,4.6739809764629646e-05
949,143.08177981900008,6.6357,4.673254869555557e-05
950,143.1991521580003,7.7637,4.672508857919762e-05
951,143.3138471279999,7.1348,4.671785391728402e-05
952,143.4318351769998,7.4645,4.671076355839511e-05
953,143.54647086099976,7.8614,4.670346203771608e-05
954,143.65653892699993,7.7423,4.669640829907408e-05
955,143.77298257700022,7.1584,4.6689628038580336e-05
956,143.88990988899968,7.5771,4.668243256574077e-05
957,144.00455487399995,6.6447,4.667518907611114e-05
958,144.1212598809998,7.5582,4.666814316611119e-05
959,144.2354196769993,7.0004,4.6660940058703735e-05
960,144.35128033899855,7.2138,4.6653886296790125e-05
961,144.46451912500015,6.7752,4.6646732598765425e-05
962,144.58050217399978,7.3791,4.663974361024693e-05
963,144.6995658300002,7.0618,4.663259121308643e-05
964,144.81533373999991,6.3613,4.66251281583951e-05
965,144.9284264099988,7.2278,4.6618080130925976e-05
966,145.04195781099952,7.0255,4.66110981246914e-05
967,145.1581630719993,7.0659,4.660409666888893e-05
968,145.27416443499897,7.5413,4.659693049654323e-05
969,145.3931282479989,7.5492,4.6589760813086506e-05
970,145.51026969899976,7.5901,4.658242819290131e-05
971,145.62859777599988,7.2333,4.657520702833339e-05
972,145.7476982649987,7.3146,4.6567900500123514e-05
973,145.86183713599894,6.8996,4.6560536660555596e-05
974,145.97472665399982,6.9902,4.65534849788889e-05
975,146.0916656089994,7.0221,4.65465131098149e-05
976,146.2079530209994,6.3387,4.6539303033456844e-05
977,146.3243859969989,6.5823,4.653211300796304e-05
978,146.43743986899972,6.4055,4.652492823882716e-05
979,146.55201513700013,6.5236,4.6517934256666714e-05
980,146.66227057099968,6.8018,4.651088483895061e-05
981,146.77685884600032,6.2668,4.650408382777776e-05
982,146.8942671650002,7.3682,4.6497000583209945e-05
983,147.0043227369988,7.655,4.6489692698518596e-05
984,147.12027262499942,6.9619,4.64829741554321e-05
985,147.23515836299885,7.1791,4.647579561024693e-05
986,147.35135589899983,6.3843,4.6468711214321034e-05
987,147.47045863699896,7.7404,4.646151861765439e-05
988,147.5867954610003,7.4245,4.645418792055555e-05
989,147.70366305399875,7.4229,4.644700497425927e-05
990,147.81821655099884,7.2994,4.643978912561736e-05
991,147.9350460659989,7.5333,4.643273064481486e-05
992,148.04626231200018,7.1252,4.642545544808641e-05
993,148.16414726599942,7.6344,4.641866253246917e-05
994,148.28185509099967,6.0848,4.641123867395065e-05
995,148.39719794899975,6.9748,4.6404103639753075e-05
996,148.51425681599903,7.2681,4.6396989849753156e-05
997,148.62821956199878,6.6444,4.638976180604937e-05
998,148.74278140099887,7.2046,4.638268375685192e-05
999,148.85833511599958,6.9676,4.637564725833334e-05
1000,148.97437350200016,7.1611,4.636851021104941e-05
1001,149.09101354599989,7.3332,4.636135573413581e-05
1002,149.207302453,6.5005,4.635415037592591e-05
1003,149.32473714299886,6.7341,4.634694965783952e-05
1004,149.4399083469998,7.2077,4.633973431722227e-05
1005,149.5568691419994,7.5204,4.633254272265439e-05
1006,149.67155422900032,7.324,4.632540046987653e-05
1007,149.78588741400017,6.4058,4.6318314368950664e-05
1008,149.8971738979999,7.1484,4.6311266177777774e-05
1009,150.01292731699868,7.2118,4.630440219098765e-05
1010,150.13163408299988,7.5344,4.6297243496975384e-05
1011,150.24706528899878,5.4965,4.628992292395062e-05
1012,150.36389478099954,7.5139,4.6282662735185214e-05
1013,150.47750620099941,7.3116,4.62755804789507e-05
1014,150.59327865900013,6.1486,4.626853323574077e-05
1015,150.70926564299953,7.4098,4.626142149216052e-05
1016,150.82480440200015,7.0881,4.6254260305925945e-05
1017,150.9423601540002,6.0169,4.624713396870375e-05
1018,151.05945118899945,7.3587,4.623987568685186e-05
1019,151.1760572009989,6.9722,4.623262386944443e-05
1020,151.2938065549988,7.0133,4.62254437474692e-05
1021,151.4101695169993,7.1398,4.6218181411358067e-05
1022,151.52567833099965,6.9388,4.6210982014382795e-05
1023,151.64029747899986,6.996,4.620386860117283e-05
1024,151.75859008899897,7.2129,4.619678824246921e-05
1025,151.8747729280003,7.711,4.618948492820993e-05
1026,151.99659581800006,6.6854,4.618231299524695e-05
1027,152.11241188199892,6.937,4.617473753691364e-05
1028,152.22848114399858,7.6152,4.616764552666666e-05
1029,152.34364825000011,5.8274,4.616048226580247e-05
1030,152.46143288599887,7.7666,4.6153361657283944e-05
1031,152.57778735699867,7.3021,4.614610726314823e-05
1032,152.69463711599929,7.6018,4.613892909172844e-05
1033,152.8104843789988,6.6242,4.613172436839514e-05
1034,152.9286162619992,7.47,4.6124559651851894e-05
1035,153.0417725899988,6.6082,4.6117271355123544e-05
1036,153.15589442999953,6.5017,4.611026191345681e-05
1037,153.27275778999865,7.2019,4.6103097236111106e-05
1038,153.3881433129991,7.234,4.609603210901236e-05
1039,153.50306304599872,7.589,4.60888917485185e-05
1040,153.6176998939991,6.8102,4.608182143777783e-05
1041,153.73247216599884,6.9196,4.6074741386172844e-05
1042,153.84633136799857,6.9501,4.606765050882716e-05
1043,153.95900313699894,6.3857,4.606063392919752e-05
1044,154.07416731599915,7.4179,4.605365624117283e-05
1045,154.19149032699897,7.1447,4.604656703475316e-05
1046,154.30841830499958,7.6024,4.603928782703709e-05
1047,154.43010689999937,7.435,4.603209457987659e-05
1048,154.54540646799978,7.0667,4.602452445314819e-05
1049,154.6590142189998,5.5952,4.6017471520000064e-05
1050,154.77355652299957,6.4108,4.60104599044445e-05
1051,154.88987356299913,7.0844,4.600337620012352e-05
1052,155.00487538800007,5.1555,4.599610346246922e-05
1053,155.1227405339996,7.6467,4.5989096558888926e-05
1054,155.24171819099865,7.033,4.598175150345688e-05
1055,155.3560038279993,6.9336,4.59744905803704e-05
1056,155.47483121699952,6.5457,4.5967421912469204e-05
1057,155.58918065999933,6.6391,4.596009723104937e-05
1058,155.70569350499864,6.7693,4.5953030170493896e-05
1059,155.82422682799915,6.983,4.594584860320987e-05
1060,155.94204491900018,7.1486,4.59385248211112e-05
1061,156.05955493199872,6.1254,4.593123792098764e-05
1062,156.1770419329987,7.4149,4.592399015722223e-05
1063,156.29315584899996,6.5805,4.591673224796304e-05
1064,156.41013599500002,7.0761,4.5909565391851925e-05
1065,156.52555855500032,6.6331,4.590236543907412e-05
1066,156.6417264669999,6.1297,4.589523464216048e-05
1067,156.75540258399997,7.5626,4.588806979709879e-05
1068,156.8710692859986,5.3811,4.588104110030863e-05
1069,156.98569893799868,6.7465,4.587390033290123e-05
1070,157.1001283179994,7.1341,4.586684015364196e-05
1071,157.21725553800024,7.4471,4.585975630290132e-05
1072,157.33127446399885,7.2012,4.585252648265435e-05
1073,157.44625279899992,6.9969,4.584550066283959e-05
1074,157.563370803,6.614,4.583839136759258e-05
1075,157.67759577699871,7.5803,4.583117799592592e-05
1076,157.79372869299914,7.2667,4.5824126957098846e-05
1077,157.90962987999956,7.3233,4.581696187123462e-05
1078,158.0243742219991,6.4011,4.580979576913582e-05
1079,158.14340939799877,7.1144,4.580270674641982e-05
1080,158.25908478400015,6.5575,4.579534952765435e-05
1081,158.37505161199988,7.1602,4.578823557364199e-05
1082,158.49208532400007,6.7642,4.578106882783956e-05
1083,158.6074807139994,7.1058,4.57738554319754e-05
1084,158.72410609399958,7.5596,4.576671964265435e-05
1085,158.84071525299987,7.36,4.5759520061666746e-05
1086,158.95676461400035,6.7933,4.575233699919757e-05
1087,159.07313583199902,7.4759,4.5745167035740765e-05
1088,159.1868093639987,7.2151,4.573799969481486e-05
1089,159.3013583819993,7.4476,4.573095684481488e-05
1090,159.41850575999888,6.9256,4.572384354827164e-05
1091,159.53398349999952,6.9449,4.571659253148151e-05
1092,159.65019600099913,6.8915,4.570951619302473e-05
1093,159.76510738899924,7.3221,4.570236136783956e-05
1094,159.8795820590003,7.0382,4.5695270668024766e-05
1095,159.9955024109986,7.0165,4.5688178015802525e-05
1096,160.11058531900017,5.0557,4.568104728746917e-05
1097,160.22499170099945,6.9321,4.567393933901236e-05
1098,160.3421614889994,7.3102,4.566687970993832e-05
1099,160.45949687400025,7.1109,4.565962924364197e-05
1100,160.57493494799928,7.6228,4.565238546006174e-05
1101,160.69052704899877,6.6764,4.564526795592597e-05
1102,160.806316582999,7.1276,4.563814237351858e-05
1103,160.92139327699988,5.0484,4.5630979812716044e-05
1104,161.03606555700026,6.6425,4.5623764185925944e-05
1105,161.15100506899944,5.9316,4.561681168234569e-05
1106,161.26537261900012,5.1662,4.560968785611115e-05
1107,161.38159931500013,7.2173,4.560265598290131e-05
1108,161.4986277150001,6.8754,4.559547107506177e-05
1109,161.61338917699868,6.6014,4.558825680006173e-05
1110,161.73095420999925,7.3839,4.558115668432105e-05
1111,161.84815265499856,7.546,4.557390623364197e-05
1112,161.96406296999885,6.8325,4.556668806141974e-05
1113,162.07914922300006,7.2814,4.555952352709881e-05
1114,162.19428195599903,6.882,4.555241343092595e-05
1115,162.306574369999,4.6864,4.554531832333334e-05
1116,162.423155389999,7.1932,4.553837914277783e-05
1117,162.53814199299995,7.3422,4.553118545197535e-05
1118,162.65181661899987,7.166,4.552408783382715e-05
1119,162.7667282379989,7.282,4.5517068254938314e-05
1120,162.88019528099903,7.4081,4.550996632092595e-05
1121,162.9947812069986,5.9138,4.550297029876551e-05
1122,163.11189771299905,7.2205,4.549589898932106e-05
1123,163.2283679889988,7.41,4.548853906820989e-05
1124,163.33895350300008,7.7509,4.548148495648149e-05
1125,163.45572106999862,7.156,4.547465618123462e-05
1126,163.56936627999858,6.9738,4.546745615641977e-05
1127,163.6846639659998,6.2897,4.5460426634197603e-05
1128,163.80146265799885,7.0809,4.545330161913581e-05
1129,163.9191524099988,6.5029,4.544609122919756e-05
1130,164.03385364699898,7.0023,4.543883832870377e-05
1131,164.15046372599863,6.852,4.54317532469753e-05
1132,164.2641755479999,6.2065,4.542457028283957e-05
1133,164.37921047599957,7.2534,4.541752435709885e-05
1134,164.49377592999917,6.528,4.541044312481489e-05
1135,164.60809519400027,6.6063,4.5403364759444524e-05
1136,164.7171816889986,7.2697,4.539630913858033e-05
1137,164.8345360029998,7.171,4.538959027339506e-05
1138,164.95214064500033,7.2364,4.5382198545000096e-05
1139,165.06637253199915,6.5797,4.537508375209879e-05
1140,165.18170717499925,7.7404,4.53680301815432e-05
1141,165.2974137049987,6.795,4.5360893520432176e-05
1142,165.41540529099984,6.7553,4.535376253679019e-05
1143,165.52963562500008,6.9568,4.5346481443765486e-05
1144,165.64575194399913,7.0949,4.5339430319321044e-05
1145,165.76001954799904,6.3189,4.533221731777786e-05
1146,165.8775811609994,7.3935,4.532520204456797e-05
1147,165.99427592400025,6.6851,4.531793407024699e-05
1148,166.11091671199938,7.4094,4.5310757717963025e-05
1149,166.23254438099866,6.5349,4.5303552572654384e-05
1150,166.34915581099995,6.3624,4.529603649703713e-05
1151,166.45891600399955,7.1018,4.528883692339509e-05
1152,166.573230471,6.8131,4.528206616376551e-05
1153,166.69087965399922,6.9438,4.527501793327168e-05
1154,166.80593996099924,7.0862,4.526775777018525e-05
1155,166.93148868699973,7.3607,4.5260649765432164e-05
1156,167.05056127399985,7.5811,4.525289092487662e-05
1157,167.175706394999,7.4723,4.5245443493518505e-05
1158,167.29258991200004,6.7596,4.523773491901235e-05
1159,167.4074713279988,7.2205,4.523061149080245e-05
1160,167.52404298699912,7.6385,4.52235038343827e-05
1161,167.64092697500018,6.3867,4.521631553580251e-05
1162,167.75870352600032,7.1802,4.520898110919759e-05
1163,167.874923071,7.167,4.520183914790132e-05
1164,167.9911474799992,6.5573,4.5194670625555604e-05
1165,168.10834251599954,7.3934,4.518747130240739e-05
1166,168.2240272050003,6.5081,4.518024324253087e-05
1167,168.33990713099956,6.3542,4.517311563074078e-05
1168,168.45654886800003,7.0532,4.516582621104943e-05
1169,168.5721308129996,6.2463,4.515862180228396e-05
1170,168.68756914999904,6.6675,4.5151619757777814e-05
1171,168.8017667619988,7.4509,4.514449414395063e-05
1172,168.9151829629991,6.3312,4.5137440699197585e-05
1173,169.03168362499855,7.2286,4.513044260327166e-05
1174,169.14982450499883,7.369,4.512324873376549e-05
1175,169.2651523429995,6.9479,4.511596119950618e-05
1176,169.38274140300018,7.2769,4.510879237753092e-05
1177,169.4978389579992,6.7397,4.510154987314814e-05
1178,169.61722439000005,7.1028,4.509447139512349e-05
1179,169.73117875800017,6.5601,4.508710566969136e-05
1180,169.84817491399917,6.0044,4.5080069880370366e-05
1181,169.96387545699872,6.7523,4.50728540193828e-05
1182,170.08021758099858,6.8377,4.506570648919759e-05
1183,170.19602391899934,6.7571,4.5058527349506166e-05
1184,170.31342465799935,6.8381,4.505137302413583e-05
1185,170.42941524999878,7.192,4.5044121266851844e-05
1186,170.53892986499886,6.792,4.503697233549382e-05
1187,170.65604335100033,7.5473,4.503021576919759e-05
1188,170.7719499879986,7.2373,4.5022985697654314e-05
1189,170.8890735770001,7.1774,4.501582707648157e-05
1190,171.00479003999862,6.882,4.5008557509197573e-05
1191,171.11921604899908,7.0915,4.500144919098771e-05
1192,171.23443215299994,5.9905,4.4994395028148176e-05
1193,171.3478768039986,6.5226,4.498727219018517e-05
1194,171.46388543699868,7.2704,4.498026896172846e-05
1195,171.58043047799947,7.1745,4.497311566580248e-05
1196,171.6963149259991,7.3073,4.49659381403704e-05
1197,171.8103406779992,6.7793,4.4958767551666647e-05
1198,171.92611011000008,6.7938,4.495173445283949e-05
1199,172.04325695899934,6.8859,4.494458419012349e-05
1200,172.1598007419998,6.8499,4.4937337046543195e-05
1201,172.27464366499953,5.782,4.493014479759265e-05
1202,172.39117644199905,6.4685,4.4923057604197586e-05
1203,172.50849475099858,6.6091,4.4915877311975386e-05
1204,172.6216708840002,7.2287,4.4908497417037096e-05
1205,172.73605997399864,6.6029,4.4901650841975314e-05
1206,172.85038283699942,6.9651,4.489458293771608e-05
1207,172.96615496599952,7.5418,4.4887525206543247e-05
1208,173.08017928699883,6.394,4.488039156617291e-05
1209,173.19480222199854,6.9212,4.487331626660498e-05
1210,173.31117481699948,7.3356,4.486626571302477e-05
1211,173.4294918309988,7.273,4.4859092994074117e-05
1212,173.54629428499902,7.2539,4.4851787329259346e-05
1213,173.66136051600006,7.0378,4.4844448717283985e-05
1214,173.77890399100033,6.5196,4.4837469408950686e-05
1215,173.89844954,7.0206,4.4830217387284e-05
1216,174.01343839899891,6.571,4.482281640327169e-05
1217,174.12235605099886,7.3181,4.481574178956798e-05
1218,174.2371415359994,7.5841,4.480903144537041e-05
1219,174.351331803,6.7721,4.4801924477901316e-05
1220,174.4671450019996,6.9274,4.479487064314818e-05
1221,174.58474716399905,7.1821,4.478772147839506e-05
1222,174.70014230099878,5.9684,4.4780477326172825e-05
1223,174.81009759699919,6.9086,4.477334732444444e-05
1224,174.92768442399938,6.7294,4.476656468185192e-05
1225,175.0454238379989,6.4117,4.4759302323765485e-05
1226,175.163186632999,7.0779,4.475202799962972e-05
1227,175.2791523069991,7.3089,4.474476852611116e-05
1228,175.39658063899878,7.3408,4.4737605781975386e-05
1229,175.50998719999916,5.8101,4.4730366910679e-05
1230,175.62689598999896,7.1126,4.4723357746358076e-05
1231,175.74425474999953,5.8551,4.471615684302468e-05
1232,175.860906119,7.2764,4.4708866890740764e-05
1233,175.97476276199995,6.5896,4.4701692284074126e-05
1234,176.08826290099933,7.4391,4.469466194475315e-05
1235,176.2021212669988,6.6883,4.4687661715185224e-05
1236,176.31770274599876,6.8504,4.468063392592594e-05
1237,176.43362272099876,7.1237,4.467347793086424e-05
1238,176.55098024399922,6.8275,4.466632759592594e-05
1239,176.66599575799955,7.0293,4.4659091818209876e-05
1240,176.78319534599905,6.4967,4.465197469740748e-05
1241,176.8988323449994,6.8074,4.464473868388897e-05
1242,177.01570426599937,7.5983,4.463761143753092e-05
1243,177.12970648199916,6.316,4.4630388684629646e-05
1244,177.246191627999,5.417,4.462336814913586e-05
1245,177.35520178499974,7.2622,4.4616173810802456e-05
1246,177.4718844099989,6.9893,4.4609458486543245e-05
1247,177.58630539799924,7.3415,4.46022348335803e-05
1248,177.70393280200005,7.1675,4.459517973672844e-05
1249,177.81936039599896,7.0129,4.4587857489691434e-05
1250,177.93480897500012,6.892,4.4580773874567974e-05
1251,178.05197232599858,6.6312,4.45736679411729e-05
1252,178.16810468099902,6.3776,4.456644761018517e-05
1253,178.28477495999869,7.5456,4.455928260753095e-05
1254,178.39976463399944,6.9994,4.4552079469012374e-05
1255,178.51520870899913,5.0441,4.4544974657592657e-05
1256,178.6306249979989,7.0611,4.453783747160495e-05
1257,178.74451479900017,5.0057,4.453072829290126e-05
1258,178.8613354299996,6.8218,4.4523688220185174e-05
1259,178.97861472600016,7.8016,4.451648913413582e-05
1260,179.08824071599884,6.9029,4.4509241922963016e-05
1261,179.20547643099962,6.9,4.450242537919756e-05
1262,179.3209016210003,6.6571,4.4495109165370455e-05
1263,179.4350836579997,6.6272,4.4488111293703696e-05
1264,179.5528965729991,7.0902,4.448105707432099e-05
1265,179.668989804999,6.9104,4.447381347839512e-05
1266,179.78464420699856,6.8584,4.446662828018524e-05
1267,179.9006784079993,6.6966,4.445948318358026e-05
1268,180.01456826999856,5.6342,4.445233032765434e-05
1269,180.12727719699978,7.0804,4.444523633802475e-05
1270,180.2417335609989,7.0619,4.443833631771612e-05
1271,180.35897097499947,6.5487,4.4431276389135817e-05
1272,180.4697524259991,7.1967,4.442406095129638e-05
1273,180.58362687800036,6.9492,4.441719995790125e-05
1274,180.702889881999,6.3709,4.4410171828148135e-05
1275,180.8197363629988,6.9811,4.4402817254753095e-05
1276,180.93748876399877,7.4871,4.43956030113581e-05
1277,181.05209900799855,6.8157,4.438833123333333e-05
1278,181.16980270899876,7.2364,4.4381184950370436e-05
1279,181.2868157849989,6.601,4.437399557660492e-05
1280,181.40372159700019,6.5608,4.436676662814815e-05
1281,181.51661992699883,7.126,4.435950977259258e-05
1282,181.631118108,6.4131,4.4352530826605e-05
1283,181.7470680539991,6.7747,4.4345495725926e-05
1284,181.86132080399875,7.777,4.43383634750618e-05
1285,181.97396282299997,6.5613,4.4331305098580236e-05
1286,182.08829806500034,6.6314,4.432435171666671e-05
1287,182.2046113109991,6.975,4.431727794358031e-05
1288,182.31842408800003,6.962,4.43101137773457e-05
1289,182.43061519299954,6.7816,4.4303087912160515e-05
1290,182.5474014169995,6.9988,4.42961528493828e-05
1291,182.66103230499903,5.5106,4.4288952439135894e-05
1292,182.7776746039999,6.8551,4.428192874407412e-05
1293,182.89262646799943,6.4873,4.4274741136111104e-05
1294,183.00797595499898,7.4594,4.426764426685185e-05
1295,183.12418524699933,7.0529,4.4260520518148135e-05
1296,183.2382210809992,6.2686,4.425334642648152e-05
1297,183.35418763599955,7.4899,4.4246301784135845e-05
1298,183.4706538779992,7.4027,4.423915661339514e-05
1299,183.5863799259987,6.6554,4.423192287123455e-05
1300,183.7000201769988,6.5616,4.422481450790128e-05
1301,183.8138199719997,6.5519,4.421781091209877e-05
1302,183.93267172699962,7.7656,4.4210767421851915e-05
1303,184.04763192099927,7.1496,4.420343678709882e-05
1304,184.1624340620001,7.0511,4.4196339731851946e-05
1305,184.28019204999873,6.879,4.418926823839515e-05
1306,184.39595617600025,7.2727,4.418199330481485e-05
1307,184.51096156099993,4.5238,4.4174829562654377e-05
1308,184.62308579899945,7.521,4.416774452444444e-05
1309,184.73981455299872,7.1714,4.4160815190123484e-05
1310,184.85535299799994,6.4477,4.4153619580555544e-05
1311,184.97073423099937,6.813,4.414649211166672e-05
1312,185.08521893899888,6.5969,4.413926177987658e-05
1313,185.20141633599997,6.692,4.413229347148153e-05
1314,185.31973086799917,7.2978,4.4125110479321006e-05
1315,185.4380036499988,6.907,4.411782334740744e-05
1316,185.55361327199898,6.8059,4.411053033444446e-05
1317,185.67108098300014,7.4807,4.410337163888898e-05
1318,185.78692059099922,6.254,4.409612856104947e-05
1319,185.9057233980002,7.578,4.408899329129636e-05
1320,186.02256119999947,7.0447,4.40816530834568e-05
1321,186.14058311199915,7.4121,4.407430748746916e-05
1322,186.26107063000018,6.9122,4.4067149282654336e-05
1323,186.37687097699927,7.221,4.405966756395061e-05
1324,186.49408115000006,7.0862,4.4052563887592637e-05
1325,186.61276973299937,7.0415,4.404532428067909e-05
1326,186.72900133199983,6.7094,4.403800675518523e-05
1327,186.84612774800007,7.374,4.403081836845682e-05
1328,186.9634250759991,6.1652,4.4023575308333364e-05
1329,187.0806531219987,6.625,4.401632990024693e-05
1330,187.1965861769986,7.0104,4.400911192493828e-05
1331,187.31443848299932,5.9674,4.4001933531543295e-05
1332,187.43109375199856,7.1212,4.399466706018521e-05
1333,187.54685431399957,7.5403,4.398748335648151e-05
1334,187.66268541799946,7.3837,4.398034210216051e-05
1335,187.77778458399916,7.1485,4.397318800820987e-05
1336,187.89292001399917,7.4841,4.396605605845679e-05
1337,188.00917657299942,7.9185,4.395897572549389e-05
1338,188.12742169599915,7.0916,4.395180066450624e-05
1339,188.2436961679996,6.0914,4.394450568166666e-05
1340,188.36059480599943,6.452,4.3937312104567976e-05
1341,188.47768886999984,7.4528,4.393011927320992e-05
1342,188.5935959519993,7.328,4.392287914425932e-05
1343,188.70992890399975,6.894,4.391573924117292e-05
1344,188.82466154899885,6.6572,4.390855745129635e-05
1345,188.94177227099863,6.8091,4.3901464814135795e-05
1346,189.05769450299886,7.6589,4.389424288370371e-05
1347,189.17454165100025,7.33,4.3887081501111146e-05
1348,189.29094519499995,5.6226,4.3879882329444436e-05
1349,189.40710313699856,6.9222,4.387266365543209e-05
1350,189.523092256999,7.4367,4.3865516202283996e-05
1351,189.64165447699997,6.9034,4.38583200758025e-05
1352,189.75953341999957,7.1841,4.385104229487656e-05
1353,189.87924238399864,6.2715,4.3843752655925927e-05
1354,189.99440878799942,6.2801,4.3836324913888944e-05
1355,190.11354484499861,7.2936,4.382925296135808e-05
1356,190.2309431699996,6.023,4.3821911308703785e-05
1357,190.3472764170001,6.0631,4.381465547814818e-05
1358,190.46295446399927,6.7903,4.380744979635803e-05
1359,190.5795964579993,6.375,4.380033056160497e-05
1360,190.6976323229992,6.4751,4.3793132969814886e-05
1361,190.81364217699956,6.4992,4.3785863566111146e-05
1362,190.93224029500016,7.8315,4.377868375580246e-05
1363,191.04691264499888,7.4453,4.377136649043218e-05
1364,191.16196486099943,7.4473,4.376429326419755e-05
1365,191.27897011799905,6.03,4.375719160259265e-05
1366,191.3943016789999,7.4484,4.3749958844506226e-05
1367,191.50514569000006,7.258,4.374271513314819e-05
1368,191.62191051599984,6.0292,4.3736011499135834e-05
1369,191.738702790999,7.2085,4.372877909197536e-05
1370,191.85482500699982,6.5169,4.372158863129631e-05
1371,191.97083094799927,6.7524,4.371441371740741e-05
1372,192.08612061699932,6.684,4.370725115962968e-05
1373,192.20323015599934,6.961,4.370013357592592e-05
1374,192.31927197099867,7.1186,4.369291505358023e-05
1375,192.42963510799927,7.342,4.368574928024693e-05
1376,192.54672908799876,7.2987,4.367893893876543e-05
1377,192.66225797100014,6.1248,4.367169487740745e-05
1378,192.77926457499962,5.8392,4.366457676925929e-05
1379,192.8955691889987,6.5145,4.365735698166668e-05
1380,193.01105259399992,6.2966,4.3650173374691445e-05
1381,193.12868941799934,7.3645,4.3643056094012345e-05
1382,193.24666114699903,6.4296,4.363578024339505e-05
1383,193.36618543300028,7.5222,4.362849835604945e-05
1384,193.48347241800002,7.487,4.36211123477778e-05
1385,193.600711572999,7.1089,4.3613851599444436e-05
1386,193.7165329749987,6.7047,4.360664539191357e-05
1387,193.83362048100025,6.8767,4.359949186487658e-05
1388,193.95428963599988,7.2058,4.3592269990308694e-05
1389,194.06939885700012,7.6747,4.358483547000005e-05
1390,194.18551761399976,6.4872,4.357771132512347e-05
1391,194.30114818999937,7.6609,4.3570544339135844e-05
1392,194.41727213299964,6.4041,4.356341709882717e-05
1393,194.53269359200021,6.6645,4.3556234272530867e-05
1394,194.65032397199866,7.212,4.3549127626049404e-05
1395,194.7594980949998,7.4639,4.354186404030871e-05
1396,194.8788381279992,7.1472,4.353512295296298e-05
1397,194.99619566199908,6.7304,4.352775923734571e-05
1398,195.11124864699923,6.2649,4.3520517386049405e-05
1399,195.22724678299892,6.8597,4.35134050257408e-05
1400,195.3426261200002,6.6532,4.350623816086418e-05
1401,195.4602725099994,6.2523,4.3499134003703734e-05
1402,195.57591238199893,6.9517,4.349186195413585e-05
1403,195.69257615099923,7.4995,4.3484705198765444e-05
1404,195.80888772099934,5.6014,4.34775244492593e-05
1405,195.92711945999872,5.9236,4.347035448660499e-05
1406,196.04418249799892,7.636,4.346301808277778e-05
1407,196.16072035199977,7.1148,4.3455817496172884e-05
1408,196.27755629899912,7.0945,4.3448624504567926e-05
1409,196.39544033699894,7.4527,4.344141457543213e-05
1410,196.5105562589997,7.0156,4.3434083800925974e-05
1411,196.6262324849995,7.0863,4.342702091049388e-05
1412,196.74358192699947,7.5713,4.341989560277779e-05
1413,196.85715862899997,7.2519,4.341263869888898e-05
1414,196.97475522700006,6.8587,4.340562287277784e-05
1415,197.0853894539996,7.1005,4.339837471919762e-05
1416,197.20253641499949,7.42,4.3391551696666756e-05
1417,197.3196801769991,7.4274,4.338431777351852e-05
1418,197.43783681099922,6.3434,4.337708193623459e-05
1419,197.55406737799967,6.5741,4.336978555277777e-05
1420,197.67198071799976,6.6117,4.33626164222223e-05
1421,197.78834093499972,6.026,4.335530827604942e-05
1422,197.90201748300024,6.1835,4.3348126328086506e-05
1423,198.01784289100033,4.9317,4.334105955043217e-05
1424,198.13367190099962,6.9138,4.333399195691359e-05
1425,198.2479861390002,6.3483,4.332683637870375e-05
1426,198.3643316509988,7.015,4.331974696370371e-05
1427,198.4811502479988,6.0341,4.331257679944451e-05
1428,198.59114176099865,7.1447,4.330536693000009e-05
1429,198.70903794900005,7.1253,4.329860204253091e-05
1430,198.82439807899937,6.9841,4.329131879858032e-05
1431,198.93797540099877,5.3866,4.328418527012353e-05
1432,199.05333634399904,6.984,4.32771835474075e-05
1433,199.1618402639997,6.6725,4.3270065210185244e-05
1434,199.27819072799866,7.4156,4.326337443888889e-05
1435,199.39614183399863,7.3079,4.3256194748888945e-05
1436,199.5125682729995,6.832,4.324878028166674e-05
1437,199.6216417529995,6.9676,4.324172581308642e-05
1438,199.73887517000003,6.7796,4.3234998910493906e-05
1439,199.8547384550002,7.0173,4.3227771219382794e-05
1440,199.9693173199994,6.4211,4.322059850666667e-05
1441,200.0850832420001,6.4895,4.321352837327163e-05
1442,200.2006982969997,6.3672,4.3206379253518516e-05
1443,200.31612702100028,7.6024,4.319922965913582e-05
1444,200.43260630799887,6.9711,4.319212036833332e-05
1445,200.546356163999,5.5687,4.3184912598209945e-05
1446,200.66179916299916,6.6703,4.317789309487653e-05
1447,200.77517251099925,5.8442,4.317075936166666e-05
1448,200.89053686099942,7.0087,4.3163769181296354e-05
1449,201.005416349999,7.0713,4.315665848722223e-05
1450,201.12059843599855,7.2803,4.314956682012345e-05
1451,201.23032512099962,7.8273,4.3142455866049385e-05
1452,201.34712889099865,7.279,4.3135693117469214e-05
1453,201.46753519099912,7.1222,4.312846430802477e-05
1454,201.5837101599991,6.747,4.3121036591419737e-05
1455,201.70096099599868,6.5545,4.3113874383827216e-05
1456,201.82097411199902,7.3504,4.310663682962963e-05
1457,201.93708358799995,6.9202,4.309912608709875e-05
1458,202.0532218419994,7.1604,4.3092048505925933e-05
1459,202.1729516180003,7.2612,4.3084882228950616e-05
1460,202.2918700859991,6.7495,4.3077487576358046e-05
1461,202.40764056999978,5.9888,4.3070146092037074e-05
1462,202.52282804099923,7.158,4.306287190518527e-05
1463,202.632599949,6.8829,4.3055898429135856e-05
1464,202.74736885899983,5.6825,4.304914531191357e-05
1465,202.86220213399974,7.1356,4.304204673814818e-05
1466,202.97672237699953,7.3743,4.303495349987652e-05
1467,203.09184714299954,6.9606,4.3027881662160495e-05
1468,203.21037457199964,6.6583,4.3020783615925944e-05
1469,203.32812522600034,6.853,4.301346359728401e-05
1470,203.44577572599883,7.0703,4.3006196628395045e-05
1471,203.56109405999996,6.7698,4.299893777043216e-05
1472,203.676840868,5.7619,4.299179132160494e-05
1473,203.7926999499996,6.3856,4.298467498469142e-05
1474,203.90882280099868,6.5098,4.2977513632716036e-05
1475,204.0227034849995,6.842,4.2970354237283946e-05
1476,204.1360160160002,7.2504,4.2963315838765476e-05
1477,204.25249824999992,6.9198,4.295629866981483e-05
1478,204.3704131300001,6.7342,4.2949136058580253e-05
1479,204.48687275199882,6.4796,4.294174241148147e-05
1480,204.60172998399867,6.9221,4.293465935049381e-05
1481,204.71681594899928,6.5152,4.292757362160495e-05
1482,204.83369240999855,7.2375,4.2920466989814856e-05
1483,204.94928949099994,6.5037,4.291326172123466e-05
1484,205.06806941099967,7.3496,4.2906128705000005e-05
1485,205.18358495699977,6.6955,4.2898750320432164e-05
1486,205.29907916499906,6.4566,4.289163447154329e-05
1487,205.41587650399924,7.2994,4.288438795728404e-05
1488,205.52892540299945,3.9091,4.287726369271605e-05
1489,205.64213534999908,5.7979,4.2870314373456854e-05
1490,205.7586829519987,6.9753,4.286321703080246e-05
1491,205.875602221,6.3834,4.285602991382724e-05
1492,205.9929476139987,7.2429,4.284893237753087e-05
1493,206.1097476319992,7.0427,4.284168791672842e-05
1494,206.22547686799953,6.8459,4.283450115790132e-05
1495,206.33801090499946,5.4123,4.282734566851857e-05
1496,206.45409288500014,6.8492,4.282037402339506e-05
1497,206.57127053099975,7.1961,4.281319269339505e-05
1498,206.68586534399947,6.9746,4.2806000421481565e-05
1499,206.80128589899869,6.9834,4.279891821895069e-05
1500,206.9201232129999,6.9766,4.2791810313333316e-05
1501,207.03833620099977,6.3684,4.278447414660498e-05
1502,207.15759611700014,7.2525,4.2777053596049386e-05
1503,207.26795456699983,6.9379,4.276976399685186e-05
1504,207.38623944000028,7.1755,4.2762990054876625e-05
1505,207.50354901299943,7.2013,4.275569347018524e-05
1506,207.6211259569991,7.1735,4.27484385338272e-05
1507,207.73835902499923,7.1653,4.274117122635806e-05
1508,207.8549729869992,6.2664,4.27339454670988e-05
1509,207.97079920599936,6.6304,4.272674703339508e-05
1510,208.08776167199903,6.2489,4.271959712759265e-05
1511,208.20413796199864,6.646,4.271237494574075e-05
1512,208.32273598999927,6.7236,4.270519021314815e-05
1513,208.43894708699918,7.5691,4.269786804259268e-05
1514,208.55487343299865,4.8018,4.269071166037043e-05
1515,208.66896845599877,6.2475,4.268351543253091e-05
1516,208.78545115399902,7.3676,4.26765050577161e-05
1517,208.9012442129988,7.5825,4.266931802135804e-05
1518,209.01852098400013,7.3028,4.266215238549385e-05
1519,209.1356153859997,7.0189,4.2654929424506245e-05
1520,209.24555621000036,6.9916,4.264770578623456e-05
1521,209.36440999099977,6.7076,4.264092725333341e-05
1522,209.48256186599974,7.1084,4.2633600502469205e-05
1523,209.6007184989994,6.0487,4.262627961290132e-05
1524,209.71744962399862,7.574,4.2618995387469183e-05
1525,209.8338596550002,6.6505,4.261179579228403e-05
1526,209.95151999599875,6.5876,4.2604601627160526e-05
1527,210.06873000700034,6.5742,4.259734845444453e-05
1528,210.184946071,6.7911,4.2590099883395124e-05
1529,210.3017894929999,6.7269,4.2582931312283985e-05
1530,210.4178408429998,7.2079,4.257571600567902e-05
1531,210.5331624169994,6.4792,4.256855689160496e-05
1532,210.64825321900025,5.4592,4.2561427885061734e-05
1533,210.763917065,7.2189,4.255433094993833e-05
1534,210.88092212499942,7.092,4.254718881345688e-05
1535,210.99746057999982,6.018,4.2539944305617276e-05
1536,211.11378100599904,7.178,4.2532779287901264e-05
1537,211.22644435300026,5.1337,4.252559094135803e-05
1538,211.34022241899947,5.737,4.251862965481485e-05
1539,211.45384129800004,4.6429,4.2511613311975296e-05
1540,211.56870235699898,6.3579,4.2504598427963004e-05
1541,211.68983101399863,7.1382,4.249745788179019e-05
1542,211.80457994099925,6.0085,4.2490025198888896e-05
1543,211.92305653599942,7.3383,4.2482950582530914e-05
1544,212.0389127899998,6.7107,4.247563563691366e-05
1545,212.15464701499877,6.4012,4.246848937537037e-05
1546,212.27120482899954,5.5685,4.246134148314822e-05
1547,212.3884982489999,6.2176,4.2454152882592664e-05
1548,212.5040252359995,6.5038,4.2446869318148154e-05
1549,212.6213913399988,6.0404,4.2439783301296314e-05
1550,212.73506501599877,5.0417,4.24325161171605e-05
1551,212.84773159299948,6.3334,4.2425505819814874e-05
1552,212.96202215099947,6.5885,4.241855815950624e-05
1553,213.07720064599926,5.9465,4.2411496904506174e-05
1554,213.1931108689987,6.5508,4.2404377726851875e-05
1555,213.30974957699982,6.2594,4.239723610197534e-05
1556,213.42740181799854,6.2561,4.239005195938273e-05
1557,213.54512041199996,6.4767,4.23827692662346e-05
1558,213.66352382900004,6.367,4.2375383069814876e-05
1559,213.78042507200007,7.3791,4.236820349524699e-05
1560,213.89562908900007,6.6545,4.236098882166673e-05
1561,214.01194739699895,7.4474,4.235386187654322e-05
1562,214.12867951599947,6.7901,4.234668843938279e-05
1563,214.2384318200002,6.597,4.2339491161234645e-05
1564,214.34825988299963,7.1282,4.233272606555563e-05
1565,214.46297377500014,6.4926,4.23259475060494e-05
1566,214.5797416309997,7.0749,4.2318844457592635e-05
1567,214.6997803710001,6.8463,4.231164524092593e-05
1568,214.8128296369996,5.0583,4.2304238343888944e-05
1569,214.93003354999928,7.6608,4.229726053216051e-05
1570,215.0486046240003,6.8498,4.2290025684814854e-05
1571,215.16727780399924,6.1755,4.228270766148157e-05
1572,215.28455234399917,6.4709,4.2275238679691406e-05
1573,215.40299520400004,6.7848,4.2268139243086485e-05
1574,215.5203952840002,7.3752,4.22608162367284e-05
1575,215.63686381299885,6.9085,4.225358684240746e-05
1576,215.75441814499936,7.2238,4.22463959623457e-05
1577,215.87353105699913,6.5924,4.223914102950616e-05
1578,215.98972303899973,6.8066,4.223171770382724e-05
1579,216.10350908999862,6.3211,4.2224603962654385e-05
1580,216.2219141509995,7.0295,4.221752091160493e-05
1581,216.33678065999993,6.7265,4.221029047444445e-05
1582,216.45330840899987,6.7877,4.22031818241976e-05
1583,216.5690917339998,6.7733,4.219599690018522e-05
1584,216.6874455519992,6.6464,4.21887615228395e-05
1585,216.8039732870002,7.0835,4.2181535498580335e-05
1586,216.92119949599874,6.3968,4.2174205921975374e-05
1587,217.03898461799872,7.158,4.216710365160503e-05
1588,217.1551824170001,6.2607,4.215982817462971e-05
1589,217.27118118900034,6.4239,4.215262062111115e-05
1590,217.38857286799976,6.7207,4.214550591932101e-05
1591,217.50645311699918,7.3935,4.2138262927284005e-05
1592,217.62160073499945,6.2131,4.213098336956799e-05
1593,217.74096876600015,6.6688,4.2123875986296334e-05
1594,217.85903811199933,6.5925,4.211648255808642e-05
1595,217.9781916209995,6.941,4.2109212965123454e-05
1596,218.09267391999856,5.5735,4.210185798351856e-05
1597,218.20748577599988,6.6236,4.209478311685192e-05
1598,218.3245093810001,7.3428,4.20877142643827e-05
1599,218.4419218969997,6.8878,4.208050147820988e-05
1600,218.55746736199944,6.7438,4.2073190741790135e-05
1601,218.67397107800025,6.2305,4.206611134666673e-05
1602,218.7924833119996,7.3377,4.205891939271607e-05
1603,218.90734352599975,7.2845,4.205161168197534e-05
1604,219.02306324599886,6.5007,4.2044499676790164e-05
1605,219.13900328699856,6.63,4.203737559746919e-05
1606,219.25713742900007,5.6603,4.203020679808645e-05
1607,219.3735923610002,6.635,4.202287162512344e-05
1608,219.4882371499989,6.826,4.201572052518523e-05
1609,219.6109434889986,6.6028,4.200864626530864e-05
1610,219.7276442429993,6.2126,4.200105977858023e-05
1611,219.84545984000033,7.2205,4.199386808327167e-05
1612,219.96320888399896,6.8198,4.1986562093950657e-05
1613,220.08108211299987,7.3438,4.1979314021358015e-05
1614,220.19749493999916,6.1215,4.19720325308025e-05
1615,220.3140779489986,6.1613,4.196485372697534e-05
1616,220.4285147999999,6.3053,4.1957594589629714e-05
1617,220.54762739299986,6.8405,4.195060018907408e-05
1618,220.6657445669989,7.1533,4.1943248269321044e-05
1619,220.7819909409991,6.1633,4.193595423438278e-05
1620,220.89763271499942,5.1745,4.192878391469139e-05
1621,221.01353166700028,6.6386,4.192164474364201e-05
1622,221.13109209199865,6.8803,4.191448547259263e-05
1623,221.2479089289991,6.3491,4.190723899086421e-05
1624,221.3635838049995,5.6413,4.190002573746914e-05
1625,221.47915612699944,6.8918,4.189288270518526e-05
1626,221.59626291399945,6.9368,4.1885759025864204e-05
1627,221.71224674599944,6.4923,4.1878525521728484e-05
1628,221.8296550819996,6.9405,4.1871357305000046e-05
1629,221.94588784499865,5.9033,4.186412405469139e-05
1630,222.06155418399976,6.2801,4.1856946488765456e-05
1631,222.1745765279993,5.8697,4.1849786606728435e-05
1632,222.29098828899987,7.2552,4.184282304561737e-05
1633,222.40760006399978,6.6883,4.183560750925933e-05
1634,222.5240627359999,7.2789,4.1828426903148174e-05
1635,222.64118195799892,5.2988,4.1821243689691424e-05
1636,222.75610330499876,6.9146,4.1814034349321066e-05
1637,222.873618530999,6.963,4.180693650500006e-05
1638,222.994285408,6.7352,4.17996738548148e-05
1639,223.11013572199954,6.257,4.179223151240741e-05
1640,223.2252557089996,6.7811,4.178505528290131e-05
1641,223.3401373839988,7.0557,4.1777974478703714e-05
1642,223.45548412599965,5.9165,4.177087660259261e-05
1643,223.569887620999,6.2668,4.176373426283955e-05
1644,223.68475145699995,6.3662,4.175670301185187e-05
1645,223.80244466699878,7.3001,4.174961066493835e-05
1646,223.91895004599974,6.0712,4.174230054228404e-05
1647,224.0349677869999,7.1918,4.1735152543209956e-05
1648,224.14888959999917,4.4371,4.172799487407415e-05
1649,224.263909153,6.3696,4.1720944976234565e-05
1650,224.37819238999873,6.136,4.171385611074079e-05
1651,224.49238783299916,6.4431,4.170680259654322e-05
1652,224.6091120330002,6.8558,4.16997483956173e-05
1653,224.72564309399968,5.6654,4.16925499929013e-05
1654,224.84384314499948,6.4786,4.1685373208271624e-05
1655,224.9604277189992,5.7314,4.167806569240743e-05
1656,225.07574474099965,7.1261,4.167087269432103e-05
1657,225.19250727799954,6.4673,4.16637497755556e-05
1658,225.3102426810001,7.1291,4.1656531933148146e-05
1659,225.4261287319987,6.4714,4.164927557222228e-05
1660,225.54256228899976,6.4241,4.16421066568519e-05
1661,225.66004374399927,6.4604,4.163492559382722e-05
1662,225.77577538399964,6.6499,4.1627682995123545e-05
1663,225.89306681299968,5.569,4.1620524172777765e-05
1664,226.01100116999987,6.034,4.161327712895063e-05
1665,226.12772131999918,6.9974,4.160601299938275e-05
1666,226.24437497899999,5.6671,4.159880411296298e-05
1667,226.3587577219987,7.2487,4.159160210401235e-05
1668,226.47772228099893,7.4394,4.1584541996728464e-05
1669,226.5945069469999,6.5597,4.15770824461729e-05
1670,226.71129094999924,6.807,4.1570001702777835e-05
1671,226.82636453299892,6.0342,4.15627900156173e-05
1672,226.94002861300032,6.4841,4.155568886685188e-05
1673,227.056522036999,6.8069,4.154865124635807e-05
1674,227.17462722900018,7.0296,4.154146687419755e-05
1675,227.28788654900018,6.5651,4.153419340407406e-05
1676,227.4014015419998,5.5654,4.1527175759444424e-05
1677,227.51707290099876,6.263,4.152014061635805e-05
1678,227.63052505799897,5.6591,4.151302818185185e-05
1679,227.74620119199972,5.6679,4.150603918987661e-05
1680,227.8632330519995,7.1033,4.1498899914629674e-05
1681,227.98064112799875,7.1765,4.149168252938277e-05
1682,228.09641858299983,6.5499,4.1484423114135875e-05
1683,228.21281313299914,6.5918,4.1477272267962966e-05
1684,228.32717130699893,5.9922,4.147008803345682e-05
1685,228.44178918299986,6.2268,4.146301598407409e-05
1686,228.55809719599893,7.1315,4.1455862617777815e-05
1687,228.67369873499956,6.5944,4.1448792274814866e-05
1688,228.7907698199997,7.2759,4.144165188086419e-05
1689,228.9085846809994,5.9532,4.143443677623464e-05
1690,229.02486657000009,6.5011,4.142714393919758e-05
1691,229.14140467299876,6.637,4.1419961449321e-05
1692,229.25667359599902,6.6534,4.1412772855000086e-05
1693,229.37449614199977,6.9024,4.140564438172842e-05
1694,229.49068949199864,6.734,4.1398400658642045e-05
1695,229.60555796500012,5.9442,4.1391216536666673e-05
1696,229.71852263300025,7.1678,4.138411963845685e-05
1697,229.8358257279997,7.2926,4.137714599524692e-05
1698,229.95339354299904,6.292,4.136990839209874e-05
1699,230.0719764309997,5.8897,4.1362650492716104e-05
1700,230.1893347899986,7.0916,4.1355202229938355e-05
1701,230.305065474,6.3974,4.1348080561234656e-05
1702,230.41934100599974,6.7291,4.1340947903209884e-05
1703,230.53806300699944,6.0004,4.133388178123464e-05
1704,230.6527086999995,6.503,4.1326549363703736e-05
1705,230.7691458549998,5.9492,4.1319494229938295e-05
1706,230.8857675219988,7.1358,4.131231204753089e-05
1707,231.00167573199906,5.5305,4.130505546703705e-05
1708,231.1161351009996,6.8227,4.129794409962965e-05
1709,231.2336892659987,6.2753,4.129074697518521e-05
1710,231.348447974,5.5828,4.1283616030679e-05
1711,231.46509304999927,6.298,4.1276543889691405e-05
1712,231.58187006499975,6.9889,4.12693464930864e-05
1713,231.70045893600036,6.7624,4.1262097118395126e-05
1714,231.81586626199896,6.5373,4.1254811906666744e-05
1715,231.93231431499953,7.4419,4.12476683477778e-05
1716,232.0489637819992,7.0484,4.1240479013580244e-05
1717,232.1641000419986,7.1212,4.1233300301049405e-05
1718,232.2742470840003,6.2475,4.1226189044135836e-05
1719,232.393377331,6.6247,4.1219395975802535e-05
1720,232.50934240899915,5.8207,4.1212024584691356e-05
1721,232.62649850100024,7.0439,4.120487307672844e-05
1722,232.74341522000032,6.436,4.1197646511234575e-05
1723,232.85810175299957,6.7679,4.1190440580926014e-05
1724,232.97699234299944,6.6726,4.118328268123465e-05
1725,233.09350045300016,7.1037,4.1176026229753084e-05
1726,233.2109540349993,7.0567,4.116882910728394e-05
1727,233.32606307700007,6.9849,4.1161565223888873e-05
1728,233.4433147689997,6.312,4.115446015858023e-05
1729,233.5580747690001,6.0824,4.114722570166673e-05
1730,233.6676018319995,7.5538,4.1140105527407446e-05
1731,233.78419408599984,7.1524,4.1133378055308664e-05
1732,233.9025119709986,7.3681,4.112617811925927e-05
1733,234.01933733999977,6.3878,4.111876845216057e-05
1734,234.13703079100014,6.9427,4.111153538148149e-05
1735,234.25491393999982,6.2371,4.110439927635806e-05
1736,234.3718460780001,5.681,4.1097133836913574e-05
1737,234.48742641399986,6.6248,4.108989248302474e-05
1738,234.60394254099992,7.424,4.1082754929197515e-05
1739,234.71898746499937,6.6559,4.107558756469144e-05
1740,234.83509663699988,6.6343,4.106848913123458e-05
1741,234.95106723299978,6.2627,4.1061317442901316e-05
1742,235.06587458499962,6.4099,4.105416164117293e-05
1743,235.17513967800005,7.5785,4.1047073413209893e-05
1744,235.28896715999872,4.7291,4.1040334273395144e-05
1745,235.40488468900003,6.7825,4.1033299132530844e-05
1746,235.52068663199861,7.2047,4.1026121902160515e-05
1747,235.63400926199938,6.1526,4.101899979141982e-05
1748,235.75008348099982,6.7288,4.101195018333334e-05
1749,235.867133800999,6.8582,4.100484781901242e-05
1750,235.98244260899992,6.9914,4.0997611425246974e-05
1751,236.09561431600014,6.4868,4.0990503742098746e-05
1752,236.2133677969996,6.4857,4.0983505800925934e-05
1753,236.33085884199863,7.2227,4.0976238262777836e-05
1754,236.44641753699943,6.5126,4.096898672969137e-05
1755,236.56430612300028,6.9987,4.096184348413581e-05
1756,236.6826236830002,4.0032,4.095458784388894e-05
1757,236.8025118810001,7.08,4.094726381740747e-05
1758,236.91989212399858,6.5412,4.0939759265679025e-05
1759,237.03583532099947,7.1465,4.0932616736172915e-05
1760,237.15027104599903,6.5195,4.0925470769074153e-05
1761,237.26537680699948,5.8382,4.091838978808651e-05
1762,237.38289986899872,6.7001,4.091130378722224e-05
1763,237.5008121769988,6.5767,4.090404994629633e-05
1764,237.6170130899991,6.231,4.089678193777779e-05
1765,237.7300529309996,6.6821,4.088960202604944e-05
1766,237.8443138069997,6.1957,4.088262502512351e-05
1767,237.962569203999,6.9932,4.087556203740748e-05
1768,238.07959603400013,6.6843,4.08682706611112e-05
1769,238.19465830899935,5.7963,4.0861040594629655e-05
1770,238.30970979499943,6.0567,4.085392600006176e-05
1771,238.42512042999988,6.1731,4.084683319092597e-05
1772,238.8751165119993,3.3077,4.083966960506171e-05
1773,238.99088902999938,7.194,4.081190682475316e-05
1774,239.10726558900024,6.9791,4.0804773223642006e-05
1775,239.2219045109996,6.2798,4.079753935716057e-05
1776,239.33735866200004,5.2952,4.079052552895069e-05
1777,239.45190911200007,6.9428,4.0783396435370404e-05
1778,239.57053571899996,6.9411,4.077632146475312e-05
1779,239.68738022700018,6.439,4.076892123864205e-05
1780,239.80583950099935,6.6874,4.076178975882725e-05
1781,239.92348886800028,6.7087,4.075434526080255e-05
1782,240.03944099899854,6.4426,4.074721830771613e-05
1783,240.15438173599978,6.585,4.073996695012351e-05
1784,240.26743222000005,6.5096,4.073296499314814e-05
1785,240.38322045600034,7.5135,4.0725981594629656e-05
1786,240.4979019429993,3.7394,4.071884136506171e-05
1787,240.61345034799888,6.0837,4.071172851074074e-05
1788,240.72873326099943,6.1413,4.070462648432101e-05
1789,240.84323644100004,6.71,4.069749095296298e-05
1790,240.95825840999896,6.1863,4.0690442730370416e-05
1791,241.07322098999975,6.1957,4.068334522858028e-05
1792,241.18351182399965,7.1141,4.067624677648147e-05
1793,241.3031431039999,6.8153,4.066944902981488e-05
1794,241.4189961409993,6.9037,4.0662057787777816e-05
1795,241.53445660599937,6.8512,4.065489100148153e-05
1796,241.65029013799904,6.3359,4.0647772304197515e-05
1797,241.76599168099892,5.5797,4.064063595061731e-05
1798,241.88686972699907,7.0841,4.063348060172847e-05
1799,242.0039444519989,6.7802,4.0626021962716104e-05
1800,242.12141061199873,7.3867,4.06186586707408e-05
1801,242.23698705300012,7.1235,4.0611542753395045e-05
1802,242.35326835100022,6.6799,4.060441106858024e-05
1803,242.469703499999,6.9635,4.0597229347407464e-05
1804,242.58656655499908,5.6555,4.058989873981481e-05
1805,242.70392542700029,6.8169,4.0582831342222275e-05
1806,242.8192832599998,6.4098,4.057559480339512e-05
1807,242.9337003210003,5.4341,4.056845657308641e-05
1808,243.05171923200032,6.8078,4.0561297320740734e-05
1809,243.16839796400018,6.7943,4.055410178895065e-05
1810,243.28842189399984,6.4002,4.0546780469197606e-05
1811,243.4020058039987,3.2257,4.0539503373086485e-05
1812,243.52194704300018,7.0652,4.053248793697531e-05
1813,243.63917136099917,6.3697,4.0525089235246995e-05
1814,243.75432559099863,4.5313,4.051785832703708e-05
1815,243.86927389799894,6.7102,4.051074380938279e-05
1816,243.98466905500027,6.8672,4.050364779302476e-05
1817,244.0996672479996,5.9598,4.049653580537038e-05
1818,244.2181554460003,7.1269,4.048940471672846e-05
1819,244.33706098699986,6.952,4.048212217006174e-05
1820,244.4570914929991,7.3537,4.04747519630865e-05
1821,244.57484616500005,5.7162,4.046737050049385e-05
1822,244.69283926499884,6.8616,4.046009264444444e-05
1823,244.80884935099857,6.2252,4.045281525030863e-05
1824,244.92283731599855,6.1602,4.044564397314816e-05
1825,245.04000334199918,7.0191,4.0438593422222204e-05
1826,245.15668039799857,6.6482,4.043138102376552e-05
1827,245.2704039250002,6.4184,4.042417697956796e-05
1828,245.38687873299932,6.2414,4.041715411438272e-05
1829,245.5047838270002,6.4733,4.040990203203713e-05
1830,245.6220724729992,6.4623,4.0402696237469184e-05
1831,245.73846275699907,4.9979,4.039545789555553e-05
1832,245.85533370099984,7.1602,4.0388273034320976e-05
1833,245.97024541399878,6.3639,4.038104894716054e-05
1834,246.0840499019996,5.4048,4.0373949758086496e-05
1835,246.20134154199877,6.6953,4.036692560413581e-05
1836,246.31629181599965,6.4811,4.035964875216057e-05
1837,246.43145439399996,6.7701,4.0352583902962984e-05
1838,246.5467033189998,6.4318,4.034550723425924e-05
1839,246.66357585399965,6.9939,4.0338371886358085e-05
1840,246.78020807199937,6.3893,4.03311519775926e-05
1841,246.90096057799929,6.5954,4.032394779907412e-05
1842,247.01191845999892,6.388,4.0316394426358055e-05
1843,247.13111467199997,6.844,4.030966380500003e-05
1844,247.24832452499868,6.6989,4.030229649907405e-05
1845,247.36404326499905,6.9642,4.029506277956797e-05
1846,247.4805464789988,6.7706,4.0287896120185166e-05
1847,247.59515647399894,4.7959,4.028072708790127e-05
1848,247.71062110299863,6.3681,4.02736485218519e-05
1849,247.8298570320003,6.6655,4.02665246221605e-05
1850,247.9477640189998,6.4902,4.025916808888892e-05
1851,248.0640136080001,4.8008,4.025189372561727e-05
1852,248.18033420499887,6.1449,4.02447201987655e-05
1853,248.2966197730002,6.0756,4.0237525260802465e-05
1854,248.4166384629989,6.8812,4.0230352322777784e-05
1855,248.53160159899926,6.2769,4.022295920518524e-05
1856,248.6466270159999,6.0658,4.021584000104937e-05
1857,248.76359889899868,6.2157,4.020875299530866e-05
1858,248.88127129500026,7.1918,4.020153297975311e-05
1859,248.99858864299858,6.9974,4.0194260604753084e-05
1860,249.109939897,5.8353,4.018703611339513e-05
1861,249.22732645499855,6.4146,4.018015393179016e-05
1862,249.34537916099907,6.1786,4.017289361876543e-05
1863,249.46369872499963,6.8498,4.016561803135804e-05
1864,249.58084910399884,7.0498,4.015832265179014e-05
1865,249.70038121200014,6.7941,4.015108351574074e-05
1866,249.81776607899883,6.5953,4.01436997911729e-05
1867,249.93375058200036,5.7203,4.013645164166665e-05
1868,250.0488169049986,6.154,4.012929521808642e-05
1869,250.16528434300017,6.8018,4.012217487432102e-05
1870,250.2826405099986,7.2327,4.011501726086425e-05
1871,250.39922363599908,5.6724,4.0107767468024706e-05
1872,250.5137915790001,6.1341,4.0100563544938266e-05
1873,250.6303866879989,7.1313,4.009349393845685e-05
1874,250.74818641699858,7.1151,4.0086304238395065e-05
1875,250.86301172999993,6.0873,4.0079023840123486e-05
1876,250.97867618999953,7.1126,4.007194268364199e-05
1877,251.09486071799984,6.2399,4.0064758359197604e-05
1878,251.21141671399891,7.0507,4.005761654259263e-05
1879,251.32873183599986,6.4303,4.005041895913587e-05
1880,251.44732340599876,7.046,4.004318487623454e-05
1881,251.562223257999,6.3221,4.0035776535308703e-05
1882,251.67736772199896,6.0717,4.00287713633951e-05
1883,251.79213426499882,7.2062,4.0021649157592666e-05
1884,251.90726585599987,6.2396,4.001459196623458e-05
1885,252.01759208299882,6.404,4.0007488564506165e-05
1886,252.13379650699972,6.317,4.000067597481485e-05
1887,252.2492817099992,6.7682,3.9993499665679e-05
1888,252.36667742499958,6.8487,3.998637293987654e-05
1889,252.4855874299992,6.9694,3.997911931530864e-05
1890,252.603622360999,6.8211,3.997174119234573e-05
1891,252.72118053399936,6.9951,3.996448338567899e-05
1892,252.8382845819997,6.6588,3.995725165703705e-05
1893,252.95258949599884,5.4384,3.9950012732037025e-05
1894,253.06588309299877,5.3393,3.994294869969143e-05
1895,253.18262705799862,6.5427,3.993595231956791e-05
1896,253.29306323899982,6.5922,3.992872019629633e-05
1897,253.41223923299913,6.1556,3.9921928397592595e-05
1898,253.52825666599892,6.8011,3.991457612277777e-05
1899,253.64359417800006,6.6696,3.990735864759262e-05
1900,253.7530668189993,6.8591,3.9900291229320974e-05
1901,253.87027679899984,6.6211,3.989353175135808e-05
1902,253.98820499799876,5.7212,3.988629542845687e-05
1903,254.1045749519999,6.3801,3.9879011830617285e-05
1904,254.2180721549994,6.7704,3.987183166358029e-05
1905,254.33361879099903,6.7583,3.9864832398333316e-05
1906,254.45027532199856,6.6585,3.985769831382719e-05
1907,254.5636238419993,6.1838,3.98504904526543e-05
1908,254.67946876299902,6.6339,3.9843495605185205e-05
1909,254.79567224899984,6.4012,3.983633707981482e-05
1910,254.91349681499923,6.7954,3.982916473543215e-05
1911,255.02905799600012,6.8988,3.9821901977345675e-05
1912,255.14459294100016,7.2035,3.981477695000009e-05
1913,255.26256297299915,6.5451,3.980763655888894e-05
1914,255.3788036249989,6.0723,3.9800368056604933e-05
1915,255.49456240299878,6.3148,3.9793179360864245e-05
1916,255.61106441799893,6.8848,3.978603467987655e-05
1917,255.72567892499865,6.2327,3.9778860654567915e-05
1918,255.8412547249991,7.3018,3.9771762229382736e-05
1919,255.9580796600003,7.1987,3.976464221666666e-05
1920,256.0757262269999,7.2557,3.975742221432101e-05
1921,256.1926115739989,6.4339,3.9750166677777765e-05
1922,256.3048927789987,6.9888,3.974293697777778e-05
1923,256.4212041129995,5.7171,3.973602116555558e-05
1924,256.5377566619991,6.3905,3.9728833359382786e-05
1925,256.6541080629995,5.5555,3.972164112364203e-05
1926,256.7731859099986,6.3666,3.97143559802469e-05
1927,256.8888563499986,6.637,3.970710027882719e-05
1928,257.00636626399864,6.9076,3.969996868388888e-05
1929,257.1222993889987,6.7131,3.969271570012344e-05
1930,257.23881383499975,6.744,3.968555307481483e-05
1931,257.35709846899954,7.3144,3.967835449228398e-05
1932,257.47647582399986,7.5216,3.967107721734577e-05
1933,257.59315035799955,7.081,3.966368960518527e-05
1934,257.709912418999,6.9233,3.965649274407413e-05
1935,257.82622980199994,6.3534,3.964929294537044e-05
1936,257.94140257599975,6.8328,3.9642120736666756e-05
1937,258.057403883,6.3275,3.963499744648154e-05
1938,258.1732774909997,6.0918,3.962782508395063e-05
1939,258.28862447199936,6.3116,3.9620684470679005e-05
1940,258.4039761080003,6.0285,3.961357368339505e-05
1941,258.51711868599887,5.27,3.960645524475313e-05
1942,258.6376516149994,6.6928,3.959946182802474e-05
1943,258.7529245219994,6.3765,3.959201096611111e-05
1944,258.87017664799896,6.5449,3.958491265407416e-05
1945,258.98619908599903,6.6178,3.957767506339504e-05
1946,259.1030690150001,6.6842,3.9570503743888944e-05
1947,259.2188222629993,6.2327,3.956328933129639e-05
1948,259.3347534599998,6.6731,3.955615630462961e-05
1949,259.4515055510001,7.1326,3.954897856450625e-05
1950,259.56497180099905,4.8471,3.954177277154328e-05
1951,259.6789779359988,5.2639,3.95347638694445e-05
1952,259.7972434009989,6.8892,3.95277299677161e-05
1953,259.9140642579987,6.0857,3.952043409938271e-05
1954,260.0296941969991,6.9907,3.95132156172222e-05
1955,260.1466612719996,5.9178,3.9506060044506155e-05
1956,260.26180327600014,5.6905,3.949886730697539e-05
1957,260.37903909299894,6.7569,3.949177231432102e-05
1958,260.49561367099886,7.3325,3.948454105432103e-05
1959,260.6132687749996,5.9213,3.947732269641973e-05
1960,260.7303674859995,6.5717,3.94700758138889e-05
1961,260.84952451999925,6.2542,3.9462794755370424e-05
1962,260.9638957389998,5.3032,3.945549059611118e-05
1963,261.07878617299866,5.819,3.9448305950679056e-05
1964,261.19383362499866,5.7072,3.944132633506174e-05
1965,261.308822424,6.4617,3.943421819061735e-05
1966,261.42591420200006,6.1159,3.9427128810123545e-05
1967,261.544578514,6.4597,3.941990586469145e-05
1968,261.6617349449989,7.3968,3.941258422197538e-05
1969,261.7790442489986,6.9246,3.94053550915432e-05
1970,261.89380262899977,4.976,3.939810250308649e-05
1971,262.0094820539998,5.4441,3.939098543037042e-05
1972,262.12447470499865,6.3596,3.9383871955617314e-05
1973,262.2408466069992,6.0203,3.937675665246916e-05
1974,262.3587060129994,6.4544,3.9369577798395116e-05
1975,262.47534089299916,6.6999,3.936233214327163e-05
1976,262.5886453289986,5.6159,3.93551164227161e-05
1977,262.70394724200014,5.8256,3.934810570635807e-05
1978,262.82014248499945,5.7192,3.934101491672844e-05
1979,262.9360595830003,6.9903,3.933383305537041e-05
1980,263.0527947640003,5.9411,3.9326682040185196e-05
1981,263.17079710599864,6.0927,3.931948047839504e-05
1982,263.2862914039997,4.9758,3.931219309209885e-05
1983,263.4024947409998,6.4436,3.9305049212654335e-05
1984,263.5194446869991,5.6624,3.929789826864203e-05
1985,263.63586253299945,6.4123,3.9290671177716125e-05
1986,263.75277263799944,7.2682,3.928349654493834e-05
1987,263.86925046800025,5.8099,3.9276281675679066e-05
1988,263.98669952699856,6.2312,3.9269034705370427e-05
1989,264.1019680549998,6.4588,3.926182771456791e-05
1990,264.21714984199934,5.8896,3.9254718159753136e-05
1991,264.3333861889987,7.276,3.9247599618456774e-05
1992,264.45181825299915,6.5506,3.924042824314823e-05
1993,264.56566661299985,2.4796,3.9233101972654315e-05
1994,264.6823871959987,6.5579,3.9225983982345675e-05
1995,264.7997035190001,6.6861,3.92188993773457e-05
1996,264.9155514599988,7.1669,3.921165329499999e-05
1997,265.03178027600006,6.8231,3.920450122802468e-05
1998,265.1473669499992,6.4887,3.919731596370375e-05
1999,265.26111207099893,5.5289,3.91901796554321e-05
2000,265.3774392279993,6.1894,3.9183160324444456e-05
2001,265.4934024539998,6.877,3.917599667679014e-05
2002,265.61379182199926,6.5142,3.916882311327159e-05
2003,265.72813599099936,6.5871,3.916139747253095e-05
2004,265.84724547800033,6.1504,3.915433173938277e-05
2005,265.96347624699956,5.8224,3.914697801796295e-05
2006,266.0792376869995,6.4895,3.9139677471296373e-05
2007,266.1949122349997,6.9514,3.9132659795617275e-05
2008,266.3092446969986,5.9716,3.912551482401234e-05
2009,266.4255184779995,5.7974,3.911846596432098e-05
2010,266.539798881,5.6312,3.9111284568271676e-05
2011,266.6541956379988,6.289,3.910420660222225e-05
2012,266.7724720770002,6.6816,3.909711000098772e-05
2013,266.8878168479987,6.2888,3.9089859695493855e-05
2014,267.0024463659993,7.097,3.908272900820992e-05
2015,267.1170204579994,6.354,3.9075669466975326e-05
2016,267.23400663699977,7.2912,3.906858816339508e-05
2017,267.3533896259996,6.9125,3.9061381870802555e-05
2018,267.46857700500004,7.041,3.905401270746922e-05
2019,267.58469923399934,6.4322,3.904689750740747e-05
2020,267.7070253169986,5.5051,3.903972631537042e-05
2021,267.82670044299994,6.722,3.903212977987657e-05
2022,267.942076076999,5.1282,3.902478118666666e-05
2023,268.05846861699865,6.6464,3.9017666667530895e-05
2024,268.17462596599944,6.2128,3.90104687333951e-05
2025,268.2841458209987,6.6693,3.9003320772654314e-05
2026,268.4017932019997,7.0204,3.8996533701790136e-05
2027,268.51925470399874,6.3979,3.8989293340000025e-05
2028,268.6379537949997,6.4484,3.898204284253092e-05
2029,268.75693371299894,6.2841,3.897472486925925e-05
2030,268.8716490679999,5.7176,3.8967251596851935e-05
2031,268.98961312400024,6.391,3.89602750358642e-05
2032,269.1039740969991,5.7247,3.895302436253093e-05
2033,269.2204971840001,5.8142,3.8945932093827225e-05
2034,269.3367690790001,6.8728,3.8938755634753085e-05
2035,269.4520348249989,6.2415,3.8931585488024684e-05
2036,269.56938138199985,6.7398,3.892445645944451e-05
2037,269.68501645299875,5.0968,3.891720932037038e-05
2038,269.8003687729997,6.3663,3.891008024660494e-05
2039,269.9177838779997,6.2501,3.8902951372345705e-05
2040,270.03408201399907,6.5285,3.889570791709879e-05
2041,270.149785177,6.5848,3.888853118493832e-05
2042,270.2658863300003,6.4721,3.888140341666673e-05
2043,270.3828812390002,7.0372,3.8874196285802486e-05
2044,270.500346412,7.0648,3.88670239511111e-05
2045,270.61484495900004,5.5876,3.885974978012346e-05
2046,270.73233086099935,6.4959,3.885267472703702e-05
2047,270.84897436699976,6.3249,3.884542918111117e-05
2048,270.96630845399886,7.1815,3.8838203349814875e-05
2049,271.0843350239993,7.2425,3.8830995867654365e-05
2050,271.1986498219994,6.5566,3.8823638055370384e-05
2051,271.3129430070003,5.6678,3.881663587135807e-05
2052,271.42992991699975,6.3814,3.88095819105556e-05
2053,271.5439227269999,6.316,3.8802369697530956e-05
2054,271.6550982890003,6.2084,3.879532750709878e-05
2055,271.7646901089993,6.852,3.878848587135811e-05
2056,271.88146543199946,7.0558,3.878170511549382e-05
2057,271.9964860399996,6.1938,3.877449357320995e-05
2058,272.1121678869986,7.0189,3.876725666271611e-05
2059,272.229609385,6.4836,3.876026336962971e-05
2060,272.3454846069999,6.4833,3.875301605660494e-05
2061,272.4633469529999,5.4992,3.874584968092598e-05
2062,272.58022093,6.1513,3.8738585361975364e-05
2063,272.6965454839992,6.2848,3.873134895901235e-05
2064,272.8144267939988,7.0263,3.872418704456794e-05
2065,272.9297496299987,6.4533,3.87169190293828e-05
2066,273.04373688600026,6.8621,3.8709793747839515e-05
2067,273.1586941509995,6.6067,3.870273855604943e-05
2068,273.2757690819999,6.7554,3.8695661136975395e-05
2069,273.392983406,6.6462,3.868842024672845e-05
2070,273.5096496289989,6.826,3.868119779012348e-05
2071,273.62675693599886,6.0623,3.867396156043211e-05
2072,273.7461713169996,6.4187,3.8666768658024775e-05
2073,273.86185626399856,6.2172,3.8659392350246995e-05
2074,273.9773408099991,5.6517,3.86522608706791e-05
2075,274.0938683229997,6.392,3.86451170254939e-05
2076,274.20872847399914,5.6669,3.863793609092592e-05
2077,274.32275693299925,6.0633,3.863069360864206e-05
2078,274.43908469899907,6.6197,3.862379891703706e-05
2079,274.5512244250003,5.9521,3.861660809716049e-05
2080,274.66538340899933,5.965,3.8609685745123435e-05
2081,274.78411871000026,6.6024,3.8602658344259256e-05
2082,274.9027239379993,6.7338,3.859533384376543e-05
2083,275.01921146899986,5.9002,3.8588013046851926e-05
2084,275.1358993829999,5.6315,3.8580803904691445e-05
2085,275.2508164409992,4.9181,3.8573613907160565e-05
2086,275.3653714569991,6.3752,3.8566515074135846e-05
2087,275.48670085499907,6.733,3.8559430475246996e-05
2088,275.6033057200002,6.4323,3.855195869950618e-05
2089,275.7193313349999,6.6706,3.854474411925928e-05
2090,275.8350512300003,5.9785,3.853760613419761e-05
2091,275.95139858699986,6.262,3.853044335574076e-05
2092,276.0695217599987,5.4853,3.8523270998333336e-05
2093,276.1876407559994,7.0275,3.8515965213086425e-05
2094,276.30359511999995,6.409,3.8508692033456776e-05
2095,276.42012266299935,6.4672,3.8501531605864184e-05
2096,276.53026061499986,6.6215,3.8494350583827175e-05
2097,276.6470273590003,6.5772,3.848741348228402e-05
2098,276.76264354699924,4.6348,3.8480266612098797e-05
2099,276.8725181239988,6.4997,3.847318960895061e-05
2100,276.99237035499937,7.255,3.846641273666665e-05
2101,277.1111226109988,5.951,3.845901493240748e-05
2102,277.23035705499933,6.5816,3.8451678919814805e-05
2103,277.34496785400006,5.4767,3.8444328811851905e-05
2104,277.46092189799856,6.1788,3.843719292592601e-05
2105,277.57839467699887,6.1509,3.843009310950621e-05
2106,277.6980741509997,6.8221,3.8422836642284e-05
2107,277.8145829549994,6.1858,3.84154579889507e-05
2108,277.9288935829991,5.4356,3.8408257250308724e-05
2109,278.0442346159998,7.1779,3.840118860037039e-05
2110,278.1654410230003,6.8492,3.839405938858026e-05
2111,278.2812798369996,5.7695,3.8386586748333407e-05
2112,278.3980374719995,6.0202,3.8379414528333344e-05
2113,278.51436755099894,7.1117,3.837223549141976e-05
2114,278.62939524099966,6.3551,3.836503614123462e-05
2115,278.7450200080002,5.1662,3.8357946561728446e-05
2116,278.8605843810001,5.7819,3.835081930932103e-05
2117,278.97775108399946,7.1999,3.834368666759261e-05
2118,279.09408205900036,6.3471,3.8336465366666725e-05
2119,279.20906397499857,6.3905,3.8329278950370376e-05
2120,279.31920780899964,6.8993,3.8322159774444445e-05
2121,279.4338635169988,5.197,3.831534603493827e-05
2122,279.5514299139995,6.5422,3.830829737024695e-05
2123,279.666525233999,6.5157,3.8300902856604965e-05
2124,279.7827751149998,6.3997,3.829388844586419e-05
2125,279.9011284299995,6.3322,3.8286770303086405e-05
2126,280.01073756799997,6.9106,3.827946445833338e-05
2127,280.1288687039996,6.5076,3.827270678975316e-05
2128,280.2466667339995,6.5166,3.8265404761728454e-05
2129,280.3627626489997,7.0969,3.825814442537037e-05
2130,280.47803767499863,5.3927,3.8250947016728486e-05
2131,280.59243325699936,6.7024,3.824384998808646e-05
2132,280.70848090300024,7.1153,3.8236782092654376e-05
2133,280.8256388259997,7.0146,3.822961996172844e-05
2134,280.9449602530003,6.9176,3.822238957746922e-05
2135,281.06547606499953,6.5524,3.821503029580245e-05
2136,281.1789752149998,6.5293,3.8207580463456817e-05
2137,281.296489377999,6.1853,3.8200573886419824e-05
2138,281.4105531369987,4.336,3.819331780376542e-05
2139,281.5270564879993,6.3404,3.818626706709876e-05
2140,281.6435566660002,6.0464,3.817908747537039e-05
2141,281.7587530459987,6.8497,3.8171900332222266e-05
2142,281.87813511999957,6.6961,3.816476256944447e-05
2143,281.99378320199867,6.9504,3.8157424973827194e-05
2144,282.11218815199936,6.3955,3.8150278779629636e-05
2145,282.22915471799934,6.0054,3.814296530314814e-05
2146,282.3451411650003,5.9227,3.8135756720432125e-05
2147,282.46002615399993,6.4025,3.812859195728402e-05
2148,282.5730590200001,5.8372,3.812150795197531e-05
2149,282.68938091199925,7.2034,3.811452215895063e-05
2150,282.80374970999947,5.4728,3.8107353966172893e-05
2151,282.91780920699966,6.1693,3.810028160234573e-05
2152,283.0314910139987,5.9196,3.809324374246921e-05
2153,283.1473186059993,6.6667,3.808621819216053e-05
2154,283.2620662600002,6.6197,3.807908205185189e-05
2155,283.3788296929997,6.0618,3.8071990816543234e-05
2156,283.49676663599894,6.556,3.8064789262777855e-05
2157,283.61420981599986,6.2341,3.8057514945432085e-05
2158,283.7304449149997,6.32,3.805026796438277e-05
2159,283.84639628999867,6.9711,3.804307839271604e-05
2160,283.9622200529993,6.2568,3.803592999666672e-05
2161,284.07663146399864,6.6827,3.802875918623456e-05
2162,284.19355749900024,5.9112,3.802170710259266e-05
2163,284.3121966029994,5.8954,3.8014337414012324e-05
2164,284.4276387029986,6.4311,3.8007170845061816e-05
2165,284.5466740339998,6.3665,3.8000028154629705e-05
2166,284.66222038999877,6.2519,3.799264943771611e-05
2167,284.7777200599994,4.936,3.7985558866604934e-05
2168,284.89277423099884,5.0549,3.797841924882724e-05
2169,285.0094885689996,5.9621,3.7971317175246956e-05
2170,285.1236948979986,6.6868,3.7963990768827144e-05
2171,285.23977952099995,7.1288,3.795706509197535e-05
2172,285.3564375349997,7.4133,3.7949901748395103e-05
2173,285.4711892689993,5.9559,3.794262326925929e-05
2174,285.58671412199874,6.5684,3.7935625868333405e-05
2175,285.70233956099946,7.2286,3.792849205283953e-05
2176,285.8177992559995,6.8485,3.7921350194320995e-05
2177,285.932733652,6.2828,3.7914216845370385e-05
2178,286.05027166199943,6.1541,3.790713398962964e-05
2179,286.1660901769992,5.9931,3.789988437660494e-05
2180,286.28222104199995,6.8204,3.78927182230247e-05
2181,286.3983728410003,6.3238,3.7885524472839515e-05
2182,286.5164410569996,6.1942,3.787839898012346e-05
2183,286.63371325200023,6.6519,3.787109696740746e-05
2184,286.7495144679997,6.7926,3.7863856539444426e-05
2185,286.8670519030002,6.699,3.785672564543212e-05
2186,286.9852087399995,5.6255,3.784946451691358e-05
2187,287.1010977749993,5.7558,3.784214014635802e-05
2188,287.2193850139993,5.875,3.7835000057284e-05
2189,287.337001377,6.2422,3.782771211530866e-05
2190,287.45425530899956,6.3145,3.782046836901244e-05
2191,287.56818615999873,6.3781,3.7813217298642064e-05
2192,287.68440236899914,6.8254,3.780617443586424e-05
2193,287.8005870809993,5.8916,3.779900520098771e-05
2194,287.91772950999984,6.7521,3.779183459030865e-05
2195,288.03462706999926,5.7961,3.7784609878703755e-05
2196,288.15522403199975,7.5212,3.777737222067903e-05
2197,288.27243501500016,6.5183,3.7769942209135796e-05
2198,288.39092075499866,6.3666,3.776270445209876e-05
2199,288.5083801869987,6.8729,3.775540173061736e-05
2200,288.61911155300004,6.2389,3.774814850716054e-05
2201,288.73458365700026,7.2762,3.774132171617286e-05
2202,288.84990012599883,6.4654,3.773417695938271e-05
2203,288.96576639199884,5.7804,3.7727057906543194e-05
2204,289.07974217399897,6.4979,3.7719909232963025e-05
2205,289.1896519509992,6.5841,3.771286789148151e-05
2206,289.3098071639997,5.6337,3.77060924838889e-05
2207,289.4259704799988,6.9109,3.769867481907411e-05
2208,289.5448621630003,5.3895,3.769148402796295e-05
2209,289.661700106999,5.9696,3.768416865851858e-05
2210,289.7809594909995,6.6004,3.767695556117293e-05
2211,289.89651111799867,5.801,3.7669587692962974e-05
2212,290.0140994279991,6.1849,3.766244033790131e-05
2213,290.1305801239996,6.7411,3.7655195157222235e-05
2214,290.24448448899966,5.6307,3.7648021445123464e-05
2215,290.36124428699986,6.9318,3.764098372858028e-05
2216,290.4763828319992,4.5656,3.763378271277777e-05
2217,290.59519942399857,6.5057,3.762666010623457e-05
2218,290.7095750640001,6.9682,3.7619339675246935e-05
2219,290.82636738899964,6.1232,3.7612261341851926e-05
2220,290.9452292749993,7.0247,3.760505720333337e-05
2221,291.0604432889995,6.3399,3.7597722622160493e-05
2222,291.17666261500017,7.2374,3.7590621626481556e-05
2223,291.29288505399927,6.3316,3.758344547499999e-05
2224,291.41053771299994,5.949,3.757626025543215e-05
2225,291.52776085000005,6.0106,3.7568995699814845e-05
2226,291.6445889859988,6.2107,3.7561769305679e-05
2227,291.7591071070001,6.7403,3.75545547682099e-05
2228,291.8764150400002,5.4006,3.754748594185194e-05
2229,291.99440640099965,7.4636,3.754023347604946e-05
2230,292.1110018669988,5.7966,3.753295888561735e-05
2231,292.22924135500034,6.7377,3.7525750767716114e-05
2232,292.3441777930002,4.6585,3.7518455892963024e-05
2233,292.460590441,6.9411,3.7511355174135844e-05
2234,292.5763813419999,6.3879,3.750419481283958e-05
2235,292.69235206600024,6.8767,3.7497030886172834e-05
2236,292.8103174349999,5.9946,3.748987494895062e-05
2237,292.9265584479999,6.6052,3.7482582939567885e-05
2238,293.0429440509997,6.2001,3.7475433522592576e-05
2239,293.1570723320001,6.6008,3.746817443617293e-05
2240,293.27358097399883,6.3935,3.746117413179019e-05
2241,293.3912959849986,6.6173,3.745395009098771e-05
2242,293.5077054630001,6.4879,3.7446726044999994e-05
2243,293.6232070469996,6.4539,3.743941228524694e-05
2244,293.7381548309986,6.8491,3.743241940543214e-05
2245,293.85343043399916,5.5338,3.742531332901241e-05
2246,293.9705394350003,5.6658,3.741820854814823e-05
2247,294.0867220370001,6.9548,3.7410979383086426e-05
2248,294.2011924649996,6.5923,3.740381090592597e-05
2249,294.3197729679996,6.5558,3.739667423419756e-05
2250,294.4365930309996,6.797,3.738942072407407e-05
2251,294.5524224789988,5.5638,3.7382223685123486e-05
2252,294.66716148900014,6.7945,3.737505384839512e-05
2253,294.785238466,6.4649,3.736798043413582e-05
2254,294.9010782839996,5.2767,3.7360696158518556e-05
2255,295.02145645499877,6.3212,3.735353211870371e-05
2256,295.13774621099947,6.7098,3.7346020762901236e-05
2257,295.2531110009986,6.5076,3.733891877413582e-05
2258,295.3667723010003,6.0528,3.7331796992716085e-05
2259,295.48282621199905,6.5282,3.7324792220432095e-05
2260,295.5994250570002,6.046,3.731763256469139e-05
2261,295.71644209199985,6.5861,3.731043409148147e-05
2262,295.8313260489995,7.4192,3.730319802746916e-05
2263,295.94681303299876,6.8008,3.729610972469143e-05
2264,296.06298642299953,5.6779,3.7288978856296345e-05
2265,296.1777391679989,6.4334,3.728181838938271e-05
2266,296.2932261699989,6.9402,3.7274725939691344e-05
2267,296.40694779099977,6.6303,3.726761049962966e-05
2268,296.5237369690003,6.9183,3.7260563712222205e-05
2269,296.64142755899957,6.2966,3.725338285888893e-05
2270,296.759182976999,6.0068,3.7246111256604924e-05
2271,296.8742626610001,6.5709,3.723874281709879e-05
2272,296.9910726749986,5.036,3.7231734642654384e-05
2273,297.1090607449987,6.2353,3.722452178376544e-05
2274,297.22446489699905,6.1415,3.7217238370740796e-05
2275,297.33958764699855,6.9942,3.7210115343950636e-05
2276,297.4544698289992,5.5865,3.72030111882099e-05
2277,297.57009148499856,6.3307,3.719592132432101e-05
2278,297.6871580799998,5.5163,3.718877207839504e-05
2279,297.7971486229999,6.4872,3.718152613154326e-05
2280,297.914067619,6.1274,3.7174774330740796e-05
2281,298.02847570299855,6.5829,3.716753473654322e-05
2282,298.1470482989989,6.9141,3.716048816697535e-05
2283,298.2627107899989,5.9975,3.715302559617292e-05
2284,298.37951512699874,6.513,3.714602406629638e-05
2285,298.4953489549989,3.1577,3.7138825203827216e-05
2286,298.6096664710003,6.7723,3.71316603000618e-05
2287,298.72716814699925,6.2397,3.712460809771613e-05
2288,298.84442982399923,6.8746,3.7117355761851914e-05
2289,298.96359506299996,6.9651,3.711011786000008e-05
2290,299.0821875969996,6.7042,3.710277375469144e-05
2291,299.19878244199936,6.824,3.709544155141974e-05
2292,299.3147393700001,7.4424,3.708823962129636e-05
2293,299.43367312899863,6.5276,3.7081100031975304e-05
2294,299.55185191300006,6.4083,3.70737588310494e-05
2295,299.66951479099953,7.1253,3.7066465456234625e-05
2296,299.78442220099896,6.6125,3.705919827277779e-05
2297,299.89885663099994,6.867,3.7052097459444456e-05
2298,300.0146516139994,6.4422,3.7045038402530954e-05
2299,300.1313646509989,6.3839,3.703788809487659e-05
2300,300.2486794029992,6.2558,3.703068418148155e-05
2301,300.36438169699977,5.6127,3.7023311763209955e-05
2302,300.48122837899973,6.166,3.701629847499999e-05
2303,300.59504835199914,6.712,3.700908817320986e-05
2304,300.7095995950003,5.8004,3.70020482577161e-05
2305,300.8297653589998,7.0569,3.69949822848149e-05
2306,300.94673952999983,6.6139,3.6987572454259346e-05
2307,301.06185127000026,6.9565,3.698035076123458e-05
2308,301.177441713,6.4536,3.697321002870372e-05
2309,301.2940825269998,6.2356,3.696607501580247e-05
2310,301.41163514399886,6.2138,3.695889981623465e-05
2311,301.5268104030001,6.8095,3.695164769845684e-05
2312,301.643485528999,6.5299,3.694452798049385e-05
2313,301.7588326839996,6.4446,3.693733093753093e-05
2314,301.8725988770002,5.9189,3.6930226070617325e-05
2315,301.99126788799913,6.9848,3.692318572407416e-05
2316,302.1087424879988,6.7036,3.691583796722221e-05
2317,302.2256478189993,6.9458,3.690854458302471e-05
2318,302.3432404739997,6.642,3.6901408605308684e-05
2319,302.4571471090003,6.1669,3.689412071234568e-05
2320,302.5717820259997,5.2807,3.688710936895068e-05
2321,302.6895149669999,6.521,3.6880034241605e-05
2322,302.8048445329987,6.3291,3.687278726648155e-05
2323,302.92316591599956,6.9114,3.6865658074999984e-05
2324,303.0394356069992,6.4894,3.685835311228402e-05
2325,303.15249707600015,6.4634,3.6851181134814874e-05
2326,303.2682540329988,5.9682,3.684418618438278e-05
2327,303.386030783,6.4141,3.6837037851234564e-05
2328,303.50030717499976,5.6018,3.682977027635804e-05
2329,303.61496801799876,6.2668,3.682264337493833e-05
2330,303.7294015810003,6.303,3.68156436762346e-05
2331,303.8401276759996,6.8762,3.6808571306172906e-05
2332,303.9564765819996,5.3954,3.6801756793580286e-05
2333,304.0720576650001,6.4743,3.679455681876542e-05
2334,304.1870490250003,5.5265,3.6787420840061745e-05
2335,304.3060622889989,7.3221,3.6780331357284036e-05
2336,304.42333541900007,6.4658,3.67729873016667e-05
2337,304.5405398469993,6.0726,3.676564725296301e-05
2338,304.6556295150003,5.6468,3.675851104290129e-05
2339,304.77412026599995,6.9437,3.6751406769321034e-05
2340,304.89028161900023,5.7877,3.6744088712654314e-05
2341,305.0089835819999,6.5341,3.673690889012348e-05
2342,305.126339602999,6.4409,3.672958910506179e-05
2343,305.24425250199965,5.7703,3.672234894586421e-05
2344,305.35943727499944,5.2712,3.671506134030871e-05
2345,305.4776607339991,6.7925,3.670794745283959e-05
2346,305.59342914599983,6.5534,3.670065758277781e-05
2347,305.7092391259994,6.4929,3.6693509001481496e-05
2348,305.8264108539988,6.7699,3.6686375121234626e-05
2349,305.94315814499896,7.0546,3.667913529030871e-05
2350,306.0594105370001,6.6757,3.6671928837839584e-05
2351,306.1770068730002,6.9499,3.6664749141049426e-05
2352,306.2946773299991,5.9,3.6657484566666663e-05
2353,306.41356256200015,5.9651,3.665022021561729e-05
2354,306.52936718099954,6.3049,3.6642876892592656e-05
2355,306.644574164,5.357,3.6635734204444506e-05
2356,306.7594832599989,5.1843,3.662861637537042e-05
2357,306.8768506790002,6.469,3.662152554901235e-05
2358,306.99941997399947,6.4232,3.661424212283955e-05
2359,307.1169455529998,6.3743,3.660672650956797e-05
2360,307.2341790899991,6.8671,3.659945842790124e-05
2361,307.35037190599905,6.828,3.6592231829814905e-05
2362,307.46449709399894,5.9836,3.6585070317963044e-05
2363,307.5792758389998,6.1733,3.657800745172844e-05
2364,307.6967674689986,6.6768,3.657092550697531e-05
2365,307.8129939629998,5.2682,3.656367531925933e-05
2366,307.928665509,6.5782,3.655649699759259e-05
2367,308.04223385600017,4.7741,3.654936573376548e-05
2368,308.1514685410002,7.0972,3.6542351894567905e-05
2369,308.2709786919986,6.2226,3.653562206956793e-05
2370,308.3857433309986,6.0255,3.6528193874259345e-05
2371,308.50254949199916,6.0235,3.6521145511049456e-05
2372,308.6185054289999,5.5968,3.651394021364198e-05
2373,308.7365331279998,6.5535,3.6506780142345736e-05
2374,308.85235708899927,6.1413,3.6499501552716084e-05
2375,308.96911173599983,6.8098,3.649233967864202e-05
2376,309.08506175799994,6.7275,3.648513762913589e-05
2377,309.2008356739989,6.0049,3.647798733141984e-05
2378,309.3169493379992,7.2615,3.6470826408580316e-05
2379,309.4335305129989,7.2081,3.646366589796299e-05
2380,309.5514214269988,6.3419,3.6456472060740735e-05
2381,309.6648518999991,4.8257,3.644919382777786e-05
2382,309.78239913799916,6.1773,3.644218415592598e-05
2383,309.90008241299984,6.7203,3.643493689938275e-05
2384,310.0152132009989,4.3951,3.642766187716051e-05
2385,310.1304958660003,5.5467,3.642055459240746e-05
2386,310.24892474899934,6.658,3.641344284907412e-05
2387,310.36590875899856,6.4422,3.640613796814823e-05
2388,310.48201188799976,6.4706,3.639891832246913e-05
2389,310.59799346,5.7873,3.639174736611113e-05
2390,310.71436225399884,6.6098,3.638458652759266e-05
2391,310.8317517790001,6.7229,3.63774044067284e-05
2392,310.9499931749997,6.4263,3.6370021970926e-05
2393,311.06638477399974,6.4601,3.636285750179013e-05
2394,311.18274006999854,5.6321,3.635565063938278e-05
2395,311.2979993789995,5.8724,3.634849338746914e-05
2396,311.41180873600024,6.6776,3.634137394067907e-05
2397,311.5226799049997,6.8329,3.6334336239876546e-05
2398,311.63695606999863,6.0689,3.632751344000009e-05
2399,311.754963157,6.2367,3.63204460798766e-05
2400,311.87022832299954,5.8724,3.6313175995185225e-05
2401,311.9855382329988,4.7185,3.630605454203704e-05
2402,312.1007400899998,6.8826,3.629894878265436e-05
2403,312.2197025810001,6.7336,3.6291834192037036e-05
2404,312.3356278579995,6.0405,3.6284486039567914e-05
2405,312.45317850099855,6.4688,3.62773270528395e-05
2406,312.568689886999,6.4856,3.627006881827168e-05
2407,312.6887455010001,5.5379,3.6262925276481566e-05
2408,312.80453337699873,6.1765,3.625552879518519e-05
2409,312.9222661289987,6.9833,3.6248376602654365e-05
2410,313.0386178640001,6.7914,3.6241106844876595e-05
2411,313.15307327699884,5.8716,3.6233947322037096e-05
2412,313.26842727999974,6.7884,3.622683663154324e-05
2413,313.3841330079995,6.2031,3.6219736143333384e-05
2414,313.5055644259992,7.301,3.6212602961604946e-05
2415,313.6223523209992,4.9484,3.6205111718209875e-05
2416,313.74375477600006,6.9776,3.6197895164691375e-05
2417,313.8600931159999,6.3948,3.619042237277786e-05
2418,313.97627010699944,6.7607,3.6183234979074165e-05
2419,314.09534080699996,6.6282,3.617605738098772e-05
2420,314.2124102679991,5.9113,3.6168704149999996e-05
2421,314.3304186669993,6.6454,3.616136183104943e-05
2422,314.4446401259993,5.3203,3.6154196532037036e-05
2423,314.56026683799973,5.8672,3.614713933759262e-05
2424,314.67567941999914,6.047,3.614001497543215e-05
2425,314.79297022299943,6.6383,3.613287436604946e-05
2426,314.91085465499964,6.3017,3.612560040086419e-05
2427,315.0273814609991,6.2409,3.611837475512346e-05
2428,315.1461532479989,6.0585,3.611117181283948e-05
2429,315.2636858549995,6.1418,3.6103849915185203e-05
2430,315.38049138099996,5.1018,3.609659067623465e-05
2431,315.4973168300003,6.4945,3.608936725956797e-05
2432,315.61318619699887,6.7514,3.6082161976049365e-05
2433,315.7292567859986,6.2465,3.6075011779259266e-05
2434,315.8450925750003,6.1719,3.60678536252469e-05
2435,315.96076887399977,5.5325,3.6060706931666685e-05
2436,316.07072887199865,6.1311,3.6053420383518586e-05
2437,316.1875542689995,6.0183,3.604677400172848e-05
2438,316.30418035299954,6.0495,3.603942637740742e-05
2439,316.4206839599992,6.3218,3.603234998530864e-05
2440,316.5368575800003,5.4464,3.6025167834012355e-05
2441,316.65189293299954,6.283,3.601798228055554e-05
2442,316.77255010800036,5.8599,3.601089694648147e-05
2443,316.88845270599995,6.1582,3.600344898049386e-05
2444,317.0040754399997,6.6938,3.599628535296295e-05
2445,317.12051553699894,6.9527,3.5989147648333423e-05
2446,317.2380867109987,6.0138,3.5981962136605e-05
2447,317.3543054389993,6.0279,3.597470449376544e-05
2448,317.4710067819997,6.8609,3.59675478628395e-05
2449,317.58687888999884,6.5656,3.5960337863641965e-05
2450,317.7031530439999,5.2386,3.5953184285308685e-05
2451,317.81742607900014,6.0585,3.5945974168024706e-05
2452,317.9346670289997,6.0454,3.5938944162716116e-05
2453,318.050397564999,6.3903,3.593171741179021e-05
2454,318.1644161479999,6.0997,3.592456723444443e-05
2455,318.282167637999,6.4736,3.591753060500005e-05
2456,318.39866352900026,6.6988,3.591013518703704e-05
2457,318.5129372629999,5.6867,3.590308397339509e-05
2458,318.626348845999,4.224,3.589602499395066e-05
2459,318.74298871099927,6.8859,3.5889006790308646e-05
2460,318.86113497599945,6.3826,3.588180738154329e-05
2461,318.97769142299876,6.293,3.587452315975318e-05
2462,319.0933406619988,5.9159,3.586730672265439e-05
2463,319.20921056399857,6.0539,3.586017757697532e-05
2464,319.32664105599906,6.9452,3.5853028010740805e-05
2465,319.44470891499986,6.6641,3.584575067561729e-05
2466,319.5621493669987,6.9283,3.583851711290124e-05
2467,319.67759514299905,6.5218,3.583125094419763e-05
2468,319.7961026060002,6.71,3.582411747728398e-05
2469,319.91445275799924,6.5212,3.5816806101481495e-05
2470,320.03370710499985,7.0179,3.5809501892777855e-05
2471,320.15136989799976,7.4046,3.580213245611116e-05
2472,320.2683247240002,6.2795,3.579487690839505e-05
2473,320.383350176,6.4849,3.578766454586418e-05
2474,320.4996303609987,6.6207,3.578056407987653e-05
2475,320.6171050390003,6.5285,3.577338485524695e-05
2476,320.7343515049997,5.6003,3.576612402901233e-05
2477,320.85315753800023,6.7329,3.575887611030867e-05
2478,320.9679626569996,6.2862,3.575155290617288e-05
2479,321.0855468509999,6.0607,3.57444688716667e-05
2480,321.20274886599873,5.9245,3.5737214235432136e-05
2481,321.3184093709988,6.3588,3.572997659950623e-05
2482,321.433787852,6.7326,3.572283673740749e-05
2483,321.5434629279989,6.5674,3.571563206567904e-05
2484,321.6589938119996,5.9731,3.570896171438276e-05
2485,321.7751759439998,6.4439,3.570181261672846e-05
2486,321.8925294879991,6.8726,3.569464683030865e-05
2487,322.007017644999,4.5529,3.568739950506173e-05
2488,322.12270052799977,6.591,3.568032356067901e-05
2489,322.237210199999,6.1494,3.5673183825370353e-05
2490,322.35338897600013,6.5829,3.566612821814813e-05
2491,322.4695145459991,6.3061,3.565895246407409e-05
2492,322.58198115199957,5.1498,3.5651783756728396e-05
2493,322.698496641,6.1786,3.564483964345685e-05
2494,322.8139888079986,6.2928,3.563765734839504e-05
2495,322.929657921999,4.7163,3.563052534580246e-05
2496,323.04682913099896,6.5888,3.562336159234573e-05
2497,323.16176188699865,6.9149,3.561614798851853e-05
2498,323.2821798749992,6.7999,3.5609052090740755e-05
2499,323.39824836200023,6.3194,3.560153170475312e-05
2500,323.5129946239995,6.0244,3.559431438358023e-05
2501,323.62888095199924,7.1907,3.558735856623458e-05
2502,323.7427313349999,6.4121,3.558023030530871e-05
2503,323.85748472900013,5.8753,3.557317654185187e-05
2504,323.97377573799895,6.6005,3.556610589216049e-05
2505,324.0928196619989,6.9945,3.555892603802471e-05
2506,324.2100871490002,7.542,3.555153648197536e-05
2507,324.3243600469996,6.5418,3.554433162228398e-05
2508,324.44084573799955,6.4548,3.5537237814444524e-05
2509,324.556089873,6.885,3.5530106587407486e-05
2510,324.6711395530001,5.5858,3.5522971432222305e-05
2511,324.7863728709999,6.6979,3.551588552475314e-05
2512,324.90457977299957,6.1831,3.550875598635808e-05
2513,325.0210188639994,6.3311,3.550147583098772e-05
2514,325.1357741840002,6.0734,3.549427726370371e-05
2515,325.2542209909989,7.3119,3.548719028148152e-05
2516,325.371267438999,6.1062,3.547989303740749e-05
2517,325.480983645999,6.7684,3.54726598424692e-05
2518,325.59115687899975,6.6517,3.5465902209629644e-05
2519,325.7094518089998,7.1591,3.5459097724320986e-05
2520,325.8256843479994,6.9515,3.545178748203712e-05
2521,325.9361510689996,6.5748,3.544462153555557e-05
2522,326.05238008800006,5.9718,3.543776396302477e-05
2523,326.1667475510003,6.0096,3.543061677987658e-05
2524,326.2808509989991,6.4007,3.54235633203704e-05
2525,326.3974773239988,6.88,3.541651958283958e-05
2526,326.51655897899946,6.6582,3.5409306239753173e-05
2527,326.6335817500003,6.7614,3.540196351703703e-05
2528,326.74958779499866,6.152,3.5394739698086474e-05
2529,326.8684162789996,6.0275,3.538757665296297e-05
2530,326.98230652799975,5.4804,3.538024250067905e-05
2531,327.09991312199963,6.7962,3.537319131413588e-05
2532,327.2201635239999,7.2401,3.5365943358580276e-05
2533,327.3354548869993,5.3226,3.5358536244135884e-05
2534,327.45280217599975,6.8278,3.535140108500001e-05
2535,327.5698276969997,6.1758,3.534415827938271e-05
2536,327.6873333739986,6.6607,3.53369476138889e-05
2537,327.8048535380003,6.3951,3.5329688690926e-05
2538,327.9215114439994,5.9756,3.5322443202654364e-05
2539,328.0387339809986,6.8777,3.531523444012349e-05
2540,328.15623587499977,6.6019,3.530799980876543e-05
2541,328.26994005399865,5.6099,3.5300749583703794e-05
2542,328.3879981789996,6.614,3.529373440938271e-05
2543,328.50705140599894,6.3447,3.528642330209876e-05
2544,328.6239561179991,6.0505,3.52791001676544e-05
2545,328.7414155989991,6.0517,3.527186765876549e-05
2546,328.8571453299992,4.7209,3.5264622645679e-05
2547,328.97348754700033,6.6536,3.525747801580256e-05
2548,329.09001705300034,6.3157,3.52502896314815e-05
2549,329.20930692899856,6.5473,3.524310201753086e-05
2550,329.32768043099895,6.3361,3.523574426617292e-05
2551,329.44232593000015,6.8051,3.522844372969134e-05
2552,329.5574410379995,6.2962,3.5221349308580284e-05
2553,329.67347914399943,6.745,3.521425223512353e-05
2554,329.7899447139989,5.4714,3.52071000841976e-05
2555,329.90803036299985,6.2631,3.519990309814816e-05
2556,330.02499263999925,6.7112,3.5192607260370425e-05
2557,330.1428340499988,6.0669,3.5185378825802524e-05
2558,330.2586841229986,6.3243,3.517811630395067e-05
2559,330.37507489699965,6.0385,3.5170974754567925e-05
2560,330.49229023599946,5.6988,3.51637704708025e-05
2561,330.6086542889989,6.6079,3.515653210061727e-05
2562,330.72638904499945,5.7842,3.5149366582963026e-05
2563,330.84198229899994,5.3557,3.5142098692962985e-05
2564,330.96086172499963,7.0326,3.513495854098774e-05
2565,331.076820414999,6.3462,3.5127633467839555e-05
2566,331.1939003129992,6.6467,3.5120472006605e-05
2567,331.3094580699999,6.2804,3.511324494055558e-05
2568,331.42777760900026,6.072,3.510610224493834e-05
2569,331.54519717400035,6.4701,3.5098802099629644e-05
2570,331.6626672629991,6.5561,3.5091420240123516e-05
2571,331.77781225800027,6.1714,3.5084310068580266e-05
2572,331.895031905,5.5354,3.5077195926605e-05
2573,332.01254701799917,6.4837,3.506995784537038e-05
2574,332.127351096,6.1807,3.506270584506177e-05
2575,332.2435546409997,6.6009,3.505558081000008e-05
2576,332.36255534299926,6.4043,3.504843125870374e-05
2577,332.48141270700035,6.4785,3.5040959091358094e-05
2578,332.598193505999,7.1854,3.5033765450308675e-05
2579,332.71302089599885,5.6786,3.502656319148156e-05
2580,332.82929096299995,6.3783,3.501946839919752e-05
2581,332.94719677600006,6.6826,3.501229416833341e-05
2582,333.06361496599857,6.7857,3.5005022732530953e-05
2583,333.17986015600036,5.9155,3.499782131259267e-05
2584,333.2968421959995,6.3305,3.4990652608641974e-05
2585,333.4155232639987,5.271,3.498343102660497e-05
2586,333.5333004259992,6.4325,3.49761039464198e-05
2587,333.65100783900016,6.4541,3.4968828126111144e-05
2588,333.76947404099883,6.1516,3.496148766043209e-05
2589,333.8866184939998,5.4802,3.4954261022098824e-05
2590,334.00075673299943,6.3218,3.4947024066666726e-05
2591,334.1177417759991,6.066,3.4939967168888934e-05
2592,334.2330601619997,6.5043,3.493276282197538e-05
2593,334.34803721999924,6.5578,3.492562940092599e-05
2594,334.4633400619987,7.5675,3.4918543888333385e-05
2595,334.58115250899937,5.8831,3.491141665493834e-05
2596,334.69909994799855,6.9196,3.490415433500004e-05
2597,334.81797380900025,6.8448,3.489685539895068e-05
2598,334.936061987999,6.8897,3.488953989481486e-05
2599,335.05473478099884,6.1147,3.488225392111114e-05
2600,335.17116821799937,5.6899,3.487492390895063e-05
2601,335.28816813499907,5.7387,3.4867723093333396e-05
2602,335.40516727700015,5.9573,3.486051206475314e-05
2603,335.52262632899874,6.3379,3.4853283735061765e-05
2604,335.63964207000026,6.2027,3.484600897722222e-05
2605,335.757980725999,6.8269,3.4838814435555564e-05
2606,335.8741898729986,5.7199,3.48315162596914e-05
2607,335.98985417899894,6.7128,3.482431771975309e-05
2608,336.10864104199936,7.1475,3.481717461845687e-05
2609,336.22441719499875,6.3556,3.48098663980864e-05
2610,336.3385566429988,5.2231,3.480270584475314e-05
2611,336.4545869499998,7.0653,3.4795671521728484e-05
2612,336.57056704800016,6.1623,3.478850803438272e-05
2613,336.6873767149991,6.0873,3.478134497166666e-05
2614,336.80296610799996,6.4435,3.4774123638271594e-05
2615,336.9205499139989,6.4909,3.476698749203709e-05
2616,337.03673423299915,5.9582,3.475973632697529e-05
2617,337.1538894659989,6.1176,3.475256901216053e-05
2618,337.2707935090002,5.7891,3.474533629074077e-05
2619,337.3811402350002,6.9575,3.473811926654328e-05
2620,337.49827991799975,6.9339,3.473131912932106e-05
2621,337.61532838699895,6.3752,3.47240897433951e-05
2622,337.73384032799913,6.7741,3.4716856140061796e-05
2623,337.84966987000007,6.4465,3.4709544595370416e-05
2624,337.9663575989998,7.0529,3.470237917697539e-05
2625,338.083532364999,5.9555,3.469518173271612e-05
2626,338.1997192199997,6.0555,3.468795560654323e-05
2627,338.3157500349989,6.962,3.468077818555561e-05
2628,338.42981000599866,6.1929,3.4673615339506235e-05
2629,338.5463160529998,6.3063,3.466656871012348e-05
2630,338.6611774390003,3.7468,3.465939313043214e-05
2631,338.77771448400017,6.8816,3.4652281287160495e-05
2632,338.8874916269997,6.7292,3.46451065640124e-05
2633,339.00659290399926,6.3592,3.463834004913583e-05
2634,339.1226226079998,6.9229,3.46309475362963e-05
2635,339.23852090499895,6.4484,3.462382108320986e-05
2636,339.35296377600025,5.6578,3.4616664863333315e-05
2637,339.47026365999955,5.6052,3.4609584482654394e-05
2638,339.5858251649988,6.2508,3.460234835438281e-05
2639,339.7015882929991,6.6206,3.459522116259265e-05
2640,339.8188786840001,6.7834,3.458807914672838e-05
2641,339.9353570809999,6.6517,3.458083956518524e-05
2642,340.05226424899956,7.1891,3.457364310716048e-05
2643,340.16871183199873,4.7646,3.45664259430864e-05
2644,340.2862690689999,6.6466,3.4559237387963025e-05
2645,340.40338876999886,6.5211,3.455198044271611e-05
2646,340.519530521,6.3813,3.4544743371790203e-05
2647,340.6354346629996,5.8548,3.453744410283951e-05
2648,340.75168585199935,5.2055,3.4530421661605e-05
2649,340.86652018899986,5.9668,3.452325678320988e-05
2650,340.98176125200007,5.6366,3.451616273888889e-05
2651,341.09656178299883,4.5929,3.4509049305123445e-05
2652,341.21242244199857,5.9777,3.450196914685191e-05
2653,341.32688361299915,5.9685,3.449481663117291e-05
2654,341.4407985679991,5.8174,3.448775250561735e-05
2655,341.55947326800015,6.531,3.448071348030871e-05
2656,341.6758532450003,6.1147,3.447338707753093e-05
2657,341.79327719399953,6.1329,3.446619958574081e-05
2658,341.909671944999,6.2018,3.4458941559876535e-05
2659,342.0260730329992,6.5034,3.445177255555555e-05
2660,342.1423228469994,6.316,3.4444581662716064e-05
2661,342.2583275279994,5.1769,3.4437408658950635e-05
2662,342.3756858910001,6.8677,3.443026332993831e-05
2663,342.49079662199983,6.9129,3.4422989339938325e-05
2664,342.60977666599865,7.0254,3.441591577444443e-05
2665,342.72527260599963,6.1071,3.440856522592601e-05
2666,342.84205900599954,6.0747,3.440142724567904e-05
2667,342.9532667929998,7.4952,3.439421450024698e-05
2668,343.07035820300007,6.0586,3.438734900574078e-05
2669,343.18654850500025,6.406,3.438012747030865e-05
2670,343.3031980649994,6.0343,3.437294966413587e-05
2671,343.4201867539996,6.0939,3.4365700177284025e-05
2672,343.5333124489989,5.7508,3.435852967629632e-05
2673,343.6497529879998,6.4757,3.435154089716058e-05
2674,343.76685953999913,6.462,3.4344373581234546e-05
2675,343.8822495839995,6.4406,3.433713437598766e-05
2676,343.99929490999966,6.6429,3.4330004903024674e-05
2677,344.11780458999965,6.7667,3.432277678006178e-05
2678,344.2347038989992,5.7603,3.431546209098773e-05
2679,344.3492299059999,4.5624,3.430811751179012e-05
2680,344.4689481379992,6.8115,3.43011696819136e-05
2681,344.5844825369986,6.6124,3.429380077734566e-05
2682,344.7013134959998,6.923,3.4286623445247e-05
2683,344.81677753199983,6.0889,3.4279445139197524e-05
2684,344.9345818820002,6.234,3.427230446932097e-05
2685,345.05083478099914,7.205,3.42650303743827e-05
2686,345.1666773119996,6.3962,3.42578800569753e-05
2687,345.2789463909994,6.3909,3.4250722942345723e-05
2688,345.394280352999,5.9538,3.424378693493829e-05
2689,345.5090962909999,6.5045,3.4236673534691435e-05
2690,345.6234355329998,6.1792,3.422958892179019e-05
2691,345.738397006,4.5428,3.422252524641981e-05
2692,345.8550437899994,6.4115,3.4215415519506176e-05
2693,345.97257795399855,6.5509,3.420823956919753e-05
2694,346.08759610800007,6.2433,3.4200973524814885e-05
2695,346.20413089999965,6.601,3.4193874289012345e-05
2696,346.3213623779993,6.9978,3.4186630022839516e-05
2697,346.43709804599894,6.8532,3.417944406506178e-05
2698,346.55036844499955,6.4094,3.41723010735803e-05
2699,346.6680298179999,5.9861,3.416528364574075e-05
2700,346.7829583570001,5.5815,3.415797930555561e-05
2701,346.8973651870001,5.6568,3.4150954925061805e-05
2702,347.01430718899974,5.456,3.414389143370376e-05
2703,347.1305705619998,4.9047,3.413666942999998e-05
2704,347.2502377419987,6.4007,3.412948155049385e-05
2705,347.36541523099913,6.2018,3.412210084395066e-05
2706,347.4832359390002,6.225,3.411498655030873e-05
2707,347.6025456890002,6.704,3.410774210827162e-05
2708,347.72053660500023,6.8978,3.410036596586424e-05
2709,347.83467002399993,6.6431,3.409307724518526e-05
2710,347.94944400299937,5.5403,3.408603641358027e-05
2711,348.0663457259998,6.2375,3.407895075617287e-05
2712,348.1846491489996,6.2119,3.4071723516728395e-05
2713,348.29862625199894,6.436,3.406443392864197e-05
2714,348.4158141609987,6.4945,3.405740055672848e-05
2715,348.53303655200034,6.2638,3.405016539876546e-05
2716,348.65040721999867,6.2972,3.40429204934568e-05
2717,348.763641345,5.5294,3.403569883691365e-05
2718,348.879844522,6.3867,3.402868215185191e-05
2719,348.9969692499999,7.006,3.402152013111115e-05
2720,349.11577226400004,6.0248,3.401428436518517e-05
2721,349.23148816199864,6.6477,3.400694566746917e-05
2722,349.34946616900015,6.3,3.399981246716054e-05
2723,349.46603502299877,5.7902,3.399252895407407e-05
2724,349.58309583200025,4.6021,3.398533042333333e-05
2725,349.7005982869996,6.9537,3.3978109782530945e-05
2726,349.8180679899997,6.433,3.397085151086427e-05
2727,349.93401618200005,6.0366,3.3963604644567914e-05
2728,350.04788401599944,6.7037,3.395643685691359e-05
2729,350.1656582659998,6.8029,3.3949401399197514e-05
2730,350.2818777169996,5.9758,3.394214761253094e-05
2731,350.40130083700024,6.9737,3.393496142419752e-05
2732,350.5213672739992,6.8823,3.392759561518519e-05
2733,350.6383081059994,6.5932,3.3920186975987645e-05
2734,350.7547749869991,6.5933,3.391297436228398e-05
2735,350.87258918299995,6.4864,3.390578163111114e-05
2736,350.9886496399995,6.6553,3.389851624104941e-05
2737,351.1044603219998,6.5922,3.3891338484814855e-05
2738,351.2217717269996,6.1193,3.388419201277777e-05
2739,351.33976371599965,6.5908,3.3876947857654364e-05
2740,351.4570588730003,6.6926,3.3869650483703696e-05
2741,351.57258998699945,6.8647,3.386244477382723e-05
2742,351.6879412959988,7.2153,3.385529741277783e-05
2743,351.80608764499993,6.4655,3.384816457728403e-05
2744,351.9237606159986,7.2459,3.384089330759258e-05
2745,352.04040558199995,7.1512,3.383361663037036e-05
2746,352.1549820599994,5.8402,3.38264087916667e-05
2747,352.27184243400006,6.4632,3.3819358277469185e-05
2748,352.3861943899992,5.6722,3.381212656530862e-05
2749,352.5029043809991,6.1378,3.3804989298024784e-05
2750,352.6206792639987,6.0032,3.379786954166674e-05
2751,352.73680105099993,5.7255,3.379046635895066e-05
2752,352.85052245899897,6.4641,3.378343906975311e-05
2753,352.9635505890001,5.5534,3.377640983283954e-05
2754,353.07878360500035,6.9552,3.3769414173950597e-05
2755,353.1938455769996,5.937,3.376231435524696e-05
2756,353.30935392599895,6.5646,3.375520075851859e-05
2757,353.4262566939997,6.2103,3.3748050812222305e-05
2758,353.5404284929991,5.9477,3.374086801876549e-05
2759,353.66042651099997,6.9671,3.3733819849135836e-05
2760,353.77726251199965,6.3946,3.372641420876542e-05
2761,353.8922626579988,6.1455,3.371919643209883e-05
2762,354.007401285,6.4843,3.3712088884012365e-05
2763,354.1249076799995,6.2361,3.3704991025987634e-05
2764,354.24307215299996,6.2719,3.369775067388892e-05
2765,354.3594178679996,7.0985,3.3690429296913615e-05
2766,354.4768035999987,5.8197,3.368323137117291e-05
2767,354.5923389439995,5.3637,3.3676023755061795e-05
2768,354.71066091600005,6.1454,3.366885288382722e-05
2769,354.82720544400036,6.2235,3.3661596744074065e-05
2770,354.9416489209998,6.6331,3.365439612092601e-05
2771,355.05779630599864,6.4582,3.364732804351852e-05
2772,355.17300150899973,6.0416,3.364016967839515e-05
2773,355.2895692969996,6.0194,3.363300682617289e-05
2774,355.4065310240003,6.229,3.3625861831975316e-05
2775,355.5200657719997,6.4463,3.361863254191357e-05
2776,355.6370068039996,6.8603,3.3611622824321075e-05
2777,355.75353208900015,6.763,3.360441778092592e-05
2778,355.87051523599985,6.8402,3.359718511166671e-05
2779,355.98797429799924,7.1271,3.3589997261666706e-05
2780,356.1035684549988,6.6019,3.3582741674197594e-05
2781,356.2207800549986,6.0804,3.3575596948765473e-05
2782,356.33925091499987,6.8763,3.356836508635808e-05
2783,356.45625924699925,6.7839,3.356104172203703e-05
2784,356.5732012339995,6.0821,3.3553849095987635e-05
2785,356.6895802479994,6.6587,3.354662555870377e-05
2786,356.80616657799874,6.532,3.353943009617283e-05
2787,356.92396533399915,6.4644,3.35322302471605e-05
2788,357.03915835599946,6.6169,3.352497350185185e-05
2789,357.1585724159995,6.5857,3.351785684456793e-05
2790,357.2770740670003,5.599,3.351047374617293e-05
2791,357.39456542900007,6.3165,3.350316381209875e-05
2792,357.50918430899947,5.7743,3.349590144203707e-05
2793,357.62487896699895,6.2531,3.3488835819320976e-05
2794,357.74117987499994,5.3981,3.348168850395066e-05
2795,357.8566798039992,6.5829,3.3474512070308694e-05
2796,357.9716190759991,6.738,3.346738341580246e-05
2797,358.08921930499855,6.9265,3.3460295000864274e-05
2798,358.20609534100004,6.3398,3.3453036791728396e-05
2799,358.32061568899917,6.2229,3.344580591197535e-05
2800,358.43773668099857,6.8763,3.343874676327159e-05
2801,358.55331874699914,5.5351,3.343139671395066e-05
2802,358.67111457399915,5.7654,3.34243808278396e-05
2803,358.78777557099966,5.9567,3.341711827234576e-05
2804,358.90359282699865,6.8844,3.3409913656234584e-05
2805,359.02050172599957,6.4562,3.340276991888897e-05
2806,359.1348597699998,6.3118,3.339554342506172e-05
2807,359.2506808299986,6.8209,3.3388471721296295e-05
2808,359.3653428279995,5.9406,3.338130207358023e-05
2809,359.4807626869988,7.0206,3.3374258790370416e-05
2810,359.5962375199997,6.0525,3.336713565530874e-05
2811,359.71132655699876,6.2527,3.336000814074082e-05
2812,359.8282619269994,6.752,3.335288755765435e-05
2813,359.9435844079999,5.3291,3.334568444944451e-05
2814,360.06099306899887,6.3156,3.333855781308647e-05
2815,360.17769558299915,6.0462,3.333130528765437e-05
2816,360.295654612999,6.1616,3.332412179234567e-05
2817,360.4135652449986,6.6659,3.331676436944443e-05
2818,360.5314368489999,5.0665,3.330955151617291e-05
2819,360.64682481399905,5.8074,3.330215761388889e-05
2820,360.76299309000024,5.3816,3.329516107734575e-05
2821,360.8795717439989,6.909,3.328798058500002e-05
2822,360.99452886699873,5.7473,3.328078199382718e-05
2823,361.11145181199936,6.2319,3.3273680103703767e-05
2824,361.22831336299896,6.6826,3.326647356709875e-05
2825,361.3452240589995,6.5533,3.325925914432098e-05
2826,361.46342462899884,6.8637,3.325204120376547e-05
2827,361.5803492369996,5.6374,3.3244741311358065e-05
2828,361.696734956,6.0,3.323754352419762e-05
2829,361.8123071029986,5.4203,3.323034860777782e-05
2830,361.92813738599943,6.494,3.3223206897037016e-05
2831,362.0475409310002,6.7794,3.321606470734575e-05
2832,362.1635933819998,6.4662,3.320869638993827e-05
2833,362.2803529289995,5.8423,3.3201542473703784e-05
2834,362.3972504960002,6.6788,3.3194319105308706e-05
2835,362.5144982639995,6.6953,3.3187106040061815e-05
2836,362.62938466599917,5.4648,3.317987867993828e-05
2837,362.74427239800025,6.6441,3.317277485438275e-05
2838,362.85948592800014,6.1894,3.316568621771604e-05
2839,362.97395125099865,5.9159,3.315856741000005e-05
2840,363.08918979899863,6.2304,3.315150477345688e-05
2841,363.2050009279992,6.5609,3.314439565456796e-05
2842,363.3207282299991,7.0855,3.313724108345687e-05
2843,363.4367030759986,6.3604,3.3130117625925984e-05
2844,363.55304376499953,6.4066,3.31229408958642e-05
2845,363.6697972639995,7.1819,3.311576552469135e-05
2846,363.7838150659991,5.2566,3.310856246759265e-05
2847,363.9035435320002,5.5977,3.310151963518522e-05
2848,364.0190451130002,6.6062,3.3094108406111126e-05
2849,364.13630618999923,5.2153,3.3086846771481575e-05
2850,364.2530075979994,6.3361,3.307974956499999e-05
2851,364.3716951009992,6.5401,3.307256216598764e-05
2852,364.4896445459999,6.031,3.306522158629636e-05
2853,364.6045822019987,6.1489,3.305795246617284e-05
2854,364.720569101999,6.0323,3.3050841735864234e-05
2855,364.83491771399895,7.1723,3.304369186808642e-05
2856,364.95054732399876,5.8053,3.3036636948024726e-05
2857,365.0668124570002,6.2864,3.302945450351857e-05
2858,365.1848236179994,6.9926,3.302229542586426e-05
2859,365.29970197999864,7.1835,3.3015042681604936e-05
2860,365.4172112750002,6.5045,3.300793236685186e-05
2861,365.5338276799994,6.9068,3.300068656049389e-05
2862,365.65075269999943,6.3298,3.2993493349938295e-05
2863,365.76797522299967,6.573,3.298628869549383e-05
2864,365.8869798579999,6.9469,3.2979027651172825e-05
2865,366.00378625399935,5.8706,3.29716954382716e-05
2866,366.11771410099936,5.2143,3.296446109925927e-05
2867,366.23527789699983,5.1779,3.2957433914197524e-05
2868,366.3518598390001,6.5604,3.295017884500002e-05
2869,366.4650852100003,6.8115,3.294300333987658e-05
2870,366.57988632900015,6.6948,3.2936005074197516e-05
2871,366.69427227399865,5.6705,3.292891209382724e-05
2872,366.80913392599905,5.997,3.2921848277592624e-05
2873,366.92591799099864,6.6474,3.291474597487661e-05
2874,367.0418192819998,5.9169,3.290755475537043e-05
2875,367.1592539789999,5.606,3.290040081672846e-05
2876,367.27642107799875,5.9184,3.28931421295679e-05
2877,367.39334810199944,6.2685,3.2885906936358026e-05
2878,367.51011741299953,5.7728,3.287859697925926e-05
2879,367.62051870399955,6.2177,3.287149752641974e-05
2880,367.7369918429995,5.559,3.286468329074074e-05
2881,367.85324045299967,6.9369,3.285749510469144e-05
2882,367.97024203099863,6.1713,3.2850319752530855e-05
2883,368.08851919599874,7.2551,3.284310314654327e-05
2884,368.2061944189991,6.4052,3.283579779024697e-05
2885,368.3217420009987,6.6031,3.282852859944449e-05
2886,368.437754958999,6.7276,3.282140366845683e-05
2887,368.5511103489989,4.9195,3.2814238185123434e-05
2888,368.6658063289997,6.2103,3.280722455351859e-05
2889,368.78068349099885,6.5468,3.280014254506175e-05
2890,368.89748990299995,6.1263,3.2793060379135796e-05
2891,369.01416080799936,7.5687,3.278584623722223e-05
2892,369.1308623929999,5.1431,3.277865763111112e-05
2893,369.24617510200005,6.9302,3.277145667135806e-05
2894,369.36286085899883,6.2169,3.2764335612901273e-05
2895,369.4786325419991,6.2135,3.275712873012349e-05
2896,369.59426875399913,5.7185,3.274997684240746e-05
2897,369.71207908199904,7.1,3.274284781567907e-05
2898,369.828217708,6.1498,3.2735574952037075e-05
2899,369.9424840419997,6.7722,3.272840239203712e-05
2900,370.05649472799996,5.9756,3.2721349003580336e-05
2901,370.17199807900033,6.7449,3.271429620376547e-05
2902,370.28984088799916,5.8454,3.270719352191357e-05
2903,370.4056846989988,5.794,3.269990409907414e-05
2904,370.5237756789993,5.8731,3.269276239703709e-05
2905,370.6384427939993,5.5883,3.268547608074074e-05
2906,370.7539833849987,7.1465,3.2678385476605024e-05
2907,370.8712799770001,7.1504,3.2671256126851844e-05
2908,370.9860614649988,5.9616,3.2664016805802475e-05
2909,371.10250690999965,7.0775,3.265692710783955e-05
2910,371.22089644100015,6.21,3.2649603420926004e-05
2911,371.3368255429996,6.6256,3.2642443582160495e-05
2912,371.45118031399943,5.1972,3.26352779647531e-05
2913,371.56735619400024,6.5445,3.2628213693950684e-05
2914,371.6853541719993,6.8858,3.262105196925932e-05
2915,371.80236840399994,6.3802,3.2613768543888904e-05
2916,371.918988129999,7.1669,3.2606536960617327e-05
2917,372.0320686499999,5.9139,3.259934910734573e-05
2918,372.14892335199875,6.4525,3.259234921895061e-05
2919,372.26548998499857,6.8451,3.258516790987661e-05
2920,372.38227110499975,6.5145,3.257796282654319e-05
2921,372.49982919299873,6.8979,3.257071425277777e-05
2922,372.61470715500036,5.4675,3.256349732222229e-05
2923,372.73008531899904,6.5151,3.255639470018527e-05
2924,372.84618612600025,7.0966,3.2549246812284e-05
2925,372.95652128599977,6.8389,3.254212206185193e-05
2926,373.07133768699896,6.1342,3.2535311374814895e-05
2927,373.1862382620002,5.9709,3.2528216707283985e-05
2928,373.3023245259992,4.3314,3.252111642413588e-05
2929,373.41978010599996,6.0503,3.251394845043218e-05
2930,373.53006470999935,6.8651,3.2506703207654376e-05
2931,373.6467452710003,5.2796,3.249989646006175e-05
2932,373.7608917999987,5.8493,3.249268718135805e-05
2933,373.87890033999975,6.5636,3.248564354253086e-05
2934,373.9974880310001,6.3762,3.2478358635802536e-05
2935,374.1136182600003,5.83,3.2471018896172876e-05
2936,374.2314516669994,7.2965,3.246387977333334e-05
2937,374.3485742209996,5.939,3.245659541660497e-05
2938,374.4644885830003,6.1896,3.2449369716666665e-05
2939,374.58180945999993,5.7305,3.244220936925929e-05
2940,374.69711299499977,6.6156,3.243497078413587e-05
2941,374.8129173569996,6.034,3.242785665969138e-05
2942,374.93206301600003,6.2928,3.24206925499383e-05
2943,375.04923314199914,6.0243,3.24133559594445e-05
2944,375.16537655499997,5.6153,3.240604317561733e-05
2945,375.28124911399937,5.4663,3.2398957067963005e-05
2946,375.39819658799934,6.6153,3.239178851962966e-05
2947,375.5127128229997,6.3635,3.238456945376545e-05
2948,375.6307230450002,6.1957,3.237750106759259e-05
2949,375.74607587599894,6.3344,3.2370214250925944e-05
2950,375.86186699300015,6.2732,3.2363108721111176e-05
2951,375.97749915699933,5.8615,3.2355958054691364e-05
2952,376.0920414789998,6.4205,3.234882382376546e-05
2953,376.20875008499934,6.2829,3.234174717037043e-05
2954,376.32428185199933,6.0,3.233454333537035e-05
2955,376.44171592400016,5.6824,3.232740767395065e-05
2956,376.5560540690003,4.7801,3.2320182078827224e-05
2957,376.67295932399975,6.3729,3.2313103426975345e-05
2958,376.79045342599966,6.6438,3.230590129845681e-05
2959,376.9057829739995,6.4161,3.229864407944447e-05
2960,377.0228316499997,5.9162,3.2291516911172834e-05
2961,377.13915736200033,6.3287,3.228430772993834e-05
2962,377.25575454299906,5.7391,3.227709333320996e-05
2963,377.3713892710002,6.9442,3.226990394574072e-05
2964,377.4879136950003,6.9231,3.226277986679016e-05
2965,377.60592831599934,5.4751,3.225559254203705e-05
2966,377.7226058849992,6.6184,3.2248306636358036e-05
2967,377.8394746060003,6.756,3.2241077312345746e-05
2968,377.95501661399976,5.5668,3.223389243407411e-05
2969,378.07187597600023,6.5584,3.222675138444444e-05
2970,378.19037626499994,5.6369,3.2219449125864284e-05
2971,378.3075482719996,5.5774,3.221221923530866e-05
2972,378.424268499999,6.3883,3.220498455000005e-05
2973,378.53385826699923,6.8747,3.2197769875802456e-05
2974,378.64862674699907,5.1972,3.219103378e-05
2975,378.76447776500027,6.1216,3.2183890063271614e-05
2976,378.88028450399906,5.6148,3.2176789763888915e-05
2977,378.99667985999986,5.683,3.2169634058333415e-05
2978,379.11210638800003,6.2573,3.2162449014814894e-05
2979,379.22495108399926,3.8113,3.215532296259263e-05
2980,379.3412798399986,4.4466,3.214834723598769e-05
2981,379.4578423189996,6.3585,3.214116697327163e-05
2982,379.5757157469998,6.8411,3.213387939191364e-05
2983,379.6927460749994,5.8364,3.212670832049388e-05
2984,379.8089848009986,6.0542,3.2119489710123474e-05
2985,379.9271896049995,6.2971,3.211229841271604e-05
2986,380.0438848619997,6.7418,3.2105005507963055e-05
2987,380.1592937160003,5.3612,3.209780138820996e-05
2988,380.27795647199855,6.6959,3.2090682586049416e-05
2989,380.39461757199933,6.0745,3.2083366349197605e-05
2990,380.51112087899855,5.6115,3.207614439820993e-05
2991,380.62182013799975,6.549,3.2068961515679006e-05
2992,380.73778076300005,6.6232,3.206214966469142e-05
2993,380.85359763700035,6.3853,3.2054982178395135e-05
2994,380.96902392799893,6.0517,3.20478012547531e-05
2995,381.08267844299917,6.0307,3.204071572827161e-05
2996,381.19792925299953,6.6003,3.203367641450616e-05
2997,381.31282415199894,6.5567,3.2026574210987726e-05
2998,381.43088947899923,6.1982,3.201947278222224e-05
2999,381.54782183599855,7.2172,3.2012102280246993e-05
3000,381.6657284539997,5.8393,3.2004967398641975e-05
3001,381.77487961399856,6.3366,3.1997694281172916e-05
3002,381.8921577539986,6.4219,3.199097244432104e-05
3003,382.0087044939992,5.8506,3.1983718285679e-05
3004,382.1257270549995,6.6422,3.197652310339515e-05
3005,382.2412340619994,6.2983,3.196929323283954e-05
3006,382.3551001269989,5.7803,3.1962145396481465e-05
3007,382.47105470799943,6.3279,3.195513306820992e-05
3008,382.58682243099975,6.11,3.194798992006181e-05
3009,382.70359037199887,6.5542,3.1940833532901225e-05
3010,382.82577216999925,6.288,3.193363078419758e-05
3011,382.9434377159996,6.979,3.1926098289259245e-05
3012,383.05966704399907,5.5291,3.19188301534568e-05
3013,383.1781058179986,6.4701,3.191164282388888e-05
3014,383.29619674700007,7.1547,3.1904337035432134e-05
3015,383.4125705179995,6.6107,3.1897046117963015e-05
3016,383.5299272439988,6.7576,3.188986659685186e-05
3017,383.64413707699896,6.8186,3.1882613616296376e-05
3018,383.75986500399995,5.5536,3.187557428413578e-05
3019,383.87745351800004,6.5206,3.1868424829012335e-05
3020,383.9942148779992,6.4834,3.186109701135811e-05
3021,384.1138451349998,5.5464,3.185396720395069e-05
3022,384.23112173499976,6.0718,3.1846561202469214e-05
3023,384.3465354459986,5.4927,3.183933102117284e-05
3024,384.4615756009989,6.0853,3.183219876518526e-05
3025,384.5781695759997,6.8653,3.182510602975313e-05
3026,384.69289250699876,5.3473,3.181790380191362e-05
3027,384.8075342489992,5.0926,3.181083907697535e-05
3028,384.92359548199966,5.884,3.180374206728394e-05
3029,385.03898962199855,5.6639,3.179658591376547e-05
3030,385.1556743780002,5.9455,3.1789461530000005e-05
3031,385.2738612159992,6.1873,3.178226639376545e-05
3032,385.39021989899993,6.7235,3.177497286765433e-05
3033,385.5060598069995,5.708,3.1767791090925903e-05
3034,385.6204319110002,7.1671,3.176063798376545e-05
3035,385.7359738089999,6.4169,3.175357387543213e-05
3036,385.85320636100005,6.2753,3.174644507240744e-05
3037,385.9702313969992,3.4621,3.17392184688272e-05
3038,386.0881544299991,5.9309,3.173183672913587e-05
3039,386.2039252689992,5.6508,3.1724709432901256e-05
3040,386.31904531299915,5.8243,3.171754822913589e-05
3041,386.4340314869987,6.6041,3.1710452560679e-05
3042,386.54938459999903,5.889,3.170335106746919e-05
3043,386.664220020999,6.0015,3.1696225059197525e-05
3044,386.7784639780002,5.9726,3.1689006455555594e-05
3045,386.8963439379986,6.931,3.168208065641977e-05
3046,387.0105827509997,5.9918,3.167482270111117e-05
3047,387.1255237709993,4.0766,3.1667763054382714e-05
3048,387.2409153079989,6.0467,3.1660647057654356e-05
3049,387.35981047899986,6.0041,3.165354221660498e-05
3050,387.47487556099986,4.5457,3.1646202329506266e-05
3051,387.5936009300003,6.8532,3.163910604703705e-05
3052,387.71068871999887,6.6519,3.163178601413581e-05
3053,387.82935333899877,6.0222,3.1624554331296354e-05
3054,387.944581239999,6.6836,3.16172265297531e-05
3055,388.06418461799876,6.27,3.1610116104506194e-05
3056,388.1828752229994,5.973,3.160273092907411e-05
3057,388.3030779309993,6.9931,3.1595298827654304e-05
3058,388.4190205469986,3.5542,3.1587974406913624e-05
3059,388.5356158459999,7.2929,3.1580823139012395e-05
3060,388.6505172729994,6.749,3.157363740166675e-05
3061,388.76593623499866,5.444,3.156652824820996e-05
3062,388.8827644889989,7.0749,3.1559390650925956e-05
3063,389.0004724399987,6.4276,3.1552186355987674e-05
3064,389.1155145390003,4.1375,3.154492905438278e-05
3065,389.23267692099944,6.7051,3.153781321746913e-05
3066,389.3422527019993,6.0088,3.153059557654329e-05
3067,389.4571382209997,6.5219,3.1523849942283996e-05
3068,389.57441877400015,6.3208,3.151673798475309e-05
3069,389.690728177,6.2144,3.150937572314815e-05
3070,389.80573440899934,6.2926,3.150233304166666e-05
3071,389.9231007019989,6.2775,3.149523306777784e-05
3072,390.0412376029999,6.2752,3.148799027228399e-05
3073,390.15602916100033,6.8945,3.148067842117284e-05
3074,390.2721584760002,6.5132,3.147357140154321e-05
3075,390.38800380799876,6.8965,3.1466431599321014e-05
3076,390.50450635800007,5.9541,3.145924964660503e-05
3077,390.6200223380001,6.8168,3.145208479407414e-05
3078,390.7358226460001,5.4048,3.1444959421913626e-05
3079,390.8498519139994,6.3204,3.143781492851854e-05
3080,390.96390997599883,5.6054,3.143077718530864e-05
3081,391.07943189099933,6.371,3.1423731120432175e-05
3082,391.19479465599943,5.7376,3.141658433604946e-05
3083,391.31207225399885,6.2628,3.1409471950370444e-05
3084,391.4264759990001,5.9631,3.140224263796297e-05
3085,391.5423429379989,6.389,3.139516975839505e-05
3086,391.65873458999886,6.4814,3.138801812728397e-05
3087,391.77379983100036,6.2967,3.138083632179014e-05
3088,391.89222155099924,6.4267,3.137373298703703e-05
3089,392.0115594679992,6.183,3.136628639969135e-05
3090,392.12606258899905,6.4704,3.135906359549389e-05
3091,392.24190279100003,6.5323,3.1351985189938336e-05
3092,392.3587555710001,6.6331,3.134484616098774e-05
3093,392.47361411400016,6.5657,3.133763765604946e-05
3094,392.5884344119986,5.9288,3.1330538393333395e-05
3095,392.70349742599865,5.8673,3.1323447508518514e-05
3096,392.8193957429994,5.0581,3.131635133524694e-05
3097,392.9343419659999,6.718,3.1309192447654344e-05
3098,393.0498932039991,7.095,3.13020952385186e-05
3099,393.16431604399986,5.4561,3.1294973423456874e-05
3100,393.28167781799857,5.3334,3.128790125512346e-05
3101,393.39727802499874,6.9276,3.128065357790131e-05
3102,393.51151897899945,6.3816,3.127352632370377e-05
3103,393.62843816699933,5.8214,3.126646648580256e-05
3104,393.741567572999,4.7565,3.125925671086418e-05
3105,393.85482757799946,6.3408,3.125226860500008e-05
3106,393.9731162279986,5.7693,3.124527814024695e-05
3107,394.0930884219997,6.6813,3.123798450444447e-05
3108,394.20991015599975,6.3311,3.1230574420740734e-05
3109,394.3256696039989,5.7306,3.1223360935432145e-05
3110,394.43880208500013,4.4297,3.121621839246922e-05
3111,394.55720662299973,5.5101,3.120920941456798e-05
3112,394.67475866099994,6.6386,3.1201916347592574e-05
3113,394.7886901309994,5.0427,3.119467023037044e-05
3114,394.9041980339989,6.6114,3.118762769302476e-05
3115,395.0199335409998,6.2776,3.11805002533334e-05
3116,395.133708673,6.0302,3.117325104734576e-05
3117,395.24867405700024,6.0096,3.116633289179014e-05
3118,395.3636735990003,6.3763,3.115922299425934e-05
3119,395.4811416579996,5.3629,3.1152140192901324e-05
3120,395.5951960269995,5.5326,3.114489633907408e-05
3121,395.7093440079989,5.9258,3.113784289450618e-05
3122,395.8227920699992,4.9956,3.1130810205185204e-05
3123,395.93999708999945,7.2383,3.112380631629633e-05
3124,396.05675886899917,6.65,3.1116566773703706e-05
3125,396.17324745599944,4.1677,3.1109348858765514e-05
3126,396.291073847,7.1002,3.1102170964320996e-05
3127,396.40742565300025,6.9006,3.109478837783958e-05
3128,396.52191041100014,6.0194,3.108771174154327e-05
3129,396.63594096700035,6.5875,3.108065010907416e-05
3130,396.74960691399974,6.9191,3.1073604395864274e-05
3131,396.8644637969992,5.309,3.10665837064815e-05
3132,396.97946518000026,4.5695,3.105949735580256e-05
3133,397.0971053529993,6.6343,3.105239847475315e-05
3134,397.2148227769994,6.1114,3.10449930101235e-05
3135,397.33227317399906,6.5839,3.1037872932160504e-05
3136,397.44721568800014,6.0163,3.103062273580252e-05
3137,397.5655626099997,5.8472,3.102353574654321e-05
3138,397.68071904299904,6.6718,3.10162240268519e-05
3139,397.7963038979997,6.5068,3.100911442783949e-05
3140,397.91271479199895,5.0945,3.100198075802477e-05
3141,398.03079231300035,5.7207,3.099480519716053e-05
3142,398.1480497069988,6.2269,3.0987509097345694e-05
3143,398.26455003999945,5.918,3.0980260627283994e-05
3144,398.37940143000014,6.0811,3.097307803290132e-05
3145,398.4964241910002,6.3605,3.096594225512344e-05
3146,398.61289733800004,6.6616,3.095876671950621e-05
3147,398.7291147979995,6.1374,3.095156784432108e-05
3148,398.8428373379993,5.9832,3.094440046345678e-05
3149,398.9619899779991,6.0485,3.093736567925926e-05
3150,399.08066051899914,6.5437,3.09300258570988e-05
3151,399.1981825589992,5.7067,3.092270523154319e-05
3152,399.3186295309988,6.1806,3.091543385104946e-05
3153,399.43750255600025,5.2505,3.0908009089135805e-05
3154,399.5521626869995,6.2557,3.090066622802478e-05
3155,399.6692805780003,7.0326,3.0893591503271646e-05
3156,399.7864671489988,6.7432,3.088636563759264e-05
3157,399.9075574950002,6.7324,3.087913511537038e-05
3158,400.0222001559996,6.1704,3.087165724623458e-05
3159,400.13239333599995,6.8158,3.0864581746049405e-05
3160,400.24915034699916,6.6067,3.0857791341172914e-05
3161,400.3645390740003,7.0786,3.0850573632284005e-05
3162,400.4799821279994,4.2665,3.0843451886604934e-05
3163,400.5952805979996,6.2547,3.0836314830864274e-05
3164,400.7112631589989,6.9295,3.0829211085432085e-05
3165,400.8248429839987,5.9037,3.082204610925932e-05
3166,400.9411641739989,6.8282,3.081502649277781e-05
3167,401.0539204199995,4.9267,3.0807855388888876e-05
3168,401.1692435139994,6.3179,3.080088531925934e-05
3169,401.2791521279996,6.7705,3.0793722365864216e-05
3170,401.39685124099924,6.345,3.078694926574074e-05
3171,401.5170681829986,6.7746,3.0779712639753115e-05
3172,401.6335544069989,5.3679,3.0772312339567976e-05
3173,401.7528366429997,6.7446,3.0765107916172886e-05
3174,401.8691324779993,5.6575,3.07577444983334e-05
3175,401.98849918199994,6.6547,3.075055256956799e-05
3176,402.1045270550003,6.5558,3.074308247864197e-05
3177,402.2233503159987,5.7233,3.0736036246049414e-05
3178,402.3406197530003,6.7806,3.072869866493836e-05
3179,402.45560709799975,7.1091,3.072146335055561e-05
3180,402.57384461699985,5.6431,3.0714315793580275e-05
3181,402.69248380599856,6.627,3.070707637845682e-05
3182,402.8093015180002,4.5878,3.0699751159691345e-05
3183,402.92557735899936,5.5885,3.069253641425932e-05
3184,403.0418545599987,7.1016,3.068535698796299e-05
3185,403.15982637900015,5.6643,3.067817708179019e-05
3186,403.27682989999994,6.2832,3.0670905159074134e-05
3187,403.39476986299996,7.3024,3.0663668402901326e-05
3188,403.5103595059991,6.3695,3.0656406613271644e-05
3189,403.6249175699995,6.1848,3.0649253842901225e-05
3190,403.74070149900035,5.4206,3.06421796904939e-05
3191,403.85669886899996,6.2443,3.063505318080253e-05
3192,403.9738713030001,7.0933,3.062788979462963e-05
3193,404.090323638,6.0389,3.062063549345684e-05
3194,404.20598730500024,6.4337,3.061344638864206e-05
3195,404.3238702990002,7.0773,3.0606321071605004e-05
3196,404.4377145189992,5.701,3.059898573882717e-05
3197,404.55441915399933,6.3159,3.059200529567904e-05
3198,404.66980268800035,5.9202,3.058481871030864e-05
3199,404.7853630949994,7.0463,3.057769299135802e-05
3200,404.9014433049997,5.1552,3.05705409654939e-05
3201,405.0169738559998,4.3562,3.056337694370378e-05
3202,405.13485066499925,6.6267,3.0556250012592657e-05
3203,405.2513866629997,6.6837,3.054898053759262e-05
3204,405.367543250999,6.2546,3.054179102629635e-05
3205,405.48204341400015,5.3602,3.0534607787469194e-05
3206,405.59906805799983,6.3988,3.0527552571851923e-05
3207,405.7147906989994,6.6396,3.0520334170185175e-05
3208,405.8307325650003,5.2854,3.0513178308642022e-05
3209,405.9484994049999,5.6289,3.0506020557654387e-05
3210,406.0655143169988,5.4534,3.049875890407411e-05
3211,406.1825245559994,6.4223,3.0491545678765472e-05
3212,406.29910255899995,6.0867,3.048430267481488e-05
3213,406.416568867,5.356,3.0477099579382774e-05
3214,406.53347690199917,6.1939,3.0469866653765516e-05
3215,406.6497851189997,6.2293,3.0462661594321036e-05
3216,406.76010126799883,6.6986,3.045547736425929e-05
3217,406.879292394,7.0962,3.0448666295740756e-05
3218,406.99685390000013,5.5719,3.0441293899629618e-05
3219,407.11412914799985,6.7355,3.0434052595308703e-05
3220,407.22832370799915,4.7283,3.0426794894074086e-05
3221,407.33775684899956,6.9206,3.041973943722221e-05
3222,407.45617802499874,6.7919,3.0413023127407485e-05
3223,407.57289843800027,6.4014,3.0405694414629705e-05
3224,407.6922717839989,5.6789,3.0398483148580266e-05
3225,407.80875248600023,6.0151,3.0391104208086487e-05
3226,407.9263274679997,6.638,3.0383929005061806e-05
3227,408.04346362899923,6.4762,3.037666338407409e-05
3228,408.1586645999996,6.0246,3.0369437451975356e-05
3229,408.2753644349996,6.8973,3.0362324181234593e-05
3230,408.39073836100033,6.2473,3.0355124217222276e-05
3231,408.5068297629987,6.4525,3.0348002054382805e-05
3232,408.6229454329987,6.2625,3.0340849463827236e-05
3233,408.73978306199933,5.358,3.0333667767654332e-05
3234,408.85685815599936,6.3859,3.0326453680617316e-05
3235,408.97416031099965,6.0138,3.031923980592598e-05
3236,409.09202043299956,5.6081,3.03119794630247e-05
3237,409.2065471219994,6.0279,3.0304713568827236e-05
3238,409.32487927999864,6.095,3.0297642791913604e-05
3239,409.44078840399925,6.4182,3.029034598993832e-05
3240,409.555360983999,7.0031,3.0283177073888956e-05
3241,409.6701546610002,6.1128,3.0276099225617305e-05
3242,409.7858221440001,6.631,3.026902437969141e-05
3243,409.89878195500023,4.9291,3.0261886901913656e-05
3244,410.0125141159988,6.1371,3.025489286135803e-05
3245,410.1302088979992,6.4824,3.024789001259267e-05
3246,410.2459592819996,6.4621,3.0240632701913602e-05
3247,410.3623763939995,5.0277,3.0233495832222214e-05
3248,410.4728941129997,6.7877,3.022629568660502e-05
3249,410.59120318500027,7.0488,3.021948576524698e-05
3250,410.7071766979989,6.1317,3.02121596556173e-05
3251,410.8248625619999,6.8399,3.0204987131481534e-05
3252,410.93959922799877,6.5462,3.0197751638703764e-05
3253,411.0561041669989,5.9484,3.019065027061728e-05
3254,411.17273249699974,5.3064,3.018347308672842e-05
3255,411.2909476419991,6.1606,3.017627594574072e-05
3256,411.40836109599877,6.7679,3.0168969472654312e-05
3257,411.5229236129999,6.2305,3.0161739215617346e-05
3258,411.63779071299905,5.9983,3.0154647742469206e-05
3259,411.7533605339995,7.0514,3.0147554710679003e-05
3260,411.8699704749997,4.3974,3.014043221370376e-05
3261,411.9845412939994,4.5999,3.0133220067839573e-05
3262,412.1000603199991,6.5598,3.01261562061729e-05
3263,412.2161482929987,6.0326,3.0119020863765425e-05
3264,412.3316176799999,5.7738,3.011185876438279e-05
3265,412.44576281099944,6.4816,3.0104727360802497e-05
3266,412.5601883269992,5.8826,3.0097691459321055e-05
3267,412.67877163499907,6.6922,3.0090623561049436e-05
3268,412.79738818199985,5.8549,3.0083317355679076e-05
3269,412.9127328679988,5.848,3.0075981425987742e-05
3270,413.02859574600006,6.3131,3.006886978549388e-05
3271,413.14427273,6.9646,3.006170945549389e-05
3272,413.2581498669988,5.553,3.005457617228403e-05
3273,413.37536846999865,5.7953,3.0047544151728423e-05
3274,413.4914965049993,5.6571,3.0040313321913594e-05
3275,413.6096101429994,5.7566,3.0033131368086455e-05
3276,413.7283068349989,6.5114,3.0025859061604955e-05
3277,413.84404093299963,5.5532,3.0018532044259252e-05
3278,413.96112967099907,6.9144,3.00113709702469e-05
3279,414.075302923,4.4082,3.0004151004444527e-05
3280,414.19405644699873,6.2075,2.999709241549389e-05
3281,414.31230591299936,5.7866,2.9989709634506248e-05
3282,414.4317462679992,6.5166,2.998247936401236e-05
3283,414.55020639899885,5.4541,2.997509000833333e-05
3284,414.66804653500003,6.5934,2.9967785222345668e-05
3285,414.7845473059988,6.5514,2.9960511099259324e-05
3286,414.90330378699946,5.9567,2.9953317588456848e-05
3287,415.01743444299973,6.125,2.9945987733209885e-05
3288,415.13552040799914,6.5155,2.9938930486790205e-05
3289,415.2518796439999,5.5292,2.9931647457160583e-05
3290,415.37029053900005,7.2352,2.9924460537530885e-05
3291,415.4804780529994,6.8761,2.991715273635809e-05
3292,415.5963049740003,6.5243,2.9910369307283952e-05
3293,415.7066212560003,6.0784,2.9903210584938347e-05
3294,415.8237331469991,5.6779,2.9896385992839592e-05
3295,415.9393878239989,4.8033,2.988916455129629e-05
3296,416.05680229599966,6.5203,2.988201026e-05
3297,416.1718820249989,5.7361,2.987479447253093e-05
3298,416.28621732399915,5.8791,2.9867679560987727e-05
3299,416.39997181999934,5.4459,2.9860618630740827e-05
3300,416.51415287799864,5.6152,2.9853601401975295e-05
3301,416.6290944329994,6.7745,2.9846557606666737e-05
3302,416.74628601099903,5.6804,2.98394547057408e-05
3303,416.86287463999906,7.0265,2.983218860746912e-05
3304,416.9771015309998,6.8606,2.982502091969135e-05
3305,417.0940270299998,5.0079,2.9817972118333408e-05
3306,417.21232477899866,6.5869,2.981075440438277e-05
3307,417.3271842389986,5.6454,2.9803448355864204e-05
3308,417.4435965899993,6.1838,2.9796335342530875e-05
3309,417.55946272099936,6.5194,2.9789185468765446e-05
3310,417.67577424799856,5.2504,2.9782040225185213e-05
3311,417.7918403650001,6.2458,2.9774851163642047e-05
3312,417.90888102899953,5.7999,2.9767651532777868e-05
3313,418.0262956309998,6.1323,2.9760467679753102e-05
3314,418.14027486899977,6.5037,2.9753213942962987e-05
3315,418.2553009559997,6.2495,2.9746172020493894e-05
3316,418.3688515550002,5.9152,2.9739068881728464e-05
3317,418.484915781999,6.1696,2.973206373833336e-05
3318,418.5976643269987,6.0714,2.972490386685186e-05
3319,418.71196989799864,5.8485,2.9717944668209946e-05
3320,418.82897854699877,5.9989,2.9710905562037115e-05
3321,418.94401353600006,5.3824,2.97036702395062e-05
3322,419.059745356999,5.9572,2.9696560781913597e-05
3323,419.17586535699957,6.6082,2.9689398961851833e-05
3324,419.2902104879995,5.8721,2.9682243831234647e-05
3325,419.40636256299877,5.943,2.967518954685192e-05
3326,419.5241236330003,7.053,2.9668024834753077e-05
3327,419.63966074999917,5.7345,2.9660756430617366e-05
3328,419.7557391350001,6.7479,2.9653621005061748e-05
3329,419.87541470199903,6.686,2.96464681855556e-05
3330,419.9851661699995,6.5612,2.9639071286234567e-05
3331,420.0998005199999,5.8572,2.9632314816851848e-05
3332,420.2139217339991,5.8697,2.962521696901234e-05
3333,420.3290117260003,6.1285,2.9618192697283985e-05
3334,420.44371684499856,6.5903,2.961108203314819e-05
3335,420.5589045380002,6.0211,2.9603989244506235e-05
3336,420.6714374179992,6.0839,2.9596885512963034e-05
3337,420.78913482200005,6.5581,2.958992414475318e-05
3338,420.9025402110001,6.303,2.9582531061481478e-05
3339,421.01870463399973,6.1113,2.9575664559938276e-05
3340,421.1355793399998,6.5725,2.9568503938148134e-05
3341,421.2533044369993,6.513,2.956128890043214e-05
3342,421.37040046400034,6.6582,2.955402665024692e-05
3343,421.4865696599991,6.0961,2.95467903205556e-05
3344,421.6016011499996,6.0923,2.9539618880123533e-05
3345,421.7189278799997,6.5139,2.9532503969814883e-05
3346,421.8340482679996,6.4421,2.952527349635804e-05
3347,421.9506845670003,6.5663,2.9518158915493867e-05
3348,422.0655579359991,5.1105,2.9510979892716085e-05
3349,422.1819598479997,6.9844,2.9503867550370446e-05
3350,422.2924884389995,5.9062,2.9496691403333383e-05
3351,422.4084506649997,5.4282,2.948988279203711e-05
3352,422.52506651399926,5.3826,2.9482698221790213e-05
3353,422.6435236349989,6.7169,2.9475492362098746e-05
3354,422.7602073779999,5.9984,2.9468207935123482e-05
3355,422.87704823999957,6.6737,2.9461004436234584e-05
3356,422.99146203499913,6.0384,2.9453785268703687e-05
3357,423.1008794299996,6.3048,2.9446716327839556e-05
3358,423.2177091279991,6.092,2.943998221987655e-05
3359,423.33379559700006,6.1804,2.9432757059259285e-05
3360,423.44906738699865,4.9419,2.942560020987654e-05
3361,423.56512953499987,6.6664,2.941846138641975e-05
3362,423.67957536799986,6.0031,2.9411246361851902e-05
3363,423.7964338040001,6.4071,2.9404247383086436e-05
3364,423.910652777,6.0742,2.9397038471851833e-05
3365,424.0277900969995,6.0795,2.938997818555559e-05
3366,424.14280053699986,6.3717,2.9382750696790206e-05
3367,424.2600793909987,7.3358,2.937564632407413e-05
3368,424.3749956869997,6.2959,2.9368422663024765e-05
3369,424.4910035390003,6.4361,2.936127725413579e-05
3370,424.6057089899987,6.1988,2.9354156337963046e-05
3371,424.7232564449987,6.01,2.9347071055740737e-05
3372,424.8402734409992,5.4142,2.933982737907408e-05
3373,424.9580972599997,6.1202,2.9332596470493866e-05
3374,425.07310113600033,6.5199,2.9325316707284033e-05
3375,425.1879049959989,4.909,2.9318225410740786e-05
3376,425.3063274699998,6.6631,2.931113918549384e-05
3377,425.427058534,6.6391,2.9303831062777844e-05
3378,425.5434837419998,6.9748,2.9296375249753138e-05
3379,425.65762910800004,4.9146,2.9289201635740792e-05
3380,425.7745466899996,6.1185,2.9282154151111108e-05
3381,425.89150968099966,6.1404,2.9274935381913626e-05
3382,426.0075256649998,6.2533,2.926771668592597e-05
3383,426.1234527559991,5.9112,2.926055416265435e-05
3384,426.24013039799866,6.135,2.925338501382724e-05
3385,426.357750096,6.936,2.9246188870740727e-05
3386,426.4719503719989,6.2697,2.9238921038333367e-05
3387,426.58938248899904,6.1001,2.923187050574081e-05
3388,426.7079600830002,6.709,2.9224627631296307e-05
3389,426.8271031339991,6.3052,2.9217297786790142e-05
3390,426.9457510679986,6.3084,2.9209960390802466e-05
3391,427.0625040569994,5.2526,2.920264640555559e-05
3392,427.18298211599904,6.8429,2.9195424138703774e-05
3393,427.29789293999966,6.4032,2.918785981197536e-05
3394,427.41526284300016,6.2517,2.9180903211111143e-05
3395,427.53277576300025,6.7147,2.9173639509382712e-05
3396,427.64820183399934,5.4398,2.9166387712098803e-05
3397,427.76451808399906,6.3544,2.9159272827160566e-05
3398,427.8744376960003,6.3135,2.9152101889506155e-05
3399,427.99185594499977,6.2613,2.9145316049259276e-05
3400,428.10881806,6.0773,2.9138053677345705e-05
3401,428.2275167409989,6.8719,2.9130845750740736e-05
3402,428.3437392509986,6.0944,2.9123520440061725e-05
3403,428.4593495419995,5.5629,2.911632870864196e-05
3404,428.568974763999,6.6428,2.910919635432105e-05
3405,428.6862053240002,6.0883,2.910245235401233e-05
3406,428.801421356,6.6507,2.9095195648148133e-05
3407,428.9170259429993,5.8414,2.9088077883765507e-05
3408,429.03302637199886,5.003,2.9080948619444538e-05
3409,429.1513015299988,6.5632,2.9073788747037045e-05
3410,429.26683053600027,6.427,2.906649744012353e-05
3411,429.3835716529993,6.7626,2.9059348082407418e-05
3412,429.5006292090002,6.3624,2.9052135537407438e-05
3413,429.61644715299917,5.3534,2.9044926485185214e-05
3414,429.7311381749987,6.5258,2.903777217302478e-05
3415,429.84596019499986,5.31,2.9030682078333414e-05
3416,429.96514375900006,6.5154,2.9023596351049427e-05
3417,430.08160190299895,6.3334,2.9016253416604942e-05
3418,430.19228032299907,6.0135,2.900905424296295e-05
3419,430.30767714799913,6.5184,2.900224499191362e-05
3420,430.41797614999996,6.9542,2.8995111236728446e-05
3421,430.5368554710003,6.1124,2.898830041962962e-05
3422,430.6548712399999,7.162,2.8980962132777844e-05
3423,430.7721646859991,7.2395,2.8973676921111102e-05
3424,430.89021399599915,6.7762,2.896643785197537e-05
3425,431.0058020469987,4.8811,2.8959148964074113e-05
3426,431.12498876599966,6.9488,2.8952008043271673e-05
3427,431.24168746099895,6.2393,2.894464876030871e-05
3428,431.36021065899877,6.5102,2.893745312777782e-05
3429,431.4788277970001,6.4465,2.8930122506358037e-05
3430,431.59664038399933,6.2999,2.8922808369382742e-05
3431,431.7123289149986,5.1925,2.8915534369567964e-05
3432,431.82648752800014,5.64,2.890839418234576e-05
3433,431.94043917399904,3.1655,2.890134079796295e-05
3434,432.05673597999885,5.9162,2.889430493364199e-05
3435,432.17384772699916,4.9221,2.8887148559135852e-05
3436,432.2919649739997,5.7494,2.887990586160503e-05
3437,432.4071500279988,5.8708,2.8872615727345708e-05
3438,432.5243909799992,6.8235,2.886550373493826e-05
3439,432.64175266500024,5.3038,2.885826198376542e-05
3440,432.75708721499905,5.9799,2.885101697537036e-05
3441,432.87649556699944,6.6528,2.8843900469938257e-05
3442,432.9964195329994,6.3501,2.88363952331482e-05
3443,433.11202806099936,6.1511,2.8829134559382738e-05
3444,433.22816391000015,5.4409,2.8821994506543205e-05
3445,433.3461495399988,6.8112,2.8814823906913613e-05
3446,433.463642056,6.4958,2.880754620660495e-05
3447,433.5804291249988,6.6005,2.8800282062283945e-05
3448,433.6955882479997,6.9802,2.879303940240744e-05
3449,433.8117224130001,5.9618,2.878598863580245e-05
3450,433.92960714699984,6.9074,2.8778806869135855e-05
3451,434.0397683789997,6.7746,2.8771544412222263e-05
3452,434.15509660799944,6.538,2.8764740679938272e-05
3453,434.2717933269996,6.1115,2.8757615429629614e-05
3454,434.38888548999967,5.582,2.875041328586425e-05
3455,434.5038874239999,6.3056,2.8743179511975315e-05
3456,434.620188040999,6.4845,2.873607724111115e-05
3457,434.7397781589989,6.6741,2.8728894419382752e-05
3458,434.8568734170003,6.0722,2.872152531475315e-05
3459,434.9697088599987,3.4546,2.8714301714012383e-05
3460,435.0850104399997,4.7274,2.8707328133950683e-05
3461,435.20018104799965,6.836,2.870021269771606e-05
3462,435.3164485219986,6.1356,2.8693090401049383e-05
3463,435.4341239589994,5.5016,2.8685931080617368e-05
3464,435.55197849899923,6.2142,2.86786551548766e-05
3465,435.6682035319991,5.1916,2.8671387308765507e-05
3466,435.7823800799997,6.9365,2.8664193088086476e-05
3467,435.89625343199987,6.0392,2.8657164392037055e-05
3468,436.0135415069999,6.459,2.865012158530871e-05
3469,436.1286859819993,5.8577,2.86429000877778e-05
3470,436.2454871869995,6.8023,2.8635777573395052e-05
3471,436.3630832259987,7.2627,2.862858141327167e-05
3472,436.47845077700003,5.9061,2.8621321417654312e-05
3473,436.5886823789988,5.9393,2.861419586882715e-05
3474,436.707369583999,6.2393,2.8607343757716038e-05
3475,436.82573196299927,6.0492,2.860006119388895e-05
3476,436.94144034300007,5.325,2.85927507064198e-05
3477,437.0611451549994,5.6586,2.858560156987663e-05
3478,437.1801674669987,6.9791,2.8578231101234598e-05
3479,437.29704291099915,5.3188,2.857086705339509e-05
3480,437.41302449199975,6.0269,2.8563651721728383e-05
3481,437.53223694199914,6.0764,2.8556503736481543e-05
3482,437.64921838899863,6.134,2.8549138830617328e-05
3483,437.7653729199992,6.6711,2.8541930026358053e-05
3484,437.88044391899894,6.0697,2.8534753660864184e-05
3485,437.9966433089994,6.3427,2.8527644214135883e-05
3486,438.1115353969999,6.3985,2.852048361444444e-05
3487,438.22672636399875,6.7135,2.8513390987222304e-05
3488,438.34367921099874,5.7249,2.8506264038024698e-05
3489,438.4605697549996,5.2916,2.8499063704506245e-05
3490,438.57724835299996,5.7752,2.849183469932103e-05
3491,438.693742468,7.0515,2.8484632055925986e-05
3492,438.8111560819998,4.932,2.8477457294444477e-05
3493,438.9246810069999,4.7628,2.8470198325185264e-05
3494,439.04066572099873,6.3673,2.8463183994814852e-05
3495,439.1549628569992,5.6124,2.8456024255185276e-05
3496,439.2710031890001,5.4495,2.8448986133148148e-05
3497,439.3862517969992,6.6002,2.8441798309382806e-05
3498,439.50084404599875,5.1206,2.843469870716058e-05
3499,439.61668645899954,6.8399,2.8427625422962955e-05
3500,439.72697109099863,6.3533,2.8420487448827232e-05
3501,439.8445165920002,6.134,2.8413671778950668e-05
3502,439.9603855690002,6.2941,2.840640951160496e-05
3503,440.07636314699994,6.9923,2.8399266264444423e-05
3504,440.19473313900016,6.2676,2.8392086392654348e-05
3505,440.3096243109994,6.5043,2.8384813530370414e-05
3506,440.41983425999933,6.455,2.837769331759268e-05
3507,440.5386719950002,6.9803,2.837089361851853e-05
3508,440.6547717430003,6.8474,2.8363565201728386e-05
3509,440.76793792699937,5.4259,2.8356396489197557e-05
3510,440.8841047299993,6.9286,2.834940640049387e-05
3511,440.9977203969993,6.2095,2.8342247507407484e-05
3512,441.11281796799994,6.2319,2.833517419592592e-05
3513,441.22989854499974,6.643,2.8328114930061728e-05
3514,441.3462062819999,7.0651,2.8320904595740765e-05
3515,441.46461547800027,5.8214,2.8313714783333374e-05
3516,441.58277412999996,6.4238,2.8306404124321063e-05
3517,441.7010434189997,6.3818,2.829911912574073e-05
3518,441.8183884509999,5.5849,2.8291811274876624e-05
3519,441.93374190800023,4.7569,2.8284572333086433e-05
3520,442.049616373999,5.7338,2.8277453433580316e-05
3521,442.1664743379988,5.5299,2.8270295939814845e-05
3522,442.28190805399936,6.2887,2.8263080811172848e-05
3523,442.39517715999864,5.779,2.825595162641975e-05
3524,442.51199357800033,6.3928,2.8248956247160568e-05
3525,442.6287608019993,7.1434,2.8241746169753107e-05
3526,442.7464217559991,6.1849,2.823455117623466e-05
3527,442.8610977499993,5.7016,2.8227289488765485e-05
3528,442.97569337799905,5.5852,2.8220194150123496e-05
3529,443.0901767309988,5.5699,2.8213132759135786e-05
3530,443.2079158790002,6.0442,2.820606804629638e-05
3531,443.32288581399916,6.0648,2.8198794406481498e-05
3532,443.4394264599996,6.2275,2.819169276648148e-05
3533,443.55656723299944,6.8194,2.818450410783953e-05
3534,443.6722787259987,6.3067,2.8177279113086476e-05
3535,443.7891688669988,5.8566,2.8170137974629717e-05
3536,443.90615407899895,5.533,2.816286488444449e-05
3537,444.02090713100006,4.5682,2.8155694827284024e-05
3538,444.1396021569999,5.0851,2.8148603420925913e-05
3539,444.2621293779994,6.3994,2.8141273927901274e-05
3540,444.3887810999986,5.6284,2.813355097086419e-05
3541,444.50589111299996,6.4765,2.812587770419758e-05
3542,444.6232014399993,6.0149,2.8118678220802464e-05
3543,444.7382092259995,6.0827,2.8111404868271696e-05
3544,444.85505546199965,7.2611,2.8104328478580267e-05
3545,444.97119901399856,5.9447,2.8097124065493914e-05
3546,445.08718519600006,4.5451,2.8089963751358088e-05
3547,445.20292917000006,5.9802,2.8082795028765447e-05
3548,445.32050100299966,6.7159,2.807564467827164e-05
3549,445.43546405300003,6.5936,2.8068396544074093e-05
3550,445.55206315299984,6.1637,2.8061289195123514e-05
3551,445.66696521799895,5.8505,2.8054110313333347e-05
3552,445.783783203,6.7792,2.8046998098456872e-05
3553,445.899875789999,6.0377,2.803978737358025e-05
3554,446.01661694799986,6.5441,2.8032616912654318e-05
3555,446.132508880999,6.1472,2.8025421178950684e-05
3556,446.246312407,2.9384,2.8018264035926012e-05
3557,446.36297233799996,6.7563,2.8011241482962997e-05
3558,446.4812212830002,6.245,2.8004033063827234e-05
3559,446.5918116749999,7.0915,2.79966109130247e-05
3560,446.70908680199864,6.0572,2.7989893498827174e-05
3561,446.8240389629991,4.7731,2.798266578364196e-05
3562,446.9422457319997,5.8897,2.7975573862963028e-05
3563,447.0603608749989,5.4975,2.7968278195123476e-05
3564,447.1791801239997,6.315,2.7960984786049392e-05
3565,447.29465386599986,5.8555,2.7953648074012395e-05
3566,447.4090102859991,5.4262,2.7946518082777786e-05
3567,447.52651425899967,5.5469,2.793934243296305e-05
3568,447.6432006039995,6.5438,2.7932210342222243e-05
3569,447.7576703100003,6.1918,2.792501171345684e-05
3570,447.8732132739988,6.039,2.7917955709753084e-05
3571,447.98877416399955,6.4531,2.7910804111666655e-05
3572,448.1033255049988,6.1401,2.7903673640679097e-05
3573,448.2207826699996,5.3525,2.78965967032099e-05
3574,448.3333147989997,4.0496,2.788936506814822e-05
3575,448.44781307999983,6.3911,2.7882406186728405e-05
3576,448.56364675499935,6.3651,2.7875333818456845e-05
3577,448.67875792999985,7.0242,2.7868202946728394e-05
3578,448.79531484499967,6.6789,2.7861097199691383e-05
3579,448.91217851799956,6.1498,2.7853895275925933e-05
3580,449.0299383290003,6.5521,2.784668384549386e-05
3581,449.1487705829986,6.3749,2.7839413906111102e-05
3582,449.26551392999863,6.9884,2.7832074329691393e-05
3583,449.38057682499857,5.9792,2.7824857199567967e-05
3584,449.4925127459992,6.5433,2.7817760334938265e-05
3585,449.6098572619994,6.3224,2.781086847320986e-05
3586,449.72432464600024,6.3223,2.7803587612716116e-05
3587,449.8400613819995,5.932,2.7796549882592605e-05
3588,449.95518052199986,6.709,2.7789411951666756e-05
3589,450.0690030229998,4.0874,2.7782302524938358e-05
3590,450.18023415899916,5.9253,2.7775252737592604e-05
3591,450.2954291119986,5.7887,2.7768409825247e-05
3592,450.41111642599935,6.9627,2.7761284989876547e-05
3593,450.52917445299863,6.5664,2.7754141011481482e-05
3594,450.6444446509995,6.5793,2.774686746981489e-05
3595,450.760462758999,6.0263,2.7739744168827238e-05
3596,450.875351441,5.9532,2.77325886479013e-05
3597,450.9910941149992,6.0837,2.772550162111117e-05
3598,451.10767424000005,6.3613,2.7718360186666664e-05
3599,451.2210981139997,4.9449,2.7711147605308685e-05
3600,451.3375946399992,5.5546,2.770414043364202e-05
3601,451.45457079399966,6.4192,2.7696953651666713e-05
3602,451.57329641899923,5.7519,2.7689734507098757e-05
3603,451.68610193399945,4.8598,2.768242093320994e-05
3604,451.8027989989987,5.6105,2.7675422754506185e-05
3605,451.9176234939987,6.138,2.7668233306172897e-05
3606,452.03270142699876,6.7149,2.7661097621358068e-05
3607,452.1494010229999,4.0836,2.765406960648155e-05
3608,452.26545217700004,4.8797,2.7646854850246972e-05
3609,452.38391914599924,7.1802,2.763969179858027e-05
3610,452.4994155309996,6.1379,2.763233537500004e-05
3611,452.6151458690001,6.2058,2.762524740858029e-05
3612,452.72988758799875,6.4583,2.7618109203271682e-05
3613,452.8473679910003,6.5471,2.761101777703707e-05
3614,452.9634210889999,5.7433,2.7603753743641967e-05
3615,453.0780267199989,6.4018,2.7596591525740833e-05
3616,453.19500787299876,6.3609,2.7589528655308626e-05
3617,453.31194035599947,6.5973,2.758231359222222e-05
3618,453.42712273899997,6.1175,2.7575093152345744e-05
3619,453.54358137300005,6.8922,2.7567981134074063e-05
3620,453.6572040430001,6.1073,2.756079016203712e-05
3621,453.771185100999,6.5696,2.7553783349074164e-05
3622,453.8848003509993,6.7316,2.7546744389321e-05
3623,454.00056311499975,5.3867,2.753973534672842e-05
3624,454.11545947800005,6.755,2.7532596649135812e-05
3625,454.2317313679996,5.8786,2.7525493027283965e-05
3626,454.34873051700015,6.7325,2.7518313702839584e-05
3627,454.4672208259999,6.5359,2.7511091628950658e-05
3628,454.5831480559991,6.4768,2.750377553777778e-05
3629,454.6977352239992,5.8939,2.7496628112592614e-05
3630,454.8114587250002,5.6616,2.7489546808827205e-05
3631,454.9261799289998,6.4087,2.74825178891976e-05
3632,455.04358557699925,6.2285,2.7475447289012375e-05
3633,455.1572352129988,4.4709,2.7468163828703775e-05
3634,455.27101675299855,6.134,2.74611593156791e-05
3635,455.38599235499896,5.8554,2.7454151850925987e-05
3636,455.4976953229998,4.7197,2.7447056164382735e-05
3637,455.6135116339992,5.9221,2.744016167697535e-05
3638,455.73002664699925,5.7708,2.7433024663148138e-05
3639,455.8467690130001,5.9999,2.7425833412160524e-05
3640,455.96304120199966,6.5162,2.741861916141974e-05
3641,456.07853432999946,6.2781,2.7411439856666703e-05
3642,456.1959764509993,6.0416,2.7404303282530885e-05
3643,456.3138568559989,6.2168,2.7397060660246942e-05
3644,456.42981304299974,6.4174,2.738979119580254e-05
3645,456.54490864999934,6.838,2.738262144691362e-05
3646,456.6558627279992,6.9102,2.737553571919756e-05
3647,456.77300803399885,5.5942,2.736867406444449e-05
3648,456.89321314299923,6.6013,2.7361447990493888e-05
3649,457.0103559250001,6.0044,2.735402681925925e-05
3650,457.1255789379993,6.4321,2.734680360759268e-05
3651,457.2388139839986,5.6789,2.7339675222037053e-05
3652,457.35292135599957,6.748,2.7332684137530872e-05
3653,457.46940547399936,6.5439,2.7325642996419797e-05
3654,457.58503059099894,6.4609,2.731846070524693e-05
3655,457.70028102299875,6.6596,2.7311317409135816e-05
3656,457.8160064519998,5.591,2.7304207628642054e-05
3657,457.9303382830003,5.8938,2.7296924434197612e-05
3658,458.0450871379999,6.127,2.7290003834074064e-05
3659,458.1605963940001,6.8576,2.7282911854074067e-05
3660,458.27798689599877,6.9068,2.7275795368024754e-05
3661,458.39303464600016,6.9769,2.7268556893024744e-05
3662,458.5063143009993,4.9435,2.7261430243950627e-05
3663,458.6214784040003,5.5401,2.725444959006179e-05
3664,458.73664444399947,5.8594,2.7247344149197525e-05
3665,458.8516081429989,5.9655,2.7240225327037072e-05
3666,458.96779486000014,7.1666,2.723313765382719e-05
3667,459.0821039479997,6.674,2.7225970688024725e-05
3668,459.1974563799995,5.8442,2.72189146912346e-05
3669,459.3123604049997,6.087,2.721178369080255e-05
3670,459.426976798999,6.8309,2.7204692635740808e-05
3671,459.54315325599964,6.9548,2.7197615880864246e-05
3672,459.6585353219998,6.1674,2.7190448168271644e-05
3673,459.77154975699887,5.8396,2.7183341472839487e-05
3674,459.8884488799995,6.5789,2.717635008925934e-05
3675,460.00553071600007,6.7127,2.716913810629632e-05
3676,460.12297945799946,6.3306,2.7161924203209886e-05
3677,460.24249927599885,6.2419,2.7154663704753115e-05
3678,460.35899114199856,6.571,2.7147289144938247e-05
3679,460.47824947499976,6.4567,2.7140090007345707e-05
3680,460.592926497,6.0706,2.713273794253085e-05
3681,460.71045855099874,6.8665,2.7125646243086498e-05
3682,460.8251633109994,6.7707,2.7118404144012398e-05
3683,460.93968550599857,5.2036,2.7111306681604952e-05
3684,461.0529520609998,6.3753,2.710423944333331e-05
3685,461.16274548899855,6.5284,2.7097248918456852e-05
3686,461.27961583199976,6.6074,2.7090483216172828e-05
3687,461.39435490699907,6.0007,2.7083260346666695e-05
3688,461.5093504939996,7.0101,2.7076183502037038e-05
3689,461.6249376830001,5.3869,2.7069085756851857e-05
3690,461.74205811999855,6.5867,2.706193635098765e-05
3691,461.857420504999,4.9715,2.7054719783456883e-05
3692,461.9716765609992,6.4824,2.70475940237655e-05
3693,462.0860104929998,5.9605,2.704045005216055e-05
3694,462.1994441429997,4.8578,2.7033479050123456e-05
3695,462.3136944639991,5.8657,2.7026476821049385e-05
3696,462.43024688900005,6.8906,2.7019426203086495e-05
3697,462.543850656999,6.4352,2.701223790524693e-05
3698,462.6582756879998,7.0856,2.7005217549938296e-05
3699,462.77287377099856,6.0675,2.6998154843765446e-05
3700,462.8884692749998,6.2956,2.6991088381049467e-05
3701,463.00269687499895,6.1173,2.698394318691364e-05
3702,463.11779900299916,5.9482,2.6976890922777796e-05
3703,463.2326865849991,6.4346,2.6969784480864257e-05
3704,463.34832094099875,6.0345,2.6962700998765512e-05
3705,463.4653104600002,6.2922,2.6955564723333358e-05
3706,463.57962460699855,6.5912,2.6948341662283938e-05
3707,463.69679012399865,5.8442,2.6941276892530932e-05
3708,463.81221818499944,6.5225,2.693405092777786e-05
3709,463.9284405819999,6.413,2.692691704166666e-05
3710,464.044861168999,5.7407,2.6919762211666664e-05
3711,464.15429151900025,6.46,2.691256755925926e-05
3712,464.27030379499956,6.6024,2.690582146111118e-05
3713,464.38750840099965,7.1942,2.6898649553271592e-05
3714,464.5028023729992,6.2491,2.689141121172848e-05
3715,464.6173135829995,5.5232,2.6884301201111116e-05
3716,464.7342484660003,6.5871,2.6877237253209863e-05
3717,464.8528546050002,5.9927,2.6870018261666747e-05
3718,464.96995885700017,6.5956,2.6862685010185227e-05
3719,465.0798449269987,6.1307,2.6855470029629624e-05
3720,465.1951479039999,5.9048,2.6848693565370366e-05
3721,465.31223692599997,6.8438,2.6841551920061746e-05
3722,465.42883544100005,5.5205,2.68343412032099e-05
3723,465.54222886299976,5.9385,2.682713566037044e-05
3724,465.6556297389998,6.5319,2.6820125150864184e-05
3725,465.7734279969991,6.6515,2.6813152219814873e-05
3726,465.88769955299904,6.0821,2.680587801123457e-05
3727,466.0042731079993,6.0854,2.6798803618642043e-05
3728,466.12023663999935,5.9816,2.6791623226604934e-05
3729,466.23736345499856,6.9941,2.6784457526419816e-05
3730,466.35604214900013,5.8984,2.677721869413582e-05
3731,466.47476396599995,6.6615,2.676989653018519e-05
3732,466.58656698699997,6.2603,2.676256870913586e-05
3733,466.7042761949997,6.0395,2.6755663642222238e-05
3734,466.82111843299936,6.4505,2.674840607753095e-05
3735,466.9382284059993,6.4385,2.6741182811851852e-05
3736,467.0549744839991,6.0349,2.6733967172222264e-05
3737,467.17185812999924,4.685,2.6726707457098798e-05
3738,467.28779069399934,5.9232,2.6719521274321047e-05
3739,467.40525988899935,6.3805,2.6712376426358106e-05
3740,467.5226682350003,5.8444,2.6705142129197574e-05
3741,467.64085917099874,5.8357,2.6697886134135818e-05
3742,467.75636197699896,5.7551,2.669058453308643e-05
3743,467.87295404999895,5.9166,2.6683456906666726e-05
3744,467.9874256860003,7.2832,2.6676265839444537e-05
3745,468.1048683019999,6.1291,2.6669193788333313e-05
3746,468.2223943709996,4.9385,2.6661937284382775e-05
3747,468.3388200270001,6.9422,2.665468840635803e-05
3748,468.4540151149995,6.3274,2.6647490792407485e-05
3749,468.5702798019993,6.9042,2.664039670166667e-05
3750,468.6841000329987,5.4652,2.663322287975315e-05
3751,468.80448631299987,6.8658,2.662618487870375e-05
3752,468.92074718599906,5.2636,2.6618752119814832e-05
3753,469.0383202519988,6.1327,2.6611574014753125e-05
3754,469.1476158810001,6.7477,2.660433441641982e-05
3755,469.264650309,5.5961,2.6597590480432145e-05
3756,469.3799667229996,6.7861,2.6590361058518588e-05
3757,469.49740574599855,6.6438,2.6583233363333333e-05
3758,469.61171561599986,6.6138,2.657597457154326e-05
3759,469.727314107,6.7003,2.6568907927222303e-05
3760,469.8409735819987,6.6205,2.656180454382716e-05
3761,469.95700827899964,5.4317,2.655477083845687e-05
3762,470.0742559419996,6.1319,2.6547616774938257e-05
3763,470.1887880229988,5.9612,2.6540362530185247e-05
3764,470.3058709090001,6.0589,2.6533299818271686e-05
3765,470.4208269369992,6.5702,2.652593956179019e-05
3766,470.53481189599916,4.6819,2.6518977911049392e-05
3767,470.6511713780001,5.8677,2.6511935846790186e-05
3768,470.76858052699936,6.8504,2.65047598296914e-05
3769,470.8830373089986,5.4448,2.6497522696913568e-05
3770,470.99786624399894,6.1569,2.649044882086429e-05
3771,471.11490541499916,5.6448,2.6483373509567917e-05
3772,471.23170293399926,6.3819,2.6476140708765445e-05
3773,471.3423895069991,6.7864,2.646883793629631e-05
3774,471.46005273899937,5.1092,2.6462115849259295e-05
3775,471.57720290499856,6.5973,2.6454829912839573e-05
3776,471.69484434399965,5.7595,2.6447622370864178e-05
3777,471.812534314,4.9598,2.644034850648147e-05
3778,471.92769918199883,6.6316,2.6433071141851927e-05
3779,472.04615110600025,5.9137,2.6425974152160527e-05
3780,472.1629812629999,5.9811,2.641866025518528e-05
3781,472.2777342059999,5.0356,2.6411464685493848e-05
3782,472.3939173709987,6.5352,2.6404326256049473e-05
3783,472.5077413029994,6.5851,2.6397190443827234e-05
3784,472.62520822700026,7.2924,2.6390163350370356e-05
3785,472.73940828800005,6.1974,2.638291895351852e-05
3786,472.85529415400015,7.1173,2.6375867976666656e-05
3787,472.9709077970001,6.7673,2.6368723863271596e-05
3788,473.087129309999,6.7925,2.6361548104197575e-05
3789,473.20300729599876,5.3776,2.635439304351851e-05
3790,473.31753013900016,6.4943,2.6347249535987722e-05
3791,473.43281210699934,6.7099,2.6340177430123462e-05
3792,473.54245352499856,7.075,2.6333062920000007e-05
3793,473.6581093320001,5.4885,2.6326301308765412e-05
3794,473.7738913590001,6.3742,2.6319156438765415e-05
3795,473.8909721279997,5.2692,2.6312021219567968e-05
3796,474.00447416099996,6.5488,2.6304779029938287e-05
3797,474.1181955109987,5.5218,2.629776613641982e-05
3798,474.2361190149986,6.5058,2.6290742560370374e-05
3799,474.35041331999855,6.8511,2.6283478731358045e-05
3800,474.46775118499863,6.0358,2.6276421133641994e-05
3801,474.58326620799926,5.4604,2.62691828135186e-05
3802,474.6998643499992,5.9741,2.6262049411481465e-05
3803,474.81571697300024,5.8058,2.625484044296296e-05
3804,474.9304609640003,6.4834,2.624769284561729e-05
3805,475.04672140599905,6.6269,2.624060875617291e-05
3806,475.16206722899915,5.9321,2.623345322740747e-05
3807,475.2755342469991,4.1141,2.622631326808645e-05
3808,475.3915987529999,5.505,2.6219313099814868e-05
3809,475.50723768199896,7.383,2.621215039537045e-05
3810,475.62275326099916,5.6656,2.6205013399321055e-05
3811,475.738275361,6.4489,2.6197874853271597e-05
3812,475.85295015799966,5.5073,2.6190753582469136e-05
3813,475.9683366600002,6.6038,2.618366949265434e-05
3814,476.07878318799885,6.1691,2.6176541410617305e-05
3815,476.1946672989998,5.9917,2.616973895777779e-05
3816,476.31106014599936,5.6747,2.6162571944753132e-05
3817,476.42575800600025,5.8852,2.6155406815493882e-05
3818,476.54004956899917,6.0553,2.614829990549385e-05
3819,476.65648572200007,7.1427,2.6141249365493846e-05
3820,476.77211604999866,6.6687,2.6134070616851912e-05
3821,476.886495621,5.4317,2.6126930841604985e-05
3822,477.00347016699925,5.6876,2.6119873383765515e-05
3823,477.1205040770001,6.7657,2.6112639509135785e-05
3824,477.23577393399864,5.367,2.6105415587901323e-05
3825,477.35326470399923,7.1235,2.6098312490308718e-05
3826,477.46367225999893,6.4866,2.6090940180370405e-05
3827,477.579579321,6.6124,2.6084243595925928e-05
3828,477.69568323599924,6.7184,2.60770476638889e-05
3829,477.8135174990002,7.3593,2.6069917993333358e-05
3830,477.9313267870002,6.3541,2.6062636145308694e-05
3831,478.0479007060003,6.865,2.6055379407592644e-05
3832,478.16203060800035,6.2833,2.604815852604936e-05
3833,478.2779511379995,6.1872,2.6041125057037097e-05
3834,478.394822663,6.9535,2.603398148549382e-05
3835,478.51120119699954,5.3069,2.6026770278148223e-05
3836,478.6259321460002,6.2452,2.6019583794197588e-05
3837,478.7408114329992,6.7725,2.6012505422222267e-05
3838,478.85112319899963,6.6604,2.6005407566111183e-05
3839,478.96834004799894,6.1424,2.599858729808642e-05
3840,479.0846673139986,6.5101,2.5991366479382705e-05
3841,479.2030788060001,7.0833,2.598418454629632e-05
3842,479.32137246899947,6.452,2.5976807920432077e-05
3843,479.437007646,6.086,2.596956274734572e-05
3844,479.55304639600035,5.9846,2.59624196439507e-05
3845,479.6707232839999,6.9451,2.5955260616234612e-05
3846,479.78974442099934,6.3524,2.5948005409135823e-05
3847,479.90776362199904,5.3612,2.594066518018522e-05
3848,480.023966494,5.7758,2.5933368162098837e-05
3849,480.1423870050003,6.1572,2.5926196347592602e-05
3850,480.2601596779987,6.1726,2.5918880751234587e-05
3851,480.3773925349997,6.87,2.591160979265433e-05
3852,480.4935890380002,5.8095,2.590439866012354e-05
3853,480.60881549199985,6.5584,2.5897212882222287e-05
3854,480.72525455899995,6.5455,2.589009080185187e-05
3855,480.8407137159993,6.0667,2.58829021582716e-05
3856,480.9551088199987,6.7661,2.5875780162716045e-05
3857,481.0728390719996,6.5895,2.586869920950617e-05
3858,481.1886555919991,6.184,2.5861450853271663e-05
3859,481.3068761639988,6.6522,2.585431077049382e-05
3860,481.42228165099914,6.8678,2.5847011928456786e-05
3861,481.53572370099937,6.3342,2.5839877927407463e-05
3862,481.65248021299885,6.468,2.58328663832716e-05
3863,481.76879609499883,5.9834,2.5825675421234608e-05
3864,481.88353347299926,6.0412,2.5818500169691416e-05
3865,481.9993446289991,5.9346,2.5811407476172843e-05
3866,482.1135354170001,6.8795,2.5804255703518566e-05
3867,482.2289489779996,5.6377,2.5797215755000038e-05
3868,482.3459838709987,6.5058,2.5790099466543284e-05
3869,482.46322390899877,6.2526,2.578286017611109e-05
3870,482.5793818109996,5.4432,2.5775626439444524e-05
3871,482.69663817199944,6.2048,2.5768461647592656e-05
3872,482.8125667959994,6.3256,2.5761221579197566e-05
3873,482.92745024099895,5.05,2.5754074571358065e-05
3874,483.042559689,5.628,2.5746971436419808e-05
3875,483.15594844800034,5.9645,2.573986567438276e-05
3876,483.2708266419995,6.2872,2.57328554970371e-05
3877,483.3835760539987,6.3507,2.5725779176358022e-05
3878,483.4977507479998,5.3684,2.571881026907407e-05
3879,483.6117640169996,5.9196,2.571176669901243e-05
3880,483.72647952199986,6.0452,2.570473459876543e-05
3881,483.84022946499863,5.6464,2.569765501913587e-05
3882,483.95735117799995,5.1378,2.569063031345683e-05
3883,484.07261413000015,6.2273,2.5683408147530863e-05
3884,484.1892003009998,6.9313,2.5676287517901275e-05
3885,484.3056729580003,7.0788,2.5669097756913575e-05
3886,484.4196935330001,6.0095,2.566190842061733e-05
3887,484.534360181,5.7087,2.5654860418456866e-05
3888,484.6485791369996,7.0392,2.564778930888892e-05
3889,484.76447510399885,6.6077,2.5640740897407446e-05
3890,484.87846971199906,5.3299,2.563357896358024e-05
3891,484.99439927099957,6.4374,2.5626527466419824e-05
3892,485.11031673599973,6.5631,2.5619391362654344e-05
3893,485.22557995999887,6.2708,2.561222782722224e-05
3894,485.33914855500007,4.6606,2.5605113870740778e-05
3895,485.45395069299957,5.6377,2.5598091981913586e-05
3896,485.5667938859988,6.32,2.559101377901243e-05
3897,485.6809179789998,6.3161,2.5584047571358017e-05
3898,485.79824054100027,6.3284,2.5577008167098748e-05
3899,485.9132023450002,5.5068,2.5569764754753145e-05
3900,486.02742692299944,6.6984,2.5562672440555617e-05
3901,486.1416877619995,4.5527,2.555559596104946e-05
3902,486.25603101900015,6.445,2.5548542815987715e-05
3903,486.3715530699992,5.9735,2.5541506544506188e-05
3904,486.48720307999974,6.0105,2.5534371223271635e-05
3905,486.6006433579987,6.1716,2.5527232169321042e-05
3906,486.71565641899906,6.2915,2.5520222064506238e-05
3907,486.8294491029992,6.0076,2.5513133309321035e-05
3908,486.94418201400003,6.1615,2.550610153327162e-05
3909,487.06107475499994,6.7071,2.549902081796299e-05
3910,487.17849458899946,6.1148,2.5491818012345747e-05
3911,487.29514701900007,5.8979,2.548455243240745e-05
3912,487.4113925009988,5.7116,2.547735228117284e-05
3913,487.5269785949986,5.5484,2.5470175512407452e-05
3914,487.644100219999,5.9708,2.5463051785370375e-05
3915,487.7599214239999,6.4565,2.5455826660617288e-05
3916,487.8756273509989,6.6761,2.5448679212716087e-05
3917,487.9890270519991,4.7889,2.5441539716913654e-05
3918,488.10322012899996,6.0377,2.5434527214012387e-05
3919,488.21834446399953,7.0233,2.542747649314814e-05
3920,488.3324290469991,6.8294,2.5420375110987736e-05
3921,488.4469530489987,4.8434,2.5413328069074134e-05
3922,488.5594510539995,5.8158,2.540626411907408e-05
3923,488.6726111749995,4.5708,2.5399318034691378e-05
3924,488.78622352399907,5.6658,2.5392327341913656e-05
3925,488.9012649359993,6.1824,2.5385321400370366e-05
3926,489.0158334890002,6.3129,2.5378214503888908e-05
3927,489.12977262499953,6.6524,2.5371146138148127e-05
3928,489.24501824899926,5.5388,2.536410575240743e-05
3929,489.3574225889988,6.002,2.5356988174814805e-05
3930,489.4722892459995,5.5417,2.5350055819135832e-05
3931,489.590794112999,6.038,2.5342975457284007e-05
3932,489.70747201799895,6.9581,2.5335662007901308e-05
3933,489.8226189519992,5.1774,2.5328464019012354e-05
3934,489.93503302599856,4.7814,2.532135500283953e-05
3935,490.05150572799903,5.641,2.5314404917160482e-05
3936,490.1693953039994,6.2655,2.530720914395064e-05
3937,490.28317342300033,5.0846,2.5299948064259276e-05
3938,490.39808801300023,6.4052,2.5292914086481513e-05
3939,490.51417813399894,5.7111,2.528581065092595e-05
3940,490.6283100189994,6.4785,2.5278665133024715e-05
3941,490.7438317699998,6.1341,2.5271616066234565e-05
3942,490.8569199020003,6.6053,2.526448617981484e-05
3943,490.9692449899994,6.4055,2.525749872734566e-05
3944,491.08356362499944,7.012,2.5250571103209907e-05
3945,491.200253514,7.1077,2.5243514930987683e-05
3946,491.3148279849993,4.9797,2.5236300357222225e-05
3947,491.4299365749994,5.3518,2.5229231111728457e-05
3948,491.5446703010002,6.2455,2.5222127928209936e-05
3949,491.6613138699995,6.2286,2.5215047338271668e-05
3950,491.77830544099925,4.9814,2.520785284345678e-05
3951,491.89371234600003,6.1574,2.52006251332099e-05
3952,492.00898267199955,6.1477,2.519349115425928e-05
3953,492.12303001599867,4.4777,2.5186385821605007e-05
3954,492.2381858459994,6.667,2.5179340302839582e-05
3955,492.35268611099855,5.6948,2.5172239442037028e-05
3956,492.46520716099985,3.8822,2.5165163863580288e-05
3957,492.5739301679987,6.8166,2.5158223683148198e-05
3958,492.69015606500034,7.0806,2.5151537273642013e-05
3959,492.80455886100026,5.6177,2.514434377543211e-05
3960,492.91786839999986,4.7065,2.5137274249506205e-05
3961,493.0308221289997,6.8577,2.5130280763148138e-05
3962,493.1464156919992,5.8114,2.5123307607839564e-05
3963,493.25618925900017,6.5132,2.5116179512901293e-05
3964,493.3726350879988,6.0723,2.5109404605061772e-05
3965,493.4859841589987,4.4721,2.5102221074938274e-05
3966,493.60011458999907,5.3349,2.5095215653209943e-05
3967,493.7147200799991,4.2905,2.5088172418271617e-05
3968,493.8297756129996,4.8185,2.5081090133888908e-05
3969,493.9435491129989,5.35,2.5073989476234572e-05
3970,494.060018922999,6.6192,2.5066964944321007e-05
3971,494.1748209540001,6.0886,2.5059778197345744e-05
3972,494.28952025000035,6.3912,2.5052687714567947e-05
3973,494.4066850299987,6.2589,2.5045611661111095e-05
3974,494.52362432100017,5.4005,2.5038374611234604e-05
3975,494.6396748799998,5.9744,2.503116058209882e-05
3976,494.753031708,7.01,2.5023999298518565e-05
3977,494.86830998999903,6.8918,2.501699768160495e-05
3978,494.98298555699876,6.1173,2.5009887379506207e-05
3979,495.0959861049996,5.4497,2.5002812444135888e-05
3980,495.21321082800023,6.2775,2.499581737820987e-05
3981,495.3288750720003,6.7353,2.4988598260925973e-05
3982,495.44266744499873,6.1677,2.498146082216049e-05
3983,495.55861303599886,5.9375,2.497442145629638e-05
3984,495.67197861899876,6.21,2.49672710988272e-05
3985,495.78235614000005,6.6785,2.496027154919751e-05
3986,495.89775124900007,5.4432,2.4953464349444427e-05
3987,496.01410133599893,6.942,2.4946340935370428e-05
3988,496.1312978959995,5.7475,2.4939165954753137e-05
3989,496.2485656609988,6.3904,2.4931924309444466e-05
3990,496.36366763499973,4.8895,2.4924661238888962e-05
3991,496.4794080569991,6.54,2.4917567317839535e-05
3992,496.59421103299974,6.5202,2.491043160722223e-05
3993,496.7090499879996,6.2205,2.490336106481484e-05
3994,496.8232250969995,6.0243,2.48962551098149e-05
3995,496.93836543699945,6.5038,2.4889206436111168e-05
3996,497.05291530700015,7.0556,2.488209722487654e-05
3997,497.1702285430001,6.0522,2.487502850759259e-05
3998,497.28439545699985,4.8957,2.4867789386049417e-05
3999,497.4011997029993,6.4702,2.486072359166675e-05
4000,497.5194552519988,6.6721,2.4853528544876615e-05
4001,497.6331047759995,6.3176,2.484622530265437e-05
4002,497.748945112,7.1693,2.4839188593395092e-05
4003,497.862551455999,6.0242,2.4832068983456834e-05
4004,497.978238583999,6.3921,2.482505024820989e-05
4005,498.09199138999975,6.1966,2.4817920206975302e-05
4006,498.2032132309996,6.3919,2.48108793264815e-05
4007,498.31665649099887,6.0155,2.4804035856296304e-05
4008,498.43386445099895,6.2484,2.479702811882716e-05
4009,498.55102891800016,5.9772,2.4789752253580244e-05
4010,498.6675710069994,5.3912,2.4782554559506248e-05
4011,498.7840055279994,5.6863,2.4775362117098767e-05
4012,498.89933174,6.2556,2.4768185612037097e-05
4013,499.01576637200014,6.3518,2.476104329493831e-05
4014,499.13160096499996,5.9256,2.4753879916543272e-05
4015,499.24714943899926,6.3469,2.474672359444446e-05
4016,499.36365057500007,5.7574,2.4739596508271673e-05
4017,499.47885913699974,6.0785,2.4732398997716082e-05
4018,499.59221553299903,4.6749,2.472528355771604e-05
4019,499.7105316929992,6.6659,2.4718296638518524e-05
4020,499.8251999439999,5.738,2.471099789154323e-05
4021,499.94311932599885,5.8527,2.4703911598333346e-05
4022,500.05900053799996,5.9204,2.4696625648086502e-05
4023,500.1756590639998,5.2194,2.4689464903395105e-05
4024,500.2922456319993,6.2516,2.4682283770555585e-05
4025,500.4077554539999,5.8402,2.467508359506172e-05
4026,500.5238185019989,6.6693,2.4667936580308716e-05
4027,500.64062883899896,5.7184,2.4660770948703766e-05
4028,500.75566344399886,6.2646,2.4653571370246915e-05
4029,500.87274273899857,6.4394,2.4646461880246995e-05
4030,500.987999555,5.0131,2.4639249732962987e-05
4031,501.10563479699886,5.8705,2.4632132460617328e-05
4032,501.22418202799963,7.1943,2.462485279907407e-05
4033,501.34054104499955,6.7769,2.4617549210987718e-05
4034,501.45692847699866,5.5195,2.4610351617716053e-05
4035,501.5729023439999,5.6676,2.4603173205925918e-05
4036,501.6889592110001,6.2731,2.459602646956789e-05
4037,501.80292567799916,6.3653,2.458884757419751e-05
4038,501.92000350299895,5.6738,2.458181819753087e-05
4039,502.0360950639988,5.8164,2.457459282993832e-05
4040,502.15336971000033,6.5533,2.456743126969135e-05
4041,502.26852862299893,6.5628,2.456019442493836e-05
4042,502.38363977299923,5.9245,2.455307356209884e-05
4043,502.50037919199895,6.6407,2.4545972133703766e-05
4044,502.6130787969996,5.1758,2.4538770458827154e-05
4045,502.7281894529988,6.7853,2.453181193975317e-05
4046,502.84270012699926,6.1355,2.4524714912098783e-05
4047,502.95869574399876,6.0099,2.4517634563209957e-05
4048,503.0755767699993,6.7524,2.451048396654322e-05
4049,503.1886308519988,6.649,2.450326063141981e-05
4050,503.3046495849994,5.943,2.4496283835308725e-05
4051,503.4188629529999,4.8868,2.4489134989938256e-05
4052,503.535674286999,6.5937,2.448206533524699e-05
4053,503.6513748739999,6.6026,2.4474873519753082e-05
4054,503.7672902529994,6.9196,2.446771709586419e-05
4055,503.8834203789993,5.179,2.4460580885493918e-05
4056,503.9982353189989,6.2732,2.445340059074074e-05
4057,504.11320722599885,5.0043,2.4446324561358108e-05
4058,504.2284195889988,6.0898,2.4439223447716135e-05
4059,504.3451284059993,6.204,2.443209972864196e-05
4060,504.45866240599935,6.2521,2.4424899523086492e-05
4061,504.57387348999873,6.7556,2.4417886488209872e-05
4062,504.68874735899954,5.5117,2.441078258734571e-05
4063,504.80630740299966,6.1279,2.4403666303518504e-05
4064,504.9215081309994,5.1604,2.4396432675000064e-05
4065,505.03610837700035,5.2358,2.4389314793209867e-05
4066,505.15548049399877,6.476,2.4382235830123507e-05
4067,505.2739815669993,6.0618,2.4374871318888924e-05
4068,505.38831317899894,6.2761,2.4367565272530917e-05
4069,505.50259109800027,6.81,2.4360506166172904e-05
4070,505.61855799799923,5.6926,2.4353337204074144e-05
4071,505.7336872529995,6.2727,2.4346301729259342e-05
4072,505.84971900299934,6.2181,2.4339199048827143e-05
4073,505.9658174420001,6.5359,2.4332031127654392e-05
4074,506.08040611700017,6.0472,2.4324870982839538e-05
4075,506.1941384700003,3.9457,2.4317763209320993e-05
4076,506.3099218469997,6.3761,2.4310755403333323e-05
4077,506.4255857859989,7.1809,2.430362524851857e-05
4078,506.5403025129999,6.9263,2.4296485208827187e-05
4079,506.6570837679992,5.7533,2.4289387593950703e-05
4080,506.77237438500015,5.8992,2.4282189851728392e-05
4081,506.88838882799973,6.4608,2.4275068282160512e-05
4082,506.99742725800024,5.8667,2.4267897704444465e-05
4083,507.11084434199984,4.8918,2.4261184189444526e-05
4084,507.22576134799965,6.3301,2.4254155885308722e-05
4085,507.34143546799896,6.1772,2.4247082849814896e-05
4086,507.4576195999998,6.4485,2.4239942836851875e-05
4087,507.57394157699855,5.7677,2.4232767734753152e-05
4088,507.69119841799875,6.3217,2.422558331413588e-05
4089,507.8051698379986,6.1099,2.4218341979259307e-05
4090,507.9208905919986,6.8396,2.4211308418827216e-05
4091,508.03684751999936,6.2625,2.4204172813703767e-05
4092,508.15332226899955,5.5114,2.4197016494197584e-05
4093,508.26723670499996,6.874,2.4189822974691356e-05
4094,508.37861113100007,3.9914,2.4182787179753167e-05
4095,508.4923319849986,6.1425,2.417590963746921e-05
4096,508.6094801959989,5.9114,2.416889133765431e-05
4097,508.7239918719988,5.5954,2.416167187296297e-05
4098,508.83763372799876,6.4587,2.415459829172842e-05
4099,508.9526896789994,5.3468,2.414757784555554e-05
4100,509.06503290099863,6.3722,2.4140478348765416e-05
4101,509.18104101599965,5.8433,2.4133532498518537e-05
4102,509.2968943429987,6.3343,2.4126310920802538e-05
4103,509.4110236209999,5.228,2.4119234617777758e-05
4104,509.5326403580002,6.1892,2.411218210333337e-05
4105,509.6490487969986,6.3348,2.4104681485925967e-05
4106,509.762813669,6.4295,2.4097508720617355e-05
4107,509.8765902189989,6.3135,2.409048349574081e-05
4108,509.9942948810003,6.3943,2.4083454467530896e-05
4109,510.1121908309997,6.5931,2.407618872648157e-05
4110,510.2259092969998,5.1069,2.4068906393888907e-05
4111,510.34197484299875,6.18,2.406187914907414e-05
4112,510.4588242230002,6.6382,2.4054730043518575e-05
4113,510.57473419399867,6.9566,2.4047499279012426e-05
4114,510.6889581630003,5.8768,2.404035371790132e-05
4115,510.8052519899993,5.1709,2.40333027167902e-05
4116,510.9196292460001,5.854,2.4026119986172853e-05
4117,511.0326175889986,5.6125,2.401906465006179e-05
4118,511.14548264399855,4.3773,2.4012077704382713e-05
4119,511.2626296769995,5.4088,2.4005119677654358e-05
4120,511.3779845179997,6.2919,2.399789204129629e-05
4121,511.4920589609992,5.9593,2.3990770593888927e-05
4122,511.6013351389993,6.2785,2.39837316008642e-05
4123,511.7158519709992,6.3814,2.3976990622592595e-05
4124,511.8325688139994,6.2949,2.3969901550308688e-05
4125,511.9491104009994,5.7613,2.396271800555558e-05
4126,512.0639448179991,6.2362,2.3955527203950645e-05
4127,512.1745699359999,6.9972,2.394843977049389e-05
4128,512.2908268599986,6.6765,2.3941603919814798e-05
4129,512.4042708859997,4.7737,2.39344177656173e-05
4130,512.5208198389992,5.9305,2.3927410513086462e-05
4131,512.6354385710001,5.1179,2.392023082327167e-05
4132,512.7506011899986,5.0362,2.391315709086428e-05
4133,512.865687002999,6.2036,2.390603789753085e-05
4134,512.9810352019995,5.4095,2.3898931660617307e-05
4135,513.0955516929989,4.9566,2.3891803283271615e-05
4136,513.2101407479986,5.7452,2.3884749233148224e-05
4137,513.3226626169999,6.2393,2.387767303234571e-05
4138,513.4387077379997,5.6604,2.387072327401234e-05
4139,513.5544339810003,6.5989,2.3863563113703736e-05
4140,513.668125958,5.9919,2.3856417619691446e-05
4141,513.7826187319988,6.2113,2.384939009012355e-05
4142,513.8972449920002,6.2624,2.3842337966666663e-05
4143,514.0130007600001,6.4957,2.383526544932106e-05
4144,514.1274660039999,5.5037,2.3828121960555617e-05
4145,514.2403374400001,6.1306,2.3821053610185184e-05
4146,514.35481669,5.7107,2.381406257271605e-05
4147,514.469750024,6.1371,2.3807009724197526e-05
4148,514.5849671229989,6.2003,2.3799924880802475e-05
4149,514.6972346639996,6.0741,2.3792813164382772e-05
4150,514.8107251509991,5.7126,2.3785873037839586e-05
4151,514.9281996239988,5.7185,2.3778872335864278e-05
4152,515.0451235979999,6.2957,2.3771621472716093e-05
4153,515.1602704569996,4.6088,2.3764401712839494e-05
4154,515.2768324879999,6.0671,2.3757298433827174e-05
4155,515.3924746470002,6.8424,2.3750116735864252e-05
4156,515.5068483670002,5.8014,2.37429597865432e-05
4157,515.6198336500001,6.8022,2.3735888082654378e-05
4158,515.7289380839993,6.0604,2.372892899728396e-05
4159,515.8390712660002,6.8204,2.3722198120308632e-05
4160,515.9551317449987,7.038,2.371540072240743e-05
4161,516.0699425189996,5.7164,2.3708237445555565e-05
4162,516.1847773879999,6.7473,2.3701145886543262e-05
4163,516.3011065949995,6.5414,2.3694040001234645e-05
4164,516.4157076659994,6.2365,2.368687885537041e-05
4165,516.5325312079985,6.6194,2.367979562006182e-05
4166,516.6487145219999,7.174,2.367259882197529e-05
4167,516.7652674780002,6.3985,2.36654209552469e-05
4168,516.8792094639994,5.6849,2.3658221795925968e-05
4169,516.9944460919996,6.3919,2.365117356135805e-05
4170,517.112611262999,6.8065,2.3644074129012362e-05
4171,517.2294552779986,5.6854,2.363677745055555e-05
4172,517.343722354999,6.1528,2.3629570735432104e-05
4173,517.4610982369995,6.391,2.3622511099382806e-05
4174,517.5771314579997,6.836,2.3615270891234642e-05
4175,517.6915565729996,6.8426,2.360810199820988e-05
4176,517.8059143720002,6.5975,2.3601033682284036e-05
4177,517.9216188999999,5.759,2.3593978416728434e-05
4178,518.0361124840001,6.6792,2.3586822379321e-05
4179,518.1493443669988,5.183,2.3579762573827217e-05
4180,518.2580241289998,6.5837,2.357277913617284e-05
4181,518.3728041220002,6.4361,2.3566086785247e-05
4182,518.4875317309998,5.9755,2.355899277975312e-05
4183,518.60250008,6.0897,2.355189925197538e-05
4184,518.7184528380003,6.378,2.354481811104938e-05
4185,518.8335716059992,6.2026,2.353766251395068e-05
4186,518.9499035319986,6.2123,2.3530547165555615e-05
4187,519.0643787259996,6.0547,2.35233694958642e-05
4188,519.1797373150002,6.2354,2.3516304489012332e-05
4189,519.2890205269996,6.4545,2.350919643728396e-05
4190,519.4040267849996,6.0271,2.350244750654327e-05
4191,519.5204296739994,6.3177,2.349533280716048e-05
4192,519.6357610349987,5.9287,2.3488148784876617e-05
4193,519.7526473399994,7.111,2.348102722401238e-05
4194,519.869706731999,5.0624,2.3473813486728395e-05
4195,519.9846697889989,5.389,2.3466592160432104e-05
4196,520.1026426190001,6.2466,2.3459495391913645e-05
4197,520.2189871190003,6.5736,2.345221421820991e-05
4198,520.3337317679998,6.06,2.3445028491728467e-05
4199,520.4498392289988,6.2875,2.3437947188148217e-05
4200,520.564706793999,6.5451,2.3430776516234564e-05
4201,520.6796120629988,6.7939,2.342368651567905e-05
4202,520.7952016959989,5.7305,2.3416596539876613e-05
4203,520.9095247459991,5.1304,2.3409457070246966e-05
4204,521.021996047999,5.614,2.340239953919755e-05
4205,521.1384346309987,6.6296,2.3395449420987674e-05
4206,521.2537365579992,5.0161,2.3388271547284018e-05
4207,521.3677332539992,6.5497,2.3381149216481536e-05
4208,521.4844183839996,6.271,2.3374120996111093e-05
4209,521.597553738,6.0798,2.3366920292407408e-05
4210,521.7137047260003,7.0298,2.3359920151790192e-05
4211,521.8294582529998,5.4351,2.3352757565679007e-05
4212,521.9441138080001,6.0702,2.3345610545987673e-05
4213,522.0594250599988,6.1216,2.3338534067407404e-05
4214,522.1754708039989,6.3657,2.3331412862716106e-05
4215,522.2921891429996,6.5959,2.3324259230432156e-05
4216,522.4051760479997,6.1682,2.331706376611119e-05
4217,522.5207323229988,5.9341,2.331007623104945e-05
4218,522.6365094470002,6.1048,2.3302951960123538e-05
4219,522.7523144219995,6.3909,2.3295797535493863e-05
4220,522.8649494820002,5.1568,2.3288661008642006e-05
4221,522.978856624999,6.0691,2.3281687509259337e-05
4222,523.0943768409998,6.0839,2.3274664911049415e-05
4223,523.2085476470002,6.2057,2.3267536581790162e-05
4224,523.3264645139989,6.2539,2.3260487276604948e-05
4225,523.4425678139996,6.6285,2.3253207042654352e-05
4226,523.5609524760002,6.3989,2.3246018846234564e-05
4227,523.677808127999,6.3013,2.3238744582777823e-05
4228,523.7970314279992,6.4204,2.3231509439814835e-05
4229,523.9140320839997,6.5422,2.3224098276851907e-05
4230,524.0300005289992,5.4791,2.321693945469139e-05
4231,524.1486819780002,6.8248,2.320977304703707e-05
4232,524.264711378999,6.7203,2.3202452493333336e-05
4233,524.3801913879997,6.6425,2.319525044098768e-05
4234,524.4976396450002,5.8653,2.3188161694567985e-05
4235,524.6142762999989,6.9065,2.3180895992345762e-05
4236,524.7281236919989,6.2742,2.3173713749876564e-05
4237,524.8441957329997,6.1182,2.3166674275246997e-05
4238,524.9599576849996,6.5863,2.3159375973888964e-05
4239,525.0764659439992,5.7574,2.3152362135925943e-05
4240,525.1917506190002,6.6821,2.3145181435432135e-05
4241,525.3078393260002,6.3207,2.3138061260802533e-05
4242,525.42507415,7.1816,2.313089651222229e-05
4243,525.5413957129986,6.1688,2.3123655356049412e-05
4244,525.6559795020003,6.3141,2.3116482120432116e-05
4245,525.7740680329989,6.5722,2.3109404902222233e-05
4246,525.8897985719996,6.0916,2.3102119990802477e-05
4247,526.0054572930003,6.1918,2.309496416000002e-05
4248,526.1225579290003,6.4289,2.3087833379938312e-05
4249,526.2378781979987,5.0557,2.3080602157530885e-05
4250,526.3544949449988,6.0444,2.3073481747160485e-05
4251,526.4712993979992,6.146,2.3066284489938357e-05
4252,526.5886500309989,6.8104,2.3059073312592603e-05
4253,526.7039637010002,4.9116,2.305183948882721e-05
4254,526.819179664999,6.533,2.3044715714691446e-05
4255,526.9331775579994,6.1482,2.303760557358034e-05
4256,527.0474433279996,6.5118,2.303055416493834e-05
4257,527.1644200259998,5.8421,2.302347991197537e-05
4258,527.2836520210003,6.0114,2.301628376012346e-05
4259,527.4007086279998,6.9109,2.3008927946049408e-05
4260,527.5165047899991,5.819,2.3001703596851875e-05
4261,527.6343793679989,6.776,2.299454460870375e-05
4262,527.7528766489995,6.5677,2.2987277495061745e-05
4263,527.8726754929994,6.6284,2.2979960428703725e-05
4264,527.9882616489995,4.1897,2.2972563765925985e-05
4265,528.0998763320003,5.8479,2.2965397547839552e-05
4266,528.2149849130001,6.1966,2.295841244450626e-05
4267,528.3326593559996,5.6381,2.295140996203709e-05
4268,528.448172765,5.4178,2.294418025604938e-05
4269,528.5649264969998,5.8144,2.293704745506181e-05
4270,528.6788736669987,5.4778,2.2929835080493844e-05
4271,528.7940830499992,6.5425,2.2922797588518602e-05
4272,528.9069568679988,4.7085,2.2915692425678996e-05
4273,529.0244075819992,4.4028,2.290872008925935e-05
4274,529.140599074999,5.8918,2.290146889037041e-05
4275,529.2508762639991,6.3728,2.2894304438827204e-05
4276,529.3680250059988,6.0506,2.288750450320987e-05
4277,529.4846412049992,6.1514,2.28802695995062e-05
4278,529.6007764669994,5.8138,2.2872930198888897e-05
4279,529.7168780119991,6.5829,2.2865882678271632e-05
4280,529.8324312099994,6.1027,2.2858595767839563e-05
4281,529.9494448360001,6.5302,2.2851582226234607e-05
4282,530.0644150989992,5.7137,2.2844377991419764e-05
4283,530.1829580129997,6.034,2.283727182611119e-05
4284,530.2959395259986,5.919,2.282997176456797e-05
4285,530.4119804069996,5.7155,2.282298864672842e-05
4286,530.5284980329998,5.4529,2.2815829894197584e-05
4287,530.6441030489987,6.7309,2.280852573820994e-05
4288,530.7611234870001,6.0657,2.2801492620617327e-05
4289,530.8769299710002,5.5509,2.279426019814815e-05
4290,530.9907872109998,6.3235,2.2787130669814897e-05
4291,531.1070824029994,5.7909,2.278008357253092e-05
4292,531.2229325520002,6.6013,2.277291159765439e-05
4293,531.3412992590002,6.6582,2.276577249537044e-05
4294,531.4584589509996,6.5375,2.2758458056728443e-05
4295,531.5770422879996,6.4465,2.2751223480061774e-05
4296,531.6945109669996,5.962,2.2743901866913604e-05
4297,531.812727515,6.6632,2.273663995993833e-05
4298,531.9311868229997,6.1816,2.2729355285617338e-05
4299,532.0484356029992,6.4383,2.272199319234572e-05
4300,532.1631413389987,5.475,2.2714810963086424e-05
4301,532.2788027810002,5.3769,2.270770937055563e-05
4302,532.3969052840002,6.4765,2.2700584438950644e-05
4303,532.5127376419987,6.2714,2.2693269923765466e-05
4304,532.6287187109992,5.6822,2.2686140726419798e-05
4305,532.7464029330004,6.3801,2.2678997685679076e-05
4306,533.1857204520002,6.0091,2.2671725884506207e-05
4307,533.300818099,5.579,2.2644602716172925e-05
4308,533.4175652079994,6.3766,2.2637494625123513e-05
4309,533.533091973999,5.6852,2.2630300991296383e-05
4310,533.6481526110001,5.2548,2.262315437432099e-05
4311,533.763851755999,6.8106,2.2616062981666725e-05
4312,533.8820372929986,6.1333,2.2608918223580268e-05
4313,534.000983893,6.274,2.260162537191359e-05
4314,534.1189322589998,6.3124,2.259427269092595e-05
4315,534.2365497149985,6.4115,2.2586991966913562e-05
4316,534.3548367849999,6.1902,2.2579733376728373e-05
4317,534.4736597339997,6.2895,2.2572440310123506e-05
4318,534.5913843219987,6.7933,2.2565103619012413e-05
4319,534.7081868909991,6.1874,2.2557832185308637e-05
4320,534.8263569479986,6.2268,2.255062737487662e-05
4321,534.9429882309996,5.9607,2.2543334869259313e-05
4322,535.0619083509991,6.9896,2.25361369961112e-05
4323,535.1810608329997,6.4011,2.252872316802473e-05
4324,535.3005523849988,7.0791,2.2521440462839487e-05
4325,535.4182971600003,6.3496,2.251406282580252e-05
4326,535.5344117899986,3.8275,2.250679914345688e-05
4327,535.6515147859991,6.2718,2.249962054537045e-05
4328,535.7675833779995,6.3824,2.2492404500308673e-05
4329,535.8860241399998,7.1505,2.248522985209879e-05
4330,536.0032583350003,5.3948,2.2477794185061714e-05
4331,536.1202410589995,6.4063,2.2470678998950595e-05
4332,536.235791957999,5.2232,2.246345801777779e-05
4333,536.3517107419993,5.3958,2.2456329904814906e-05
4334,536.4675551089986,5.9574,2.2449173787469175e-05
4335,536.5853722020001,5.5155,2.244202358709881e-05
4336,536.7009053080001,6.338,2.2434700156234635e-05
4337,536.8164569279998,6.3958,2.242757358413588e-05
4338,536.9330948509996,6.332,2.242047984370379e-05
4339,537.0495100669996,7.1299,2.241328131092601e-05
4340,537.166049161,5.3998,2.2406116233518516e-05
4341,537.2838802360002,6.3316,2.239890630635801e-05
4342,537.4000679170003,6.2794,2.2391635679814837e-05
4343,537.5173060460002,5.5445,2.2384465404197556e-05
4344,537.6321706859999,6.5713,2.237722514320989e-05
4345,537.750184008999,6.2063,2.2370139042037118e-05
4346,537.8646427479998,6.0082,2.2362725189135813e-05
4347,537.9804746289992,6.3566,2.2355785233148146e-05
4348,538.0974574039992,6.6079,2.2348642272592634e-05
4349,538.2143467559999,6.3684,2.2341417295802553e-05
4350,538.3322664269999,6.2951,2.233418761555556e-05
4351,538.4517026349986,5.2482,2.2326897355185255e-05
4352,538.5672393309997,5.6447,2.231941860419755e-05
4353,538.6820175069988,6.2731,2.2312411503024712e-05
4354,538.7985396639997,5.6835,2.2305321377777805e-05
4355,538.9167852720002,6.4152,2.229812007623462e-05
4356,539.035581917,5.9294,2.229083748228395e-05
4357,539.153471742,5.6316,2.228336175777786e-05
4358,539.269540534,6.6676,2.227623469129631e-05
4359,539.3875584969992,6.4075,2.22690588017902e-05
4360,539.5062292370003,5.3719,2.226177155808649e-05
4361,539.624245817,5.8223,2.225444539030866e-05
4362,539.7395390279999,6.2249,2.2247154940987682e-05
4363,539.8564909529996,5.9189,2.2240048581975374e-05
4364,539.9735792629999,6.5261,2.223282912660501e-05
4365,540.089825514,6.3576,2.2225604291851833e-05
4366,540.2093045099991,6.2038,2.2218420335925937e-05
4367,540.3277287399997,5.9262,2.221104935512352e-05
4368,540.4457351639994,7.2627,2.220373107543209e-05
4369,540.5667223250002,6.1177,2.219645327672845e-05
4370,540.683436493,6.2425,2.218898967086424e-05
4371,540.801054222,6.7023,2.218178099549384e-05
4372,540.9170821360003,6.3608,2.2174521668580327e-05
4373,541.0343849799992,6.2645,2.2167365860370387e-05
4374,541.1506800989991,6.3233,2.2160113690246993e-05
4375,541.2657363269991,6.1793,2.215294227635802e-05
4376,541.3853618289995,6.0866,2.214584389407416e-05
4377,541.5032747839996,6.713,2.213845795314823e-05
4378,541.618740164,6.4544,2.2131087857469203e-05
4379,541.737753673,5.5209,2.2124041316790145e-05
4380,541.8524688649995,6.387,2.2116709399814807e-05
4381,541.9654877739995,6.8731,2.210960871623459e-05
4382,542.0800411589989,5.8498,2.210263019123459e-05
4383,542.1999405089991,6.1413,2.209558173061727e-05
4384,542.3169034769999,5.7396,2.2088173973024713e-05
4385,542.4314942250003,6.5542,2.208096201135802e-05
4386,542.5401759719989,6.9021,2.2073872056234567e-05
4387,542.6556521069997,5.4577,2.206718194172846e-05
4388,542.7695299850002,5.5492,2.2060050935926015e-05
4389,542.8843606849987,7.3028,2.205301011783949e-05
4390,542.9995727610003,6.3286,2.2045927379753113e-05
4391,543.1161950749993,6.1803,2.2038808891358014e-05
4392,543.2331234699996,5.7378,2.2031619362963023e-05
4393,543.3479489949987,6.5006,2.20244037170988e-05
4394,543.4644522170001,6.3314,2.201731953444447e-05
4395,543.5827730279998,5.0364,2.2010113567407476e-05
4396,543.698433652,5.6874,2.2002815169259328e-05
4397,543.812786602999,6.337,2.1995636887407466e-05
4398,543.928012942999,5.7615,2.1988622405246988e-05
4399,544.0462666359999,6.7991,2.1981504051790143e-05
4400,544.1636845519988,6.6889,2.1974102416419732e-05
4401,544.2806726319996,6.2982,2.1966959590432162e-05
4402,544.3961118139996,6.4057,2.195973788561731e-05
4403,544.5151030119996,6.7734,2.195259228450618e-05
4404,544.6342376529992,6.6526,2.194512375709879e-05
4405,544.7531741610001,5.4953,2.193790977987663e-05
4406,544.8731935119995,6.7134,2.193055735271605e-05
4407,544.9897420999987,6.1398,2.1923159587592673e-05
4408,545.1130761730001,6.1804,2.1915961675432178e-05
4409,545.2293133479998,5.759,2.1908328895185186e-05
4410,545.3460834699999,6.6789,2.190116571123461e-05
4411,545.4658726420002,5.3629,2.1893969103518576e-05
4412,545.5825082419997,6.5707,2.188658300709881e-05
4413,545.6978214829996,6.1389,2.187935140537045e-05
4414,545.8152712629999,6.94,2.1872262800493837e-05
4415,545.9301030789993,5.8437,2.186500036358026e-05
4416,546.0456075559996,6.0606,2.1857903002469187e-05
4417,546.1635035399995,6.8516,2.185078358012353e-05
4418,546.2815885330001,6.3118,2.18435096241976e-05
4419,546.3979661899994,4.7334,2.183622145530872e-05
4420,546.5156869319999,6.1804,2.1829031543209926e-05
4421,546.630557294,6.3468,2.1821766316481533e-05
4422,546.7474812259989,5.8495,2.1814674409074147e-05
4423,546.8642300149986,6.1086,2.1807458318518553e-05
4424,546.9789291469988,5.0374,2.1800252788703735e-05
4425,547.0962251389992,7.2353,2.1793172069074104e-05
4426,547.2144414569993,6.0689,2.1785932124321003e-05
4427,547.334993864999,6.2063,2.1778508592160507e-05
4428,547.452592186999,6.0504,2.1771202339876613e-05
4429,547.5694647569999,6.1875,2.1763929200493897e-05
4430,547.6871700769989,6.1937,2.175667721759257e-05
4431,547.8041224070002,5.37,2.174945913104946e-05
4432,547.9212577149992,6.2158,2.1742211268950613e-05
4433,548.0365932139994,6.06,2.173494022728397e-05
4434,548.1522637409998,5.8861,2.1727882878518517e-05
4435,548.2701319349999,6.5944,2.1720749433765448e-05
4436,548.3853844259993,5.5363,2.17134829542593e-05
4437,548.5035090749989,6.5607,2.1706344398024742e-05
4438,548.6187215069986,6.5241,2.1699066242469186e-05
4439,548.7355069109999,7.2392,2.1691948550740808e-05
4440,548.8516858399998,5.9185,2.1684740836296363e-05
4441,548.9698935380002,6.1903,2.1677490839567978e-05
4442,549.0867111070002,5.9173,2.1670264296543243e-05
4443,549.2037056289992,6.1424,2.1663066039938355e-05
4444,549.320684708,5.8585,2.1655838438765487e-05
4445,549.4373734499986,6.6945,2.164860308629636e-05
4446,549.5544540439987,6.5609,2.1641410197037065e-05
4447,549.6645628489987,6.6856,2.163418658283959e-05
4448,549.7807483449997,6.4036,2.1627408808148132e-05
4449,549.8947912610001,4.3919,2.1620223103950648e-05
4450,550.0115510919986,6.2332,2.161317715166672e-05
4451,550.129184677,6.0455,2.1605990823580237e-05
4452,550.2458383929988,5.2722,2.1598720402901306e-05
4453,550.3623291959993,6.4703,2.1591509215493848e-05
4454,550.480002794,5.5231,2.1584317903950623e-05
4455,550.5953020629986,6.9426,2.1577054616790193e-05
4456,550.7080816790003,6.3889,2.1569942952469152e-05
4457,550.8249809629997,6.6036,2.1562964283333332e-05
4458,550.9397566449989,4.6628,2.1555766983518556e-05
4459,551.0562854529999,5.9932,2.1548684511666646e-05
4460,551.1733056309986,6.2135,2.1541493926172927e-05
4461,551.2902818479997,6.3082,2.1534268913209877e-05
4462,551.4067957939988,6.6609,2.1527036594876603e-05
4463,551.5219716579995,5.5221,2.1519844985679004e-05
4464,551.6389980559998,5.8598,2.1512743512098775e-05
4465,551.7573843049995,6.6265,2.1505507818395097e-05
4466,551.8743535840003,6.1994,2.1498209164938316e-05
4467,551.9916595529994,5.8776,2.1490987848518574e-05
4468,552.1085560840002,5.3533,2.1483677262098763e-05
4469,552.2257128740002,6.0805,2.1476520292283987e-05
4470,552.3363353669993,6.218,2.146928697771604e-05
4471,552.4523665369998,5.664,2.1462482324259324e-05
4472,552.565888019999,4.8258,2.14553042210494e-05
4473,552.6844007290001,6.7213,2.1448293633950666e-05
4474,552.8013693989997,6.1029,2.1440854493518526e-05
4475,552.9189673210003,5.9489,2.143375994592594e-05
4476,553.0357481369992,5.6955,2.1426510109321063e-05
4477,553.1544502449997,6.5234,2.1419294379197542e-05
4478,553.2717308840001,6.2952,2.141197329000006e-05
4479,553.3870411589996,6.5884,2.1404721214506218e-05
4480,553.5008178019998,5.2952,2.139760425648148e-05
4481,553.6151653939996,6.4655,2.1390595681172903e-05
4482,553.7321937099987,6.8191,2.138352763635811e-05
4483,553.842810877999,6.999,2.1376278397901283e-05
4484,553.9622698759995,5.6483,2.136948870592592e-05
4485,554.0795307919998,5.5536,2.1362098978456802e-05
4486,554.1956482349997,6.1998,2.1354862137160564e-05
4487,554.3106759419989,6.4736,2.1347670769506227e-05
4488,554.4290076139987,5.332,2.134058975006178e-05
4489,554.544478201,4.173,2.1333289863950663e-05
4490,554.6612617699993,6.4252,2.132616339728401e-05
4491,554.7780173289993,6.4598,2.1318923862592647e-05
4492,554.892603508999,6.2843,2.131174762277781e-05
4493,555.008710439999,6.1752,2.130468560351857e-05
4494,555.126717916999,6.1775,2.1297503375926008e-05
4495,555.2454451929989,6.164,2.1290227940740743e-05
4496,555.3612890959994,5.5192,2.1282896675864233e-05
4497,555.4801438920003,6.5777,2.1275715205555585e-05
4498,555.5978056059994,5.4275,2.1268381980308722e-05
4499,555.7147685439995,6.669,2.1261145436790146e-05
4500,555.8316454670003,7.1878,2.1253944237469224e-05
4501,555.9472099799987,5.4805,2.1246693041049397e-05
4502,556.0640530889996,5.717,2.123958456339512e-05
4503,556.1800848659987,4.4388,2.1232360881234587e-05
4504,556.2983652619987,6.6326,2.1225175909753097e-05
4505,556.4126371179991,5.8029,2.121789715049382e-05
4506,556.5278381579992,5.7873,2.1210839874506244e-05
4507,556.6427603539996,6.7523,2.1203729784135846e-05
4508,556.754466041999,2.9313,2.119664848228397e-05
4509,556.8713078459987,5.6411,2.118974343802474e-05
4510,556.9869776279993,6.8374,2.118254530370377e-05
4511,557.1003742129997,4.7407,2.1175390108518527e-05
4512,557.2152979069997,4.9002,2.116838483888892e-05
4513,557.3317174399999,5.8728,2.1161299304321015e-05
4514,557.4465070549995,5.7059,2.1154115151172883e-05
4515,557.5634075159996,6.3229,2.1147018194938312e-05
4516,557.6795843889995,4.7871,2.113981400098774e-05
4517,557.7954956859994,6.3761,2.1132640953642013e-05
4518,557.9133180930003,5.6649,2.112547872308644e-05
4519,558.0302039819999,6.8064,2.1118172995123435e-05
4520,558.1454977029989,5.8494,2.1110995032345665e-05
4521,558.2627276200001,6.7037,2.1103843688271675e-05
4522,558.3804230899987,7.1616,2.1096646457160575e-05
4523,558.4953726599997,5.2756,2.108938580487659e-05
4524,558.6163103139988,5.4226,2.1082201902716093e-05
4525,558.7313768229997,5.4118,2.1074826617716075e-05
4526,558.8472750519995,6.3129,2.1067586612654377e-05
4527,558.9622245259998,6.0356,2.1060563948148127e-05
4528,559.0809705129996,6.4934,2.105346881703711e-05
4529,559.1962007249986,6.5203,2.1046136431790126e-05
4530,559.3198404369996,6.539,2.1039028624012374e-05
4531,559.4365761789995,7.1094,2.103137987876543e-05
4532,559.5517699599986,4.3175,2.1024191482839557e-05
4533,559.6671033349994,6.3808,2.1017031712222264e-05
4534,559.7834028889993,6.6203,2.1009959297592634e-05
4535,559.8991835870002,6.0344,2.100276223111119e-05
4536,560.0147006400002,6.431,2.0995603191111203e-05
4537,560.1331401089992,6.5057,2.0988495531358093e-05
4538,560.2498237780001,7.0557,2.0981185616296284e-05
4539,560.3655909359986,5.7678,2.0973988859382694e-05
4540,560.4810411639992,6.5117,2.096684812203713e-05
4541,560.598450780999,6.6543,2.0959701084444467e-05
4542,560.7162608119997,6.8503,2.0952452364567932e-05
4543,560.8314867329991,5.8211,2.094519285728399e-05
4544,560.9464113670001,5.524,2.0938073792716033e-05
4545,561.0635064019989,6.2406,2.0930974660926004e-05
4546,561.1772475910002,5.6291,2.0923748015308696e-05
4547,561.2939325389998,6.57,2.0916667275925962e-05
4548,561.4110954529988,6.1548,2.090953376796301e-05
4549,561.5273300659992,6.6899,2.0902302787839585e-05
4550,561.6417160799992,5.8079,2.089511629802473e-05
4551,561.7567324459997,5.5841,2.0888060507098844e-05
4552,561.871801964,4.8639,2.0880932611728417e-05
4553,561.988505375999,6.4191,2.0873845569753097e-05
4554,562.1053283619985,6.2353,2.086664755827163e-05
4555,562.2219218259997,6.2065,2.0859458482654316e-05
4556,562.3376701359994,7.294,2.0852211116851905e-05
4557,562.4508562319988,4.7281,2.0845097255864242e-05
4558,562.5673071879992,5.7527,2.08381024097531e-05
4559,562.6847635759987,6.0622,2.0830928210926004e-05
4560,562.7989724649997,6.3329,2.0823693661604922e-05
4561,562.9140524009999,6.0325,2.0816637741296335e-05
4562,563.0310375549998,6.5231,2.080953351882721e-05
4563,563.1472182859998,6.5266,2.0802302616604923e-05
4564,563.2639769689995,6.0713,2.0795136833333313e-05
4565,563.3866592140002,6.209,2.078792388327168e-05
4566,563.500387963999,6.6135,2.0780306464259275e-05
4567,563.6175599859998,5.7262,2.0773323423086428e-05
4568,563.7333208029995,6.7692,2.0766098588580273e-05
4569,563.8510829480001,5.9155,2.0758942764259255e-05
4570,563.967548491999,5.473,2.075168778586425e-05
4571,564.0845620319997,5.7708,2.074448640000002e-05
4572,564.199718111,5.9592,2.0737135629259246e-05
4573,564.3180564349987,5.4614,2.0730156057592646e-05
4574,564.4287480490002,7.1962,2.0722850451296343e-05
4575,564.5381202139997,6.047,2.0716032859321065e-05
4576,564.6558497409987,6.3173,2.0709290973333323e-05
4577,564.7738090419989,6.9735,2.070201422216053e-05
4578,564.8890759810001,4.5295,2.0694726640555623e-05
4579,565.0049653509996,6.2893,2.0687614045061794e-05
4580,565.1193417119994,5.3626,2.0680456103518515e-05
4581,565.235503771999,6.3773,2.0673399845370372e-05
4582,565.3521613689991,6.1508,2.0666212159876525e-05
4583,565.469851722999,5.8729,2.0659026550246956e-05
4584,565.5879345859994,6.2824,2.0651733694012364e-05
4585,565.7022832839993,6.0297,2.0644453374074103e-05
4586,565.819115409,7.0684,2.0637407209259336e-05
4587,565.9351298689999,5.723,2.06301720475309e-05
4588,566.0538759039991,6.347,2.0623040482407396e-05
4589,566.1697206199988,5.8876,2.0615709406604954e-05
4590,566.2860610489988,6.0893,2.0608538330555538e-05
4591,566.4024584069994,6.405,2.0601360212777864e-05
4592,566.5209322199989,6.0013,2.05941901065432e-05
4593,566.6399336260001,6.4828,2.0586885119259315e-05
4594,566.7563684249999,5.0338,2.0579531605925933e-05
4595,566.872908882,4.8246,2.0572335826604954e-05
4596,566.9882959569986,6.2177,2.0565153129135877e-05
4597,567.1052216560001,5.4054,2.0558007954876553e-05
4598,567.2223474829989,6.4206,2.055079573790122e-05
4599,567.3428694389986,5.1677,2.054356564055558e-05
4600,567.4522383779986,6.215,2.0536111101172883e-05
4601,567.5702422169998,6.5487,2.052940096197531e-05
4602,567.687229232999,6.3319,2.0522080634320985e-05
4603,567.805294885,6.19,2.0514871246419763e-05
4604,567.9214449129995,5.7311,2.050758461734572e-05
4605,568.0373438009992,4.7663,2.0500426615555603e-05
4606,568.1523249129987,5.4276,2.0493278228765505e-05
4607,568.2696517559998,6.7378,2.048614098086422e-05
4608,568.3852231359997,5.887,2.047892918753085e-05
4609,568.5044050279994,5.4102,2.047173936154324e-05
4610,568.6208849459999,6.3062,2.0464378600679008e-05
4611,568.7361086069996,5.3757,2.0457243893148235e-05
4612,568.8541852179987,5.8136,2.045013620932103e-05
4613,568.9729022739994,6.4193,2.0442817648333323e-05
4614,569.0864368949988,6.7921,2.0435484344506234e-05
4615,569.2029631099995,6.1273,2.042851849648152e-05
4616,569.3207448739995,6.2586,2.0421316670802492e-05
4617,569.4352868349997,5.6923,2.0414049740000023e-05
4618,569.5515335709988,6.8968,2.040697337660501e-05
4619,569.6693491839997,6.2954,2.039978946135801e-05
4620,569.7853008439997,6.6114,2.0392520111604935e-05
4621,569.9038051169991,6.4537,2.0385371900925903e-05
4622,570.0196316729998,5.8121,2.0378056490864182e-05
4623,570.1387927769993,6.0555,2.0370921214321076e-05
4624,570.2562798569998,5.9175,2.0363552124012425e-05
4625,570.3748875689998,6.3373,2.035629967191367e-05
4626,570.4903118479997,6.1268,2.034896990833333e-05
4627,570.6100949329993,6.5581,2.034185364098774e-05
4628,570.7247578890001,5.8841,2.0334455484197535e-05
4629,570.8422390619999,5.8957,2.0327369444259243e-05
4630,570.9584966450002,5.825,2.032012988604947e-05
4631,571.0756506090001,5.6626,2.031296165845684e-05
4632,571.1929505899989,6.3049,2.030572136746921e-05
4633,571.3101266449994,6.1834,2.0298484595370367e-05
4634,571.4202695570002,6.4034,2.0291233075987732e-05
4635,571.536125482,5.7207,2.028445990265431e-05
4636,571.6539253749997,6.0963,2.0277289502962983e-05
4637,571.7700942920001,6.4779,2.0270022696172924e-05
4638,571.8865786409988,5.9616,2.0262860888580333e-05
4639,572.0037645519988,6.4212,2.025566882074083e-05
4640,572.1235655170003,7.1077,2.0248430543209862e-05
4641,572.2436209179996,5.8952,2.0241039270864282e-05
4642,572.359463019,5.6873,2.023361825234571e-05
4643,572.4786345229986,6.1884,2.0226462801913582e-05
4644,572.5942281309999,6.5214,2.0219124119938347e-05
4645,572.7111174909987,6.5835,2.0211978033333334e-05
4646,572.8273269229994,5.9478,2.0204765058271595e-05
4647,572.9452874589988,6.6949,2.019758153641979e-05
4648,573.0625450009993,6.3136,2.0190309178395096e-05
4649,573.1778461550002,5.4193,2.0183071188086482e-05
4650,573.2942462749998,6.8457,2.0175953786111108e-05
4651,573.4105533109996,5.707,2.0168749811790145e-05
4652,573.5273339449996,5.6521,2.016158304364199e-05
4653,573.6415833819992,6.2585,2.0154386608271608e-05
4654,573.7597554399999,6.0,2.014730894765431e-05
4655,573.8786842709997,5.9606,2.0139900980123538e-05
4656,573.9952929619994,5.8673,2.013269683728398e-05
4657,574.1084955869992,5.3874,2.012548118104939e-05
4658,574.2297793979997,5.9141,2.0118480375864286e-05
4659,574.3450839889992,5.7346,2.0111025277963026e-05
4660,574.4588301819986,5.5458,2.0103905414506262e-05
4661,574.5744153509986,5.4856,2.0096866284506245e-05
4662,574.6899076729987,6.5836,2.0089748310617356e-05
4663,574.8056063650001,6.1645,2.0082623696419738e-05
4664,574.9218228379996,5.9065,2.007548039685187e-05
4665,575.0388161899991,5.9975,2.006830381648157e-05
4666,575.1557113719991,6.4649,2.0061072663765467e-05
4667,575.2702119459991,6.3767,2.005386089524693e-05
4668,575.3869424959994,5.7964,2.0046811790061727e-05
4669,575.5022308569987,5.3788,2.0039580819382786e-05
4670,575.6177341229995,6.3626,2.0032475264567922e-05
4671,575.7326237529996,4.8088,2.0025354412222286e-05
4672,575.8451631199987,4.9907,2.0018261833086476e-05
4673,575.961180974,6.5206,2.0011298384135873e-05
4674,576.0779988699996,6.6009,2.000411011734567e-05
4675,576.1961552180001,6.0311,1.9996933281604975e-05
4676,576.3129619489991,6.3647,1.9989635802037048e-05
4677,576.4287532219987,6.5458,1.99824282597531e-05
4678,576.5476678039995,6.6728,1.997525165191359e-05
4679,576.6627083900003,6.0487,1.9967946072407407e-05
4680,576.7802373920003,6.5118,1.9960855066666667e-05
4681,576.8959911729999,6.4501,1.9953584753765436e-05
4682,577.010833585,6.6126,1.9946440486913575e-05
4683,577.127255465999,5.9795,1.9939352066419837e-05
4684,577.2443259829997,5.9521,1.9932141705061735e-05
4685,577.3604833609988,5.7752,1.9924891767901322e-05
4686,577.4777921269997,5.6445,1.9917760094321027e-05
4687,577.5948722739995,6.9361,1.9910502336419827e-05
4688,577.7091726629988,5.5622,1.990329827290124e-05
4689,577.8275376389993,6.3007,1.989623038981481e-05
4690,577.944786660999,6.8909,1.9888924261419823e-05
4691,578.0596882709997,5.9933,1.9881696038765417e-05
4692,578.1751679629997,5.5385,1.9874604919321e-05
4693,578.2885151289993,6.4283,1.986747648981489e-05
4694,578.4035858999996,6.2498,1.9860481484753156e-05
4695,578.5202975259999,6.1935,1.985337331641982e-05
4696,578.6393964069994,6.4526,1.984617355469136e-05
4697,578.755859077999,5.9676,1.9838817237592637e-05
4698,578.8713180220002,5.4627,1.9831630541913665e-05
4699,578.9883314870003,5.7637,1.9824475656172875e-05
4700,579.102462891,6.1443,1.981728218179016e-05
4701,579.2203810599985,6.5351,1.981023068524696e-05
4702,579.3355725019992,6.4279,1.9802948111419816e-05
4703,579.4510744130002,5.124,1.9795845387901256e-05
4704,579.5680823389994,6.6768,1.9788718905493835e-05
4705,579.6853441610001,5.7294,1.9781483002037098e-05
4706,579.80143331,5.9065,1.97742653669136e-05
4707,579.9183257650002,6.7071,1.9767081761666745e-05
4708,580.0382160659992,6.1315,1.9759868748642023e-05
4709,580.1526220750002,5.5109,1.9752359937037125e-05
4710,580.2695732619995,5.9609,1.9745402131172824e-05
4711,580.3855413290003,6.3907,1.9738197666172848e-05
4712,580.502350404,3.8883,1.9731043316666654e-05
4713,580.6193729939987,6.7841,1.9723824319567985e-05
4714,580.7381464680002,6.624,1.9716585523333326e-05
4715,580.8473594919997,7.0015,1.9709248182777773e-05
4716,580.9651924099999,5.5938,1.9702546294382746e-05
4717,581.0800749310001,6.2147,1.969525534296298e-05
4718,581.1957624509996,4.9725,1.968816731734568e-05
4719,581.3109790130002,5.2711,1.9681019753086414e-05
4720,581.4244162809991,6.2818,1.9673916493086463e-05
4721,581.538847419999,5.9217,1.9666904179197515e-05
4722,581.6533830629996,5.8715,1.9659850599876527e-05
4723,581.7690434549986,6.5357,1.9652771810308736e-05
4724,581.8835502399997,6.4689,1.964562967919757e-05
4725,582.0005567030003,6.2615,1.9638563408024774e-05
4726,582.1158546930001,5.885,1.963134486839509e-05
4727,582.2307115389995,5.9127,1.962422664018521e-05
4728,582.3478889559992,5.773,1.9617140185308713e-05
4729,582.4624988859996,4.9901,1.960991251253088e-05
4730,582.5768103560004,5.4137,1.9602824720123512e-05
4731,582.6911969539997,6.7794,1.959576958234574e-05
4732,582.805152248,5.3403,1.9588695333086437e-05
4733,582.9215515099986,6.3034,1.9581674698641972e-05
4734,583.0396825979988,6.7752,1.9574500362901228e-05
4735,583.1556655069999,6.6289,1.9567209536851944e-05
4736,583.274356726999,5.6799,1.9560052494567953e-05
4737,583.3912892349999,6.008,1.955271818814815e-05
4738,583.5078648079998,6.4494,1.954550280370369e-05
4739,583.6242899739991,6.1278,1.9538290779444453e-05
4740,583.7394409379995,6.8147,1.953112109172848e-05
4741,583.8563696989986,6.9628,1.9524009979567955e-05
4742,583.9714483099997,6.2734,1.951679327265431e-05
4743,584.0919261099989,6.8461,1.9509678899629662e-05
4744,584.2098202139987,6.354,1.9502245546111094e-05
4745,584.3254856599997,5.8448,1.9494969287469207e-05
4746,584.4409817180003,6.0905,1.9487836293950707e-05
4747,584.5572861330002,5.835,1.9480689113209865e-05
4748,584.6741739159988,5.8303,1.9473521542777794e-05
4749,584.78868917,6.3818,1.946627526623464e-05
4750,584.9060408120004,6.6657,1.9459237658271644e-05
4751,585.0206535460002,6.4957,1.9451999416296307e-05
4752,585.1363428419991,5.3118,1.9444918180679e-05
4753,585.2532086270003,7.051,1.943777280987652e-05
4754,585.3714848279997,6.8478,1.9430573376172823e-05
4755,585.4863193959991,6.1157,1.9423264739876617e-05
4756,585.6006916609986,5.3954,1.9416174835308725e-05
4757,585.7192701749991,6.364,1.940910971160497e-05
4758,585.8364593839997,5.953,1.940179523314822e-05
4759,585.9527201199999,6.0505,1.939454351561734e-05
4760,586.06885401,6.223,1.9387375417530917e-05
4761,586.1887346999993,6.0914,1.938018821030867e-05
4762,586.3053771790001,6.2876,1.9372815523518535e-05
4763,586.4205662789991,5.7546,1.9365613635370356e-05
4764,586.5354298479997,6.277,1.9358488376666724e-05
4765,586.651108484999,5.9587,1.9351405858518507e-05
4766,586.761018490999,6.5801,1.9344248931172865e-05
4767,586.8792761069999,6.6231,1.9337470464753087e-05
4768,586.9961858649986,6.5762,1.9330103314197556e-05
4769,587.1107397699998,6.3637,1.932296701092599e-05
4770,587.2268666740001,5.4774,1.9315890143827213e-05
4771,587.3427495609994,5.8715,1.9308733422530857e-05
4772,587.4583868259997,6.331,1.9301583512160503e-05
4773,587.5760449699992,7.2273,1.9294433667407396e-05
4774,587.6892886939986,5.5443,1.9287189912222264e-05
4775,587.8056833379997,5.7195,1.9280150425061765e-05
4776,587.9228730059986,6.5726,1.927299267629633e-05
4777,588.0382403909989,6.3322,1.9265750897098816e-05
4778,588.1563570079998,6.3091,1.9258635897222232e-05
4779,588.2729803000002,5.6868,1.9251349573580317e-05
4780,588.3916394489988,6.1278,1.924412716339506e-05
4781,588.5066301850002,6.6046,1.923682765956792e-05
4782,588.623934366,5.7493,1.922971697320991e-05
4783,588.7426437470003,6.8802,1.922249937364204e-05
4784,588.8598786019993,7.0171,1.9215160357839578e-05
4785,588.9792149690002,6.258,1.9207932165987748e-05
4786,589.0975168469995,5.2779,1.9200562051111194e-05
4787,589.210967908999,5.1814,1.9193266969444456e-05
4788,589.3283641620001,6.4155,1.9186239349197582e-05
4789,589.4432728439988,3.8578,1.9179023312222226e-05
4790,589.5581059619999,6.6341,1.9171918060987708e-05
4791,589.6764399940002,6.3891,1.9164803039938316e-05
4792,589.7940048239998,6.8802,1.9157484734814828e-05
4793,589.911499763999,6.3556,1.9150266621049418e-05
4794,590.029116529,6.122,1.9143014671419762e-05
4795,590.1463888500002,6.3,1.913575800925925e-05
4796,590.2646621429994,6.0509,1.9128511864320993e-05
4797,590.3826539769998,6.4935,1.9121220151111156e-05
4798,590.5017028379989,4.8838,1.911393066450616e-05
4799,590.6169180409997,5.6817,1.9106577328518515e-05
4800,590.7335558449995,5.7872,1.9099473272654334e-05
4801,590.8483436419992,6.3119,1.909227934549383e-05
4802,590.9620505619987,6.3963,1.9085188648209905e-05
4803,591.0798362149999,6.9792,1.9078152892037077e-05
4804,591.1961261910001,6.3724,1.9070895351666684e-05
4805,591.3135002969993,5.5284,1.9063714601419813e-05
4806,591.4282336159995,6.3376,1.9056478159691436e-05
4807,591.5452850399997,6.2238,1.9049394015679062e-05
4808,591.662678224,6.7671,1.9042170098395064e-05
4809,591.779148009,6.7606,1.903484496629635e-05
4810,591.898184705,6.1677,1.9027680927222237e-05
4811,592.0157947320004,5.7402,1.902038600067903e-05
4812,592.1342869620003,6.5126,1.9013102156049406e-05
4813,592.2576487690003,6.3861,1.9005812675802448e-05
4814,592.373702507999,6.3561,1.8998145421172818e-05
4815,592.4911776959998,6.2716,1.8991023903086496e-05
4816,592.6108897819995,5.818,1.8983752676049448e-05
4817,592.7256001949991,4.8145,1.8976367478642065e-05
4818,592.8423442509993,5.9032,1.896930414765432e-05
4819,592.9576541749993,6.8806,1.8962103279074074e-05
4820,593.0743193649996,6.5873,1.895497853462962e-05
4821,593.191742052999,6.0972,1.8947785627407466e-05
4822,593.309526817,6.9756,1.8940504729444452e-05
4823,593.4264559799994,5.5578,1.8933265611975366e-05
4824,593.5422145299999,6.3917,1.8926055717160528e-05
4825,593.6565927009997,6.2554,1.8918878621358023e-05
4826,593.773402154,6.1816,1.8911779968641972e-05
4827,593.8895412919992,5.613,1.890460216401242e-05
4828,594.0061413610001,5.7424,1.8897452592222247e-05
4829,594.1214330330004,5.4647,1.889023917808645e-05
4830,594.2374109819993,6.9593,1.8883134567407485e-05
4831,594.3552137389997,6.2815,1.8875964394074115e-05
4832,594.4696243130002,4.8826,1.8868708436234612e-05
4833,594.5862236479988,6.8213,1.8861646286419764e-05
4834,594.7008212459987,5.0115,1.8854462083580322e-05
4835,594.815566489,5.917,1.8847386437345686e-05
4836,594.9310225279987,5.8776,1.884029339413583e-05
4837,595.0478019419988,6.469,1.8833126211975354e-05
4838,595.1644251889993,6.4643,1.882595183265432e-05
4839,595.2732873869991,5.9787,1.881876913302469e-05
4840,595.3906364579998,5.4041,1.8812058093642044e-05
4841,595.5086023129988,4.9445,1.8804800590493905e-05
4842,595.6222657549988,6.2239,1.8797519732407403e-05
4843,595.7371704979996,7.1314,1.8790494672654328e-05
4844,595.8529904409988,5.7825,1.8783422282469114e-05
4845,595.9695625610002,6.4531,1.87762655607408e-05
4846,596.0847759070002,6.1034,1.8769068630802473e-05
4847,596.1987556169988,5.0231,1.876191685203706e-05
4848,596.3136327419998,6.3429,1.8754900556358073e-05
4849,596.429806569,6.0722,1.874782878259266e-05
4850,596.5455609159999,6.122,1.8740639509629704e-05
4851,596.6608118179993,6.1904,1.873345179956793e-05
4852,596.7732429039988,5.5559,1.8726395177345694e-05
4853,596.8858140269986,4.4114,1.8719434923765488e-05
4854,597.0020642580002,5.5451,1.8712500584012372e-05
4855,597.1168564749987,6.3826,1.8705213370987712e-05
4856,597.2340150259988,5.6805,1.8698229093024678e-05
4857,597.352598215999,6.0111,1.8691012501790118e-05
4858,597.4663129629989,5.4089,1.8683704218395143e-05
4859,597.5808224209995,6.3028,1.8676665693086492e-05
4860,597.697096373,6.9006,1.8669603280493815e-05
4861,597.8112477510003,6.3291,1.8662434477469165e-05
4862,597.9290877269996,6.1548,1.865536645907407e-05
4863,598.0452882329992,6.8806,1.8648062015987687e-05
4864,598.1624210560003,6.9399,1.86409225652469e-05
4865,598.2806534379997,6.5302,1.863369520932108e-05
4866,598.3962331519997,6.0297,1.8626411383271643e-05
4867,598.5106191599989,5.6987,1.8619257244259242e-05
4868,598.6274728469998,5.9116,1.861218478012346e-05
4869,598.7422726559998,6.4135,1.8604975871296322e-05
4870,598.8575509860002,6.0408,1.8597894837098745e-05
4871,598.9742245729994,6.6576,1.8590771317530886e-05
4872,599.0912643669999,6.1997,1.8583595745864202e-05
4873,599.2082568459991,6.0451,1.857635836654324e-05
4874,599.3257106290002,6.1935,1.856914917537044e-05
4875,599.4362305719987,6.7441,1.8561901370617364e-05
4876,599.551914321999,5.8042,1.8555083570000076e-05
4877,599.668259868,5.5086,1.8547934783086424e-05
4878,599.7849919889995,6.2869,1.8540740704074104e-05
4879,599.9032475339991,6.7035,1.8533504190185187e-05
4880,600.017797561999,7.3096,1.852624082117293e-05
4881,600.1326489999992,5.2645,1.8519173287407478e-05
4882,600.2497483379993,6.3188,1.8512082327901293e-05
4883,600.367230676,6.3495,1.8504840717469164e-05
4884,600.4857261500001,6.1504,1.8497549894012384e-05
4885,600.5998383959995,6.8035,1.849025912765436e-05
4886,600.7140962309986,5.8319,1.8483242339382705e-05
4887,600.8307701140002,5.7265,1.847617513895066e-05
4888,600.9472399609986,6.5875,1.846899175796296e-05
4889,601.0627111089998,5.9853,1.8461796817962996e-05
4890,601.1723252020001,6.6095,1.8454672402530953e-05
4891,601.2897315970004,5.2035,1.8447892053024735e-05
4892,601.4059629879994,6.2862,1.844060319524695e-05
4893,601.5223205109996,5.4796,1.8433484517160572e-05
4894,601.6388442239986,5.8955,1.8426294265000028e-05
4895,601.7573518529989,6.8789,1.841910804783956e-05
4896,601.8760206959996,6.0495,1.8411665261543292e-05
4897,601.9937266919987,6.2016,1.84044739222223e-05
4898,602.1111802849991,6.0338,1.8397195266913658e-05
4899,602.2290113629988,6.4283,1.8389956631234568e-05
4900,602.3449546899992,6.1368,1.838261905191364e-05
4901,602.459448620999,5.7628,1.837552241895065e-05
4902,602.576773024999,6.4593,1.8368443495493897e-05
4903,602.6911577720002,4.7741,1.83612192361111e-05
4904,602.805878653,4.1807,1.8354131741543263e-05
4905,602.9215950449998,5.8486,1.834707066345688e-05
4906,603.0391113269998,6.1807,1.8339780826543263e-05
4907,603.1534333549989,6.6262,1.83326588528395e-05
4908,603.2741238189992,6.0991,1.8325610292098828e-05
4909,603.3885823509991,6.238,1.8318162782098842e-05
4910,603.5015071779999,4.9587,1.831108494370373e-05
4911,603.6159503809995,6.2974,1.830411691586421e-05
4912,603.7314117639999,5.6897,1.829706097129637e-05
4913,603.8453258930003,5.7723,1.828992879518522e-05
4914,603.9616761239995,5.7013,1.8282759967901315e-05
4915,604.0770000579996,4.7054,1.8275722136481537e-05
4916,604.1914571839989,6.1377,1.826858495611114e-05
4917,604.3075331849996,6.1279,1.826152872771605e-05
4918,604.4229657099986,5.7991,1.8254359795679017e-05
4919,604.5375786879995,5.5578,1.8247250446790114e-05
4920,604.6539408480003,6.5475,1.8240166100802547e-05
4921,604.7706881619997,6.878,1.823298088512353e-05
4922,604.8857902309992,6.1298,1.8225770384753087e-05
4923,605.0020526169992,6.3479,1.8218674587469202e-05
4924,605.1184323919988,6.0074,1.8211465925555616e-05
4925,605.2365726859989,4.8082,1.8204318484753073e-05
4926,605.3533008189988,4.2998,1.8196892020061772e-05
4927,605.4713792740004,6.7446,1.8189816271358074e-05
4928,605.5898450889999,6.6734,1.8182526388765482e-05
4929,605.7080333969989,5.5965,1.8175217850555583e-05
4930,605.8243568899998,6.6477,1.8167900990925928e-05
4931,605.9402833409986,6.1834,1.816065685635811e-05
4932,606.0573914649995,5.9138,1.8153583204259324e-05
4933,606.1756423400002,6.0352,1.8146359574444478e-05
4934,606.2899598149997,5.7886,1.8139050591296296e-05
4935,606.4062000859994,6.5515,1.8131994486234644e-05
4936,606.5232611499996,6.6832,1.8124829664259296e-05
4937,606.6406306379995,5.8181,1.8117596911172847e-05
4938,606.7589268949996,5.4598,1.8110306548580273e-05
4939,606.8749678160002,6.3113,1.810304353888894e-05
4940,606.9905094469996,6.6043,1.809588183370377e-05
4941,607.1068075399999,5.9395,1.808871456407416e-05
4942,607.2242558489997,5.1657,1.808156520197529e-05
4943,607.3397001969988,5.794,1.807430179191361e-05
4944,607.4543669119994,5.8803,1.8067190085246942e-05
4945,607.5670187260002,2.9131,1.8060132227901256e-05
4946,607.6818684199989,5.2008,1.80531524289507e-05
4947,607.7969638469986,6.0263,1.8046071846234602e-05
4948,607.9131283839997,4.301,1.8038967065864243e-05
4949,608.0288715469997,5.9413,1.8031790751728417e-05
4950,608.1446539649987,6.8402,1.8024650332839503e-05
4951,608.2596885959993,6.4159,1.8017517137098782e-05
4952,608.3773339299987,5.5924,1.8010412223827222e-05
4953,608.492450845999,6.6186,1.800315637580247e-05
4954,608.6070185159988,5.3081,1.7996048595802484e-05
4955,608.7243705729998,5.4732,1.7988982414629696e-05
4956,608.8410543129994,6.1943,1.7981661540185248e-05
4957,608.9580508259987,5.6998,1.7974538146481568e-05
4958,609.0745025159995,5.5781,1.7967273286728448e-05
4959,609.1927066919998,6.9192,1.7960112854753104e-05
4960,609.3105509669986,6.6125,1.7952754503888926e-05
4961,609.4274287459994,5.9304,1.7945531439444506e-05
4962,609.5438322419996,6.2739,1.793818639586418e-05
4963,609.6605517579992,6.307,1.7931117251234612e-05
4964,609.7785152269989,6.2141,1.7923937272222292e-05
4965,609.8959083760001,6.5019,1.7916657445493912e-05
4966,610.0127759979987,6.1613,1.7909408532777778e-05
4967,610.1299943869999,5.7489,1.7902198742962983e-05
4968,610.244508664,4.76,1.7894956043827182e-05
4969,610.3623048379995,5.5764,1.788784861320993e-05
4970,610.481936021999,6.7129,1.7880493549567933e-05
4971,610.6005383869997,6.285,1.787323322537046e-05
4972,610.7205376429993,6.1892,1.786592308061733e-05
4973,610.8387077299994,6.5835,1.7858504130987665e-05
4974,610.956705908,6.6333,1.7851109854321036e-05
4975,611.0722010019999,6.1929,1.784382040444446e-05
4976,611.1868490710003,6.2972,1.7836794476419822e-05
4977,611.3027192009995,6.2438,1.782970916234577e-05
4978,611.4200910910004,6.4202,1.7822549851049457e-05
4979,611.5373083100003,6.1599,1.7815310153950636e-05
4980,611.6529383159996,5.735,1.7808083875000047e-05
4981,611.7686736999985,6.0939,1.7800953906296315e-05
4982,611.8856364219992,5.7353,1.7793802885925974e-05
4983,612.0022960639999,6.102,1.7786594579506248e-05
4984,612.1170708749996,5.9836,1.7779394751172912e-05
4985,612.226461545999,6.1128,1.777228166450624e-05
4986,612.3421277870002,6.6722,1.776556110456798e-05
4987,612.4583054489995,5.0841,1.775838217950619e-05
4988,612.5737282150003,6.3601,1.7751238837901252e-05
4989,612.6935941949996,6.0995,1.774411720629629e-05
4990,612.8096860320002,5.8397,1.7736705554753142e-05
4991,612.9266763389987,6.1324,1.7729552882222232e-05
4992,613.0415828369987,6.1289,1.772233139722226e-05
4993,613.1571738370003,6.6018,1.7715231912469127e-05
4994,613.2731675989999,6.5344,1.770809765234575e-05
4995,613.386744849,6.484,1.7700943699753148e-05
4996,613.5012907319997,6.1621,1.769391883487661e-05
4997,613.6170408010003,6.2551,1.7686842294012346e-05
4998,613.7335757049987,6.2877,1.7679715054074096e-05
4999,613.8500304619993,6.4475,1.767250875839513e-05
5000,613.9640523019989,5.4186,1.7665322690987678e-05
5001,614.0776135449996,6.6039,1.765826806179014e-05
5002,614.1937484270002,6.05,1.7651279704321073e-05
5003,614.3084040279991,5.7352,1.7644110997901265e-05
5004,614.4242977559989,6.3342,1.763702883641981e-05
5005,614.5388658060001,6.0308,1.7629840054876606e-05
5006,614.6554720040003,6.8569,1.7622815189938313e-05
5007,614.7708608659996,6.5242,1.7615567012469146e-05
5008,614.8804793119998,6.2228,1.76084884415432e-05
5009,614.9970674019987,6.4189,1.7601728081851915e-05
5010,615.1130790209991,6.3079,1.759453511808648e-05
5011,615.2307732429999,6.4225,1.7587240716975317e-05
5012,615.3458215089995,5.1625,1.758010527104938e-05
5013,615.4631144849991,6.4149,1.7573006151296346e-05
5014,615.5794305349991,6.6007,1.756576330598768e-05
5015,615.695509354,6.5533,1.7558573595740797e-05
5016,615.8099828389986,6.6532,1.7551412203703742e-05
5017,615.9267472539996,6.1539,1.7544339848271663e-05
5018,616.0428111359997,7.1893,1.7537135445370413e-05
5019,616.1571581459993,4.4105,1.752998901197529e-05
5020,616.2757649469986,5.7177,1.7522907776296342e-05
5021,616.3939253729986,6.6869,1.7515458604938327e-05
5022,616.5127640699993,6.9461,1.7508296624567904e-05
5023,616.6296818390001,6.3572,1.7500959075000033e-05
5024,616.7469323429996,5.9745,1.7493736533827214e-05
5025,616.8632931599986,4.2451,1.7486507412901276e-05
5026,616.983074193,6.7559,1.747931829858025e-05
5027,617.1007736149986,6.3348,1.7471916604629623e-05
5028,617.2172570579987,6.1607,1.746466491061727e-05
5029,617.3317491119997,6.1503,1.745746227370378e-05
5030,617.4463846669987,4.8232,1.7450398864382716e-05
5031,617.5628733859994,6.125,1.744332492111111e-05
5032,617.6781611989991,6.5087,1.7436132691111175e-05
5033,617.7937016739997,5.2646,1.7429034814197588e-05
5034,617.9101738749996,6.1933,1.742187239777779e-05
5035,618.0239921039993,3.3315,1.7414696915740797e-05
5036,618.1393534319996,6.3493,1.740766956166675e-05
5037,618.2541834669992,6.3797,1.740055445475309e-05
5038,618.36926356,6.6123,1.7393455259135848e-05
5039,618.4858695769999,6.3003,1.7386355132469218e-05
5040,618.6021733849993,6.0293,1.7379154417901227e-05
5041,618.7206456219992,6.7713,1.7371855984321073e-05
5042,618.8361350369996,6.4755,1.7364626368642035e-05
5043,618.953415901,6.0077,1.7357545557592574e-05
5044,619.0710321719998,6.9627,1.735031327561731e-05
5045,619.1869673820001,6.4432,1.7343055709074137e-05
5046,619.3051444559987,6.489,1.733588830265439e-05
5047,619.4206210709999,6.1873,1.7328597245864276e-05
5048,619.5328997399993,5.4058,1.7321470788765508e-05
5049,619.6487891409997,6.8054,1.7314534616728417e-05
5050,619.7622681339999,6.1676,1.730738365561727e-05
5051,619.8776010069996,5.0569,1.7300378973642063e-05
5052,619.9930249959998,6.6908,1.7293247201172857e-05
5053,620.1072866429986,6.0725,1.7286129639382752e-05
5054,620.2222464609986,5.9186,1.7279016138148186e-05
5055,620.3398217779995,7.2114,1.7271971094012347e-05
5056,620.4546866170003,4.0046,1.7264725687098825e-05
5057,620.5705909970002,6.2199,1.7257632777962973e-05
5058,620.688452901999,6.0312,1.7250432024691377e-05
5059,620.8061076069989,6.5405,1.724318613216057e-05
5060,620.9221785760001,5.9404,1.723593527703705e-05
5061,621.0377139869997,6.7063,1.7228667097469165e-05
5062,621.1537400029993,6.3762,1.722162153592594e-05
5063,621.2717739419986,6.3836,1.721443092543212e-05
5064,621.3878550720001,6.713,1.7207069293209865e-05
5065,621.5102204289997,5.2749,1.7199995630246995e-05
5066,621.626832820999,6.3699,1.7192485105123535e-05
5067,621.7399039510001,5.889,1.7185278572963026e-05
5068,621.8547431429997,6.2163,1.7178295429876577e-05
5069,621.972554684,6.1357,1.717120948179018e-05
5070,622.0893375779997,5.8703,1.7163804295000048e-05
5071,622.2034243269991,6.2358,1.7156737125617357e-05
5072,622.3223385389992,5.7131,1.714968470691356e-05
5073,622.4401935320002,6.3961,1.7142350617716124e-05
5074,622.5566069779998,6.5899,1.713507626567909e-05
5075,622.6715268480002,6.1111,1.712788836000005e-05
5076,622.7874948589997,6.9782,1.712078598407409e-05
5077,622.896531344999,7.0026,1.711363219672848e-05
5078,623.013126767999,6.1237,1.7106921305740786e-05
5079,623.1242591169994,6.7227,1.709970351820989e-05
5080,623.2395487550002,5.9161,1.7092851600185178e-05
5081,623.3545585539996,6.8571,1.708573768117287e-05
5082,623.4699334340003,6.2139,1.707862149666675e-05
5083,623.5837000639985,5.9537,1.7071510346605006e-05
5084,623.7001896509992,6.0168,1.706448496685184e-05
5085,623.8159265559989,5.8961,1.705725838351852e-05
5086,623.9303647719989,5.0431,1.7050126891111145e-05
5087,624.0464922760002,7.1524,1.7043085091728456e-05
5088,624.1633108149999,4.9654,1.70359126238272e-05
5089,624.2806578489999,6.5619,1.7028719337839576e-05
5090,624.3938091609998,4.9324,1.702146543987656e-05
5091,624.508971588999,4.5344,1.7014478582901282e-05
5092,624.6252703219998,5.4467,1.700730769302476e-05
5093,624.7413705029994,5.8812,1.7000197913703797e-05
5094,624.8554384660001,5.4757,1.6993022363271684e-05
5095,624.9707565520002,5.2812,1.6985987486296378e-05
5096,625.0874154539997,6.3667,1.6978859587592592e-05
5097,625.2032540729997,6.0294,1.6971659432592672e-05
5098,625.3194123579997,6.7487,1.6964484963950612e-05
5099,625.4344965949986,6.8578,1.695734751117285e-05
5100,625.551509203,6.5502,1.6950243518703705e-05
5101,625.6683212159987,5.616,1.6943013719259243e-05
5102,625.7996146759997,6.7457,1.6935803944753153e-05
5103,625.9339877040002,5.6442,1.6927520189321044e-05
5104,626.0556412249989,5.3994,1.6919210685740794e-05
5105,626.1741781749988,5.8001,1.6911876777654407e-05
5106,626.2916364439989,6.1523,1.6904583821111192e-05
5107,626.4094877259995,6.6845,1.689732993975308e-05
5108,626.5246177369991,6.8837,1.689006172018517e-05
5109,626.642469725999,4.8542,1.6882962497345746e-05
5110,626.7600283559987,6.7799,1.68756703485186e-05
5111,626.877128008,5.8227,1.6868398483024696e-05
5112,626.9918532499996,6.5394,1.686118754481486e-05
5113,627.1079941099997,6.2521,1.685409925129635e-05
5114,627.2232575079997,6.4089,1.6846839523827224e-05
5115,627.3417849969992,6.6973,1.683974757969141e-05
5116,627.4594836380002,6.1897,1.6832497801172924e-05
5117,627.5754992769998,6.3467,1.6825245894321068e-05
5118,627.6919884899999,6.1429,1.6818075479629702e-05
5119,627.8095770540003,6.2511,1.681088979771608e-05
5120,627.9267495429995,5.4738,1.6803628790802478e-05
5121,628.0429550230001,5.6116,1.6796377974753096e-05
5122,628.1592477519989,6.465,1.6789209344999985e-05
5123,628.2777068550004,5.4176,1.6782047281296377e-05
5124,628.3940222040001,6.6752,1.677474010246914e-05
5125,628.5111651299994,6.6069,1.676755135203705e-05
5126,628.6242188029992,5.4928,1.6760327986358103e-05
5127,628.7412278729989,5.3325,1.6753335203209892e-05
5128,628.8543316359992,6.4131,1.6746109793271607e-05
5129,628.9697970050001,5.3117,1.6739132862469182e-05
5130,629.0846732179998,5.2698,1.673200779487655e-05
5131,629.200777692,4.6308,1.6724899181234622e-05
5132,629.3164640140003,6.9303,1.671775005833342e-05
5133,629.433304397,6.0803,1.67105956830865e-05
5134,629.5485954509986,6.0149,1.670339633790123e-05
5135,629.6643343139986,6.3369,1.6696294001543228e-05
5136,629.7792202769997,6.1025,1.668914119956798e-05
5137,629.8953185609989,6.4376,1.6682047978518562e-05
5138,630.0120712009993,6.0585,1.6674874505679104e-05
5139,630.1291910979999,6.1879,1.6667677570555644e-05
5140,630.2448441010001,5.3471,1.666044178617287e-05
5141,630.3594723289989,6.8964,1.6653308338518514e-05
5142,630.4765913459996,6.786,1.6646237795246994e-05
5143,630.5942332239993,6.297,1.663900083759259e-05
5144,630.7099325609997,6.0681,1.663173327919757e-05
5145,630.8255469699998,5.399,1.6624603795802458e-05
5146,630.9403595369986,5.3082,1.661739150802476e-05
5147,631.0562285449996,6.5646,1.6610378709629677e-05
5148,631.1735141520003,5.199,1.660321376746921e-05
5149,631.2899152329992,6.3786,1.659596557679014e-05
5150,631.4083054579987,6.7397,1.6588805391913613e-05
5151,631.5262368299991,5.287,1.6581466086111135e-05
5152,631.6415059909996,5.2526,1.657419886858024e-05
5153,631.7575710299989,6.365,1.656708671808645e-05
5154,631.8756827910001,6.9863,1.655992452129637e-05
5155,631.992077171999,5.0829,1.655264024808646e-05
5156,632.107992588999,7.0089,1.6545444755493906e-05
5157,632.2261003539988,5.4384,1.653827618240748e-05
5158,632.3424379400003,5.9671,1.6531000124691393e-05
5159,632.4597905209994,5.4336,1.6523817115740814e-05
5160,632.573487272999,4.4009,1.6516567126790183e-05
5161,632.6885942549998,6.3274,1.6509555583950625e-05
5162,632.803995156999,5.9967,1.6502445191975392e-05
5163,632.920816083999,6.0992,1.649533622611109e-05
5164,633.038617622,6.6367,1.6488127573209926e-05
5165,633.1541351180003,6.2124,1.648085731203705e-05
5166,633.267390686,6.4996,1.647372622685189e-05
5167,633.3834455839988,6.7651,1.6466721411111114e-05
5168,633.5007687899997,5.4269,1.6459558683765503e-05
5169,633.6148768139992,4.926,1.6452328999321033e-05
5170,633.734090508,6.4567,1.644525476290132e-05
5171,633.8511438799997,6.2384,1.6437885289629712e-05
5172,633.966507391,6.1645,1.6430686834321002e-05
5173,634.0808772609998,6.0695,1.6423573616605016e-05
5174,634.1951352670003,6.0204,1.6416501207037116e-05
5175,634.3113206749986,5.3728,1.6409445323950667e-05
5176,634.4264427709986,5.7917,1.6402295050925935e-05
5177,634.5416593949994,6.4402,1.6395173610123525e-05
5178,634.6611814009993,7.2021,1.6388056213333392e-05
5179,634.7779620129986,6.6274,1.6380687566666714e-05
5180,634.8935208679995,5.1537,1.6373445393456777e-05
5181,635.009375353,6.2793,1.636634932493833e-05
5182,635.1239854830001,5.3575,1.635913487586426e-05
5183,635.2397866619995,5.6036,1.6352091709814878e-05
5184,635.3556403809998,6.3443,1.6344977646913655e-05
5185,635.4737489729996,5.6933,1.6337809460555608e-05
5186,635.5923385899987,6.7019,1.633050022111115e-05
5187,635.7105102009991,7.1195,1.632321259320993e-05
5188,635.8283638559988,5.7666,1.6315918286296374e-05
5189,635.9437756320003,6.0232,1.6308647019321056e-05
5190,636.0602410909996,5.6732,1.6301517980432155e-05
5191,636.1773099679995,6.4351,1.6294308060308667e-05
5192,636.297935351,5.2317,1.6287098114876526e-05
5193,636.4150777499999,6.5533,1.627965968228401e-05
5194,636.5320303459994,6.3688,1.627242548259268e-05
5195,636.6492586819986,6.5438,1.6265209858888907e-05
5196,636.765208236,6.7198,1.6257966920247e-05
5197,636.8779137749989,4.8429,1.6250741838765427e-05
5198,636.9923085150003,6.0745,1.6243850468209854e-05
5199,637.1111068889986,6.1538,1.6236794561913665e-05
5200,637.2250582500001,6.5528,1.6229450007530893e-05
5201,637.3435079909996,6.1968,1.6222420135370414e-05
5202,637.4604737600002,6.0059,1.6215112374074137e-05
5203,637.5787128789998,6.2334,1.620790337574082e-05
5204,637.6956888429995,5.9786,1.620060406370377e-05
5205,637.8102661159992,5.68,1.6193355580802476e-05
5206,637.927054808999,5.9955,1.6186294232901234e-05
5207,638.0438827010003,6.8452,1.6179095166790147e-05
5208,638.1590633329997,6.337,1.6171879373580255e-05
5209,638.2781561039992,7.0459,1.616475730703707e-05
5210,638.3943692119992,6.2989,1.6157419731851876e-05
5211,638.5112103880001,6.7304,1.6150244594506192e-05
5212,638.6284468599988,6.2335,1.61430438455556e-05
5213,638.7444841019988,6.2749,1.6135806796049413e-05
5214,638.8587164909986,5.7637,1.6128631537160544e-05
5215,638.9754051700002,6.5753,1.612158500913581e-05
5216,639.0930865209993,6.5086,1.6114381731543255e-05
5217,639.2068728279992,6.5232,1.610710892876543e-05
5218,639.3229734469987,6.3241,1.6100087368765493e-05
5219,639.4382552320003,6.953,1.6092913870802533e-05
5220,639.5561744629995,5.5629,1.608580159092593e-05
5221,639.6743923020003,5.9664,1.607850720092599e-05
5222,639.7945491150003,6.0575,1.6071231863271674e-05
5223,639.9100161639999,6.704,1.606381325327159e-05
5224,640.0253599030002,5.8177,1.6056685441975294e-05
5225,640.1420344719991,6.8561,1.6049554347160482e-05
5226,640.2581240279997,6.0569,1.6042362446172843e-05
5227,640.3732832770002,6.7082,1.6035178392592593e-05
5228,640.4907702949986,6.7537,1.6028095275432187e-05
5229,640.604622281,5.0931,1.6020834031111165e-05
5230,640.7200043599987,6.2374,1.6013773078395144e-05
5231,640.836145588999,6.7562,1.6006676893518523e-05
5232,640.9518325979989,5.6928,1.5999525615432076e-05
5233,641.0669991919985,5.6815,1.599237397141976e-05
5234,641.1824617740003,6.4588,1.5985276553333335e-05
5235,641.297854942999,6.4182,1.597814266265434e-05
5236,641.4074060980001,6.5082,1.597100931302476e-05
5237,641.523383017,5.4717,1.5964260306543256e-05
5238,641.6402121589999,6.3596,1.5957048629506187e-05
5239,641.7558952540003,5.4879,1.5949891479506253e-05
5240,641.8731262419988,6.14,1.594273893179013e-05
5241,641.9885866579989,6.9106,1.593550430191364e-05
5242,642.1032805079994,5.8486,1.592837831888888e-05
5243,642.2213440619998,6.5818,1.592129470302468e-05
5244,642.3356798570003,5.9836,1.5914018510185193e-05
5245,642.4508738369987,4.9273,1.5906926515185265e-05
5246,642.5667440589987,5.8843,1.589983236413586e-05
5247,642.6828521409989,5.2913,1.589269692561736e-05
5248,642.796916882,5.9462,1.5885527822530872e-05
5249,642.914537531,6.764,1.587848820388888e-05
5250,643.0301469030001,6.5249,1.5871224623456833e-05
5251,643.1399015649986,6.3381,1.5864067565493835e-05
5252,643.2590001079989,6.3383,1.5857327908456855e-05
5253,643.3739951799998,6.0107,1.584995089123457e-05
5254,643.4896944169996,6.4436,1.5842870996913674e-05
5255,643.6055384819992,6.1792,1.5835688154629678e-05
5256,643.7207768850003,4.705,1.5828563450555566e-05
5257,643.8379729899989,5.6878,1.582145401635809e-05
5258,643.9528814429996,7.0154,1.5814230283086424e-05
5259,644.0708771649988,5.924,1.5807122982530955e-05
5260,644.1881131749997,6.674,1.5799830589444525e-05
5261,644.3058635849993,5.3183,1.5792609135000087e-05
5262,644.4166548009998,6.4308,1.5785337189197576e-05
5263,644.5319999980002,6.3228,1.577850658765435e-05
5264,644.6498511209993,6.646,1.5771371743765506e-05
5265,644.7665726169998,5.6702,1.5764113216111108e-05
5266,644.8825387179986,6.1079,1.575690264777784e-05
5267,644.9990871439986,6.08,1.5749741351666648e-05
5268,645.1127842259993,4.1904,1.5742548017222275e-05
5269,645.2312248729995,6.3216,1.573552536512344e-05
5270,645.3470609359993,5.508,1.572821704697533e-05
5271,645.4697160830001,6.3251,1.5721078876419743e-05
5272,645.5872115959992,6.2038,1.5713499550864206e-05
5273,645.7037687849988,5.869,1.5706106733765457e-05
5274,645.8195094889998,4.3395,1.5699032823333342e-05
5275,645.9349846109999,5.7217,1.5691896555617296e-05
5276,646.0508064749993,4.712,1.568477109790129e-05
5277,646.1677351500002,6.0577,1.5677622527469165e-05
5278,646.2827270010002,5.6518,1.567040048561736e-05
5279,646.3993994299999,5.871,1.5663307395246944e-05
5280,646.5164610579995,5.6085,1.565610991074074e-05
5281,646.6337578289986,6.4171,1.564888572253084e-05
5282,646.7507020949997,6.0723,1.564165120438275e-05
5283,646.8654649679993,5.8583,1.5634427169444494e-05
5284,646.9820865209986,6.1206,1.5627342056481502e-05
5285,647.1008699710001,6.8634,1.562012574104941e-05
5286,647.2184963199998,6.2551,1.5612798986296384e-05
5287,647.3348873879986,5.9378,1.560553675209885e-05
5288,647.4515744109995,6.4442,1.5598352231851927e-05
5289,647.5656565640002,5.6718,1.5591152011851884e-05
5290,647.6814398629995,6.7592,1.558409295388898e-05
5291,647.799659504999,4.7442,1.55769659514198e-05
5292,647.9153738829991,5.9483,1.556967438351859e-05
5293,648.0329922129986,6.1362,1.556253365327169e-05
5294,648.1501305359998,5.9725,1.5555244600308706e-05
5295,648.2671201699995,5.3839,1.5548051378333345e-05
5296,648.3836870340001,5.5368,1.5540817430370385e-05
5297,648.5011207150001,6.5453,1.553362672493834e-05
5298,648.6164861249999,6.6504,1.5526306411728476e-05
5299,648.7305542189988,5.8055,1.5519258518703777e-05
5300,648.8471424210002,5.5927,1.5512207879629715e-05
5301,648.9612822449999,6.1252,1.5505016899814794e-05
5302,649.0755294779992,6.1823,1.5497959784382786e-05
5303,649.1921752910002,6.4067,1.549090837833341e-05
5304,649.3070807999993,4.4812,1.5483728186172924e-05
5305,649.4220449519999,5.8537,1.5476619877901256e-05
5306,649.5374660859998,6.7145,1.5469396208641956e-05
5307,649.6548350989997,6.1017,1.5462412196543203e-05
5308,649.7723921779998,6.4991,1.5455147313209916e-05
5309,649.8877357210004,5.4297,1.544789919222228e-05
5310,650.003147288,6.5454,1.5440754229938326e-05
5311,650.1202406069988,5.922,1.5433649889012342e-05
5312,650.2359499189988,6.1974,1.5426299211481527e-05
5313,650.3525415259992,4.8479,1.541928813820993e-05
5314,650.4653111999996,4.4083,1.5412097235061712e-05
5315,650.5777445269996,5.7637,1.540511696716053e-05
5316,650.6967573740003,6.1189,1.5398178292283956e-05
5317,650.8107362929986,6.1012,1.5390839496604926e-05
5318,650.9261071389992,5.2974,1.5383812928641962e-05
5319,651.0418170279991,6.6804,1.5376677480555572e-05
5320,651.1584826629987,5.4505,1.536954715944443e-05
5321,651.27491414,5.5546,1.5362211258703768e-05
5322,651.38994327,6.2409,1.535515532722221e-05
5323,651.5057724529997,5.072,1.5348064761296375e-05
5324,651.619488549999,6.0836,1.5340902518642054e-05
5325,651.7331666720002,6.0805,1.533387377617292e-05
5326,651.8467694179999,5.8012,1.5326860583271595e-05
5327,651.9662941939987,6.4461,1.5319838775000038e-05
5328,652.0854448259997,6.3365,1.531246531018524e-05
5329,652.2013521829995,6.3494,1.5305115021605003e-05
5330,652.318914563999,6.3487,1.5297966906111112e-05
5331,652.4343900409986,6.5702,1.529070701956799e-05
5332,652.5508810369993,7.0236,1.5283573907160564e-05
5333,652.6658120299999,5.249,1.527638638956797e-05
5334,652.7826420619986,5.9535,1.5269284763580238e-05
5335,652.8974002349987,6.4752,1.52620882675926e-05
5336,653.009560094999,4.5186,1.5254984184629628e-05
5337,653.1251499369992,4.9515,1.524806800049382e-05
5338,653.2417141789992,5.7204,1.5240948738209915e-05
5339,653.3566730080001,6.8232,1.5233744213827228e-05
5340,653.4709897009998,5.8358,1.5226646330308685e-05
5341,653.5856991199998,6.9051,1.5219585801419777e-05
5342,653.7014888840004,6.2308,1.5212504856728383e-05
5343,653.81864675,6.1994,1.5205361168333343e-05
5344,653.9339014830002,6.4686,1.5198137796605023e-05
5345,654.0518805829997,6.2413,1.5191006807963053e-05
5346,654.1615291219987,7.2389,1.5183732048456784e-05
5347,654.2793386439989,5.7453,1.517696703740748e-05
5348,654.3982497769994,6.1993,1.5169694604814882e-05
5349,654.5155859019997,5.204,1.5162360993395109e-05
5350,654.6305289809989,5.1979,1.5155085271790198e-05
5351,654.7449093269988,6.411,1.5147993169814834e-05
5352,654.8622962219997,6.002,1.5140934643703775e-05
5353,654.976764998999,4.7182,1.5133701867098804e-05
5354,655.0931798099991,5.4007,1.5126640945864207e-05
5355,655.2069202509992,4.4335,1.5119467110432117e-05
5356,655.3225092550001,6.8954,1.5112423128456848e-05
5357,655.4368912089994,5.7604,1.5105308618765462e-05
5358,655.5536681599988,5.5068,1.5098233670185235e-05
5359,655.6712699179989,6.6017,1.5091028164567917e-05
5360,655.7863505559999,6.123,1.5083773790308703e-05
5361,655.9042491359996,5.6317,1.5076672639876543e-05
5362,656.0185566009986,5.8212,1.5069395263950625e-05
5363,656.1353966819988,6.5696,1.5062335456419801e-05
5364,656.2512004639993,5.9345,1.5055123132839566e-05
5365,656.366871278,5.2196,1.5047969726913574e-05
5366,656.4833219499997,6.1446,1.5040793145802545e-05
5367,656.5989413859988,5.8992,1.5033646436790105e-05
5368,656.7157449089991,6.2733,1.5026490296419787e-05
5369,656.831733772,6.3625,1.5019292112777822e-05
5370,656.9468442529997,5.3125,1.5012135799506161e-05
5371,657.0628203899996,5.8053,1.5005039667345766e-05
5372,657.1779650970002,4.9156,1.4997866546790208e-05
5373,657.2945162289998,5.5855,1.4990755430555598e-05
5374,657.4121187989986,5.4722,1.4983514252284025e-05
5375,657.5285751929987,6.3298,1.4976312730000076e-05
5376,657.6439567889993,6.1335,1.4969118055061786e-05
5377,657.7598694600001,6.4956,1.4961993971604966e-05
5378,657.8813959479994,6.0773,1.4954823733518602e-05
5379,657.9992402810003,6.1162,1.4947349985061776e-05
5380,658.1177262660003,6.685,1.4940080147901282e-05
5381,658.233423402,4.8771,1.493276450345682e-05
5382,658.3493140909995,6.3499,1.4925610836419845e-05
5383,658.4643674540002,6.9373,1.4918461692592628e-05
5384,658.5806748199993,5.4544,1.4911322017530922e-05
5385,658.6951783789991,6.93,1.4904163580185249e-05
5386,658.8149221539989,6.1343,1.4897100402530905e-05
5387,658.9333622609993,6.5968,1.4889719065555635e-05
5388,659.0511090669988,5.3116,1.4882408429876582e-05
5389,659.1686542119987,6.2663,1.4875138703641994e-05
5390,659.2836019959996,5.6282,1.4867875344506177e-05
5391,659.3995371089986,6.2395,1.4860775739506172e-05
5392,659.5161788690002,5.6304,1.4853628628148208e-05
5393,659.6322498099998,6.4542,1.484643298487653e-05
5394,659.74959399,5.9493,1.4839271678086415e-05
5395,659.8662443409994,5.9166,1.4831886684135804e-05
5396,659.9826708410001,5.5424,1.4824816523580326e-05
5397,660.0997666149997,6.455,1.4817638909506193e-05
5398,660.2172383929992,6.7837,1.481039655308641e-05
5399,660.3352971629993,5.9729,1.4803153454259239e-05
5400,660.4513355689996,5.3785,1.4795861142222266e-05
5401,660.5656647260003,5.2734,1.4788699250864201e-05
5402,660.6813912799989,5.5824,1.4781636755123495e-05
5403,660.7999967469987,6.4523,1.4774463031049374e-05
5404,660.9131305190003,5.5385,1.476718165327165e-05
5405,661.0299697609989,6.9621,1.4760201795370449e-05
5406,661.1469052339999,6.3941,1.4752991211419803e-05
5407,661.2616412019997,6.0885,1.4745768608518567e-05
5408,661.3788507239988,6.3075,1.4738684800864283e-05
5409,661.4984270099994,5.7522,1.4731457743209942e-05
5410,661.616666332,6.5331,1.4724069720740786e-05
5411,661.7324894279991,6.2077,1.4716773533888877e-05
5412,661.8489325549999,7.0052,1.4709626085617362e-05
5413,661.964791553999,6.4251,1.470244261691362e-05
5414,662.081568738,5.9277,1.4695287974876537e-05
5415,662.1988072289987,6.4271,1.4688077584074162e-05
5416,662.314189323999,5.6034,1.46808289700618e-05
5417,662.4307479210001,5.8812,1.4673684558580291e-05
5418,662.545901775,5.5769,1.4666527831728383e-05
5419,662.6645107169988,5.9885,1.4659270090678995e-05
5420,662.7817400879994,5.81,1.4652089096605015e-05
5421,662.8953810319999,5.5272,1.4644860088518514e-05
5422,663.0115671269996,5.9564,1.4637835771049435e-05
5423,663.1295024479987,6.4274,1.4630633078950607e-05
5424,663.2453522359992,6.2069,1.4623387079567985e-05
5425,663.3623193009989,5.6227,1.4616245539691364e-05
5426,663.4781493589999,6.3083,1.4609014114012437e-05
5427,663.595452178999,6.7283,1.4601868622901322e-05
5428,663.7128329819989,6.3318,1.4594618254814795e-05
5429,663.830097647,6.055,1.4587384367901274e-05
5430,663.945788224999,5.8647,1.4580033008827248e-05
5431,664.0624170849987,6.1244,1.4572954488518504e-05
5432,664.180044187,5.1098,1.4565796355185246e-05
5433,664.2946366790002,6.2919,1.4558537489629654e-05
5434,664.410561106999,6.1842,1.455146026160497e-05
5435,664.5276311119997,7.1129,1.4544294205617332e-05
5436,664.6439855829994,5.3184,1.4537091519259327e-05
5437,664.7589894679986,6.3737,1.452984496500005e-05
5438,664.8750969039993,5.8829,1.4522795912963028e-05
5439,664.991525731999,6.0222,1.4515639907283934e-05
5440,665.1094194429988,7.0155,1.4508435734629689e-05
5441,665.2241056259991,4.9568,1.4501175157962999e-05
5442,665.3413406609998,6.4937,1.4494085869753149e-05
5443,665.4607947579989,6.3763,1.4486856714753167e-05
5444,665.576122217999,6.6691,1.4479471702962982e-05
5445,665.6944923629999,6.8478,1.447236067679013e-05
5446,665.8088098919998,4.4386,1.4465042129320999e-05
5447,665.9255541829989,7.0083,1.4457959966543239e-05
5448,666.04323209,7.1522,1.4450796340123491e-05
5449,666.1597742079994,5.8231,1.4443480399382725e-05
5450,666.2779222589998,6.381,1.4436324997963041e-05
5451,666.3955093989989,6.7686,1.4429039221543206e-05
5452,666.5116743709987,5.7109,1.4421773007160494e-05
5453,666.6304217219986,4.9597,1.4414562837407436e-05
5454,666.7475786659998,6.704,1.4407279137098789e-05
5455,666.8635062149988,5.7313,1.4400035126728418e-05
5456,666.977951154,6.4306,1.4392881851358037e-05
5457,667.0960311149993,6.8642,1.4385690443209965e-05
5458,667.2096008059998,5.0011,1.4378523302654383e-05
5459,667.326655597999,6.0109,1.4371495497222254e-05
5460,667.4414692499995,6.5239,1.436427273561734e-05
5461,667.5578216180002,6.0963,1.435721193598769e-05
5462,667.6740922129993,5.5581,1.4350033649876583e-05
5463,667.792500616999,6.4162,1.4342861297592647e-05
5464,667.9095318969994,5.5255,1.4335541064753144e-05
5465,668.0260210099987,6.7522,1.432831494574079e-05
5466,668.1413592829995,5.3179,1.43211322491976e-05
5467,668.2570334579996,5.9044,1.43140138243827e-05
5468,668.3720088479986,5.8622,1.4306865337592645e-05
5469,668.4897233419997,5.8008,1.4299777017037102e-05
5470,668.6060218669991,6.0683,1.429247956617283e-05
5471,668.7223251639989,6.5782,1.4285308702098777e-05
5472,668.8399801079995,6.4862,1.4278170916419792e-05
5473,668.9567176349992,5.8416,1.4270893824691428e-05
5474,669.0728624209987,6.4019,1.4263693187592625e-05
5475,669.189060835999,5.308,1.4256501997839494e-05
5476,669.3048954349997,5.901,1.424933169030872e-05
5477,669.420596426,5.2175,1.4242181726358017e-05
5478,669.5371380099987,6.4052,1.423491067253087e-05
5479,669.6497216579992,4.9027,1.422786038061733e-05
5480,669.7640804719995,6.5911,1.4220900297222228e-05
5481,669.8810811539988,6.514,1.4213786766481518e-05
5482,669.9968152379988,5.5619,1.4206568336049364e-05
5483,670.1117518599985,5.5935,1.4199440321049395e-05
5484,670.2252641059986,5.4394,1.4192381420617374e-05
5485,670.3410771139988,5.4118,1.418535621098766e-05
5486,670.4569003340002,6.7169,1.4178204054197513e-05
5487,670.5747380079993,5.6507,1.4171052581111132e-05
5488,670.6919088590003,5.9483,1.416375886660492e-05
5489,670.8021938829988,6.2689,1.4156528368950695e-05
5490,670.9177192679999,6.2737,1.4149735807283982e-05
5491,671.0308912809996,4.2824,1.4142637483024757e-05
5492,671.1453244889999,6.1087,1.4135638199691408e-05
5493,671.260158735,4.557,1.4128583691481478e-05
5494,671.377295631999,6.156,1.412144604339512e-05
5495,671.4938545409987,6.805,1.4114263052345755e-05
5496,671.6073084789987,5.4943,1.410706816672841e-05
5497,671.7263868350001,6.0487,1.4100043312530908e-05
5498,671.8439601560003,5.6525,1.4092714055432116e-05
5499,671.9591983089995,6.5675,1.4085452974135882e-05
5500,672.0756952499996,6.2332,1.4078333505247005e-05
5501,672.1900642259989,6.9757,1.4071143321543223e-05
5502,672.3047056710002,4.9279,1.4064072137469136e-05
5503,672.4221802949996,6.4617,1.405700209000001e-05
5504,672.5399229279992,6.5126,1.4049755683024757e-05
5505,672.6551351479993,6.32,1.4042365046481543e-05
5506,672.7719816909994,6.5764,1.403538412055555e-05
5507,672.8870649359997,6.337,1.4028189561481497e-05
5508,673.0005017869989,6.5753,1.4021079590802516e-05
5509,673.1156320829996,6.1361,1.401404679327164e-05
5510,673.2306216069992,6.2883,1.4006951996666712e-05
5511,673.3456674699992,5.5063,1.399985745296295e-05
5512,673.4618704109998,6.3568,1.3992634345432176e-05
5513,673.5786689349989,6.7627,1.3985539246666718e-05
5514,673.6929777799996,6.3957,1.3978357020987686e-05
5515,673.8094870240002,6.8451,1.3971315176358084e-05
5516,673.9246953999991,6.6259,1.3964130475123516e-05
5517,674.0423577429992,6.3726,1.3957016201605e-05
5518,674.1611591579986,6.5278,1.394975737358032e-05
5519,674.2788740329997,5.2274,1.3942422373395148e-05
5520,674.3935375479996,6.2656,1.3935044807901282e-05
5521,674.5098585839987,5.4236,1.3928067356049457e-05
5522,674.6267133689998,6.7755,1.392089393858026e-05
5523,674.7448112120001,6.139,1.391367218666672e-05
5524,674.8609587949995,6.0514,1.39063902003087e-05
5525,674.9755845939999,6.1224,1.3899220294814891e-05
5526,675.0924224249993,5.9502,1.3892136427530877e-05
5527,675.2085653369995,6.3658,1.3884940332839585e-05
5528,675.3260479370001,5.7472,1.3877752538086453e-05
5529,675.4431294389997,5.2481,1.3870508024074075e-05
5530,675.5562038509997,5.8138,1.3863290934135831e-05
5531,675.672464239,6.5142,1.3856291193765453e-05
5532,675.7901037909996,6.6172,1.384910870722223e-05
5533,675.906200419,5.9837,1.3841875720987718e-05
5534,676.021593993999,5.7558,1.383471039586418e-05
5535,676.1364454269988,5.7662,1.3827577180679024e-05
5536,676.2546144529988,6.7141,1.3820486812839566e-05
5537,676.3725827239996,6.3821,1.3813146865864207e-05
5538,676.4878150679997,4.6552,1.3805915940185266e-05
5539,676.6055732309997,5.8133,1.3798672425185222e-05
5540,676.7218182729994,4.8981,1.3791490981111117e-05
5541,676.8381427610002,6.7782,1.3784365861543219e-05
5542,676.9536026839996,6.7472,1.3777160424135871e-05
5543,677.0689093429992,5.0186,1.3770050683024687e-05
5544,677.1866611589994,5.9562,1.3762903986604936e-05
5545,677.3036997660001,6.8219,1.3755625048333409e-05
5546,677.4201075399997,6.5002,1.3748447087037103e-05
5547,677.533279067,5.987,1.3741256804382775e-05
5548,677.6495147659989,6.1369,1.3734267212716034e-05
5549,677.7645473559987,6.4048,1.372709964944449e-05
5550,677.8789716709998,5.1322,1.3719991225123547e-05
5551,677.9947875019989,6.2591,1.3712910444629628e-05
5552,678.1045704859989,6.9945,1.3705749344259327e-05
5553,678.2232080149988,5.5581,1.369899789228401e-05
5554,678.3326022879992,6.2091,1.369154220672847e-05
5555,678.4462952670001,6.4338,1.3684940407530895e-05
5556,678.5634404049997,6.7182,1.3677913406543242e-05
5557,678.6779571070001,6.6478,1.3670685908148218e-05
5558,678.7931848099997,6.0008,1.366360864771611e-05
5559,678.9075713349994,6.7413,1.3656500124259336e-05
5560,679.0230047039986,6.0718,1.3649420846604921e-05
5561,679.1368120869993,5.121,1.3642306556790169e-05
5562,679.2533286649996,6.2165,1.3635283046111157e-05
5563,679.3660517529988,5.7327,1.3628088464876536e-05
5564,679.4829568919995,5.0011,1.3621124570555582e-05
5565,679.5933365839992,6.8711,1.3613901289938308e-05
5566,679.7129846219996,6.6568,1.36071071104321e-05
5567,679.8292698650002,6.1856,1.3599721222530948e-05
5568,679.9458839109993,6.5273,1.359253073870369e-05
5569,680.0629379900001,6.1353,1.3585339479382747e-05
5570,680.1761452939991,6.1615,1.3578101483518579e-05
5571,680.2928073040002,6.2827,1.3571088660679087e-05
5572,680.4083665219987,7.0747,1.3563912503703724e-05
5573,680.524974987,6.7025,1.355673549753091e-05
5574,680.6412812489998,6.4877,1.3549504909320988e-05
5575,680.7577432950002,5.8871,1.3542407906543192e-05
5576,680.8763927689997,5.783,1.3535196847592658e-05
5577,680.9912461909989,5.7982,1.352790891037038e-05
5578,681.108988431999,4.9186,1.3520799604876616e-05
5579,681.224629454,6.4383,1.3513536019259332e-05
5580,681.3411197249989,5.394,1.3506399342901248e-05
5581,681.4588247629999,6.1878,1.3499168793518558e-05
5582,681.5749523799986,6.9098,1.349186437574072e-05
5583,681.6901257609989,6.6903,1.3484634889320973e-05
5584,681.8037130679986,5.9789,1.3477668979629715e-05
5585,681.9208736729997,6.1106,1.3470641743827144e-05
5586,682.0358251109992,5.7643,1.3463425582037115e-05
5587,682.1521231979987,5.5255,1.3456284703148231e-05
5588,682.2691713949989,6.3417,1.3449129422037072e-05
5589,682.3894266039988,6.1402,1.344192335882719e-05
5590,682.5073567399995,6.8059,1.3434484996172907e-05
5591,682.6211937959997,5.2279,1.3427223034259329e-05
5592,682.7370557429986,6.5973,1.342018435500006e-05
5593,682.8548950659988,6.3985,1.3413046938765456e-05
5594,682.9699341059986,6.1261,1.3405761058086424e-05
5595,683.0798057089996,6.4187,1.3398668880555632e-05
5596,683.1953136129996,5.3476,1.339187227722224e-05
5597,683.3110948489993,5.945,1.3384731848703685e-05
5598,683.428178565,7.3535,1.3377614573827163e-05
5599,683.5468690119997,6.4765,1.3370376044259265e-05
5600,683.6611043499997,5.9983,1.336305955783953e-05
5601,683.7755794690001,5.3303,1.3355998895493837e-05
5602,683.8934605459999,6.204,1.3348937495679093e-05
5603,684.008776708999,6.378,1.3341660849567988e-05
5604,684.1228115489994,5.3752,1.3334545388950598e-05
5605,684.238857843,6.4887,1.3327495114197541e-05
5606,684.357359358999,6.6305,1.3320344990679024e-05
5607,684.4728191909999,6.4697,1.3313029486666722e-05
5608,684.5889424769994,6.0362,1.3305899821172918e-05
5609,684.7060764939997,6.218,1.3298728571604935e-05
5610,684.8218386589997,6.0369,1.3291502454259314e-05
5611,684.9376586879989,6.5108,1.3284356662654407e-05
5612,685.0524207859999,5.8162,1.3277205730308667e-05
5613,685.171190056999,5.3647,1.3270116931481525e-05
5614,685.2871107989995,6.5708,1.3262787511419805e-05
5615,685.4057866929998,6.6167,1.3255632528580241e-05
5616,685.5228162040003,5.426,1.3248314199259249e-05
5617,685.6392345999993,5.8827,1.3241089999629691e-05
5618,685.7565186129996,6.2328,1.3233890059938275e-05
5619,685.8746781649988,6.3544,1.3226668596296376e-05
5620,685.9890817059986,5.6749,1.3219352886851905e-05
5621,686.1026389469989,6.3978,1.321230605845678e-05
5622,686.2133138439985,6.5706,1.3205208241543233e-05
5623,686.3329042829992,6.4753,1.3198461214012387e-05
5624,686.4511997949994,6.3044,1.31910760890741e-05
5625,686.566012199999,6.6537,1.318376538129637e-05
5626,686.6848685579989,7.0161,1.3176693649938338e-05
5627,686.8018057030004,6.9598,1.31693536969136e-05
5628,686.9184236579986,6.9989,1.316212199827162e-05
5629,687.0341202979998,6.0275,1.3154935993148166e-05
5630,687.1521187059989,6.1268,1.3147793681296378e-05
5631,687.2673375449995,6.5421,1.3140499293950698e-05
5632,687.3766445379988,6.133,1.3133382850987747e-05
5633,687.4918518169998,6.1719,1.3126668156358025e-05
5634,687.6073752789998,5.6938,1.311953748012344e-05
5635,687.7224994569988,6.1129,1.3112394262839584e-05
5636,687.8392271800003,5.8966,1.3105303817963005e-05
5637,687.9557058729988,5.8987,1.3098086054382696e-05
5638,688.0731661209993,6.1139,1.3090911794197607e-05
5639,688.1891673239988,6.04,1.308365429481489e-05
5640,688.3054413190002,6.2161,1.307648880148154e-05
5641,688.4183991779992,6.4716,1.3069318871851883e-05
5642,688.5321187119989,5.8717,1.3062332689259288e-05
5643,688.6473855659988,6.5254,1.3055186874567927e-05
5644,688.7639852060001,6.4401,1.3048130763827205e-05
5645,688.8821771469993,6.3893,1.3041008974012381e-05
5646,688.9978256319991,5.8501,1.3033726186111178e-05
5647,689.1173093709986,5.933,1.3026558316172849e-05
5648,689.2267835769999,6.0845,1.3019207212469214e-05
5649,689.3426766880002,5.801,1.3012437849999997e-05
5650,689.4604499609995,6.849,1.3005283433703769e-05
5651,689.579045163,6.6209,1.2997884929012415e-05
5652,689.6934962949999,6.1682,1.2990707970246957e-05
5653,689.8082549310002,5.3168,1.2983644536728401e-05
5654,689.9253904159996,6.5956,1.2976528561728429e-05
5655,690.0431779029987,6.2379,1.2969327583333312e-05
5656,690.16017474,5.8737,1.2962045435000015e-05
5657,690.2785001169996,6.4768,1.2954829603580231e-05
5658,690.3989944999994,6.2799,1.2947467487839487e-05
5659,690.5150472999994,5.6706,1.2940067829567964e-05
5660,690.6296324269988,5.6768,1.2932917108271591e-05
5661,690.7453286749987,6.3665,1.2925830286728374e-05
5662,690.861974468,6.2593,1.2918700694567915e-05
5663,690.9771194699988,6.0675,1.2911507627654323e-05
5664,691.0945613969998,5.7144,1.2904403898024769e-05
5665,691.2095718929995,5.8535,1.2897134050987724e-05
5666,691.3252517860001,6.1417,1.2890043270308638e-05
5667,691.4411234669988,6.086,1.288289362641979e-05
5668,691.559041175,7.1293,1.2875754570987724e-05
5669,691.6756378829996,6.1579,1.2868479812963036e-05
5670,691.7912827199998,5.0279,1.2861266537098837e-05
5671,691.9102149449991,6.1235,1.285412388901236e-05
5672,692.0255164669998,5.5783,1.2846722436049424e-05
5673,692.1419839150003,6.6499,1.2839672731666657e-05
5674,692.2610328769988,6.0742,1.283241457395069e-05
5675,692.3754730889996,6.5316,1.2825146208395066e-05
5676,692.4939566039993,6.3459,1.2818075722469209e-05
5677,692.606375026,5.4713,1.281077063407411e-05
5678,692.7237452529989,6.7,1.280382400055557e-05
5679,692.8420619089993,6.1583,1.2796566858333331e-05
5680,692.9598224349993,5.4831,1.278927622759264e-05
5681,693.0762105510003,4.7233,1.2781995494012371e-05
5682,693.1931601790002,6.2976,1.2774808703456814e-05
5683,693.3123886329995,6.6023,1.2767599610926012e-05
5684,693.428972533,6.173,1.2760250014135849e-05
5685,693.5448345160003,6.6848,1.2752983942530894e-05
5686,693.6626174920002,6.5571,1.2745899156419755e-05
5687,693.77822036,5.8544,1.2738638709321027e-05
5688,693.8943336599987,6.5357,1.2731491363827241e-05
5689,694.0038528469995,6.3593,1.2724332857654382e-05
5690,694.120876596,6.3774,1.2717574093518508e-05
5691,694.238106458999,6.0436,1.2710348377963054e-05
5692,694.3551838229996,4.7141,1.2703106069876625e-05
5693,694.4738553259995,6.4484,1.2695868960061736e-05
5694,694.591032327,6.1825,1.2688564853950668e-05
5695,694.7059125349988,5.4203,1.2681328128333403e-05
5696,694.8206112539992,5.8711,1.2674238094012385e-05
5697,694.9355601110001,6.3188,1.266715008654321e-05
5698,695.0507166850002,5.6444,1.266005680814813e-05
5699,695.1678072169998,6.727,1.2652944069012407e-05
5700,695.2828857490003,4.6351,1.2645712001049443e-05
5701,695.3989364070003,5.3908,1.2638583929876608e-05
5702,695.5155448329988,6.1093,1.2631451370308678e-05
5703,695.6310840699989,7.0973,1.2624244889876525e-05
5704,695.7470002419996,6.3981,1.2617125294259324e-05
5705,695.8633633359987,6.4399,1.2609960912592594e-05
5706,695.9768901810003,5.1586,1.2602777228271689e-05
5707,696.091987021,6.2205,1.2595770418950643e-05
5708,696.2085540489988,5.8864,1.2588662104691351e-05
5709,696.3236725930001,5.7647,1.2581479249876548e-05
5710,696.438078580999,5.5143,1.2574362049938342e-05
5711,696.553489345999,5.5949,1.2567250204012431e-05
5712,696.6685465989995,4.8726,1.2560190745617311e-05
5713,696.7842141159999,5.9534,1.2553084538148153e-05
5714,696.902150300999,6.0994,1.2545932047345737e-05
5715,697.0209134769993,6.311,1.2538668290308686e-05
5716,697.136019567999,4.3943,1.2531331164629684e-05
5717,697.2535207649998,5.1992,1.2524069177777758e-05
5718,697.3710368909997,6.6385,1.2516956976666654e-05
5719,697.4864875610001,5.0151,1.2509721429691417e-05
5720,697.6032237170002,6.3235,1.2502451047469177e-05
5721,697.7199625539997,5.0151,1.2495364397716037e-05
5722,697.8357945139996,6.0398,1.2488186374506162e-05
5723,697.9540304780003,6.4378,1.2481000298518586e-05
5724,698.0715471669992,6.7206,1.2473690842592606e-05
5725,698.1877523900002,6.0887,1.2466468541666742e-05
5726,698.2966443730002,6.3643,1.245930261672842e-05
5727,698.4123159749997,5.6951,1.2452585270185174e-05
5728,698.5279847519996,5.945,1.2445432122777778e-05
5729,698.6443831500001,6.9885,1.2438252564382724e-05
5730,698.7541804960001,6.6642,1.2431116143827215e-05
5731,698.8679914240001,5.8382,1.2424335696790158e-05
5732,698.9824961579998,4.5653,1.2417306496234593e-05
5733,699.0990345129994,5.6396,1.2410256454506209e-05
5734,699.2077381290001,6.9938,1.2403050455308696e-05
5735,699.3218430939996,6.6978,1.2396356495864219e-05
5736,699.4379163079993,6.0483,1.238924658401236e-05
5737,699.5545201629993,6.4099,1.2382130219197575e-05
5738,699.6737513520002,5.2674,1.2374868877963041e-05
5739,699.790176253,6.0289,1.236757951808647e-05
5740,699.9064163799994,6.3137,1.236038645358023e-05
5741,700.0234180770003,6.2518,1.2353202860123458e-05
5742,700.1383332719997,5.5128,1.2345996273641975e-05
5743,700.2542855020001,5.5031,1.23388731630247e-05
5744,700.3709539789998,6.9455,1.2331732373456845e-05
5745,700.4870368669999,5.4046,1.2324528108333371e-05
5746,700.6019719710002,5.4128,1.2317376276790204e-05
5747,700.7171292940002,5.744,1.2310272595617295e-05
5748,700.8328908909989,6.1943,1.2303110391296374e-05
5749,700.947251530999,5.2087,1.229602338839509e-05
5750,701.0619104769994,5.5269,1.228895875944444e-05
5751,701.1764629089994,5.3042,1.2281888790802454e-05
5752,701.2933990949987,6.1991,1.2274731207777828e-05
5753,701.411735067999,6.4916,1.2267601392592648e-05
5754,701.5335915279993,7.0009,1.2260293399259343e-05
5755,701.6504250529997,5.7085,1.2252751532592633e-05
5756,701.7656136869991,5.5444,1.2245543591358044e-05
5757,701.878813936999,5.3062,1.223844680469135e-05
5758,701.9959169859994,7.1073,1.2231447434012384e-05
5759,702.1113185109989,5.1896,1.222423785432107e-05
5760,702.227569007,6.0759,1.2217096129567985e-05
5761,702.3429585599988,5.6887,1.2209940315370421e-05
5762,702.4617948019986,6.304,1.2202805390123462e-05
5763,702.5762291709998,5.8256,1.219547265172844e-05
5764,702.6852738439993,6.4331,1.2188405428888911e-05
5765,702.8016554099995,6.1851,1.2181674953765503e-05
5766,702.9178512879989,5.4008,1.2174500349197549e-05
5767,703.0331676039987,6.5443,1.2167322373271634e-05
5768,703.1493417639995,6.0001,1.216019377876544e-05
5769,703.2661027550002,6.1269,1.2153019450308623e-05
5770,703.3817001469997,5.8567,1.2145806896605005e-05
5771,703.4995692039993,6.7674,1.2138660497037024e-05
5772,703.6148752579993,5.6999,1.2131408414629674e-05
5773,703.7319949239991,6.2254,1.212422338481488e-05
5774,703.8479712989993,5.7688,1.2117067554567884e-05
5775,703.9651487979991,6.6131,1.210989910277785e-05
5776,704.080339483,6.1907,1.2102669539938317e-05
5777,704.1967092809991,6.0752,1.2095553843580237e-05
5778,704.312917837,6.2472,1.2088378388580279e-05
5779,704.4293076859994,6.758,1.208121398493836e-05
5780,704.5463966379994,6.3121,1.2074015791790156e-05
5781,704.6606945259991,6.5154,1.2066804539259286e-05
5782,704.7784739479994,6.3663,1.2059729934321078e-05
5783,704.8937787799987,5.8375,1.2052462511604928e-05
5784,705.009495332999,6.0866,1.2045342835555611e-05
5785,705.1267351879997,5.7985,1.203820030043208e-05
5786,705.2429675639996,6.1773,1.203097901666667e-05
5787,705.35274398,6.5086,1.2023793336049472e-05
5788,705.4691010999995,5.1149,1.2017022404938255e-05
5789,705.5837342209998,6.2928,1.200982750567905e-05
5790,705.6975206320003,6.1121,1.2002759655308721e-05
5791,705.811668291999,5.9021,1.1995731379876568e-05
5792,705.9284745179993,5.9967,1.1988676152654372e-05
5793,706.0439694739998,6.1083,1.198147994395062e-05
5794,706.160083544999,6.8211,1.1974339858148193e-05
5795,706.2767313859986,5.2982,1.1967161257283987e-05
5796,706.3935840180002,6.2586,1.1959976280555613e-05
5797,706.5088535659997,5.7843,1.195277125296298e-05
5798,706.6223944499998,6.1953,1.1945642695987707e-05
5799,706.7320615030003,6.4993,1.1938615335432107e-05
5800,706.8461633019997,4.2961,1.1931882549691375e-05
5801,706.956973892,6.4596,1.1924836080555635e-05
5802,707.0710898340003,5.846,1.191799359746918e-05
5803,707.1904884180003,5.4612,1.1910915905802516e-05
5804,707.3074640609993,4.9194,1.190356802117285e-05
5805,707.4236150790002,6.268,1.1896356429382715e-05
5806,707.5387130910003,6.4554,1.1889176248580247e-05
5807,707.6569215029995,6.8867,1.1882071981049363e-05
5808,707.7730303930002,5.8888,1.1874781231172838e-05
5809,707.8928400129989,6.7812,1.1867615457222202e-05
5810,708.0071785089985,4.9529,1.1860210471543243e-05
5811,708.1243890829992,6.9672,1.1853149247530899e-05
5812,708.241152921999,5.8638,1.1845895017283993e-05
5813,708.3556092549989,6.1199,1.183871625845684e-05
5814,708.470362873999,6.3994,1.1831630334197512e-05
5815,708.5847029149991,6.3108,1.1824568873641995e-05
5816,708.7041757110001,5.874,1.1817498241481517e-05
5817,708.8141628180001,5.9475,1.1810133811666695e-05
5818,708.929046666999,5.9377,1.180335462975316e-05
5819,709.0459579090002,6.0496,1.179624532827162e-05
5820,709.1601121599997,5.5659,1.178904552351856e-05
5821,709.2746936949989,5.9298,1.1781985248086403e-05
5822,709.3885301760001,6.4395,1.1774855396666729e-05
5823,709.5073650969989,6.7141,1.1767882343703695e-05
5824,709.6217991559988,6.0037,1.1760556137962992e-05
5825,709.7372280419986,4.851,1.1753482474814853e-05
5826,709.8548523209993,6.923,1.1746374619506239e-05
5827,709.9684500499989,5.5606,1.173897510166665e-05
5828,710.0836694619993,6.6844,1.1732085879506217e-05
5829,710.1989537099998,5.185,1.1724939183086465e-05
5830,710.3134957330003,4.5361,1.1717858953395117e-05
5831,710.4250548330001,4.8015,1.1710798286111091e-05
5832,710.5415073099994,6.1112,1.1703878083950643e-05
5833,710.6575130419988,7.1104,1.1696707685185199e-05
5834,710.7737259829992,6.0977,1.1689416232901313e-05
5835,710.8898398239999,6.5447,1.1682368224629713e-05
5836,711.0076129729987,5.778,1.1675216624444485e-05
5837,711.1183536749995,6.2475,1.1667811825679037e-05
5838,711.2316960110002,5.3665,1.1661122913024702e-05
5839,711.3522089859998,5.7755,1.1654102178642045e-05
5840,711.4667986479999,6.3173,1.1646684895740805e-05
5841,711.5807446199997,5.9813,1.163959536765431e-05
5842,711.6963761509996,6.0196,1.163257472697532e-05
5843,711.8185496779988,5.7073,1.162543042746912e-05
5844,711.9352067429991,6.6228,1.1617876824506152e-05
5845,712.0498368909994,6.0033,1.1610682398888884e-05
5846,712.1623347819987,6.2168,1.1603606163580255e-05
5847,712.2809797539994,6.5947,1.1596673003024744e-05
5848,712.3959820479995,6.8525,1.15893336924692e-05
5849,712.5108590899999,6.1816,1.1582246531666718e-05
5850,712.622860771,5.7074,1.1575164692592605e-05
5851,712.738318157999,5.9142,1.1568243541481554e-05
5852,712.8519897829992,4.4887,1.1561117228950675e-05
5853,712.966808399,6.104,1.155408368037042e-05
5854,713.0800473130003,5.2468,1.154687349111117e-05
5855,713.1960104399986,6.2662,1.1540014739876587e-05
5856,713.3125535789986,6.4353,1.1532837340864266e-05
5857,713.4284481639988,5.5788,1.1525668505061765e-05
5858,713.5433068089988,5.6383,1.1518512957777771e-05
5859,713.6580602020003,5.3004,1.1511419300864246e-05
5860,713.77504916,5.96,1.1504348579444496e-05
5861,713.8899983449992,5.9948,1.1497083609321052e-05
5862,714.0087514839997,6.4211,1.1490019557160492e-05
5863,714.1237455039991,6.1138,1.1482545952962991e-05
5864,714.241032128999,5.8073,1.1475561336358031e-05
5865,714.3494932379999,7.1063,1.1468355146666742e-05
5866,714.4650015919997,6.0414,1.146163976209883e-05
5867,714.5809259769994,6.408,1.1454513030308634e-05
5868,714.6949867219992,6.5139,1.1447379932592583e-05
5869,714.8114594649996,6.0899,1.1440340462716082e-05
5870,714.9274974499986,6.6787,1.1433063200000016e-05
5871,715.0428097069998,6.5579,1.1425977557839562e-05
5872,715.1608521599992,6.2996,1.1418862200926016e-05
5873,715.2763397749986,4.7877,1.1411518303518537e-05
5874,715.3920848029993,5.8379,1.1404449294814862e-05
5875,715.5074174639994,5.7402,1.1397269647222297e-05
5876,715.6170947939991,6.8886,1.1390185934753145e-05
5877,715.7355706919989,6.2931,1.1383415263086405e-05
5878,715.8532792599999,6.4714,1.1376107284567983e-05
5879,715.9674756069999,6.1122,1.1368840449135803e-05
5880,716.0835676079987,5.5147,1.136177670475308e-05
5881,716.1969454760001,5.3197,1.13546161315432e-05
5882,716.3113892969996,6.0759,1.1347628035123476e-05
5883,716.4235272599999,2.8912,1.1340555402839525e-05
5884,716.5415001900001,6.881,1.1333621244506232e-05
5885,716.6548350859994,5.4919,1.1326279556851882e-05
5886,716.7710062739989,5.8792,1.1319351293209873e-05
5887,716.8855453109991,5.95,1.1312080700493843e-05
5888,716.999494411999,6.0444,1.130511117722226e-05
5889,717.1146340239993,6.6074,1.1298077061975376e-05
5890,717.2303951430004,5.8886,1.1290953972716068e-05
5891,717.3461715229987,5.8948,1.128382445401235e-05
5892,717.4585518389995,5.9893,1.1276695149629713e-05
5893,717.5746365839987,6.7033,1.1269738912160505e-05
5894,717.6896761110002,5.0624,1.126257604888889e-05
5895,717.805531942,3.9727,1.1255463146358069e-05
5896,717.9232584679994,5.9993,1.1248175583024684e-05
5897,718.0393634699994,5.4761,1.1241000019814846e-05
5898,718.1556094019998,6.1632,1.1233873970000048e-05
5899,718.2708482079997,5.1147,1.122672036043213e-05
5900,718.3860582559992,6.2364,1.121950443672839e-05
5901,718.5004841729988,5.098,1.1212490444197526e-05
5902,718.6138665649996,5.8719,1.1205409762716034e-05
5903,718.7309794390003,6.5075,1.1198430061975296e-05
5904,718.8455192259989,4.3411,1.1191193218271595e-05
5905,718.9594571589987,6.4256,1.1184116169012366e-05
5906,719.0762563480002,5.7529,1.1177085542283994e-05
5907,719.1927159269999,6.3428,1.1169884546728404e-05
5908,719.3063678010003,4.7954,1.1162668917469193e-05
5909,719.4232681759986,6.5376,1.1155635503024698e-05
5910,719.541690561,6.9201,1.114845296888896e-05
5911,719.6586639420002,5.8624,1.1141160328086498e-05
5912,719.7743348980002,5.5318,1.1133934066358031e-05
5913,719.8920153279996,5.8699,1.1126791821481541e-05
5914,720.008226639,6.3099,1.1119520849382709e-05
5915,720.1270324969992,6.0525,1.111235616154323e-05
5916,720.2458979759995,6.3824,1.1105011380802499e-05
5917,720.3595408839992,5.7296,1.1097688794074156e-05
5918,720.4766064649993,6.7824,1.1090663823580244e-05
5919,720.596098783999,6.8355,1.1083439901728448e-05
5920,720.7124057860001,6.1962,1.1076070360185226e-05
5921,720.8297677409992,5.7642,1.1068879512160585e-05
5922,720.9402823439996,6.5617,1.1061635474444514e-05
5923,721.0588246019997,5.8426,1.1054831625185253e-05
5924,721.1752084839991,5.8937,1.1047362647963e-05
5925,721.2898827369991,5.7995,1.1040322677777843e-05
5926,721.4062593709987,5.3298,1.103323879919757e-05
5927,721.5220244259999,6.0256,1.1026055048827244e-05
5928,721.6363023679987,5.1119,1.1018881706296368e-05
5929,721.7512904369996,6.2965,1.10118353584568e-05
5930,721.8683030599987,6.537,1.1004764860308681e-05
5931,721.9849058399996,6.1233,1.0997534284012357e-05
5932,722.1009105379999,6.5535,1.0990335922469181e-05
5933,722.2230889229995,5.0056,1.0983187790061716e-05
5934,722.3383055529994,5.5698,1.0975534289753142e-05
5935,722.4533425319987,6.9,1.096852605746913e-05
5936,722.5699733439997,5.4465,1.0961414254876601e-05
5937,722.6843712259997,5.9391,1.0954224830061715e-05
5938,722.7951620549993,6.4015,1.0947150736975336e-05
5939,722.9115824419987,5.5822,1.094031717679015e-05
5940,723.0261466849988,5.0588,1.093312729981481e-05
5941,723.1423822050001,6.4388,1.0926056905987641e-05
5942,723.2584998940001,5.01,1.091878270012347e-05
5943,723.3742870669994,5.7607,1.0911710413641985e-05
5944,723.4894559999993,6.06,1.0904586703209918e-05
5945,723.6056187369995,5.8343,1.08974310960494e-05
5946,723.7213890989988,5.4702,1.0890298826605005e-05
5947,723.8353736009994,5.1241,1.0883013893580263e-05
5948,723.9498107109994,6.3533,1.087611359290125e-05
5949,724.0645490309998,6.1492,1.0869021352530884e-05
5950,724.1794525360001,3.4291,1.086195008530866e-05
5951,724.2894729399995,6.194,1.0854866779320983e-05
5952,724.4063570629987,6.4123,1.0848052678703752e-05
5953,724.5199536649998,5.7236,1.0840865050679078e-05
5954,724.6339292969988,6.3778,1.083384304469134e-05
5955,724.7557605900001,6.0866,1.082681392512347e-05
5956,724.871692183,5.8168,1.081928044938279e-05
5957,724.9899486920003,6.05,1.0812120349321025e-05
5958,725.1054333539996,6.7073,1.0804846285679032e-05
5959,725.219118215,6.5353,1.079764821228399e-05
5960,725.3362096239998,6.3664,1.079068533802467e-05
5961,725.4520974499992,5.5738,1.0783465681111182e-05
5962,725.5660676759999,5.7023,1.0776311172222214e-05
5963,725.6823928949998,5.32,1.0769271817345706e-05
5964,725.7975307409997,6.2334,1.0762101566296346e-05
5965,725.9071590059993,5.9042,1.0754954299629704e-05
5966,726.0241642849996,5.4451,1.0748230623086425e-05
5967,726.141502729999,6.2513,1.0740931785925973e-05
5968,726.2587467119993,5.518,1.0733756330555594e-05
5969,726.374162705999,6.7715,1.0726528890185206e-05
5970,726.4922312819999,5.0684,1.0719392844876546e-05
5971,726.6098014789986,6.915,1.0712105755246965e-05
5972,726.7252242529994,6.6688,1.0704832286172872e-05
5973,726.842436597999,6.2596,1.0697728810061708e-05
5974,726.9579414439995,6.5118,1.0690486830617375e-05
5975,727.0745444229997,6.6406,1.068334957728394e-05
5976,727.1876391669994,5.8891,1.0676164546728411e-05
5977,727.3048989199997,6.0544,1.0669172067469218e-05
5978,727.4205469809986,5.5989,1.0661936195617306e-05
5979,727.5366128099995,6.8532,1.0654810228333312e-05
5980,727.654852231999,5.9204,1.0647501970679063e-05
5981,727.7717351369993,5.9564,1.064034740444444e-05
5982,727.8879612469991,6.4586,1.0633128118703705e-05
5983,728.0065539869993,6.3656,1.0625862812160525e-05
5984,728.1218762919998,6.6939,1.0618631576172888e-05
5985,728.2366824919991,5.3595,1.0611512472592656e-05
5986,728.3515866999987,4.0456,1.0604410440185203e-05
5987,728.4672125319994,6.2422,1.0597331650246983e-05
5988,728.5827478219999,6.9263,1.0590112958148152e-05
5989,728.7004720929999,5.598,1.0583063858148196e-05
5990,728.8214150650001,6.0922,1.0575797361419815e-05
5991,728.9397692309994,6.623,1.0568335852037114e-05
5992,729.0577820729995,6.164,1.0561017369753157e-05
5993,729.173356420999,6.6848,1.0553671558148237e-05
5994,729.288158764999,6.7443,1.0546588268703705e-05
5995,729.4071736240003,6.1858,1.0539505541975342e-05
5996,729.5227097759998,5.2704,1.053216380129633e-05
5997,729.6405838029987,6.112,1.0525031875555596e-05
5998,729.7554801529986,5.6295,1.0517748478395122e-05
5999,729.8718805039989,5.9207,1.0510659454938283e-05
6000,729.9873805719999,6.0377,1.0503484853395128e-05
6001,730.1070829229993,6.1791,1.0496370375493835e-05
6002,730.2262675959992,6.2789,1.0488960612037096e-05
6003,730.3419118599995,5.7471,1.048159626469144e-05
6004,730.4569853279991,5.5996,1.0474455628395114e-05
6005,730.5719056889993,6.5332,1.0467344565987659e-05
6006,730.6879825689994,5.2442,1.0460255334259339e-05
6007,730.8058684159987,6.1812,1.0453095371296379e-05
6008,730.9207959699997,5.9711,1.0445818502037041e-05
6009,731.035218777999,4.0624,1.0438748750000089e-05
6010,731.1532624639985,6.2648,1.04316679393827e-05
6011,731.2706288419995,5.5278,1.0424394353209927e-05
6012,731.387351501,5.9235,1.0417039843209919e-05
6013,731.5010636649986,5.852,1.040993776919757e-05
6014,731.6172073199996,5.1402,1.0402913079259308e-05
6015,731.7342079949995,7.0125,1.0395738094012353e-05
6016,731.8501316019992,5.3327,1.0388526038209927e-05
6017,731.9660883139986,5.7327,1.0381376234074063e-05
6018,732.0834186289994,6.1504,1.0374149224999984e-05
6019,732.200093075,6.0257,1.0366973023950621e-05
6020,732.3147311639987,6.1401,1.0359772570308685e-05
6021,732.4292711329999,6.3411,1.0352689989197612e-05
6022,732.5452688429996,6.1059,1.0345600554197565e-05
6023,732.6601256359991,4.3419,1.0338468371358062e-05
6024,732.7760212199992,6.4977,1.033137596401233e-05
6025,732.8921962639997,6.6283,1.0324218768765481e-05
6026,733.003535369,6.1472,1.0316898532530866e-05
6027,733.1185420789989,4.3608,1.0310183104567934e-05
6028,733.2343400699992,5.7509,1.0303050450617357e-05
6029,733.3517375800002,5.9511,1.0295935034012327e-05
6030,733.469487508999,6.0116,1.0288547611111154e-05
6031,733.5862510529987,6.8841,1.0281413202469203e-05
6032,733.7025785690003,6.2047,1.027415315111116e-05
6033,733.819083114,5.9775,1.0267040809259343e-05
6034,733.9372621379989,6.139,1.0259709911851927e-05
6035,734.0564785280003,6.2083,1.0252535402777774e-05
6036,734.170767091,5.7851,1.0245173841419759e-05
6037,734.2872047279998,6.2088,1.023811560512345e-05
6038,734.402895412999,6.0404,1.0230923867283992e-05
6039,734.5200712379992,5.5154,1.0223790917284026e-05
6040,734.6379416489999,5.9432,1.021652016209878e-05
6041,734.7557501659994,6.6089,1.0209284335617297e-05
6042,734.8731480779988,5.1921,1.0201868787716096e-05
6043,734.9912161739994,5.7163,1.0194767344259342e-05
6044,735.106423322999,6.6544,1.018746698351853e-05
6045,735.2222623329999,5.9359,1.0180368140925927e-05
6046,735.3371789339999,6.23,1.0173226053888874e-05
6047,735.4535638879988,5.2323,1.0166119186543244e-05
6048,735.5685151629987,6.4581,1.0158930338950623e-05
6049,735.6834703530003,5.7606,1.0151844604506217e-05
6050,735.7999892449989,6.2428,1.0144743671543227e-05
6051,735.9184776089987,6.3697,1.0137552248271604e-05
6052,736.0354956369993,5.9341,1.01302403541976e-05
6053,736.1521362519998,6.4608,1.0123011360185248e-05
6054,736.2695449059993,6.5019,1.011581431456795e-05
6055,736.3790079449991,6.3428,1.010857362820995e-05
6056,736.4935629149986,6.1347,1.010181323141981e-05
6057,736.6098794110003,6.7894,1.009474907296301e-05
6058,736.7267729759988,6.0878,1.0087551281543217e-05
6059,736.8433545070002,6.6092,1.0080345674382724e-05
6060,736.9593109699999,5.8707,1.0073137274753153e-05
6061,737.0782772399998,7.0241,1.0065983618703768e-05
6062,737.1943417469993,6.2085,1.0058640417716031e-05
6063,737.3125777039986,5.9356,1.0051473116851906e-05
6064,737.4288781119994,6.0258,1.004417290228396e-05
6065,737.5448578269989,5.7464,1.0036993310802506e-05
6066,737.6606844059988,5.6662,1.0029844066790178e-05
6067,737.7751311899992,5.4816,1.0022669508580296e-05
6068,737.8907840029988,5.8547,1.0015637272716071e-05
6069,738.0072686570002,6.3713,1.0008498132160583e-05
6070,738.1258013919996,6.7271,1.0001234210987692e-05
6071,738.2416237859998,6.8453,9.993981365493854e-06
6072,738.3567421419993,6.577,9.986819919567896e-06
6073,738.4717069109993,5.9615,9.979735957592684e-06
6074,738.5871670289998,6.4591,9.972624814135884e-06
6075,738.7040267269986,6.3258,9.965497859259332e-06
6076,738.8225788419986,6.2938,9.958281013642018e-06
6077,738.9399759529988,5.892,9.950973623518501e-06
6078,739.0569308769991,5.7535,9.943676445185206e-06
6079,739.1753878979998,6.1283,9.93649311845684e-06
6080,739.2935723350001,6.0697,9.929117118209874e-06
6081,739.4100234189991,6.3179,9.921842706728484e-06
6082,739.5300923429986,6.4764,9.91468129179013e-06
6083,739.6449115979995,5.563,9.90729922691358e-06
6084,739.761861302999,5.77,9.900155458209931e-06
6085,739.8740643519996,5.7592,9.892985931728394e-06
6086,739.9916386530003,5.631,9.886046541543221e-06
6087,740.1110135279996,5.9032,9.878797499938325e-06
6088,740.228231482999,5.9291,9.871432384382805e-06
6089,740.3459708669998,6.2662,9.864190940617263e-06
6090,740.4629118140001,6.5116,9.856926682530931e-06
6091,740.5820827839998,6.0426,9.849722051913652e-06
6092,740.7003764319998,4.5887,9.842361963580326e-06
6093,740.8163539519992,6.8459,9.834922573888916e-06
6094,740.9350350759996,4.9115,9.827886997901248e-06
6095,741.0445705099992,6.0838,9.820576540555576e-06
6096,741.1588088150002,6.2029,9.813777566975357e-06
6097,741.2750407479998,6.7445,9.806763887777771e-06
6098,741.3896639839986,5.8965,9.799448384321047e-06
6099,741.5051468059992,6.4475,9.792503712284023e-06
6100,741.621394931999,6.0581,9.785396218765436e-06
6101,741.7382311469992,5.505,9.778202861111092e-06
6102,741.8541568,5.0158,9.770992561851938e-06
6103,741.9735413919989,6.2638,9.76385165413578e-06
6104,742.0900501300002,6.7012,9.75641533382719e-06
6105,742.2068752129999,4.3805,9.74928286697529e-06
6106,742.3236177409999,6.298,9.74204376444448e-06
6107,742.4425651059992,6.1209,9.734858304753087e-06
6108,742.5573778119997,6.749,9.727388484753075e-06
6109,742.6749170410003,6.1359,9.720435247716098e-06
6110,742.7909152829998,5.8633,9.713177311975336e-06
6111,742.9101492819991,6.0252,9.70602216314816e-06
6112,743.0289341389998,6.1064,9.698652155185179e-06
6113,743.1456866429999,5.425,9.691327099814807e-06
6114,743.2631955380002,6.435,9.684114601975386e-06
6115,743.3798576139998,6.1128,9.676860735740822e-06
6116,743.4944223699986,5.3214,9.669588000740786e-06
6117,743.6100098850002,7.0047,9.66258770555562e-06
6118,743.7259709279988,6.2997,9.655455946666747e-06
6119,743.8415466770002,6.4908,9.648296067098832e-06
6120,743.9569248970001,5.1124,9.641165828703764e-06
6121,744.0717016959989,5.3983,9.634043005987709e-06
6122,744.1875828569991,6.2705,9.626934580000024e-06
6123,744.304198496,6.9622,9.619793706975361e-06
6124,744.4220889299995,6.8539,9.612469828518533e-06
6125,744.5366849439997,4.6951,9.605320392098787e-06
6126,744.652000394999,6.4026,9.598230699259236e-06
6127,744.7650495369999,5.9361,9.591133051172835e-06
6128,744.8826547959998,5.6166,9.584150352037019e-06
6129,744.9977458699996,5.8147,9.576893834259249e-06
6130,745.1161073969997,6.2815,9.569788783703726e-06
6131,745.2336826270002,6.5129,9.562483135740774e-06
6132,745.3494004969998,5.9846,9.555214683518505e-06
6133,745.4665723010003,6.2049,9.54807358808646e-06
6134,745.5849008799996,6.4517,9.540863759753105e-06
6135,745.7025705969991,6.7805,9.533410148765426e-06
6136,745.8194078149991,5.9667,9.526290818086503e-06
6137,745.9379974639996,5.5374,9.519077848271657e-06
6138,746.0524991619986,6.6798,9.511760566234601e-06
6139,746.168174077,6.3717,9.5046765992593e-06
6140,746.2857213039988,5.8176,9.497555835925908e-06
6141,746.4017129040003,6.2976,9.490306710802454e-06
6142,746.5169712179995,6.62,9.483129979876531e-06
6143,746.6350030009999,6.7727,9.476016055061766e-06
6144,746.750071561999,6.4213,9.468730859567971e-06
6145,746.869663341,5.7751,9.461570039753093e-06
6146,746.9851020349997,5.52,9.454224482345764e-06
6147,747.1034216030002,5.1573,9.447095540802559e-06
6148,747.2180886200003,6.3356,9.439799302592606e-06
6149,747.3322942579998,5.8601,9.432730770802461e-06
6150,747.4488372389987,6.2411,9.425692503888889e-06
6151,747.5666852300001,6.2281,9.418489193765507e-06
6152,747.683138086999,6.7098,9.411215747407448e-06
6153,747.7983014269994,6.8287,9.404024162654367e-06
6154,747.9167782219993,6.3989,9.396917603395128e-06
6155,748.0320521100002,7.2556,9.389470164753084e-06
6156,748.1507365819998,6.5867,9.38245482820992e-06
6157,748.2667128679986,5.0738,9.375169591481542e-06
6158,748.3816045209987,5.0995,9.367990774259322e-06
6159,748.4994185609994,5.4562,9.36091151574079e-06
6160,748.6150093340002,5.2314,9.353640591666646e-06
6161,748.7315399709987,5.7042,9.346508571172846e-06
6162,748.8458736049997,5.7879,9.339305328209925e-06
6163,748.9631150419991,6.8018,9.332247262345733e-06
6164,749.0808429729987,5.9639,9.3249901499383e-06
6165,749.1979310219995,5.6832,9.31774290006177e-06
6166,749.3124037969992,5.3146,9.310511591790184e-06
6167,749.4276688439986,6.8443,9.303446652839504e-06
6168,749.544043595999,5.9951,9.296326964321012e-06
6169,749.6597556689994,6.2571,9.289153687901308e-06
6170,749.7761312889997,6.2661,9.28199689919758e-06
6171,749.8908710819996,5.9059,9.274792867963022e-06
6172,750.0082150439994,6.6541,9.2677325646297e-06
6173,750.1249118679989,6.4996,9.260508472222268e-06
6174,750.241880444999,5.8953,9.253291023148147e-06
6175,750.3565007179986,6.7982,9.246087032530948e-06
6176,750.4735157349987,5.9348,9.239003096358101e-06
6177,750.5884386199996,5.5976,9.231777611049425e-06
6178,750.6988137070002,6.4534,9.224677677098775e-06
6179,750.8165361179999,5.2667,9.21788211987663e-06
6180,750.934642967999,6.0427,9.210602526975299e-06
6181,751.0541604629998,7.0221,9.203321250555591e-06
6182,751.1726003739986,5.9695,9.195936372592612e-06
6183,751.2858948419998,5.3467,9.188626133641992e-06
6184,751.399959291999,6.2762,9.18162508061734e-06
6185,751.5128342689986,4.0253,9.174575181604955e-06
6186,751.6272569590001,5.2443,9.167615592901307e-06
6187,751.7424602499996,6.0603,9.160555362901214e-06
6188,751.860712452999,5.893,9.153457236049384e-06
6189,751.9762697280003,4.9143,9.146153192037044e-06
6190,752.0918766510003,7.0177,9.13902102283951e-06
6191,752.2076831739996,5.3366,9.131874967901305e-06
6192,752.3228944469993,6.4697,9.124733507098854e-06
6193,752.4392147449998,5.8836,9.117627025555597e-06
6194,752.5540890069988,6.6035,9.110446833703779e-06
6195,752.6721339199994,5.8282,9.103355332160535e-06
6196,752.7885783499987,6.4882,9.096062129197597e-06
6197,752.905584655,6.441,9.08888799388894e-06
6198,753.0217403329989,6.4158,9.08165355197536e-06
6199,753.1325379319987,6.0425,9.074481544938312e-06
6200,753.248290010999,5.5818,9.067653913271662e-06
6201,753.3658808290002,6.4068,9.060495850061795e-06
6202,753.482427081999,5.9929,9.053248028765466e-06
6203,753.5983749459992,6.834,9.046045277345688e-06
6204,753.715007105,6.6597,9.038883887654343e-06
6205,753.8298570169991,5.4402,9.031683294506255e-06
6206,753.9464257489999,6.4982,9.02460114617284e-06
6207,754.0618533420002,6.8694,9.017404257098783e-06
6208,754.1766764799995,5.5947,9.01027989067907e-06
6209,754.296531988999,6.3519,9.003192692407425e-06
6210,754.4120195630003,5.9109,8.995775119506162e-06
6211,754.5276746130003,6.9544,8.988649516666692e-06
6212,754.6420462850001,5.0693,8.98151149981481e-06
6213,754.7560540079994,6.4581,8.974461237469173e-06
6214,754.8702159129989,5.7507,8.967413478333326e-06
6215,754.990303773,5.734,8.960378481172898e-06
6216,755.1056490899991,5.8407,8.952971642716135e-06
6217,755.2201301929999,5.1047,8.945849131666734e-06
6218,755.3375541149999,6.2657,8.93877412098767e-06
6219,755.4541665609995,5.957,8.931535932654327e-06
6220,755.5707842390002,6.3889,8.924212699753131e-06
6221,755.6858761530002,5.4494,8.917135506296326e-06
6222,755.805253556,6.1154,8.910006638333368e-06
6223,755.920087954999,6.116,8.902652922716126e-06
6224,756.0345512120002,5.1696,8.895560628333344e-06
6225,756.151528163,5.7491,8.888500309814823e-06
6226,756.2686385479992,5.8196,8.881281143209924e-06
6227,756.3869507339987,6.2523,8.873931434691369e-06
6228,756.5035304639987,5.9629,8.866765129629623e-06
6229,756.6196628259986,6.4679,8.85956227135803e-06
6230,756.7359492269989,6.4044,8.85235392802472e-06
6231,756.8530450339986,5.9644,8.845222904135792e-06
6232,756.968288263999,5.6838,8.837978329382752e-06
6233,757.0854521929996,6.2504,8.83087844851852e-06
6234,757.204030416,6.4463,8.823607274691403e-06
6235,757.3222129949991,6.8361,8.816312571790137e-06
6236,757.4383029869987,6.3433,8.809029993086416e-06
6237,757.5532174679993,5.9874,8.801866803395131e-06
6238,757.6671201549998,5.6461,8.794763441049403e-06
6239,757.7833304830001,6.0465,8.787724321975337e-06
6240,757.8958396319995,5.144,8.780559146790201e-06
6241,758.0125939769987,6.6738,8.773611788395069e-06
6242,758.1284964449987,5.5758,8.766414736419843e-06
6243,758.2439402429991,5.3855,8.759251509012373e-06
6244,758.3590369699996,6.493,8.752131348580328e-06
6245,758.4768610039991,6.6224,8.745018375185271e-06
6246,758.5946256389998,6.6381,8.737756211666697e-06
6247,758.7119482899998,6.0098,8.730490977530865e-06
6248,758.8283239479988,6.5128,8.72323885197529e-06
6249,758.9449888479994,5.7469,8.716058962654306e-06
6250,759.0610362320003,5.6886,8.708853060123507e-06
6251,759.1773717229989,6.6558,8.701684692592654e-06
6252,759.2941591649997,4.6277,8.69450677253093e-06
6253,759.4144826569991,6.3417,8.687295393271633e-06
6254,759.5304007399991,5.8298,8.679873817530921e-06
6255,759.6458620609992,6.3567,8.672685553024674e-06
6256,759.7624487119992,4.9785,8.665597310185224e-06
6257,759.8800365730003,7.1928,8.658381772160572e-06
6258,759.9971253309996,6.7385,8.651132647839494e-06
6259,760.1154396689999,6.6279,8.643913767222283e-06
6260,760.232270466,5.8049,8.636485402345707e-06
6261,760.3496963090001,6.459,8.629391853209884e-06
6262,760.4662299089996,5.7366,8.6220112148148e-06
6263,760.5825796379995,6.1301,8.614914736358009e-06
6264,760.7021966859993,6.3319,8.607756389444521e-06
6265,760.820469373999,5.4916,8.600381462283957e-06
6266,760.9367849680002,6.2378,8.59308127067907e-06
6267,761.0531636469987,4.8473,8.585888763024774e-06
6268,761.170358034,7.112,8.57872504703709e-06
6269,761.2845250999999,6.516,8.571464136851848e-06
6270,761.4014291329986,6.542,8.564437840679018e-06
6271,761.5149890470002,5.4413,8.557233379259306e-06
6272,761.6303373499995,6.1856,8.550206884135858e-06
6273,761.7459081469988,5.2552,8.54308244839513e-06
6274,761.8570736689999,6.6472,8.535937762592621e-06
6275,761.9747315719997,7.2162,8.529095159938266e-06
6276,762.0883814480003,6.221,8.52183663851851e-06
6277,762.2041316049999,6.5719,8.514807650864199e-06
6278,762.3194129160001,6.4566,8.507671216604962e-06
6279,762.435288282999,6.138,8.500416340493871e-06
6280,762.5505098349986,7.0064,8.493409595061796e-06
6281,762.6670146069991,6.4318,8.486280354074082e-06
6282,762.7830994340002,6.603,8.479078596049444e-06
6283,762.8991896239986,6.6317,8.471936270123504e-06
6284,763.0141495489988,3.6348,8.46476356660495e-06
6285,763.1325120379988,6.3655,8.457616014259284e-06
6286,763.2475598669989,6.8541,8.45034645555564e-06
6287,763.3589257399999,6.619,8.443197398950652e-06
6288,763.4749022059987,5.506,8.43639402975312e-06
6289,763.5923279069993,6.7526,8.429216376790117e-06
6290,763.709236015,6.6056,8.421987373703705e-06
6291,763.8262161429993,5.2304,8.414760900247004e-06
6292,763.9411179339986,7.42,8.40740090919761e-06
6293,764.0577054219993,6.4374,8.400438250555565e-06
6294,764.1749757119997,5.5933,8.39325393987655e-06
6295,764.2930101099992,6.4916,8.38600004907406e-06
6296,764.4110264249994,6.7005,8.378730402777768e-06
6297,764.528226466,5.0236,8.371440649938294e-06
6298,764.642778604999,6.3981,8.364215432222273e-06
6299,764.7579862549992,5.3671,8.357120924629608e-06
6300,764.8739462819995,6.782,8.35003122925931e-06
6301,764.9914116439995,5.889,8.342863461481481e-06
6302,765.1066601909988,4.5777,8.335605209321007e-06
6303,765.2235585769995,6.2713,8.328505905123456e-06
6304,765.3415053129993,6.5014,8.321277072407407e-06
6305,765.4595480039989,5.2699,8.314007497098752e-06
6306,765.575087019999,6.4859,8.306715320678999e-06
6307,765.6898416610002,5.8674,8.299596120925995e-06
6308,765.8041515519999,6.1376,8.292502955679015e-06
6309,765.9210325019994,6.31,8.285423159691447e-06
6310,766.0318608809994,6.031,8.278232214197601e-06
6311,766.1503629239996,7.3357,8.271406804938291e-06
6312,766.2672625719988,6.0286,8.264075833148139e-06
6313,766.377574606,6.6866,8.256844970740724e-06
6314,766.4943654559993,6.2435,8.250050911172836e-06
6315,766.6120127409995,6.6377,8.242845649629649e-06
6316,766.7264027879992,5.2747,8.23558008419757e-06
6317,766.8439327309989,6.9592,8.22852122432104e-06
6318,766.9610625610003,6.4105,8.22125215370379e-06
6319,767.0767869179999,6.2145,8.214035785555591e-06
6320,767.1955300110003,6.2965,8.206875909259277e-06
6321,767.3100175769996,5.9553,8.199549044567878e-06
6322,767.4243920560002,5.9303,8.192490583395073e-06
6323,767.5374263960002,4.8957,8.185417959691366e-06
6324,767.6536359089987,4.8302,8.178411876049407e-06
6325,767.7627493669988,6.028,8.171151921666741e-06
6326,767.880551545999,6.8204,8.164559439197594e-06
6327,768.003745005999,6.1882,8.157284590679077e-06
6328,768.121066148,6.6242,8.149667502901276e-06
6329,768.2379915579986,6.1153,8.142422115740744e-06
6330,768.3547521029996,6.0854,8.135216219938297e-06
6331,768.4723816309997,6.7244,8.127994841049403e-06
6332,768.5918938349987,5.522,8.12074222333335e-06
6333,768.7091244759995,5.4758,8.11335845549388e-06
6334,768.8247226189997,6.3083,8.106129474382768e-06
6335,768.9424243929989,6.8026,8.098973474506249e-06
6336,769.0598270789997,4.6395,8.09172412265441e-06
6337,769.1699113569994,6.2231,8.084469372777808e-06
6338,769.2891033739998,6.5928,8.07768722018521e-06
6339,769.4068680869987,6.9208,8.070329290802547e-06
6340,769.5238255919994,6.0453,8.063059189382754e-06
6341,769.6335274479989,6.3216,8.055826820555573e-06
6342,769.7513594669999,5.3483,8.049073536419794e-06
6343,769.8677742149994,5.8074,8.041778449691445e-06
6344,769.9837872689986,5.4425,8.03459909623463e-06
6345,770.1020326319995,6.6896,8.027409770802479e-06
6346,770.2196634949996,5.9675,8.020004243703793e-06
6347,770.3327894489994,4.5551,8.012883351481532e-06
6348,770.4493408429989,6.5927,8.005844722283989e-06
6349,770.5621813139987,5.8912,7.998698151172845e-06
6350,770.6816907499997,6.6836,7.991709302530942e-06
6351,770.797522244,5.9553,7.984345468024757e-06
6352,770.913137988,5.5853,7.977211946111162e-06
6353,771.0313430509996,5.7388,7.970069714444466e-06
6354,771.1476716050001,5.5404,7.962652798642012e-06
6355,771.2636244869991,5.901,7.955555257222269e-06
6356,771.378866301,5.5769,7.948412156666663e-06
6357,771.494630326999,6.2942,7.941328477592586e-06
6358,771.6083399500003,5.6974,7.934199333765518e-06
6359,771.7226512979996,5.8418,7.927145201851833e-06
6360,771.8389251959998,6.8894,7.92009577160503e-06
6361,771.9566660439996,5.7942,7.91291704611119e-06
6362,772.0739787629991,6.2028,7.905647855000042e-06
6363,772.1891466899997,6.9989,7.898412100926012e-06
6364,772.3055862450001,6.0656,7.891292464691341e-06
6365,772.4173448349993,4.4783,7.88412633549387e-06
6366,772.5322731449996,6.6129,7.877213817777778e-06
6367,772.6471906059996,6.3174,7.870142170432127e-06
6368,772.765597308,6.4526,7.863029841419794e-06
6369,772.8850444700001,5.6419,7.855727555864256e-06
6370,773.0071860909993,6.504,7.848350582716092e-06
6371,773.1220069619994,5.6389,7.840811119753155e-06
6372,773.2407740639992,6.4611,7.833720500679038e-06
6373,773.3573827729997,6.8144,7.826399004567897e-06
6374,773.473154457999,6.5783,7.81921683203704e-06
6375,773.5868871570001,5.2484,7.812050149938316e-06
6376,773.7025713610001,6.4559,7.805019770246896e-06
6377,773.8166186130002,4.9239,7.797891087654341e-06
6378,773.9374790679994,6.5873,7.790801016790173e-06
6379,774.0526486149993,6.3081,7.783353796604936e-06
6380,774.1704801889991,4.9969,7.77627866469135e-06
6381,774.286067858,5.1052,7.768878224197567e-06
6382,774.4026360909993,6.8535,7.761865432592591e-06
6383,774.5173242749988,5.9018,7.754681948950682e-06
6384,774.626440304999,6.8414,7.747608002716028e-06
6385,774.7420132989992,7.0196,7.74087868925933e-06
6386,774.8607939759986,6.3903,7.733723982962965e-06
6387,774.9787954120002,6.0938,7.726399155246977e-06
6388,775.0944424070003,5.2589,7.719110089259245e-06
6389,775.2117016510001,5.981,7.711956922222257e-06
6390,775.3300502189995,5.2356,7.704739552654372e-06
6391,775.445446021,6.6274,7.697433614074062e-06
6392,775.5614260189996,6.1323,7.690300794321037e-06
6393,775.6774750429995,6.3215,7.683148336666673e-06
6394,775.7912581559995,5.4859,7.67598348956794e-06
6395,775.9079270049988,5.877,7.668928772098772e-06
6396,776.0245208670003,6.4524,7.661752926419747e-06
6397,776.1406314289998,6.6029,7.654549699444502e-06
6398,776.2547855209996,5.9778,7.647388310123471e-06
6399,776.3716202019987,6.0225,7.640344720679044e-06
6400,776.4884703429998,6.0993,7.63309934425931e-06
6401,776.604225785999,5.3299,7.625922248148132e-06
6402,776.7197861899986,5.7229,7.618774906358017e-06
6403,776.8354932490001,5.9983,7.611616717654385e-06
6404,776.9537734659989,5.1553,7.604492012592629e-06
6405,777.0721817229987,5.7479,7.597185955308666e-06
6406,777.1901869929989,5.9651,7.589883033827244e-06
6407,777.3079848549987,6.6286,7.582605304629664e-06
6408,777.4221642470002,6.5855,7.575331979753153e-06
6409,777.5389843119992,6.1369,7.568292196913573e-06
6410,777.6540739709999,5.7058,7.561077205740796e-06
6411,777.7718643359985,6.6154,7.553974437592665e-06
6412,777.8874712939996,6.7134,7.546702920061771e-06
6413,778.004675524,6.3816,7.539557858888902e-06
6414,778.1188952339999,6.1611,7.532328732345656e-06
6415,778.2349807929986,6.0408,7.525282994444449e-06
6416,778.3508116649991,6.6531,7.518119056975381e-06
6417,778.4675178839989,6.2218,7.510940821543228e-06
6418,778.5790021989997,6.4096,7.50375424296304e-06
6419,778.6984391389997,6.6985,7.496878886481512e-06
6420,778.8163858319986,6.4161,7.489384209320971e-06
6421,778.9347623169997,6.8178,7.482202110246966e-06
6422,779.0534591879987,7.1037,7.474910818765451e-06
6423,779.1700912589986,6.4717,7.4675775177777795e-06
6424,779.289138316999,5.8919,7.460380383580301e-06
6425,779.4056513169999,6.9887,7.453046426913651e-06
6426,779.5215085839991,6.2926,7.445712564753149e-06
6427,779.6354000399988,6.3194,7.4386949975925936e-06
6428,779.749883687,6.7176,7.431669439629668e-06
6429,779.8639501979997,5.2132,7.424601165864181e-06
6430,779.979929662999,6.8315,7.41755516388894e-06
6431,780.0941319409994,6.3622,7.41039507339506e-06
6432,780.2108987350002,6.2369,7.403337809074051e-06
6433,780.330111498999,6.5515,7.396122583024723e-06
6434,780.4447590239997,4.5537,7.388786476296311e-06
6435,780.5599900819998,5.8083,7.3816858464814956e-06
6436,780.6776108089998,6.1029,7.374584796728379e-06
6437,780.794477419,5.8224,7.3673317712346475e-06
6438,780.91325564,7.0044,7.360111445246997e-06
6439,781.0286592609991,5.3145,7.352774099135784e-06
6440,781.143199606,5.2583,7.345650565864198e-06
6441,781.2607400469988,6.2024,7.338560726975291e-06
6442,781.3780002269996,6.695,7.331328489506206e-06
6443,781.4950447169995,6.2996,7.32409706543214e-06
6444,781.6131328179999,6.0908,7.316741527098808e-06
6445,781.7260255599995,4.748,7.309580864382748e-06
6446,781.8415691239989,5.4443,7.302615270185209e-06
6447,781.9568050469989,6.1208,7.295484362222265e-06
6448,782.0705046309995,5.7023,7.288350091851914e-06
6449,782.1859209739996,6.046,7.281345963333424e-06
6450,782.3054543359995,6.9001,7.274229798765447e-06
6451,782.4223575929991,5.5977,7.266828997654323e-06
6452,782.5383204459995,5.8973,7.259628738518609e-06
6453,782.6521936139998,6.2252,7.252466986419787e-06
6454,782.7678774420001,6.3263,7.245432566358007e-06
6455,782.8822452509994,6.0634,7.238281677160491e-06
6456,782.9993817769991,6.3384,7.231238398395068e-06
6457,783.116968074999,6.898,7.2238937090124085e-06
6458,783.2308142169986,5.3592,7.216691174691376e-06
6459,783.3473200560002,5.243,7.2096806146296715e-06
6460,783.4621890830003,5.6141,7.202528759876543e-06
6461,783.5758589349989,5.9592,7.195449746790206e-06
6462,783.6904471669986,6.4414,7.188428256851898e-06
6463,783.8098608869986,6.1713,7.18135952709878e-06
6464,783.9285841959991,6.7349,7.173917368888878e-06
6465,784.0459920479989,6.6476,7.166661820061721e-06
6466,784.1604930819994,5.3425,7.159368349012418e-06
6467,784.2808963049993,5.739,7.152285197160518e-06
6468,784.3965711099991,5.5877,7.144791546543273e-06
6469,784.5173530199991,6.8902,7.137750311234592e-06
6470,784.6329112429994,6.1572,7.130303293086421e-06
6471,784.7518556989999,5.7472,7.12317214203711e-06
6472,784.8703220489988,6.3623,7.11583468425926e-06
6473,784.9858769619987,7.2031,7.108519859135793e-06
6474,785.102226166,6.4735,7.1013697422839865e-06
6475,785.2206378079991,6.1731,7.094186921913654e-06
6476,785.3386977039991,5.7989,7.0868995900617185e-06
6477,785.4590501269995,5.0898,7.079475683395115e-06
6478,785.5729634689997,5.4263,7.072180216419827e-06
6479,785.6827722990001,6.7667,7.0651372601235e-06
6480,785.7986852659997,5.7319,7.058388514567949e-06
6481,785.9145030649997,5.3689,7.0512172416049515e-06
6482,786.0304998869997,6.0945,7.044056555432127e-06
6483,786.1483868839987,6.6419,7.0368650783951105e-06
6484,786.2662603049994,6.5261,7.029624725061729e-06
6485,786.3829570059988,5.5651,7.02237100512354e-06
6486,786.501697325999,6.6455,7.0150724757408135e-06
6487,786.6197727210001,5.6109,7.007805393518596e-06
6488,786.7364610139994,5.5968,7.00052223901243e-06
6489,786.8553701000001,6.0097,6.99320054783949e-06
6490,786.9724427879992,6.0667,6.985986795432187e-06
6491,787.0898892160003,6.383,6.97862938104944e-06
6492,787.2051944399991,6.2669,6.971503747469155e-06
6493,787.3221931190001,5.0931,6.964379529259241e-06
6494,787.439513895999,6.479,6.957159432901261e-06
6495,787.556911190999,5.8386,6.9499344917902055e-06
6496,787.6736475299986,6.6536,6.94268650734568e-06
6497,787.7895577509989,5.999,6.935481605308686e-06
6498,787.8989481609988,6.6378,6.928322921296371e-06
6499,788.0152851189996,6.0944,6.921580476790174e-06
6500,788.1302096899999,6.047,6.914330628148186e-06
6501,788.2471297779994,5.5965,6.907285606172914e-06
6502,788.3619422439988,5.9202,6.90007209919758e-06
6503,788.4838430749987,6.5559,6.892979059876542e-06
6504,788.6007782139986,5.6883,6.8854652632716675e-06
6505,788.7170970539992,6.1843,6.8782492595062366e-06
6506,788.8310134959993,4.8357,6.871071637530951e-06
6507,788.9469291329988,5.3242,6.864018815679035e-06
6508,789.0608369919992,4.7896,6.856879187530862e-06
6509,789.1760463129995,6.458,6.849837199197617e-06
6510,789.291854698,5.6213,6.842728338518517e-06
6511,789.4059058619987,6.1072,6.8355430057408185e-06
6512,789.5230796519991,6.3003,6.828526727839529e-06
6513,789.6389871579995,6.4236,6.821322978518574e-06
6514,789.7559847060002,5.907,6.814170502222267e-06
6515,789.8724067719995,6.356,6.806940046234572e-06
6516,789.9888868109992,5.8262,6.799753423703781e-06
6517,790.1040061120002,6.1441,6.792505359444479e-06
6518,790.217243744999,5.5459,6.785426358888958e-06
6519,790.3319590779993,5.5111,6.778436689444473e-06
6520,790.4486511710002,6.2764,6.771376310617361e-06
6521,790.565239607,6.0667,6.764183044814798e-06
6522,790.6824263819999,5.8654,6.756984365246927e-06
6523,790.7992069009997,6.3636,6.749742108642054e-06
6524,790.917213278999,6.2462,6.742536392407434e-06
6525,791.0318630689999,6.1543,6.735261908518592e-06
6526,791.148922073,6.0766,6.7280760513580235e-06
6527,791.2666562510003,6.5792,6.720949765617268e-06
6528,791.3837138010003,6.8295,6.713692171975305e-06
6529,791.4988636409998,6.1507,6.70645274259265e-06
6530,791.6164837889992,6.1934,6.699348331419769e-06
6531,791.7336585679986,6.3553,6.692065855493884e-06
6532,791.8507502709999,6.6098,6.684857634814806e-06
6533,791.9676638740002,6.6527,6.677606032407435e-06
6534,792.0848937649989,6.4725,6.670423508395052e-06
6535,792.2028623759998,6.517,6.663063286851856e-06
6536,792.3176068559987,6.9519,6.65589856253086e-06
6537,792.4319381669993,5.6427,6.648811443024716e-06
6538,792.5460790050001,6.5345,6.641749351172865e-06
6539,792.6614828149995,6.5281,6.634715287098764e-06
6540,792.7763085489987,6.4479,6.627578535061741e-06
6541,792.8894925879995,6.6254,6.62050526049387e-06
6542,793.0071455149991,5.5194,6.6135121104321405e-06
6543,793.1250738269991,6.451,6.606229819320969e-06
6544,793.2414591069992,6.2851,6.5989741231481495e-06
6545,793.3557915189995,5.942,6.5917739394444676e-06
6546,793.471515018,5.8664,6.584684651604927e-06
6547,793.5900344509992,6.6358,6.577563648827184e-06
6548,793.7058381019997,4.2916,6.570152111481536e-06
6549,793.8242323619997,5.7134,6.563097895000003e-06
6550,793.9412088429999,6.6795,6.55580660833342e-06
6551,794.057502538999,6.2923,6.5485943868519365e-06
6552,794.1727575209989,5.6657,6.541407325370369e-06
6553,794.2892009369989,5.7981,6.534288748642009e-06
6554,794.4049103819998,6.2662,6.527110328642055e-06
6555,794.5232905329995,6.0702,6.5198889932715836e-06
6556,794.6394616500002,6.3419,6.512660421604994e-06
6557,794.7549725609988,5.0662,6.505351852407487e-06
6558,794.876808564999,7.1982,6.498356210123446e-06
6559,794.9913889299987,6.6914,6.49083556987658e-06
6560,795.1077857780001,6.963,6.483759400432099e-06
6561,795.2247608170001,5.6869,6.476588761481567e-06
6562,795.3419987859997,6.0334,6.46933630487655e-06
6563,795.4568213980001,6.4227,6.4621184788272e-06
6564,795.5726010889994,5.0556,6.455025247160501e-06
6565,795.6898803619988,5.625,6.447888384012418e-06
6566,795.8070693379996,4.3926,6.440606432407426e-06
6567,795.9254619459989,6.1028,6.433396990493895e-06
6568,796.0407482390001,6.164,6.426102937469147e-06
6569,796.1556865879993,5.8386,6.418977446481467e-06
6570,796.2726202779995,5.6278,6.41184810030867e-06
6571,796.3886327,4.9961,6.404678160617306e-06
6572,796.5073982359991,6.3257,6.397514668641979e-06
6573,796.6234552779988,5.3869,6.390146681975395e-06
6574,796.7402142529991,6.5817,6.383027722654389e-06
6575,796.8567160099992,5.801,6.375809341111172e-06
6576,796.9728464639993,6.884,6.368623175987725e-06
6577,797.0902219969994,5.1644,6.361452326358025e-06
6578,797.2076065679994,6.1895,6.354194889567966e-06
6579,797.3236784089986,6.2483,6.346950520555539e-06
6580,797.442820319,6.4074,6.339799192283963e-06
6581,797.5586765259995,6.05,6.332423064259274e-06
6582,797.6738871739999,6.4064,6.325290442592618e-06
6583,797.7912265439991,6.723,6.318168337530878e-06
6584,797.9090639599999,6.1923,6.310922638703692e-06
6585,798.0298510599987,6.3753,6.303662333950655e-06
6586,798.1448388099998,5.2955,6.296203053642008e-06
6587,798.2565191729991,7.005,6.289089258580244e-06
6588,798.3761917449992,5.7176,6.282219882407475e-06
6589,798.4936553499992,6.0378,6.2748278619753294e-06
6590,798.6090648520003,5.9938,6.267577648580264e-06
6591,798.7238059459996,6.1018,6.260443882716055e-06
6592,798.8430532129987,7.083,6.253368052284042e-06
6593,798.9591112959988,6.3241,6.246014532963035e-06
6594,799.0782789839996,6.5689,6.2388429651234485e-06
6595,799.1972145389991,6.5701,6.231477154259341e-06
6596,799.3141067529996,5.836,6.224141960370439e-06
6597,799.4298632919999,5.468,6.216936808395085e-06
6598,799.5474979629998,6.276,6.20979046969139e-06
6599,799.6636583339987,5.5928,6.202538856975287e-06
6600,799.7797603929994,6.9036,6.195221845740734e-06
6601,799.8967888429997,6.6886,6.1881885785185e-06
6602,800.0120920869995,6.02,6.180965561296282e-06
6603,800.1282669539996,5.7569,6.173832374197558e-06
6604,800.2420045079998,6.0689,6.166541126358089e-06
6605,800.3554361879997,5.6391,6.1596545639506845e-06
6606,800.4655429859995,5.925,6.152645327283946e-06
6607,800.5822393339986,6.4629,6.14586102604941e-06
6608,800.6963057590001,6.0383,6.138660204444452e-06
6609,800.8138855849993,5.1873,6.131605078333363e-06
6610,800.929729174999,5.7556,6.124356128888909e-06
6611,801.0449289569988,5.8342,6.117162643024671e-06
6612,801.1615020909994,6.171,6.110085142839539e-06
6613,801.2770323179993,5.9846,6.102822674814845e-06
6614,801.3944289989995,6.1835,6.0957368377778605e-06
6615,801.5108395890002,6.8344,6.088512562098825e-06
6616,801.6244346549993,6.0181,6.081330779197519e-06
6617,801.7386445029988,6.0047,6.074311171666669e-06
6618,801.8540917310002,6.1465,6.067267003642019e-06
6619,801.9697680970003,4.7904,6.060139585308633e-06
6620,802.0862583479993,5.9437,6.053003168642058e-06
6621,802.204562121,6.1827,6.045703978333345e-06
6622,802.3227711740001,6.1296,6.038520082345733e-06
6623,802.4382160259993,6.457,6.0311916311728775e-06
6624,802.5537498960002,6.6261,6.024084193209933e-06
6625,802.670341183999,4.2514,6.016946472283941e-06
6626,802.785904291999,5.5191,6.009759733765519e-06
6627,802.9019439240001,6.7807,6.002617203271649e-06
6628,803.0197628489987,5.7574,5.995453857222283e-06
6629,803.1341034259985,5.8877,5.988160552037081e-06
6630,803.2500672259994,5.1292,5.981119524567924e-06
6631,803.3659624619995,6.4204,5.973965141111193e-06
6632,803.4829301270001,6.878,5.966804989135804e-06
6633,803.6010503420002,6.7535,5.959576410802503e-06
6634,803.7228106439998,5.7906,5.9522983380864205e-06
6635,803.8377136439995,4.1858,5.944657867345693e-06
6636,803.9535884099987,6.0656,5.937545675370404e-06
6637,804.0690191119993,5.3412,5.930543677716033e-06
6638,804.1860287109994,5.7933,5.923405127469206e-06
6639,804.3025236309986,5.7833,5.916195527530855e-06
6640,804.4179576749993,5.9397,5.9089979209260016e-06
6641,804.5338874959998,4.8196,5.9018532387037524e-06
6642,804.6503288919994,4.8111,5.894711038641998e-06
6643,804.7645313550001,4.8699,5.887511048333383e-06
6644,804.881883439999,6.4086,5.880474757654336e-06
6645,804.995913372999,4.5134,5.8732490216666935e-06
6646,805.1123648180001,7.2503,5.866191420432132e-06
6647,805.2312330980003,5.9987,5.859012101728462e-06
6648,805.3464415899998,6.0376,5.851655227901304e-06
6649,805.463020616,5.973,5.8445457490123815e-06
6650,805.58058274,5.5302,5.837367769938262e-06
6651,805.6961511270001,5.5862,5.83010759314821e-06
6652,805.8125576879993,5.7322,5.822975266728464e-06
6653,805.9327546779987,6.0343,5.815793553086413e-06
6654,806.0462147149992,5.7225,5.8083149164814775e-06
6655,806.1587745469988,5.3734,5.801352715802472e-06
6656,806.2767771439994,7.2169,5.794418407160579e-06
6657,806.394338828999,5.6772,5.787137105802526e-06
6658,806.512443489999,6.4072,5.779880426419781e-06
6659,806.6286359709993,6.4349,5.772586885432135e-06
6660,806.743492612999,5.6485,5.7654125399999924e-06
6661,806.8598636219995,5.8267,5.758329000617341e-06
6662,806.9770312059991,5.6387,5.751086850864285e-06
6663,807.0951525189994,6.6805,5.743902785925909e-06
6664,807.2131699660004,5.7597,5.736600530185177e-06
6665,807.3284508979996,5.4232,5.729318775123449e-06
6666,807.4467335379995,6.4336,5.722083824629642e-06
6667,807.5616414409997,4.9898,5.714917687469152e-06
6668,807.6766870060001,6.2521,5.7078143723457375e-06
6669,807.796154746,6.1613,5.700722811975368e-06
6670,807.9134402229993,6.6599,5.693354358765512e-06
6671,808.0287160009993,6.1303,5.68609699808646e-06
6672,808.1435163879996,5.9607,5.678991244135823e-06
6673,808.2611474919995,5.9658,5.671903391790178e-06
6674,808.3803528239987,6.7439,5.664609275123484e-06
6675,808.4988521039995,6.2282,5.657281694382755e-06
6676,808.6151280220001,4.1686,5.649975316358075e-06
6677,808.7312171869999,5.3878,5.642799325802501e-06
6678,808.8501002590001,5.9604,5.635628580308705e-06
6679,808.967637886999,5.4093,5.628291557345677e-06
6680,809.0849441829996,5.8556,5.621033922654401e-06
6681,809.202223581,5.9848,5.613790945246905e-06
6682,809.3168487169987,6.0682,5.6065547219753375e-06
6683,809.4339191580002,6.5437,5.599481908209919e-06
6684,809.5427615749995,6.585,5.592253219691445e-06
6685,809.6577547830002,6.2234,5.585545125864255e-06
6686,809.7734105149993,6.6833,5.578372306234559e-06
6687,809.8906641859994,6.614,5.571274295925943e-06
6688,810.0058748939991,6.7929,5.564057575432086e-06
6689,810.120619457999,6.638,5.556948511913657e-06
6690,810.240535941999,5.4467,5.549833129197518e-06
6691,810.3565640979996,6.0626,5.5424544782099355e-06
6692,810.4735092829997,6.4606,5.535297862901262e-06
6693,810.5868615759991,5.5481,5.528074958271679e-06
6694,810.7039623210003,6.5697,5.5210690201234985e-06
6695,810.819546929999,5.4623,5.513857613333345e-06
6696,810.9355149450003,6.1158,5.506696041851861e-06
6697,811.0517901629992,6.2338,5.499547443086506e-06
6698,811.1700776229991,6.2877,5.492377134382709e-06
6699,811.2887466569991,5.9072,5.485075136481482e-06
6700,811.4043666999987,5.3632,5.477711681419745e-06
6701,811.5204444819992,7.0731,5.470620686790112e-06
6702,811.6367359849992,5.095,5.463447667530936e-06
6703,811.752781752999,5.7465,5.45626503993833e-06
6704,811.8703617849987,6.5911,5.449120743641973e-06
6705,811.9895663219995,6.2095,5.441851869074055e-06
6706,812.1053266179988,4.9992,5.434496493703761e-06
6707,812.2278686999998,5.8945,5.427335704444425e-06
6708,812.3445471209998,5.7063,5.419754704814889e-06
6709,812.4614850910002,5.8336,5.412588367777782e-06
6710,812.5742694089986,5.5432,5.405376430246944e-06
6711,812.6936707509994,5.7539,5.3983418545061615e-06
6712,812.8111556559998,6.6883,5.391035117283966e-06
6713,812.9276987069989,4.9164,5.383742293333405e-06
6714,813.044219763,4.944,5.3765874777777614e-06
6715,813.1610923890003,6.839,5.3693523859876635e-06
6716,813.2793449089986,6.3039,5.362173745987675e-06
6717,813.3919528779988,5.1767,5.354736416419781e-06
6718,813.5084372330002,5.2718,5.3479157558025296e-06
6719,813.625777285999,6.342,5.340746239382699e-06
6720,813.7415211939988,3.6657,5.333498138703746e-06
6721,813.8596800679989,6.8013,5.3263408752469265e-06
6722,813.9752349769988,6.1374,5.319056458703792e-06
6723,814.0937025029998,6.6249,5.31191973907409e-06
6724,814.2087716019996,5.1299,5.304610317592578e-06
6725,814.3250898429997,5.5134,5.297488675493845e-06
6726,814.4415463079986,6.4515,5.290325515123545e-06
6727,814.5607924249998,5.9332,5.28313626012345e-06
6728,814.6779481550002,6.5795,5.275784615123486e-06
6729,814.7919658390001,6.2366,5.2685248177777645e-06
6730,814.904453961999,4.8345,5.2615115607407895e-06
6731,815.0191406599988,6.6044,5.254516642592611e-06
6732,815.1350013869996,6.6364,5.247469942160471e-06
6733,815.2559013720002,6.239,5.240342694691386e-06
6734,815.3731760209994,5.7572,5.232863905802455e-06
6735,815.4898716919997,6.166,5.225643723148143e-06
6736,815.6043293739986,6.1724,5.218393343024736e-06
6737,815.7206597469994,5.525,5.2113671814197294e-06
6738,815.8349617269996,4.6706,5.204183872716095e-06
6739,815.9552966899992,6.2284,5.197130517160559e-06
6740,816.0699208739989,4.4761,5.189702539444424e-06
6741,816.1875516569999,6.879,5.182484317716041e-06
6742,816.3034132819994,5.3234,5.175355527716097e-06
6743,816.4177572899989,6.8571,5.168212479074114e-06
6744,816.5332592550003,6.8322,5.161147707098795e-06
6745,816.6486935029989,5.9845,5.154008512530889e-06
6746,816.7658972249992,5.6544,5.146904049938317e-06
6747,816.8826249269987,5.4742,5.139669568765454e-06
6748,816.9996425429999,6.1974,5.132448260061818e-06
6749,817.1158431969998,6.3887,5.1252214970370475e-06
6750,817.2318275039997,5.2818,5.118046320740738e-06
6751,817.3486645749999,6.3358,5.110892124691341e-06
6752,817.4648044379992,6.1935,5.103689405185169e-06
6753,817.5779553209995,4.8057,5.096518855493909e-06
6754,817.6934011979993,5.5666,5.089519854382724e-06
6755,817.8102513169997,5.8755,5.082400282037025e-06
6756,817.9239554139986,5.3597,5.075197129629678e-06
6757,818.0419068829997,6.0346,5.068173188271691e-06
6758,818.158331405999,6.3346,5.060892662345678e-06
6759,818.2807331919994,6.8278,5.053713601790172e-06
6760,818.3962986789993,5.3685,5.046154811111198e-06
6761,818.5174409249994,6.4379,5.0390167492593175e-06
6762,818.6343297160001,6.1066,5.0315457470371255e-06
6763,818.7508427739995,5.3333,5.024327971481463e-06
6764,818.8674745259996,5.9986,5.017137438580227e-06
6765,818.9860515789987,5.4294,5.009935083271672e-06
6766,819.1008720270002,6.0119,5.002606114197605e-06
6767,819.2175508809996,6.824,4.995525406111146e-06
6768,819.3331314689985,6.7301,4.988295356049466e-06
6769,819.4488927879993,5.8255,4.981162385061728e-06
6770,819.5649505869987,5.9509,4.9740446553703694e-06
6771,819.6810735749987,5.8191,4.9667422424074296e-06
6772,819.8026382749995,6.3146,4.9597158357407634e-06
6773,819.9174860530002,5.8067,4.952204874012345e-06
6774,820.0340710229993,6.2604,4.945115605123535e-06
6775,820.1477526729996,5.9469,4.937917276851922e-06
6776,820.2631359919997,6.3484,4.930893972469214e-06
6777,820.3784772969993,6.0874,4.923770680370354e-06
6778,820.4971411219994,5.8877,4.916645384382717e-06
6779,820.6121254709997,6.6643,4.909335402777781e-06
6780,820.7276786399998,6.1563,4.902241885493813e-06
6781,820.8461341549992,6.1564,4.895095483950657e-06
6782,820.9627826479991,6.4361,4.8878070400000366e-06
6783,821.0789032789999,6.3445,4.880602150740765e-06
6784,821.1951175590002,5.3438,4.8734325718518995e-06
6785,821.3100106089987,6.3458,4.866224430493893e-06
6786,821.4241670379997,5.7766,4.859151158888953e-06
6787,821.5438022149992,4.7003,4.852027631851891e-06
6788,821.6591592169989,3.8674,4.844726505061769e-06
6789,821.7754510539999,6.4612,4.837602828642002e-06
6790,821.8938262039992,6.0736,4.830425825000057e-06
6791,822.0099611509995,6.7013,4.823122730617291e-06
6792,822.1291752489997,6.0477,4.815932383950706e-06
6793,822.247586092999,5.9599,4.808589530185254e-06
6794,822.3619141419986,4.9361,4.8011440014815225e-06
6795,822.4779677229999,5.4806,4.7942228019753565e-06
6796,822.5956035759991,5.9762,4.787067054506189e-06
6797,822.7099250899992,6.3986,4.7798012571604875e-06
6798,822.8259194820002,6.4937,4.772738999938359e-06
6799,822.9416207939994,6.0503,4.765585724259308e-06
6800,823.0572905299996,5.8726,4.758446627777824e-06
6801,823.1727958939991,6.9225,4.751282520493855e-06
6802,823.2883062639994,5.8259,4.744176891358004e-06
6803,823.4009601389989,6.2404,4.737011483518505e-06
6804,823.5184419639991,6.2018,4.730083268333357e-06
6805,823.6329358439998,6.3885,4.722843365987634e-06
6806,823.7501251499998,6.3887,4.715770680370357e-06
6807,823.866240022,5.6623,4.708541048395082e-06
6808,823.9823164279987,6.394,4.701361477839522e-06
6809,824.0971759229997,5.6175,4.694202766111089e-06
6810,824.212647196,5.8449,4.687090968395136e-06
6811,824.3285889829986,5.9887,4.679977420370435e-06
6812,824.4484643719989,5.5598,4.672834998148201e-06
6813,824.5631970199993,5.5104,4.665430207222266e-06
6814,824.6769069959992,5.6837,4.658349464629686e-06
6815,824.7912361569997,5.5853,4.651316558950686e-06
6816,824.9081443509986,6.5122,4.64426409765436e-06
6817,825.0227736109991,6.6328,4.636912285061806e-06
6818,825.1379393440002,5.463,4.629973879320998e-06
6819,825.2538996450003,6.7941,4.62285667450622e-06
6820,825.3672484460003,5.2376,4.61566631845679e-06
6821,825.4825560379995,5.4952,4.608693630061795e-06
6822,825.5993132450003,6.0799,4.601596939629632e-06
6823,825.71542443,6.2408,4.594375880308655e-06
6824,825.8304649499987,4.9478,4.587226240370385e-06
6825,826.2776235019992,5.9352,4.580115194259277e-06
6826,826.395296671999,7.0544,4.552486123580302e-06
6827,826.512524406,5.9203,4.545249984382766e-06
6828,826.6282872409993,6.3202,4.538022212345711e-06
6829,826.7427112009991,6.3632,4.5308804595061924e-06
6830,826.8603525979997,6.3194,4.523820696481551e-06
6831,826.9794949489988,7.1558,4.516547823765488e-06
6832,827.0966625419987,5.2543,4.509190253641993e-06
6833,827.2151818579987,6.4747,4.501946298333331e-06
6834,827.3304743680001,5.3056,4.494649117777844e-06
6835,827.4480164790002,5.9403,4.487490429074109e-06
6836,827.5668659169987,6.819,4.48025384006171e-06
6837,827.6808947869995,5.6675,4.4729391433950555e-06
6838,827.79904222,5.8185,4.465889589135841e-06
6839,827.9148553429986,6.392,4.458609534629677e-06
6840,828.030982975999,4.9027,4.451461874691348e-06
6841,828.1502386789998,6.533,4.444297883765442e-06
6842,828.2683720559999,6.0297,4.436923095617329e-06
6843,828.38712958,4.6242,4.4296309877778555e-06
6844,828.5056221389987,6.5076,4.422312640493897e-06
6845,828.6202325199993,6.1605,4.414967266049397e-06
6846,828.7363242800002,6.0306,4.407910308703739e-06
6847,828.8510141939987,6.0574,4.400732439135813e-06
6848,828.9676052609993,6.4305,4.3936584717284625e-06
6849,829.083825800999,6.0084,4.386444531234624e-06
6850,829.1993190529993,6.2613,4.3792763082099005e-06
6851,829.3100140759998,5.9732,4.372102704135861e-06
6852,829.4277659950003,5.558,4.365284242407436e-06
6853,829.5405819129992,5.304,4.35804925197536e-06
6854,829.6557045249992,6.0544,4.351086940864269e-06
6855,829.7733196589998,5.6448,4.343986652530912e-06
6856,829.8920616649993,6.218,4.336743467345761e-06
6857,830.0063258619994,6.8124,4.329392656358055e-06
6858,830.1249406159986,5.9041,4.322337743209865e-06
6859,830.243166229,5.4749,4.315037338950628e-06
6860,830.358017692999,6.1979,4.307717333456846e-06
6861,830.4747829429998,5.2246,4.300641561234625e-06
6862,830.5901283309995,6.2192,4.293424693086434e-06
6863,830.7074615869988,6.6959,4.286306332716078e-06
6864,830.8217169269992,5.4797,4.2790686488272395e-06
6865,830.9327761059994,6.3025,4.272014138271596e-06
6866,831.0489802419997,5.9056,4.2651722134567915e-06
6867,831.1663612539996,6.4598,4.2579887817283835e-06
6868,831.281992364,5.9908,4.250681754321006e-06
6869,831.4013740209994,6.4064,4.243590567037042e-06
6870,831.5180155559992,6.6191,4.236099312530867e-06
6871,831.6347474149989,5.7953,4.229029955617369e-06
6872,831.7492296269993,5.9755,4.221827508086496e-06
6873,831.863519520999,5.3662,4.21462371333336e-06
6874,831.9770961079994,6.1189,4.207697013333378e-06
6875,832.0947499599988,6.0819,4.200677809259318e-06
6876,832.2127959669997,6.4,4.193324215555572e-06
6877,832.3270908469985,4.5284,4.186143066728482e-06
6878,832.4418415660002,6.2799,4.17908574567904e-06
6879,832.5571773859992,5.6277,4.172013554691351e-06
6880,832.6748495479987,6.3287,4.164888498642e-06
6881,832.7936058729993,6.331,4.157633990740733e-06
6882,832.9096377360001,5.0274,4.150300545617353e-06
6883,833.0284107930001,6.4232,4.143108511049415e-06
6884,833.1451140560002,6.0032,4.1357978543210605e-06
6885,833.2615982299994,5.4018,4.128579195493904e-06
6886,833.3804515539996,6.6641,4.121408208950667e-06
6887,833.498271565999,6.3787,4.114061404629699e-06
6888,833.6128453700003,6.1178,4.106804286419802e-06
6889,833.7274734149996,5.6737,4.0997226628395665e-06
6890,833.8440383739999,6.4377,4.092641204567965e-06
6891,833.960218184,6.764,4.0854414062963476e-06
6892,834.075407667,5.6828,4.078141476419784e-06
6893,834.1914055340003,6.5969,4.071160177962963e-06
6894,834.3094355249996,5.3067,4.064005107716129e-06
6895,834.4244625459996,5.9833,4.056708423642008e-06
6896,834.5419013319988,6.2418,4.049627538209922e-06
6897,834.6554923989988,5.2929,4.042245467283995e-06
6898,834.7706607889995,5.8053,4.035354753086496e-06
6899,834.8860515629985,5.7148,4.028252935926008e-06
6900,835.0018138889991,4.671,4.021129560246945e-06
6901,835.1176301670002,5.5917,4.013966040617367e-06
6902,835.2321025450001,6.9901,4.006838791358042e-06
6903,835.3469877879998,6.2918,3.999776045000003e-06
6904,835.4660027539994,6.3739,3.992684730493901e-06
6905,835.5855473729989,6.5266,3.9852016756172615e-06
6906,835.7012840789994,6.4322,3.977957827160533e-06
6907,835.8193646999989,6.9337,3.970812969074122e-06
6908,835.933606225999,5.8176,3.96351741629632e-06
6909,836.0511257580001,6.0837,3.9564749446913905e-06
6910,836.1671215280003,4.6111,3.9492167725308505e-06
6911,836.2835792859987,6.5537,3.942051585864187e-06
6912,836.4028717429992,5.6503,3.934884383456788e-06
6913,836.5174195130003,5.7139,3.9274573454939064e-06
6914,836.6361061159987,6.5497,3.920415009259293e-06
6915,836.7519169129991,6.5472,3.913108521419756e-06
6916,836.8704573750001,6.2199,3.905958866543197e-06
6917,836.9857357129986,6.6573,3.898627651851938e-06
6918,837.1006829649996,5.1959,3.891519161172908e-06
6919,837.2162352180003,5.5498,3.884408607469192e-06
6920,837.3334373479993,6.4488,3.8772888976543795e-06
6921,837.4480543539994,5.5451,3.870058380246933e-06
6922,837.5645311659991,5.6532,3.862961160185241e-06
6923,837.6796032589991,6.174,3.855786055679056e-06
6924,837.7939809580002,5.9016,3.8486578863580425e-06
6925,837.9104187489993,6.2878,3.8415955654938555e-06
6926,838.0275814739998,4.3095,3.834442169259262e-06
6927,838.1427945129999,6.1613,3.827196527716093e-06
6928,838.2592780229988,6.157,3.8201016716049474e-06
6929,838.3767652159986,5.9598,3.8129046385185773e-06
6930,838.4924353329989,6.2118,3.8056715403086473e-06
6931,838.6082793229998,6.2035,3.7985113741975773e-06
6932,838.7257470919994,6.036,3.7913649285185536e-06
6933,838.8353159729995,5.677,3.784109710123507e-06
6934,838.9503612989993,7.0479,3.777357814567972e-06
6935,839.0660369449997,5.6861,3.7701100231482047e-06
6936,839.1834143269989,5.934,3.7630961740740767e-06
6937,839.2993717070003,6.5828,3.7558118828395496e-06
6938,839.4159403159993,5.063,3.7487048068519102e-06
6939,839.5316763579995,5.7549,3.7415008270370367e-06
6940,839.6461731039999,6.0293,3.7343506463580147e-06
6941,839.7615384509991,6.4327,3.7272851780247144e-06
6942,839.8771434849987,5.4417,3.720158834876536e-06
6943,839.9948302539997,5.0984,3.7129688871604727e-06
6944,840.1105454739991,5.2328,3.7057711099383442e-06
6945,840.2295207819989,5.2424,3.6986216764197725e-06
6946,840.3451124570001,6.0365,3.691285644938347e-06
6947,840.4636697869992,6.1846,3.6841613852469425e-06
6948,840.5779950759988,5.0347,3.6768245983951343e-06
6949,840.6943701540004,6.1405,3.669772167654345e-06
6950,840.8100468909997,6.2239,3.662551121111102e-06
6951,840.9265662779999,5.7807,3.6554608323456972e-06
6952,841.0410882220003,6.6813,3.6482138540123943e-06
6953,841.1556071019986,6.2433,3.641175031111127e-06
6954,841.2731486599987,5.9178,3.634119486111143e-06
6955,841.3908387659994,6.1184,3.626860309506225e-06
6956,841.5044290419992,4.9788,3.6195785929013014e-06
6957,841.6196051369989,6.5981,3.6125185538271654e-06
6958,841.7333338529988,6.3358,3.6054660916049475e-06
6959,841.8474603449995,6.312,3.5984582722839722e-06
6960,841.9614867399996,5.7629,3.591421867098754e-06
6961,842.0755634849993,6.3833,3.584385889012365e-06
6962,842.190803477999,6.7709,3.5772833368519277e-06
6963,842.3088877239989,4.9441,3.570207625000055e-06
6964,842.4258432909992,6.5852,3.5628036504938235e-06
6965,842.5390793730003,5.7287,3.5557102229013038e-06
6966,842.6562128109999,6.1494,3.5487151195678804e-06
6967,842.7740718109999,6.9942,3.541501219691401e-06
6968,842.8898844479991,5.1071,3.5342306027777607e-06
6969,843.0036114149989,5.6181,3.527074533580227e-06
6970,843.1176853349989,5.688,3.5200576445062526e-06
6971,843.2305899980001,5.7128,3.513018337901225e-06
6972,843.3431556989999,5.7418,3.5060228700617535e-06
6973,843.4574901719989,6.1386,3.499082574444512e-06
6974,843.5750535770003,6.2649,3.4920288634568756e-06
6975,843.6930049370003,6.2374,3.4847706179012398e-06
6976,843.8099588699988,6.6731,3.477478069197576e-06
6977,843.9264176589986,5.4348,3.470277087407464e-06
6978,844.0417875509993,5.8727,3.4630745428395673e-06
6979,844.1513819949996,6.5064,3.45594328327159e-06
6980,844.2659052109993,6.1409,3.449217214691336e-06
6981,844.3828533609994,6.2137,3.4421063785185503e-06
6982,844.4990011929985,6.5114,3.4349126872840088e-06
6983,844.6143135080001,4.976,3.4276988631482266e-06
6984,844.7270979109999,6.1224,3.420626216604972e-06
6985,844.8413334359993,6.0216,3.4136526111728627e-06
6986,844.9575537069995,6.2333,3.4066082275309385e-06
6987,845.0757401029987,6.4312,3.3994445145679397e-06
6988,845.192138213999,5.915,3.3921195867901324e-06
6989,845.3074700479992,5.9289,3.38495808691362e-06
6990,845.421378265999,6.2045,3.377834321296336e-06
6991,845.5367221429988,5.6537,3.370801585000055e-06
6992,845.6507296210002,5.6788,3.3636933402469373e-06
6993,845.7657210029993,5.5468,3.356662881604977e-06
6994,845.8773344879992,6.5082,3.349414324629607e-06
6995,845.9926391270001,6.1286,3.342525874012398e-06
6996,846.1072763449993,4.5217,3.3355404975926485e-06
6997,846.2240731229995,5.2704,3.328459642716103e-06
6998,846.3370483870003,5.9185,3.321241166296307e-06
6999,846.4580262749987,6.4231,3.3142728356790333e-06
7000,846.5754006169991,6.2463,3.306802898950656e-06
7001,846.6920320970003,5.656,3.299557505000017e-06
7002,846.8083745889999,6.3107,3.2923528819753357e-06
7003,846.9244139789989,6.4929,3.2851770156790808e-06
7004,847.0376330580002,6.3398,3.278028990432097e-06
7005,847.1559124739997,5.6937,3.2710133897531413e-06
7006,847.2717466089998,5.5677,3.263721247098778e-06
7007,847.3865444120001,6.5349,3.2565708636419614e-06
7008,847.5029106809998,6.2743,3.2494921305555816e-06
7009,847.6204008019995,6.3952,3.2422959337037817e-06
7010,847.7347527539987,5.6738,3.2350669825308767e-06
7011,847.8489838879996,5.4624,3.2279973145061924e-06
7012,847.9696728549989,5.8119,3.2209102162346126e-06
7013,848.085664667,5.8891,3.2134804525925767e-06
7014,848.197163720999,6.8037,3.2063324357407944e-06
7015,848.3131629500003,5.7726,3.1993486596296365e-06
7016,848.4273407679993,6.1601,3.1922896620370847e-06
7017,848.5452327809999,6.6805,3.185246956481486e-06
7018,848.6618528649997,6.1024,3.1779729779012723e-06
7019,848.7765040639988,4.1909,3.1707833438889056e-06
7020,848.8936007880002,6.4604,3.1636910316050205e-06
7021,849.0101664839985,6.3979,3.1564660155556424e-06
7022,849.1260227739986,5.6908,3.149277939320977e-06
7023,849.2441291799987,6.2706,3.1420800704938637e-06
7024,849.3604020259991,6.1269,3.1347989361111773e-06
7025,849.4779643029997,6.8937,3.1276463038272084e-06
7026,849.594658946,6.3072,3.120391376728382e-06
7027,849.7121860099996,5.8108,3.113190695987639e-06
7028,849.8298951099987,6.6525,3.105926864382802e-06
7029,849.9441120699994,5.9229,3.098671161296357e-06
7030,850.0654990579987,6.5949,3.0916292949382588e-06
7031,850.1820149289997,5.4685,3.0841182030864167e-06
7032,850.2995565709989,6.7776,3.0769284818519373e-06
7033,850.4161503300002,6.6604,3.0696368580247714e-06
7034,850.5313360990003,5.8427,3.0624734508024557e-06
7035,850.6489365999987,6.1667,3.0553722152469877e-06
7036,850.7659340549999,6.7393,3.0481200156173396e-06
7037,850.8820518449993,5.4015,3.040900427222254e-06
7038,850.997258636,6.1343,3.033728225185273e-06
7039,851.1118336189993,5.0203,3.0266137309259925e-06
7040,851.2295881239988,5.8965,3.0195479798148408e-06
7041,851.3476395569996,6.9144,3.0122687045678944e-06
7042,851.463153486,6.188,3.004982905802556e-06
7043,851.578680872999,7.3302,2.997849031358041e-06
7044,851.6953205359987,6.7531,2.9907271451235284e-06
7045,851.8107315569996,5.5989,2.98350947135807e-06
7046,851.9239376400001,5.9266,2.9763925318518794e-06
7047,852.0368504099988,6.3049,2.9694189531481396e-06
7048,852.153362862,6.0043,2.962426886111125e-06
7049,852.2692748469999,6.227,2.9552526384568513e-06
7050,852.382827034,5.5784,2.9480688257407795e-06
7051,852.4966638289989,6.104,2.9410617652469387e-06
7052,852.6152581139995,6.3823,2.933901983518539e-06
7053,852.7308301479989,6.3619,2.9267435975926685e-06
7054,852.8458372629993,5.8885,2.9196147850617306e-06
7055,852.961813640999,6.6294,2.9124950070988143e-06
7056,853.0762817510004,6.2579,2.9053509214815144e-06
7057,853.1922018019995,5.9539,2.8982586247531306e-06
7058,853.3068716109992,5.9328,2.8911265087037787e-06
7059,853.4214638579997,6.2015,2.88401820302473e-06
7060,853.5352847279992,6.3443,2.8769763246913883e-06
7061,853.6485147820003,6.9211,2.869933744382758e-06
7062,853.7599566319986,4.039,2.862950987407459e-06
7063,853.8753979390003,5.7016,2.8560622255555445e-06
7064,853.9900601219997,4.9475,2.8489462491976203e-06
7065,854.1027501579993,5.2211,2.841862160123443e-06
7066,854.2173870989991,5.9835,2.8349149503086368e-06
7067,854.3348621219993,6.4989,2.8278346911111477e-06
7068,854.448728718,6.4289,2.8205947695062573e-06
7069,854.5655136009991,5.8952,2.813540488456773e-06
7070,854.6803339889993,6.5673,2.8063451091975943e-06
7071,854.795092548,6.3112,2.799266083209906e-06
7072,854.9125224130003,6.8035,2.7921839676543436e-06
7073,855.0275094070003,5.9783,2.7849355227777928e-06
7074,855.1429756199996,5.3526,2.777815115432081e-06
7075,855.2571804419986,6.1678,2.7706954025309372e-06
7076,855.3732221909995,6.9863,2.7636086404321805e-06
7077,855.4891970339995,6.1524,2.7564488388889254e-06
7078,855.6053764659991,5.9994,2.7493427248148796e-06
7079,855.721481171,6.4458,2.7421662970987693e-06
7080,855.8383586649998,6.2136,2.7349506581481664e-06
7081,855.954399066999,6.7409,2.7277861708642827e-06
7082,856.0674491859991,4.6096,2.7206115412345854e-06
7083,856.1852079889995,6.6646,2.7136244220988094e-06
7084,856.3029110059997,6.0155,2.706369132901282e-06
7085,856.4220624769987,6.6653,2.6991000017901725e-06
7086,856.5371440559993,4.8688,2.691745862592615e-06
7087,856.6517304230001,5.9076,2.6846524020988418e-06
7088,856.7733647899986,6.4033,2.6775685393209792e-06
7089,856.8862947119997,5.1121,2.6700588900617998e-06
7090,857.0050693459998,6.4087,2.6630847623457355e-06
7091,857.1198307159993,5.5452,2.6557584657407875e-06
7092,857.2365728019995,6.3364,2.648658303827195e-06
7093,857.3530478069988,6.795,2.6414759946297105e-06
7094,857.4672688829996,4.1613,2.634281881543227e-06
7095,857.5811732459988,4.6723,2.627215924629711e-06
7096,857.6967830729991,6.4861,2.6201718159260093e-06
7097,857.8133441209993,6.5834,2.613069656666722e-06
7098,857.9277278419995,6.2446,2.6058744200000316e-06
7099,858.0433400399997,6.6335,2.5988096159259513e-06
7100,858.1588337859994,6.6655,2.591649703518545e-06
7101,858.2756804229994,5.6588,2.584554777654319e-06
7102,858.3924759349993,5.1221,2.577324917592594e-06
7103,858.5088900439987,6.2664,2.570121090679051e-06
7104,858.6252241080001,6.0309,2.56294393154326e-06
7105,858.7410182530002,6.6188,2.5557406128395243e-06
7106,858.8579252309992,6.3285,2.5485961096296417e-06
7107,858.9743404069995,4.2584,2.541388599074146e-06
7108,859.0906933599999,6.1926,2.534189906604928e-06
7109,859.2052764079999,7.0293,2.527021462037066e-06
7110,859.3219346679998,5.9086,2.5199426585802766e-06
7111,859.4369854010001,6.1301,2.512740740925956e-06
7112,859.5534445229987,6.7795,2.505635573950621e-06
7113,859.6685272140003,5.9796,2.498440909444466e-06
7114,859.7834571209987,5.4678,2.4913410753703624e-06
7115,859.8994232559999,6.8966,2.48424515104938e-06
7116,860.0157466969995,5.8057,2.477087527839572e-06
7117,860.1331051799989,4.9538,2.469894140061757e-06
7118,860.2505751019999,4.5581,2.462649566419761e-06
7119,860.3671308510002,4.9468,2.4554176485802327e-06
7120,860.4773404440002,6.9126,2.4482139575925824e-06
7121,860.5932866429994,5.5307,2.4414277729013057e-06
7122,860.7095017699994,6.3171,2.434256241543231e-06
7123,860.8258643399986,6.2444,2.427104719567924e-06
7124,860.9430254749986,6.1187,2.4199060259260163e-06
7125,861.0587438289986,6.3209,2.4126823093827635e-06
7126,861.1748025380002,6.0103,2.405524754197552e-06
7127,861.2909845109989,5.6563,2.3983490288271628e-06
7128,861.4067978799994,6.5289,2.391186789629701e-06
7129,861.5219631090004,6.0306,2.3840539205555624e-06
7130,861.6386701339998,5.7491,2.3769316999382507e-06
7131,861.7538319979994,6.4041,2.3697258988888693e-06
7132,861.8719396159995,5.7552,2.362632186975394e-06
7133,861.9886447629997,5.8207,2.355330626049429e-06
7134,862.0984817839999,6.6512,2.3481149055555483e-06
7135,862.2148745140003,5.5444,2.3413501904321288e-06
7136,862.3325933799988,6.4813,2.334054741851882e-06
7137,862.448920806999,6.1219,2.326891210987686e-06
7138,862.5642035459987,6.6697,2.3197248319136224e-06
7139,862.6809143419996,6.1003,2.3126116310494494e-06
7140,862.7983908400001,5.213,2.3054071374692176e-06
7141,862.9134014800002,5.3544,2.298146577716098e-06
7142,863.0271940069997,6.734,2.290978071604971e-06
7143,863.1449265659994,6.2122,2.284016257407429e-06
7144,863.2610102999988,6.4461,2.2767541364197455e-06
7145,863.3753674299987,5.7765,2.2695932929013062e-06
7146,863.4910636269997,5.4579,2.2625197343210337e-06
7147,863.605934141,6.4654,2.255386123641995e-06
7148,863.720697752,5.0436,2.2483090415432728e-06
7149,863.8354424150002,6.4281,2.2412202903086376e-06
7150,863.9519994639995,6.4269,2.2341363118519254e-06
7151,864.0651031589987,6.2924,2.2269298120370873e-06
7152,864.1804607009999,5.8242,2.2199539272222904e-06
7153,864.2966936449993,6.77,2.2127906951235123e-06
7154,864.4148646249996,6.5638,2.2056291306172927e-06
7155,864.5304351689992,6.1455,2.1983465981481266e-06
7156,864.6449994199993,5.4067,2.1912198812345742e-06
7157,864.7592007919993,6.5897,2.184150271543195e-06
7158,864.8740576239998,6.9125,2.177092654691376e-06
7159,864.987667084999,6.4074,2.1700157437655077e-06
7160,865.102923933,5.8806,2.1630050235185493e-06
7161,865.218133376,6.6718,2.1558857785185183e-06
7162,865.3337624019987,4.8728,2.148771196358029e-06
7163,865.448938038,6.0734,2.141636604135805e-06
7164,865.5658675879986,6.5541,2.134532140493839e-06
7165,865.6838341679995,6.1486,2.127314661666663e-06
7166,865.7985850650002,6.4099,2.1200238304321328e-06
7167,865.9156807309992,6.1285,2.1129510088889637e-06
7168,866.0329861209993,6.7379,2.105665616728392e-06
7169,866.1502134490001,5.8395,2.098481606604924e-06
7170,866.264981979999,5.4463,2.0912461325308496e-06
7171,866.3817654399991,5.5494,2.084159814074066e-06
7172,866.4982122069996,5.7675,2.0769519622840184e-06
7173,866.6134661119995,6.0087,2.0697595991358566e-06
7174,866.7225871720002,6.6825,2.0626421966050137e-06
7175,866.8375840190001,5.5023,2.055923848518565e-06
7176,866.9509484179998,6.4815,2.04881051222221e-06
7177,867.0596128159996,6.4006,2.041810210432099e-06
7178,867.1762832610002,5.5005,2.035115921666664e-06
7179,867.2926589569997,6.4965,2.0278737006790616e-06
7180,867.4133024330004,6.1342,2.0207262488271704e-06
7181,867.528308248,5.417,2.0132774914814743e-06
7182,867.6431076649988,5.9048,2.0061705524691278e-06
7183,867.7620646539999,6.4173,1.9990849670987575e-06
7184,867.8790787269991,4.7286,1.9917463796296776e-06
7185,867.9972975199998,6.1828,1.984510419074076e-06
7186,868.1118796329993,3.4843,1.9771676015432285e-06
7187,868.227403765999,5.1163,1.970144350123543e-06
7188,868.3437613610004,6.9342,1.963025465432078e-06
7189,868.4607056980003,5.8138,1.9558349406173736e-06
7190,868.5791099870003,6.4251,1.948620550493829e-06
7191,868.6951585999996,6.4585,1.941295710432178e-06
7192,868.8103940429992,5.512,1.9341462858642746e-06
7193,868.9260953089997,6.1606,1.927030121296297e-06
7194,869.043262711999,5.6636,1.9198935080864564e-06
7195,869.1619727889993,6.1448,1.9125768075309134e-06
7196,869.2716709340002,6.7987,1.905321442530933e-06
7197,869.3873185249995,6.3835,1.8985597543209722e-06
7198,869.5062928110001,6.0538,1.891413131790143e-06
7199,869.6230940969999,4.9502,1.8839325057407764e-06
7200,869.7413540319994,5.9967,1.8768667877777923e-06
7201,869.8609881989996,6.3013,1.869569788580261e-06
7202,869.9768469409992,5.2792,1.8621852196296752e-06
7203,870.0938073329999,4.4897,1.855023274753126e-06
7204,870.2092016690003,6.0451,1.8478012679630118e-06
7205,870.3275438820001,6.2082,1.8406827251851889e-06
7206,870.4446017439986,5.8414,1.833379921111117e-06
7207,870.5621205770003,6.1196,1.826151168086454e-06
7208,870.6801407479998,4.5285,1.8187739483334021e-06
7209,870.7970936029997,6.4513,1.8116150064198312e-06
7210,870.9144061989991,5.8447,1.8042594026543068e-06
7211,871.0311260529998,6.0508,1.7971589530864086e-06
7212,871.1497209589998,6.7101,1.7899512975926015e-06
7213,871.2652793259986,4.6682,1.7826409262963528e-06
7214,871.3797027759992,5.6118,1.7754986301234676e-06
7215,871.4955916139988,6.1456,1.768427892592639e-06
7216,871.6121370129986,5.4189,1.7612788819752923e-06
7217,871.7295818989987,6.2383,1.7540571887037228e-06
7218,871.8465669609996,5.6253,1.7468433301852273e-06
7219,871.9617454519994,6.2943,1.7396160742592426e-06
7220,872.0771880449993,5.2902,1.7325120728395482e-06
7221,872.1929866589999,5.1166,1.725382112407392e-06
7222,872.309650494999,6.4839,1.7182378364814677e-06
7223,872.4187287139994,6.4439,1.711031107716049e-06
7224,872.5348901179987,6.3368,1.7043155063580619e-06
7225,872.6497776649994,6.856,1.6971051638889234e-06
7226,872.7660684669991,6.407,1.6900279832099575e-06
7227,872.8820113179991,6.0729,1.682856851111192e-06
7228,872.9995649889988,5.9459,1.675693652160576e-06
7229,873.1159591439991,6.1809,1.668425086851849e-06
7230,873.2305794849999,6.1517,1.6612371032716734e-06
7231,873.3454569209989,5.3418,1.6541295465432094e-06
7232,873.4632673959986,6.3921,1.6470893964197986e-06
7233,873.5771680689995,4.9227,1.63981959604938e-06
7234,873.6904858819998,5.7934,1.6327866469753539e-06
7235,873.808131758,6.5337,1.625789170802483e-06
7236,873.9218914149988,5.345,1.6185434825309376e-06
7237,874.0409099549997,5.7161,1.611509398024752e-06
7238,874.157489493,5.8963,1.6041162669136355e-06
7239,874.2733118409997,5.4812,1.5969747177777994e-06
7240,874.3901010549998,5.8485,1.5898152682716438e-06
7241,874.5076847049986,6.4064,1.582584257345765e-06
7242,874.6221820029987,6.387,1.5753539115432424e-06
7243,874.7372596360001,5.7449,1.568280324691379e-06
7244,874.854148466,6.3046,1.5611808242593506e-06
7245,874.9698027220002,5.0378,1.553963263086411e-06
7246,875.0841050620002,5.9975,1.5468275606790373e-06
7247,875.2009783029989,5.4099,1.5397556726543639e-06
7248,875.3157646580003,6.3859,1.5325351685186006e-06
7249,875.4329985139993,6.538,1.5254686318518397e-06
7250,875.5477477639997,6.5494,1.5182348446913575e-06
7251,875.6652346319988,6.1671,1.5111442419135925e-06
7252,875.7813458,6.5106,1.5039072715432144e-06
7253,875.8945889649985,6.7295,1.4967185455555366e-06
7254,876.0105552069999,6.6743,1.4897318618519118e-06
7255,876.1260793370002,5.616,1.4825829813581105e-06
7256,876.2472996919987,6.1989,1.4754486180864669e-06
7257,876.3613340100001,6.1366,1.4679677788271785e-06
7258,876.4817362679987,4.008,1.4608601068519245e-06
7259,876.5978181989994,5.9506,1.4534809072222155e-06
7260,876.7147417750002,6.4828,1.446303881728478e-06
7261,876.8295201959991,4.1823,1.4391132885802905e-06
7262,876.9463367629996,5.7876,1.43202772740742e-06
7263,877.055865802,6.2164,1.4248086714197583e-06
7264,877.1733958139994,5.0107,1.4180654378395497e-06
7265,877.2888647719992,6.0899,1.4107964653087224e-06
7266,877.4067809549997,5.2284,1.403680138827229e-06
7267,877.5235182759989,6.4105,1.3963996790741396e-06
7268,877.638397626999,6.2555,1.3891858138889324e-06
7269,877.7532371799989,5.2065,1.3820913443827577e-06
7270,877.8635401449992,6.9366,1.3750163982716447e-06
7271,877.977588239999,4.9329,1.3682167089506426e-06
7272,878.0947455570004,5.4016,1.361145617284021e-06
7273,878.2107812939994,5.3248,1.353923523950662e-06
7274,878.3266415409998,6.5674,1.3466160232099068e-06
7275,878.4421698469996,6.3106,1.3396073156173416e-06
7276,878.5590785029999,6.5199,1.3324796334568346e-06
7277,878.6749824679991,6.5225,1.3252592382716867e-06
7278,878.7921812679997,6.1565,1.318072221543215e-06
7279,878.9094367159996,6.0445,1.3108797448765254e-06
7280,879.0240871959995,5.9534,1.3036370357407734e-06
7281,879.1404157659999,6.0643,1.2965656851234965e-06
7282,879.255082963,6.0225,1.2893881653087247e-06
7283,879.3699050919986,6.0332,1.28229118932105e-06
7284,879.483073456,5.675,1.275207353518576e-06
7285,879.5973173889997,6.5353,1.2682301361728822e-06
7286,879.7126167829992,6.4215,1.2611884300617994e-06
7287,879.8224363190002,5.9553,1.254061649321031e-06
7288,879.9389896899993,6.1957,1.2472891474074767e-06
7289,880.0554805169995,6.0401,1.2400898826543217e-06
7290,880.1712239179997,6.6307,1.2328937503087112e-06
7291,880.2903352539997,6.4743,1.2257379523457457e-06
7292,880.4053071469989,5.9494,1.2183955683950533e-06
7293,880.5207722469986,5.6673,1.2112919313580108e-06
7294,880.634790492999,5.2183,1.2041733595679837e-06
7295,880.7529036029991,6.2338,1.1971291283333351e-06
7296,880.8677549219992,5.1876,1.1898411819135979e-06
7297,880.9833813109999,6.5706,1.1827360011728961e-06
7298,881.1000675369996,6.0402,1.1756056336420406e-06
7299,881.2184854989991,6.3063,1.1684070784567792e-06
7300,881.3369111409993,6.3195,1.1611018707407996e-06
7301,881.4538770159998,6.3296,1.1537999016049793e-06
7302,881.5694005369987,5.9951,1.1465639194444988e-06
7303,881.6832357029998,5.7974,1.1394345171604814e-06
7304,881.7981977099989,5.7754,1.1324032275308427e-06
7305,881.9076473039986,6.8886,1.1252671243210556e-06
7306,882.0209155069988,5.1121,1.118568267962966e-06
7307,882.1390216519994,6.3702,1.1115593146914072e-06
7308,882.2558989110003,6.3599,1.1042852204938724e-06
7309,882.3751248449989,6.2212,1.0970641795061797e-06
7310,882.4918439479989,5.7337,1.0896971981482152e-06
7311,882.6057732129993,6.5274,1.0824878029629505e-06
7312,882.7206651750002,5.2209,1.0754709258642082e-06
7313,882.8365066349998,6.9881,1.0682379018518652e-06
7314,882.9515113859998,5.2184,1.0612227501235195e-06
7315,883.067376981,6.0574,1.0541193281481787e-06
7316,883.1846192960002,6.1368,1.046967279629668e-06
7317,883.301371272999,6.9668,1.0397387411728854e-06
7318,883.4149841179988,7.0156,1.0325266287037727e-06
7319,883.5308304169994,6.4771,1.0255158195679626e-06
7320,883.6473855610002,6.2215,1.0182222780247386e-06
7321,883.7619682219993,6.6676,1.0111658630864496e-06
7322,883.8716708419997,6.0566,1.004088984876561e-06
7323,883.9886442269999,5.0956,9.973154414815388e-07
7324,884.1044679339993,5.9606,9.900900348766062e-07
7325,884.2212013449989,5.9823,9.829479567901035e-07
7326,884.3380626870003,5.9709,9.756039114197424e-07
7327,884.456194684999,5.8463,9.68533817407391e-07
7328,884.5739072509987,6.9572,9.612527316049725e-07
7329,884.6894512929994,5.5184,9.539750793827573e-07
7330,884.8070632210001,5.7949,9.468468415432253e-07
7331,884.9227857240003,5.9064,9.395788927778093e-07
7332,885.0380295790001,5.9414,9.324080533333223e-07
7333,885.1526338019994,4.4337,9.253252541358614e-07
7334,885.2681398739987,6.4732,9.182526717283757e-07
7335,885.3857408369986,6.0594,9.110159369752902e-07
7336,885.5033309869996,5.8632,9.038568179012496e-07
7337,885.6188642159996,6.181,8.965959588888905e-07
7338,885.7341200760002,4.908,8.894768348148286e-07
7339,885.8480432059987,5.6879,8.822111115432019e-07
7340,885.9649764850001,6.4493,8.753284521605621e-07
7341,886.0792802999986,5.856,8.681055358025381e-07
7342,886.1949174809997,6.7358,8.610356534567765e-07
7343,886.3137271639989,5.4296,8.538898118518934e-07
7344,886.4298386720002,6.0494,8.465852072223002e-07
7345,886.5527432990002,5.4091,8.394187899383399e-07
7346,886.6702663689994,7.0577,8.318348495679474e-07
7347,886.7859320159987,5.4763,8.245867347530855e-07
7348,886.9023651890002,6.0757,8.174274540740767e-07
7349,887.0168996779994,4.7836,8.102257435185501e-07
7350,887.1334429899998,5.4162,8.031837054938873e-07
7351,887.249419885,5.5507,7.959748957408141e-07
7352,887.3621958669992,6.2614,7.888282815432024e-07
7353,887.4804057599995,5.7565,7.818666536420604e-07
7354,887.5969960399998,6.0531,7.744756228395212e-07
7355,887.7104926609991,6.3893,7.673647867901368e-07
7356,887.8270160039992,5.6463,7.603726932099153e-07
7357,887.9428398379987,5.041,7.531780104321206e-07
7358,888.0587953719987,5.1641,7.460298953086475e-07
7359,888.1748786619992,6.3617,7.388642073456798e-07
7360,888.284066012,6.146,7.316902691358651e-07
7361,888.4003529049987,6.0542,7.249664042592474e-07
7362,888.514541090999,6.3343,7.177691469753611e-07
7363,888.6310045159989,7.1065,7.107290016666601e-07
7364,888.7478187409997,5.9202,7.035238685185241e-07
7365,888.8612823779986,5.0474,6.963011885802839e-07
7366,888.9781394349993,5.7369,6.892761687037286e-07
7367,889.0947313029992,4.7018,6.821105932098893e-07
7368,889.2125026289996,6.3544,6.749072866050143e-07
7369,889.3291963510001,6.4194,6.676324227160358e-07
7370,889.4450329569991,6.7456,6.604417600000412e-07
7371,889.55410648,6.3049,6.532973014197308e-07
7372,889.6688775739985,5.1188,6.46566808395116e-07
7373,889.7844530439997,5.0509,6.394699250617086e-07
7374,889.9018803109993,6.2995,6.323335564814626e-07
7375,890.017808519,5.8416,6.250900354939137e-07
7376,890.1328920449996,5.8157,6.179312535803338e-07
7377,890.2529957869992,5.6869,6.108241461729059e-07
7378,890.3714205279994,6.0332,6.034305868519219e-07
7379,890.4894949989994,5.2898,5.960983653704566e-07
7380,890.6080690239996,6.2589,5.888116412963273e-07
7381,890.7246402059991,5.9161,5.81496264506165e-07
7382,890.8391720999989,6.6285,5.741715988272168e-07
7383,890.9562670249998,5.5324,5.672294662963373e-07
7384,891.0718844099993,7.0692,5.600102501851723e-07
7385,891.1867147489993,6.5224,5.528760275925971e-07
7386,891.302982068999,6.3772,5.457750699382869e-07
7387,891.4206312829992,6.4237,5.385908389506533e-07
7388,891.5376678350003,6.5446,5.312849559876321e-07
7389,891.6526151170001,5.9455,5.241088955555806e-07
7390,891.7700861419999,5.6949,5.170175554939094e-07
7391,891.8843126800002,3.5357,5.097683624691484e-07
7392,891.994054765999,6.6997,5.027019000617306e-07
7393,892.1110177310002,6.7032,4.959505474073867e-07
7394,892.2260067949992,6.7707,4.887216574074316e-07
7395,892.341006875,5.9064,4.81617343827151e-07
7396,892.4553738670002,6.4539,4.745191270370763e-07
7397,892.5711168790003,5.5531,4.6746267728400295e-07
7398,892.6868356039995,5.3067,4.601777904938209e-07
7399,892.8031036350003,6.0284,4.531796883951278e-07
7400,892.9197675879986,5.9597,4.460102409259981e-07
7401,893.036714975,6.1335,4.3879704555556675e-07
7402,893.1519366880002,7.0989,4.3155142580254546e-07
7403,893.2660977249998,6.2276,4.2444169277778277e-07
7404,893.3826664359985,6.174,4.1743111524693014e-07
7405,893.4976472339986,6.9989,4.102317633334185e-07
7406,893.6140810460001,6.3317,4.0313199771608856e-07
7407,893.7307952049996,5.103,3.95947621913656e-07
7408,893.8499576769991,6.8875,3.887393662346417e-07
7409,893.9669642989993,5.9143,3.8137809123461876e-07
7410,894.0899554659991,6.3009,3.7416229351857624e-07
7411,894.2064108399991,5.8026,3.6657089555560686e-07
7412,894.3214779720001,6.4122,3.5936750444452995e-07
7413,894.4390852059987,6.7276,3.522796831481323e-07
7414,894.5562044889994,7.2328,3.4498145765430865e-07
7415,894.6709775139989,5.6264,3.377846706790033e-07
7416,894.7853878669994,6.5281,3.306990073457361e-07
7417,894.9013180319998,6.0605,3.236526968519282e-07
7418,895.010773164,6.5952,3.164806353703864e-07
7419,895.1248266189996,5.7146,3.097380506173031e-07
7420,895.241458167,6.249,3.0268074611111697e-07
7421,895.3555174969988,5.818,2.954913636419643e-07
7422,895.4717855339986,6.39,2.884413227778271e-07
7423,895.5882725849988,6.4446,2.8126943962967223e-07
7424,895.705876434,6.3215,2.7408109154322125e-07
7425,895.8229775159998,6.9662,2.668106176543561e-07
7426,895.939750554,5.5132,2.595951955555842e-07
7427,896.0535859409993,3.5658,2.5238282290125926e-07
7428,896.1722723469993,6.4916,2.453382119753711e-07
7429,896.2898548049998,6.6276,2.3800666759261626e-07
7430,896.4062487669999,5.5561,2.307838438889709e-07
7431,896.5240826129993,5.6979,2.2346302567902712e-07
7432,896.6408089489996,6.2127,2.1631729765431152e-07
7433,896.7552650099988,5.1408,2.0908803246915687e-07
7434,896.8730348030003,5.5973,2.0204678493832562e-07
7435,896.9886862059993,6.1842,1.9463690098768804e-07
7436,897.1071926559998,6.3161,1.8764327419757977e-07
7437,897.2233382389986,4.778,1.80316070061759e-07
7438,897.3392840859997,6.4844,1.7315422444442732e-07
7439,897.4540014109989,6.5834,1.6599874345687438e-07
7440,897.5697478629991,6.4976,1.589148286419928e-07
7441,897.685365624,6.8044,1.517688337654699e-07
7442,897.8013686109989,6.5266,1.4463263024694918e-07
7443,897.9178450969994,6.3218,1.3747444919755547e-07
7444,898.0334629970002,6.2626,1.3027562833339836e-07
7445,898.1480641870003,5.9079,1.2309004006179625e-07
7446,898.2614989779995,5.9399,1.1606674753092406e-07
7447,898.3775145580003,5.4311,1.0906355382724332e-07
7448,898.4938962769993,5.7634,1.0190528524696152e-07
7449,898.6109345589994,6.3107,9.472074827162613e-08
7450,898.7289398569992,6.48,8.749965277780048e-08
7451,898.8445921419989,6.3884,8.021168203705131e-08
7452,898.9620795329993,6.5709,7.307510611110347e-08
7453,899.0794537459988,6.5572,6.582528802476783e-08
7454,899.1944933919985,4.9116,5.856102814819631e-08
7455,899.3101224629991,6.2177,5.14732200618151e-08
7456,899.4293175579987,6.6342,4.433517524690123e-08
7457,899.543192150999,5.3644,3.6972628148207456e-08
7458,899.6612767159986,5.9736,2.9940330987637824e-08
7459,899.7778306339987,7.2093,2.2679226481553408e-08
7460,899.8946440869986,5.4672,1.5463167716051052e-08
7461,900.0109633379998,5.5889,8.256405123496791e-09
7462,900.1308552350001,5.6881,1.0794550000359228e-09
