step,elapsed_seconds,loss,learning_rate
1,28.64512270100022,11.2064,0.0
2,31.34532929099987,11.1919,1.5908548736666086e-05
3,31.443985949999842,11.1991,1.7407361769999423e-05
4,31.541080811999564,11.1886,1.746180468611076e-05
5,31.637948063000294,11.1092,1.751577520666615e-05
6,32.79369374700036,11.1585,1.7569572062221697e-05
7,32.891029092999815,11.1258,1.821180809055578e-05
8,32.98773780800002,11.1753,1.8265732013888838e-05
9,33.08738529999937,11.1487,1.8319395642222138e-05
10,33.184818202000315,11.1439,1.8374755481666704e-05
11,33.28087904699896,11.1761,1.842886638833281e-05
12,33.37682868800039,11.1005,1.8482407838333126e-05
13,33.47363183199923,11.0318,1.8535788028333022e-05
14,33.570035237999036,11.1744,1.858936867444451e-05
15,33.66480415600017,11.1361,1.864360054000018e-05
16,33.75941724099903,10.947,1.869568749277783e-05
17,33.855790858000546,11.0841,1.8748224233332722e-05
18,33.951618798999334,10.9518,1.8801728518888517e-05
19,34.0462736369991,11.0293,1.8854929699444054e-05
20,34.13917855,11.0761,1.8908125066666092e-05
21,34.235525690999566,10.9282,1.895915500666686e-05
22,34.33363096699941,10.9807,1.9012609464999614e-05
23,34.4306614649995,11.0105,1.9067153972221907e-05
24,34.52766909999991,10.9996,1.91216928822218e-05
25,34.623081806999835,11.0333,1.9174898269999785e-05
26,34.719289493999895,10.9625,1.922795782499937e-05
27,34.815387356999054,10.9431,1.9281502162777744e-05
28,34.91068063499915,10.9258,1.933481708277719e-05
29,35.0061264649994,10.9505,1.938782996111109e-05
30,35.10134510500029,11.0716,1.944077215888885e-05
31,35.19817212799899,10.6751,1.9493846891110582e-05
32,35.29245526500017,10.8597,1.9547455234999993e-05
33,35.389622560000134,10.7913,1.9599943144999595e-05
34,35.487477034999756,10.7563,1.9653810434999996e-05
35,35.58118591600032,10.9932,1.9708237440555524e-05
36,35.676914421999754,10.7586,1.976028723555525e-05
37,35.772828410999864,10.7124,1.981350319666692e-05
38,35.86826991399903,10.8029,1.986681043055493e-05
39,35.96454224899935,10.814,1.9920108703333124e-05
40,36.06097234799927,10.6346,1.9973273211666717e-05
41,36.15574963200015,10.4838,2.0026797204444746e-05
42,36.252647122999406,10.585,2.0079504401111182e-05
43,36.34918161099995,10.8098,2.0133305687221665e-05
44,36.44677863099969,10.4145,2.0186964815000265e-05
45,36.54290807799953,10.6261,2.0241303110555642e-05
46,36.63873378700009,10.6533,2.0294636495000304e-05
47,36.73703943200053,10.4781,2.034798135166663e-05
48,36.832769778999136,10.7227,2.040250768277777e-05
49,36.929115069000545,10.4387,2.0455712767777895e-05
50,37.02342684599898,10.5427,2.0509260850555318e-05
51,37.11712095799885,10.4729,2.0561571732222446e-05
52,37.21881796799971,10.5248,2.0613950031111018e-05
53,37.3158826559993,10.3871,2.0670075824999813e-05
54,37.412968769000145,10.2779,2.0723869883888457e-05
55,37.509658388999014,10.3601,2.0778021750554923e-05
56,37.60576822599978,10.3737,2.08316757627775e-05
57,37.699572403000275,10.4352,2.0885137300555373e-05
58,37.79469828999936,10.423,2.0937270275555625e-05
59,37.88936456299962,10.4009,2.0990074424444174e-05
60,37.984420529999625,10.259,2.1042632177221903e-05
61,38.080177380999885,10.1396,2.1095468449999925e-05
62,38.17584874400018,10.2304,2.114860015611056e-05
63,38.78450710499965,10.0815,2.1201785451666085e-05
64,38.88224571200044,10.3103,2.1540388163888968e-05
65,38.97782324199943,10.2857,2.1594241568888418e-05
66,39.07512033800049,9.9346,2.1647604738333636e-05
67,39.17312874500021,9.9659,2.170127496777746e-05
68,39.26913993599919,10.1547,2.1755802376666097e-05
69,39.36773336599981,10.091,2.1809326058333278e-05
70,39.465316269999676,10.0146,2.1863906442222287e-05
71,39.56260973799908,9.7678,2.1918162837221947e-05
72,39.66140143899975,9.8911,2.1972182541110468e-05
73,39.7589284379992,10.044,2.2027582254999692e-05
74,39.85680205300014,9.7092,2.2081195854444663e-05
75,39.953623237999636,9.5139,2.2135602438333486e-05
76,40.05105172000003,9.9635,2.2189522509444133e-05
77,40.1478122919998,9.8749,2.2243520332222035e-05
78,40.245875065998916,9.9132,2.2297321807222438e-05
79,40.34333437599889,9.4673,2.235176270500031e-05
80,40.439637547999155,9.7359,2.2406466777222e-05
81,40.54182604900052,9.6499,2.245966000333283e-05
82,40.6413114070001,9.4036,2.251626931722159e-05
83,40.738326532999054,9.8174,2.257149806833291e-05
84,40.8353496159998,9.4413,2.2625434350000233e-05
85,40.93141426299917,9.5349,2.267916180999944e-05
86,41.02993649900054,9.4029,2.2732724313332763e-05
87,41.1272109599995,9.5975,2.2787435352778025e-05
88,41.2207465169995,9.1965,2.2841366839999563e-05
89,41.318522845998814,9.1519,2.2893416075000157e-05
90,41.41442095399907,9.1266,2.294762809000026e-05
91,41.5101709999999,9.3331,2.300116510944463e-05
92,41.60765803200047,9.3156,2.3054315184443923e-05
93,41.70261349499924,9.3569,2.3108296536111085e-05
94,41.79970400300044,9.2145,2.316122295166679e-05
95,41.896052685999166,9.3169,2.321507646222219e-05
96,41.98584320599912,9.3413,2.3268601054444136e-05
97,42.081701671999326,9.1805,2.3318351666666788e-05
98,42.17864991999886,9.1307,2.3371818571111163e-05
99,42.27505051699882,9.0684,2.3425539646666746e-05
100,42.37054555099894,9.4519,2.3479030730555274e-05
101,42.46642709200023,8.9783,2.353214799277743e-05
102,42.56153248299961,9.029,2.3585462790554934e-05
103,42.65717323999888,9.1225,2.36383563927777e-05
104,42.75347694700031,9.0964,2.3691439454443955e-05
105,42.851800074000494,8.6464,2.3744923439444393e-05
106,42.94735403800041,9.268,2.3799417459999353e-05
107,43.044453905999035,9.191,2.3853260079999424e-05
108,43.1412411959991,8.7191,2.3906563474444436e-05
109,43.23915655000019,9.1146,2.3960322459999794e-05
110,43.3364316240004,8.8499,2.401466654944468e-05
111,43.4333005339995,9.0714,2.4068790168888275e-05
112,43.53180663999956,8.7026,2.4122760503332757e-05
113,43.633011349998924,8.9909,2.417725344055523e-05
114,43.730003945000135,8.8777,2.423354002499966e-05
115,43.82743260300049,8.6629,2.428781434499999e-05
116,43.923867760000576,8.9681,2.434153489055562e-05
117,44.019615936000264,8.3996,2.439516905277742e-05
118,44.11524951899992,8.6462,2.444832463999976e-05
119,44.21145282699945,8.857,2.4501498947222193e-05
120,44.30847007000011,8.6605,2.455492652499945e-05
121,44.40517551099947,8.7418,2.4608843361666007e-05
122,44.50313457399898,8.699,2.4663160395555477e-05
123,44.60012692000055,8.506,2.4716923236111244e-05
124,44.6961891789997,8.6604,2.4770877454444012e-05
125,44.79038897399914,8.4543,2.4824308020000295e-05
126,44.88706071500019,8.7088,2.4876608501666248e-05
127,44.98272043399993,8.651,2.4930251857222174e-05
128,45.07670409599996,8.4981,2.4983373977778078e-05
129,45.17267469199942,8.6787,2.503557325444389e-05
130,45.268879084998844,8.7655,2.508896680277758e-05
131,45.36426359699908,8.7048,2.51423753155551e-05
132,45.4590084449992,8.128,2.5195340607777123e-05
133,45.552652349999335,8.549,2.5247995662777812e-05
134,45.647124766999696,8.3026,2.5300040423333282e-05
135,45.745870448999995,8.8293,2.5352553504999376e-05
136,45.84154131700052,8.7809,2.5407364297222253e-05
137,45.93863487700037,8.6897,2.5461212922221726e-05
138,46.03522291899935,8.4555,2.551446523777789e-05
139,46.13304727600007,8.7022,2.5568083527778074e-05
140,46.22933931899934,8.6637,2.5622428657777876e-05
141,46.327056146999894,8.5151,2.5675951056110636e-05
142,46.42414152099991,8.6046,2.5730207411666522e-05
143,46.52115582700026,8.7207,2.5784219043332798e-05
144,46.617056838998906,7.923,2.5838035731666323e-05
145,46.71627205100049,8.4661,2.5891679092222454e-05
146,46.81367899699944,8.5595,2.5946326294999584e-05
147,46.90957044800052,8.3425,2.600120121944403e-05
148,47.00714609500028,8.2762,2.6053823603333515e-05
149,47.10089131799941,8.1247,2.6108006691666665e-05
150,47.19662074500047,8.4587,2.6160203859444666e-05
151,47.29319253199901,8.3578,2.6213324424444284e-05
152,47.38914706799915,8.6272,2.6266887263333655e-05
153,47.485029535999274,8.2962,2.632040398222166e-05
154,47.58141878300012,8.1109,2.6373526776110847e-05
155,47.67035098999986,8.5885,2.6427179587222378e-05
156,47.76763742500043,8.6195,2.6476366206666674e-05
157,47.86335283799963,8.2002,2.6530638628333286e-05
158,47.95784923499923,8.2613,2.6583765817222228e-05
159,48.053967625999576,8.6948,2.6636260048333294e-05
160,48.14944398099942,8.0015,2.6689531531111346e-05
161,48.24542699399899,8.1129,2.6742712198889018e-05
162,48.34081320899895,8.3886,2.6796278099999557e-05
163,48.4363346099999,7.9811,2.68489665755553e-05
164,48.533612922999964,8.4873,2.6902270756110943e-05
165,48.63000665599975,8.6418,2.6956118363889095e-05
166,48.72639103399888,8.0312,2.7009699241666063e-05
167,48.82377938500031,8.4407,2.7063252422221924e-05
168,48.921457590999125,8.4198,2.7117352004999908e-05
169,49.0174516169991,8.5704,2.7171605981666293e-05
170,49.11458914200011,8.2195,2.7224975553888525e-05
171,49.2110894540001,8.3219,2.7278893159443925e-05
172,49.3056010399996,8.1679,2.7332486953888896e-05
173,49.40101983900058,8.3353,2.7385074051110983e-05
174,49.500177206000444,8.3791,2.743839972722223e-05
175,49.5974657959996,8.395,2.7493109530555055e-05
176,49.69517936900047,8.425,2.754741789666696e-05
177,49.789775834000466,8.0801,2.7601443347777807e-05
178,49.88411635599914,8.3655,2.7654093168333322e-05
179,49.98148719299934,8.3709,2.7706548837777518e-05
180,50.079911050999726,8.5447,2.7760507973888605e-05
181,50.176283259999764,7.9332,2.7815095394999944e-05
182,50.27117531299882,7.7589,2.7868707824999447e-05
183,50.366518335000364,8.0623,2.79216803761109e-05
184,50.46367797600033,8.2489,2.797438199277773e-05
185,50.561318564999965,7.7974,2.8028278784443806e-05
186,50.65670674099965,8.5614,2.8082728001111014e-05
187,50.754594960999384,7.8285,2.8135728161111425e-05
188,50.854672211000434,8.5155,2.819006944611121e-05
189,50.953209708999566,8.1399,2.8246168187221583e-05
190,51.05111704199953,8.0863,2.830038237388888e-05
191,51.146712554998885,7.7029,2.8354648610554958e-05
192,51.243545338998956,8.4985,2.840796760555552e-05
193,51.340275431999544,7.7933,2.846169355833303e-05
194,51.437586656998974,8.2859,2.851547830777741e-05
195,51.53709709099894,7.9125,2.856938060444413e-05
196,51.63285138500032,7.7927,2.8624783201111217e-05
197,51.728714134000256,7.8078,2.8678005416666365e-05
198,51.82784919999904,7.8937,2.8731872419444293e-05
199,51.92380605799917,8.1053,2.878625290666605e-05
200,52.02012552999986,7.9546,2.8839631711666192e-05
201,52.115947244999916,7.8463,2.889304100055496e-05
202,52.21123779299887,8.179,2.894638473444401e-05
203,52.30905731199891,8.3553,2.8999311250555465e-05
204,52.407053196999186,8.3008,2.9053571283332836e-05
205,52.50165298600041,7.9981,2.9107952427777695e-05
206,52.59884822799904,7.8596,2.9160659512777383e-05
207,52.69308616200033,8.1797,2.9214574308888486e-05
208,52.78972226299993,8.1432,2.926701292055542e-05
209,52.889137817999654,8.7019,2.9320594536110448e-05
210,52.98674751100043,8.2349,2.9376323171666932e-05
211,53.07614646000002,8.6856,2.943012086388889e-05
212,53.17197648199908,7.9603,2.9479804300554963e-05
213,53.26917007799966,7.9897,2.953306502666641e-05
214,53.36673360799978,7.8017,2.9587107235555677e-05
215,53.46220766799888,7.745,2.9641390065555447e-05
216,53.55575272399983,8.0601,2.9694291807222226e-05
217,53.65128809599992,8.3048,2.974623917722157e-05
218,53.74663059500017,8.2569,2.9799331161110687e-05
219,53.84385303599993,8.1481,2.985219947277781e-05
220,53.94392200999937,8.0601,2.9906209915555646e-05
221,54.038712191999366,7.9192,2.996180753611043e-05
222,54.13459517999945,8.0165,3.0014539831666606e-05
223,54.23764500700054,8.0368,3.006823182055491e-05
224,54.33613722299924,8.2771,3.012551067388914e-05
225,54.435433167000156,8.8693,3.01797758900001e-05
226,54.53306773799886,8.3331,3.023550288777794e-05
227,54.62998552499994,8.1405,3.028915350555508e-05
228,54.72649817999991,8.2984,3.034317222277726e-05
229,54.82286257499982,8.4292,3.0396613660555485e-05
230,54.919077515000026,8.1918,3.04501103744446e-05
231,55.015991123000276,8.24,3.0503531066111062e-05
232,55.11118664800051,7.9352,3.0557384068888494e-05
233,55.20336543600024,7.8006,3.0610259500555105e-05
234,55.29952848500034,7.7001,3.066162708222186e-05
235,55.39467191699987,8.0823,3.0714982032221896e-05
236,55.493785606999154,7.8392,3.0767842794444326e-05
237,55.59007161499903,8.0736,3.082295095833312e-05
238,55.68617204399925,8.3998,3.0876537041110876e-05
239,55.785364790999665,7.7149,3.0929657908888354e-05
240,55.882030630999,8.2951,3.0985403082221534e-05
241,55.97770247199878,7.7832,3.1038636193889036e-05
242,56.07476229900021,8.0886,3.109177638333272e-05
243,56.17113565999898,8.1684,3.114559999444383e-05
244,56.27090994500031,8.1156,3.1199130147777196e-05
245,56.36755511699994,7.8425,3.125459643055567e-05
246,56.46444405699913,7.7587,3.130821447166656e-05
247,56.55904221799938,7.6288,3.1362191306666826e-05
248,56.65490850700007,8.5219,3.1414839993888866e-05
249,56.753470294999715,8.3935,3.1467922910555395e-05
250,56.84381734499948,7.953,3.1522646801111274e-05
251,56.93969977599954,8.2237,3.157287811222179e-05
252,57.038370966,8.0308,3.162616567277736e-05
253,57.13732784000058,8.3442,3.168110386833278e-05
254,57.23330094300036,8.3106,3.173590128388848e-05
255,57.32855962699978,7.8779,3.17894814294444e-05
256,57.42509961699943,7.8773,3.18422955894443e-05
257,57.520169749999695,8.4329,3.189580590499948e-05
258,57.61358770799961,7.6894,3.194862093666618e-05
259,57.70776008999928,8.168,3.200064289277786e-05
260,57.80480183600048,7.8709,3.205280137499964e-05
261,57.90195527099968,8.358,3.210669171166652e-05
262,57.99671902599948,8.5021,3.216069720166666e-05
263,58.09208258099898,7.9809,3.2213470663888687e-05
264,58.18744493600025,7.4133,3.2266574361110545e-05
265,58.28365146499891,8.2976,3.2319463411666015e-05
266,58.38191107400053,7.4696,3.2372829813333134e-05
267,58.47871684999882,8.074,3.2427446563888224e-05
268,58.57678989499982,8.2464,3.2481120305555024e-05
269,58.6754223730004,8.4071,3.2536259392778044e-05
270,58.77056669599915,7.8032,3.259049931944396e-05
271,58.868454703999305,8.0713,3.2643323177777954e-05
272,58.96409107999898,7.6648,3.269768053999946e-05
273,59.06028896299904,8.1983,3.275088629666647e-05
274,59.15715914199973,8.0943,3.280428961444462e-05
275,59.25616028799959,7.8974,3.285884623222248e-05
276,59.35408925899901,8.1464,3.2913120282777934e-05
277,59.450599808000334,8.0575,3.296756789444468e-05
278,59.54881251900042,8.2792,3.302118012666647e-05
279,59.64685108199956,7.8445,3.307569377055491e-05
280,59.746335544999965,7.7733,3.313013737777712e-05
281,59.84284906500034,8.0981,3.318543949055513e-05
282,59.93951972499963,7.9139,3.323900966833309e-05
283,60.03647741199893,7.8938,3.329274566277794e-05
284,60.1314484809991,7.4386,3.3346662301666786e-05
285,60.22793199999978,7.7989,3.339939265944446e-05
286,60.32492155699947,8.0501,3.3453044353888495e-05
287,60.41674187799981,7.9947,3.35068380938891e-05
288,60.51285023499986,8.0902,3.355837639111087e-05
289,60.61046267100028,8.1315,3.3611299161110666e-05
290,60.70808001699879,7.7025,3.36654324011114e-05
291,60.80382572099916,7.9928,3.3719726021666553e-05
292,60.898211624000396,7.7646,3.377301864500017e-05
293,60.9902618899996,8.269,3.382544996833329e-05
294,61.08949683699939,7.8746,3.3876385671111264e-05
295,61.187241613999504,8.174,3.393170495111109e-05
296,61.28222626099887,7.9504,3.3985963409999795e-05
297,61.379454587999135,7.8594,3.403881427111123e-05
298,61.47632218599938,7.8509,3.4092662974444466e-05
299,61.572310016999836,8.099,3.414643623777718e-05
300,61.66837946799933,8.2508,3.419991411833305e-05
301,61.764322813000035,8.1874,3.425316231611052e-05
302,61.8597905280003,8.1401,3.4306457018888574e-05
303,61.957658850998996,8.4965,3.4359664001110817e-05
304,62.051753808000285,7.8114,3.441398105500007e-05
305,62.14955333599937,7.5793,3.446624713277743e-05
306,62.24720509100007,7.7207,3.45205106016662e-05
307,62.34441825399881,8.2913,3.457476262888829e-05
308,62.44241316300031,8.0163,3.4628860517777865e-05
309,62.539874567999505,7.9644,3.46832524566667e-05
310,62.63699632600037,7.9212,3.473742830611122e-05
311,62.733681918,7.8013,3.479188231222199e-05
312,62.8291167110001,8.1907,3.4845639628333124e-05
313,62.9178616549998,7.7343,3.4898219458888586e-05
314,63.013668659999894,7.741,3.494721123888869e-05
315,63.109793329998865,7.9447,3.500108907888918e-05
316,63.205013347000204,8.2213,3.505400610000025e-05
317,63.30363945299905,7.9416,3.510688276944469e-05
318,63.39907729799961,7.2093,3.516162327888904e-05
319,63.49767988500025,8.1295,3.5215076752221855e-05
320,63.59756262799965,8.1736,3.526969654166654e-05
321,63.69364560299982,8.2731,3.532501426166669e-05
322,63.7881358350005,7.8247,3.5378387160555784e-05
323,63.88374848499916,7.6903,3.5431009134444035e-05
324,63.98079294799936,7.5418,3.548404793277769e-05
325,64.07667610099998,7.6549,3.5537830415555115e-05
326,64.1741541499996,8.1071,3.559116764222179e-05
327,64.27142851399913,8.2663,3.5645198572221696e-05
328,64.36801965199993,7.8372,3.569949645111087e-05
329,64.46423085800052,8.0765,3.575338730888891e-05
330,64.56044345400005,7.9981,3.5806464236666215e-05
331,64.6557537489989,8.0383,3.585990570333303e-05
332,64.75373933499941,8.5813,3.591291531055504e-05
333,64.85096387799967,8.1541,3.5967406528889114e-05
334,64.94875716699971,7.6528,3.6021335132778e-05
335,65.04575065599965,7.9084,3.607564678444457e-05
336,65.14266069800033,7.9602,3.612953192055506e-05
337,65.23828781799966,7.4814,3.618340508166613e-05
338,65.33529785999963,8.3374,3.6236553229444125e-05
339,65.43018252199909,8.1381,3.629098194000007e-05
340,65.52755310499924,8.5478,3.634318129666604e-05
341,65.6269431339988,8.1019,3.6397163594999964e-05
342,65.72316348799905,7.9175,3.645241321111118e-05
343,65.81777529499959,7.4661,3.650587033500011e-05
344,65.917602522999,7.9754,3.6558755022222414e-05
345,66.01285266299965,7.4782,3.661394269055564e-05
346,66.11063723500047,8.0774,3.66668539194446e-05
347,66.20807479399991,7.6216,3.6721357304999806e-05
348,66.3139536689996,7.7613,3.677529759777725e-05
349,66.41677836400049,7.7096,3.683487055611093e-05
350,66.51647514700016,7.5849,3.6892056162222515e-05
351,66.6145079830003,7.7055,3.6946719006666375e-05
352,66.71159815499959,7.8263,3.700131406055537e-05
353,66.80823138999949,7.4217,3.70549479438887e-05
354,66.90597723300016,7.8707,3.710908085277778e-05
355,67.00138936300027,7.6258,3.716299160499956e-05
356,67.09781941899928,8.2229,3.7216050892221675e-05
357,67.19397693700012,7.9838,3.727019392499945e-05
358,67.29010959299922,7.9748,3.7322973024444464e-05
359,67.38730225799918,7.5117,3.7376469017222516e-05
360,67.48312216500017,8.0484,3.743035557944394e-05
361,67.57970312100042,7.7223,3.74836560727777e-05
362,67.68203957900005,7.821,3.7537472681111066e-05
363,67.78042279900001,7.7704,3.759423529222255e-05
364,67.87689436899927,7.2102,3.76487968555557e-05
365,67.97382519299936,7.4586,3.7702427135554905e-05
366,68.07194462000007,7.9634,3.775678482444467e-05
367,68.16875292399891,8.1905,3.7810771524999736e-05
368,68.26631774399902,7.8352,3.7865080357777416e-05
369,68.36384530599935,8.2748,3.791880148166658e-05
370,68.45924572399963,7.6371,3.7972978577221915e-05
371,68.55378320300042,7.6323,3.802599399055503e-05
372,68.65297238099993,7.9166,3.807856146777744e-05
373,68.7484896040005,8.2538,3.8133523929443784e-05
374,68.84238408099918,8.0406,3.818664664333281e-05
375,68.94010672100012,8.494,3.8239213313333195e-05
376,69.03865057499934,8.0039,3.8293061961666254e-05
377,69.13553447599952,7.6475,3.834780608055553e-05
378,69.2328558879999,7.5686,3.840165078333283e-05
379,69.3294352390003,7.9169,3.845627329888884e-05
380,69.42569446599919,7.823,3.850939307055544e-05
381,69.52104261599925,7.9787,3.856283535222247e-05
382,69.61931121700036,7.9821,3.8615837692222055e-05
383,69.71685058100047,8.2381,3.867040131333346e-05
384,69.81209933399987,7.3035,3.872454358222159e-05
385,69.90917651500058,7.7158,3.8777909791665986e-05
386,70.00620313299987,8.4359,3.8831451922221983e-05
387,70.10010351999881,7.0482,3.8885396582222206e-05
388,70.19676348599933,7.8321,3.893759320555546e-05
389,70.29558834599993,8.1768,3.899118270499962e-05
390,70.39149708600053,7.9766,3.904607789333366e-05
391,70.48956514900055,8.2699,3.909945674166617e-05
392,70.59005343900026,7.5394,3.915383485944403e-05
393,70.69000632799907,7.8578,3.920978002166622e-05
394,70.78823860400007,7.793,3.926523823499944e-05
395,70.88522159899912,7.7665,3.931979774999996e-05
396,70.98394879399893,8.1586,3.93737401944438e-05
397,71.08365628200045,8.0298,3.94284879294446e-05
398,71.18067883500044,7.4131,3.9483891593332985e-05
399,71.2776430319991,7.8764,3.9537858548888434e-05
400,71.37344886999927,7.8046,3.959172906222193e-05
401,71.47054980199937,7.1739,3.964496864666621e-05
402,71.56638711499909,8.0286,3.9698898019443934e-05
403,71.66077480700005,7.759,3.975213289111101e-05
404,71.75257490799959,7.5386,3.980457476944442e-05
405,71.8522176739989,7.3884,3.985562525666663e-05
406,71.94918161199894,8.1348,3.9911001957777146e-05
407,72.04581487299947,7.5895,3.996469129611089e-05
408,72.14070545600043,7.71,4.001844528055497e-05
409,72.23676084599902,7.6409,4.007115625722185e-05
410,72.33312650500011,8.029,4.012452134611118e-05
411,72.42828406700028,7.0637,4.017807833166646e-05
412,72.5289271290003,7.951,4.023133276222224e-05
413,72.62585833499907,7.9203,4.028684574833278e-05
414,72.727925150999,7.1832,4.034082119333309e-05
415,72.82267163100005,7.6917,4.039750827777729e-05
416,72.91770846299914,7.7845,4.04500357444441e-05
417,73.0176323809992,7.8775,4.0503026776666755e-05
418,73.11177169599978,7.8503,4.055829134277802e-05
419,73.20612873400023,7.1985,4.0610633026111224e-05
420,73.30299146700054,7.5648,4.0663215899443865e-05
421,73.39971824900022,7.4318,4.071674947777764e-05
422,73.49660488500012,7.9415,4.07706430955558e-05
423,73.59316339100042,8.2809,4.0824528534999953e-05
424,73.68876478399943,7.1712,4.087813704611108e-05
425,73.78519693700036,8.2128,4.093126606611097e-05
426,73.88124122299996,8.1984,4.098473030333278e-05
427,73.97722124099892,7.7471,4.1038181652222394e-05
428,74.07207857499998,7.6577,4.109147363055551e-05
429,74.1679443819994,7.8507,4.11441867294444e-05
430,74.26258475800023,6.9381,4.119735116611082e-05
431,74.35961185700035,7.737,4.1250043076666366e-05
432,74.45634508500007,7.4035,4.130397175999962e-05
433,74.55510675999903,8.401,4.1357738218889105e-05
434,74.65355575899957,7.4746,4.14124171099997e-05
435,74.74868566799887,7.9648,4.146784081722217e-05
436,74.84419220000018,7.5223,4.1520032211666245e-05
437,74.94182972399904,7.4093,4.157307576333349e-05
438,75.03742406200035,7.673,4.16273372166668e-05
439,75.13272119999965,7.5248,4.1680456081111416e-05
440,75.22952999100016,7.7867,4.1733411281111336e-05
441,75.32535214400014,7.6288,4.1787129144999604e-05
442,75.42173486399952,7.8082,4.1840412975555716e-05
443,75.51866608799901,7.7288,4.18940804888886e-05
444,75.6161906189991,7.6927,4.194781740999942e-05
445,75.71159559399894,7.8165,4.200193459222242e-05
446,75.80865938699935,7.8869,4.2055044892778015e-05
447,75.90642503500021,7.922,4.210883531222155e-05
448,76.00432574399929,7.8204,4.21632792472216e-05
449,76.10190785600025,8.3385,4.2217573159444635e-05
450,76.1993659589989,7.7597,4.2271799731110554e-05
451,76.2967729510001,8.0069,4.23259136038885e-05
452,76.39179089800018,8.0151,4.238007761000012e-05
453,76.48699373499949,7.803,4.2432937033888975e-05
454,76.58244103099969,7.875,4.248582169222169e-05
455,76.6801787789991,8.386,4.2538826772221606e-05
456,76.77765290599928,7.8725,4.2593057890555634e-05
457,76.8727798660002,7.7308,4.264730726055556e-05
458,76.96635772599984,7.6454,4.2700187184443877e-05
459,77.06072231100006,7.5353,4.275214782555547e-05
460,77.15560220299994,7.619,4.2804628086666226e-05
461,77.25103132799995,7.4106,4.2857277551111116e-05
462,77.34881500399933,7.4967,4.2910169886666455e-05
463,77.4457475500003,7.8896,4.296460031833299e-05
464,77.54256330099997,7.5999,4.301868840055552e-05
465,77.63931292599955,7.5231,4.3072255096110695e-05
466,77.73546761000034,7.6902,4.312592816111141e-05
467,77.82881255800021,6.7471,4.317930361611111e-05
468,77.92914482299966,7.3884,4.323135914777797e-05
469,78.02799301899904,7.2915,4.3287017199444465e-05
470,78.1235482789998,7.5744,4.33419472100003e-05
471,78.22371115900023,7.5396,4.339500909500001e-05
472,78.32289315399976,7.4968,4.34509166122219e-05
473,78.42041442499976,7.9208,4.350562940444434e-05
474,78.52224095900056,8.0832,4.355987889833361e-05
475,78.62059903499903,7.1599,4.361646520611127e-05
476,78.71344724499977,7.9347,4.367121877055575e-05
477,78.80965782099884,7.6756,4.372321551999954e-05
478,78.90702794599929,8.2208,4.377620627833292e-05
479,79.0061984669992,7.6219,4.383020277777784e-05
480,79.10279707399968,7.9882,4.388527635111132e-05
481,79.19869012799973,7.5454,4.393900867388867e-05
482,79.29472943200017,7.7089,4.3992266720000166e-05
483,79.39366528400024,7.5243,4.4045622696111325e-05
484,79.49282327800029,7.7926,4.410053598833353e-05
485,79.58877750200008,7.677,4.41556239777775e-05
486,79.68704695199995,7.617,4.420913915666663e-05
487,79.77786105199993,7.8416,4.4263596859999677e-05
488,79.87553127200044,7.5148,4.4313929367777344e-05
489,79.97303765600009,7.8124,4.4368392416110714e-05
490,80.07161980599994,7.3648,4.44225206066666e-05
491,80.16802265799924,8.0051,4.447783853833345e-05
492,80.26597145999949,7.5971,4.453077371833287e-05
493,80.36326797000038,7.8524,4.458519258777718e-05
494,80.45901385599973,7.3273,4.4639190022777865e-05
495,80.55360264299998,7.2665,4.469243318499947e-05
496,80.64918856799886,7.2585,4.474509236833304e-05
497,80.74604701399949,7.4369,4.4798145501666414e-05
498,80.8362185779988,7.682,4.485190611222202e-05
499,80.9355595449997,7.5017,4.490186628499942e-05
500,81.0331564549997,7.4424,4.4957161806110485e-05
501,81.13028081099947,7.9065,4.5011400096666165e-05
502,81.22690672499994,7.9122,4.50654028038884e-05
503,81.32238249699913,7.6156,4.5119151655555674e-05
504,81.41947243200048,7.7691,4.5172147984999865e-05
505,81.51621332300056,7.5775,4.5226030864999606e-05
506,81.61484267599917,7.6902,4.5279765146666856e-05
507,81.71172077899973,7.7473,4.5334498113333116e-05
508,81.80955622799956,8.075,4.5388451207778016e-05
509,81.90510078999978,7.9438,4.5443330099444414e-05
510,81.99526193199927,8.1009,4.5495876242777946e-05
511,82.09014533499976,7.7969,4.5545815542777243e-05
512,82.18760278700029,7.9226,4.559871611277736e-05
513,82.28349478499877,7.1491,4.56527536583336e-05
514,82.38008683800035,7.4744,4.570597792944379e-05
515,82.47581854300006,7.8039,4.57598639005553e-05
516,82.57243750700036,7.1565,4.5812921238888926e-05
517,82.66817760199956,7.5635,4.586655261944442e-05
518,82.76083710800049,7.9315,4.5919682801110566e-05
519,82.85661213499952,7.8758,4.5971146061666435e-05
520,82.95820319700033,7.9953,4.60244837461111e-05
521,83.05291345200021,8.1247,4.608096118777717e-05
522,83.14761754000028,6.8323,4.613351897333309e-05
523,83.24352369500048,8.0625,4.618621047611062e-05
524,83.33876000899909,7.9792,4.6239384657222526e-05
525,83.43354703600016,7.7298,4.6292247205555115e-05
526,83.52833665899925,7.2653,4.634496283388823e-05
527,83.62321274699934,7.0111,4.6397678181110685e-05
528,83.71854639199955,7.6776,4.645095600722218e-05
529,83.81464610500007,7.4156,4.650334901999991e-05
530,83.9125508019988,8.1783,4.6556728432222174e-05
531,84.0077403840005,7.4417,4.661113562333311e-05
532,84.10377422599959,7.5669,4.666401402944454e-05
533,84.20049403699886,7.6217,4.6717265540555676e-05
534,84.29757234899989,7.5504,4.6771136387222015e-05
535,84.39568260699889,8.0643,4.682501312888841e-05
536,84.49048367599971,7.1794,4.6879466598888436e-05
537,84.58696252899972,7.4309,4.6932773645554944e-05
538,84.6844422769991,7.6243,4.698574018499939e-05
539,84.78107253800044,7.4898,4.7040014537222104e-05
540,84.87938880900037,7.746,4.709361467388893e-05
541,84.97512680299951,7.5792,4.714824657999998e-05
542,85.0725246059992,7.9048,4.720135322277808e-05
543,85.16991566399884,7.5764,4.7255689813888845e-05
544,85.26532988299914,7.2887,4.7309598033888406e-05
545,85.36153003399886,7.5242,4.736331073666608e-05
546,85.45735059099934,7.8399,4.741609395666678e-05
547,85.54779443400002,7.5257,4.746933512444432e-05
548,85.64681955500055,7.8302,4.751952144111076e-05
549,85.74510116999954,7.5205,4.7574541608889074e-05
550,85.84441774100014,8.245,4.762929218722194e-05
551,85.94204701600029,7.6051,4.7684343866110594e-05
552,86.04120528800013,8.2175,4.77392814588883e-05
553,86.14032638199933,8.139,4.779367905888851e-05
554,86.237906716,7.651,4.78488069977771e-05
555,86.33659818699925,7.8875,4.790301742222154e-05
556,86.4328447959997,7.1183,4.7957777363888255e-05
557,86.52805140300006,7.0197,4.801187891777772e-05
558,86.6244210040004,7.8891,4.806423492499966e-05
559,86.7221713229992,7.2778,4.811777114111061e-05
560,86.81956692699896,7.7815,4.817210161222243e-05
561,86.9107061249997,7.8794,4.822601528999965e-05
562,87.00596740400033,7.2858,4.827662963888846e-05
563,87.10325748899959,7.9603,4.8329651604444736e-05
564,87.20015766899996,7.8174,4.8383641353332985e-05
565,87.2980129560001,7.5747,4.843750829666634e-05
566,87.39487411499977,6.8628,4.849188787944412e-05
567,87.4940949920001,7.6432,4.8545758557777136e-05
568,87.59118767600012,7.0935,4.8600892432222186e-05
569,87.68919110999923,7.8104,4.865538265833291e-05
570,87.78465342699928,6.887,4.870923877944431e-05
571,87.88232648399935,7.7161,4.876231043611067e-05
572,87.98159963699982,7.9981,4.8816492901110506e-05
573,88.07586251599969,7.4473,4.8871675834999326e-05
574,88.16998303199944,7.5863,4.892412204222233e-05
575,88.26738943000055,7.5934,4.897638512333288e-05
576,88.36478356400039,7.4442,4.903043444666663e-05
577,88.46425564699894,7.5834,4.908460238944422e-05
578,88.55950424299954,7.6737,4.9139836368333116e-05
579,88.65615826300018,7.462,4.919275780777753e-05
580,88.75592689299992,7.8549,4.92463954649995e-05
581,88.85214690700013,7.6305,4.930175296666676e-05
582,88.94866186699983,7.5997,4.935539002611121e-05
583,89.05089047299953,7.9345,4.940933864000019e-05
584,89.15013704500052,7.8817,4.946569665000021e-05
585,89.250856355,7.6901,4.952136297388885e-05
586,89.34088406499905,7.7691,4.9576726065000306e-05
587,89.43895898399933,7.2867,4.962670565000028e-05
588,89.53667027699885,7.9226,4.968134046444397e-05
589,89.63385176199881,7.3304,4.973620916777792e-05
590,89.72961627099903,7.3423,4.978959312333347e-05
591,89.82858932300041,7.7691,4.984275402555492e-05
592,89.9249676569998,7.0045,4.9897722021110496e-05
593,90.01984002800054,6.7351,4.995141114166674e-05
594,90.11577843299892,7.9331,4.999951171901232e-05
595,90.21298833899891,7.2564,4.99936431810494e-05
596,90.30990328100052,7.9604,4.998763254895067e-05
597,90.40654027799974,7.4036,4.998164015839505e-05
598,90.50534237799911,7.5098,4.99756077330247e-05
599,90.60230211799899,7.2892,4.996958516938276e-05
600,90.69990056899951,7.8488,4.996360373117287e-05
601,90.79747243800011,7.6354,4.9957585245185196e-05
602,90.8915406799988,7.2071,4.9951482994444444e-05
603,90.98749307099934,6.8515,4.994574270956789e-05
604,91.08247621599912,7.232,4.993981995327167e-05
605,91.18010025699914,7.4968,4.993394789277784e-05
606,91.276778903999,7.2133,4.992792772006172e-05
607,91.37394373399911,7.3046,4.992195845345684e-05
608,91.47204353400048,7.5363,4.991594871061734e-05
609,91.56730899700051,6.8463,4.990992023771603e-05
610,91.66351846399994,7.5098,4.990401349555562e-05
611,91.75731695300055,7.0079,4.989803447191359e-05
612,91.85642307299895,8.1308,4.989228245827162e-05
613,91.95219083899974,7.9726,4.988618881635802e-05
614,92.04856755199944,7.6618,4.9880201659938236e-05
615,92.14419288200043,6.9945,4.987432522172842e-05
616,92.2409644269992,7.4993,4.986841172259265e-05
617,92.33827566099899,6.9515,4.98624541445679e-05
618,92.43683873999908,7.8679,4.985644763580251e-05
619,92.53380968000056,7.2418,4.98503562841358e-05
620,92.63020149600015,7.6152,4.984436618820995e-05
621,92.73066006099907,7.3995,4.983841642734571e-05
622,92.82720711900038,7.1359,4.9832220994506176e-05
623,92.92495394399884,8.0364,4.982625570666664e-05
624,93.02582515699942,7.8807,4.9820229920432113e-05
625,93.12406910499885,7.1188,4.9814006141296315e-05
626,93.21881633500016,7.4006,4.980794701864195e-05
627,93.31419216299946,7.1314,4.980204130129635e-05
628,93.41102905099979,7.589,4.979619432907407e-05
629,93.50792076299876,7.5389,4.979021950617282e-05
630,93.60444033000022,6.7161,4.9784236159814865e-05
631,93.70385862799958,7.7023,4.977827035500002e-05
632,93.80132424399926,7.4858,4.9772147684814875e-05
633,93.89852147999954,7.4898,4.9766127742284006e-05
634,94.00213244599945,7.5656,4.976013171555555e-05
635,94.0992281889994,7.5652,4.9753731700246944e-05
636,94.19828068199968,7.4009,4.974771845500005e-05
637,94.29625781200048,7.5376,4.9741620964382775e-05
638,94.39342009499887,7.7507,4.973556815617283e-05
639,94.489341986,7.722,4.972958519919752e-05
640,94.57951498500006,7.5893,4.972365901314817e-05
641,94.67658260099961,7.1095,4.971809772469133e-05
642,94.77430578399981,7.4765,4.971209866358022e-05
643,94.87128569000015,7.9559,4.9706074904876614e-05
644,94.9668313000002,8.0893,4.9700082623148214e-05
645,95.06403871799921,7.2468,4.969418868598771e-05
646,95.16080288900048,7.9187,4.9688184814753144e-05
647,95.2573685389998,7.424,4.9682214438703735e-05
648,95.35268089800047,7.7041,4.9676256542716036e-05
649,95.44992954000008,7.8121,4.967036422944451e-05
650,95.54580897099913,7.1141,4.966436500358023e-05
651,95.6425923730003,7.5585,4.965844315067903e-05
652,95.74019409999892,7.4796,4.965247383598771e-05
653,95.83824647799884,7.2855,4.964643082395059e-05
654,95.9349298879988,7.5005,4.96404010534568e-05
655,96.0315964019992,7.2551,4.963441243728399e-05
656,96.13179893599954,7.7328,4.962839319049389e-05
657,96.22867307699926,7.7385,4.962220727376546e-05
658,96.32640814099977,7.6517,4.961628845388886e-05
659,96.42421167499924,7.2994,4.961025200512346e-05
660,96.52345890200013,7.5387,4.9604218776728465e-05
661,96.61904993200005,7.4964,4.9598103779938326e-05
662,96.71497654999985,7.3508,4.959218115141983e-05
663,96.81154467600027,7.5773,4.9586265296358066e-05
664,96.9087408790001,8.0277,4.958032026993834e-05
665,97.00705437400029,7.8236,4.957431190253093e-05
666,97.10320654499992,7.7672,4.956824595074079e-05
667,97.20248762799929,7.5185,4.956229571777784e-05
668,97.30013675599912,7.4738,4.9556181997345726e-05
669,97.3975807629995,7.051,4.955016695993829e-05
670,97.49567471099908,7.4943,4.954414434864197e-05
671,97.59495871499894,7.7042,4.953809452802466e-05
672,97.69245182099985,7.5146,4.953195884395068e-05
673,97.78959579500042,7.4759,4.952592904456797e-05
674,97.88549959500051,7.0469,4.951994055481481e-05
675,97.98450761300046,7.3691,4.951401187228401e-05
676,98.08058383999924,7.1007,4.95079009401235e-05
677,98.16961102300047,7.8112,4.950197947845684e-05
678,98.26543248000053,6.9608,4.9496497191481516e-05
679,98.36221107399979,7.5327,4.949057056314814e-05
680,98.45802965700022,7.8851,4.948458237283948e-05
681,98.55495925300056,7.9338,4.9478677091913566e-05
682,98.65208205099952,7.2539,4.947270975123457e-05
683,98.74892338399877,7.9033,4.946670240925931e-05
684,98.84775654499936,7.8169,4.9460728143580306e-05
685,98.94497641999988,7.2206,4.945462216777775e-05
686,99.04196818200035,7.7323,4.9448618887407425e-05
687,99.139999953999,7.1333,4.944263640500005e-05
688,99.23711963200003,7.7386,4.943658610018516e-05
689,99.33549811000012,7.8806,4.9430594781728426e-05
690,99.43419896199885,7.7825,4.942451178537037e-05
691,99.53174193599989,7.4778,4.9418411269074074e-05
692,99.62818540599983,7.2495,4.941239778141978e-05
693,99.72406403199966,6.9394,4.940644060216051e-05
694,99.81960938500015,7.5641,4.940053369037034e-05
695,99.91548360100023,7.0489,4.9394630787654384e-05
696,100.01064318600038,7.7061,4.938870828438274e-05
697,100.10822844900031,7.8956,4.938283722462962e-05
698,100.20549238400054,7.4518,4.937682115444446e-05
699,100.30062662300043,7.0799,4.9370800181604974e-05
700,100.39781064499948,7.5656,4.936492905104938e-05
701,100.49789625899939,6.8559,4.935888393617281e-05
702,100.59401269199952,7.6481,4.9352761357592644e-05
703,100.69411868399948,7.4343,4.9346819657530886e-05
704,100.79274663599972,7.3651,4.9340647398456796e-05
705,100.89450854899951,7.899,4.933448394018522e-05
706,100.99439270099901,6.751,4.93282214881482e-05
707,101.09161234199928,7.3714,4.93220998162963e-05
708,101.18852804199923,7.7966,4.931609995839507e-05
709,101.28648249999969,7.1348,4.931012800290122e-05
710,101.3829465990002,6.7087,4.930408196382713e-05
711,101.47510450200025,7.7183,4.929812595308642e-05
712,101.57476816400049,7.854,4.92924469172223e-05
713,101.66976529000021,7.3775,4.9286300596790124e-05
714,101.76462698599971,5.8748,4.928041334425927e-05
715,101.86086164600056,6.0129,4.927455408716048e-05
716,101.95816059599929,7.0467,4.926861994271607e-05
717,102.05629448699983,7.36,4.926262685283954e-05
718,102.1540859279994,7.4775,4.925656524098766e-05
719,102.25410857299903,7.5877,4.925053537425923e-05
720,102.35326824599906,6.8695,4.9244299774629644e-05
721,102.45214712000052,7.1575,4.9238234846975334e-05
722,102.54914701800044,7.6878,4.923210328055553e-05
723,102.64605171999938,7.9867,4.922613624382719e-05
724,102.74482861700017,7.7242,4.922016645314822e-05
725,102.84508928600007,7.5864,4.9214072587098746e-05
726,102.9420669709998,6.4815,4.920787539617283e-05
727,103.04109501200037,7.8602,4.9201880207469186e-05
728,103.13635213799898,7.4278,4.9195774983518507e-05
729,103.23245648699958,7.2476,4.918988956709879e-05
730,103.33150425900021,7.6553,4.918395623376545e-05
731,103.4287860129989,7.222,4.917784874759266e-05
732,103.52563029500016,6.5751,4.917184260216053e-05
733,103.62416692999977,6.9284,4.916585547629629e-05
734,103.72463716399943,7.9782,4.91597663503704e-05
735,103.82328810499894,6.9729,4.91535365501852e-05
736,103.91888037699937,6.9358,4.91474232700617e-05
737,104.01782537100007,7.0132,4.914158054728399e-05
738,104.1152494529997,7.6912,4.913542293148151e-05
739,104.21229438000046,7.5762,4.9129465126111146e-05
740,104.30895052199958,7.212,4.912347462598765e-05
741,104.40621767499943,7.7275,4.911750839043208e-05
742,104.501977893,6.579,4.9111520382901204e-05
743,104.59853541099983,7.5148,4.910559668123453e-05
744,104.69546955199985,7.5871,4.9099632305246985e-05
745,104.79342955900029,7.0187,4.909364772222225e-05
746,104.89198909900006,6.9667,4.908761153413578e-05
747,104.98678328799906,6.6091,4.908152192660492e-05
748,105.0856040460003,7.6411,4.907563480432101e-05
749,105.18290055000034,7.5659,4.906957065327165e-05
750,105.28132409099999,7.0946,4.9063567834506155e-05
751,105.37704448099976,6.3003,4.905749182500002e-05
752,105.47477556400008,7.4861,4.905157133456793e-05
753,105.57274945599966,7.5613,4.904555383092592e-05
754,105.6690624419989,7.3035,4.903949363327162e-05
755,105.76945419799995,7.3388,4.9033548911543283e-05
756,105.86615510499905,6.7546,4.902732668419756e-05
757,105.96417422999912,7.2506,4.9021376876111126e-05
758,106.06315844599885,7.5157,4.901533846858024e-05
759,106.16179708199888,7.4127,4.900922800333331e-05
760,106.25793693199921,6.753,4.900313424660498e-05
761,106.35293364999961,6.9816,4.899719420993829e-05
762,106.44937142900017,7.829,4.899131631104944e-05
763,106.54567320599926,7.1194,4.8985398221049404e-05
764,106.64345343700006,7.0624,4.897941441858031e-05
765,106.7413653120002,7.0819,4.89733957608642e-05
766,106.8363588129996,5.949,4.896729759827159e-05
767,106.9345087519996,6.9348,4.896149207499997e-05
768,107.0311101089992,7.4218,4.8955444280802544e-05
769,107.12700058299924,7.5105,4.894947017808646e-05
770,107.22166607600047,7.5548,4.8943551041049415e-05
771,107.31653417800044,7.4362,4.893771173746919e-05
772,107.41492836799989,7.1849,4.893184205827165e-05
773,107.51249243799975,7.0587,4.8925780569629695e-05
774,107.61062182999922,7.8266,4.8919743987592565e-05
775,107.70773009199911,5.9086,4.89137136658025e-05
776,107.80338264099919,7.1978,4.8907634266234584e-05
777,107.89939078600037,7.2643,4.8901803404506156e-05
778,107.9962665589992,7.7148,4.889587395179009e-05
779,108.09197094499905,6.3622,4.888989115030862e-05
780,108.19141461099935,8.0792,4.888398745104945e-05
781,108.28882679399976,6.6687,4.8877864663888916e-05
782,108.38650324199989,7.9096,4.887184012074074e-05
783,108.48446606899961,6.7754,4.886581384993832e-05
784,108.58155112599889,6.9738,4.885975223104944e-05
785,108.67821493299925,7.327,4.8853755038518545e-05
786,108.77813890799916,7.4027,4.8847792259012404e-05
787,108.87574688600034,7.3532,4.884164462561729e-05
788,108.9724314920004,7.7801,4.883561557679014e-05
789,109.06842061899988,6.8237,4.8829633746975304e-05
790,109.16726054699939,7.4765,4.8823707296790164e-05
791,109.2657909089994,6.808,4.881755398419753e-05
792,109.36354280199885,7.1399,4.881153858586419e-05
793,109.46089451300031,6.1026,4.880550216154321e-05
794,109.56010032199993,7.1623,4.8799440186790154e-05
795,109.65641609900013,7.2768,4.8793351594197555e-05
796,109.7540183910005,7.1535,4.878741850722219e-05
797,109.84836838199953,6.4115,4.878140341493831e-05
798,109.94540039700041,6.7119,4.877552759870373e-05
799,110.04251429099895,7.537,4.876957487851856e-05
800,110.14405129499937,6.4231,4.876351275703706e-05
801,110.24150543500036,8.0696,4.8757315867345674e-05
802,110.34426516699932,7.6922,4.875130460876543e-05
803,110.4431577159994,7.4531,4.874495405697529e-05
804,110.53850763099945,7.3693,4.8738862250555617e-05
805,110.634738793,7.128,4.873296682308642e-05
806,110.7317707459988,7.6597,4.8727034755925896e-05
807,110.83026090000021,7.6801,4.872103822845682e-05
808,110.92830798999967,7.2797,4.87149457727161e-05
809,111.02728696600025,7.3862,4.870890033246915e-05
810,111.12408805499945,6.7282,4.870279607987655e-05
811,111.22269380899888,7.4078,4.8696816558703753e-05
812,111.31936063899957,6.832,4.869074356703702e-05
813,111.41740831099924,7.7661,4.868476060438275e-05
814,111.5139877549991,6.8945,4.8678716143765454e-05
815,111.61261801199907,7.6015,4.86727514276544e-05
816,111.71139457499885,7.3948,4.866667175308639e-05
817,111.810905929,5.9361,4.866057196222227e-05
818,111.90832635100014,7.8747,4.8654421116234635e-05
819,112.00764425200032,7.1654,4.864840711518518e-05
820,112.10450497999955,7.3496,4.8642277532037024e-05
821,112.20047978599905,7.5854,4.863630509462966e-05
822,112.29567787199994,7.4047,4.8630376573580214e-05
823,112.39150315799998,7.338,4.862448354481482e-05
824,112.48788028699892,7.013,4.861857798938274e-05
825,112.58321226299995,7.0151,4.8612640390246956e-05
826,112.68164790300034,7.3739,4.86067330552469e-05
827,112.77984541099977,7.1452,4.860068289839513e-05
828,112.87787097199907,7.3391,4.859457947327159e-05
829,112.97526935099995,6.442,4.8588558145678984e-05
830,113.07359466599883,7.3765,4.858248498462964e-05
831,113.17409649299952,7.7195,4.857647927425924e-05
832,113.27262132000033,7.7983,4.857021957969137e-05
833,113.36938734700016,6.4602,4.8564192098086405e-05
834,113.46698196499892,6.9612,4.8558225782222215e-05
835,113.56336877499962,7.4716,4.855213739037038e-05
836,113.66132424599891,7.3957,4.8546245527963e-05
837,113.75714744499965,6.2595,4.8540202922654374e-05
838,113.85581948799882,7.5418,4.85342599453087e-05
839,113.95303782500014,7.3149,4.852820256487655e-05
840,114.0497017180005,6.733,4.8522193972407486e-05
841,114.147376678,7.4908,4.851621337469141e-05
842,114.24467670599915,7.419,4.851020415092591e-05
843,114.3403292740004,7.0266,4.8504185074753085e-05
844,114.43638070599991,6.8272,4.849828504388892e-05
845,114.53082423900014,6.1569,4.8492345838641974e-05
846,114.62829349399908,7.5138,4.8486524665679076e-05
847,114.7239917679999,6.7563,4.848052963179018e-05
848,114.82387329700032,7.8374,4.847459974592593e-05
849,114.92339256800005,7.5873,4.846845428049389e-05
850,115.02279977000035,7.276,4.846229677740745e-05
851,115.12131222400058,7.5624,4.845615920055552e-05
852,115.2186519120005,7.1263,4.845007961882717e-05
853,115.3146386190001,6.7149,4.8444072728765446e-05
854,115.41531265099911,7.6145,4.843814533172839e-05
855,115.51501393599938,6.9717,4.843195002944446e-05
856,115.61432369300019,7.583,4.8425781561851903e-05
857,115.71209467600056,7.1597,4.8419655714135806e-05
858,115.80973837800047,7.5958,4.841361096950623e-05
859,115.90752988500026,7.4052,4.84075916804939e-05
860,116.00421331699908,7.0447,4.840155223530861e-05
861,116.1015116969993,7.0773,4.839553540216047e-05
862,116.19897746499919,7.6938,4.83895677337655e-05
863,116.29613945399979,6.6253,4.838356181870377e-05
864,116.39409187799902,7.928,4.8377551999135814e-05
865,116.49095194700021,6.9967,4.837148859685189e-05
866,116.58833107999999,7.162,4.836552676790121e-05
867,116.68937147199904,7.0142,4.8359448323148126e-05
868,116.78729332399962,7.0126,4.8353292001049435e-05
869,116.882258783,7.0251,4.834723797271608e-05
870,116.97817082099937,7.725,4.834136870308646e-05
871,117.0736778850005,6.5973,4.833545917438271e-05
872,117.1724802209992,7.2345,4.8329557767160574e-05
873,117.26927519200035,5.9387,4.832347082222228e-05
874,117.36615434099986,7.5356,4.831748398358028e-05
875,117.46292727599939,6.3889,4.831151103191362e-05
876,117.55818795300002,7.2625,4.830549796950616e-05
877,117.65328204599973,7.1169,4.829965911493831e-05
878,117.74719453199941,7.3093,4.829378240364204e-05
879,117.84539440200024,7.7085,4.828798687827163e-05
880,117.94288955299999,7.8511,4.828194831660497e-05
881,118.03986354399967,6.8347,4.827591708160498e-05
882,118.13713866499893,7.2904,4.8269902305432155e-05
883,118.23621867899965,7.1457,4.826391488765436e-05
884,118.33282272999895,7.1745,4.8257755573148206e-05
885,118.43204786699971,7.4265,4.825182320660492e-05
886,118.52807523800038,7.1168,4.824572945185189e-05
887,118.62367819099927,7.5009,4.823978890549381e-05
888,118.72066226300012,7.5077,4.823387336691364e-05
889,118.81811713099887,7.3572,4.822790010783957e-05
890,118.91727586500019,6.9563,4.822187585006175e-05
891,119.0167462749996,7.54,4.8215737649938275e-05
892,119.1133177619995,7.6435,4.8209619233580217e-05
893,119.21041492499899,6.6738,4.8203667167962985e-05
894,119.307956147999,7.3474,4.819767134913581e-05
895,119.40637780100042,7.6612,4.8191615738703744e-05
896,119.50407981299941,6.4059,4.8185564631851853e-05
897,119.5995817639996,6.8549,4.817952510481485e-05
898,119.69635212299909,7.1577,4.817363652549381e-05
899,119.79112134499883,7.3511,4.81676665408642e-05
900,119.88913269600016,6.3593,4.816181181777783e-05
901,119.98044110199953,7.196,4.815577293407415e-05
902,120.07515336299912,5.9025,4.8150140177654354e-05
903,120.17167593299928,7.1905,4.814428232827157e-05
904,120.26854210599959,6.2786,4.81383368433951e-05
905,120.36600265299967,7.2988,4.813235389574076e-05
906,120.4636431050003,7.2667,4.812633010043213e-05
907,120.56182706799882,7.5943,4.8120309844876536e-05
908,120.66051348200017,7.5711,4.811424189518524e-05
909,120.7563846819994,6.9885,4.810815384660499e-05
910,120.8539985440002,6.8409,4.81022271630864e-05
911,120.9515830420005,6.8123,4.809621563049382e-05
912,121.04805875000056,6.0214,4.8090160600617266e-05
913,121.14712807599972,6.6699,4.808421201858022e-05
914,121.2447100850004,7.2239,4.8078110047716026e-05
915,121.34149615999922,7.0854,4.807209107734572e-05
916,121.43901625000035,6.3996,4.8066111078518545e-05
917,121.53668241000014,6.7984,4.8060091810864186e-05
918,121.6320906309993,7.0262,4.805406552975315e-05
919,121.72890539299988,7.0716,4.8048177336790175e-05
920,121.82765961400037,7.3663,4.8042212797962985e-05
921,121.92479777500012,6.3235,4.803611567197539e-05
922,122.02292488899911,7.4673,4.803011960395059e-05
923,122.1211056889988,7.385,4.802405391586417e-05
924,122.22012955299942,7.3271,4.80179889744445e-05
925,122.31568653799877,6.8033,4.8011890118333314e-05
926,122.41230179400009,7.137,4.800598403425924e-05
927,122.51014697299979,7.2757,4.800002120734574e-05
928,122.60556943899974,6.6777,4.7993973318456776e-05
929,122.70276751599886,7.205,4.798807930012353e-05
930,122.79961063100018,7.0958,4.798208952351857e-05
931,122.89908279699921,7.2254,4.797612363444443e-05
932,122.99757189999946,6.1442,4.7969924372222254e-05
933,123.0963757619993,7.645,4.7963893694876574e-05
934,123.19219797299957,7.565,4.795779899672838e-05
935,123.2876659479989,7.0025,4.795187995574082e-05
936,123.38489218599898,7.5691,4.794598506549386e-05
937,123.48196327500045,7.4572,4.793999027339503e-05
938,123.58089148699946,7.1058,4.793397923827157e-05
939,123.67767068899957,7.6812,4.792787710580252e-05
940,123.77521760299896,7.2452,4.792191722864197e-05
941,123.8705320299996,7.5424,4.791589455666674e-05
942,123.96626429999924,7.2421,4.7910008779567934e-05
943,124.06243318199995,6.4253,4.790409435074073e-05
944,124.15855679599917,7.2069,4.7898160475925904e-05
945,124.25516511999922,6.7994,4.789222597709879e-05
946,124.35201434299961,6.8696,4.7886252152901215e-05
947,124.45208414300032,7.8132,4.788027164666672e-05
948,124.55199985599938,8.1924,4.787411780580251e-05
949,124.64942216599957,6.6351,4.786793651790122e-05
950,124.74915224399956,7.7646,4.78619306160494e-05
951,124.84657676999996,7.1284,4.785577230259263e-05
952,124.94476101799955,7.4654,4.784975755345683e-05
953,125.04227518199878,7.8681,4.784369555277779e-05
954,125.13306747199931,7.7355,4.783767070499998e-05
955,125.23141262399986,7.1602,4.783207444074081e-05
956,125.32903465799973,7.5748,4.782601303339511e-05
957,125.42677000299955,6.6326,4.781997954024699e-05
958,125.527070447999,7.5524,4.781391860598764e-05
959,125.62349299400012,6.9982,4.780775335382714e-05
960,125.72388215299907,7.2101,4.7801793897592636e-05
961,125.82003777299906,6.779,4.77955990733334e-05
962,125.9201565759995,7.3819,4.778963701925932e-05
963,126.01747297600014,7.0632,4.778347793654328e-05
964,126.1155787079988,6.3513,4.777748091302469e-05
965,126.21151975800058,7.2302,4.7771425258765424e-05
966,126.30611440899884,7.0202,4.776549597358031e-05
967,126.4029705060002,7.0641,4.7759651121234554e-05
968,126.4999360820002,7.547,4.7753680880185155e-05
969,126.59886548699978,7.5471,4.774769103537045e-05
970,126.70106477700028,7.5926,4.7741577167530914e-05
971,126.80151431999911,7.2296,4.77352777017284e-05
972,126.90902529199957,7.3118,4.772905848308649e-05
973,127.01090053900043,6.8816,4.7722386005493894e-05
974,127.10936038,6.9836,4.7716135319814844e-05
975,127.20999797399963,7.0186,4.771005913172842e-05
976,127.31134969599952,6.3381,4.770386033481485e-05
977,127.41067272799955,6.5837,4.769753807975307e-05
978,127.50882648699917,6.3845,4.7691476384999964e-05
979,127.60576311099976,6.5199,4.768539646049384e-05
980,127.6972901629997,6.7967,4.767943564549389e-05
981,127.79431239400037,6.256,4.767379873080245e-05
982,127.89068754099935,7.3655,4.76677940370988e-05
983,127.98251799900027,7.6597,4.766185020845676e-05
984,128.0825119429992,6.954,4.7656189262098776e-05
985,128.179825367999,7.1923,4.765000290629629e-05
986,128.27755672899912,6.3834,4.764398987635801e-05
987,128.37720871099918,7.7414,4.763796625351854e-05
988,128.4756257049994,7.4234,4.76318116617901e-05
989,128.57279521000055,7.413,4.76257388944445e-05
990,128.6706310009995,7.3028,4.761973858512344e-05
991,128.77064305400017,7.5357,4.761370345043215e-05
992,128.86140025199893,7.1168,4.760753188617282e-05
993,128.95955708899965,7.6354,4.76019118206173e-05
994,129.05769314899953,6.0897,4.7595877757160536e-05
995,129.1560909330001,6.9696,4.758981585722228e-05
996,129.25506761799988,7.2507,4.758373351135807e-05
997,129.35103897800036,6.6299,4.757763226783948e-05
998,129.44775839199974,7.2049,4.757169676635801e-05
999,129.5461951239995,6.9678,4.756572898395069e-05
1000,129.6449572370002,7.1587,4.7559626034629637e-05
1001,129.74362785499943,7.3268,4.7553558854259246e-05
1002,129.84127140499913,6.4995,4.754747471043214e-05
1003,129.9409448009992,6.7326,4.754143182759267e-05
1004,130.0387063420003,7.2014,4.7535286029259303e-05
1005,130.13520039799914,7.5108,4.752924997518518e-05
1006,130.23220053499972,7.3122,4.7523284786419726e-05
1007,130.32889005200013,6.3971,4.751731245092596e-05
1008,130.41939531299977,7.1446,4.751134171987652e-05
1009,130.5182431409994,7.2067,4.750576890481485e-05
1010,130.61950643599994,7.5369,4.749966632209876e-05
1011,130.7183008159991,5.4758,4.749341323882719e-05
1012,130.81606546699913,7.5037,4.748729598617288e-05
1013,130.91115393200016,7.2959,4.748126898086423e-05
1014,131.0056295960003,6.1296,4.747538870154322e-05
1015,131.1028490509998,7.4065,4.7469569664444417e-05
1016,131.20421554600034,7.0871,4.746356508709882e-05
1017,131.30162726699928,6.001,4.7457309565925916e-05
1018,131.39932812299958,7.3522,4.7451257307037077e-05
1019,131.49772195600053,6.9586,4.744526060611108e-05
1020,131.59402872099963,6.9987,4.743919132981487e-05
1021,131.6914283189999,7.1334,4.743325411950616e-05
1022,131.79036043999986,6.9395,4.742724310370373e-05
1023,131.88679301699995,6.9763,4.742112496395064e-05
1024,131.98463464399902,7.2076,4.741516533777783e-05
1025,132.0796576390003,7.7037,4.740913935413579e-05
1026,132.17729184699965,6.6772,4.740327191771603e-05
1027,132.2732310499996,6.914,4.739725507123459e-05
1028,132.3713719719999,7.6059,4.739131380586424e-05
1029,132.4668689150003,5.8091,4.7385266090925906e-05
1030,132.56584629899953,7.7676,4.737936478993825e-05
1031,132.66337023199958,7.2954,4.737327807240743e-05
1032,132.76146218800022,7.5934,4.73672546501852e-05
1033,132.85845901100038,6.611,4.7361190422530896e-05
1034,132.95787602400014,7.462,4.7355199515493865e-05
1035,133.05272573900038,6.5976,4.7349060657469204e-05
1036,133.1475896289994,6.4891,4.734319533611114e-05
1037,133.24616716899982,7.2,4.733728508154327e-05
1038,133.34278210999946,7.2259,4.733125882197536e-05
1039,133.4424175839995,7.5881,4.732527159012343e-05
1040,133.54106321799918,6.798,4.731908750098767e-05
1041,133.6440601260001,6.9238,4.7313048587716084e-05
1042,133.74107299299976,6.9331,4.730669594259264e-05
1043,133.83648910800002,6.3888,4.7300710088642025e-05
1044,133.93430605699905,7.4123,4.729481472074081e-05
1045,134.0321184379991,7.1295,4.728878218888895e-05
1046,134.1297545389989,7.5958,4.7282742694814834e-05
1047,134.22717555899908,7.4284,4.7276734459567904e-05
1048,134.32389698099905,7.0676,4.727071558592596e-05
1049,134.41904945500028,5.579,4.726474221487658e-05
1050,134.5134178190001,6.3941,4.725885933697538e-05
1051,134.60942753500058,7.0687,4.72530101446296e-05
1052,134.70572579799955,5.1397,4.724711776351853e-05
1053,134.80311466499916,7.6461,4.7241159307222244e-05
1054,134.90142986200044,7.0314,4.723516707530867e-05
1055,134.9974852790001,6.9254,4.722909898172845e-05
1056,135.09435320699959,6.5154,4.722316263962967e-05
1057,135.1894719739994,6.6288,4.721718144660495e-05
1058,135.28686007800025,6.7548,4.721129095024694e-05
1059,135.3869685619993,6.9791,4.720529554129635e-05
1060,135.48640899400016,7.1322,4.719912757277778e-05
1061,135.58446886399906,6.1007,4.719297956530861e-05
1062,135.68326790900028,7.3964,4.718693545425932e-05
1063,135.7815687279999,6.5633,4.7180834990308706e-05
1064,135.87951610900018,7.0659,4.717475790925928e-05
1065,135.97520801499923,6.6215,4.716871463055562e-05
1066,136.07234527400033,6.101,4.716280838685186e-05
1067,136.16821324199918,7.5539,4.7156811363765434e-05
1068,136.26370443799897,5.3526,4.715086327901235e-05
1069,136.36069240600045,6.7208,4.714497647154329e-05
1070,136.4579885639996,7.1225,4.7139008505000005e-05
1071,136.55703537499903,7.4423,4.7132994550925944e-05
1072,136.6549098380001,7.1947,4.712689285271603e-05
1073,136.75235971599977,6.9744,4.7120850896049376e-05
1074,136.85224691599979,6.6034,4.7114831315740716e-05
1075,136.95063335399936,7.5698,4.710867208129637e-05
1076,137.046631747,7.253,4.7102592649259275e-05
1077,137.14419203499892,7.3032,4.709667304148146e-05
1078,137.24081623599886,6.3777,4.7090655942530914e-05
1079,137.3406269829993,7.1037,4.7084648394876566e-05
1080,137.43901627299965,6.542,4.7078522191358065e-05
1081,137.5365689859991,7.1397,4.707244442672837e-05
1082,137.6350026759992,6.7471,4.706642072728396e-05
1083,137.73429274499904,7.089,4.706035521635801e-05
1084,137.83239216899892,7.5519,4.7054215898209873e-05
1085,137.932230598999,7.3394,4.704818430388895e-05
1086,138.02957721299936,6.7764,4.704200611611118e-05
1087,138.12821437399907,7.4571,4.7035988355370405e-05
1088,138.2260657429997,7.1912,4.70299096339506e-05
1089,138.32408723299886,7.4417,4.702385241518518e-05
1090,138.4231514639996,6.9129,4.7017818588888914e-05
1091,138.52132768999945,6.9283,4.7011709033518565e-05
1092,138.61850305500047,6.8654,4.70056262828395e-05
1093,138.7156420779993,7.3102,4.69996355497531e-05
1094,138.81210365199877,7.0131,4.699364034401237e-05
1095,138.91104894399905,7.0002,4.698765308339503e-05
1096,139.0069171569994,5.0284,4.698158345969138e-05
1097,139.10295759399924,6.9186,4.6975666180370345e-05
1098,139.2010438469988,7.3005,4.696973885456794e-05
1099,139.29738516900034,7.1021,4.6963678068580265e-05
1100,139.3951830850001,7.6058,4.6957733086296296e-05
1101,139.49163302200031,6.6492,4.6951705507284e-05
1102,139.58849561500028,7.1033,4.6945753317654355e-05
1103,139.68558501799998,5.0203,4.6939754854567896e-05
1104,139.78161345399894,6.6261,4.6933764762716126e-05
1105,139.8809877599997,5.9058,4.6927821235617284e-05
1106,139.97757301399906,5.1198,4.692163753574076e-05
1107,140.07726115399964,7.2008,4.6915723029320965e-05
1108,140.1766328499998,6.8588,4.690959278246917e-05
1109,140.27260367099916,6.5836,4.690346041580248e-05
1110,140.37057335099962,7.3677,4.689752356432098e-05
1111,140.4685579249999,7.5242,4.689148868820992e-05
1112,140.56551164099983,6.8177,4.688545069586427e-05
1113,140.66352415300025,7.2662,4.687945093777784e-05
1114,140.75976965799964,6.8541,4.687340732259257e-05
1115,140.85324535600012,4.6172,4.686746643814814e-05
1116,140.95198389299912,7.1788,4.686168461450619e-05
1117,141.04883469299966,7.3156,4.685561352716057e-05
1118,141.14460074999988,7.1571,4.684962877246916e-05
1119,141.24008011499973,7.2641,4.684370265654319e-05
1120,141.33480311200037,7.3857,4.683781597209878e-05
1121,141.43144181800017,5.8886,4.6831923686604905e-05
1122,141.52907843100002,7.2122,4.682600076500006e-05
1123,141.6280470090005,7.3976,4.681995766197529e-05
1124,141.7219447619991,7.7407,4.681381600111118e-05
1125,141.82177712299926,7.1463,4.680804699308642e-05
1126,141.9192958499989,6.9586,4.6801905023456826e-05
1127,142.01706533700053,6.267,4.679586415475311e-05
1128,142.1158784349991,7.0569,4.678985493580255e-05
1129,142.21318637500008,6.4795,4.67837041285185e-05
1130,142.30921523100005,6.9895,4.6777737210925995e-05
1131,142.40850532600052,6.8333,4.6771816669506174e-05
1132,142.50275784599944,6.173,4.6765692839506216e-05
1133,142.59883291199912,7.2374,4.675985882759264e-05
1134,142.69481648799956,6.5054,4.6753944435061804e-05
1135,142.79259267499947,6.5848,4.6748009158765496e-05
1136,142.8845966099998,7.2559,4.674191257783953e-05
1137,142.98820765599885,7.1391,4.6736304477777756e-05
1138,143.08716459400057,7.2219,4.672990633641977e-05
1139,143.18369963899931,6.5507,4.6723797925185215e-05
1140,143.28106557499996,7.7244,4.671783203376548e-05
1141,143.3790455319995,6.7761,4.671182683030869e-05
1142,143.47887096900013,6.7316,4.670578162456787e-05
1143,143.57769805200041,6.936,4.669956188179011e-05
1144,143.673820901,7.0712,4.669351470395062e-05
1145,143.77014572699954,6.2982,4.668757183944449e-05
1146,143.8676993299996,7.3747,4.6681634124814896e-05
1147,143.967746119999,6.6591,4.667561228839504e-05
1148,144.07107071499922,7.3945,4.666937318858025e-05
1149,144.16967186500005,6.5081,4.6663063978271625e-05
1150,144.26869835899925,6.3336,4.665698297740748e-05
1151,144.36136729700047,7.094,4.665086947796294e-05
1152,144.4592319229996,6.8022,4.6645140572345666e-05
1153,144.55931231999966,6.9253,4.663909897382713e-05
1154,144.6575107289991,7.0552,4.663292302604936e-05
1155,144.758766379,7.337,4.662679733203709e-05
1156,144.86072197999965,7.5601,4.662062054876549e-05
1157,144.9604104379996,7.4589,4.661432392734567e-05
1158,145.06116613300037,6.7411,4.6608177051419734e-05
1159,145.1583039899997,7.2023,4.660195059938276e-05
1160,145.25604190299964,7.6196,4.659594937432101e-05
1161,145.35616250099883,6.3514,4.6589909030493874e-05
1162,145.45523924999907,7.168,4.6583729107901215e-05
1163,145.55403673399996,7.1507,4.6577628545987696e-05
1164,145.6543239980001,6.5331,4.657151151296299e-05
1165,145.75400496399925,7.3808,4.656531911950621e-05
1166,145.8551312519994,6.4824,4.655918168765435e-05
1167,145.95238392200008,6.3154,4.6552862542098805e-05
1168,146.04938333300015,7.0344,4.654692500203706e-05
1169,146.14807308799936,6.2042,4.654093801481485e-05
1170,146.24682225099968,6.6309,4.653486038561734e-05
1171,146.34401740700014,7.4275,4.6528686223271646e-05
1172,146.43847512899993,6.2924,4.6522743107098783e-05
1173,146.53701380299935,7.2122,4.651692510611116e-05
1174,146.63803191899933,7.3531,4.651085103086424e-05
1175,146.7351726529996,6.9116,4.6504610359876594e-05
1176,146.83377639299943,7.2499,4.649860782358027e-05
1177,146.93159680399913,6.6906,4.6492529566049366e-05
1178,147.0299280549989,7.0749,4.648648005191358e-05
1179,147.12886354699913,6.532,4.648041630388895e-05
1180,147.22426782799994,5.9794,4.6474303421728446e-05
1181,147.31974444799926,6.734,4.646842133296301e-05
1182,147.41985681000006,6.8205,4.646251806487653e-05
1183,147.51710210599958,6.7319,4.645634342827157e-05
1184,147.61743288700018,6.8147,4.64503429188272e-05
1185,147.71568473299885,7.1669,4.644414054216056e-05
1186,147.80682135200004,6.7549,4.6438084365000003e-05
1187,147.90609808699992,7.5156,4.64324766459259e-05
1188,148.0039755529997,7.2148,4.642628781456787e-05
1189,148.10268252400056,7.1608,4.642028537413577e-05
1190,148.19831192200036,6.8555,4.64141988309259e-05
1191,148.29454110699953,7.0602,4.640828521833337e-05
1192,148.39107874900037,5.9566,4.640235951771603e-05
1193,148.48642667899912,6.4796,4.639638772308641e-05
1194,148.583858693999,7.2493,4.63904853338889e-05
1195,148.68382467300034,7.1459,4.638449641932098e-05
1196,148.78203878900058,7.2853,4.6378333787963e-05
1197,148.88065073299913,6.7392,4.637224655759259e-05
1198,148.9784044879998,6.7708,4.636616521135805e-05
1199,149.0776737140004,6.8718,4.6360123247777784e-05
1200,149.17518217199904,6.8164,4.635400466388889e-05
1201,149.27314991599997,5.7416,4.634796743290123e-05
1202,149.37269287399977,6.4462,4.6341929940185264e-05
1203,149.4706890439993,6.5936,4.633580282870371e-05
1204,149.56867424699885,7.1935,4.632973386259257e-05
1205,149.66519717699884,6.5837,4.6323696328518504e-05
1206,149.76172338600009,6.9353,4.631772755648146e-05
1207,149.86051350599882,7.5323,4.631178458993833e-05
1208,149.95697783099968,6.3429,4.630569655419757e-05
1209,150.05493250499967,6.8894,4.629971796475314e-05
1210,150.15411890900032,7.3207,4.6293624556419784e-05
1211,150.25235768499988,7.2432,4.62875682491358e-05
1212,150.34986039399882,7.2178,4.628150250567901e-05
1213,150.4464107499989,7.0115,4.6275481726543265e-05
1214,150.5459660109991,6.4925,4.626952449975312e-05
1215,150.64675232599984,7.0043,4.626338754543213e-05
1216,150.74652392999997,6.5429,4.625715233111109e-05
1217,150.83909981800025,7.2932,4.625092888462961e-05
1218,150.93485674699878,7.5663,4.624526965203709e-05
1219,151.02972739299912,6.7387,4.6239366668456843e-05
1220,151.12653608999972,6.9015,4.623350531740741e-05
1221,151.2249314059991,7.1565,4.622753485376546e-05
1222,151.3223599390003,5.9392,4.622146298462965e-05
1223,151.4133243569995,6.8812,4.621544821839512e-05
1224,151.51145041500058,6.6984,4.6209851857716044e-05
1225,151.61142210199978,6.3844,4.620377531444443e-05
1226,151.71114251499966,7.0506,4.6197611951234584e-05
1227,151.80844556900047,7.2754,4.619145004549382e-05
1228,151.9075631300002,7.2956,4.618543560685187e-05
1229,152.00265742699958,5.7651,4.617933476450622e-05
1230,152.10022332100016,7.0783,4.61734517415432e-05
1231,152.1986946500001,5.8059,4.6167444975185225e-05
1232,152.29738958000053,7.2461,4.616136828074076e-05
1233,152.39268212499883,6.549,4.615525353913587e-05
1234,152.4879657040001,7.4081,4.6149372207407434e-05
1235,152.583914457,6.6667,4.614349235141982e-05
1236,152.68361631299922,6.8223,4.613757746271606e-05
1237,152.7818794729992,7.0857,4.613142004419758e-05
1238,152.88036403799924,6.7973,4.612535546123458e-05
1239,152.97786831899975,7.0062,4.6119279826975295e-05
1240,153.0760384619989,6.4724,4.611324898123454e-05
1241,153.1718649279992,6.7745,4.610719461043208e-05
1242,153.26832707299945,7.5817,4.610128032586422e-05
1243,153.36368282699914,6.2809,4.609530312870369e-05
1244,153.45884252199903,5.3815,4.6089432844629624e-05
1245,153.55076146300053,7.244,4.608355506956792e-05
1246,153.64758213999994,6.9478,4.6077894285432124e-05
1247,153.74480662299902,7.3186,4.6071917168641964e-05
1248,153.841737965,7.1371,4.6065904525617323e-05
1249,153.9387889259997,7.0031,4.605994234820993e-05
1250,154.0360908499988,6.8524,4.6053944651296295e-05
1251,154.13302943999952,6.5796,4.604793347234568e-05
1252,154.22992410900042,6.3529,4.6041954400555563e-05
1253,154.32946014799927,7.5239,4.6035969258395044e-05
1254,154.4277273179996,6.9655,4.6029826758148165e-05
1255,154.52465204500004,5.006,4.602375401987653e-05
1256,154.6227025520002,7.0286,4.601776840080248e-05
1257,154.71614946999944,4.9475,4.6011723292530867e-05
1258,154.81410069400044,6.7997,4.600593696197528e-05
1259,154.9139093979993,7.7847,4.5999905620061714e-05
1260,155.00686266699995,6.8747,4.59937442837037e-05
1261,155.10418200599997,6.8637,4.5988022719567974e-05
1262,155.20039940300012,6.6351,4.598200652574072e-05
1263,155.29504360399915,6.5751,4.597607658691355e-05
1264,155.39455158700002,7.0619,4.59702158134568e-05
1265,155.4926996539998,6.8751,4.596408980938274e-05
1266,155.59226652299913,6.8352,4.595800864648156e-05
1267,155.6903363450001,6.6506,4.595187405067907e-05
1268,155.7872221790003,5.5858,4.5945815290678984e-05
1269,155.881804912,7.0504,4.5939836755740795e-05
1270,155.9786873920002,7.0301,4.593399014549381e-05
1271,156.0767466540001,6.5157,4.5928027400185234e-05
1272,156.1671994770004,7.1607,4.592196858654326e-05
1273,156.2638114649999,6.9072,4.591640453302469e-05
1274,156.36297991399988,6.3291,4.5910410834444466e-05
1275,156.46224355999948,6.9373,4.590428205123463e-05
1276,156.56154875799984,7.4518,4.589817317382723e-05
1277,156.65899411300052,6.7732,4.589203537388894e-05
1278,156.75913677400058,7.2064,4.588603075012352e-05
1279,156.8593407169992,6.5695,4.587984082913582e-05
1280,156.9574562300004,6.5227,4.587367352858025e-05
1281,157.0512630409994,7.0951,4.5867546928271674e-05
1282,157.14802347299883,6.4042,4.586180622104935e-05
1283,157.24481090600057,6.7341,4.585584098938269e-05
1284,157.34112080299928,7.7634,4.5849865501975306e-05
1285,157.43692990599993,6.7657,4.584391858154319e-05
1286,157.53360649299975,6.5974,4.5837998892283966e-05
1287,157.63158842099983,6.9401,4.583203646858024e-05
1288,157.72801240700028,6.9403,4.582593742518524e-05
1289,157.8223470310004,6.7343,4.582003608080245e-05
1290,157.91823493999982,6.9697,4.5814212164876514e-05
1291,158.01265434599918,5.4692,4.580830312432103e-05
1292,158.10930291299883,6.8158,4.5802469651604986e-05
1293,158.20628254700023,6.4545,4.579650815043217e-05
1294,158.3030640779998,7.4354,4.579050911895059e-05
1295,158.39857915599896,7.0193,4.578454313950614e-05
1296,158.4964714859998,6.2341,4.577865136802476e-05
1297,158.59446884099998,7.4598,4.577260504376547e-05
1298,158.69252353199954,7.3707,4.576656395882714e-05
1299,158.78852835900034,6.6111,4.576050318259262e-05
1300,158.88347584499934,6.5232,4.575457104166668e-05
1301,158.97791716899883,6.5255,4.57487190848766e-05
1302,159.0751153099991,7.7368,4.5742884947345645e-05
1303,159.17017190799925,7.114,4.573689738358025e-05
1304,159.26597856599983,7.0316,4.5731028872469214e-05
1305,159.3643809770001,6.8441,4.572510172234571e-05
1306,159.4609399839992,7.2443,4.5719036433271677e-05
1307,159.5567494859988,4.4826,4.571305887364203e-05
1308,159.65095746299994,7.5025,4.570714395135804e-05
1309,159.7490716299999,7.1422,4.5701335097037034e-05
1310,159.84633934500016,6.4132,4.5695296436851894e-05
1311,159.94307990299967,6.7833,4.5689283056851906e-05
1312,160.04028261699932,6.5478,4.56833119161729e-05
1313,160.13787096299893,6.6559,4.5677259919074135e-05
1314,160.23580228900028,7.2603,4.5671298825123524e-05
1315,160.33981945400046,6.8735,4.566524834055554e-05
1316,160.43764291499974,6.7725,4.565883262839511e-05
1317,160.53674214000057,7.4423,4.5652779722037095e-05
1318,160.6359285460003,6.2211,4.564666290425925e-05
1319,160.7361616220005,7.5568,4.564052773222226e-05
1320,160.83449209100036,7.0071,4.563434956006174e-05
1321,160.93391848200008,7.3924,4.5628281746419724e-05
1322,161.03306433800026,6.8711,4.562214396376543e-05
1323,161.12937762699949,7.1917,4.561602791129628e-05
1324,161.22857829199893,7.0487,4.5610080954938335e-05
1325,161.3287312479988,7.0124,4.560396158820985e-05
1326,161.4252145720002,6.6712,4.559778758666664e-05
1327,161.52226285399956,7.3303,4.559179326530868e-05
1328,161.62046603499948,6.1226,4.558582453987662e-05
1329,161.71854713100038,6.586,4.557976144969141e-05
1330,161.81715181300024,6.9882,4.5573698581913595e-05
1331,161.91609024100035,5.928,4.556761797327162e-05
1332,162.01603198500015,7.0828,4.556150882061732e-05
1333,162.11458881900035,7.5091,4.5555351665740805e-05
1334,162.21205522699893,7.3633,4.554926341771613e-05
1335,162.30855881800017,7.1213,4.554324643203708e-05
1336,162.40607874299894,7.4618,4.5537225096172904e-05
1337,162.5023504820001,7.8811,4.553126197129637e-05
1338,162.60225558399907,7.0459,4.552527911586423e-05
1339,162.70021428499967,6.0452,4.551917234302476e-05
1340,162.79852820499946,6.3977,4.55130641138889e-05
1341,162.89621907800029,7.4286,4.5507040030617286e-05
1342,162.99415924599998,7.2993,4.5501011801172897e-05
1343,163.0937398499991,6.8652,4.549496987796296e-05
1344,163.19098279799982,6.6037,4.548882882487654e-05
1345,163.28960186800032,6.7684,4.548282152790128e-05
1346,163.38647741899877,7.639,4.547673310709876e-05
1347,163.4844234739994,7.2884,4.5470753977284005e-05
1348,163.58104878999984,5.5735,4.546467742987654e-05
1349,163.6772173270001,6.8891,4.545874008530867e-05
1350,163.7773517530004,7.4136,4.545279450820988e-05
1351,163.87649522900028,6.8566,4.544662847092595e-05
1352,163.97426404199905,7.1488,4.5440463985925905e-05
1353,164.0729892799991,6.2235,4.5434465340432094e-05
1354,164.1682960019989,6.2294,4.5428370908765506e-05
1355,164.26829431399892,7.2621,4.542249438833332e-05
1356,164.36852889299917,5.9791,4.541632619524692e-05
1357,164.46636456499982,6.0308,4.541013418740746e-05
1358,164.56668904700018,6.7554,4.540402680938269e-05
1359,164.66582679699968,6.3381,4.539789977827162e-05
1360,164.76396337299957,6.4189,4.5391782590740725e-05
1361,164.86344679499962,6.4437,4.538572194456787e-05
1362,164.96294054499958,7.8099,4.537952320592596e-05
1363,165.06082434999917,7.4231,4.537344744913585e-05
1364,165.1579014300005,7.4188,4.536738721086418e-05
1365,165.25660812499882,5.9866,4.536140612882713e-05
1366,165.35285224799918,7.4193,4.5355315264629705e-05
1367,165.4433724800001,7.2231,4.534937075876545e-05
1368,165.541419793999,5.9842,4.5343792940061745e-05
1369,165.64133237399983,7.1797,4.5337668361604915e-05
1370,165.7399350100004,6.4755,4.533157168129633e-05
1371,165.8378336349997,6.7072,4.532548480172847e-05
1372,165.93500867799958,6.6376,4.531943270253084e-05
1373,166.0337537659998,6.9201,4.531343112370372e-05
1374,166.1306615199992,7.0854,4.530734217104936e-05
1375,166.22372927300057,7.2954,4.530135112679012e-05
1376,166.32402298099987,7.2627,4.529562247327165e-05
1377,166.42138470200007,6.0696,4.528943047043217e-05
1378,166.52120059499975,5.7936,4.528340593561732e-05
1379,166.62195524399976,6.4679,4.527725305833333e-05
1380,166.7201944419994,6.2548,4.527103224302473e-05
1381,166.81862943499982,7.3265,4.526496893592594e-05
1382,166.91870917599954,6.391,4.525889427419753e-05
1383,167.01581576199897,7.4819,4.525265704641972e-05
1384,167.1144311730004,7.4574,4.524673091111108e-05
1385,167.21221602399964,7.0532,4.52406464990741e-05
1386,167.30887409099887,6.6426,4.5234594951728434e-05
1387,167.40814667999985,6.818,4.522862862432097e-05
1388,167.51084387099945,7.1758,4.5222498418888906e-05
1389,167.60843346799993,7.6371,4.521616688864194e-05
1390,167.70830454499992,6.4534,4.521012925487659e-05
1391,167.807394346999,7.6212,4.520397094203704e-05
1392,167.90371993900044,6.3569,4.519786170104936e-05
1393,168.0023630960004,6.6218,4.519191560037042e-05
1394,168.10260503999962,7.1633,4.5185819740555636e-05
1395,168.1940682179993,7.4141,4.517962189956793e-05
1396,168.2945893239994,7.1076,4.517399690907412e-05
1397,168.39478656499887,6.6949,4.516779036753088e-05
1398,168.49312481099878,6.2044,4.5161566462530904e-05
1399,168.59031696800048,6.8091,4.515552418679015e-05
1400,168.68658251299894,6.6039,4.514951773364205e-05
1401,168.78435433899904,6.1951,4.5143582266666704e-05
1402,168.8825010319997,6.904,4.513755107111115e-05
1403,168.98202287700042,7.4599,4.513149123845683e-05
1404,169.07979739099937,5.5462,4.512533101802468e-05
1405,169.17669344499882,5.8653,4.511932271432098e-05
1406,169.2761154380005,7.5904,4.511333082253091e-05
1407,169.37495089299955,7.0678,4.510719304845685e-05
1408,169.4724533569988,7.0571,4.5101089322716115e-05
1409,169.57436165299987,7.4201,4.509507131790122e-05
1410,169.67171384299945,6.9823,4.5088777995925955e-05
1411,169.76907164899967,7.0426,4.508276956283955e-05
1412,169.86700353699962,7.5273,4.507677676783951e-05
1413,169.9628377659992,7.2163,4.5070732613641987e-05
1414,170.05877082999905,6.8183,4.506479645623462e-05
1415,170.15010366299975,7.0554,4.5058881416790196e-05
1416,170.24889816699942,7.3806,4.505324893654329e-05
1417,170.34687757499887,7.3863,4.504714275117283e-05
1418,170.44467068999984,6.2847,4.504109854561727e-05
1419,170.54246581799998,6.4989,4.503506207043218e-05
1420,170.6478178109992,6.5688,4.502902766925925e-05
1421,170.7457923109996,5.9637,4.5022521753086425e-05
1422,170.8403496589999,6.091,4.501647611833337e-05
1423,170.93647034899914,4.867,4.501062704598766e-05
1424,171.0340126049996,6.8617,4.5004705483209894e-05
1425,171.13041196099948,6.291,4.499867973148148e-05
1426,171.22926706699945,6.9539,4.4992730203086445e-05
1427,171.32793189899894,5.968,4.498664639870376e-05
1428,171.41970730200046,7.1089,4.498054781104937e-05
1429,171.51851449199967,7.09,4.4974870107037046e-05
1430,171.62010385099893,6.9345,4.496872728580254e-05
1431,171.7140172090003,5.3325,4.496249152240743e-05
1432,171.81030568200003,6.9395,4.4956698788148156e-05
1433,171.90178421900055,6.6249,4.4950767260123506e-05
1434,172.00090079499932,7.368,4.49451294819753e-05
1435,172.1005917679995,7.2571,4.4938998443765425e-05
1436,172.1983429060001,6.7755,4.4932854165061736e-05
1437,172.29145652099942,6.936,4.492680007407407e-05
1438,172.39045251899915,6.7248,4.492106726672847e-05
1439,172.4890287620001,6.9584,4.4914951767469115e-05
1440,172.58769743999983,6.3626,4.4908862312284014e-05
1441,172.6859850919991,6.428,4.490277321296297e-05
1442,172.78444594699977,6.3055,4.4896709025493846e-05
1443,172.88179299200056,7.5593,4.4890626332716024e-05
1444,172.98049343499952,6.9298,4.488462825716054e-05
1445,173.07491760799894,5.4934,4.4878524237160544e-05
1446,173.17172915399897,6.629,4.487269695104945e-05
1447,173.2660394880004,5.7943,4.486666960209878e-05
1448,173.36404300399954,6.9554,4.486089482055562e-05
1449,173.46075319199917,7.0283,4.485485213265433e-05
1450,173.5567855499994,7.241,4.4848875573642e-05
1451,173.64906155599965,7.7816,4.484294968314822e-05
1452,173.7472654109988,7.2371,4.483726648518516e-05
1453,173.8458163309988,7.0888,4.483119615919754e-05
1454,173.94402288899983,6.6886,4.482510853018517e-05
1455,174.0424783849994,6.5024,4.4819050370987626e-05
1456,174.14340718699896,7.3076,4.481291702290126e-05
1457,174.24050893099957,6.8658,4.4806757354012414e-05
1458,174.33733660100006,7.1077,4.480071985722224e-05
1459,174.43651556999976,7.2072,4.479476776512344e-05
1460,174.53419274999942,6.6973,4.4788659452469125e-05
1461,174.63149847599925,5.9074,4.4782621380617356e-05
1462,174.72962920600003,7.114,4.4776614986851855e-05
1463,174.8217935849989,6.8391,4.477055718135804e-05
1464,174.9199238780002,5.6376,4.4764870337654364e-05
1465,175.0162674129988,7.0821,4.475881058117281e-05
1466,175.11422250000032,7.3092,4.4752863122222255e-05
1467,175.2119886090004,6.9127,4.474681090876548e-05
1468,175.31127150599968,6.6011,4.4740791915000056e-05
1469,175.4112991109996,6.7811,4.4734662854382774e-05
1470,175.5118354160004,7.0234,4.472849330092596e-05
1471,175.6104853809993,6.7186,4.472228396962967e-05
1472,175.70963812300033,5.7155,4.471614509611115e-05
1473,175.80737366599897,6.3223,4.471005718179017e-05
1474,175.90439564100052,6.4588,4.470404307327168e-05
1475,175.9993819859992,6.7935,4.469804642567902e-05
1476,176.0951489830004,7.2019,4.4692179732469134e-05
1477,176.1923727049998,6.8597,4.4686268002963035e-05
1478,176.2892901390005,6.6572,4.468026239901238e-05
1479,176.38634404299955,6.4225,4.4674281465061734e-05
1480,176.48471090900057,6.8745,4.4668235247839526e-05
1481,176.58275781599878,6.4371,4.4662208393827226e-05
1482,176.68368945600014,7.1893,4.4656164898580285e-05
1483,176.78177055800006,6.4471,4.464994651265431e-05
1484,176.88012023599913,7.3019,4.464387811475313e-05
1485,176.97988729200006,6.6283,4.463777635067906e-05
1486,177.0762165870001,6.3845,4.463160163913578e-05
1487,177.17442293400018,7.2585,4.462568991351851e-05
1488,177.26979787299933,3.8616,4.4619652990000024e-05
1489,177.36515267399955,5.7076,4.4613743862160556e-05
1490,177.4624002370001,6.9331,4.4607862365493795e-05
1491,177.5615445629992,6.3256,4.4601869357160535e-05
1492,177.66049925799962,7.1966,4.459570725901235e-05
1493,177.76026113599983,7.0742,4.458965094895059e-05
1494,177.85846643399964,6.8052,4.458341687802473e-05
1495,177.95355911799925,5.2544,4.457742480271604e-05
1496,178.05002583199894,6.814,4.457147359148149e-05
1497,178.147966221999,7.1451,4.456560053567899e-05
1498,178.24331096400056,6.913,4.4559567723642015e-05
1499,178.34204942999895,6.9319,4.4553661883333405e-05
1500,178.44268433300022,6.9292,4.454757245018524e-05
1501,178.54326769399995,6.3085,4.4541366857469214e-05
1502,178.6437647469993,7.2143,4.453515543444447e-05
1503,178.7350467569995,6.879,4.452896176938271e-05
1504,178.83420055199895,7.1203,4.452331722981488e-05
1505,178.93225042799895,7.1587,4.45171987230864e-05
1506,179.03136030600035,7.1018,4.451114301376543e-05
1507,179.12934322799993,7.109,4.45050364755556e-05
1508,179.22669580799993,6.1993,4.4498966656481484e-05
1509,179.32462967500032,6.5772,4.449295793641975e-05
1510,179.4246944409988,6.1946,4.448691906e-05
1511,179.52254539899877,6.5696,4.448073849716057e-05
1512,179.62208753199957,6.6714,4.4474700078580225e-05
1513,179.7204349099993,7.5135,4.446855693080254e-05
1514,179.81853579400013,4.7421,4.4462481133333304e-05
1515,179.91485275000014,6.1539,4.445642613956796e-05
1516,180.01221015900046,7.3598,4.4450476237716095e-05
1517,180.10918881999896,7.5411,4.444447581148151e-05
1518,180.20759765299954,7.254,4.443848146549387e-05
1519,180.30812689499908,6.9763,4.443241045228397e-05
1520,180.40228421599932,6.939,4.442620726098764e-05
1521,180.50307727299878,6.6513,4.442040015320985e-05
1522,180.60090764699999,7.0553,4.44141741985186e-05
1523,180.7006108229998,5.9853,4.4408131093271633e-05
1524,180.79942335099986,7.5401,4.440197747283952e-05
1525,180.89697485099896,6.6053,4.439587921679016e-05
1526,180.99494121600037,6.5315,4.4389866916234625e-05
1527,181.0967631629992,6.5236,4.438381934364198e-05
1528,181.19696727299925,6.7314,4.4377499571543285e-05
1529,181.29623162499956,6.6504,4.437127352950619e-05
1530,181.3955593369992,7.1595,4.436520168709874e-05
1531,181.49311701799888,6.4173,4.4359072084938326e-05
1532,181.58876997299922,5.3579,4.435304728790122e-05
1533,181.68699732599998,7.1736,4.4347143086419755e-05
1534,181.78517035500045,7.0406,4.434108889148146e-05
1535,181.88407530800032,5.9601,4.433502286901235e-05
1536,181.98325630599902,7.1382,4.4328935098827194e-05
1537,182.07837821499925,5.0055,4.432279993962968e-05
1538,182.17188539199924,5.6592,4.431691625141979e-05
1539,182.26658064100047,4.5954,4.4311155937592635e-05
1540,182.3629963129988,6.2999,4.4305314897901215e-05
1541,182.46056436099934,7.0872,4.429936277635803e-05
1542,182.5601813459998,5.9289,4.429334759685193e-05
1543,182.6595062209999,7.2824,4.428714986462968e-05
1544,182.75776790599957,6.6502,4.428106411265437e-05
1545,182.85690737000004,6.34,4.4274986590432075e-05
1546,182.95611105999888,5.5077,4.4268869629876584e-05
1547,183.0554640800001,6.1597,4.4262759070864234e-05
1548,183.15435624199927,6.4456,4.425662815055552e-05
1549,183.25305291800032,5.9894,4.425051778135808e-05
1550,183.34949762799988,4.9574,4.4244421197777846e-05
1551,183.44533690800017,6.2813,4.42384534537037e-05
1552,183.541724789,6.521,4.4232543902037015e-05
1553,183.63943071799986,5.8618,4.4226597641790155e-05
1554,183.7352573320004,6.4906,4.422056615419754e-05
1555,183.83429450199947,6.2125,4.4214654619814885e-05
1556,183.93268567499945,6.176,4.420854666611118e-05
1557,184.03251805800028,6.4146,4.420246775234571e-05
1558,184.1321163880002,6.3116,4.4196312006913586e-05
1559,184.23134967199985,7.3281,4.419016727117286e-05
1560,184.32750782599942,6.5912,4.41840404124692e-05
1561,184.4313108869992,7.3984,4.417807445802473e-05
1562,184.5280757649998,6.7057,4.417169661092593e-05
1563,184.61842771599913,6.5624,4.416571410104945e-05
1564,184.7106267929994,7.0711,4.4160152950370404e-05
1565,184.80577659600021,6.4486,4.415445861364204e-05
1566,184.90201027200055,7.0132,4.41485517462963e-05
1567,185.00017196800036,6.7956,4.4142629056851875e-05
1568,185.09484886099926,4.9744,4.413658673802476e-05
1569,185.19586641999922,7.6171,4.413072225006174e-05
1570,185.29401517099905,6.782,4.412449544117284e-05
1571,185.39158632199906,6.1188,4.411841063598769e-05
1572,185.49017312899923,6.3771,4.4112419094814795e-05
1573,185.5890941380003,6.7329,4.410626947246918e-05
1574,185.68742940499942,7.323,4.410019943061736e-05
1575,185.78673938099928,6.8441,4.40941541183334e-05
1576,185.88582141799998,7.1716,4.4088022605987654e-05
1577,185.98379903299974,6.517,4.408191434024699e-05
1578,186.0831542979995,6.7306,4.407586115456789e-05
1579,186.17938006300028,6.2361,4.406966118938277e-05
1580,186.27937247800037,6.9602,4.406376737864203e-05
1581,186.377278381,6.6601,4.4057622208703704e-05
1582,186.47605622099945,6.7258,4.405155690067906e-05
1583,186.5737948599999,6.6988,4.4045407482222283e-05
1584,186.67565451799965,6.5698,4.4039429019506176e-05
1585,186.77172829699884,7.0374,4.40331524814198e-05
1586,186.86731061799946,6.3445,4.4027212358642034e-05
1587,186.96465027799968,7.103,4.4021317886481485e-05
1588,187.0621986389997,6.1861,4.401529887061725e-05
1589,187.16570484600015,6.3556,4.400924908234573e-05
1590,187.2627259609999,6.6561,4.4002901765925905e-05
1591,187.36442747199908,7.3497,4.399692287456797e-05
1592,187.46323440800006,6.1337,4.3990591274876605e-05
1593,187.56283911900027,6.5955,4.398450632364198e-05
1594,187.66517767799996,6.516,4.3978290899444525e-05
1595,187.76625328000046,6.8881,4.397207081555561e-05
1596,187.8651982020001,5.4955,4.396581700549379e-05
1597,187.9638074129998,6.5445,4.395970920043207e-05
1598,188.06322881300002,7.3034,4.3953629580987635e-05
1599,188.16339490099926,6.8269,4.3947495804999966e-05
1600,188.26018951100014,6.6844,4.3941320258271635e-05
1601,188.3595612600002,6.167,4.393533163129627e-05
1602,188.4590203759999,7.2774,4.392920317080243e-05
1603,188.5555463799992,7.2341,4.392307195320989e-05
1604,188.6533135919999,6.4222,4.391703476746914e-05
1605,188.75279360400054,6.5454,4.391107029154329e-05
1606,188.84972989900052,5.5772,4.390493087123464e-05
1607,188.9480455920002,6.5824,4.3898930505185245e-05
1608,189.0424211919999,6.7608,4.38928097187654e-05
1609,189.13779444300053,6.5062,4.388705049833334e-05
1610,189.23702452199905,6.1587,4.388115462814817e-05
1611,189.33510883300005,7.1649,4.3875038300740796e-05
1612,189.4339766489993,6.7483,4.386898563302476e-05
1613,189.53024152999933,7.2907,4.386287413808644e-05
1614,189.62800742499894,6.0545,4.385693500703709e-05
1615,189.72589541599882,6.1032,4.385091244604941e-05
1616,189.82130295099887,6.2461,4.384486763641982e-05
1617,189.9228424539997,6.7755,4.383897026160491e-05
1618,190.0224781529996,7.1,4.383270629654329e-05
1619,190.1203808219998,6.0865,4.3826555926851845e-05
1620,190.21750260099907,5.087,4.382050787314818e-05
1621,190.31360171800043,6.562,4.381451596104943e-05
1622,190.4136370209999,6.8085,4.3808590207839495e-05
1623,190.510793043999,6.2756,4.3802412471296286e-05
1624,190.6081776079991,5.5557,4.379641725000005e-05
1625,190.70584337699984,6.8222,4.379040153172838e-05
1626,190.80445041999883,6.8729,4.378436948098765e-05
1627,190.90180860200053,6.4311,4.377829731864197e-05
1628,191.00171551600033,6.8812,4.37722712156173e-05
1629,191.09965024699886,5.8395,4.376612146154328e-05
1630,191.19595236299938,6.2118,4.376006293185184e-05
1631,191.2911226340002,5.7938,4.375411807716055e-05
1632,191.3904479369994,7.2074,4.3748234263765445e-05
1633,191.48814590300026,6.6236,4.3742123838950605e-05
1634,191.58658870599902,7.2289,4.3736080261543284e-05
1635,191.68793597900003,5.2223,4.372999403265432e-05
1636,191.78542379899955,6.8608,4.372374690037041e-05
1637,191.883092570999,6.9225,4.371773011469138e-05
1638,191.9841291069988,6.6725,4.371169786561726e-05
1639,192.0805276480005,6.1721,4.370547028907407e-05
1640,192.17554490399925,6.6796,4.3699512916666635e-05
1641,192.27077728699987,6.9879,4.369361212716049e-05
1642,192.36781785099993,5.8558,4.368776920129632e-05
1643,192.46390919899932,6.1997,4.368178565796303e-05
1644,192.5606353869989,6.2882,4.367581322018525e-05
1645,192.65961243899983,7.236,4.366987767080249e-05
1646,192.75785807399916,6.009,4.366377281919759e-05
1647,192.8591464759993,7.1422,4.365765508685186e-05
1648,192.95478472099967,4.3521,4.365144917438276e-05
1649,193.05087067400018,6.2905,4.364554425913579e-05
1650,193.14730890399915,6.0625,4.363962463537041e-05
1651,193.24152585400043,6.3697,4.363366049209875e-05
1652,193.33953454400034,6.7795,4.3627832512592596e-05
1653,193.43839015699996,5.6014,4.36218062029012e-05
1654,193.5385486239993,6.4101,4.361569580290131e-05
1655,193.6370318520003,5.6765,4.360952071481487e-05
1656,193.7347158299999,7.068,4.360344182666672e-05
1657,193.83135443500032,6.3826,4.359736892358027e-05
1658,193.93031842900018,7.0717,4.3591436371604944e-05
1659,194.02768909899896,6.4123,4.3585276890987674e-05
1660,194.12331098699906,6.3455,4.357932063012346e-05
1661,194.22077868700035,6.4021,4.357341847141975e-05
1662,194.31801835999977,6.5719,4.3567395158765476e-05
1663,194.41591311899901,5.5053,4.3561393901172895e-05
1664,194.51294444999985,5.965,4.3555336995555585e-05
1665,194.61005287999978,6.937,4.3549372188086455e-05
1666,194.70645921100004,5.5679,4.3543374078950636e-05
1667,194.8025120379989,7.1679,4.3537425632407405e-05
1668,194.89928205099932,7.3803,4.353148880481485e-05
1669,194.99790951899922,6.49,4.352552430154328e-05
1670,195.09620885799995,6.7543,4.351943921537042e-05
1671,195.19301283799905,5.962,4.3513381037345666e-05
1672,195.28724837699883,6.406,4.350738650524689e-05
1673,195.38586489199952,6.7361,4.350156560561736e-05
1674,195.48459868200007,6.9777,4.3495492118765446e-05
1675,195.58102786900054,6.496,4.348939686172838e-05
1676,195.67472646399983,5.4675,4.3483361927469166e-05
1677,195.7739102229989,6.1689,4.347763985456795e-05
1678,195.87079881200043,5.5735,4.3471528848765416e-05
1679,195.96712784599913,5.5803,4.346550013820989e-05
1680,196.06678413999907,7.0527,4.3459601335308654e-05
1681,196.16917346300033,7.1143,4.3453394172901214e-05
1682,196.26615219799896,6.4901,4.344713133425934e-05
1683,196.36363461499968,6.5235,4.344113337314816e-05
1684,196.46079659899988,5.8982,4.343512469160498e-05
1685,196.55682056799924,6.1234,4.3429119787037007e-05
1686,196.65494004299944,7.0675,4.342318666395066e-05
1687,196.75391111200042,6.5352,4.3417143205987726e-05
1688,196.85139895800057,7.2175,4.341103019111118e-05
1689,196.94913358399936,5.8657,4.340502153666668e-05
1690,197.04512706700007,6.433,4.3398996884444486e-05
1691,197.14497564199883,6.5761,4.339305601950625e-05
1692,197.24075330800042,6.5903,4.3386892798086404e-05
1693,197.3398777809998,6.8376,4.3380975612469157e-05
1694,197.4372036579989,6.6587,4.3374867845432164e-05
1695,197.53181240499907,5.836,4.336885154907409e-05
1696,197.62733455099988,7.1128,4.3363010572777826e-05
1697,197.72614082499967,7.2458,4.335710740691361e-05
1698,197.82359315699978,6.2051,4.3351033027345716e-05
1699,197.92260166699998,5.8159,4.334494438030864e-05
1700,198.02204628399886,7.0208,4.333890537709881e-05
1701,198.11963335600012,6.3132,4.333276940993831e-05
1702,198.21863896700052,6.6596,4.3326692559012375e-05
1703,198.31910111199977,5.9414,4.332060847012346e-05
1704,198.41703065399997,6.4395,4.3314353332901266e-05
1705,198.5170948340001,5.8724,4.330836234290125e-05
1706,198.61560617099894,7.0676,4.330213111469136e-05
1707,198.71092214800046,5.3907,4.329611946499999e-05
1708,198.80603715299912,6.7466,4.329022964679019e-05
1709,198.90398150500005,6.1969,4.328435484629636e-05
1710,199.00031191800008,5.521,4.327831266382722e-05
1711,199.0976762219998,6.1807,4.327233810432102e-05
1712,199.19441276100042,6.9243,4.326636263259265e-05
1713,199.2930966219992,6.6907,4.3260392417839545e-05
1714,199.39048574200024,6.4614,4.325429638524692e-05
1715,199.48728641999878,7.3872,4.324827953635801e-05
1716,199.58720898699903,6.9999,4.324230103160494e-05
1717,199.68418763699992,7.0646,4.3236143709259246e-05
1718,199.77593189899926,6.1657,4.3230148939814804e-05
1719,199.87294377299986,6.5523,4.322450050401232e-05
1720,199.9708186409989,5.718,4.321849387864196e-05
1721,200.0691943719994,6.9829,4.321245627765435e-05
1722,200.16678320699975,6.3332,4.320639277154318e-05
1723,200.264560358999,6.7077,4.3200345704012366e-05
1724,200.36451271899932,6.6149,4.319432103882718e-05
1725,200.46344471299926,7.0388,4.318816497351859e-05
1726,200.56252521699935,7.0021,4.318204930740739e-05
1727,200.6589690639994,6.9119,4.317593690685184e-05
1728,200.7575706589996,6.2394,4.316993978783956e-05
1729,200.85996166299992,6.014,4.316391358851849e-05
1730,200.95141975099978,7.4967,4.3157567308086454e-05
1731,201.0516937299999,7.0918,4.315188855345684e-05
1732,201.149043428999,7.2953,4.31457422719753e-05
1733,201.24677983199945,6.2988,4.313973577327163e-05
1734,201.3445188909991,6.871,4.313369604240742e-05
1735,201.44368518599913,6.1783,4.312766757283948e-05
1736,201.54142994799986,5.598,4.312148634234571e-05
1737,201.63836481100043,6.5574,4.311550964820987e-05
1738,201.7355554349997,7.3708,4.3109527563580214e-05
1739,201.83212001100037,6.5758,4.310352648950615e-05
1740,201.92899734300045,6.5626,4.3097569310555544e-05
1741,202.0262534859994,6.1844,4.3091589031728407e-05
1742,202.12169353299942,6.3036,4.308557978438274e-05
1743,202.2125221819988,7.5277,4.3079690399876604e-05
1744,202.30923435600016,4.6302,4.307409812697536e-05
1745,202.40553224999894,6.7194,4.306810604018525e-05
1746,202.50316344699968,7.154,4.3062172652098756e-05
1747,202.6006405829994,6.0633,4.305614830537044e-05
1748,202.69992177899985,6.6415,4.3050067143518545e-05
1749,202.79824663399995,6.7794,4.3044001009074134e-05
1750,202.89644855299957,6.934,4.303793754333331e-05
1751,202.99126563400023,6.4191,4.303186540586422e-05
1752,203.09016225400046,6.4308,4.302601272938279e-05
1753,203.1890888050002,7.15,4.301992237395064e-05
1754,203.2854951169993,6.4515,4.301379920851857e-05
1755,203.38447084700056,6.9223,4.300784836067904e-05
1756,203.48411027600014,3.9576,4.300174085185186e-05
1757,203.58550858499984,7.0199,4.299554240469133e-05
1758,203.68852621000042,6.4627,4.2989331172962966e-05
1759,203.7866207449988,7.0881,4.298297021586425e-05
1760,203.88304671699916,6.4235,4.297690559067902e-05
1761,203.97961497799952,5.7504,4.297095898246914e-05
1762,204.0794477519994,6.6448,4.296500496777781e-05
1763,204.1782892909996,6.5013,4.295885951728395e-05
1764,204.27632660999916,6.1606,4.2952743990555616e-05
1765,204.37230587799968,6.593,4.2946694189629654e-05
1766,204.46786903800057,6.1336,4.2940755195925894e-05
1767,204.56607950599937,6.9322,4.293486131518516e-05
1768,204.66449771899897,6.5812,4.2928807224382776e-05
1769,204.762735504999,5.7227,4.292272828117292e-05
1770,204.85972944400055,5.9649,4.291659368561734e-05
1771,204.96128904299985,6.0803,4.291062770586422e-05
1772,205.05728630199883,3.191,4.2904400971049395e-05
1773,205.15451987899905,7.1305,4.289846398012349e-05
1774,205.25183953799933,6.9093,4.289248697296303e-05
1775,205.3500187440004,6.159,4.288644585876547e-05
1776,205.44695231600053,5.2046,4.288041092098765e-05
1777,205.54816899300022,6.8771,4.287443502777776e-05
1778,205.64755936499932,6.8749,4.2868161484197525e-05
1779,205.74643172499964,6.3585,4.28620475877161e-05
1780,205.84625952100032,6.6111,4.285594555753084e-05
1781,205.94429547799882,6.6596,4.284978870160501e-05
1782,206.3876158869989,6.3484,4.284372777111109e-05
1783,206.4834181419992,6.5194,4.281636258543215e-05
1784,206.57914699499997,6.4269,4.281045879117289e-05
1785,206.6772150479992,7.4708,4.2804523400987636e-05
1786,206.77246122399993,3.6254,4.2798482893209935e-05
1787,206.86968360799983,6.0122,4.2792599014320994e-05
1788,206.96589715299888,6.0578,4.278660454302475e-05
1789,207.06501143099922,6.6404,4.2780656409876555e-05
1790,207.1626811949991,6.1122,4.2774543043518594e-05
1791,207.26004760700016,6.1273,4.276851764475306e-05
1792,207.35162396299893,7.0498,4.2762512400802535e-05
1793,207.45107192799878,6.7392,4.275686550907413e-05
1794,207.54766512599963,6.8275,4.275072767641975e-05
1795,207.64586546099963,6.7736,4.274474220012345e-05
1796,207.74526603699996,6.2787,4.27386956880864e-05
1797,207.84362003800015,5.4735,4.2732566010370446e-05
1798,207.9435373920005,7.014,4.2726490427222295e-05
1799,208.0412515650005,6.7158,4.2720302910185166e-05
1800,208.13862131699898,7.3199,4.271424359820994e-05
1801,208.2378468400002,7.0452,4.2708265880617346e-05
1802,208.33719348399973,6.603,4.270214666117288e-05
1803,208.4377115799998,6.9044,4.269595540253092e-05
1804,208.53564871799972,5.5707,4.2689795328641945e-05
1805,208.6347031919995,6.7296,4.268377191080247e-05
1806,208.73185028899934,6.3502,4.2677653501851854e-05
1807,208.82787613599976,5.3479,4.2671651924938267e-05
1808,208.92490095799985,6.7344,4.266572291944444e-05
1809,209.02149175199884,6.7316,4.2659704364074105e-05
1810,209.11812528500013,6.3269,4.265378329000006e-05
1811,209.21372915999927,3.14,4.264781767413578e-05
1812,209.3119425169989,6.9912,4.2641896903580214e-05
1813,209.41017527300028,6.2928,4.263585006166674e-05
1814,209.50714123899888,4.4254,4.2629791392098834e-05
1815,209.60582277100002,6.6326,4.2623790828395135e-05
1816,209.70379823199983,6.8139,4.261770887882718e-05
1817,209.8019830329995,5.8486,4.2611620152654296e-05
1818,209.9029361819994,7.0553,4.260558209697536e-05
1819,210.00279521999983,6.8964,4.259936341629631e-05
1820,210.10229873199933,7.2907,4.259314094253086e-05
1821,210.20007802299915,5.6153,4.258706800067905e-05
1822,210.29917955900055,6.7878,4.2581012879259275e-05
1823,210.39738377399954,6.1131,4.257490825320985e-05
1824,210.4926582979988,6.0664,4.256884460623457e-05
1825,210.59212591699907,6.9494,4.256295705265434e-05
1826,210.69031891600025,6.5343,4.255682569067906e-05
1827,210.78720350000003,6.341,4.2550760161481475e-05
1828,210.88474248300008,6.1659,4.2544774745493885e-05
1829,210.98304523499974,6.3845,4.2538695601975344e-05
1830,211.08123567700022,6.3857,4.253270221895059e-05
1831,211.17936604999886,4.9235,4.252662008327162e-05
1832,211.27608541500013,7.0871,4.252057360925931e-05
1833,211.37181095300002,6.2988,4.2514610948086406e-05
1834,211.4655620680005,5.3071,4.250869350765433e-05
1835,211.56270428300013,6.6103,4.250289641209882e-05
1836,211.65832832699925,6.3805,4.249691432654328e-05
1837,211.76271608499883,6.6818,4.24909402851852e-05
1838,211.85943841399967,6.3478,4.248456384462961e-05
1839,211.9571739969997,6.9206,4.247859919938279e-05
1840,212.05420605700056,6.2938,4.247256360098763e-05
1841,212.15180795699962,6.5391,4.24665743876543e-05
1842,212.24179342099887,6.2977,4.2460549023765425e-05
1843,212.3394935719989,6.7819,4.245501420512348e-05
1844,212.4364981210001,6.601,4.24489734984568e-05
1845,212.5331355269991,6.897,4.2442969338888946e-05
1846,212.62836683599926,6.6903,4.2437006397160505e-05
1847,212.72496870299983,4.7132,4.2431127510061755e-05
1848,212.82023771999957,6.2909,4.24251608659259e-05
1849,212.91846658699978,6.5984,4.2419282849814854e-05
1850,213.0170988230002,6.4048,4.241322197555555e-05
1851,213.11288045000038,4.7035,4.2407138157037076e-05
1852,213.210579392,6.0851,4.240122744049384e-05
1853,213.30749068399928,5.964,4.239518521679011e-05
1854,213.40744667000035,6.8065,4.238921013030865e-05
1855,213.50340030299958,6.2143,4.238298094092594e-05
1856,213.59950386499986,5.9708,4.237710842845681e-05
1857,213.6975767189997,6.1432,4.237118236487653e-05
1858,213.79667825399883,7.1162,4.236512510802472e-05
1859,213.89703214499968,6.9383,4.2359014146975284e-05
1860,213.99260552600026,5.7564,4.235282316932104e-05
1861,214.09115402600037,6.3432,4.234691520037039e-05
1862,214.19055110599948,6.1113,4.2340831016543256e-05
1863,214.29183004900005,6.7579,4.2334690264814875e-05
1864,214.3907153179989,6.9843,4.232844245925932e-05
1865,214.49422952799978,6.7178,4.232233559209873e-05
1866,214.59361126899967,6.5195,4.231594430919751e-05
1867,214.6922863639993,5.5815,4.230979990080245e-05
1868,214.7907337939996,6.0874,4.230372078580252e-05
1869,214.88945632600007,6.722,4.229764758290126e-05
1870,214.9929143770005,7.1768,4.229155838777775e-05
1871,215.09199201299998,5.5851,4.228517805839506e-05
1872,215.18882463999944,6.0254,4.2279058736234626e-05
1873,215.28726737800025,7.0611,4.2273067471913595e-05
1874,215.38491799599979,7.042,4.2267003246851925e-05
1875,215.4812985890003,5.9902,4.226097195320995e-05
1876,215.57946915799948,7.033,4.225501612783953e-05
1877,215.6777005339991,6.1368,4.2248955524814796e-05
1878,215.77771840700007,6.9756,4.2242882189197595e-05
1879,215.877592421999,6.3407,4.2236726990185174e-05
1880,215.97847772000023,6.9728,4.2230495281481484e-05
1881,216.0773522620002,6.242,4.222434376851849e-05
1882,216.17459742699975,5.9586,4.221822663820985e-05
1883,216.27306753300036,7.1392,4.221222126660501e-05
1884,216.3709595319997,6.1623,4.22061466651852e-05
1885,216.4641030570001,6.3452,4.2200102768765424e-05
1886,216.564172512999,6.2231,4.219437102098766e-05
1887,216.66526551599964,6.7048,4.218816751129632e-05
1888,216.7650179709999,6.7791,4.218193399222221e-05
1889,216.86456061599893,6.8925,4.217578802802474e-05
1890,216.96509341099954,6.7279,4.216963319839506e-05
1891,217.06698913699984,6.9273,4.216343174469139e-05
1892,217.16672485199888,6.5846,4.215715162074082e-05
1893,217.26188558899958,5.323,4.215098866277778e-05
1894,217.35711619999893,5.2271,4.214510403080253e-05
1895,217.45543132999956,6.4604,4.213922227277776e-05
1896,217.5478606859997,6.5244,4.213317822537041e-05
1897,217.64713781699902,6.0707,4.2127461497839474e-05
1898,217.74718691999988,6.7132,4.2121327544259265e-05
1899,217.84291799200037,6.5801,4.2115152222284025e-05
1900,217.9347293970004,6.7625,4.210924362629629e-05
1901,218.033686752,6.5476,4.210357759086418e-05
1902,218.13403754499996,5.6294,4.2097444931111154e-05
1903,218.23055323799963,6.2778,4.2091274898827166e-05
1904,218.32554170100047,6.6638,4.208531651493834e-05
1905,218.42007554599877,6.6613,4.207944742104937e-05
1906,218.51654072099882,6.5712,4.207360071407415e-05
1907,218.61136622099912,6.0938,4.2067651945740796e-05
1908,218.70904938899912,6.5369,4.206176975660498e-05
1909,218.8037075430002,6.3306,4.2055782829012385e-05
1910,218.90244203200018,6.7273,4.204992761246912e-05
1911,218.99984073700034,6.8344,4.204384158327163e-05
1912,219.0971252750005,7.1385,4.2037827035617315e-05
1913,219.1951839989997,6.4671,4.203182481111116e-05
1914,219.29304183299973,5.993,4.202578736530872e-05
1915,219.39030187000026,6.2515,4.201973007814817e-05
1916,219.48877358400023,6.8211,4.201371790438271e-05
1917,219.5845610689994,6.1429,4.200763762370374e-05
1918,219.68212605999906,7.225,4.200172752104944e-05
1919,219.77966650800045,7.1291,4.1995720773271654e-05
1920,219.8779124800003,7.1905,4.198969890919755e-05
1921,219.9752215970002,6.3544,4.1983620833518534e-05
1922,220.06724761399892,6.9089,4.1977621457530925e-05
1923,220.173212194999,5.6254,4.1971940162160493e-05
1924,220.27236975599953,6.3112,4.196534336537039e-05
1925,220.36955437100005,5.4557,4.195927625135808e-05
1926,220.46580593699946,6.269,4.195327645561733e-05
1927,220.56330277599955,6.5483,4.1947338065185224e-05
1928,220.6625767860005,6.8307,4.1941295546543256e-05
1929,220.76234410799952,6.6481,4.193519574759261e-05
1930,220.86075223899934,6.6677,4.192898108580244e-05
1931,220.96026944599907,7.2481,4.192296076351857e-05
1932,221.0599040979996,7.4641,4.1916824458580274e-05
1933,221.15807015899918,6.9908,4.1910666742530934e-05
1934,221.25662574600028,6.8493,4.190458260561734e-05
1935,221.35493027899975,6.2801,4.189846398277782e-05
1936,221.45286807999946,6.7627,4.1892459822222214e-05
1937,221.5511643360005,6.2437,4.188641450938279e-05
1938,221.64884793400051,5.9957,4.188034661814819e-05
1939,221.74755796299905,6.2347,4.187430655111116e-05
1940,221.85199716999887,5.936,4.186821447030862e-05
1941,221.94775010500052,5.1439,4.186176760592591e-05
1942,222.04504545300006,6.605,4.185586010327163e-05
1943,222.14232526399974,6.2941,4.184984350092596e-05
1944,222.24027190099878,6.4391,4.18438502054321e-05
1945,222.33893404799892,6.5649,4.1837800695185244e-05
1946,222.4369775670002,6.6154,4.1831702920123495e-05
1947,222.53585691300032,6.1305,4.182566039018515e-05
1948,222.6331766530002,6.5881,4.181956518104937e-05
1949,222.7326924329991,7.0674,4.181355041481485e-05
1950,222.8286612439988,4.7085,4.180740857549384e-05
1951,222.9261810959997,5.1474,4.180146648716048e-05
1952,223.026481900999,6.8007,4.179543603753094e-05
1953,223.12276844699954,6.0043,4.178927337956788e-05
1954,223.22068281700012,6.922,4.178332724827164e-05
1955,223.3188416840003,5.8886,4.177729096617283e-05
1956,223.41673296699992,5.5956,4.177122435055554e-05
1957,223.51718075899953,6.6887,4.176518362154324e-05
1958,223.61582370699944,7.2691,4.1758984529814833e-05
1959,223.71572992599977,5.8131,4.1752890341296263e-05
1960,223.81350001899955,6.4823,4.1746724138271634e-05
1961,223.9118949700005,6.1599,4.174068966055563e-05
1962,224.00705171899972,5.1791,4.1734617780493866e-05
1963,224.10230206699998,5.7037,4.1728728828765505e-05
1964,224.1976885919994,5.6293,4.172285681901238e-05
1965,224.29454090099898,6.3775,4.1716967578765473e-05
1966,224.39390085800005,6.034,4.171099354962965e-05
1967,224.49395857499985,6.3836,4.1704869583456775e-05
1968,224.59333767299904,7.3276,4.1698700391358035e-05
1969,224.69349547899947,6.8624,4.1692557447716093e-05
1970,224.79229461799878,4.8858,4.168637042450619e-05
1971,224.89007813599892,5.3475,4.168025528722225e-05
1972,224.98609535200012,6.2592,4.1674223297716114e-05
1973,225.08169762899888,5.9232,4.166831061290126e-05
1974,225.1800956299994,6.3873,4.1662399655246934e-05
1975,225.27684855299958,6.6037,4.165634138641979e-05
1976,225.37403335399904,5.5163,4.165035457432101e-05
1977,225.47163553399878,5.7675,4.164427608574072e-05
1978,225.5696736129994,5.6114,4.163833630253089e-05
1979,225.6678580099997,6.9006,4.1632274949382764e-05
1980,225.76634956199996,5.8624,4.1626224972098816e-05
1981,225.86420298399935,6.0179,4.162014770956791e-05
1982,225.96030127999984,4.8339,4.161410357265438e-05
1983,226.05780699999923,6.3546,4.160817249969136e-05
1984,226.1579709939997,5.5834,4.160216302302469e-05
1985,226.25668311200025,6.3378,4.1595966535925965e-05
1986,226.3574774259996,7.2047,4.158987975691364e-05
1987,226.45450461600012,5.7066,4.158365937401239e-05
1988,226.55338326299898,6.1265,4.1577674124444484e-05
1989,226.6530629230001,6.3911,4.1571549945185195e-05
1990,226.7511193549999,5.7542,4.156537974265435e-05
1991,226.84668166600022,7.215,4.155935083499998e-05
1992,226.9445938810004,6.456,4.155338842148147e-05
1993,227.03945986100007,2.3838,4.154742845037034e-05
1994,227.13767391299916,6.4836,4.154155225530864e-05
1995,227.23521977400014,6.602,4.153548509543209e-05
1996,227.33267802099908,7.0855,4.1529479557160545e-05
1997,227.43108927399953,6.7613,4.152345731827165e-05
1998,227.52806796799996,6.4042,4.1517379376481485e-05
1999,227.623237632999,5.4352,4.151139518382715e-05
2000,227.72371061100057,6.1074,4.1505442190740794e-05
2001,227.82430003399895,6.7807,4.1499321716913604e-05
2002,227.92235975499898,6.4027,4.149311101901237e-05
2003,228.02049352599897,6.5152,4.148703108320986e-05
2004,228.11567813200054,6.0118,4.1480992419135785e-05
2005,228.21255195400045,5.7343,4.147512037382714e-05
2006,228.3107217759989,6.4149,4.1469143092407436e-05
2007,228.4087487300003,6.8664,4.146307247333335e-05
2008,228.50505508800052,5.8801,4.145703239475316e-05
2009,228.6026457930002,5.6712,4.1451074993148146e-05
2010,228.69957459499892,5.5481,4.144505987956794e-05
2011,228.79557845599993,6.1868,4.143906051345676e-05
2012,228.89415891299905,6.5943,4.1433151951543194e-05
2013,228.98994928499997,6.1714,4.142706612185189e-05
2014,229.086053215,7.0216,4.14211416670988e-05
2015,229.18189428599908,6.2652,4.141522520611113e-05
2016,229.27869278700018,7.2142,4.1409303813456803e-05
2017,229.37712131199987,6.8232,4.1403327811790127e-05
2018,229.4741440229991,6.9573,4.139726146654326e-05
2019,229.5719469779997,6.3111,4.1391268663024727e-05
2020,229.66991213099936,5.4321,4.138522902172845e-05
2021,229.7680809829999,6.6164,4.1379184845864186e-05
2022,229.86388064200037,5.0621,4.137312208654327e-05
2023,229.9607489709997,6.5395,4.1367206822283995e-05
2024,230.05678986800012,6.073,4.136121854265431e-05
2025,230.1494061559988,6.5915,4.1355300474012357e-05
2026,230.24801325299995,6.9433,4.13495981233333e-05
2027,230.34507667899925,6.3022,4.134343000993829e-05
2028,230.44348980199902,6.3599,4.133751305543217e-05
2029,230.54380245599896,6.1807,4.133145271617291e-05
2030,230.64074238799913,5.604,4.132523782697538e-05
2031,230.74102664499878,6.3097,4.131925002617287e-05
2032,230.83635998499994,5.584,4.131307111907405e-05
2033,230.9354166640005,5.7216,4.1307151962716075e-05
2034,231.03433330299958,6.778,4.1301068018827234e-05
2035,231.13325080699906,6.1561,4.129494662993834e-05
2036,231.22972513999957,6.6427,4.128885029561726e-05
2037,231.32476336000036,4.9852,4.128290363648151e-05
2038,231.42008764599996,6.2769,4.1277022320925915e-05
2039,231.51728424999965,6.1856,4.127113966913587e-05
2040,231.61444460299936,6.4419,4.126515769567903e-05
2041,231.71165023499998,6.4867,4.125914639654318e-05
2042,231.80946073700034,6.383,4.125314619666667e-05
2043,231.90754544300034,6.9569,4.1247110863580225e-05
2044,232.00660873099878,6.9962,4.124106533864203e-05
2045,232.10314311100046,5.4706,4.1234941727839493e-05
2046,232.20244857899888,6.4014,4.1228975783950676e-05
2047,232.30170473100043,6.2365,4.122286787870373e-05
2048,232.40262946499934,7.1148,4.1216662605555615e-05
2049,232.50241535699934,7.1635,4.121049569660499e-05
2050,232.59938304199932,6.5036,4.1204337965185196e-05
2051,232.69754472599925,5.5676,4.1198340845000005e-05
2052,232.79531176599994,6.2838,4.1192275551419824e-05
2053,232.8920096139991,6.2265,4.118624944018522e-05
2054,232.9836735730005,6.1281,4.1180271849135795e-05
2055,233.07576811599938,6.7699,4.117464234919759e-05
2056,233.17266335000022,6.9728,4.116896290876541e-05
2057,233.26833878300022,6.0779,4.1162959179506224e-05
2058,233.3656525869992,6.9337,4.115704479098772e-05
2059,233.46459804000006,6.4025,4.1151044328024696e-05
2060,233.56282807199932,6.398,4.114493515166672e-05
2061,233.66153720500006,5.395,4.113881856487661e-05
2062,233.76212376900003,6.0618,4.113279590907412e-05
2063,233.85998564500005,6.1896,4.1126577595370443e-05
2064,233.95945949700035,6.9467,4.1120538094135804e-05
2065,234.05775060799897,6.3749,4.111439437530862e-05
2066,234.15471691499988,6.7509,4.110832273969141e-05
2067,234.24943181299932,6.5345,4.110233737129633e-05
2068,234.346668958,6.6595,4.109648614413581e-05
2069,234.44564055499904,6.5727,4.109046171098765e-05
2070,234.54252257699954,6.7331,4.1084391566357994e-05
2071,234.6415696240001,5.9602,4.1078366311049414e-05
2072,234.73977808500058,6.3296,4.107228757888892e-05
2073,234.83850845000052,6.1301,4.1066207220802525e-05
2074,234.9378554390005,5.5382,4.106013291246919e-05
2075,235.04117479900015,6.3011,4.1053996237098745e-05
2076,235.136133177999,5.519,4.1047621339506195e-05
2077,235.22985997899923,5.9917,4.104175449814816e-05
2078,235.327702048,6.5129,4.1035957673333385e-05
2079,235.42538082600004,5.8114,4.102993821098765e-05
2080,235.5229719300005,5.8571,4.1023884822962936e-05
2081,235.62264571999913,6.5141,4.1017887066296276e-05
2082,235.72176722299992,6.647,4.101172724722223e-05
2083,235.81952478399944,5.8076,4.100562361660498e-05
2084,235.91985301299974,5.5609,4.0999586471666646e-05
2085,236.0156251919998,4.8504,4.099338384222224e-05
2086,236.10952360800002,6.2664,4.098747056413579e-05
2087,236.2117736399996,6.6402,4.0981678470493816e-05
2088,236.30871408999883,6.3559,4.097537583901242e-05
2089,236.40628432599988,6.5856,4.0969375822901215e-05
2090,236.5021717969994,5.9063,4.0963358116172866e-05
2091,236.5996305159988,6.157,4.095743257425932e-05
2092,236.6980294570003,5.408,4.0951414007654366e-05
2093,236.79676593799923,6.9484,4.094534264561732e-05
2094,236.89476775500043,6.302,4.093925610259259e-05
2095,236.99378756399892,6.369,4.0933206071481496e-05
2096,237.08746713099936,6.516,4.092709558820995e-05
2097,237.18595287899916,6.483,4.092131935018524e-05
2098,237.2834289019993,4.5376,4.0915230173395125e-05
2099,237.3761446919998,6.3958,4.090921430351854e-05
2100,237.47551111699977,7.1816,4.090348953981481e-05
2101,237.5744696389993,5.8475,4.089731923635801e-05
2102,237.681182721999,6.4884,4.0891206734629604e-05
2103,237.77753458000007,5.3786,4.0884663864567916e-05
2104,237.87976050199904,6.0529,4.087870393191359e-05
2105,237.9786789919999,6.041,4.0872401574012356e-05
2106,238.0778747179993,6.7546,4.0866291115370374e-05
2107,238.1764526400002,6.055,4.0860181586049405e-05
2108,238.27182758900017,5.3081,4.085409900777775e-05
2109,238.36723680799878,7.1046,4.084818605574078e-05
2110,238.46531913599938,6.7649,4.084230541154318e-05
2111,238.56708273100048,5.6616,4.083626016345685e-05
2112,238.66537781499937,5.9018,4.082996396783955e-05
2113,238.76436849299898,7.0238,4.082390234765435e-05
2114,238.86161830399942,6.2624,4.0817752110061736e-05
2115,238.95848071599903,5.0516,4.0811791625802466e-05
2116,239.05437556499965,5.6558,4.080581316685188e-05
2117,239.15272149699922,7.1198,4.07998909501235e-05
2118,239.25066019599944,6.2139,4.0793829623333316e-05
2119,239.34802396600026,6.3202,4.078777842012349e-05
2120,239.43902409200018,6.8299,4.0781766717160553e-05
2121,239.53474088799885,5.0309,4.0776158118086425e-05
2122,239.63297707899983,6.4458,4.077023092611112e-05
2123,239.7306590850003,6.3847,4.076417510154325e-05
2124,239.8288617620001,6.3088,4.07581508879013e-05
2125,239.9261096350001,6.2414,4.075202446679012e-05
2126,240.0175056299995,6.8391,4.074606477635803e-05
2127,240.11756752700057,6.4066,4.074045254111118e-05
2128,240.2194645239997,6.4281,4.073423755425929e-05
2129,240.31710168499922,7.008,4.0727980803888916e-05
2130,240.4153090159998,5.2459,4.0721940439691344e-05
2131,240.51375444299993,6.6019,4.0715880033333375e-05
2132,240.6116393960001,7.0324,4.070980137296301e-05
2133,240.70969729599892,6.9265,4.0703768291111184e-05
2134,240.80991459600045,6.8387,4.06977094146914e-05
2135,240.90796509699976,6.4685,4.069153792413584e-05
2136,241.0070984590002,6.4366,4.068545809351853e-05
2137,241.10585682300007,6.0708,4.067934641462963e-05
2138,241.20179621900024,4.1791,4.0673257532469195e-05
2139,241.29952151100042,6.2576,4.066732215648149e-05
2140,241.3982366879991,5.9493,4.066130840308643e-05
2141,241.49624864699945,6.7785,4.0655208938024755e-05
2142,241.59680593200028,6.596,4.06490964066667e-05
2143,241.6950433990005,6.8568,4.064294034759264e-05
2144,241.79515484200056,6.2905,4.063689009166669e-05
2145,241.89403301499988,5.9005,4.063072311135801e-05
2146,241.9915047529994,5.8155,4.062460783716053e-05
2147,242.08887622099974,6.2491,4.0618584810740744e-05
2148,242.18385418300022,5.7233,4.061257560160497e-05
2149,242.2799905869997,7.1311,4.0606711114197526e-05
2150,242.3771399799989,5.3122,4.0600789116111116e-05
2151,242.4738432239992,6.0779,4.0594776398641976e-05
2152,242.571278428999,5.8496,4.058880005537043e-05
2153,242.66968453699883,6.5759,4.0582793234012396e-05
2154,242.7678684450002,6.5346,4.057672339401237e-05
2155,242.86766836599963,5.9576,4.057066897870373e-05
2156,242.96811149099995,6.4519,4.0564506555370424e-05
2157,243.06814537900027,6.1199,4.055832188271611e-05
2158,243.16650269399906,6.2165,4.0552139098333364e-05
2159,243.26295380900046,6.8841,4.0546053138765436e-05
2160,243.3616133100004,6.1587,4.0540103491296324e-05
2161,243.4622209600002,6.6071,4.0533947834135824e-05
2162,243.5598233540004,5.7861,4.052780034358022e-05
2163,243.65804516699973,5.7968,4.05217825530864e-05
2164,243.75480409699958,6.336,4.0515714337962996e-05
2165,243.853934155999,6.2633,4.0509716136666726e-05
2166,243.95030942300036,6.1423,4.050362344012346e-05
2167,244.04416675799985,4.7131,4.049767602191356e-05
2168,244.13855414299906,4.9437,4.049188184802466e-05
2169,244.23571149899908,5.848,4.048604822388887e-05
2170,244.3302191820003,6.6061,4.0480058043148133e-05
2171,244.4293396640005,7.0533,4.047420934006178e-05
2172,244.52537956099877,7.3394,4.0468047822777754e-05
2173,244.62178812799903,5.8418,4.0462176499259266e-05
2174,244.7188243719993,6.4664,4.0456211855679064e-05
2175,244.81449740300013,7.1434,4.0450230705802465e-05
2176,244.91163255599895,6.7521,4.044433204104943e-05
2177,245.0083032729999,6.1981,4.043834100166664e-05
2178,245.10649515600016,6.0381,4.0432360948333344e-05
2179,245.2047164279993,5.8538,4.042630940956792e-05
2180,245.3016235849991,6.7367,4.0420236824567934e-05
2181,245.40029777199925,6.2226,4.041425753888891e-05
2182,245.49650945299982,6.1058,4.040816425722223e-05
2183,245.5954852699997,6.5615,4.040223023469143e-05
2184,245.69494197899985,6.6986,4.039612116246914e-05
2185,245.79541464199974,6.6057,4.0389978617901236e-05
2186,245.8954307570002,5.5214,4.0383769830061714e-05
2187,245.99196496699915,5.6479,4.037760229975307e-05
2188,246.08838830899913,5.7926,4.037163624537041e-05
2189,246.18720236199988,6.1286,4.036569209290121e-05
2190,246.2840946159995,6.2137,4.035961077283957e-05
2191,246.37885049099896,6.2774,4.0353616500246915e-05
2192,246.47730605700053,6.7369,4.03477606350618e-05
2193,246.57639419599946,5.768,4.034168167098769e-05
2194,246.67538444099955,6.6639,4.033556886265435e-05
2195,246.77407252299963,5.668,4.032946086160494e-05
2196,246.87379411700022,7.4664,4.0323369735679085e-05
2197,246.97252614999888,6.4201,4.031721936339513e-05
2198,247.07169880499896,6.2711,4.031111337234574e-05
2199,247.17077441400033,6.806,4.030500402376551e-05
2200,247.26198146800016,6.1401,4.029882218259266e-05
2201,247.35942073799924,7.1759,4.029327070018519e-05
2202,247.45536464299948,6.3608,4.028723675055562e-05
2203,247.55332588099918,5.6788,4.028130293641981e-05
2204,247.64931192099903,6.4098,4.027525529932097e-05
2205,247.7425822820005,6.4946,4.0269328353456834e-05
2206,247.84246847099894,5.5618,4.026359585654322e-05
2207,247.94227561299886,6.8324,4.025740582148153e-05
2208,248.040252883,5.291,4.025125414635809e-05
2209,248.13895376899927,5.8799,4.0245198799382736e-05
2210,248.24030304299959,6.4799,4.023911459623456e-05
2211,248.33915874999911,5.6663,4.0232860755617326e-05
2212,248.43806799699996,6.0618,4.0226734828271607e-05
2213,248.5407263119996,6.641,4.022057446043214e-05
2214,248.63723667900013,5.5412,4.021431783993828e-05
2215,248.73678636399927,6.8321,4.020834981475314e-05
2216,248.83400715800053,4.4404,4.020222170888892e-05
2217,248.93290463599988,6.4034,4.019621754938271e-05
2218,249.03147392199935,6.8866,4.019011779296296e-05
2219,249.12864560599883,5.9828,4.018401659895062e-05
2220,249.22831501099972,6.9515,4.017803454388887e-05
2221,249.32675923199895,6.2299,4.017182949388887e-05
2222,249.4258449379995,7.1544,4.016579671623462e-05
2223,249.52434315899882,6.22,4.015964328703702e-05
2224,249.6244149769991,5.8397,4.015359476395066e-05
2225,249.72225528200033,5.9056,4.0147431726358e-05
2226,249.82172895499934,6.1236,4.014138208993829e-05
2227,249.91847812599917,6.6727,4.0135239723086435e-05
2228,250.0166221669988,5.288,4.012925515024692e-05
2229,250.11846299599893,7.395,4.0123207946049366e-05
2230,250.21642138099924,5.7236,4.011686789827157e-05
2231,250.3169357629995,6.6448,4.01108323404939e-05
2232,250.41273915999955,4.5258,4.0104676786481554e-05
2233,250.51098861699938,6.8351,4.009874835185184e-05
2234,250.60948392299906,6.2619,4.009269782697528e-05
2235,250.7075682679988,6.7889,4.008659869932099e-05
2236,250.80557843499992,5.8798,4.0080561653888893e-05
2237,250.90327750299912,6.5223,4.0074510350308695e-05
2238,250.99918576900018,6.0947,4.006848695253088e-05
2239,251.0949148689997,6.5126,4.006255431432096e-05
2240,251.19389904299896,6.3065,4.005664002154328e-05
2241,251.292717843,6.5232,4.005054674395069e-05
2242,251.3903620429992,6.3828,4.0044433448765404e-05
2243,251.49461310600054,6.3561,4.003834322234575e-05
2244,251.59041758499916,6.7048,4.003197700395066e-05
2245,251.68886007699984,5.403,4.0026060958209854e-05
2246,251.7900267389996,5.5384,4.001998431111111e-05
2247,251.8901903850001,6.862,4.001373630722226e-05
2248,251.98742193500038,6.503,4.000750222148152e-05
2249,252.0864929269992,6.4674,4.000155971574074e-05
2250,252.18700566900043,6.6965,3.999544495685185e-05
2251,252.2849458059991,5.4189,3.998923968512344e-05
2252,252.38230199200007,6.6874,3.998318513500007e-05
2253,252.48260122300053,6.3614,3.997717746364198e-05
2254,252.58021911600008,5.182,3.997093599820992e-05
2255,252.68006766399958,6.2259,3.996495756617286e-05
2256,252.7768096309992,6.5843,3.995880952975313e-05
2257,252.87668118299916,6.3894,3.9952803422901205e-05
2258,252.9730621919989,5.9674,3.994665593777775e-05
2259,253.07079212999997,6.455,3.99407019016667e-05
2260,253.17120666499977,5.9617,3.9934680885802514e-05
2261,253.26901509199888,6.4788,3.992848869746911e-05
2262,253.36673508000058,7.3334,3.992244772030871e-05
2263,253.4637440509996,6.7031,3.9916414966419776e-05
2264,253.5625361120001,5.5683,3.991041334290121e-05
2265,253.65952577700045,6.3105,3.9904330038888935e-05
2266,253.76127180500043,6.8505,3.989833016580251e-05
2267,253.85889452899937,6.5417,3.989199512518525e-05
2268,253.95692292999956,6.8526,3.988603220524695e-05
2269,254.0552566819988,6.1737,3.987998596882723e-05
2270,254.15398807999918,5.8817,3.987390664993834e-05
2271,254.25244199699955,6.48,3.9867802451666716e-05
2272,254.35071653699924,4.9588,3.9861731341543196e-05
2273,254.4494620789992,6.1258,3.985567168759257e-05
2274,254.54607511599897,6.0414,3.984954805493825e-05
2275,254.64524893499947,6.8997,3.984361262296295e-05
2276,254.7444590060004,5.4319,3.983749783e-05
2277,254.84445667399996,6.2267,3.98313063783334e-05
2278,254.9434606169998,5.3974,3.9825195182469165e-05
2279,255.03658094399907,6.3941,3.9819077409197514e-05
2280,255.13578240899915,6.0357,3.9813285074321055e-05
2281,255.23193843899935,6.4796,3.980721798888888e-05
2282,255.32985668899892,6.8393,3.98012487988272e-05
2283,255.42633976499928,5.8996,3.979525087117284e-05
2284,255.52418617900003,6.42,3.978927416808644e-05
2285,255.62001400900044,3.052,3.978321770475316e-05
2286,255.71453787399878,6.6694,3.977731914382713e-05
2287,255.81210073200054,6.138,3.9771474691913594e-05
2288,255.91243856999972,6.8015,3.976544521111116e-05
2289,256.01228877799986,6.8853,3.975927168055562e-05
2290,256.1114376400001,6.6101,3.975311569679019e-05
2291,256.2088689379998,6.7262,3.9746990443641993e-05
2292,256.30737801599935,7.3765,3.974096196858025e-05
2293,256.40859408100005,6.4282,3.973489285117287e-05
2294,256.50953926200054,6.3177,3.9728644453703676e-05
2295,256.60980368499986,7.0471,3.97224223949383e-05
2296,256.70811198699994,6.4871,3.971621032246911e-05
2297,256.8062511429998,6.769,3.9710152585185255e-05
2298,256.9055277009993,6.3285,3.9704061828086445e-05
2299,257.00340185799905,6.2445,3.969796199820994e-05
2300,257.10147155400045,6.1241,3.9691926037530834e-05
2301,257.1991042360005,5.479,3.9685884510617267e-05
2302,257.2971910739998,6.0448,3.9679848925185225e-05
2303,257.39419267999983,6.6293,3.967379668796302e-05
2304,257.49164879399905,5.7161,3.966780231493824e-05
2305,257.5931330299991,6.9723,3.966178225179018e-05
2306,257.693605430999,6.521,3.965553776938274e-05
2307,257.7901193050002,6.8578,3.964932144055559e-05
2308,257.8889418260005,6.3504,3.964335776469133e-05
2309,257.9859891349988,6.12,3.963726593895063e-05
2310,258.0852969440002,6.0965,3.963128069234565e-05
2311,258.18268318300034,6.6956,3.962515596388888e-05
2312,258.28025450099994,6.4451,3.961913690969135e-05
2313,258.37689223800044,6.3458,3.9613105612654386e-05
2314,258.4720354210003,5.8297,3.960713782524698e-05
2315,258.5713048380003,6.8956,3.960125000283953e-05
2316,258.6700701810005,6.5921,3.959515186648147e-05
2317,258.7691395869988,6.8646,3.9589033393765505e-05
2318,258.8707714560005,6.5431,3.9582937968765424e-05
2319,258.9681134959992,6.0354,3.957660744462969e-05
2320,259.0670453969997,5.1711,3.957062660222225e-05
2321,259.1674593299995,6.4186,3.9564535689197546e-05
2322,259.2662530100006,6.1904,3.9558348551049395e-05
2323,259.3646613789988,6.8235,3.955224035333332e-05
2324,259.46370576299887,6.3913,3.9546175473086484e-05
2325,259.5603128669991,6.3615,3.954006226364196e-05
2326,259.6592682729988,5.8285,3.9534080645864245e-05
2327,259.75898941800006,6.2833,3.9527992024814796e-05
2328,259.85585869999886,5.4652,3.952183101932097e-05
2329,259.95409607200054,6.1254,3.951584651296293e-05
2330,260.05355258099917,6.2036,3.95097731119753e-05
2331,260.14533633499923,6.7812,3.9503647268827225e-05
2332,260.24351618699984,5.259,3.9498007131975376e-05
2333,260.3412351570005,6.3754,3.949192307308643e-05
2334,260.4418800549993,5.4124,3.948589164771605e-05
2335,260.5407501509999,7.2346,3.9479678176481504e-05
2336,260.63957128199945,6.3621,3.9473576127283995e-05
2337,260.7402014010004,5.9846,3.946747813030869e-05
2338,260.83866372100056,5.5194,3.946126800216052e-05
2339,260.9381163479993,6.8517,3.945514608006171e-05
2340,261.0359945830005,5.6828,3.944905170635801e-05
2341,261.1348028600005,6.4388,3.944301100913581e-05
2342,261.2338419659991,6.3467,3.943690840783954e-05
2343,261.3308436039988,5.6553,3.943079390253091e-05
2344,261.4268651759994,5.1727,3.942479472623465e-05
2345,261.52735905999907,6.7069,3.94188698964815e-05
2346,261.6247624709995,6.431,3.941267832993831e-05
2347,261.72264788199936,6.4124,3.94066591600617e-05
2348,261.8214831000005,6.6617,3.940058465895062e-05
2349,261.91972134299976,6.9377,3.9394506459321065e-05
2350,262.0172795569997,6.5984,3.9388452213395036e-05
2351,262.1152107029993,6.8496,3.9382429200493814e-05
2352,262.2150414379994,5.7796,3.937639648290124e-05
2353,262.31262129599963,5.8324,3.9370237335617255e-05
2354,262.40761526999995,6.2155,3.93641936872223e-05
2355,262.5031539699994,5.2437,3.935832535222222e-05
2356,262.6008790630003,5.0786,3.9352430237654346e-05
2357,262.69905930999994,6.3524,3.934640547524699e-05
2358,262.80161145000056,6.3242,3.9340289645246975e-05
2359,262.8999140579999,6.2538,3.933402167407408e-05
2360,262.9986056580001,6.7755,3.932795743549383e-05
2361,263.09673941599976,6.7261,3.9321861112160566e-05
2362,263.19344687800003,5.8661,3.9315791158642016e-05
2363,263.28996374599956,6.038,3.930981989086427e-05
2364,263.3888443579999,6.5804,3.9303854742901206e-05
2365,263.4886284229997,5.1176,3.92977782083951e-05
2366,263.5865614909999,6.4907,3.929160328746919e-05
2367,263.68449170799977,4.6228,3.9285557090246994e-05
2368,263.7756663229993,7.02,3.9279502166543274e-05
2369,263.87648529800026,6.0913,3.927391334080245e-05
2370,263.9738208300005,5.9071,3.926761071796293e-05
2371,264.074040988,5.9263,3.926163975851849e-05
2372,264.17264597599933,5.4597,3.925547425851855e-05
2373,264.2706140139999,6.4495,3.9249382371975306e-05
2374,264.36687565600005,6.0278,3.924334125018516e-05
2375,264.4675389740005,6.7002,3.9237380447901295e-05
2376,264.56935588799934,6.628,3.923118713672842e-05
2377,264.6674288129998,5.8634,3.922490051074071e-05
2378,264.7656597339992,7.1415,3.9218839652777757e-05
2379,264.86448473499877,7.1259,3.921277454358022e-05
2380,264.9646536950004,6.2499,3.920667232814819e-05
2381,265.0606082840004,4.6701,3.9200497490555564e-05
2382,265.1603546940005,6.0919,3.9194551241666725e-05
2383,265.26127850299963,6.6101,3.918841801135802e-05
2384,265.3574801630002,4.2639,3.918218847401241e-05
2385,265.45357631499974,5.4038,3.917623467345678e-05
2386,265.55314933299996,6.5632,3.9170313883703696e-05
2387,265.65059606999966,6.3376,3.9164168228209954e-05
2388,265.7523165999992,6.3803,3.9158148724382724e-05
2389,265.8498398270003,5.6538,3.915186569129634e-05
2390,265.94947125699946,6.5168,3.914584121524698e-05
2391,266.04809754099915,6.6298,3.913969924907414e-05
2392,266.147946400999,6.3196,3.913362075845681e-05
2393,266.24765812999976,6.34,3.9127389383888895e-05
2394,266.34563572799925,5.5089,3.912130072574072e-05
2395,266.4417985929995,5.7434,3.911522820888894e-05
2396,266.53719152899976,6.5232,3.9109305460308714e-05
2397,266.62980869999956,6.7182,3.910341869388897e-05
2398,266.7273928609993,5.9819,3.9097711588580224e-05
2399,266.8296323630002,6.1191,3.909166899956795e-05
2400,266.93381408499954,5.7563,3.9085375014259246e-05
2401,267.0315868639991,4.6399,3.9078936103456775e-05
2402,267.12903943499987,6.7942,3.907290399790125e-05
2403,267.230368438999,6.6392,3.906688935549387e-05
2404,267.3292947009995,5.9492,3.906064419444451e-05
2405,267.42751381199923,6.377,3.90545100909259e-05
2406,267.5289967869994,6.3868,3.9048463417777815e-05
2407,267.62689721599963,5.4196,3.904218954580251e-05
2408,267.7241840229999,6.0651,3.9036160450123474e-05
2409,267.822929087999,6.8713,3.903015402771607e-05
2410,267.92296660899956,6.6843,3.902405279043211e-05
2411,268.02088481399915,5.7631,3.9017885295246924e-05
2412,268.11704563499916,6.7077,3.9011771816604995e-05
2413,268.21440881499984,6.0806,3.900589606512352e-05
2414,268.31233637399964,7.2173,3.899989027259263e-05
2415,268.4108033749999,4.8332,3.899384187030861e-05
2416,268.51090077299887,6.8815,3.898776738160495e-05
2417,268.6097433310006,6.2861,3.8981583091049455e-05
2418,268.7071467549995,6.6695,3.897548223592597e-05
2419,268.8075110239988,6.5165,3.896946133401237e-05
2420,268.9071948919991,5.7925,3.896327523827158e-05
2421,269.0067536280003,6.5124,3.895712868567898e-05
2422,269.10257437200016,5.1554,3.8950987963209945e-05
2423,269.2000996409988,5.7482,3.894505934580245e-05
2424,269.2966134569997,5.9383,3.8939045433888864e-05
2425,269.39472462699996,6.5367,3.8933082298703715e-05
2426,269.4936565799999,6.1777,3.892703685456795e-05
2427,269.59122299000046,6.141,3.89209349582099e-05
2428,269.6919260369996,5.945,3.8914901662962996e-05
2429,269.7911841610003,6.0506,3.890866253716047e-05
2430,269.888064236,4.9325,3.8902577637284e-05
2431,269.9859622219992,6.3782,3.889657728141982e-05
2432,270.0834151580002,6.6588,3.889053326135806e-05
2433,270.1813348939995,6.1028,3.8884527142037075e-05
2434,270.27951411699905,6.0686,3.887846785277777e-05
2435,270.3757898999993,5.3759,3.887241776611114e-05
2436,270.46728771000016,6.0188,3.8866467170679064e-05
2437,270.56508969599963,5.9089,3.886084493586426e-05
2438,270.66220927999893,5.9104,3.885478977104946e-05
2439,270.7603796459989,6.2039,3.884877295537036e-05
2440,270.8567738419988,5.339,3.884272752191363e-05
2441,270.9533704780006,6.1651,3.88367788690741e-05
2442,271.0525176409992,5.726,3.883080918358022e-05
2443,271.14948005099905,6.0191,3.882471850117282e-05
2444,271.2472046089988,6.569,3.881868623623463e-05
2445,271.34434695799973,6.8518,3.8812674298703686e-05
2446,271.44289332900007,5.8876,3.880668728895059e-05
2447,271.5399133769988,5.9165,3.8800601257716054e-05
2448,271.6388659139993,6.776,3.879461157506178e-05
2449,271.73805616499885,6.4715,3.878845224524692e-05
2450,271.8359930309998,5.1355,3.878237922037038e-05
2451,271.931406185,5.9444,3.87763325715432e-05
2452,272.0303792279992,5.9322,3.877044597518525e-05
2453,272.1280418419992,6.2701,3.876434334395066e-05
2454,272.22594207600014,5.9785,3.8758278537839546e-05
2455,272.32623681599944,6.38,3.875220081777778e-05
2456,272.42511778399967,6.5643,3.874608259975312e-05
2457,272.5233392600003,5.5491,3.873997201061729e-05
2458,272.6191114909998,4.1091,3.873390422555553e-05
2459,272.71765374499955,6.784,3.872798413870374e-05
2460,272.81737658199927,6.2632,3.872192206493827e-05
2461,272.91462718,6.2091,3.8715694575185234e-05
2462,273.01253372499923,5.7827,3.870975246820993e-05
2463,273.11042513400025,5.9479,3.8703712969567904e-05
2464,273.210529259999,6.8361,3.869766009691364e-05
2465,273.3128056909991,6.5472,3.869148410203707e-05
2466,273.41319291199943,6.8194,3.8685112431172845e-05
2467,273.5102378070005,6.4149,3.8678980352839555e-05
2468,273.61150923400055,6.6152,3.867297450592594e-05
2469,273.71112939900013,6.4152,3.8666739301419805e-05
2470,273.81224379800005,6.9228,3.866058690598768e-05
2471,273.9112888079999,7.3207,3.865435344055557e-05
2472,274.0115043450005,6.1262,3.864822791179017e-05
2473,274.10901867899884,6.382,3.864205529530869e-05
2474,274.20839115499984,6.5275,3.8636020804814855e-05
2475,274.30791667999983,6.4265,3.8629893445679025e-05
2476,274.4061669879993,5.4555,3.862375543895061e-05
2477,274.50450541600003,6.6474,3.861760498932098e-05
2478,274.60178695099967,6.2159,3.861161859290124e-05
2479,274.70038206499885,5.9248,3.860559719234572e-05
2480,274.7979621329996,5.795,3.85995238608025e-05
2481,274.8969664340002,6.2358,3.859350223524697e-05
2482,274.99504435699964,6.6244,3.858738931376542e-05
2483,275.08639265700003,6.4649,3.858132300185187e-05
2484,275.1845660629988,5.8764,3.857569795185184e-05
2485,275.2828668099992,6.3448,3.856962776209878e-05
2486,275.3852386540002,6.7857,3.856357141234566e-05
2487,275.48111103500014,4.4343,3.8557192561296305e-05
2488,275.57966621099877,6.4943,3.8551310130925895e-05
2489,275.6765226839998,6.0423,3.854524092469142e-05
2490,275.7754866380001,6.4816,3.853925460944443e-05
2491,275.8739725079995,6.1907,3.8533163001358035e-05
2492,275.9696822770002,5.021,3.852707003518518e-05
2493,276.06794395900033,6.0518,3.852116272228395e-05
2494,276.16582685699905,6.1794,3.851510939123458e-05
2495,276.26256893499885,4.5848,3.850905553759259e-05
2496,276.36223481100023,6.4948,3.8503085375246925e-05
2497,276.4600534860001,6.8112,3.849693331376543e-05
2498,276.5622705019996,6.6957,3.849083626345677e-05
2499,276.6614101319992,6.2136,3.848459848716057e-05
2500,276.75918524699955,5.9129,3.8478449237901246e-05
2501,276.86005841899896,7.1058,3.8472428963518556e-05
2502,276.9617054779992,6.2966,3.846614646635799e-05
2503,277.05826638600047,5.6776,3.845992116086418e-05
2504,277.157012443,6.4714,3.845396456024699e-05
2505,277.2549720799998,6.8895,3.844786931753086e-05
2506,277.3529541200005,7.4699,3.8441837428703774e-05
2507,277.44976186799977,6.433,3.843571920185185e-05
2508,277.5482495069991,6.3673,3.842980722216049e-05
2509,277.6440916470001,6.7676,3.842372681413587e-05
2510,277.7403174020001,5.4285,3.8417802537592644e-05
2511,277.8400719279998,6.592,3.841185451586418e-05
2512,277.93933056199967,6.0864,3.8405712771358106e-05
2513,278.03762721400017,6.2291,3.8399599847283935e-05
2514,278.1348191220004,5.9356,3.839351796864198e-05
2515,278.235377179999,7.2394,3.838751152586425e-05
2516,278.33440342299946,5.9785,3.838132051641979e-05
2517,278.4254448449992,6.6708,3.8375198137839534e-05
2518,278.5186341560002,6.5563,3.836959605685187e-05
2519,278.6178406649997,7.0708,3.8363837010617356e-05
2520,278.71562143200026,6.8619,3.835770888024697e-05
2521,278.8073865819988,6.4725,3.835166718586421e-05
2522,278.9066674980004,5.8444,3.8346021580802455e-05
2523,279.00444126299953,5.8693,3.8339870595802474e-05
2524,279.10171817899936,6.3029,3.8333826436111156e-05
2525,279.19878628100014,6.7705,3.8327823763395124e-05
2526,279.29796408199945,6.5425,3.8321833031111086e-05
2527,279.3979012130003,6.6537,3.831572221259261e-05
2528,279.4949888489991,6.0526,3.8309538488827146e-05
2529,279.59552724700006,5.9188,3.8303554031172884e-05
2530,279.69218828500016,5.3243,3.829729997401237e-05
2531,279.79152781599987,6.6883,3.829136844216054e-05
2532,279.89029871099956,7.153,3.828525847197538e-05
2533,279.9868851989995,5.1588,3.8279162410925905e-05
2534,280.086326446999,6.7048,3.827315368660493e-05
2535,280.18423974600046,6.0796,3.826706256851858e-05
2536,280.2832255489993,6.5675,3.82610089189507e-05
2537,280.38220550500046,6.2772,3.8254910935246935e-05
2538,280.4794467539996,5.8421,3.824879724370375e-05
2539,280.5792937360002,6.7854,3.824278909882724e-05
2540,280.6778356220002,6.4725,3.8236623144012354e-05
2541,280.7745198140001,5.4935,3.823053383734572e-05
2542,280.8743869150003,6.5081,3.8224571673642044e-05
2543,280.9757214429992,6.2261,3.82184130855556e-05
2544,281.0779778060005,5.937,3.8212159926419824e-05
2545,281.17597472799935,5.952,3.820582886666671e-05
2546,281.2739303119997,4.5639,3.819980071851856e-05
2547,281.3725321889997,6.5391,3.81937438697531e-05
2548,281.47016438599894,6.2224,3.818766031018517e-05
2549,281.57167538199974,6.4284,3.818162870209877e-05
2550,281.67046098100036,6.2102,3.817533373962963e-05
2551,281.76745475499956,6.7169,3.8169265162716084e-05
2552,281.86485883599926,6.2063,3.8163275994382744e-05
2553,281.96311888499986,6.6491,3.815726058024688e-05
2554,282.0608239840003,5.3472,3.815116991827168e-05
2555,282.15907751099985,6.1092,3.81451803948148e-05
2556,282.258227798,6.5994,3.813911417043213e-05
2557,282.3563069619995,5.9733,3.81329795800618e-05
2558,282.45515598699967,6.2028,3.812693406123462e-05
2559,282.5568528349995,5.9077,3.812075030104939e-05
2560,282.6532674379996,5.5677,3.811455674746912e-05
2561,282.75155938399985,6.4859,3.810859665827166e-05
2562,282.8507658029994,5.6413,3.810254121876543e-05
2563,282.94758721799917,5.2153,3.8096419822283934e-05
2564,283.04662338900016,6.9511,3.809042769098765e-05
2565,283.1434209250001,6.2266,3.808433030537041e-05
2566,283.2416750150005,6.5409,3.80783459346296e-05
2567,283.3377206559999,6.1746,3.8072284266172915e-05
2568,283.4370111949993,5.9357,3.806634428629631e-05
2569,283.53577444499933,6.3582,3.806023185240744e-05
2570,283.63473199799955,6.4566,3.805412277148151e-05
2571,283.73239664799985,6.0309,3.804799217629627e-05
2572,283.83061744599945,5.4173,3.804197746728401e-05
2573,283.93245490299887,6.3915,3.803591477969135e-05
2574,284.0276203989997,6.0399,3.8029636722962954e-05
2575,284.1257313389997,6.4858,3.802376029870377e-05
2576,284.22337574999983,6.3048,3.801771014944448e-05
2577,284.32181243500054,6.3958,3.801167202499999e-05
2578,284.421410338,7.1002,3.800560534098768e-05
2579,284.51923023900054,5.5239,3.799945944493831e-05
2580,284.6163973290004,6.2839,3.7993420478641956e-05
2581,284.71795215900056,6.5809,3.7987420270185204e-05
2582,284.8157753479991,6.6855,3.798115103641976e-05
2583,284.91390620699894,5.7991,3.7975108865185226e-05
2584,285.0111621899996,6.2238,3.796905761271605e-05
2585,285.1094751069995,5.1412,3.7963050829999974e-05
2586,285.2074426629988,6.3066,3.795698659666672e-05
2587,285.3047481550002,6.3513,3.7950925905864174e-05
2588,285.4050612259998,6.0426,3.794494124851857e-05
2589,285.5035695339993,5.3429,3.793875144759259e-05
2590,285.6003018379997,6.1896,3.793266122296296e-05
2591,285.7006783149991,5.9446,3.792667828469135e-05
2592,285.79991993899966,6.3837,3.7920437399320976e-05
2593,285.8975213909998,6.4289,3.791436479895063e-05
2594,285.99510808599916,7.3927,3.790830625456794e-05
2595,286.0938676269998,5.7752,3.790231750012352e-05
2596,286.19332282100004,6.8393,3.7896227732345654e-05
2597,286.2926556049988,6.7502,3.7890070675123494e-05
2598,286.39363765899907,6.7897,3.7883951182963004e-05
2599,286.49386351700014,5.9954,3.7877719753827214e-05
2600,286.59391648400015,5.5812,3.787153652598764e-05
2601,286.6927213639992,5.5926,3.7865361666049415e-05
2602,286.7916515699999,5.8197,3.7859239776543196e-05
2603,286.89014519599914,6.2487,3.785314483166671e-05
2604,286.98935214499943,6.0616,3.7847055920740754e-05
2605,287.09067468399917,6.7344,3.7840939360679015e-05
2606,287.18831833699915,5.5886,3.7834636698456806e-05
2607,287.2844088940001,6.5754,3.782865901209884e-05
2608,287.386102294,7.0417,3.782273408500001e-05
2609,287.4835547879993,6.237,3.781646468364198e-05
2610,287.58037742299894,5.073,3.781043703753088e-05
2611,287.68039896200025,6.9753,3.780444254308642e-05
2612,287.7790870230001,6.023,3.779827966000006e-05
2613,287.876279008,5.9542,3.779219133728397e-05
2614,287.9722405069988,6.3243,3.778619300586427e-05
2615,288.070075620999,6.3626,3.7780267297654335e-05
2616,288.1693323069994,5.8287,3.777423915703703e-05
2617,288.2696434169993,6.005,3.776803988067906e-05
2618,288.367059786,5.6877,3.7761901267345754e-05
2619,288.45881313800055,6.8475,3.775590107043217e-05
2620,288.55781784600003,6.8452,3.7750252760000046e-05
2621,288.6571441140004,6.266,3.7744128759382696e-05
2622,288.75938764000057,6.6499,3.773800475925928e-05
2623,288.859372375,6.3284,3.7731694620617287e-05
2624,288.95778727200013,6.9348,3.772550605000005e-05
2625,289.0572032939999,5.8499,3.77194298823457e-05
2626,289.1546603909992,5.972,3.771330851956795e-05
2627,289.2515067099994,6.8465,3.770727848185193e-05
2628,289.34709432899945,6.0738,3.770130145271606e-05
2629,289.44549912599905,6.1947,3.769539718537045e-05
2630,289.5433122909999,3.6475,3.768932312098772e-05
2631,289.6430161690005,6.7835,3.768327779104945e-05
2632,289.73551520900037,6.6205,3.767713705203705e-05
2633,289.83475293599986,6.2421,3.7671445245185196e-05
2634,289.936297708,6.8187,3.766531191364198e-05
2635,290.0336162629992,6.3446,3.765902887746916e-05
2636,290.1312862809991,5.5324,3.7653010757345705e-05
2637,290.2301685090006,5.4691,3.7646992003580224e-05
2638,290.3269305470003,6.1256,3.7640881721234584e-05
2639,290.42410344199925,6.4912,3.7634913919691376e-05
2640,290.5238228069993,6.651,3.762892586296302e-05
2641,290.623708526,6.5392,3.7622776375308626e-05
2642,290.7236205730005,7.0921,3.761661334000003e-05
2643,290.8262515309998,4.5726,3.761037119598768e-05
2644,290.92539592899993,6.5381,3.760409484561731e-05
2645,291.0257267799989,6.4143,3.759795824580253e-05
2646,291.12441301999934,6.2685,3.7591776325493866e-05
2647,291.2216744180005,5.7066,3.7585662981481516e-05
2648,291.3196889009996,5.0753,3.7579685323456784e-05
2649,291.41741956199985,5.8095,3.7573638423703715e-05
2650,291.51565874100015,5.5058,3.7567593661296325e-05
2651,291.61331772999984,4.4535,3.756153220500005e-05
2652,291.71197708399995,5.8603,3.755550550549383e-05
2653,291.810203772,5.8403,3.7549425578209916e-05
2654,291.9079605799998,5.6626,3.75433205166667e-05
2655,292.0088701879995,6.4074,3.7537297824197524e-05
2656,292.10737819899987,6.0097,3.753106894055561e-05
2657,292.208029075,5.9938,3.752501740783957e-05
2658,292.30714747099955,6.0714,3.751880795370378e-05
2659,292.4055984309998,6.3641,3.751268701037038e-05
2660,292.5041846559998,6.2002,3.7506603335246885e-05
2661,292.6032269690004,5.0465,3.750052031012353e-05
2662,292.7021044819994,6.7755,3.7494411788395135e-05
2663,292.79992252100055,6.816,3.7488300520987684e-05
2664,292.90002716100025,6.907,3.7482259945185167e-05
2665,292.9976665430004,5.9827,3.7476092122160484e-05
2666,293.09609481999905,5.9601,3.7470048165308715e-05
2667,293.1888543169989,7.3949,3.746398193956787e-05
2668,293.2884775530001,5.9774,3.7458269792901256e-05
2669,293.38642582899956,6.266,3.7452101129753084e-05
2670,293.48443264699927,5.9021,3.7446053192098804e-05
2671,293.58183656099936,5.9896,3.74400147250617e-05
2672,293.67614994699943,5.6382,3.743399100753092e-05
2673,293.7743762549999,6.3392,3.7428168451666734e-05
2674,293.87355265299993,6.3739,3.7422118774012335e-05
2675,293.9710781060003,6.3191,3.741599180901232e-05
2676,294.0709274719993,6.5219,3.7409962223456757e-05
2677,294.170134381,6.6602,3.740380983234574e-05
2678,294.2704616579995,5.6506,3.7397672152962996e-05
2679,294.367508547999,4.429,3.739143248882719e-05
2680,294.46657907999906,6.6921,3.738549614086418e-05
2681,294.5654905720003,6.497,3.737938692623456e-05
2682,294.6628743429992,6.8091,3.7373275021790175e-05
2683,294.7590137650004,5.9467,3.736725717098765e-05
2684,294.856984566999,6.0976,3.7361324449259285e-05
2685,294.9556614789999,7.0979,3.735528632228395e-05
2686,295.05288723100057,6.2765,3.734920126407411e-05
2687,295.1477415770005,6.2927,3.734313882074073e-05
2688,295.2442590030005,5.8179,3.733732225413585e-05
2689,295.3417102940002,6.4149,3.733136556339504e-05
2690,295.43734116199994,6.0497,3.73253616913581e-05
2691,295.53652401100044,4.3948,3.731944916962967e-05
2692,295.6360658960002,6.2985,3.731333037061733e-05
2693,295.736493462,6.4403,3.73071969960494e-05
2694,295.8335425259993,6.1334,3.730093393012345e-05
2695,295.9324387880006,6.4683,3.729500145722229e-05
2696,296.02979141300057,6.9085,3.7288901920185224e-05
2697,296.12760090399934,6.7561,3.728289896703706e-05
2698,296.22351017599976,6.2843,3.727685451308647e-05
2699,296.3233088729994,5.8468,3.727092489061727e-05
2700,296.42053293699973,5.4548,3.7264708248827154e-05
2701,296.5177475519995,5.5611,3.725875091839503e-05
2702,296.61663088599926,5.3084,3.7252767616790175e-05
2703,296.71487573500053,4.7624,3.724666232148155e-05
2704,296.8137588869995,6.2549,3.724059889123459e-05
2705,296.9111801099989,6.054,3.723450671296296e-05
2706,297.011925453,6.1273,3.722845456067902e-05
2707,297.1116436579996,6.5992,3.7222205915308625e-05
2708,297.2132170579989,6.8094,3.72161073100618e-05
2709,297.30990043400016,6.5021,3.720983206283956e-05
2710,297.40718861999994,5.3939,3.72038579287037e-05
2711,297.50714644399886,6.0915,3.719786137790127e-05
2712,297.6083269359988,6.0761,3.7191640060123457e-05
2713,297.7058341819993,6.3069,3.7185452902839544e-05
2714,297.80691847399976,6.3596,3.717942953012347e-05
2715,297.90531653499966,6.1484,3.717320129086417e-05
2716,298.0068968759988,6.1478,3.716711346129631e-05
2717,298.10511067900006,5.4491,3.716081054185182e-05
2718,298.2047411799995,6.2766,3.715475029296299e-05
2719,298.3031971849996,6.9106,3.714863617358024e-05
2720,298.40238912899986,5.8869,3.71425510035185e-05
2721,298.50053815499996,6.5207,3.713643653401241e-05
2722,298.5998643940002,6.1791,3.7130372400061775e-05
2723,298.69922623399907,5.6336,3.712425640851855e-05
2724,298.79832757499935,4.4615,3.711811263493833e-05
2725,298.898243824,6.8482,3.71119949827778e-05
2726,298.9985961450002,6.3016,3.7105842429506245e-05
2727,299.0985462480003,5.8867,3.709963416308643e-05
2728,299.1946748720002,6.5448,3.709345990049387e-05
2729,299.29357195800003,6.7102,3.7087516468333364e-05
2730,299.3917709919988,5.8675,3.7081427046851894e-05
2731,299.49270765300025,6.8578,3.7075358000000074e-05
2732,299.5946443489993,6.7653,3.706908220302466e-05
2733,299.6941775079995,6.4772,3.706278598567908e-05
2734,299.79365415699976,6.4841,3.705670126450621e-05
2735,299.89311467600055,6.3594,3.705055507320993e-05
2736,299.99106407199906,6.535,3.7044418395802447e-05
2737,300.088620212,6.4936,3.703836720925929e-05
2738,300.1862323969999,5.9972,3.703233172969142e-05
2739,300.2872371350004,6.462,3.702631684358022e-05
2740,300.3866109520004,6.5801,3.7020070909629684e-05
2741,300.485236737999,6.7479,3.7013956484876565e-05
2742,300.5829756359999,7.1318,3.700784727808645e-05
2743,300.68211155899917,6.3453,3.7001820828518586e-05
2744,300.7840838259999,7.1553,3.699572096487659e-05
2745,300.88463045999924,7.0488,3.698940840462961e-05
2746,300.981821293999,5.6786,3.698321043358024e-05
2747,301.0793770370001,6.3356,3.697721004370376e-05
2748,301.17746834100035,5.5395,3.69711836821605e-05
2749,301.27521523500036,6.0099,3.696512494401231e-05
2750,301.3736695209991,5.8813,3.695910403549387e-05
2751,301.4711000080006,5.5972,3.695301964500001e-05
2752,301.5685339470001,6.3175,3.6947018555740756e-05
2753,301.663464923,5.4267,3.6940984922160474e-05
2754,301.7592320499989,6.8773,3.6935118124876543e-05
2755,301.8553646290002,5.8157,3.692921889271603e-05
2756,301.95150851700055,6.4632,3.69232852116667e-05
2757,302.05238651000036,6.0605,3.691734532925929e-05
2758,302.1471744089995,5.8273,3.691112812790121e-05
2759,302.245439454,6.8571,3.690526742697532e-05
2760,302.34233137999945,6.271,3.689922025055553e-05
2761,302.43898638099927,6.0088,3.6893235782530904e-05
2762,302.5355456349989,6.384,3.688726321067901e-05
2763,302.63408232300026,6.0903,3.688128514660497e-05
2764,302.73529285599943,6.1622,3.687521827648153e-05
2765,302.8330277869991,6.9907,3.686898063567904e-05
2766,302.93094077099886,5.6931,3.6862930809691335e-05
2767,303.02992086300037,5.2491,3.685687539913578e-05
2768,303.1282321819999,6.0226,3.6850785835555524e-05
2769,303.2277742690003,6.0696,3.6844721519012385e-05
2770,303.3263811910001,6.5478,3.683858225962962e-05
2771,303.42471020300036,6.3694,3.683247776395064e-05
2772,303.522684141999,5.91,3.682641358876543e-05
2773,303.62186416999975,5.9117,3.682036097796299e-05
2774,303.72141853599896,6.0944,3.681425145123454e-05
2775,303.81927509900015,6.3278,3.680804010240738e-05
2776,303.91825671100014,6.7475,3.6802054282345665e-05
2777,304.01708402499935,6.6644,3.679595600413584e-05
2778,304.11706545000015,6.7176,3.678984741703702e-05
2779,304.21755772399956,7.0337,3.6783681100123434e-05
2780,304.3165920800002,6.4494,3.677747397216047e-05
2781,304.41548095299913,5.9204,3.6771331673271676e-05
2782,304.5152699449991,6.7584,3.67652379583334e-05
2783,304.61590269599947,6.6575,3.675909937919754e-05
2784,304.71468651800024,5.9595,3.675288759679012e-05
2785,304.8137391149994,6.5436,3.67467924142593e-05
2786,304.9125147369996,6.4198,3.674066493080251e-05
2787,305.0134754819992,6.3211,3.673457313222223e-05
2788,305.1121183819996,6.4749,3.672835499672843e-05
2789,305.2089998419997,6.4556,3.6722253397654325e-05
2790,305.3090513039988,5.4796,3.6716264019691335e-05
2791,305.41213632700055,6.2067,3.6710076518642e-05
2792,305.5102516579991,5.6409,3.670373819944444e-05
2793,305.60888027500005,6.1057,3.669764045962966e-05
2794,305.7083597820001,5.2238,3.6691578503580304e-05
2795,305.8073387539989,6.4722,3.6685438891790124e-05
2796,305.9054863040001,6.6326,3.6679334129876564e-05
2797,306.00411046000045,6.829,3.667327722308646e-05
2798,306.104641169999,6.2402,3.666720800895061e-05
2799,306.20092101499904,6.1033,3.666099084037038e-05
2800,306.2995792639995,6.7643,3.665501753339503e-05
2801,306.39740415099914,5.324,3.664895088018517e-05
2802,306.4984403090002,5.6162,3.664288173209873e-05
2803,306.5978363159993,5.8593,3.6636676233271636e-05
2804,306.69491677299993,6.7804,3.6630534109382766e-05
2805,306.7929038120001,6.3247,3.662455373203702e-05
2806,306.8885424500004,6.1968,3.6618505018086466e-05
2807,306.98773761600023,6.7111,3.661259030425934e-05
2808,307.08349114500015,5.7554,3.6606463354753066e-05
2809,307.1806950629998,6.9253,3.660055576296302e-05
2810,307.27864563299954,5.946,3.659455869179016e-05
2811,307.376548496999,6.1351,3.658851894592592e-05
2812,307.4749410959994,6.6289,3.658246222290125e-05
2813,307.57273201799944,5.1827,3.657640039969133e-05
2814,307.6714838179996,6.2011,3.6570350869567874e-05
2815,307.7732668159988,5.8939,3.6564264507901216e-05
2816,307.8734734689988,6.0533,3.655797686475316e-05
2817,307.9791421730006,6.5476,3.655179983746918e-05
2818,308.07751248599925,4.9521,3.6545273297530836e-05
2819,308.17605067399927,5.6719,3.653919463030871e-05
2820,308.27538611099953,5.2764,3.6533122143765457e-05
2821,308.3728062049995,6.7717,3.6526991568456835e-05
2822,308.4700738779993,5.6119,3.652096849339513e-05
2823,308.56840695199935,6.1089,3.6514904041419805e-05
2824,308.6692841029999,6.5505,3.6508904414506194e-05
2825,308.7687326769992,6.4193,3.650263458030864e-05
2826,308.8695240849993,6.754,3.649649245302476e-05
2827,308.9710672399997,5.4614,3.6490313981358096e-05
2828,309.0707359219996,5.8635,3.6483979038395076e-05
2829,309.1689583919997,5.251,3.647788984722226e-05
2830,309.2653620059991,6.3772,3.64718176129013e-05
2831,309.3652044720002,6.6724,3.6465865159753094e-05
2832,309.465370128999,6.3435,3.6459722738086444e-05
2833,309.5631630070002,5.702,3.645353774061732e-05
2834,309.66355855099937,6.5634,3.644750017660493e-05
2835,309.7638877879999,6.5835,3.644130848000007e-05
2836,309.86184212399894,5.334,3.6435117227407475e-05
2837,309.9586970799992,6.54,3.6429062246543253e-05
2838,310.0563770360004,6.0531,3.6423073796358056e-05
2839,310.15385894800056,5.7751,3.641704163629629e-05
2840,310.25189592599963,6.0833,3.6411036288456765e-05
2841,310.3499280550004,6.4557,3.640497723895059e-05
2842,310.4493212189991,6.9987,3.63989286898766e-05
2843,310.54686092299926,6.221,3.639280303679013e-05
2844,310.6463821569996,6.2719,3.638677406932099e-05
2845,310.7475298690006,7.079,3.638057727345678e-05
2846,310.8441183289997,5.1505,3.6374382169444495e-05
2847,310.94422300599945,5.4782,3.636841805999997e-05
2848,311.0401883449995,6.5256,3.636219081691359e-05
2849,311.13964331199895,5.091,3.635631604530868e-05
2850,311.2410723689991,6.1858,3.6350122687037114e-05
2851,311.3418268490004,6.4098,3.634393268080248e-05
2852,311.44161289600015,5.9262,3.6337714789321056e-05
2853,311.54000552899925,6.0363,3.633155410765439e-05
2854,311.63847778200034,5.864,3.6325458500123436e-05
2855,311.73876111999925,7.0759,3.631931647814815e-05
2856,311.8369666210001,5.6457,3.631319209481487e-05
2857,311.934768146999,6.1561,3.630713293345679e-05
2858,312.0379688519988,6.8641,3.6301093657160515e-05
2859,312.1352421299998,7.0759,3.629473636253094e-05
2860,312.23267544900045,6.3856,3.6288699764197564e-05
2861,312.3308698569999,6.8087,3.628271489845685e-05
2862,312.43403578700054,6.2161,3.6276661395740804e-05
2863,312.53314983900054,6.4538,3.627023334876542e-05
2864,312.63345883299917,6.859,3.626416650580251e-05
2865,312.7323132700003,5.6979,3.625798499216048e-05
2866,312.82797836700047,5.0791,3.625187105228392e-05
2867,312.9246972339988,5.0335,3.6245946861172906e-05
2868,313.02306603000034,6.4651,3.623999660746921e-05
2869,313.1159183340005,6.6887,3.6233919185123466e-05
2870,313.2121367809996,6.5989,3.6228195343518575e-05
2871,313.3114664519999,5.524,3.6222238733641945e-05
2872,313.40870350299883,5.8708,3.6216114839321057e-05
2873,313.50714714400056,6.5368,3.621011319666673e-05
2874,313.6045462809998,5.7731,3.620405143395068e-05
2875,313.7044221289998,5.4332,3.619802816234571e-05
2876,313.80427468199923,5.7796,3.619186729827168e-05
2877,313.9038494359993,6.1345,3.618564039061727e-05
2878,314.0036964009996,5.6385,3.6179550054691425e-05
2879,314.0955149950005,6.0824,3.6173391545555636e-05
2880,314.19637336899905,5.4245,3.616773834228399e-05
2881,314.2980775169999,6.8175,3.616143043956791e-05
2882,314.3990589120003,6.0061,3.615515135833336e-05
2883,314.49875316900034,7.1635,3.614900068086419e-05
2884,314.59854580499996,6.2697,3.614284295950621e-05
2885,314.696030961999,6.4775,3.6136667570308644e-05
2886,314.7931239419995,6.6106,3.613065991320986e-05
2887,314.8885491780002,4.7075,3.612465213944447e-05
2888,314.98376509099944,6.0888,3.6118755736728374e-05
2889,315.0809606599996,6.4315,3.611288932808647e-05
2890,315.1788331099997,6.0116,3.6106885069753106e-05
2891,315.2784670500005,7.4704,3.6100851724135796e-05
2892,315.3802249290002,5.0161,3.609462948876542e-05
2893,315.47726831900036,6.8118,3.60884172006173e-05
2894,315.5751968610002,6.0983,3.608241969839504e-05
2895,315.67294029299956,6.0826,3.607634390493825e-05
2896,315.770055727,5.5733,3.607034273512348e-05
2897,315.8704055870003,6.99,3.60643488742593e-05
2898,315.96809174199916,6.0212,3.605817383672842e-05
2899,316.06414353199943,6.6692,3.605212901148145e-05
2900,316.15942009100036,5.8496,3.6046196334629686e-05
2901,316.25695051100047,6.6215,3.604031670055553e-05
2902,316.3570049509999,5.7002,3.603428351888891e-05
2903,316.45758040799956,5.6228,3.602813199277776e-05
2904,316.55976294799984,5.7325,3.6021914999074046e-05
2905,316.6581800080003,5.4537,3.6015579986234556e-05
2906,316.7553108529992,7.0427,3.600952600716055e-05
2907,316.8550868309994,7.0512,3.60035248960494e-05
2908,316.9512687189999,5.8293,3.599737885104939e-05
2909,317.0495656179992,6.9664,3.599143527777785e-05
2910,317.15156012199986,6.0445,3.598531135629631e-05
2911,317.2489033210004,6.4995,3.597909283098769e-05
2912,317.345662705,5.0449,3.5973054183209856e-05
2913,317.44286909199946,6.4337,3.596709289666667e-05
2914,317.54071815299903,6.7836,3.596109973413587e-05
2915,317.637428095999,6.2378,3.595503918080244e-05
2916,317.7359189380004,7.0747,3.59490874757408e-05
2917,317.832009451,5.7873,3.594301732901234e-05
2918,317.9300033290001,6.3262,3.593705988487654e-05
2919,318.0282196139997,6.7453,3.5931039161604995e-05
2920,318.128110448999,6.3705,3.592495895216057e-05
2921,318.2271628489998,6.7793,3.5918790431543234e-05
2922,318.3240340529992,5.2863,3.5912678930493894e-05
2923,318.42230369000026,6.3961,3.59066931539506e-05
2924,318.5210271519991,6.9832,3.590063285061728e-05
2925,318.6133998530004,6.7457,3.589454643635803e-05
2926,318.71124509699985,5.9788,3.588883422296302e-05
2927,318.8095192919991,5.8575,3.588278569604938e-05
2928,318.90868994099947,4.2119,3.587672981969139e-05
2929,319.0077690239996,5.8908,3.587060919055563e-05
2930,319.10077859800003,6.7605,3.586451072314812e-05
2931,319.1990712120005,5.1146,3.585876165555554e-05
2932,319.2962054889995,5.6663,3.585267340043208e-05
2933,319.3975687969996,6.4097,3.584668037030867e-05
2934,319.4961381510002,6.2297,3.584039918456795e-05
2935,319.5937779809992,5.667,3.583433988475311e-05
2936,319.6928581859993,7.178,3.5828316539814796e-05
2937,319.7918489399999,5.8186,3.582221094432105e-05
2938,319.8894930709994,6.0136,3.5816030432283975e-05
2939,319.9885672090004,5.6243,3.5810061354629654e-05
2940,320.0850106750004,6.4783,3.580395906604943e-05
2941,320.182677806999,5.9159,3.579798374345686e-05
2942,320.28264396899976,6.1743,3.579197859734573e-05
2943,320.38323827800014,5.8617,3.57857611741976e-05
2944,320.48057426800005,5.4928,3.5779592025925954e-05
2945,320.57645326999955,5.287,3.5773581516049396e-05
2946,320.67551687299965,6.4981,3.5767652892469125e-05
2947,320.7715284699989,6.2177,3.576154959567899e-05
2948,320.86884774399914,6.0782,3.5755616738888874e-05
2949,320.9663434569993,6.1553,3.574961796061736e-05
2950,321.0642101119993,6.1425,3.574359111117286e-05
2951,321.162608912,5.7483,3.573755939716053e-05
2952,321.2600002119998,6.3069,3.573148085993833e-05
2953,321.35690873800013,6.1612,3.572546259858023e-05
2954,321.45267498999965,5.8662,3.5719482989382716e-05
2955,321.55232401300054,5.5275,3.5713566955370355e-05
2956,321.65103060599904,4.6446,3.570742049333334e-05
2957,321.7516759099999,6.2357,3.5701298107901214e-05
2958,321.85138969699983,6.5246,3.569512818259266e-05
2959,321.95246367300024,6.3041,3.568895169629635e-05
2960,322.05197081000006,5.7779,3.56827167075309e-05
2961,322.151480859,6.2043,3.567658821327168e-05
2962,322.2494517619998,5.5843,3.567037843746916e-05
2963,322.3466100789992,6.836,3.566438834981488e-05
2964,322.44580601899906,6.784,3.565839169209876e-05
2965,322.54482612299944,5.3806,3.565227566327164e-05
2966,322.6431134430004,6.4997,3.564616362765433e-05
2967,322.7418299250003,6.6184,3.564009671222221e-05
2968,322.8391789349989,5.4501,3.5634003906790206e-05
2969,322.93626856399896,6.4363,3.5627987814629623e-05
2970,323.0374137159997,5.4468,3.562200051592591e-05
2971,323.1358066929988,5.4068,3.561575935845684e-05
2972,323.2335788149994,6.2697,3.5609691196790176e-05
2973,323.32659719599906,6.7618,3.5603615954444504e-05
2974,323.42367369599924,5.0176,3.559791133129637e-05
2975,323.52253249599926,5.9785,3.559190053320991e-05
2976,323.6205888879995,5.439,3.558581029320993e-05
2977,323.71946408499934,5.539,3.5579755754382706e-05
2978,323.81780029400034,6.114,3.557365460635802e-05
2979,323.9125692389989,3.61,3.556758261425931e-05
2980,324.0104877470003,4.2762,3.556171821555555e-05
2981,324.11393648800004,6.243,3.555561442172836e-05
2982,324.21279633799895,6.7217,3.554929205672843e-05
2983,324.31367004300046,5.6905,3.554320460660491e-05
2984,324.41193411600034,5.8936,3.553697828240741e-05
2985,324.5118675199992,6.1467,3.553086313623456e-05
2986,324.6103247909996,6.6366,3.5524736860000047e-05
2987,324.7076778520004,5.2294,3.551863354802472e-05
2988,324.8065255170004,6.5698,3.551264957123457e-05
2989,324.9049068179993,5.9105,3.550655380265434e-05
2990,325.0034576220005,5.4654,3.550046187462961e-05
2991,325.09580005799944,6.4309,3.549438710993832e-05
2992,325.19562010699883,6.5018,3.548864898672845e-05
2993,325.29597936699975,6.231,3.548253566592595e-05
2994,325.39569168100024,5.9087,3.54763345504938e-05
2995,325.491156692,5.8858,3.547018452759257e-05
2996,325.590333094,6.4563,3.546427876580254e-05
2997,325.6889352369999,6.4467,3.545815606635805e-05
2998,325.7884644860005,6.0594,3.545207340123459e-05
2999,325.8866601310001,7.0613,3.5445935762160545e-05
3000,325.98668760500004,5.7166,3.5439873376728405e-05
3001,326.0791461709996,6.2235,3.5433708484321006e-05
3002,326.17770993500017,6.287,3.5427997400123516e-05
3003,326.276175985,5.707,3.5421906326111165e-05
3004,326.37501732999954,6.53,3.541582933629629e-05
3005,326.472825072,6.1427,3.54097330003087e-05
3006,326.56924822700057,5.6054,3.540369349308644e-05
3007,326.6683241949995,6.1926,3.539772699006172e-05
3008,326.7654704329998,5.9589,3.53916156263581e-05
3009,326.8642132349996,6.4018,3.538559391888887e-05
3010,326.9640019039998,6.1696,3.537953351777779e-05
3011,327.0629689439993,6.862,3.5373378783888934e-05
3012,327.16026027299995,5.3723,3.53672688814198e-05
3013,327.25990601599915,6.3628,3.536125781098763e-05
3014,327.3590112740003,7.03,3.535511858802474e-05
3015,327.4566819289994,6.4985,3.5348968329321066e-05
3016,327.55631839299895,6.6451,3.5342950105555525e-05
3017,327.6531087940002,6.7353,3.5336799381975316e-05
3018,327.7525637689996,5.4428,3.533082417080247e-05
3019,327.85391592799897,6.3825,3.532469169814822e-05
3020,327.95461163599975,6.3538,3.5318370272592646e-05
3021,328.05158568499974,5.4015,3.5312224436234534e-05
3022,328.1491531899992,5.9523,3.530623899067905e-05
3023,328.24625262600057,5.3494,3.530022501000003e-05
3024,328.3436197299998,5.9562,3.529421167530871e-05
3025,328.4415869249988,6.772,3.528820464592599e-05
3026,328.53957350499877,5.2113,3.5282160236234565e-05
3027,328.6373392339992,4.912,3.527611688796298e-05
3028,328.7357342689993,5.7166,3.527007272617286e-05
3029,328.83271660100036,5.4836,3.526400455012349e-05
3030,328.9308928600003,5.8042,3.525799010308646e-05
3031,329.03080499299904,6.0548,3.525195426722225e-05
3032,329.1282604070002,6.5982,3.524579941796298e-05
3033,329.22606409999935,5.6056,3.523974445567906e-05
3034,329.32270179199986,7.0717,3.523373803771606e-05
3035,329.4229783709998,6.2943,3.522778038919759e-05
3036,329.52156466999986,6.1244,3.522158459265439e-05
3037,329.6221546199995,3.3414,3.521550201944446e-05
3038,329.7203328510004,5.7565,3.520927678580252e-05
3039,329.8169493309997,5.51,3.520322682055557e-05
3040,329.913410743,5.6857,3.519725762401233e-05
3041,330.0103884279997,6.4613,3.519130056030862e-05
3042,330.10725665300015,5.741,3.5185320118518556e-05
3043,330.20420957699935,5.85,3.517933930512345e-05
3044,330.299505347999,5.8415,3.5173346306419823e-05
3045,330.3997410539996,6.8166,3.516747462833337e-05
3046,330.4970452509988,5.8372,3.5161297700432114e-05
3047,330.59287784499975,3.9355,3.5155268880123487e-05
3048,330.68944256099894,5.8779,3.514935336111115e-05
3049,330.78836091499943,5.8729,3.514339741833339e-05
3050,330.8855742220003,4.4193,3.513730403759264e-05
3051,330.9845591960002,6.7522,3.513129365462966e-05
3052,331.08353297899885,6.5096,3.5125193429814856e-05
3053,331.1846673939999,5.8857,3.511907778376542e-05
3054,331.2832026439992,6.5875,3.511283620975305e-05
3055,331.38464229499914,6.1249,3.510674264080249e-05
3056,331.4826390010003,5.851,3.510049999876544e-05
3057,331.5823873219997,6.8753,3.509444550543215e-05
3058,331.67991017299937,3.375,3.508829685203704e-05
3059,331.77870042500035,7.1706,3.508225896839509e-05
3060,331.8751551389996,6.6214,3.50761764037654e-05
3061,331.9712753599997,5.3106,3.5070205553642e-05
3062,332.0695111109999,6.9812,3.506427628481488e-05
3063,332.1682690710004,6.3143,3.505821995290122e-05
3064,332.2653855869994,3.9285,3.505211328679016e-05
3065,332.36382839,6.5788,3.5046112531358014e-05
3066,332.45856169000035,5.8628,3.5040057594074085e-05
3067,332.5562134769989,6.4027,3.503420194240744e-05
3068,332.6548566809997,6.1721,3.502816807567898e-05
3069,332.7557120679994,6.0744,3.502209201660493e-05
3070,332.8571645060001,6.1826,3.501580263728394e-05
3071,332.9570590179992,6.1456,3.500959887549381e-05
3072,333.0558503199991,6.1289,3.5003380070679055e-05
3073,333.1518900359988,6.7603,3.4997331529876526e-05
3074,333.2495004029988,6.4169,3.4991395355740744e-05
3075,333.34760805800033,6.7709,3.498536850327167e-05
3076,333.4447875149999,5.8083,3.49793196730247e-05
3077,333.54220767399966,6.6908,3.497332017358026e-05
3078,333.6402720490005,5.2617,3.496730167660498e-05
3079,333.73842306000006,6.1853,3.4961254474567875e-05
3080,333.8370529169988,5.4361,3.495512487790126e-05
3081,333.93292767799903,6.22,3.4949103053086444e-05
3082,334.0286121659992,5.5652,3.494318383623461e-05
3083,334.1267215349999,6.1352,3.493728548388895e-05
3084,334.2224333289996,5.8083,3.493123656783958e-05
3085,334.3193842599994,6.2372,3.492529852234569e-05
3086,334.41971524200017,6.3213,3.491934315302466e-05
3087,334.5163837580003,6.1586,3.491314858222228e-05
3088,334.6170222519995,6.2981,3.4907165684691434e-05
3089,334.716854803999,6.0437,3.490092807845682e-05
3090,334.8138724239998,6.3846,3.489482016129628e-05
3091,334.9138139349998,6.4147,3.4888763978580284e-05
3092,335.0141591009997,6.5069,3.488260319888895e-05
3093,335.11189068800013,6.4607,3.487637921197539e-05
3094,335.20850392600005,5.8014,3.487041102530867e-05
3095,335.3050642870003,5.671,3.4864454541234584e-05
3096,335.4048418090006,4.9277,3.485849214055555e-05
3097,335.50199182899996,6.6107,3.485233587265432e-05
3098,335.60066168400044,6.9992,3.484632009802473e-05
3099,335.697671341999,5.3463,3.484023617814812e-05
3100,335.7975598459998,5.2037,3.48342516191976e-05
3101,335.89654295699984,6.8208,3.48280865591975e-05
3102,335.9940803360005,6.25,3.4821985932407484e-05
3103,336.0933373610005,5.6383,3.4815951948333317e-05
3104,336.1887537629991,4.6087,3.480983135956789e-05
3105,336.28415671899893,6.1856,3.480393656888894e-05
3106,336.385349225,5.6496,3.4798035748456835e-05
3107,336.4875161389991,6.5583,3.4791811389444503e-05
3108,336.587686285,6.1979,3.478551683783948e-05
3109,336.68717387799916,5.5956,3.477931472740743e-05
3110,336.7819494029991,4.2248,3.4773173536358075e-05
3111,336.8818397399991,5.3797,3.476728470259264e-05
3112,336.9804493390002,6.5222,3.476109837987656e-05
3113,337.07575382399955,4.8013,3.475507260444447e-05
3114,337.1735187129998,6.4784,3.474918552925924e-05
3115,337.2711098330001,6.1458,3.474315210339508e-05
3116,337.36829102000047,5.8397,3.4737136606172835e-05
3117,337.4664601959994,5.8733,3.473112059074072e-05
3118,337.5640788359997,6.267,3.472504984888889e-05
3119,337.66266504399937,5.2067,3.471901961938279e-05
3120,337.7568197849996,5.3603,3.471297326950617e-05
3121,337.8524164720002,5.7456,3.4707138710061745e-05
3122,337.94718412099974,4.8307,3.4701246364876605e-05
3123,338.0459059579989,7.1504,3.469539515290128e-05
3124,338.1449634649998,6.542,3.468931670413586e-05
3125,338.2442735679997,4.0209,3.468319361635802e-05
3126,338.3445457809994,6.9706,3.467705833635805e-05
3127,338.4443216669988,6.7831,3.4670871854814884e-05
3128,338.54095525400044,5.8822,3.466471375308646e-05
3129,338.6368800910004,6.4083,3.465874074802472e-05
3130,338.73218049800016,6.7926,3.465282908981481e-05
3131,338.82876365300035,5.1802,3.4646936618950644e-05
3132,338.92625801599934,4.4266,3.464096671679019e-05
3133,339.0234348800004,6.4916,3.463495045925923e-05
3134,339.12193042800027,5.9897,3.462896981592593e-05
3135,339.2187747129992,6.4572,3.4622891588456854e-05
3136,339.31592212099895,5.8299,3.4616908538333334e-05
3137,339.41552155499994,5.736,3.461091087493829e-05
3138,339.5106910220002,6.5587,3.4604757646049376e-05
3139,339.6085586699992,6.3484,3.4598877189753156e-05
3140,339.7070854039994,4.9613,3.4592845920678994e-05
3141,339.8078091999996,5.5689,3.458677433691365e-05
3142,339.905019419999,6.0773,3.458054135845677e-05
3143,340.0033589249997,5.7305,3.4574545887160546e-05
3144,340.10120860499956,5.9198,3.4568469277160545e-05
3145,340.19917390499904,6.19,3.4562426079382705e-05
3146,340.3002036559992,6.5434,3.45563866301852e-05
3147,340.3978095959992,6.0034,3.455014607709882e-05
3148,340.49458087200037,5.84,3.454412382055563e-05
3149,340.59639233300004,5.8935,3.453814168611116e-05
3150,340.69790739499877,6.4046,3.453187529197536e-05
3151,340.7958528750005,5.5216,3.4525609888148135e-05
3152,340.895269319999,6.062,3.4519554476481533e-05
3153,340.99466888999996,5.1014,3.4513419247839495e-05
3154,341.0918437500004,6.0827,3.4507290152530935e-05
3155,341.19164012299916,6.9092,3.450120900382719e-05
3156,341.29095837800014,6.6111,3.449513215006172e-05
3157,341.38957397299964,6.6116,3.448899157370368e-05
3158,341.48637699999927,5.9882,3.448285823197536e-05
3159,341.57775585499985,6.7104,3.447693210018523e-05
3160,341.6758998759997,6.4769,3.447129498790123e-05
3161,341.7728796190004,6.9792,3.44652365216667e-05
3162,341.868848787999,4.163,3.445924787672836e-05
3163,341.9663723379999,6.1142,3.445331851253084e-05
3164,342.0656277500002,6.8146,3.444726916191355e-05
3165,342.16346216700003,5.8172,3.444117528975306e-05
3166,342.26221248599904,6.7192,3.443513533827161e-05
3167,342.35767662800026,4.7579,3.44290276058025e-05
3168,342.45537376799984,6.1938,3.442312933265429e-05
3169,342.5466098220004,6.6464,3.4417117287284e-05
3170,342.64443962400037,6.2043,3.4411493931851914e-05
3171,342.7446484430002,6.6537,3.4405431747407445e-05
3172,342.8435217589995,5.2222,3.439926270395068e-05
3173,342.94255263800005,6.6289,3.439315342407413e-05
3174,343.0387981469994,5.46,3.4387048705432084e-05
3175,343.13633162800033,6.5181,3.438108962716055e-05
3176,343.23306194699944,6.3891,3.437508959382723e-05
3177,343.33215465899957,5.5468,3.436909958932098e-05
3178,343.4304772479991,6.6685,3.436300282172841e-05
3179,343.52672476599946,6.9915,3.435691928981484e-05
3180,343.62534718999996,5.4886,3.435097234209878e-05
3181,343.72641511599977,6.4774,3.4344902842839486e-05
3182,343.8247334709995,4.4496,3.4338653014321025e-05
3183,343.92184298699976,5.4332,3.4332573665864245e-05
3184,344.0226895029991,6.9865,3.432658489580246e-05
3185,344.12375001799955,5.4935,3.4320360855123496e-05
3186,344.2219913400004,6.1358,3.431413352419755e-05
3187,344.32307644699904,7.2038,3.4308039374259296e-05
3188,344.42027750499983,6.2178,3.430182903925925e-05
3189,344.5174610060003,6.069,3.429581942580244e-05
3190,344.61812475700026,5.2257,3.4289822964691345e-05
3191,344.7168872589991,6.0834,3.428360207228398e-05
3192,344.8156153669988,6.9776,3.427750297685185e-05
3193,344.9151763810005,5.8876,3.42714047858025e-05
3194,345.01367659099924,6.3094,3.426528119506174e-05
3195,345.1117805310005,6.9518,3.425919311197538e-05
3196,345.20775497199975,5.5071,3.4253141898641985e-05
3197,345.30553583799883,6.1808,3.4247205079567903e-05
3198,345.40252209199934,5.7416,3.424117842320991e-05
3199,345.4993411489995,6.9206,3.42351969251235e-05
3200,345.596082828999,5.0192,3.422922218487656e-05
3201,345.69234808500005,4.1863,3.422324359333333e-05
3202,345.7912687749995,6.4905,3.421728552154323e-05
3203,345.8888749479993,6.5439,3.421119697820988e-05
3204,345.98707934199956,6.1073,3.420516679709877e-05
3205,346.08686307599964,5.1979,3.419911070290131e-05
3206,346.18605466199915,6.302,3.419293399135807e-05
3207,346.2855512389997,6.5286,3.4186838870185244e-05
3208,346.381880252,5.1358,3.41806777723457e-05
3209,346.481420959999,5.473,3.417472595290129e-05
3210,346.5814986200003,5.3406,3.4168529915246885e-05
3211,346.68081359999996,6.2998,3.416241244691365e-05
3212,346.77898691299924,5.9487,3.4156273936543225e-05
3213,346.8793103730004,5.1691,3.4150222597654315e-05
3214,346.9795546770001,6.0678,3.414404319419753e-05
3215,347.0791242180003,6.1071,3.413785226765429e-05
3216,347.1716053330001,6.567,3.413171280864205e-05
3217,347.27124246399944,6.9839,3.412600315808645e-05
3218,347.37185627299914,5.4484,3.4119833721234604e-05
3219,347.4704768270003,6.6187,3.411362744222229e-05
3220,347.564919991999,4.4682,3.410754101339507e-05
3221,347.65608695599985,6.7917,3.410170038518522e-05
3222,347.75687173000006,6.6869,3.4096085274012366e-05
3223,347.8532509889992,6.2811,3.40898614142593e-05
3224,347.95234244899984,5.4955,3.4083906907345736e-05
3225,348.04997016000016,5.9007,3.407779795555559e-05
3226,348.1491029289991,6.4907,3.407174047123455e-05
3227,348.24969247399895,6.3353,3.40656497745062e-05
3228,348.3482438909996,5.8695,3.405943290160495e-05
3229,348.4479578499995,6.7565,3.405335300734569e-05
3230,348.5480540640001,6.0748,3.4047200178148154e-05
3231,348.6479946689997,6.3263,3.404102089925923e-05
3232,348.7475942379988,6.1051,3.403484690703711e-05
3233,348.8497507579996,5.2097,3.402868971537042e-05
3234,348.95015237999905,6.2356,3.402240080197535e-05
3235,349.0489260209997,5.8824,3.401618159851852e-05
3236,349.14697268999953,5.4833,3.4010073914506156e-05
3237,349.2439028079989,5.8627,3.400405334166672e-05
3238,349.3439266149999,5.9359,3.3998056652160504e-05
3239,349.44106220399954,6.2803,3.399190141722225e-05
3240,349.53790017699976,6.889,3.3985891297469173e-05
3241,349.6345524449989,5.9844,3.397989257358028e-05
3242,349.73280800999964,6.507,3.3973946060123465e-05
3243,349.82772002099955,4.7684,3.3967884579876594e-05
3244,349.9235164599995,5.9772,3.3961968850000046e-05
3245,350.02239998799996,6.3292,3.3956106330864223e-05
3246,350.1201390059996,6.314,3.395001271234575e-05
3247,350.2166699320005,4.8501,3.394397754425926e-05
3248,350.3088041760002,6.6673,3.393800495037042e-05
3249,350.40872976799983,6.9256,3.3932344836358076e-05
3250,350.50861495499885,5.9958,3.392612842117283e-05
3251,350.60774340100033,6.6953,3.391999279790127e-05
3252,350.703977060999,6.3998,3.3913884516604985e-05
3253,350.8054696069994,5.7883,3.390792173734565e-05
3254,350.90372605099947,5.1156,3.390167818672845e-05
3255,351.00323593400026,5.9946,3.3895589408703695e-05
3256,351.1045569359994,6.6233,3.3889472197654384e-05
3257,351.20293274699907,6.0946,3.388321577722219e-05
3258,351.301501427999,5.8466,3.3877118047592624e-05
3259,351.39987735999966,6.9092,3.387103183512352e-05
3260,351.4976647299991,4.2384,3.38649776998766e-05
3261,351.59408113800055,4.4699,3.385893360222225e-05
3262,351.6911261999994,6.4376,3.385298127962965e-05
3263,351.789232526,5.8991,3.384700167092596e-05
3264,351.8864249769995,5.607,3.3840941436543226e-05
3265,351.98553452799933,6.3497,3.3834927483703725e-05
3266,352.083371662,5.7313,3.3828826134938286e-05
3267,352.18422798699976,6.5922,3.382278005487652e-05
3268,352.2853019609993,5.6953,3.3816567291790166e-05
3269,352.3833129499999,5.6735,3.381032928703709e-05
3270,352.4822209189988,6.144,3.3804272870678984e-05
3271,352.5810666059988,6.8641,3.379813769851859e-05
3272,352.67677345099946,5.404,3.3792067855061804e-05
3273,352.77565683099965,5.6495,3.378615138975313e-05
3274,352.87369999600014,5.4615,3.378007004234568e-05
3275,352.97209643399947,5.6118,3.377399873851854e-05
3276,353.07335278400024,6.3689,3.3767932998703764e-05
3277,353.1706751969996,5.4466,3.3761662901419816e-05
3278,353.2706391259999,6.79,3.375567420820988e-05
3279,353.36797022300016,4.2481,3.374943818271602e-05
3280,353.4685344239988,6.0538,3.374347945691355e-05
3281,353.569442607999,5.6366,3.37372295154939e-05
3282,353.67000376299984,6.3699,3.3731067439753075e-05
3283,353.76991854399967,5.321,3.3724865439012376e-05
3284,353.870112487999,6.465,3.371868812895066e-05
3285,353.9680593129997,6.4278,3.37125039204938e-05
3286,354.0663080590002,5.8482,3.370645009388895e-05
3287,354.16180486899975,5.9885,3.3700392109506166e-05
3288,354.26144895200014,6.3645,3.369448163296298e-05
3289,354.3602773089988,5.3713,3.368834862722221e-05
3290,354.4599186639989,7.1175,3.368224291055558e-05
3291,354.5542366810005,6.7716,3.367610313154324e-05
3292,354.6561848559995,6.4148,3.367025161030861e-05
3293,354.74768613999913,5.9512,3.3663973318642005e-05
3294,354.8475208689997,5.5063,3.365834250098768e-05
3295,354.9452003389997,4.6259,3.365209691283949e-05
3296,355.04490961400006,6.3974,3.364613557648148e-05
3297,355.1437498209998,5.5971,3.363999676061729e-05
3298,355.2399452339996,5.6748,3.363387303796296e-05
3299,355.33561849299986,5.2718,3.3627932852222235e-05
3300,355.4314521079996,5.4976,3.362203137246912e-05
3301,355.53118435800025,6.6228,3.361611590790127e-05
3302,355.63109810400056,5.5357,3.360996012296294e-05
3303,355.7293630309996,6.9445,3.360378502327157e-05
3304,355.8255667270005,6.7192,3.3597737452284016e-05
3305,355.92417965300046,4.8611,3.359177766518522e-05
3306,356.02238462700006,6.481,3.35857073007408e-05
3307,356.1208079179996,5.4964,3.35796525980864e-05
3308,356.2214841469995,6.0065,3.357355740567903e-05
3309,356.3188449169993,6.3622,3.356735913080251e-05
3310,356.4163755289992,5.1172,3.35613509190741e-05
3311,356.5143645139997,6.0734,3.355532489271613e-05
3312,356.61329244599983,5.6171,3.3549272516111165e-05
3313,356.7118733539992,5.9876,3.354316060617287e-05
3314,356.80854842699955,6.3874,3.353708753117285e-05
3315,356.9054296859995,6.1062,3.3531099229382714e-05
3316,357.0002832709997,5.7705,3.352512568827164e-05
3317,357.0969250870003,6.0262,3.3519257194567885e-05
3318,357.19214696900053,5.9277,3.351329146129636e-05
3319,357.28931749599906,5.7013,3.350742897246916e-05
3320,357.3872762890005,5.852,3.3501441106172825e-05
3321,357.48396585699993,5.2092,3.3495386322469203e-05
3322,357.5802289909989,5.7781,3.348938478277775e-05
3323,357.6766149399991,6.4508,3.348348098135807e-05
3324,357.77226310399965,5.6873,3.3477535384814856e-05
3325,357.871278781,5.815,3.347161757679018e-05
3326,357.9741915220002,6.9336,3.346551575586416e-05
3327,358.0741109169994,5.5699,3.345909396740746e-05
3328,358.1738562319988,6.6295,3.345298188024695e-05
3329,358.2749565009999,6.5631,3.344679561351858e-05
3330,358.3678843959988,6.4451,3.344058869956792e-05
3331,358.4659387640004,5.675,3.343487491697533e-05
3332,358.5634210469998,5.7445,3.342880760388889e-05
3333,358.662475096,5.9704,3.3422792878271617e-05
3334,358.7591637980004,6.4613,3.3416674177345684e-05
3335,358.8568729819999,5.886,3.3410706423086437e-05
3336,358.95163643399974,5.9006,3.3404675619444505e-05
3337,359.04927858299925,6.4333,3.339881471839509e-05
3338,359.1452694109994,6.1495,3.3392799579012404e-05
3339,359.2429069640002,5.9931,3.338684736339513e-05
3340,359.3422274209988,6.4304,3.338084604376547e-05
3341,359.4412919369988,6.362,3.337469839308647e-05
3342,359.542912293,6.521,3.336859877697536e-05
3343,359.64140918299927,5.9519,3.336233491117285e-05
3344,359.7386483480004,5.9299,3.335624326765434e-05
3345,359.83628339499955,6.3884,3.335025267043207e-05
3346,359.93265944999985,6.2974,3.334420971141973e-05
3347,360.03227679500014,6.4215,3.3338253046666654e-05
3348,360.1285709959993,4.9058,3.333211692938272e-05
3349,360.22486214200035,6.8539,3.3326171782901264e-05
3350,360.31796725799904,5.7642,3.3320230277098814e-05
3351,360.41729122200013,5.2373,3.3314489904691365e-05
3352,360.5166909589989,5.246,3.330831893364199e-05
3353,360.61615123699994,6.5951,3.330221609061729e-05
3354,360.71649209600037,5.8614,3.329608515444441e-05
3355,360.82002630699935,6.5929,3.3289878260308716e-05
3356,360.91694966199975,5.9076,3.328348046672837e-05
3357,361.0097767940006,6.1478,3.327749928043212e-05
3358,361.1095938689996,5.9776,3.327178906012346e-05
3359,361.2100944140002,6.0478,3.326560626302474e-05
3360,361.30746547799936,4.7437,3.3259344426666686e-05
3361,361.4052621239989,6.5367,3.325339052314817e-05
3362,361.5029639889999,5.8486,3.3247370000987675e-05
3363,361.60189725800046,6.2605,3.324133387685182e-05
3364,361.6976361699999,5.9496,3.323522829388889e-05
3365,361.7967933609998,5.9239,3.3229317183209944e-05
3366,361.8933308889991,6.1978,3.322319284191362e-05
3367,361.99213615400004,7.2366,3.3217234266666664e-05
3368,362.0883332960002,6.1633,3.3211147979259235e-05
3369,362.18572429599953,6.2464,3.320519252864196e-05
3370,362.2856370030004,6.0273,3.319918813172844e-05
3371,362.38434616199993,5.8431,3.319302730895063e-05
3372,362.4819558959989,5.2127,3.318694019802473e-05
3373,362.58016464200045,5.9699,3.318090333438277e-05
3374,362.6778588319994,6.3736,3.317484198104938e-05
3375,362.7758870710004,4.6969,3.316880259185191e-05
3376,362.8746460679995,6.513,3.316276028537035e-05
3377,362.97539782499916,6.5166,3.315667384129629e-05
3378,363.07441646999905,6.8669,3.3150459636111086e-05
3379,363.1718498760001,4.7388,3.3144343335493824e-05
3380,363.2753864389997,5.976,3.3138311639074044e-05
3381,363.37713126699964,6.0189,3.3131934096975305e-05
3382,363.47535172099924,6.109,3.312565193549385e-05
3383,363.5743145489996,5.7392,3.311957750574072e-05
3384,363.6727044870004,5.9906,3.311347073086421e-05
3385,363.7722421469989,6.8135,3.31073965582716e-05
3386,363.8689643580001,6.112,3.3101259092098776e-05
3387,363.96788895399914,5.9283,3.3095273161111156e-05
3388,364.06964014999903,6.5995,3.308919185808649e-05
3389,364.16922265299945,6.1799,3.308290700814813e-05
3390,364.2705361389999,6.1722,3.307676373925932e-05
3391,364.3691093489997,5.0909,3.3070509741234594e-05
3392,364.46726734799995,6.7266,3.306441102179015e-05
3393,364.56537922499956,6.2656,3.305835082061734e-05
3394,364.66483465999954,6.1078,3.305229578672846e-05
3395,364.76607882200005,6.5876,3.3046163251543186e-05
3396,364.864439383,5.2445,3.303983923148151e-05
3397,364.963850574999,6.2141,3.303383573592597e-05
3398,365.0562798869996,6.1693,3.3027706120802455e-05
3399,365.1570027509988,6.1199,3.302201104469139e-05
3400,365.2570863740002,5.9384,3.3015779878024764e-05
3401,365.3599049000004,6.7486,3.300960383993832e-05
3402,365.459005151999,5.9442,3.300319773537035e-05
3403,365.55982878899886,5.421,3.299712875456795e-05
3404,365.65262519799944,6.4921,3.2990907510370394e-05
3405,365.7511943419995,5.9402,3.298518912962961e-05
3406,365.8485308300005,6.5098,3.2979097563024714e-05
3407,365.94879187100014,5.6679,3.297309306475306e-05
3408,366.0483027749997,4.8376,3.296690694234566e-05
3409,366.14955550500054,6.4346,3.2960762238518536e-05
3410,366.2486671639999,6.3046,3.295452122617282e-05
3411,366.3463495289998,6.6437,3.2948391235617305e-05
3412,366.4458508560001,6.2259,3.2942355164629624e-05
3413,366.542068408,5.1899,3.2936222391728376e-05
3414,366.640635877,6.371,3.293026484672838e-05
3415,366.73840048999955,5.1713,3.29241565632099e-05
3416,366.8389208560002,6.3885,3.291815337197533e-05
3417,366.93708922099904,6.1761,3.291196966172844e-05
3418,367.0291995280004,5.8842,3.290589153746915e-05
3419,367.1286733039997,6.3639,3.290020859265429e-05
3420,367.22014767399924,6.8273,3.289406967234575e-05
3421,367.321250555,5.9683,3.28884435241358e-05
3422,367.4235335909998,7.0375,3.28821573146914e-05
3423,367.5257067269995,7.1203,3.287588182364204e-05
3424,367.62745801299934,6.6461,3.286957004641981e-05
3425,367.72557865399904,4.7116,3.28632955580247e-05
3426,367.8229165089997,6.8175,3.2857212410061735e-05
3427,367.92150015199877,6.0979,3.285121596864198e-05
3428,368.020740304999,6.3617,3.284512377950615e-05
3429,368.1218745240003,6.3032,3.283901097858026e-05
3430,368.22310195299906,6.1449,3.2832759438086467e-05
3431,368.3215775150002,4.9966,3.2826524260555616e-05
3432,368.41956399099945,5.4529,3.28204371955556e-05
3433,368.5157830520002,2.9751,3.281438105592596e-05
3434,368.61603528900014,5.7423,3.280842958888896e-05
3435,368.716193577,4.7515,3.280225690018518e-05
3436,368.8168474289996,5.567,3.2796069395740736e-05
3437,368.91498429700005,5.7071,3.278984717753084e-05
3438,369.0108092699993,6.6793,3.278379412253085e-05
3439,369.11002202099917,5.1444,3.277788937111118e-05
3440,369.2074702480004,5.8369,3.277176939487651e-05
3441,369.30710170599923,6.511,3.276574724141983e-05
3442,369.40982828099914,6.21,3.2759609185185257e-05
3443,369.5108435500006,6.0066,3.275326423981487e-05
3444,369.6108768289996,5.2832,3.2747016394135774e-05
3445,369.7146955400003,6.7058,3.274084812703705e-05
3446,369.81286756699956,6.3481,3.273444590629632e-05
3447,369.9166042960005,6.4446,3.272836921074082e-05
3448,370.01515531099903,6.8523,3.2721979278333345e-05
3449,370.1167225249992,5.7703,3.2715898081296356e-05
3450,370.2178684270002,6.7801,3.270963064481484e-05
3451,370.3114836200002,6.6543,3.2703378928703684e-05
3452,370.41106145400045,6.3984,3.2697606540185253e-05
3453,370.51113847799934,5.9457,3.2691456424074075e-05
3454,370.61175630099933,5.3956,3.268527054475317e-05
3455,370.7098571509996,6.1839,3.267906530018519e-05
3456,370.80698586700055,6.3559,3.2672998035864166e-05
3457,370.9058797859998,6.5605,3.266701412290124e-05
3458,371.0047329850004,5.9301,3.266091693228393e-05
3459,371.1008187459993,3.2583,3.265482302635805e-05
3460,371.19789516499986,4.5777,3.264886668740743e-05
3461,371.29746371799956,6.6995,3.2642875139876606e-05
3462,371.3959720160001,5.9777,3.263672814450617e-05
3463,371.49475673800043,5.3579,3.263066356493827e-05
3464,371.59345863399903,6.0555,3.2624554718333325e-05
3465,371.6926190239992,5.0215,3.261847793432104e-05
3466,371.79050987699884,6.8145,3.261233335469137e-05
3467,371.8877099910005,5.865,3.260629913734574e-05
3468,371.98608896899896,6.3092,3.260029647222219e-05
3469,372.08422428799895,5.6979,3.259424136703701e-05
3470,372.183828145,6.6806,3.258817198080253e-05
3471,372.284125279999,7.16,3.258202756685191e-05
3472,372.3822033799988,5.766,3.257583820938276e-05
3473,372.474625249999,5.78,3.2569776367160474e-05
3474,372.5753678229994,6.0707,3.2564087149691355e-05
3475,372.6739950409992,5.8916,3.255786065518525e-05
3476,372.771733186999,5.1619,3.2551763719506155e-05
3477,372.87106660399877,5.5078,3.2545725431049345e-05
3478,372.9709842449993,6.8567,3.2539614090123514e-05
3479,373.07147433799946,5.1705,3.253344283018516e-05
3480,373.1687381439988,5.8628,3.2527235018518544e-05
3481,373.267301083999,5.9074,3.252121392864202e-05
3482,373.3671295799995,5.9301,3.2515151258333356e-05
3483,373.4669509260002,6.5468,3.25089783175309e-05
3484,373.56456826799877,5.91,3.250282049777783e-05
3485,373.66264491999937,6.1953,3.249678842703709e-05
3486,373.76065692500015,6.2681,3.24907340633334e-05
3487,373.85823553299997,6.5813,3.248468914432101e-05
3488,373.9566245850001,5.5504,3.247865701074081e-05
3489,374.0522411839993,5.0745,3.247258643444442e-05
3490,374.1497120799995,5.609,3.246667781345681e-05
3491,374.2477093159996,6.9198,3.246067749314815e-05
3492,374.3451674549997,4.7782,3.245462829197533e-05
3493,374.44013773999905,4.5584,3.2448599717901274e-05
3494,374.5378602239998,6.2101,3.2442737173827215e-05
3495,374.634841531999,5.4732,3.243671138870373e-05
3496,374.73091045900037,5.3155,3.243072599074075e-05
3497,374.8284477879988,6.4174,3.242479607049389e-05
3498,374.9247972339999,4.9574,3.241877029290124e-05
3499,375.0227560250005,6.6908,3.2412823591604916e-05
3500,375.11573366099947,6.2211,3.24067966461729e-05
3501,375.2162047889997,5.9954,3.2401062088950616e-05
3502,375.31642367699897,6.1625,3.239485253691356e-05
3503,375.4142511789996,6.871,3.238865245512348e-05
3504,375.5155270670002,6.1279,3.238260434018522e-05
3505,375.6162130089997,6.3622,3.2376352076049375e-05
3506,375.7082474059989,6.3223,3.237006978543214e-05
3507,375.8081936870003,6.8713,3.236448701574076e-05
3508,375.90593145099956,6.7063,3.235830034981485e-05
3509,376.0021737959996,5.1738,3.235226834549383e-05
3510,376.1000576389997,6.8075,3.2346261664876614e-05
3511,376.1952907220002,6.0879,3.234028952549383e-05
3512,376.29061711899885,6.0551,3.233439145296297e-05
3513,376.3894376949993,6.5209,3.2328503138518566e-05
3514,376.4889323539992,6.9564,3.232242752055563e-05
3515,376.5891494280004,5.6757,3.231627673666672e-05
3516,376.6892645219996,6.285,3.23100853827161e-05
3517,376.78956836,6.2341,3.230388559370371e-05
3518,376.88868092399935,5.4238,3.229765589537035e-05
3519,376.9844326090006,4.6041,3.229160515820987e-05
3520,377.0838349530004,5.578,3.228568832444445e-05
3521,377.18247074099963,5.3842,3.227955534901232e-05
3522,377.28040560499903,6.1262,3.227347337191363e-05
3523,377.3771632799999,5.5849,3.226739575092594e-05
3524,377.4754927569993,6.2501,3.226142774895065e-05
3525,377.5761163970001,7.0313,3.225538197882717e-05
3526,377.67571105099887,6.0504,3.224910613320985e-05
3527,377.77136521099965,5.5235,3.224303788962971e-05
3528,377.8670151000006,5.4215,3.223711717518525e-05
3529,377.96483939300015,5.4426,3.223121727345676e-05
3530,378.0647778099992,5.9002,3.222516533864199e-05
3531,378.16172014899894,5.8961,3.2219005842037037e-05
3532,378.2605858129991,6.0824,3.2213004994567956e-05
3533,378.3619987379989,6.6854,3.22069200588272e-05
3534,378.4602759339996,6.1207,3.220065234012352e-05
3535,378.56045083699973,5.6925,3.2194587108827216e-05
3536,378.661214071999,5.3671,3.2188408819753066e-05
3537,378.7594671759998,4.408,3.218218608160492e-05
3538,378.858600567999,4.9446,3.217611628185183e-05
3539,378.964640750999,6.2302,3.216999755746915e-05
3540,379.062119921,5.4381,3.216345840962961e-05
3541,379.1604425980004,6.3126,3.215744789154323e-05
3542,379.25825887300016,5.8726,3.215137326191359e-05
3543,379.3548906340002,5.9531,3.214532829709882e-05
3544,379.45463586500045,7.1184,3.213935707407405e-05
3545,379.55325398700006,5.8181,3.2133212748518576e-05
3546,379.65325535100055,4.3947,3.2127116960246886e-05
3547,379.7509666779988,5.8198,3.212095250759264e-05
3548,379.8505211840002,6.5994,3.211491186660495e-05
3549,379.94909952499984,6.4228,3.2108780452283974e-05
3550,380.04998472399893,5.9953,3.210268007666664e-05
3551,380.1484227389992,5.7008,3.2096465696790184e-05
3552,380.2481466909994,6.6351,3.2090363357654294e-05
3553,380.3466434860002,5.9018,3.20842273993827e-05
3554,380.4442392740002,6.3885,3.2078144176728445e-05
3555,380.5431117899989,5.981,3.207212215987651e-05
3556,380.64262428499933,2.801,3.206601972944442e-05
3557,380.7409937499997,6.6022,3.205983988586417e-05
3558,380.8412243949988,6.0817,3.2053812696851845e-05
3559,380.9335940460005,6.9748,3.204762272783958e-05
3560,381.0313783139991,5.9072,3.204192487370378e-05
3561,381.12749765399894,4.5695,3.203588373753092e-05
3562,381.226793672,5.7362,3.2029941433148216e-05
3563,381.3255901779994,5.3354,3.202382047913578e-05
3564,381.4245505210001,6.1257,3.2017723322777795e-05
3565,381.521589426,5.6504,3.201160695845683e-05
3566,381.61720190400047,5.1798,3.2005615125308616e-05
3567,381.7156071539994,5.3884,3.199964790506177e-05
3568,381.8138445629993,6.3853,3.199361296006177e-05
3569,381.91171248200044,6.0363,3.1987575990370367e-05
3570,382.0089777060002,5.8698,3.19815432783951e-05
3571,382.104735769999,6.2877,3.1975524772407405e-05
3572,382.1993221499997,6.0134,3.1969615773827136e-05
3573,382.2975933939997,5.1922,3.196376699314818e-05
3574,382.39357958300025,3.8396,3.19577254496296e-05
3575,382.49066186799973,6.259,3.195177456543217e-05
3576,382.587630738999,6.2075,3.194579456432104e-05
3577,382.6851295870001,6.8869,3.193981185462971e-05
3578,382.7843834239993,6.5511,3.193380003086419e-05
3579,382.8831283109994,5.979,3.192768611129631e-05
3580,382.98164156799976,6.4046,3.192154056518525e-05
3581,383.0797675189988,6.1998,3.191550213271602e-05
3582,383.17672259999927,6.88,3.190943515962969e-05
3583,383.2742346899995,5.8549,3.1903452418518565e-05
3584,383.36528735200045,6.4044,3.1897396073950685e-05
3585,383.46502566399977,6.1617,3.189182568672842e-05
3586,383.5613910760003,6.1273,3.188565590234573e-05
3587,383.6592575199993,5.7345,3.187969380345681e-05
3588,383.75707712799885,6.5859,3.187364944925927e-05
3589,383.85279298000023,3.8314,3.1867625676975336e-05
3590,383.94701770699976,5.7645,3.186171590444449e-05
3591,384.0437515599988,5.6353,3.1855912762037095e-05
3592,384.14138566399924,6.8361,3.1849928289444444e-05
3593,384.24047979999887,6.395,3.184390671154328e-05
3594,384.3373968619999,6.4304,3.1837794372345735e-05
3595,384.43469719600034,5.8271,3.183180991814812e-05
3596,384.532144154,5.7645,3.182579699271605e-05
3597,384.6293273699994,5.9256,3.1819776959753115e-05
3598,384.7263489750003,6.2253,3.181378833456789e-05
3599,384.8231086609994,4.7726,3.180780078160493e-05
3600,384.9218479249994,5.3893,3.180181977802471e-05
3601,385.0204301149988,6.2959,3.179573180006179e-05
3602,385.12091035499907,5.5834,3.178964590098772e-05
3603,385.215907537,4.6329,3.178344323981486e-05
3604,385.3137692179989,5.4716,3.177757128549387e-05
3605,385.40997301899915,5.9709,3.1771509300061764e-05
3606,385.50757110700033,6.5681,3.1765590208827204e-05
3607,385.6062401629988,3.9101,3.175956608858025e-05
3608,385.70655926499967,4.6734,3.175347996123458e-05
3609,385.8062470040004,7.0495,3.174729533413585e-05
3610,385.90466512700004,5.9824,3.174112930216055e-05
3611,386.00261098900046,6.0295,3.1735052465061735e-05
3612,386.0992850540006,6.285,3.172898617049382e-05
3613,386.19941664699945,6.4036,3.172305056500007e-05
3614,386.2975502959998,5.5713,3.171687832141973e-05
3615,386.39661106899985,6.2401,3.1710805876728386e-05
3616,386.49544954299927,6.2017,3.1704614934691404e-05
3617,386.59349782999925,6.4722,3.1698596609074136e-05
3618,386.69050011699983,5.9504,3.1692533024444496e-05
3619,386.7881656539994,6.7555,3.1686549120308714e-05
3620,386.88468915500016,5.9522,3.168052481808648e-05
3621,386.9809557539993,6.4127,3.167450731222227e-05
3622,387.0774717589993,6.5916,3.1668613647160574e-05
3623,387.1756953240001,5.2669,3.166264896135803e-05
3624,387.2735221499988,6.6252,3.165660045209879e-05
3625,387.37233477100017,5.743,3.1650568366913596e-05
3626,387.4742736389999,6.5841,3.164440872993824e-05
3627,387.5755930129999,6.3958,3.1638179190432076e-05
3628,387.67566731399893,6.3109,3.1631929565308634e-05
3629,387.77476657199986,5.7477,3.162573604598768e-05
3630,387.8723035490002,5.5198,3.161962482592594e-05
3631,387.97033874800036,6.2551,3.161353069475315e-05
3632,388.07150588399963,6.0536,3.160754452253093e-05
3633,388.16758429499896,4.2668,3.1601317171913636e-05
3634,388.26275605699993,5.9576,3.159536065376549e-05
3635,388.3597008559991,5.7118,3.158950008950623e-05
3636,388.4545922649995,4.4951,3.1583508516296324e-05
3637,388.5516776839995,5.7733,3.157763818802475e-05
3638,388.65142613900025,5.618,3.157166726549388e-05
3639,388.7508123489988,5.8559,3.1565517612716015e-05
3640,388.8492427359997,6.3662,3.1559378010555584e-05
3641,388.94893840499935,6.1228,3.1553291861296376e-05
3642,389.04858033599885,5.8888,3.154714556586419e-05
3643,389.1477931289992,6.0534,3.154099704703702e-05
3644,389.2451958069996,6.254,3.153486364185191e-05
3645,389.3436735089999,6.6831,3.152885062895059e-05
3646,389.4387207029995,6.7921,3.1522705607839506e-05
3647,389.5378598440002,5.3881,3.151692469067903e-05
3648,389.64265531599995,6.4627,3.151078143833336e-05
3649,389.74165099399943,5.8477,3.150433662716055e-05
3650,389.8405002399995,6.3113,3.149821813407414e-05
3651,389.9371667759988,5.4962,3.149211244259266e-05
3652,390.0341108829998,6.6051,3.1486127099012416e-05
3653,390.13334029399994,6.376,3.1480147792283976e-05
3654,390.23188093499994,6.3164,3.1474034092530865e-05
3655,390.3310468269992,6.5267,3.1467941021790156e-05
3656,390.4301032509993,5.4254,3.146175183592591e-05
3657,390.52728491699963,5.7589,3.145570201018523e-05
3658,390.63047471499885,5.9961,3.144966052703711e-05
3659,390.727040886999,6.7355,3.144334200833339e-05
3660,390.82622660299967,6.7705,3.1437384881851864e-05
3661,390.9249015360001,6.8224,3.1431234429567966e-05
3662,391.02253195999947,4.7822,3.142515892172845e-05
3663,391.1201670649989,5.371,3.141912470216051e-05
3664,391.2185442129994,5.7054,3.1413098812284004e-05
3665,391.3162794439995,5.8369,3.1407047055802505e-05
3666,391.4147844830004,7.0456,3.14010074520988e-05
3667,391.5149198809995,6.5337,3.139493095049383e-05
3668,391.6132260279992,5.5927,3.1388746256913616e-05
3669,391.711611277,5.9212,3.138268420382724e-05
3670,391.8084706339996,6.6848,3.137660647870374e-05
3671,391.9099912689999,6.8199,3.137062640876543e-05
3672,392.0080780019998,5.9916,3.1364366423518555e-05
3673,392.10450749699885,5.6327,3.13583079241975e-05
3674,392.2047628149994,6.4316,3.135234899191357e-05
3675,392.30507340799886,6.5876,3.134616906067903e-05
3676,392.40483013799894,6.1554,3.133997409604939e-05
3677,392.50440738,6.0849,3.133376267098772e-05
3678,392.60346392499923,6.429,3.132768033623461e-05
3679,392.7045967510003,6.3068,3.132154470086419e-05
3680,392.8037357129997,5.8892,3.1315318075925984e-05
3681,392.9046773350001,6.7452,3.130918639135809e-05
3682,393.00372384100046,6.6248,3.130293700641973e-05
3683,393.10024471199904,5.0033,3.12968134872223e-05
3684,393.19588292499975,6.1953,3.129086781691355e-05
3685,393.2873708930001,6.3683,3.1284985229506195e-05
3686,393.3863546199991,6.4768,3.1279345919876595e-05
3687,393.4848238550003,5.8068,3.127322581882714e-05
3688,393.5836731489999,6.8929,3.12671474989506e-05
3689,393.68186738199984,5.2092,3.1261046687469155e-05
3690,393.78376306300015,6.4449,3.125498834703705e-05
3691,393.8816268549999,4.8336,3.124865364376541e-05
3692,393.97751851700014,6.3257,3.1242659879814856e-05
3693,394.07265005999943,5.8077,3.1236730029629627e-05
3694,394.16858245000003,4.6817,3.123085392314812e-05
3695,394.2646453819998,5.7155,3.122493697864196e-05
3696,394.3637998189988,6.7524,3.1219016635308616e-05
3697,394.46018800399906,6.2918,3.121289007296301e-05
3698,394.5586870070001,6.9308,3.120693160462963e-05
3699,394.65658906799945,5.9168,3.1200860080185226e-05
3700,394.75555152800007,6.1557,3.1194818375864166e-05
3701,394.85260679900057,5.9628,3.118871859802469e-05
3702,394.9499838539996,5.8075,3.118270209882718e-05
3703,395.0483149110005,6.275,3.117669214185186e-05
3704,395.14658247199986,5.8531,3.1170633340123484e-05
3705,395.2484587729996,6.1388,3.1164574625679086e-05
3706,395.3454274550004,6.4479,3.115828190074073e-05
3707,395.44473661899974,5.659,3.115227826185185e-05
3708,395.5430225910004,6.3961,3.114617227370375e-05
3709,395.6410801559996,6.2507,3.114009333320992e-05
3710,395.7401859019992,5.5555,3.113404661055557e-05
3711,395.8325027720002,6.3412,3.1127922681543185e-05
3712,395.93054602899974,6.4518,3.1122242830987724e-05
3713,396.03045539199957,7.0912,3.1116180107037064e-05
3714,396.12889425399953,6.0641,3.1110017318456855e-05
3715,396.22945547900053,5.3279,3.1103930486358005e-05
3716,396.32787958600056,6.4604,3.109769400604943e-05
3717,396.4283733430002,5.7985,3.109165886030867e-05
3718,396.52748780599904,6.4549,3.108544804895066e-05
3719,396.62074747299994,5.9708,3.1079342653950636e-05
3720,396.7195758500002,5.7317,3.107358454895062e-05
3721,396.81833591099894,6.7144,3.1067460279629677e-05
3722,396.91796244099896,5.295,3.10613855295679e-05
3723,397.01206226199974,5.7415,3.1055224395740765e-05
3724,397.10772180300046,6.3678,3.104939943024694e-05
3725,397.2068314899989,6.4846,3.1043514714259306e-05
3726,397.3048233159989,5.9284,3.103741039530863e-05
3727,397.4057178229996,5.9103,3.1031277928456835e-05
3728,397.5040281950005,5.8124,3.1025131257530895e-05
3729,397.602360588,6.8592,3.1019039311296286e-05
3730,397.70126370599974,5.6795,3.1012979107592604e-05
3731,397.8018921570001,6.5393,3.1006876065000065e-05
3732,397.89384085799975,6.067,3.100065532086426e-05
3733,397.99191960700045,5.8521,3.099501532012344e-05
3734,398.09004068099966,6.3234,3.098893842777777e-05
3735,398.1880987599998,6.2821,3.098284794864199e-05
3736,398.28686206900056,5.848,3.097682666654321e-05
3737,398.3871754470001,4.499,3.097072179228392e-05
3738,398.48385458699886,5.7651,3.096453820104946e-05
3739,398.5845134030005,6.2448,3.095857116938274e-05
3740,398.68539858999975,5.6628,3.0952348927962984e-05
3741,398.78413702800026,5.6512,3.094612861833333e-05
3742,398.88138509999953,5.5452,3.0940033887654305e-05
3743,398.97951610699965,5.7377,3.093402113401231e-05
3744,399.0761631379992,7.1589,3.092796810790125e-05
3745,399.1748405019989,5.9849,3.092199654154324e-05
3746,399.27537836599913,4.8036,3.09158559157408e-05
3747,399.37450479700055,6.8146,3.090971189999998e-05
3748,399.47138424200057,6.1776,3.0903588668333336e-05
3749,399.5716684710005,6.771,3.089760706777775e-05
3750,399.6681150109998,5.2997,3.0891414858456805e-05
3751,399.7678877719991,6.7331,3.088544392697528e-05
3752,399.86654909499885,5.0618,3.0879304945123474e-05
3753,399.9662681440004,5.9736,3.087322195950621e-05
3754,400.0598774199989,6.6259,3.086706475617284e-05
3755,400.1597669900002,5.4342,3.086129344524698e-05
3756,400.26330392899945,6.6141,3.085511946345686e-05
3757,400.3627383210005,6.508,3.084872582641978e-05
3758,400.46136576000026,6.4737,3.084258327444444e-05
3759,400.56054209600006,6.5644,3.083642502246917e-05
3760,400.6577848399993,6.4983,3.0830366748086484e-05
3761,400.7565463970004,5.2614,3.082436282790123e-05
3762,400.85688035599924,5.9597,3.0818278587716076e-05
3763,400.9549249470001,5.8099,3.081207870777779e-05
3764,401.0534752860003,5.885,3.0806026872160485e-05
3765,401.15206242599925,6.4339,3.0799935445679076e-05
3766,401.2487210620002,4.4375,3.0793853675185244e-05
3767,401.34919929100033,5.6362,3.078788090518522e-05
3768,401.4487953320004,6.7124,3.0781691190432074e-05
3769,401.5463297749993,5.2945,3.077555644969138e-05
3770,401.64378094399945,6.0051,3.076951683012351e-05
3771,401.7433775640002,5.4525,3.076351551049385e-05
3772,401.8430177279988,6.2329,3.0757370583086425e-05
3773,401.93619387299987,6.6449,3.075119999783954e-05
3774,402.03548960899934,4.9251,3.074544342061736e-05
3775,402.1338923109997,6.4555,3.07393326248148e-05
3776,402.2333909299996,5.6263,3.073326248827168e-05
3777,402.3329531039999,4.8047,3.072712023876541e-05
3778,402.43125989799955,6.4722,3.072096426197535e-05
3779,402.5299982630004,5.7678,3.071490139444444e-05
3780,402.62944874799905,5.7954,3.0708797732654326e-05
3781,402.7244627979999,4.8716,3.07026645291975e-05
3782,402.8227244059999,6.3885,3.069679067086416e-05
3783,402.91875680299927,6.4708,3.0690750363518546e-05
3784,403.0237860109992,7.1519,3.0684790316296286e-05
3785,403.12233453999943,6.0291,3.067833684314815e-05
3786,403.223520264999,6.9907,3.067223409376547e-05
3787,403.3267409359996,6.6127,3.0665971543703674e-05
3788,403.424177461,6.6471,3.065962496450623e-05
3789,403.5223646209997,5.2109,3.065358695932098e-05
3790,403.6182223199994,6.3356,3.0647493767901213e-05
3791,403.717989761999,6.5695,3.064162616808646e-05
3792,403.8106890729996,6.9341,3.063541838172838e-05
3793,403.90917806799916,5.2619,3.0629765388827236e-05
3794,404.00681872899986,6.182,3.06236453112963e-05
3795,404.1047170999991,5.1207,3.0617646847407474e-05
3796,404.2011215120001,6.4088,3.0611575084382745e-05
3797,404.2978601199993,5.348,3.060563608302475e-05
3798,404.39735206299883,6.3534,3.059966750104942e-05
3799,404.49501628799953,6.6906,3.059354041876545e-05
3800,404.5949116289994,5.8597,3.058749515234574e-05
3801,404.6949265160001,5.3413,3.0581332883086456e-05
3802,404.7925649680001,5.805,3.057515750166664e-05
3803,404.8900584459989,5.6415,3.0569138992592614e-05
3804,404.9881828050002,6.36,3.056312507537039e-05
3805,405.087324397,6.4631,3.055706503629636e-05
3806,405.1845133040006,5.7936,3.0550952950246895e-05
3807,405.27968559200053,3.8949,3.054493096555559e-05
3808,405.3789182620003,5.3138,3.053905148333337e-05
3809,405.47671101099877,7.2721,3.0532947053395035e-05
3810,405.57357205100016,5.43,3.052690779611112e-05
3811,405.671900637999,6.3076,3.052091875938279e-05
3812,405.7718398899997,5.267,3.0514857960370364e-05
3813,405.869498348,6.4732,3.0508663339567896e-05
3814,405.96229643100014,6.0024,3.0502656789691332e-05
3815,406.06062768099946,5.7905,3.0496950486851888e-05
3816,406.1607175099998,5.4719,3.049085562604943e-05
3817,406.25927484099884,5.7157,3.0484687941604905e-05
3818,406.35740705699936,5.8927,3.0478599098024674e-05
3819,406.4572802879993,7.0098,3.0472534551172883e-05
3820,406.5567351919999,6.5227,3.0466380754012364e-05
3821,406.6551969659995,5.2838,3.046021437487654e-05
3822,406.75439009100046,5.4919,3.0454152655555633e-05
3823,406.85440061400004,6.6346,3.0448036539814838e-05
3824,406.9526088450002,5.2404,3.0441865776975298e-05
3825,407.0505642089993,7.0032,3.043579808154323e-05
3826,407.14290868399985,6.3061,3.0429753791481463e-05
3827,407.2403965049998,6.4309,3.042406986339504e-05
3828,407.339572810999,6.5868,3.041803685024689e-05
3829,407.43808416499996,7.2424,3.0411910170308676e-05
3830,407.53955190799934,6.1993,3.0405836934135857e-05
3831,407.6387010069993,6.6843,3.0399582865061742e-05
3832,407.7372878749993,6.1319,3.0393437848333404e-05
3833,407.83960463199946,6.0335,3.038729409740747e-05
3834,407.93889464899985,6.8478,3.0381054707716062e-05
3835,408.0378638450002,5.1643,3.037492227796301e-05
3836,408.13555149999956,6.1185,3.0368809539691424e-05
3837,408.2319884749995,6.6253,3.0362786247839535e-05
3838,408.32396804699965,6.5041,3.0356826589444453e-05
3839,408.42430513900035,6.018,3.0351158071913616e-05
3840,408.5227851790005,6.3503,3.0344961058333328e-05
3841,408.6214226230004,6.9605,3.033887132000007e-05
3842,408.71992819299885,6.3035,3.0332779016234557e-05
3843,408.81824575300016,5.9228,3.032671231092592e-05
3844,408.9173527660005,5.8401,3.0320569763827157e-05
3845,409.01752756899987,6.8011,3.031452186333337e-05
3846,409.11803020299885,6.1871,3.030834156481489e-05
3847,409.21632884800056,5.1548,3.030213651537036e-05
3848,409.3145763720004,5.5968,3.0296054761666704e-05
3849,409.41373322099935,6.0214,3.0289993902654345e-05
3850,409.5115619520002,5.9914,3.0283878667962962e-05
3851,409.6115648849991,6.7409,3.027784181567902e-05
3852,409.71098876999895,5.5774,3.0271658175740785e-05
3853,409.80801362499915,6.3947,3.026553129685184e-05
3854,409.90691012999923,6.3924,3.0259545084382683e-05
3855,410.0040841310001,5.9179,3.025342121246917e-05
3856,410.10349842399955,6.5836,3.024743188802466e-05
3857,410.20456760699926,6.4435,3.0241294855740766e-05
3858,410.30367140199996,6.0321,3.0235070975987685e-05
3859,410.4054759850005,6.5073,3.0228943268086462e-05
3860,410.5024710460002,6.7451,3.022260377839504e-05
3861,410.5982832640002,6.1696,3.0216670056419793e-05
3862,410.6995081019995,6.3499,3.0210745500987657e-05
3863,410.8011896829994,5.8124,3.0204455962654305e-05
3864,410.90154468000037,5.8626,3.0198237136604984e-05
3865,411.0005749640004,5.7313,3.0192018031172816e-05
3866,411.09788365699933,6.7106,3.0185921152592588e-05
3867,411.19625148900013,5.4439,3.0179846664259237e-05
3868,411.2962539780001,6.282,3.0173849692530864e-05
3869,411.3959782540005,6.0705,3.0167674133827172e-05
3870,411.4942524729995,5.2821,3.016152613956792e-05
3871,411.5945631199993,6.0225,3.0155456176975306e-05
3872,411.69479590399897,6.1714,3.014925768635799e-05
3873,411.7923258810006,4.864,3.0143081285864188e-05
3874,411.8910014390003,5.464,3.0137051146604994e-05
3875,411.9868213030004,5.7529,3.0130954855864202e-05
3876,412.08377752900014,6.1222,3.012503983796301e-05
3877,412.179848234,6.179,3.0119059280493872e-05
3878,412.27701011299905,5.1596,3.0113126499197542e-05
3879,412.375230136,5.7612,3.010712666351852e-05
3880,412.4737081579988,5.8675,3.01010722400617e-05
3881,412.57032443000026,5.4729,3.0094990665679075e-05
3882,412.6706013459989,5.0051,3.0088999658209903e-05
3883,412.76899866999884,6.0319,3.008284224432098e-05
3884,412.8675475279997,6.8059,3.007675646296304e-05
3885,412.96781144299894,6.9367,3.0070686149814787e-05
3886,413.06576538599984,5.817,3.00645034269753e-05
3887,413.16376543799925,5.5154,3.0058445036975285e-05
3888,413.26086536799994,6.9058,3.005239912129627e-05
3889,413.36498754199965,6.4893,3.0046399336111166e-05
3890,413.4609772599997,5.1475,3.0039971818395107e-05
3891,413.5593714690003,6.2767,3.0034046774629665e-05
3892,413.65802508100023,6.4298,3.0027986284567867e-05
3893,413.7564315109994,6.1192,3.002188784209881e-05
3894,413.85405125099896,4.4665,3.0015795310987694e-05
3895,413.95234771300056,5.4795,3.0009715727345694e-05
3896,414.0494884609998,6.1685,3.000370948259259e-05
3897,414.1462198829995,6.1607,2.9997713082530928e-05
3898,414.2460837489998,6.1726,2.9991747552777823e-05
3899,414.3437521670003,5.348,2.9985598534444482e-05
3900,414.44087146399943,6.5393,2.9979559696851845e-05
3901,414.53799714199886,4.3572,2.9973557418950603e-05
3902,414.6348007710003,6.259,2.99675623058025e-05
3903,414.7342817360004,5.7851,2.9961583255740773e-05
3904,414.8320741890002,5.8246,2.9955450364506176e-05
3905,414.9282330719998,5.9911,2.994941637475306e-05
3906,415.02561914000034,6.1134,2.99434073181482e-05
3907,415.12119930299923,5.8414,2.993746862888892e-05
3908,415.2194413019988,6.0032,2.9931566196234634e-05
3909,415.31859120599984,6.5924,2.992550793753085e-05
3910,415.41953108599955,5.936,2.9919393414321e-05
3911,415.5199020149994,5.7132,2.9913154601172887e-05
3912,415.61964039099985,5.5456,2.990696315141981e-05
3913,415.7190929259996,5.3707,2.9900805791913617e-05
3914,415.8215678209999,5.8681,2.9894603911049368e-05
3915,415.9248076389995,6.284,2.988832522808648e-05
3916,416.0266833829992,6.5258,2.98819279833333e-05
3917,416.12419947299895,4.6415,2.9875685395493823e-05
3918,416.2211721299991,5.8611,2.9869648312037106e-05
3919,416.31860196100024,6.9074,2.986366394512347e-05
3920,416.41561895199993,6.6819,2.9857648704999998e-05
3921,416.5122930469988,4.6874,2.985166230833335e-05
3922,416.609903908,5.637,2.9845698043827164e-05
3923,416.7070289450003,4.4283,2.983966239876551e-05
3924,416.80512359599925,5.4984,2.98336693688889e-05
3925,416.9033748589991,6.0116,2.982758967006175e-05
3926,417.00117813699944,6.1488,2.9821561418518545e-05
3927,417.09850129000006,6.4971,2.9815462905432168e-05
3928,417.19645886499893,5.4073,2.9809511295617297e-05
3929,417.2936329619988,5.8178,2.9803465521790152e-05
3930,417.39086047599994,5.3547,2.979744548555562e-05
3931,417.49131232999935,5.8759,2.9791464099938327e-05
3932,417.5916439749999,6.8136,2.9785276181543208e-05
3933,417.6899754900005,5.0055,2.9779077851604982e-05
3934,417.78520228399975,4.6581,2.977299855956798e-05
3935,417.88302570700034,5.4463,2.9767116360185188e-05
3936,417.98336697500054,6.0968,2.976109161129629e-05
3937,418.08051642399914,4.8541,2.9754907569382724e-05
3938,418.17870528599997,6.2372,2.9748833618333366e-05
3939,418.27718999699937,5.541,2.9742833898888893e-05
3940,418.37859554699935,6.3044,2.9736736389753074e-05
3941,418.4793412130002,5.9642,2.9730487487654334e-05
3942,418.5771650890001,6.4356,2.9724281082839477e-05
3943,418.67521888900046,6.2732,2.971823115993826e-05
3944,418.77444409000054,6.8959,2.971217763080252e-05
3945,418.87422174899984,6.9816,2.9706056554074103e-05
3946,418.9721373880002,4.8257,2.9699909918580277e-05
3947,419.0709293830005,5.1648,2.9693845766419765e-05
3948,419.17048773199895,6.1105,2.9687762102654393e-05
3949,419.26923838499897,6.0202,2.968161225320986e-05
3950,419.3676862939992,4.831,2.9675523274938293e-05
3951,419.46564896699965,5.9756,2.9669407828271655e-05
3952,419.56390256099985,5.9792,2.966338121950617e-05
3953,419.66365394999957,4.3449,2.965733001512344e-05
3954,419.7609541339989,6.5347,2.965111520592596e-05
3955,419.8579041869998,5.5115,2.9645163894259287e-05
3956,419.954957947999,3.6808,2.9639177111419737e-05
3957,420.047055052999,6.6897,2.9633183984567974e-05
3958,420.1472612919988,6.9545,2.9627517750679074e-05
3959,420.24423702700005,5.4306,2.9621329245617318e-05
3960,420.3406270329997,4.5551,2.9615325601234532e-05
3961,420.4373178349997,6.6918,2.960937912098764e-05
3962,420.5361638639988,5.5743,2.960341317537044e-05
3963,420.62824521400034,6.3535,2.959731827808647e-05
3964,420.72700571099995,5.9044,2.959163337240743e-05
3965,420.8262413190005,4.3206,2.958552932018516e-05
3966,420.92495136899925,5.1023,2.9579395208456844e-05
3967,421.0230119839998,4.1527,2.9573291820370395e-05
3968,421.1212419980002,4.6788,2.956725898438273e-05
3969,421.2183916639988,5.1395,2.9561197778642026e-05
3970,421.31927163900036,6.4737,2.9555198217839475e-05
3971,421.4175583920005,5.9007,2.9548971568456857e-05
3972,421.51699490899955,6.2401,2.9542896010493848e-05
3973,421.6162354049993,6.0821,2.9536696350061767e-05
3974,421.716792883999,5.2591,2.95306442935803e-05
3975,421.8156568639988,5.8246,2.9524429018086458e-05
3976,421.9152459319994,6.8273,2.9518324928950602e-05
3977,422.0142077749988,6.7642,2.9512107228888964e-05
3978,422.1138321210001,5.9429,2.9506068986481555e-05
3979,422.20902505899903,5.2177,2.9499861135123465e-05
3980,422.31113125400043,6.1157,2.9494032602098832e-05
3981,422.4097720789996,6.5907,2.9487751745123488e-05
3982,422.50615816499885,5.9052,2.9481648082530876e-05
3983,422.60383856000044,5.7795,2.9475692389814867e-05
3984,422.70091859999957,6.0337,2.9469675458518553e-05
3985,422.79330011099955,6.5112,2.9463679315864217e-05
3986,422.89077343700046,5.2685,2.945799170086424e-05
3987,422.9900889620003,6.8054,2.945196032820986e-05
3988,423.0890260670003,5.5707,2.9445836896666713e-05
3989,423.18749205399945,6.2109,2.943972615339511e-05
3990,423.2841806109991,4.6721,2.9433652993765476e-05
3991,423.3825967519988,6.4155,2.9427676415493866e-05
3992,423.4819036459994,6.3379,2.9421576855370347e-05
3993,423.57981067000037,6.0549,2.941545386839506e-05
3994,423.6771302140005,5.8703,2.9409417356975368e-05
3995,423.77562005399886,6.3218,2.9403416344629603e-05
3996,423.8752813939991,6.9435,2.9397347328950665e-05
3997,423.9744080749988,5.8887,2.939112403166673e-05
3998,424.071019220999,4.6891,2.9385082967160483e-05
3999,424.1687622419995,6.3329,2.937910682228398e-05
4000,424.2688699199989,6.515,2.9373059038827234e-05
4001,424.36714278,6.1585,2.9366900255061768e-05
4002,424.4645542099988,7.0308,2.9360824780679074e-05
4003,424.5604081950005,5.8629,2.9354817654074073e-05
4004,424.6582629650002,6.2378,2.9348896706913615e-05
4005,424.75439695299974,6.0201,2.9342864228209932e-05
4006,424.8453357119997,6.2159,2.9336918745555547e-05
4007,424.94253830199887,5.8353,2.933133466098769e-05
4008,425.0408720809992,6.0985,2.9325308125123484e-05
4009,425.14009090999934,5.8002,2.9319221582839495e-05
4010,425.2382703780004,5.2184,2.9313120173395048e-05
4011,425.33982818799996,5.4941,2.93070585048766e-05
4012,425.43742041800033,6.0981,2.9300787890308667e-05
4013,425.53928942899984,6.2151,2.9294758880123487e-05
4014,425.6400433279996,5.7473,2.9288417445679083e-05
4015,425.73910964599963,6.1698,2.9282253470308678e-05
4016,425.8393736670005,5.5796,2.927614531364203e-05
4017,425.9385896160002,5.9631,2.926996432197529e-05
4018,426.03495305700017,4.536,2.926379828419753e-05
4019,426.1348719790003,6.5165,2.9257860268703717e-05
4020,426.23362083400025,5.5934,2.9251734543086395e-05
4021,426.334468948,5.7132,2.9245617232592604e-05
4022,426.4341939980004,5.7798,2.9239388121666732e-05
4023,426.5325556379994,5.0732,2.9233230550370437e-05
4024,426.6334475299991,6.0423,2.922714754067907e-05
4025,426.731964351,5.7018,2.9220932255555587e-05
4026,426.8321171890002,6.5391,2.921485045697533e-05
4027,426.9327378420003,5.5431,2.92086764660494e-05
4028,427.0316688620005,6.0757,2.9202450412037063e-05
4029,427.131780067999,6.2827,2.9196320213209948e-05
4030,427.2306698499997,4.8335,2.9190177484506198e-05
4031,427.32953123399966,5.7504,2.91840719167901e-05
4032,427.4302026839996,7.0723,2.917797426129637e-05
4033,427.531220375,6.6197,2.9171734225802528e-05
4034,427.6295464249997,5.3491,2.9165517972345658e-05
4035,427.72843982700033,5.5013,2.915944159987658e-05
4036,427.8264517789994,6.0932,2.9153342871111166e-05
4037,427.92460669200045,6.2019,2.914728670216054e-05
4038,428.02563043900045,5.4713,2.914122143518522e-05
4039,428.1235859289991,5.6136,2.9135002581851838e-05
4040,428.222944576999,6.4058,2.9128955505864185e-05
4041,428.3271144770006,6.408,2.9122833649012415e-05
4042,428.4257562639996,5.7565,2.9116377063395095e-05
4043,428.5261300379989,6.4951,2.911029831549384e-05
4044,428.6229351839993,4.9083,2.9104106661357987e-05
4045,428.72335689099964,6.6532,2.9098118305493906e-05
4046,428.8224895410003,5.9596,2.9091928524691335e-05
4047,428.9259245789999,5.823,2.908573963425928e-05
4048,429.0266891179999,6.6073,2.9079427299629637e-05
4049,429.1255843910003,6.5023,2.9073209331172846e-05
4050,429.2251855880004,5.775,2.906709216870369e-05
4051,429.323478712,4.7029,2.906094890283957e-05
4052,429.4235694500003,6.43,2.9054872324567906e-05
4053,429.52227413199944,6.4485,2.9048711205740815e-05
4054,429.622813639,6.779,2.904261028049382e-05
4055,429.7210865090001,5.03,2.9036417243333398e-05
4056,429.819936418,6.0995,2.9030341826481523e-05
4057,429.92110795699955,4.8187,2.9024227020061768e-05
4058,430.0199722109992,5.9393,2.9017982996543248e-05
4059,430.1196677759999,6.0309,2.9011875899629703e-05
4060,430.2166816629997,6.0513,2.900570452061727e-05
4061,430.3159835819988,6.6073,2.8999739949567928e-05
4062,430.4147146790001,5.3187,2.8993621441049423e-05
4063,430.51344383799915,5.9491,2.8987523738827198e-05
4064,430.610237212999,4.9654,2.8981434110493845e-05
4065,430.7088240379999,5.026,2.897539918277783e-05
4066,430.81044574299995,6.3146,2.8969363888456856e-05
4067,430.9102324639989,5.9029,2.896310752932101e-05
4068,431.0078504869998,6.1174,2.8956945453271633e-05
4069,431.1038137199994,6.6594,2.8950910555987648e-05
4070,431.2039216789999,5.5037,2.894497383672837e-05
4071,431.3037788349993,6.0762,2.8938814896358024e-05
4072,431.40532219600027,6.0744,2.8932650218333345e-05
4073,431.5074521459992,6.3535,2.892637966537043e-05
4074,431.60436879999907,5.8717,2.8920078263209906e-05
4075,431.7015282329994,3.8044,2.8914085364567877e-05
4076,431.8024130419999,6.2177,2.890808168388896e-05
4077,431.90232305099926,7.0385,2.89018637995062e-05
4078,432.000975732999,6.7821,2.889569255111113e-05
4079,432.10039871299887,5.5917,2.8889605313765465e-05
4080,432.202046770999,5.7157,2.8883474275493832e-05
4081,432.2985990870002,6.3095,2.8877189462777842e-05
4082,432.39089576399965,5.6875,2.8871230597098787e-05
4083,432.48757145200034,4.7346,2.8865540693518545e-05
4084,432.58489572299914,6.1481,2.8859560918148147e-05
4085,432.6821462449989,6.0684,2.8853566316666718e-05
4086,432.7818627969991,6.2839,2.8847557361790185e-05
4087,432.8803646609995,5.5866,2.8841406707777784e-05
4088,432.9781125289992,6.1768,2.8835327360679072e-05
4089,433.0751263389993,5.9017,2.8829296684629702e-05
4090,433.1740501839995,6.6989,2.8823300659382714e-05
4091,433.2733428699994,6.1261,2.8817156166234538e-05
4092,433.3732311439999,5.2778,2.8811066567592593e-05
4093,433.470168414,6.7431,2.8804891083209896e-05
4094,433.56508799699986,3.771,2.8798912746543228e-05
4095,433.66184061499916,5.9809,2.879304307672842e-05
4096,433.7623771079998,5.734,2.8787071333271576e-05
4097,433.86131938499966,5.4501,2.8780880885493884e-05
4098,433.9598187529991,6.3105,2.8774690429012325e-05
4099,434.05799199399917,5.1246,2.8768681552901287e-05
4100,434.1549673239988,6.2221,2.8762623347839502e-05
4101,434.2540569979992,5.638,2.8756638248950606e-05
4102,434.3519749320003,6.1788,2.8750527389197547e-05
4103,434.4494608869991,4.9548,2.8744478753086486e-05
4104,434.54787137699896,5.9949,2.8738461004567973e-05
4105,434.64785868000035,6.1641,2.8732397790864175e-05
4106,434.7461746299996,6.2443,2.872622307111108e-05
4107,434.8434334859994,6.1357,2.8720142697222263e-05
4108,434.94476601399947,6.2347,2.871415296907406e-05
4109,435.04563746500025,6.443,2.8707897591296352e-05
4110,435.1425058189998,4.9175,2.870167069308643e-05
4111,435.2419567630004,6.0136,2.8695683831913555e-05
4112,435.34110352099924,6.4812,2.8689556083333324e-05
4113,435.4418000530004,6.8199,2.8683425643395123e-05
4114,435.53939101499964,5.6958,2.8677212602592652e-05
4115,435.6371994059991,5.0013,2.8671174578518546e-05
4116,435.7351452719995,5.6009,2.866514934012353e-05
4117,435.8304046079993,5.3929,2.86591080970371e-05
4118,435.9267848189993,4.1406,2.8653218108456824e-05
4119,436.0258012289996,5.2476,2.8647267025123515e-05
4120,436.1229743439999,6.1358,2.8641166826543254e-05
4121,436.21995522699945,5.7228,2.8635164027469212e-05
4122,436.3125323999993,6.1145,2.862917868925925e-05
4123,436.40936320400033,6.2131,2.862345328697538e-05
4124,436.5076836339995,6.1496,2.861746986259266e-05
4125,436.60709894499996,5.5684,2.8611421167345693e-05
4126,436.7058245770004,6.0555,2.860528337253089e-05
4127,436.7983089169993,6.8772,2.8599189777716096e-05
4128,436.89754022299894,6.5115,2.859348674228397e-05
4129,436.99401926599967,4.55,2.858734868253089e-05
4130,437.0922647339994,5.7442,2.8581380369321014e-05
4131,437.18988541399995,4.8733,2.857533581512346e-05
4132,437.28958953300025,4.8919,2.8569302573271638e-05
4133,437.38719083899923,6.0487,2.8563150379999974e-05
4134,437.48553703700054,5.2229,2.8557120773209844e-05
4135,437.5836805179988,4.723,2.855104462395064e-05
4136,437.6804800589998,5.5672,2.8544991616913598e-05
4137,437.775353220999,6.1021,2.853901433734566e-05
4138,437.8750589449992,5.4861,2.8533155128271678e-05
4139,437.9737729699991,6.4597,2.8526988763271645e-05
4140,438.07200704599927,5.7927,2.8520918939444465e-05
4141,438.17154565800047,6.0604,2.8514784076543253e-05
4142,438.27090369799953,6.0783,2.8508699081296275e-05
4143,438.37267880699983,6.3154,2.8502577393827228e-05
4144,438.47225676000016,5.2896,2.8496293891975378e-05
4145,438.5690165670003,5.9179,2.8490144657283924e-05
4146,438.66782820299886,5.5557,2.8484160475802447e-05
4147,438.7675188100002,5.9676,2.8478048008024687e-05
4148,438.8685321969988,6.0359,2.8471924496111178e-05
4149,438.9662542949991,5.907,2.8465672611851845e-05
4150,439.06485580499975,5.5488,2.845964158345682e-05
4151,439.16540185699887,5.5558,2.8453506562716063e-05
4152,439.2658555679991,6.1616,2.8447366659938336e-05
4153,439.36727931600035,4.4457,2.844115254512344e-05
4154,439.46996693599976,5.9022,2.843482133469142e-05
4155,439.5690068169988,6.7023,2.8428560269197606e-05
4156,439.6674132449989,5.6391,2.8422442185864174e-05
4157,439.7639406500002,6.639,2.841636283049388e-05
4158,439.8558904429992,5.8788,2.8410405331296265e-05
4159,439.9497444690005,6.6864,2.8404746378086494e-05
4160,440.0506283979994,6.9018,2.8398943643642045e-05
4161,440.14919932799967,5.5069,2.839270148419759e-05
4162,440.24591713299924,6.5747,2.8386619372160543e-05
4163,440.34510690099887,6.3972,2.8380650605432148e-05
4164,440.4437151509992,6.0475,2.8374541469382755e-05
4165,440.5437307739994,6.4513,2.8368455352963032e-05
4166,440.64463288499974,7.0204,2.8362279584691333e-05
4167,440.74376570499953,6.2184,2.8356052250740807e-05
4168,440.84115157700035,5.4621,2.8349930229382783e-05
4169,440.94077747699885,6.2154,2.8343910250123485e-05
4170,441.04165671699957,6.6691,2.8337757194259313e-05
4171,441.1409890750001,5.5368,2.833154518629631e-05
4172,441.24017846099923,5.974,2.8325415127037113e-05
4173,441.34074675599913,6.2441,2.831928737845677e-05
4174,441.4396985359999,6.6989,2.8313087833148193e-05
4175,441.537534445999,6.6659,2.8306970758703755e-05
4176,441.6341860089997,6.4355,2.8300929270432153e-05
4177,441.7330158730001,5.5645,2.8294954980123477e-05
4178,441.8291903199988,6.5233,2.828885613802469e-05
4179,441.9251517829998,4.9681,2.8282910557345644e-05
4180,442.01702931900036,6.4503,2.8276995394506144e-05
4181,442.11610371499955,6.2764,2.8271339116666657e-05
4182,442.21199777400034,5.8049,2.8265214054135868e-05
4183,442.30948288499894,5.8926,2.8259296274876602e-05
4184,442.4089230369991,6.2391,2.8253276128456785e-05
4185,442.50597057899904,6.0268,2.8247153351111156e-05
4186,442.6053455509991,6.0548,2.8241149235802457e-05
4187,442.7027902099999,5.9096,2.8235018882592667e-05
4188,442.8014317449997,6.0548,2.822900001043207e-05
4189,442.89473018100034,6.3254,2.8222909837654305e-05
4190,442.9943625420001,5.8791,2.821717058654323e-05
4191,443.0942617339988,6.1458,2.8210966371419734e-05
4192,443.19182552299935,5.7776,2.8204842709938252e-05
4193,443.29107289400054,6.959,2.8198810939074077e-05
4194,443.3915147560001,4.912,2.8192659901728412e-05
4195,443.48929116699946,5.1828,2.8186497288518548e-05
4196,443.5891263529993,6.0816,2.8180449035308686e-05
4197,443.68803221300004,6.4408,2.8174244912592663e-05
4198,443.78655323400017,5.9024,2.8168193447407387e-05
4199,443.88618109599884,6.1238,2.8162061612283986e-05
4200,443.98427620300026,6.3975,2.815595611160495e-05
4201,444.0846366379992,6.6239,2.814989971932105e-05
4202,444.182522608,5.561,2.814369971314815e-05
4203,444.28006476500013,4.9842,2.8137660381111074e-05
4204,444.3760521969998,5.4048,2.8131568546358063e-05
4205,444.47533881100026,6.4634,2.8125709440679027e-05
4206,444.5736750169999,4.7832,2.8119594523888937e-05
4207,444.6724715219989,6.3939,2.81135143954321e-05
4208,444.773354859999,6.1211,2.8107410110370425e-05
4209,444.87080734699884,5.8621,2.8101205964753103e-05
4210,444.9709591129995,6.8865,2.8095130532283964e-05
4211,445.0710524469996,5.2747,2.8088988797530934e-05
4212,445.1669932780005,5.9122,2.8082816911543246e-05
4213,445.26488460399923,5.9698,2.8076892937037042e-05
4214,445.3650038479991,6.2112,2.8070846926358052e-05
4215,445.4648848399993,6.4074,2.806467106679015e-05
4216,445.5626276869989,6.0125,2.8058512539876543e-05
4217,445.66371744299977,5.6918,2.8052458810987692e-05
4218,445.7630549860005,5.9494,2.804623197858027e-05
4219,445.862908486999,6.2374,2.804009567407404e-05
4220,445.9608148520001,4.9438,2.803392585172838e-05
4221,446.05757377100053,5.878,2.8027875410555536e-05
4222,446.15707052299877,5.8896,2.8021915081604944e-05
4223,446.2544968080001,6.0121,2.8015781206604965e-05
4224,446.3561607749998,6.085,2.800973617604945e-05
4225,446.455206527,6.5007,2.800349536802475e-05
4226,446.55882643899895,6.2147,2.7997379048518518e-05
4227,446.6599213009995,6.1653,2.7990918947716077e-05
4228,446.7597195220005,6.2565,2.7984739154259316e-05
4229,446.859064839,6.3808,2.7978563595617267e-05
4230,446.9565638089989,5.2822,2.7972433871296345e-05
4231,447.0624218989997,6.6539,2.796641384641982e-05
4232,447.161546723999,6.569,2.7959899150308633e-05
4233,447.2599635909992,6.4747,2.7953782367963015e-05
4234,447.35891812800037,5.707,2.794769393234573e-05
4235,447.45807269599936,6.7568,2.7941579060802447e-05
4236,447.55442504500024,6.0354,2.793547247209882e-05
4237,447.65232855999966,5.9145,2.7929508555555543e-05
4238,447.75089460399977,6.3893,2.792347648296303e-05
4239,447.8509900879999,5.5682,2.7917397510925893e-05
4240,447.94929378099914,6.5186,2.7911206573950644e-05
4241,448.0472226210004,6.082,2.7905141535370437e-05
4242,448.1469283360002,7.0322,2.7899099121358086e-05
4243,448.24653660900003,5.9852,2.78929483724691e-05
4244,448.3435160909994,6.1626,2.7886789509321032e-05
4245,448.44312220699976,6.4131,2.7880806068580323e-05
4246,448.54020169499927,5.9276,2.787466610604935e-05
4247,448.6368896309996,6.0128,2.7868668980925938e-05
4248,448.73630589300046,6.2808,2.7862677428271622e-05
4249,448.8329918620002,4.8656,2.7856537667716063e-05
4250,448.9313671559994,5.8578,2.785059087302474e-05
4251,449.0285453710003,5.9501,2.7844530749629667e-05
4252,449.1276380769996,6.6672,2.7838516359012413e-05
4253,449.2250342080006,4.7549,2.783241810061734e-05
4254,449.32323652599916,6.3588,2.7826392198148155e-05
4255,449.42171699999926,5.9742,2.7820331129320986e-05
4256,449.51784562300054,6.3088,2.7814239056604964e-05
4257,449.61583756300024,5.6543,2.7808302312222302e-05
4258,449.7168367590002,5.825,2.7802272459814817e-05
4259,449.816148726999,6.7418,2.779600676006171e-05
4260,449.9145347270005,5.6657,2.7789908300679086e-05
4261,450.01227142599964,6.629,2.7783829908148173e-05
4262,450.1141047130004,6.4248,2.7777799443148174e-05
4263,450.2154685360001,6.4681,2.7771511608209917e-05
4264,450.31475804299953,3.9893,2.7765262458024717e-05
4265,450.4081535639998,5.6497,2.775912243691364e-05
4266,450.50471246899906,6.0557,2.775336351012351e-05
4267,450.6035747770002,5.4294,2.7747395353703782e-05
4268,450.70178862099965,5.2107,2.7741310634259276e-05
4269,450.799871878,5.6605,2.773522983611117e-05
4270,450.896007673,5.2674,2.772918454265431e-05
4271,450.9956011989998,6.3581,2.7723234186975373e-05
4272,451.0911582509998,4.5184,2.771709917864203e-05
4273,451.18943595900055,4.2544,2.7711115482098747e-05
4274,451.2903179160003,5.6833,2.770506596567901e-05
4275,451.38593677300014,6.2136,2.7698911698271668e-05
4276,451.48540893899917,5.8461,2.7693013557654362e-05
4277,451.5840320669995,5.9306,2.7686846672839483e-05
4278,451.68326403799983,5.618,2.7680779921666718e-05
4279,451.7800617649991,6.4271,2.76746434264198e-05
4280,451.87928225699943,5.9264,2.7668670544382715e-05
4281,451.9791144789997,6.3471,2.7662478690061806e-05
4282,452.07609808099915,5.5137,2.7656391068148202e-05
4283,452.17515057200035,5.8427,2.765039875814822e-05
4284,452.2721954659992,5.7151,2.7644304612777766e-05
4285,452.37081537799895,5.5797,2.7638282656728364e-05
4286,452.4670768920005,5.2336,2.7632206066543216e-05
4287,452.565694212999,6.5577,2.7626240945370385e-05
4288,452.66637504400023,5.8643,2.7620176183148226e-05
4289,452.76678520899986,5.3372,2.761396571444448e-05
4290,452.8646531539998,6.1342,2.7607770072469108e-05
4291,452.96196687299926,5.6197,2.7601660892407473e-05
4292,453.06272148899916,6.4334,2.759572212370373e-05
4293,453.15938436299984,6.5143,2.758950494814812e-05
4294,453.26081411799896,6.373,2.7583514747530892e-05
4295,453.3596341829998,6.2373,2.757727516104942e-05
4296,453.45857264500046,5.7972,2.7571180025432137e-05
4297,453.5562936699989,6.4693,2.756506039796298e-05
4298,453.6547858519989,6.018,2.7559027692345753e-05
4299,453.75546301400027,6.2593,2.7552911433271622e-05
4300,453.85111147600037,5.2818,2.754674667648145e-05
4301,453.9462556420003,5.1855,2.754081837395068e-05
4302,454.0452379170001,6.3373,2.753494929086426e-05
4303,454.14243197199903,6.1401,2.7528861405987672e-05
4304,454.23974620099943,5.5033,2.7522851838024687e-05
4305,454.338995008,6.2056,2.75168325354939e-05
4306,454.43718562699905,5.8464,2.7510702997654304e-05
4307,454.5357581469998,5.3545,2.75046467674692e-05
4308,454.63561461300014,6.1778,2.7498567657592637e-05
4309,454.732906575,5.4505,2.749240954654324e-05
4310,454.8325920169991,5.0511,2.748635549833338e-05
4311,454.93021604099886,6.6213,2.7480241066419743e-05
4312,455.0306989420005,5.9545,2.7474221823271657e-05
4313,455.1320137729999,6.0219,2.7468005414382703e-05
4314,455.2301517279993,6.1601,2.7461763593148225e-05
4315,455.32940208499895,6.2322,2.745571178666664e-05
4316,455.42741491299967,6.01,2.7449588477901233e-05
4317,455.5278437349989,6.1444,2.7443525505493794e-05
4318,455.6268181609994,6.6484,2.7437335348395098e-05
4319,455.72644944700005,6.0019,2.7431215760802452e-05
4320,455.82782528499956,6.0604,2.742506109993827e-05
4321,456.2592698159988,5.7166,2.7418815254999974e-05
4322,456.3587234059996,6.8227,2.7392180932037047e-05
4323,456.45878712100057,6.2214,2.738604408487654e-05
4324,456.5605209589994,6.9456,2.737986455111117e-05
4325,456.66125916499914,6.1899,2.7373580143703748e-05
4326,456.7581437099998,3.6093,2.7367359291851873e-05
4327,456.85823646599965,6.0955,2.7361375509197522e-05
4328,456.9563032009992,6.2434,2.735520522117283e-05
4329,457.0543460650006,7.0125,2.7349159522716073e-05
4330,457.1528277990001,5.237,2.7343111981666726e-05
4331,457.25001917699956,6.1882,2.733703025462967e-05
4332,457.34855810800036,5.0405,2.7331023013580248e-05
4333,457.4456961039996,5.1945,2.7324936213703667e-05
4334,457.54424904000007,5.731,2.7318942416913617e-05
4335,457.6423944170001,5.3119,2.7312862217345747e-05
4336,457.740747627,6.1487,2.7306809530555592e-05
4337,457.84286631299983,6.2267,2.730070505277783e-05
4338,457.94076448299893,6.1549,2.7294436098148224e-05
4339,458.04039173599995,7.0031,2.728838958358031e-05
4340,458.13851777200034,5.2399,2.728220782666664e-05
4341,458.2369110460004,6.1408,2.7276179504197552e-05
4342,458.3366974399996,6.1155,2.727005150037044e-05
4343,458.43679762600004,5.303,2.7263948800987633e-05
4344,458.5342607959992,6.4164,2.7257732225185172e-05
4345,458.63438911400044,6.0676,2.725175204055553e-05
4346,458.73024959899885,5.8046,2.724557748740737e-05
4347,458.8289847069991,6.1654,2.7239641743024685e-05
4348,458.9274407060002,6.45,2.7233504513086488e-05
4349,459.0245972089997,6.219,2.7227482052283926e-05
4350,459.12302916299996,6.1027,2.722147403740744e-05
4351,459.22259496100014,5.0195,2.7215403544074143e-05
4352,459.3194537629988,5.4586,2.7209260888641978e-05
4353,459.41975223900045,6.0722,2.7203273024259278e-05
4354,459.51817011099956,5.4728,2.719709142024694e-05
4355,459.61971936100053,6.2562,2.71909757587654e-05
4356,459.72039769100047,5.7635,2.7184692554382775e-05
4357,459.81910096499996,5.4125,2.717853570969134e-05
4358,459.91787497099904,6.4724,2.717243066006171e-05
4359,460.01530412300053,6.2501,2.7166323563024766e-05
4360,460.1139536949995,5.1646,2.7160325055493885e-05
4361,460.21277907500007,5.6257,2.7154241787098773e-05
4362,460.30991623499904,6.0593,2.7148147259814872e-05
4363,460.40803236300053,5.7481,2.7142141002777754e-05
4364,460.50594758199986,6.3674,2.7136093739876588e-05
4365,460.6047632819991,6.1747,2.7130041359382684e-05
4366,460.70328302800044,6.0574,2.7123938218765487e-05
4367,460.80304081599934,5.7319,2.711785912271605e-05
4368,460.9005819109989,7.1171,2.7111711637407445e-05
4369,460.9990102699994,5.9403,2.710567935987658e-05
4370,461.0994945729999,6.0879,2.7099610401666704e-05
4371,461.1995211689991,6.5445,2.709340655783948e-05
4372,461.299888866999,6.1754,2.7087234232160513e-05
4373,461.3987619039999,6.1088,2.708097321907414e-05
4374,461.49696770399896,6.1562,2.7074935719197525e-05
4375,461.5949977299988,5.9962,2.7068860479938295e-05
4376,461.6934080350002,5.9051,2.706281644006179e-05
4377,461.79224355099905,6.5638,2.7056728764197524e-05
4378,461.88906405299895,6.2797,2.7050636175925904e-05
4379,461.98694385399904,5.3714,2.7044659646666738e-05
4380,462.08519951000017,6.209,2.7038621477098748e-05
4381,462.1844203689998,6.7076,2.703255106697534e-05
4382,462.2809360399988,5.5109,2.7026400917222284e-05
4383,462.38300350899954,5.9873,2.7020475337654317e-05
4384,462.48203174399896,5.5779,2.701417121771612e-05
4385,462.57998626600056,6.3967,2.700806311901235e-05
4386,462.6714557689993,6.755,2.7002006034382687e-05
4387,462.76856800899986,5.2994,2.699634422685191e-05
4388,462.863622593999,5.3101,2.6990360564876615e-05
4389,462.95945917399877,7.1614,2.6984500845370397e-05
4390,463.0561907470001,6.1158,2.69785888177161e-05
4391,463.1527242909997,6.0175,2.6972618725802494e-05
4392,463.250689651999,5.539,2.6966646522530847e-05
4393,463.3506318380005,6.1634,2.6960622963456837e-05
4394,463.448713107,6.1611,2.695444692635804e-05
4395,463.54807636999976,4.8118,2.6948395177407382e-05
4396,463.64581539199935,5.4593,2.6942269405061794e-05
4397,463.7436542229989,6.172,2.6936177752901293e-05
4398,463.84207132699885,5.5743,2.6930176961296295e-05
4399,463.94183720399997,6.6449,2.6924101288518556e-05
4400,464.04172102699886,6.5251,2.6917952596172824e-05
4401,464.14171126600013,6.1424,2.6911791954629693e-05
4402,464.23936065199996,6.2504,2.6905611673580243e-05
4403,464.34034592900025,6.578,2.689958242919759e-05
4404,464.4389889739996,6.5112,2.689335403259256e-05
4405,464.53752814200016,5.3429,2.6887258907160497e-05
4406,464.63949496699934,6.5585,2.688112671012345e-05
4407,464.73802641099974,5.9697,2.687489083018523e-05
4408,464.8338353529998,5.9412,2.6868796358703774e-05
4409,464.9308827419991,5.5529,2.686288369370378e-05
4410,465.0333528350002,6.532,2.685690063475311e-05
4411,465.1319786240001,5.1277,2.6850572789444417e-05
4412,465.2303928429992,6.4116,2.6844493344321035e-05
4413,465.3284124210004,5.9653,2.683840602395063e-05
4414,465.42740684599994,6.8014,2.683233878370371e-05
4415,465.52525468099884,5.6317,2.682625264000005e-05
4416,465.62252310999975,5.9089,2.6820205854197567e-05
4417,465.72074740599965,6.6986,2.6814207086111166e-05
4418,465.81979834899903,6.0954,2.6808133503271638e-05
4419,465.9190118739989,4.5466,2.680203153845682e-05
4420,466.02070945500054,6.0042,2.679584202333338e-05
4421,466.1198334130004,6.1602,2.678956988691358e-05
4422,466.219124407,5.6539,2.6783501048209847e-05
4423,466.316940110999,5.914,2.677737704179014e-05
4424,466.4136892009992,4.8277,2.677133386703701e-05
4425,466.51201251099883,7.0845,2.6765356546666674e-05
4426,466.6104091189991,5.8636,2.6759258975308614e-05
4427,466.70965642100055,6.0274,2.6753216311049357e-05
4428,466.81073156099956,5.878,2.6747100984197526e-05
4429,466.911159235,6.0236,2.6740831364197538e-05
4430,467.00992101599877,5.9673,2.6734661440246943e-05
4431,467.10879424700033,5.1867,2.672850345709877e-05
4432,467.20679264200044,6.0617,2.672245861209881e-05
4433,467.3027859249996,5.8777,2.671641835913581e-05
4434,467.4001577629988,5.6869,2.6710481213641953e-05
4435,467.50003729299897,6.4449,2.67044686888889e-05
4436,467.59810540999933,5.3656,2.6698314508333362e-05
4437,467.69895137300045,6.383,2.6692246714691365e-05
4438,467.7961098420001,6.3706,2.6686037211419728e-05
4439,467.8958760080004,7.0981,2.6680022554135824e-05
4440,467.9943185310003,5.7351,2.667387880956792e-05
4441,468.09287742000015,5.9674,2.6667795069999984e-05
4442,468.19247876900045,5.7007,2.666170590975312e-05
4443,468.29277469299996,5.9623,2.665554171592591e-05
4444,468.39073099099915,5.7053,2.66493673335803e-05
4445,468.4874076369997,6.5452,2.6643331969753155e-05
4446,468.58566876799887,6.3942,2.6637357242407456e-05
4447,468.678206089,6.527,2.6631293903703725e-05
4448,468.77879620099884,6.2497,2.662554351919751e-05
4449,468.87439884000014,4.2418,2.661937054950624e-05
4450,468.980588516999,6.0617,2.6613448629012416e-05
4451,469.0803453640001,5.8586,2.6606918814382697e-05
4452,469.176970090999,5.0479,2.66007716340124e-05
4453,469.2765874939996,6.3041,2.6594755287283925e-05
4454,469.37563215800037,5.3022,2.6588646163209873e-05
4455,469.47404978899976,6.7843,2.6582526471851853e-05
4456,469.5699049920004,6.2339,2.6576419163209853e-05
4457,469.66843154399976,6.4465,2.6570525567839477e-05
4458,469.76614449099907,4.4561,2.656445465172847e-05
4459,469.86336637800014,5.7981,2.655841554438273e-05
4460,469.96389468099915,6.0195,2.655242475648153e-05
4461,470.06299454500004,6.1204,2.6546207074382746e-05
4462,470.161389248,6.5074,2.654010831592592e-05
4463,470.2599950069998,5.3557,2.6534037084382725e-05
4464,470.35827943000004,5.6479,2.6527930406172806e-05
4465,470.45782920000056,6.4765,2.6521868002654303e-05
4466,470.555791707,6.0372,2.6515728157345742e-05
4467,470.6553415159997,5.7188,2.65096747029013e-05
4468,470.7539125080002,5.1124,2.6503540955246974e-05
4469,470.8515287520004,5.8358,2.649743413932103e-05
4470,470.94370565899953,6.0135,2.6491421568456824e-05
4471,471.0423093569989,5.5359,2.648574510623455e-05
4472,471.1391094589999,4.615,2.6479641355678986e-05
4473,471.238258379999,6.5648,2.647366673543213e-05
4474,471.3369091429995,5.9086,2.646755772969143e-05
4475,471.4365080360003,5.7874,2.646146664055553e-05
4476,471.53425320099996,5.4933,2.6455330133765445e-05
4477,471.6328227169997,6.3469,2.6449283900740817e-05
4478,471.7326540039994,6.1124,2.644320691296298e-05
4479,471.8305818360004,6.4352,2.6437035202345756e-05
4480,471.9267746509995,5.0347,2.6430988304506222e-05
4481,472.0229189069996,6.313,2.642505501580246e-05
4482,472.12189290400056,6.6307,2.6419123304753112e-05
4483,472.2155089650005,6.8467,2.641301732191365e-05
4484,472.3126898449991,5.3833,2.6407231828765433e-05
4485,472.4112334189995,5.3581,2.6401221340370342e-05
4486,472.50988349399995,6.0038,2.6395143851234564e-05
4487,472.60742262799977,6.3121,2.6389055357716042e-05
4488,472.706295734999,5.1558,2.638303643296296e-05
4489,472.8030660709992,3.9498,2.6376932367962963e-05
4490,472.90122089800025,6.2606,2.6370955786111084e-05
4491,472.99864588200035,6.2783,2.6364904377963028e-05
4492,473.0949108040004,6.0857,2.6358879662777757e-05
4493,473.19234655499895,5.9934,2.6352949239629616e-05
4494,473.29164349599887,5.9862,2.6346924053024712e-05
4495,473.3889676029994,5.9738,2.634080191574081e-05
4496,473.4875557710002,5.2885,2.6334770002716108e-05
4497,473.58754759899966,6.4082,2.6328707369321025e-05
4498,473.686195758999,5.2229,2.632253980524688e-05
4499,473.78769164799996,6.4699,2.6316447649506236e-05
4500,473.8863364739991,7.0078,2.631019121481485e-05
4501,473.9873609839997,5.2441,2.6304090473827216e-05
4502,474.0853870659994,5.5045,2.62978546171605e-05
4503,474.18467698899985,4.2572,2.6291803747530885e-05
4504,474.2848651619988,6.4949,2.628566719691359e-05
4505,474.38158828499945,5.607,2.627949752345681e-05
4506,474.4791431479989,5.5775,2.6273506508086488e-05
4507,474.5769705729999,6.6138,2.6267499133333373e-05
4508,474.6733790399994,2.7688,2.626145171067902e-05
4509,474.77134333699905,5.3519,2.6255489473086427e-05
4510,474.86949904299945,6.6852,2.6249459558641974e-05
4511,474.96642421399883,4.4213,2.6243357281975346e-05
4512,475.06437761599955,4.6993,2.623740627061731e-05
4513,475.1621530150005,5.703,2.6231365284444494e-05
4514,475.2575011099998,5.5088,2.6225341505246937e-05
4515,475.355948552,6.1313,2.6219444582345687e-05
4516,475.4548011320003,4.5622,2.62133779350618e-05
4517,475.55195886599904,6.1944,2.6207265422283932e-05
4518,475.64982713300014,5.4243,2.6201279244876587e-05
4519,475.7478737809997,6.6439,2.6195241267222193e-05
4520,475.8466711639994,5.6779,2.618919256061732e-05
4521,475.9443179909995,6.5398,2.618308372191363e-05
4522,476.0431846419997,7.0313,2.617705028012344e-05
4523,476.14212179400056,5.0714,2.6170965604938312e-05
4524,476.2401003140003,5.2037,2.6164832149753116e-05
4525,476.33694016499976,5.2232,2.6158815039691353e-05
4526,476.4348965119989,6.1327,2.615279565172847e-05
4527,476.5329718459998,5.8488,2.6146780531481557e-05
4528,476.6340972050002,6.3316,2.6140712275925948e-05
4529,476.7324169579988,6.332,2.6134411491790096e-05
4530,476.8320957699998,6.3222,2.6128384925432103e-05
4531,476.9311427110006,6.9709,2.6122254191543196e-05
4532,477.0287926410001,4.1407,2.611614865475306e-05
4533,477.1267913419997,6.2059,2.6110051412098736e-05
4534,477.2260764879993,6.4763,2.6104008421172897e-05
4535,477.3250299829997,5.8632,2.6097939124691395e-05
4536,477.4226915170002,6.2453,2.60918290782716e-05
4537,477.52036258000044,6.3337,2.6085795373209865e-05
4538,477.6177774879998,6.9067,2.607970770543213e-05
4539,477.7165149659995,5.5864,2.6073758381481518e-05
4540,477.8146787709993,6.3583,2.606766199537044e-05
4541,477.915401319,6.4934,2.6061545600925997e-05
4542,478.0149128949997,6.6965,2.6055381782901206e-05
4543,478.1142998129999,5.62,2.6049241603024687e-05
4544,478.2168421369988,5.2637,2.6043032812283992e-05
4545,478.31656453100004,6.0934,2.603676996672838e-05
4546,478.41193981700053,5.4105,2.6030583392222284e-05
4547,478.50900978499885,6.4151,2.6024724907222293e-05
4548,478.6076785410005,5.9783,2.6018749917222274e-05
4549,478.70549535399914,6.5383,2.601266022413582e-05
4550,478.8021271079997,5.6112,2.6006605861419774e-05
4551,478.90119907699955,5.3842,2.600063573024699e-05
4552,478.995979420999,4.6242,2.599452685858029e-05
4553,479.0931829729998,6.2185,2.5988676789814874e-05
4554,479.19148120499995,6.0131,2.5982686059629645e-05
4555,479.28980141600005,6.024,2.597662765586426e-05
4556,479.38506989300004,7.0912,2.5970549146666735e-05
4557,479.47923842399905,4.4525,2.5964655003950656e-05
4558,479.5760198349999,5.577,2.5958845031481483e-05
4559,479.67570464799974,5.8393,2.5952874775617308e-05
4560,479.7738316880004,6.1756,2.5946729491543237e-05
4561,479.86925712099946,5.8323,2.5940663338209854e-05
4562,479.96761465800046,6.36,2.593476381074079e-05
4563,480.06587984,6.3615,2.592870242098764e-05
4564,480.1629344159992,5.8829,2.5922642141728415e-05
4565,480.26176950599984,6.0239,2.5916575653086455e-05
4566,480.3578815189994,6.4583,2.5910548994382755e-05
4567,480.45689276899975,5.5883,2.5904612482839485e-05
4568,480.5554103609993,6.6172,2.5898473102160558e-05
4569,480.65443325399974,5.68,2.5892429687098828e-05
4570,480.7536538200002,5.2728,2.5886316800493817e-05
4571,480.8533506469994,5.563,2.588019040191363e-05
4572,480.9519133869999,5.7635,2.5874025183086448e-05
4573,481.0499696879997,5.2788,2.5867953474382688e-05
4574,481.1417630619999,7.0298,2.5861889354814872e-05
4575,481.2347202719993,5.8416,2.5856235017777796e-05
4576,481.3334388679996,6.166,2.585050725969133e-05
4577,481.43270978799956,6.8161,2.5844384830987696e-05
4578,481.5303106829997,4.3381,2.5838265858765455e-05
4579,481.6280132310003,6.0751,2.58322340059877e-05
4580,481.7247866830003,5.1389,2.582615283895068e-05
4581,481.8232298660005,6.2238,2.5820241445555525e-05
4582,481.9241341149991,5.9697,2.5814145625925924e-05
4583,482.02197980100027,5.6358,2.5807926534444503e-05
4584,482.1201684869993,6.0891,2.580188692660495e-05
4585,482.21807941899897,5.8472,2.579582624685187e-05
4586,482.3160247729993,6.9072,2.5789776482716087e-05
4587,482.41264454299926,5.5045,2.5783744584321002e-05
4588,482.51024231799965,6.1748,2.5777770584876593e-05
4589,482.6094080769999,5.7292,2.5771752819382754e-05
4590,482.7093247899993,5.9083,2.5765622598086403e-05
4591,482.80915759100026,6.2307,2.5759425648333334e-05
4592,482.9093602699995,5.8251,2.575329526623462e-05
4593,483.00779557399983,6.3252,2.574711996716057e-05
4594,483.1035688760003,4.795,2.574104034777778e-05
4595,483.20083353299924,4.6409,2.5735122675246938e-05
4596,483.29887023099946,6.0212,2.572912451592598e-05
4597,483.3966824349991,5.233,2.5723074256358004e-05
4598,483.4967762489996,6.2245,2.5717043370740733e-05
4599,483.59520359399903,5.016,2.5710840412592592e-05
4600,483.68786326999907,6.0301,2.5704776233024736e-05
4601,483.7878198239996,6.3633,2.569905251925932e-05
4602,483.88527551199877,6.117,2.569290077222225e-05
4603,483.98290883200025,6.0256,2.5686872093395065e-05
4604,484.07921398799954,5.5623,2.5680843874135773e-05
4605,484.17714086900014,4.6099,2.5674898773703724e-05
4606,484.2742316139993,5.1714,2.566886133802475e-05
4607,484.3732486489989,6.5817,2.5662796577037028e-05
4608,484.471001816999,5.7141,2.565676033925925e-05
4609,484.57003602700024,5.2407,2.565070177382714e-05
4610,484.6681599559997,6.1529,2.5644611103086426e-05
4611,484.7658010309988,5.1497,2.5638546862222224e-05
4612,484.8634185009996,5.6365,2.5632514878703706e-05
4613,484.9622708779989,6.2231,2.5626505378765426e-05
4614,485.05440812800043,6.6307,2.5620398923086407e-05
4615,485.15163375500015,5.9535,2.561471144925932e-05
4616,485.25061311399986,6.1059,2.560869920858031e-05
4617,485.35004335399935,5.4978,2.5602605096049347e-05
4618,485.4483372169998,6.7422,2.5596441492839574e-05
4619,485.5485614600002,6.1068,2.559038268882713e-05
4620,485.64661906499896,6.4371,2.5584200279382787e-05
4621,485.74692791599955,6.2912,2.557814027660501e-05
4622,485.84570156600057,5.5664,2.5571960479938296e-05
4623,485.9446795439999,5.8517,2.5565862338827163e-05
4624,486.044538008,5.7442,2.5559744959506182e-05
4625,486.1442779129993,6.1318,2.5553584601419754e-05
4626,486.2413544030005,5.9737,2.554742154253088e-05
4627,486.34022586299943,6.3809,2.5541433834876584e-05
4628,486.43766975200015,5.6709,2.5535338681604993e-05
4629,486.536056429999,5.6822,2.5529313252160518e-05
4630,486.63642244400035,5.6654,2.5523246405061773e-05
4631,486.737681908,5.4132,2.5516980079259223e-05
4632,486.83803714900023,6.1283,2.5510803953703755e-05
4633,486.93522400099937,6.0199,2.550461132925923e-05
4634,487.02656495799965,6.242,2.549858916709879e-05
4635,487.1239013459999,5.5336,2.5492982572345735e-05
4636,487.222772920999,5.9074,2.5486962271358085e-05
4637,487.32140668099964,6.2906,2.5480823057777803e-05
4638,487.4194067360004,5.7929,2.5474764093827236e-05
4639,487.5193916619992,6.2387,2.546871504876548e-05
4640,487.6209256359998,6.9547,2.546254403154319e-05
4641,487.7202929140003,5.7011,2.545627923530862e-05
4642,487.8187511670003,5.5125,2.5450124159074052e-05
4643,487.9200459189997,5.9869,2.544404994660493e-05
4644,488.01978454299933,6.3364,2.5437813432716123e-05
4645,488.11774882399914,6.4075,2.543165001728399e-05
4646,488.2158553520003,5.7288,2.5425615321172824e-05
4647,488.314838459999,6.503,2.54195578369753e-05
4648,488.4138352890004,6.1244,2.5413455637283924e-05
4649,488.5121402549994,5.1375,2.5407323332407417e-05
4650,488.60897789999945,6.6866,2.54012448968519e-05
4651,488.7062392789994,5.5161,2.5395286863024664e-05
4652,488.8045215679995,5.4774,2.5389276385802442e-05
4653,488.9017796669996,6.0728,2.5383218444506242e-05
4654,489.001264438999,5.7602,2.5377211346358086e-05
4655,489.10029648599993,5.7191,2.5371080221913624e-05
4656,489.1994153550004,5.6823,2.5364961640000025e-05
4657,489.2963999069998,5.1738,2.5358844525432158e-05
4658,489.3963827899988,5.7284,2.5352835066172885e-05
4659,489.49422680600037,5.5249,2.5346676387839524e-05
4660,489.5915743410005,5.3207,2.5340636624814807e-05
4661,489.689054724,5.2847,2.533462646685183e-05
4662,489.78811819899965,6.3978,2.532862542290124e-05
4663,489.8848408899994,5.9542,2.532250272493833e-05
4664,489.98212113999944,5.7379,2.5316522212592585e-05
4665,490.08210989299914,5.8179,2.531050406216051e-05
4666,490.18105522899896,6.3136,2.53043625606173e-05
4667,490.2784931289989,6.1925,2.5298251900864257e-05
4668,490.3731190059989,5.5795,2.5292224940123427e-05
4669,490.4695103289996,5.1587,2.5286368860987654e-05
4670,490.5700537569992,6.1826,2.5280431000000038e-05
4671,490.6687337869989,4.5629,2.527422910993833e-05
4672,490.7690515489994,4.7864,2.526813838777782e-05
4673,490.8673603320003,6.3445,2.526193481203707e-05
4674,490.9655187440003,6.4237,2.52558858567284e-05
4675,491.065223571999,5.8079,2.524982258425923e-05
4676,491.16432366499976,6.2122,2.524368858722224e-05
4677,491.2623426909995,6.3519,2.5237553107284006e-05
4678,491.36091297999883,6.5039,2.5231489315432177e-05
4679,491.46006175599905,5.8357,2.5225403731358004e-05
4680,491.55840127900046,6.3357,2.5219253946666687e-05
4681,491.65744988500046,6.292,2.5213226153456826e-05
4682,491.7566289530005,6.4307,2.520704873203703e-05
4683,491.8545232079996,5.7683,2.520098609154328e-05
4684,491.9513012949992,5.7396,2.519494695265436e-05
4685,492.0471290059995,5.5834,2.518896508925929e-05
4686,492.1437859580001,5.3894,2.518304625654321e-05
4687,492.2404304749998,6.7736,2.51770974033951e-05
4688,492.3358325419995,5.3349,2.517112920222229e-05
4689,492.43492974199944,6.115,2.5165220844629616e-05
4690,492.5340889279996,6.7469,2.515912108796295e-05
4691,492.63127895899925,5.8023,2.5152976501543284e-05
4692,492.7284942009992,5.3401,2.514699321555557e-05
4693,492.8250734989997,6.2546,2.5140994392839524e-05
4694,492.9217443079997,6.0499,2.513502068203707e-05
4695,493.0197057869991,6.0295,2.5129063124197587e-05
4696,493.1200966519991,6.2896,2.5123012367777826e-05
4697,493.2193664490005,5.7559,2.5116826504753155e-05
4698,493.3177622869989,5.248,2.5110688609321066e-05
4699,493.4164798749989,5.5507,2.510461778413583e-05
4700,493.5137653869988,5.9328,2.5098525264876556e-05
4701,493.6144221979994,6.3726,2.509251017796296e-05
4702,493.71353799999997,6.2447,2.5086323228950638e-05
4703,493.81221052399997,4.8816,2.508017861166665e-05
4704,493.9121679050004,6.5163,2.5074024679259332e-05
4705,494.01096067399885,5.5247,2.5067923415185258e-05
4706,494.1082666660004,5.6704,2.5061834998209915e-05
4707,494.2068280700005,6.5014,2.505582449222228e-05
4708,494.3061984349988,5.969,2.5049743148456852e-05
4709,494.4018375939995,5.22,2.5043614608827215e-05
4710,494.49919251999927,5.7957,2.503768997981482e-05
4711,494.59672693799985,6.1969,2.5031686748086402e-05
4712,494.6940036069991,3.7245,2.5025668316358053e-05
4713,494.79224599999907,6.6082,2.5019667395000046e-05
4714,494.89248785199925,6.4971,2.501360734641979e-05
4715,494.9862798840004,6.8569,2.5007406988333408e-05
4716,495.0850156029992,5.4236,2.500163383271605e-05
4717,495.1841101329992,6.0277,2.4995531173518534e-05
4718,495.2804427819992,4.6842,2.4989411985123433e-05
4719,495.3767531939993,5.1211,2.498345556876549e-05
4720,495.4727614959993,6.0782,2.4977528217098745e-05
4721,495.569392849,5.725,2.4971589275061698e-05
4722,495.66600043200015,5.6788,2.4965626610617305e-05
4723,495.762738342999,6.3374,2.4959666066481506e-05
4724,495.8592629960003,6.2683,2.4953698902407403e-05
4725,495.9606624730004,6.0936,2.4947736103209918e-05
4726,496.0592458529991,5.7113,2.4941487399567863e-05
4727,496.15733121799894,5.6699,2.493538835351849e-05
4728,496.2566304970005,5.5687,2.4929326580864248e-05
4729,496.35277128800044,4.8222,2.4923177532037013e-05
4730,496.45198751799944,5.1204,2.4917265884876567e-05
4731,496.5498089699995,6.5922,2.4911098751481516e-05
4732,496.64882795499943,5.1005,2.49051031348148e-05
4733,496.7481220749996,6.1255,2.4898986738888895e-05
4734,496.84866696300014,6.6343,2.489287043061728e-05
4735,496.9478777229997,6.4626,2.488666204179015e-05
4736,497.0487722809994,5.4592,2.4880542010432127e-05
4737,497.14853662899986,5.8003,2.4874308395679063e-05
4738,497.24741831499887,6.3077,2.4868123423148176e-05
4739,497.3448931370003,5.9059,2.486205437697534e-05
4740,497.4439272090003,6.5905,2.485602413845681e-05
4741,497.54401763699934,6.7846,2.484991493277785e-05
4742,497.64109545499923,6.0785,2.4843746497654364e-05
4743,497.73965934399894,6.6826,2.4837722388950585e-05
4744,497.83873340399987,6.1975,2.4831669560370428e-05
4745,497.93722235399946,5.6752,2.4825553629135795e-05
4746,498.0356595640005,5.8945,2.481945291882722e-05
4747,498.13371915099924,5.63,2.481338924277775e-05
4748,498.23777398899983,5.6256,2.4807341399197566e-05
4749,498.33449804500015,6.1871,2.4800920066728385e-05
4750,498.43397379399903,6.509,2.47949404900617e-05
4751,498.53287985099996,6.2994,2.478881665703705e-05
4752,498.63196359599897,5.1478,2.4782675627160484e-05
4753,498.731518831999,6.9064,2.47765857819753e-05
4754,498.83271037099985,6.6888,2.477044260814822e-05
4755,498.9304270619996,5.9504,2.47641958204321e-05
4756,499.02609127399955,5.1755,2.475815029635804e-05
4757,499.12567484899955,6.1807,2.4752245649814888e-05
4758,499.22340227600034,5.7197,2.4746116122530933e-05
4759,499.3213644999996,5.8879,2.474007973641973e-05
4760,499.4199437019997,6.0718,2.4734034894321062e-05
4761,499.5180875699989,5.8894,2.4727945657222236e-05
4762,499.6167919119998,6.0946,2.472184587956791e-05
4763,499.7146676579996,5.5775,2.471578826092596e-05
4764,499.8099690149993,6.1066,2.470974737962967e-05
4765,499.909006676,5.7748,2.4703854785740742e-05
4766,500.0015943069993,6.4194,2.4697760695432105e-05
4767,500.1023277330005,6.443,2.4692050901358015e-05
4768,500.2001333139997,6.4342,2.4685815906358035e-05
4769,500.3002539939989,6.2049,2.467978915320993e-05
4770,500.3978071269994,5.2636,2.4673594419999983e-05
4771,500.49804993399994,5.6748,2.4667558276604957e-05
4772,500.59526122999887,6.1417,2.4661395977098794e-05
4773,500.695357949,7.0944,2.46553967923457e-05
4774,500.7915933820004,5.3496,2.4649230740493902e-05
4775,500.88984540899946,5.5224,2.4643262904876534e-05
4776,500.98934466299943,6.4254,2.463716981259259e-05
4777,501.08815842399963,6.1404,2.4631073238024666e-05
4778,501.19114476899995,6.1216,2.4624932740432122e-05
4779,501.2893080819995,5.4251,2.4618610788765418e-05
4780,501.3880416739994,5.9336,2.4612543739074146e-05
4781,501.4835950839988,6.4469,2.4606455517160488e-05
4782,501.58326674899945,5.5256,2.4600552709506152e-05
4783,501.6821083920004,6.7042,2.4594392781604996e-05
4784,501.7807782559994,6.8649,2.4588274014135837e-05
4785,501.88034278899977,6.0803,2.458221189907413e-05
4786,501.9807550360001,5.0528,2.4576068859444456e-05
4787,502.0763465839991,4.9651,2.4569868302160555e-05
4788,502.1738605749997,6.2239,2.456395789166666e-05
4789,502.27271266499883,3.5757,2.4557956209444475e-05
4790,502.3696644869997,6.441,2.455184439006178e-05
4791,502.4679336089994,6.2323,2.454582300456793e-05
4792,502.5682881239991,6.719,2.453978985833331e-05
4793,502.66930958299963,6.1562,2.4533601614753082e-05
4794,502.77114997199897,5.9127,2.452736625728398e-05
4795,502.86962941399906,6.1366,2.4521084313086428e-05
4796,502.9695479999991,5.856,2.451500455895066e-05
4797,503.0697847190004,6.311,2.4508837890555553e-05
4798,503.1684390949995,4.6621,2.4502638737839574e-05
4799,503.2663454069989,5.4918,2.449649730135802e-05
4800,503.36583565,5.5903,2.4490517237839494e-05
4801,503.4644258699991,6.1011,2.4484376341728378e-05
4802,503.56053592399985,6.2115,2.447826923864195e-05
4803,503.6572946289998,6.7839,2.4472342361790158e-05
4804,503.7547602470004,6.2053,2.4466380400246953e-05
4805,503.8553940740003,5.3245,2.4460360137839495e-05
4806,503.95339966699976,6.1538,2.4454154313271593e-05
4807,504.05309139199926,6.0258,2.4448102066851926e-05
4808,504.15203892299905,6.6308,2.4441942478703745e-05
4809,504.2519411840003,6.6076,2.4435846029197517e-05
4810,504.35130596399904,5.9902,2.4429613061419792e-05
4811,504.4510239600004,5.4786,2.442353874135801e-05
4812,504.5517949360001,6.3341,2.441738496012353e-05
4813,504.65348959699986,6.2477,2.4411150259567965e-05
4814,504.7535971670004,6.1598,2.4404886075617354e-05
4815,504.85243056499894,6.0835,2.4398698530123487e-05
4816,504.95373876099984,5.66,2.4392606966728437e-05
4817,505.0511676829992,4.5855,2.438635515148145e-05
4818,505.15011439499904,5.677,2.4380337218703692e-05
4819,505.24897141899964,6.6952,2.437422317617291e-05
4820,505.34806251199916,6.4235,2.4368126280864273e-05
4821,505.44888427299884,5.8468,2.436201982740745e-05
4822,505.54877527499957,6.8287,2.4355797507716017e-05
4823,505.6494711279993,5.4022,2.4349616515185258e-05
4824,505.7489045049988,6.2031,2.4343410591851846e-05
4825,505.84396408199973,6.0065,2.43372714895679e-05
4826,505.94090591500026,5.99,2.4331386157530876e-05
4827,506.0397449869997,5.4401,2.4325408621481515e-05
4828,506.138660446999,5.5711,2.43193131241976e-05
4829,506.23701145199993,5.2349,2.431322228851856e-05
4830,506.3342912859989,6.7765,2.430709500543209e-05
4831,506.4342137040003,6.1174,2.430112153037044e-05
4832,506.5369341559999,4.574,2.429496618197531e-05
4833,506.64037391499915,6.6824,2.428861452648146e-05
4834,506.73868885400043,4.7956,2.4282236385123514e-05
4835,506.8367275170003,5.6605,2.427616188820992e-05
4836,506.93393219399877,5.6913,2.427010524259256e-05
4837,507.0314955720005,6.2959,2.4264118308024696e-05
4838,507.129589012,6.288,2.4258098274567937e-05
4839,507.22209104600006,5.7851,2.4252042168086464e-05
4840,507.31994637000025,5.1919,2.4246340853641984e-05
4841,507.4223678719991,4.7601,2.42402967495062e-05
4842,507.5171001380004,6.0252,2.4233973214691385e-05
4843,507.6151262959993,6.969,2.4228112662530867e-05
4844,507.714054262,5.602,2.4222069981913615e-05
4845,507.8138356219988,6.2697,2.4215934346975367e-05
4846,507.9133207599989,5.8562,2.420980056641978e-05
4847,508.0100578019992,4.7438,2.420363839561734e-05
4848,508.10837542599984,6.1789,2.4197644034567906e-05
4849,508.2086191639992,5.8856,2.4191611166728384e-05
4850,508.30580139499943,5.9434,2.418542952265437e-05
4851,508.40340027300044,6.0279,2.417943255203704e-05
4852,508.49924533100057,5.331,2.417339150814814e-05
4853,508.59486272399954,4.2188,2.416747045376544e-05
4854,508.69272099499904,5.3332,2.4161582779567908e-05
4855,508.7905316559991,6.2127,2.415554827209875e-05
4856,508.89075218700054,5.4685,2.4149510414444433e-05
4857,508.99257507499897,5.8093,2.4143332016851843e-05
4858,509.0887368749991,5.2136,2.413702189481486e-05
4859,509.1868063509992,6.1322,2.4131089689320972e-05
4860,509.2850929699998,6.7671,2.4125044064753132e-05
4861,509.3823230779999,6.0675,2.4118980706049388e-05
4862,509.4805795680004,5.9785,2.411297830802467e-05
4863,509.57905781999943,6.6607,2.4106921830061767e-05
4864,509.67711980199965,6.7855,2.410083295753086e-05
4865,509.7765895449993,6.3427,2.4094779382530875e-05
4866,509.87591424699895,5.7934,2.4088642656358086e-05
4867,509.9746959059994,5.5026,2.408250529351857e-05
4868,510.0736563800001,5.7181,2.4076362354382788e-05
4869,510.17044955799975,6.1964,2.4070312847037106e-05
4870,510.26814979200026,5.8009,2.4064324548950633e-05
4871,510.367398548,6.5043,2.4058304181975316e-05
4872,510.4673923299997,5.9962,2.4052185368333357e-05
4873,510.56542618599997,5.8298,2.40459998698766e-05
4874,510.66420619999917,6.0154,2.403993561728396e-05
4875,510.75629370099887,6.5595,2.4033856851234576e-05
4876,510.8556683579991,5.5803,2.4028178667839503e-05
4877,510.9549125180001,5.294,2.40220335092593e-05
4878,511.052801627,6.092,2.4015908908518496e-05
4879,511.1518391280006,6.5504,2.4009862977962955e-05
4880,511.24969043800047,7.1552,2.400375800049387e-05
4881,511.347547637999,5.0159,2.399769056290131e-05
4882,511.4462407030005,6.0853,2.3991669604567934e-05
4883,511.5453634810001,6.1463,2.3985592849382706e-05
4884,511.6447738850002,5.9643,2.397946563456796e-05
4885,511.7427842769994,6.6311,2.397333784685184e-05
4886,511.8384019269997,5.6451,2.396726093839508e-05
4887,511.93562442499933,5.5083,2.3961366346481478e-05
4888,512.0326855490002,6.3924,2.3955372103950656e-05
4889,512.1302428380004,5.7753,2.39493811427778e-05
4890,512.2232038679995,6.4458,2.3943363689444437e-05
4891,512.322053554999,4.9974,2.3937591805185245e-05
4892,512.4194966539999,6.1001,2.393150737666665e-05
4893,512.5188214949994,5.256,2.3925508902963022e-05
4894,512.6181590689994,5.7319,2.3919370058827127e-05
4895,512.7199853860002,6.7252,2.3913231808148207e-05
4896,512.8204368409988,5.8496,2.3906959051666693e-05
4897,512.923156421999,6.0181,2.390076820648147e-05
4898,513.0230864820005,5.8325,2.3894412567777768e-05
4899,513.1209381339995,6.2448,2.38882604146914e-05
4900,513.2222016619999,5.9602,2.3882205245000018e-05
4901,513.3202131649996,5.5767,2.3875945947530892e-05
4902,513.4196762089996,6.253,2.3869885679876598e-05
4903,513.5178044269996,4.5635,2.3863763163024734e-05
4904,513.6160824029994,3.8958,2.385768114888895e-05
4905,513.7160471779989,5.6574,2.3851642136419795e-05
4906,513.8158105789989,5.9992,2.384546092660491e-05
4907,513.9150992949999,6.4642,2.383932192703705e-05
4908,514.0138027009998,5.9346,2.383318966018516e-05
4909,514.1101134820001,6.0529,2.382709569567907e-05
4910,514.207076314,4.6945,2.3821115686604923e-05
4911,514.3044959700001,6.1059,2.3815140653518548e-05
4912,514.4031134939996,5.473,2.380913952259264e-05
4913,514.4993019249996,5.5453,2.3803045997284007e-05
4914,514.5968455290003,5.499,2.3797112376913577e-05
4915,514.6942822239998,4.5327,2.3791068465925942e-05
4916,514.7904062059988,5.9416,2.378507693253091e-05
4917,514.8888344970001,5.9377,2.3779143178580293e-05
4918,514.9874604429988,5.5959,2.3773068798333313e-05
4919,515.0846572489991,5.3319,2.3766985912530848e-05
4920,515.1841148469994,6.3792,2.3760960089506245e-05
4921,515.2822425239992,6.6614,2.3754851954135802e-05
4922,515.3800357559994,5.9652,2.3748783851666684e-05
4923,515.478699670999,6.1621,2.374274849500007e-05
4924,515.5769316259994,5.7928,2.3736597597654387e-05
4925,515.6759807380004,4.6271,2.3730601284567927e-05
4926,515.7764418779989,4.1231,2.372448480395066e-05
4927,515.8761198039992,6.5764,2.37182833153087e-05
4928,515.9757388670005,6.4864,2.3712136013456848e-05
4929,516.0759369610005,5.386,2.3705987523024665e-05
4930,516.1737818500005,6.4908,2.3699813320555548e-05
4931,516.2714398709995,5.9959,2.3693757013209922e-05
4932,516.3698477199996,5.7304,2.368772648271609e-05
4933,516.4698270959998,5.8465,2.368164995049382e-05
4934,516.5665360829989,5.5644,2.3675467572098843e-05
4935,516.6673579540002,6.3689,2.3669509091234633e-05
4936,516.7659570319993,6.5086,2.36633002243827e-05
4937,516.8653902259994,5.6296,2.3657197771790156e-05
4938,516.9652766649997,5.2715,2.365106482129637e-05
4939,517.0668900979999,6.1484,2.364483737228399e-05
4940,517.1647124020001,6.4408,2.3638624522469112e-05
4941,517.2629750420001,5.7738,2.3632589815617262e-05
4942,517.3624217569995,4.9638,2.3626516853271625e-05
4943,517.459138021999,5.5477,2.3620385191172857e-05
4944,517.556154246,5.6642,2.3614403715555565e-05
4945,517.6515346309989,2.7214,2.3608412492283967e-05
4946,517.7469920160001,4.9381,2.360253021709884e-05
4947,517.8440120840005,5.8154,2.359663638401237e-05
4948,517.9442290789993,4.0772,2.3590639516543196e-05
4949,518.0411467579997,5.7214,2.3584461256172807e-05
4950,518.1385767399988,6.6578,2.3578482341481508e-05
4951,518.2363723109993,6.2118,2.357247360104945e-05
4952,518.3362154280003,5.3985,2.356643016043215e-05
4953,518.4361404850006,6.4391,2.3560231834320985e-05
4954,518.5334927789991,5.1098,2.3554100980679024e-05
4955,518.6379907619994,5.2363,2.354808800882713e-05
4956,518.7366053629994,6.0039,2.3541642024197526e-05
4957,518.8332245509991,5.5534,2.353556420574079e-05
4958,518.9301126859991,5.3457,2.3529590286666743e-05
4959,519.0298653589998,6.7683,2.352361518160498e-05
4960,519.12810188,6.4417,2.3517466743518596e-05
4961,519.2257831349998,5.723,2.3511395136851837e-05
4962,519.3234497449994,6.0736,2.3505353424876536e-05
4963,519.421983667,6.1086,2.349932806518525e-05
4964,519.5201629799994,6.055,2.3493241425493817e-05
4965,519.6204859369991,6.3348,2.3487188810493892e-05
4966,519.7202055099988,5.9793,2.348100732956796e-05
4967,519.8176122740006,5.5461,2.3474816563703704e-05
4968,519.913303624,4.5779,2.3468815387407373e-05
4969,520.0119562159998,5.3689,2.3462912164197498e-05
4970,520.1133908049997,6.52,2.34568246782099e-05
4971,520.2132109559989,6.0896,2.345057561104944e-05
4972,520.3112411269994,6.016,2.3444406281419722e-05
4973,520.4100930219993,6.4153,2.3438357410740775e-05
4974,520.507944773999,6.4949,2.3432261029567914e-05
4975,520.6049187600001,6.0165,2.3426216599629673e-05
4976,520.7002931269999,6.1222,2.342021540740742e-05
4977,520.7958644299997,6.0536,2.341433315172837e-05
4978,520.8973810690004,6.2488,2.3408434010185192e-05
4979,520.9997036490004,5.9679,2.3402130549320985e-05
4980,521.0978049219993,5.5432,2.3395867034876596e-05
4981,521.1950886149989,5.8937,2.3389803987777747e-05
4982,521.298344159999,5.5118,2.3383807857777852e-05
4983,521.399488522,5.9127,2.3377371475185156e-05
4984,521.4982173150001,5.7808,2.337119523271606e-05
4985,521.5902073889993,5.958,2.3365079568642007e-05
4986,521.689338786,6.4936,2.3359420640370356e-05
4987,521.7866834039996,4.914,2.335327922370377e-05
4988,521.8837243849994,6.1789,2.334727594333333e-05
4989,521.9818988940006,5.88,2.3341298190802446e-05
4990,522.0822586739996,5.6928,2.3335223631543218e-05
4991,522.1813544159995,5.9401,2.332903511117287e-05
4992,522.2798578620004,5.9708,2.3322919645987684e-05
4993,522.3805542190003,6.4362,2.331682916203708e-05
4994,522.4792171569989,6.3576,2.331061522327162e-05
4995,522.5763136249989,6.2923,2.330453118043211e-05
4996,522.6728114609996,5.9463,2.3298531021049442e-05
4997,522.770121951,6.0239,2.329257904493828e-05
4998,522.8691451899995,6.0713,2.3286579914074085e-05
4999,522.9708160629998,6.2633,2.3280461518086467e-05
5000,523.0680217720001,5.1373,2.3274191253395083e-05
5001,523.1636332839989,6.3904,2.3268176798271642e-05
5002,523.2621452919993,5.845,2.326227295265434e-05
5003,523.3601942810001,5.5034,2.3256204913456858e-05
5004,523.4579089050003,6.154,2.3250140980432135e-05
5005,523.5552130309989,5.8387,2.324411318450614e-05
5006,523.6534071499991,6.6951,2.3238109986728374e-05
5007,523.7522289850003,6.3111,2.3232054387037104e-05
5008,523.8437965789999,6.0651,2.3225949473950592e-05
5009,523.9437735470001,6.2486,2.3220316324506243e-05
5010,524.0432788999988,6.1512,2.321413804635804e-05
5011,524.1438344050002,6.2732,2.320799286549387e-05
5012,524.2438136330002,4.9884,2.320179015777779e-05
5013,524.3420800000004,6.2167,2.31955434001235e-05
5014,524.4402557029989,6.4552,2.3189539398641995e-05
5015,524.5394727849998,6.3536,2.318347941611114e-05
5016,524.6374972239992,6.4853,2.3177362737530898e-05
5017,524.7360241160004,5.957,2.3171288319012385e-05
5018,524.8369523950005,7.0398,2.3165228135802542e-05
5019,524.9349568029993,4.1295,2.31589536402469e-05
5020,525.0338369820001,5.5658,2.315293291802475e-05
5021,525.1342335400004,6.5333,2.31468499438889e-05
5022,525.2339285679991,6.7865,2.314064336845677e-05
5023,525.3328059309988,6.1608,2.313448582580249e-05
5024,525.4301462099993,5.7402,2.312838177246917e-05
5025,525.5299272049997,4.0952,2.312237294703709e-05
5026,525.6293477229992,6.5748,2.3116218148271613e-05
5027,525.7290021059998,6.1342,2.3110081703888918e-05
5028,525.8265779960002,5.9709,2.310393089839512e-05
5029,525.925087620999,5.969,2.3097904046234598e-05
5030,526.0228026749992,4.5673,2.309180720364195e-05
5031,526.1203813749999,5.9309,2.3085777103642052e-05
5032,526.2186099949995,6.3091,2.3079754036666657e-05
5033,526.3189335940006,5.0635,2.3073709064753114e-05
5034,526.417439847999,5.9661,2.306750804919751e-05
5035,526.5146866169998,3.024,2.3061430410987695e-05
5036,526.6135337309988,6.1552,2.305542442833333e-05
5037,526.7131627630006,6.1845,2.304931905691359e-05
5038,526.8126128029999,6.4276,2.304316534666674e-05
5039,526.9127552749997,6.0896,2.303702629333337e-05
5040,527.0125397150005,5.8315,2.303085605586423e-05
5041,527.1157385930001,6.6205,2.3024692094938283e-05
5042,527.2161449390005,6.2674,2.3018273065432078e-05
5043,527.3169969270002,5.8373,2.301208355537037e-05
5044,527.4191288629991,6.813,2.3005912874074104e-05
5045,527.5191496480002,6.247,2.299960907364196e-05
5046,527.619731245999,6.3346,2.2993424057222224e-05
5047,527.7177276370003,6.0043,2.2987159858086426e-05
5048,527.8126591079999,5.142,2.2981158572160498e-05
5049,527.9101166259989,6.6451,2.2975294533209846e-05
5050,528.0089044969991,5.9607,2.2969301128086394e-05
5051,528.1046460529997,4.7987,2.2963181825308638e-05
5052,528.2026933420002,6.519,2.2957253741419722e-05
5053,528.298403585999,5.8575,2.2951229560617264e-05
5054,528.3949873519996,5.7102,2.2945317536111173e-05
5055,528.4957805369995,7.0646,2.293935282493833e-05
5056,528.5937837170004,3.8537,2.2933129383148156e-05
5057,528.6915765279991,6.036,2.292707253518518e-05
5058,528.7901557419991,5.8283,2.2921055179197504e-05
5059,528.8909783589988,6.3789,2.2914971177530937e-05
5060,528.9884213749992,5.7735,2.2908748633148164e-05
5061,529.0855608910006,6.5115,2.2902720210370348e-05
5062,529.1815396069996,6.1603,2.2896734268148222e-05
5063,529.280508029,6.2202,2.289080845913585e-05
5064,529.3779627149997,6.5428,2.2884704587839472e-05
5065,529.4759070589989,5.1218,2.2878683553642e-05
5066,529.574286785999,6.1519,2.2872643609074053e-05
5067,529.6695164979992,5.683,2.286656797518519e-05
5068,529.7665476479997,6.0162,2.286068676197537e-05
5069,529.8656616989992,5.9562,2.285470397925924e-05
5070,529.9666219869996,5.6605,2.284857510191356e-05
5071,530.0632158469998,6.0127,2.284234811333332e-05
5072,530.1615770600001,5.5074,2.2836374193024717e-05
5073,530.2678852360004,6.2048,2.2830323065123525e-05
5074,530.3652777480002,6.4373,2.2823750979876556e-05
5075,530.4618677559993,5.9096,2.2817737554320988e-05
5076,530.5618834359993,6.8192,2.2811779111111102e-05
5077,530.6543390129991,6.8479,2.280560490567905e-05
5078,530.7539368580001,5.9256,2.279990329728398e-05
5079,530.845242288,6.5392,2.2793745149197598e-05
5080,530.9450298350002,5.726,2.2788125482592605e-05
5081,531.0434019439999,6.6585,2.2781955726851928e-05
5082,531.1416956979992,6.0116,2.2775872844814883e-05
5083,531.2379816470002,5.7574,2.276980658376544e-05
5084,531.3370974709997,5.8272,2.276385621154324e-05
5085,531.4352645269992,5.647,2.2757753464999986e-05
5086,531.5318609160004,4.8967,2.2751687220679068e-05
5087,531.6307622149998,6.9501,2.274572734944449e-05
5088,531.732765073999,4.7787,2.2739622915061753e-05
5089,531.8311843230003,6.374,2.2733329302654295e-05
5090,531.9279024570005,4.6504,2.2727241872716047e-05
5091,532.0254072059997,4.3751,2.272127265697528e-05
5092,532.1235691389993,5.2149,2.271526072808644e-05
5093,532.2202456300001,5.666,2.270920478882713e-05
5094,532.3170457420001,5.2674,2.2703232891604943e-05
5095,532.4155358009994,5.0099,2.2697224658086496e-05
5096,532.5128710209992,6.1852,2.2691175839814877e-05
5097,532.6108077909994,5.8336,2.268517754882716e-05
5098,532.7091667069999,6.556,2.267912483030866e-05
5099,532.8088345239994,6.721,2.2673060449876548e-05
5100,532.9097912879988,6.3803,2.266689944938269e-05
5101,533.0093087610003,5.4062,2.2660616299135877e-05
5102,533.1084111479995,6.5593,2.2654457549506218e-05
5103,533.2085983060006,5.4615,2.264840200006173e-05
5104,533.3070596859998,5.1457,2.2642224923580264e-05
5105,533.407038325,5.5949,2.2636080440802458e-05
5106,533.5043418980003,5.9571,2.26299844696297e-05
5107,533.6045320859994,6.5197,2.262396758055561e-05
5108,533.7037602529999,6.7085,2.2617783126728413e-05
5109,533.8007519929997,4.6776,2.2611667368827187e-05
5110,533.8984545019994,6.6038,2.2605681313086424e-05
5111,533.9973153020001,5.6288,2.259964104580247e-05
5112,534.0934649669998,6.3633,2.2593538678456867e-05
5113,534.1916460359989,6.0253,2.258759980561732e-05
5114,534.2882087859998,6.136,2.258154458660494e-05
5115,534.3896088339989,6.4812,2.2575586064444516e-05
5116,534.4896301579993,6.0306,2.2569338888148128e-05
5117,534.5897111920003,6.1704,2.2563156193395075e-05
5118,534.6876597609989,5.9095,2.2556978601296354e-05
5119,534.786594064999,6.0453,2.2550917888086443e-05
5120,534.888305298,5.2373,2.2544821636481545e-05
5121,534.9855346969998,5.3919,2.2538498510740724e-05
5122,535.0825195149991,6.2979,2.2532532654691347e-05
5123,535.1812940929995,5.0664,2.252655064561735e-05
5124,535.2813893549992,6.5335,2.2520451688395065e-05
5125,535.3815495269992,6.4436,2.2514275255678986e-05
5126,535.4803239659996,5.2607,2.2508078909074054e-05
5127,535.5768578110001,5.1739,2.2501978857901212e-05
5128,535.6724781100002,6.214,2.2496030096296335e-05
5129,535.7715684769992,4.9957,2.249012397179016e-05
5130,535.868658252999,5.0393,2.2484020461419797e-05
5131,535.9687991669998,4.342,2.247801720654328e-05
5132,536.0675595439989,6.7721,2.2471796627716103e-05
5133,536.1651610289991,5.8948,2.2465750513024713e-05
5134,536.2628419720004,5.8347,2.2459717912345663e-05
5135,536.361566399999,6.1644,2.2453691659321065e-05
5136,536.4608234799998,5.9218,2.244759506623459e-05
5137,536.5589375809996,6.2401,2.2441471092345716e-05
5138,536.6580334819992,5.8604,2.2435400023456777e-05
5139,536.7567778129996,6.009,2.242930093993824e-05
5140,536.8552953830003,5.1885,2.2423198480740742e-05
5141,536.9553713699988,6.73,2.24171229669136e-05
5142,537.0541517729998,6.6174,2.2410935064012345e-05
5143,537.1533709029991,6.1087,2.2404844337839497e-05
5144,537.2524027609998,5.8866,2.239872006401241e-05
5145,537.3503002969992,5.1485,2.2392612428950626e-05
5146,537.4480676290004,5.0815,2.2386572267592602e-05
5147,537.5461991699995,6.3628,2.2380533653333352e-05
5148,537.6450967789988,5.0003,2.2374470282469207e-05
5149,537.7423744030002,6.2073,2.2368374115370404e-05
5150,537.8393902970001,6.5798,2.2362364568950654e-05
5151,537.937818250999,5.0664,2.235638274228402e-05
5152,538.0347027339994,4.9758,2.2350306831543288e-05
5153,538.1336466869998,6.2104,2.234431619746919e-05
5154,538.2321191789997,6.8427,2.233821543870374e-05
5155,538.329946378999,4.9227,2.2332112118827154e-05
5156,538.4266737519993,6.863,2.2326088030740723e-05
5157,538.5228332919996,5.1954,2.2320125649567885e-05
5158,538.6200898419993,5.7588,2.2314185721975322e-05
5159,538.7189718560003,5.1947,2.2308192239135767e-05
5160,538.8160303370005,4.1815,2.2302071192407425e-05
5161,538.9126527280005,6.1578,2.2296071053950658e-05
5162,539.01042934,5.7927,2.229011401259256e-05
5163,539.1113102910003,5.89,2.2284085578086415e-05
5164,539.211595195,6.4921,2.227785679160493e-05
5165,539.3104525199997,6.0165,2.227166896222228e-05
5166,539.4069876920003,6.3256,2.2265568831851875e-05
5167,539.5073503399999,6.5918,2.2259593629444424e-05
5168,539.6079644959991,5.2353,2.225339255129627e-05
5169,539.7037574770002,4.6338,2.2247203373271652e-05
5170,539.7997292179989,6.2735,2.2241277603271658e-05
5171,539.8988514510002,6.0569,2.2235359511172825e-05
5172,539.9971444000003,5.9558,2.2229239332777812e-05
5173,540.0936045279996,5.8689,2.2223171185864265e-05
5174,540.1885881939997,5.7941,2.221722086981482e-05
5175,540.2863068019997,5.1542,2.2211358862962998e-05
5176,540.383485037999,5.5366,2.2205322795678985e-05
5177,540.4805047030004,6.2519,2.2199320852777766e-05
5178,540.5795484760001,7.0402,2.2193332346172903e-05
5179,540.6782866100002,6.4531,2.218722440864204e-05
5180,540.775581816999,4.9311,2.218113836499997e-05
5181,540.8721431590002,6.0302,2.2175128654691413e-05
5182,540.969893436999,5.1391,2.216915530228399e-05
5183,541.0684568060005,5.3752,2.2163124136975318e-05
5184,541.1667039959993,6.0676,2.215704558783952e-05
5185,541.2672015179996,5.4697,2.2150976880740792e-05
5186,541.373846384,6.525,2.214478457691358e-05
5187,541.4724388679988,6.9225,2.2138198346790124e-05
5188,541.5737563170005,5.6121,2.2132113151234575e-05
5189,541.672019149999,5.8118,2.212584347104939e-05
5190,541.7686885799994,5.5146,2.211978761790126e-05
5191,541.8669156630003,6.2423,2.2113822601419808e-05
5192,541.9659655800006,5.0279,2.2107766345740776e-05
5193,542.0661345999997,6.362,2.210165581950616e-05
5194,542.1649939309991,6.1934,2.2095472476851874e-05
5195,542.2625920319988,6.3343,2.2089361408827224e-05
5196,542.3604710700001,6.5455,2.2083323978827197e-05
5197,542.456596385,4.59,2.2077290453888865e-05
5198,542.5547672600005,5.8619,2.2071347488703687e-05
5199,542.6533766760003,5.9193,2.2065296889506143e-05
5200,542.7484412489994,6.3548,2.205921486000001e-05
5201,542.8472801529988,6.0319,2.205333357814815e-05
5202,542.9463705519993,5.819,2.2047248739012342e-05
5203,543.0473553009997,6.0275,2.2041128904320995e-05
5204,543.1459540349988,5.7955,2.2034903468271678e-05
5205,543.2419976269994,5.4491,2.20288013278395e-05
5206,543.3412672390004,5.7611,2.2022859142962936e-05
5207,543.4411566130002,6.6728,2.2016736014506206e-05
5208,543.5371925239997,6.0738,2.2010588010740818e-05
5209,543.6425540559994,6.8924,2.2004645245987725e-05
5210,543.7413868599997,6.0953,2.199815644481487e-05
5211,543.841472954,6.5598,2.1992042936296265e-05
5212,543.9411431970002,6.0153,2.198587195228401e-05
5213,544.0405699479998,6.0711,2.1979708354321005e-05
5214,544.136183392,5.5317,2.1973584001790176e-05
5215,544.2345017799998,6.3859,2.19676729335185e-05
5216,544.333779048,6.3052,2.1961619835123493e-05
5217,544.4307702850001,6.3457,2.1955485585987712e-05
5218,544.5281891849991,6.1302,2.1949493794938332e-05
5219,544.6264962530004,6.7943,2.1943481298765416e-05
5220,544.7228643999988,5.3617,2.193741498302469e-05
5221,544.8200271829992,5.7163,2.193146721462968e-05
5222,544.9218823179999,5.8743,2.1925434021728443e-05
5223,545.0205945119997,6.537,2.1919189090185233e-05
5224,545.1198090990001,5.5942,2.191306802679012e-05
5225,545.21959092,6.7004,2.190692242765439e-05
5226,545.3174615459993,5.8372,2.1900803101913575e-05
5227,545.4151048200001,6.5526,2.1894763725246924e-05
5228,545.5112124459993,6.607,2.188873667425929e-05
5229,545.6068125389993,4.901,2.188279870913577e-05
5230,545.705896477999,6.0217,2.187688901308646e-05
5231,545.8036657939992,6.5608,2.187077665475314e-05
5232,545.903660861999,5.5137,2.186474422475312e-05
5233,546.0008424839998,5.4645,2.185850778932103e-05
5234,546.0990953279997,6.2534,2.1852583041543227e-05
5235,546.1968935740006,6.2122,2.1846445378024765e-05
5236,546.2884201140005,6.3154,2.1840459562345695e-05
5237,546.3852537399998,5.2614,2.1834841218086483e-05
5238,546.4836974150003,6.176,2.182884430061733e-05
5239,546.5825744100002,5.3377,2.1822785057592575e-05
5240,546.6810146709995,5.9122,2.1816664012222298e-05
5241,546.7795266140001,6.7437,2.181058675882721e-05
5242,546.8774205179998,5.6336,2.1804450769814816e-05
5243,546.9759987329999,6.3789,2.1798455838209935e-05
5244,547.0719878669988,5.786,2.179239302259265e-05
5245,547.1686245229994,4.7659,2.1786447167407436e-05
5246,547.2677200340004,5.6332,2.1780455400308648e-05
5247,547.3684503719996,5.065,2.1774371596296274e-05
5248,547.4667573679999,5.7618,2.1768160169814883e-05
5249,547.5664112539998,6.6149,2.1762090301358008e-05
5250,547.6657116200004,6.3436,2.1755942400308704e-05
5251,547.7576847109995,6.1313,2.1749797327654307e-05
5252,547.8586590769992,6.1244,2.1744145696975356e-05
5253,547.9587758799989,5.8118,2.1737836875432145e-05
5254,548.0596111129998,6.2452,2.1731720614074064e-05
5255,548.1580953430002,6.0062,2.1725497568642016e-05
5256,548.2565290549992,4.4752,2.1719408959999986e-05
5257,548.3565714180004,5.477,2.171333086759267e-05
5258,548.4540735619994,6.8424,2.170716326981479e-05
5259,548.552387107,5.7057,2.1701138104753126e-05
5260,548.6508031609992,6.4879,2.1695075022469185e-05
5261,548.7499527269993,5.0966,2.168901034561736e-05
5262,548.841285638,6.2299,2.1682889469012357e-05
5263,548.9392066059991,6.0817,2.1677257642654304e-05
5264,549.0380855129988,6.466,2.1671203187654303e-05
5265,549.1352076200001,5.447,2.1665096148703755e-05
5266,549.2329872480004,5.9248,2.1659106868456762e-05
5267,549.3322092589988,5.8966,2.1653067495185213e-05
5268,549.4291705779997,3.986,2.164694222055555e-05
5269,549.528952237999,6.1669,2.164094350537041e-05
5270,549.6283931549988,5.3161,2.1634795554814842e-05
5271,549.727901704,6.1227,2.1628590659135772e-05
5272,549.8260695139998,6.0582,2.1622525722962983e-05
5273,549.9234667149994,5.6457,2.1616449072098817e-05
5274,550.0208105929996,4.0999,2.1610416160925905e-05
5275,550.1194213609997,5.454,2.160441750506172e-05
5276,550.2176148449998,4.4391,2.1598337778024737e-05
5277,550.3167284829997,5.8493,2.1592284097160465e-05
5278,550.4147965039992,5.417,2.158616387283956e-05
5279,550.5143373339997,5.6329,2.1580112976790127e-05
5280,550.6126614730001,5.4479,2.157397642654326e-05
5281,550.7127540229994,6.2402,2.1567900520617346e-05
5282,550.8103962309997,5.8508,2.1561723685617274e-05
5283,550.9069366820004,5.6153,2.155569083339512e-05
5284,551.002501252,5.9332,2.154972836432097e-05
5285,551.104297980999,6.6768,2.154383304740748e-05
5286,551.203792712,6.0316,2.1537560156358033e-05
5287,551.3015207770004,5.762,2.1531410453271632e-05
5288,551.4003185700003,6.2697,2.1525373316604986e-05
5289,551.4973686279991,5.4567,2.1519278006419736e-05
5290,551.5945438670005,6.6154,2.151327021746915e-05
5291,551.6948886270002,4.5197,2.1507285511543274e-05
5292,551.7933773209988,5.7364,2.1501090636234544e-05
5293,551.8921524460002,5.9155,2.1495014792962936e-05
5294,551.9905065410003,5.6939,2.1488911929567912e-05
5295,552.0904103199991,5.1226,2.1482848183580214e-05
5296,552.1904857310001,5.3338,2.147667847320985e-05
5297,552.2895268829998,6.3392,2.147050316734569e-05
5298,552.3873424519988,6.4976,2.1464393846172804e-05
5299,552.4914101979994,5.5369,2.1458346905555575e-05
5300,552.5917594929997,5.3687,2.145190920246921e-05
5301,552.6893895489993,5.9549,2.1445719909135826e-05
5302,552.7867645759998,6.0222,2.143969551771607e-05
5303,552.8863430339989,6.1703,2.1433696022962935e-05
5304,552.9834078879994,4.2924,2.1427553943827145e-05
5305,553.0824138919997,5.6388,2.1421553451296345e-05
5306,553.1787752620003,6.5649,2.1415416996790184e-05
5307,553.2758969320003,5.9093,2.140950431413577e-05
5308,553.3745132290005,6.2968,2.1403500408271577e-05
5309,553.4709729549995,5.1951,2.1397417940370363e-05
5310,553.5683447600004,6.3265,2.1391459564135776e-05
5311,553.668483559999,5.7244,2.1385453176481512e-05
5312,553.7669142840004,5.986,2.1379261572592667e-05
5313,553.8678632310002,4.6466,2.1373201854876577e-05
5314,553.9642384439994,4.179,2.1366935988333377e-05
5315,554.0595519460003,5.5446,2.136099692660492e-05
5316,554.1593653969994,5.9637,2.135511635487653e-05
5317,554.2572175829991,5.9128,2.134896850802469e-05
5318,554.3555193939992,5.0524,2.1342923846419738e-05
5319,554.4548685360005,6.4708,2.1336807284691373e-05
5320,554.5546744639996,5.2245,2.1330727574074143e-05
5321,554.6552436509992,5.3491,2.132449271697534e-05
5322,554.7532572149994,6.0319,2.1318359372530894e-05
5323,554.851347980999,4.8473,2.1312308646049452e-05
5324,554.9484012419998,5.8409,2.1306254708950653e-05
5325,555.045606017,5.8514,2.13002629526543e-05
5326,555.140620451999,5.5772,2.1294250906172846e-05
5327,555.2414838780005,6.2702,2.1288383491419826e-05
5328,555.3416582930004,6.1489,2.1282177583333367e-05
5329,555.4401354339989,6.1909,2.127598984123459e-05
5330,555.5385193290003,6.1465,2.1269902774691353e-05
5331,555.6347858730005,6.393,2.1263837689197498e-05
5332,555.731482793999,6.8559,2.125788996166665e-05
5333,555.8290766320006,4.9791,2.125192993327161e-05
5334,555.9286737090006,5.7179,2.1245896256358057e-05
5335,556.0258034159997,6.2933,2.123974816098769e-05
5336,556.1199190139996,4.24,2.1233750741913566e-05
5337,556.2169069129995,4.7357,2.1227930785185152e-05
5338,556.3162231739989,5.4901,2.1221960671543267e-05
5339,556.4148437250005,6.6544,2.1215824694629623e-05
5340,556.5138863110005,5.6623,2.1209732999444514e-05
5341,556.6136737420002,6.7512,2.1203559838271604e-05
5342,556.710115201,6.0513,2.119745165364203e-05
5343,556.8099307390003,6.0123,2.1191508080061717e-05
5344,556.9075445090002,6.2575,2.1185289076975324e-05
5345,557.0059037999999,6.0578,2.1179313957592612e-05
5346,557.0980112960005,7.0719,2.117325040728393e-05
5347,557.1976427789996,5.5121,2.116757332018523e-05
5348,557.296298493,5.8926,2.116142245265435e-05
5349,557.3984520220001,4.9454,2.1155330419135873e-05
5350,557.4965149529999,4.9151,2.1149020370555523e-05
5351,557.59288629,6.2396,2.1142961772592586e-05
5352,557.6916433459992,5.7806,2.1137005146666738e-05
5353,557.7883757710006,4.509,2.1130931927098817e-05
5354,557.8875846129995,5.1734,2.1124942763765458e-05
5355,557.982515841999,4.1931,2.111884114345679e-05
5356,558.0819803880004,6.7313,2.1112960297098734e-05
5357,558.1789881149998,5.5614,2.1106814377345684e-05
5358,558.2777799029991,5.3242,2.110083788882717e-05
5359,558.3766633119994,6.4229,2.1094752729444468e-05
5360,558.4742984789991,5.9551,2.1088620900246936e-05
5361,558.5726303859992,5.3777,2.1082598464629628e-05
5362,558.6695098849996,5.6018,2.1076533904876594e-05
5363,558.767545707,6.352,2.107055442666664e-05
5364,558.8650835429999,5.6815,2.1064512922901286e-05
5365,558.9639744939996,4.9523,2.1058485875246897e-05
5366,559.0607855119997,5.9365,2.105239432086426e-05
5367,559.1581567960002,5.6736,2.104640373154325e-05
5368,559.2556801859992,6.0885,2.1040396920864254e-05
5369,559.353569425999,6.172,2.103438295055561e-05
5370,559.4501954749994,5.1202,2.1028342357098785e-05
5371,559.5471687469999,5.6031,2.102238002049388e-05
5372,559.6437251440002,4.5722,2.101636903179014e-05
5373,559.7432008639989,5.3265,2.101042838487653e-05
5374,559.8435059989988,5.2446,2.1004291709691366e-05
5375,559.9419275939999,6.1399,2.0998092598024695e-05
5376,560.0413441540004,5.8961,2.0992015457962975e-05
5377,560.1432793120002,6.3123,2.0985820592037093e-05
5378,560.2426307019996,5.8719,2.097959548401231e-05
5379,560.3418039099997,5.9234,2.097344604345684e-05
5380,560.4418604789989,6.5399,2.0967343836666686e-05
5381,560.5415014110004,4.5761,2.0961164931851825e-05
5382,560.6405243659992,6.1559,2.095500323037043e-05
5383,560.737991897,6.7771,2.0948895130185198e-05
5384,560.8334674079997,5.1803,2.0942872888395127e-05
5385,560.9287443209996,6.7622,2.093698040246917e-05
5386,561.0275954509998,5.9179,2.09310992861111e-05
5387,561.1258809150004,6.4169,2.0925021355370394e-05
5388,561.2243289790003,5.1193,2.0918934449691398e-05
5389,561.3219702389997,6.0656,2.091287112092597e-05
5390,561.4184574049996,5.3669,2.0906822829444462e-05
5391,561.516115679,6.0674,2.0900876259012402e-05
5392,561.6145460009993,5.4006,2.0894844728827147e-05
5393,561.7139233340004,6.2713,2.088877764419758e-05
5394,561.8126359929993,5.7407,2.088256966734572e-05
5395,561.9102331819995,5.6476,2.0876533937160525e-05
5396,562.0075510930001,5.3785,2.0870515552345703e-05
5397,562.1081687309998,6.2531,2.0864517276666697e-05
5398,562.2071404130002,6.6257,2.085830190185188e-05
5399,562.3057738869993,5.7272,2.0852195844444523e-05
5400,562.404300197999,5.1548,2.084611077197538e-05
5401,562.5014642919996,5.0281,2.084002101814815e-05
5402,562.5993726300003,5.3776,2.0834017804012392e-05
5403,562.6982114869988,6.2556,2.0827970362407416e-05
5404,562.7941245929997,5.3464,2.082187595080249e-05
5405,562.8923059480003,6.8139,2.081595157080245e-05
5406,562.9898468259998,6.2295,2.0809913519321e-05
5407,563.0864556249999,5.8842,2.0803876803765437e-05
5408,563.1891555729999,6.1033,2.0797907615308614e-05
5409,563.2892011849999,5.5981,2.0791516398086386e-05
5410,563.3885618379991,6.368,2.0785400235740727e-05
5411,563.4864084189994,6.01,2.07792705663581e-05
5412,563.5850368470001,6.839,2.0773218773703752e-05
5413,563.6831597050004,6.2329,2.0767137548580222e-05
5414,563.7830359179989,5.7274,2.0761078152777767e-05
5415,563.8833589629994,6.1978,2.0754923334197547e-05
5416,563.9815681529999,5.3935,2.074873453524695e-05
5417,564.0796278950002,5.6763,2.074265124067905e-05
5418,564.1766605270004,5.3744,2.0736609650740758e-05
5419,564.2764439359999,5.7768,2.0730608833641952e-05
5420,564.375234314999,5.5806,2.0724457149259298e-05
5421,564.4703353980003,5.3111,2.0718301285123522e-05
5422,564.5683394879998,5.7157,2.0712419280679018e-05
5423,564.6674823180001,6.2212,2.0706444182407474e-05
5424,564.7643839369994,6.0011,2.070032509382718e-05
5425,564.862538506999,5.4733,2.0694326482592563e-05
5426,564.9608673309995,6.079,2.0688217928642013e-05
5427,565.0594588089989,6.598,2.068219533932099e-05
5428,565.1571565969989,6.125,2.0676123811358088e-05
5429,565.2549361469992,5.8855,2.0670100977777786e-05
5430,565.3511230559998,5.6837,2.066405855462961e-05
5431,565.4512302839994,5.9104,2.0658107154135846e-05
5432,565.5484727929997,4.8781,2.0651929138271665e-05
5433,565.64452987,6.0459,2.0645929337098758e-05
5434,565.7422030679991,5.9802,2.063999050740744e-05
5435,565.8413279889992,6.929,2.0633962499135877e-05
5436,565.9383686210003,5.1401,2.0627857612654328e-05
5437,566.0358126449992,6.1315,2.0621855908024666e-05
5438,566.133978206999,5.6878,2.0615849345308618e-05
5439,566.2320580550004,5.8788,2.0609795234629614e-05
5440,566.3307766090002,6.8464,2.0603741861358022e-05
5441,566.4280603869993,4.7274,2.0597659384999967e-05
5442,566.526001233,6.297,2.05916210358025e-05
5443,566.6272189110005,6.1649,2.0585588861666694e-05
5444,566.7254983809999,6.4754,2.0579327095246987e-05
5445,566.825261901,6.6732,2.0573277054753154e-05
5446,566.9215026940001,4.2131,2.0567125074012326e-05
5447,567.0206796759994,6.8429,2.0561176582283943e-05
5448,567.1196314999997,6.9709,2.0555022485432125e-05
5449,567.2178850849996,5.6151,2.0548965336543175e-05
5450,567.3161303349989,6.2086,2.0542870180246904e-05
5451,567.4151542910004,6.5945,2.053681971314818e-05
5452,567.5149759289998,5.4951,2.05307204398766e-05
5453,567.6142995970004,4.76,2.0524541528888963e-05
5454,567.7121849430005,6.5337,2.051842148666664e-05
5455,567.8101891299993,5.5186,2.0512372403888918e-05
5456,567.9080053069993,6.2429,2.0506325342222214e-05
5457,568.0086714159988,6.6871,2.0500275938580264e-05
5458,568.1053248529988,4.7536,2.049408474802476e-05
5459,568.2048296119992,5.8137,2.0488032143888924e-05
5460,568.3026403490003,6.3875,2.048197512691365e-05
5461,568.4011211599991,5.8919,2.0475919625987672e-05
5462,568.4997601309988,5.2219,2.0469850704814887e-05
5463,568.5995924159997,6.2048,2.0463759418642016e-05
5464,568.6988414019997,5.2679,2.0457603158086462e-05
5465,568.79633225,6.5605,2.045147674944446e-05
5466,568.8917762799992,5.0375,2.0445449886234584e-05
5467,568.9902720760001,5.6419,2.043954977382715e-05
5468,569.090207797999,5.6754,2.0433477394259333e-05
5469,569.1900031139994,5.5521,2.04273118914815e-05
5470,569.2893423240002,5.8757,2.0421165596728404e-05
5471,569.3890604469998,6.4123,2.0415018385740803e-05
5472,569.4899435890002,6.2592,2.0408874681358086e-05
5473,569.5898587629999,5.663,2.0402647612777792e-05
5474,569.6881017739997,6.1753,2.0396453857222213e-05
5475,569.7852637699998,5.0497,2.0390394917469145e-05
5476,569.8799990959997,5.6731,2.038438957080253e-05
5477,569.9760458990004,4.9547,2.0378541567098736e-05
5478,570.0742723700005,6.2234,2.037262469012345e-05
5479,570.1700087699992,4.7088,2.036657339524689e-05
5480,570.2717327459995,6.4062,2.036064245938279e-05
5481,570.3721552240004,6.3381,2.035436947320985e-05
5482,570.4705614639988,5.3186,2.0348179992037065e-05
5483,570.5678397859992,5.3732,2.0342105863765477e-05
5484,570.6634307690001,5.2051,2.0336092286728403e-05
5485,570.7602137109989,5.1892,2.0330189243827196e-05
5486,570.857728822999,6.5373,2.032421588129631e-05
5487,570.9554274379989,5.4262,2.031819791938272e-05
5488,571.0542690229995,5.7218,2.0312175466913597e-05
5489,571.1462401289991,6.0616,2.0306076028086474e-05
5490,571.245938479,6.0816,2.0300409734197534e-05
5491,571.3419189249998,4.0004,2.029423069222222e-05
5492,571.4388273740005,5.8902,2.0288302747592664e-05
5493,571.5382994319989,4.3262,2.0282332591728443e-05
5494,571.6390573789995,5.9354,2.0276188027037056e-05
5495,571.7375332840002,6.6399,2.0269927439691328e-05
5496,571.8335358000004,5.3116,2.026389874425924e-05
5497,571.9328280329992,5.8467,2.0257957549135797e-05
5498,572.0314729559996,5.4342,2.0251846447284005e-05
5499,572.1280465219988,6.3648,2.024575511185189e-05
5500,572.2243957970004,6.0076,2.0239786134321032e-05
5501,572.3201660119994,6.637,2.023384444839506e-05
5502,572.4173926389994,4.7625,2.0227923848642045e-05
5503,572.5153096249996,6.2515,2.0221862448580276e-05
5504,572.6129030379998,6.3099,2.0215888670308692e-05
5505,572.7104188220001,6.0641,2.0209865107901215e-05
5506,572.8100045009996,6.396,2.0203845960308687e-05
5507,572.9076631789994,6.1511,2.0197684470432125e-05
5508,573.0031500289988,6.3992,2.0191675716296343e-05
5509,573.1003856749994,5.9426,2.0185761624321052e-05
5510,573.1979755459997,6.0828,2.0179772762530887e-05
5511,573.2935872439994,5.2843,2.0173746411172844e-05
5512,573.3910731679989,6.1756,2.0167840630678997e-05
5513,573.4901834409993,6.5864,2.0161830840987723e-05
5514,573.5862416290001,6.1642,2.0155695375555588e-05
5515,573.6842586149996,6.6686,2.0149775069876565e-05
5516,573.7846629390006,6.4402,2.0143736946111174e-05
5517,573.8832412890006,6.1888,2.0137522834814794e-05
5518,573.9831146319993,6.3338,2.0131460306172835e-05
5519,574.0814791499997,4.9858,2.0125276792839515e-05
5520,574.1781443580003,6.0401,2.011921031845686e-05
5521,574.2757798000002,5.231,2.0113229186296323e-05
5522,574.3731556969997,6.5843,2.010721423253084e-05
5523,574.4732621679996,5.9284,2.0101207558641982e-05
5524,574.5712591699994,5.8254,2.0095031596728414e-05
5525,574.6687100969993,5.8943,2.0088915373395072e-05
5526,574.7698334809993,5.6893,2.008288984907413e-05
5527,574.8659201179998,6.1521,2.0076729504691327e-05
5528,574.9641333489999,5.4729,2.0070776902901257e-05
5529,575.0607735079993,5.0166,2.0064727927962997e-05
5530,575.1556570760004,5.5521,2.0058763598950618e-05
5531,575.2531206629992,6.36,2.0052892397777813e-05
5532,575.3520884739992,6.4453,2.004688215506172e-05
5533,575.4502793899992,5.744,2.0040774395123508e-05
5534,575.5476597029992,5.5297,2.003471406722226e-05
5535,575.6445988249998,5.5118,2.0028706151605e-05
5536,575.7440832129996,6.5635,2.0022715536049447e-05
5537,575.8441348710003,6.1589,2.0016580570864217e-05
5538,575.9416990499994,4.4037,2.0010407338024696e-05
5539,576.038063078,5.6127,2.000437601882716e-05
5540,576.135481751,4.6654,1.9998419741358042e-05
5541,576.2335327189994,6.6276,1.9992424739876575e-05
5542,576.3300122849996,6.5665,1.9986356135370422e-05
5543,576.4270950150003,4.8677,1.99804100220988e-05
5544,576.5273889069995,5.755,1.9974410216790162e-05
5545,576.627981186999,6.6569,1.9968228546728407e-05
5546,576.7275651159998,6.2883,1.9961993052160506e-05
5547,576.8254962440005,5.828,1.995580711771602e-05
5548,576.9238888569998,5.9097,1.994980686185191e-05
5549,577.0249195849992,6.2064,1.994375778981487e-05
5550,577.1224063209993,4.8175,1.9937511743703764e-05
5551,577.2205370749998,6.0355,1.9931494801790164e-05
5552,577.3125842770005,6.8048,1.9925441911296327e-05
5553,577.411422752999,5.3751,1.991976670783953e-05
5554,577.5035226780001,5.9893,1.99136502874691e-05
5555,577.6019674170002,6.2327,1.9907992081358024e-05
5556,577.7019410020002,6.5324,1.9901884929259263e-05
5557,577.798627614,6.4661,1.9895729497160533e-05
5558,577.8957803609992,5.8019,1.9889750946666723e-05
5559,577.9933580510005,6.551,1.9883763407654297e-05
5560,578.0909271679993,5.8923,1.9877734411728415e-05
5561,578.1876949689995,4.8433,1.98717202227778e-05
5562,578.2887033759998,6.0301,1.986573318061728e-05
5563,578.384705557999,5.5148,1.9859492969938255e-05
5564,578.4804825539995,4.7502,1.9853562068333358e-05
5565,578.5729862989992,6.6971,1.9847650193395128e-05
5566,578.6749995800001,6.4702,1.9841943953395032e-05
5567,578.772041442,6.006,1.9835671966543205e-05
5568,578.8686673560005,6.3271,1.9829660982530885e-05
5569,578.9675627260003,5.9382,1.982369789049384e-05
5570,579.0626387859993,5.9368,1.981760089506174e-05
5571,579.1583046800006,6.1195,1.9811723131049375e-05
5572,579.2550546799994,6.9307,1.98058151020988e-05
5573,579.3524512410004,6.559,1.9799844752469203e-05
5574,579.452256524999,6.3046,1.979383600783955e-05
5575,579.551403866999,5.6674,1.978767668771609e-05
5576,579.6512060450004,5.6192,1.9781555620308645e-05
5577,579.7474092009998,5.5338,1.9775404937345682e-05
5578,579.8446740029995,4.7014,1.976945623246913e-05
5579,579.9415862639999,6.2478,1.9763454786481454e-05
5580,580.0410176219993,5.2102,1.9757467375740795e-05
5581,580.1380879979988,5.9474,1.9751326054876567e-05
5582,580.2355302409997,6.7499,1.9745348133024712e-05
5583,580.3323117559994,6.4935,1.973932828111118e-05
5584,580.4300846149999,5.7751,1.9733347489876526e-05
5585,580.5283109209995,5.861,1.9727299453271586e-05
5586,580.6257961399988,5.4897,1.9721244728395087e-05
5587,580.723245539999,5.2684,1.9715221747592632e-05
5588,580.8222121790004,6.1803,1.9709221886419805e-05
5589,580.9182165090006,5.9185,1.97031088200617e-05
5590,581.0177547860003,6.6167,1.969717385055559e-05
5591,581.1127509239996,4.9856,1.969104214320991e-05
5592,581.2111134419993,6.4299,1.968515980222228e-05
5593,581.310278257999,6.1838,1.9679101185432126e-05
5594,581.4072154969999,5.9055,1.9672993671234553e-05
5595,581.4990525029989,6.1918,1.9666999555246896e-05
5596,581.5964310380004,5.0698,1.966134278500002e-05
5597,581.6932715740004,5.7344,1.965531207790129e-05
5598,581.7895455979997,7.1739,1.9649340686358042e-05
5599,581.8895589389995,6.2959,1.964339542802469e-05
5600,581.9853948069995,5.7394,1.9637230323580275e-05
5601,582.082350015,5.0893,1.9631301142592602e-05
5602,582.1809152839996,6.0089,1.9625315447777853e-05
5603,582.2794565040003,6.1615,1.9619242787654384e-05
5604,582.3764467410001,5.1606,1.9613161926666706e-05
5605,582.4756523699998,6.305,1.9607158398641985e-05
5606,582.5787578729996,6.46,1.960100703679018e-05
5607,582.6788196079997,6.2755,1.9594618025493794e-05
5608,582.7775600619989,5.8062,1.9588500302345748e-05
5609,582.8761793029989,6.0161,1.9582408424197596e-05
5610,582.9752332899989,5.8328,1.9576322264197584e-05
5611,583.0733228499994,6.3232,1.9570211623148134e-05
5612,583.1722416190005,5.5889,1.9564157063518513e-05
5613,583.2733213289994,5.1049,1.955804406962962e-05
5614,583.3731373079991,6.4018,1.9551803929197497e-05
5615,583.4740984839991,6.4438,1.954561677641974e-05
5616,583.5767572229997,5.1966,1.953942608567907e-05
5617,583.6743622609993,5.6394,1.9533084723827167e-05
5618,583.774605315999,6.0072,1.9527047387345653e-05
5619,583.8739873630002,6.1429,1.9520867127037064e-05
5620,583.9733805359992,5.4424,1.9514734971234596e-05
5621,584.0712700370004,6.1746,1.950855906450614e-05
5622,584.1633651169996,6.3949,1.950254820555562e-05
5623,584.2637158439993,6.3063,1.949688291512353e-05
5624,584.3628322889999,6.0877,1.949068104401232e-05
5625,584.4613139459998,6.4733,1.9484564142901297e-05
5626,584.5620846290003,6.8544,1.947848361271604e-05
5627,584.659941947999,6.7909,1.9472271749814857e-05
5628,584.759250776,6.8303,1.946620668543217e-05
5629,584.8572934189997,5.8194,1.9460080717037028e-05
5630,584.9571559079995,5.9087,1.945402582629632e-05
5631,585.0535246489999,6.3393,1.9447874024814873e-05
5632,585.1465412559992,5.9002,1.9441918745308692e-05
5633,585.244509144999,5.9754,1.9436188040555615e-05
5634,585.3420303049988,5.4596,1.9430128387098813e-05
5635,585.4381983459989,5.897,1.9424107828271647e-05
5636,585.5346816519996,5.7049,1.9418170341419727e-05
5637,585.6323238650002,5.651,1.9412226764753083e-05
5638,585.7312128739995,5.9221,1.9406185963148177e-05
5639,585.8279836910006,5.8408,1.9400088559876528e-05
5640,585.9262563339998,5.9716,1.939410686327167e-05
5641,586.0237931579995,6.2363,1.9388030629321e-05
5642,586.1197510319998,5.6988,1.9382014668086456e-05
5643,586.2182675479999,6.2935,1.9376097473950612e-05
5644,586.3179401599991,6.2455,1.937002211006176e-05
5645,586.4197619160004,6.2247,1.9363800098271674e-05
5646,586.516940518999,5.6384,1.935759131234568e-05
5647,586.6171957269999,5.6845,1.9351579366296358e-05
5648,586.7094794980003,5.8686,1.93453943361729e-05
5649,586.8081854419997,5.6098,1.9339712951728466e-05
5650,586.9078876499989,6.671,1.933360991141977e-05
5651,587.0081507590003,6.4085,1.9327455480246903e-05
5652,587.1063318449997,5.9828,1.9321270631790185e-05
5653,587.2025878959994,5.0555,1.931520236074072e-05
5654,587.3017423269994,6.3994,1.9309245131913646e-05
5655,587.4015280169988,6.045,1.9303141190123454e-05
5656,587.4991880449998,5.6454,1.9296981474567864e-05
5657,587.5975175250005,6.3199,1.9290955979814824e-05
5658,587.6963390420005,6.0292,1.928489040543208e-05
5659,587.7941897420005,5.4579,1.9278790462283967e-05
5660,587.8901635000002,5.4644,1.9272715612098836e-05
5661,587.987612339999,6.1782,1.9266818664197595e-05
5662,588.0846815109999,6.0887,1.926081199376549e-05
5663,588.1828196730003,5.8179,1.9254814726790094e-05
5664,588.280387810999,5.5359,1.9248759769320997e-05
5665,588.3777703849992,5.6041,1.9242722984382777e-05
5666,588.473734060999,5.8837,1.9236714272407463e-05
5667,588.5711331319999,5.8574,1.9230795190185207e-05
5668,588.6707972919994,6.9656,1.9224787584259312e-05
5669,588.7682318030002,5.953,1.9218639532407478e-05
5670,588.8642261530003,4.7798,1.921261823481484e-05
5671,588.9658410930006,5.8964,1.9206681466358074e-05
5672,589.0641137179991,5.3436,1.9200421391049444e-05
5673,589.1619355879993,6.4704,1.9194341309629647e-05
5674,589.2626574379992,5.872,1.9188313481049424e-05
5675,589.359962012999,6.3189,1.9182110941666658e-05
5676,589.4594544289994,6.1362,1.9176083072530833e-05
5677,589.5550727310001,5.1985,1.9169963059938274e-05
5678,589.6546711239989,6.4834,1.9164031672284026e-05
5679,589.7554810359998,5.9488,1.9157902298271597e-05
5680,589.8535965869996,5.2793,1.915168330111118e-05
5681,589.953099413,4.4389,1.9145617598765454e-05
5682,590.0517495740005,6.0981,1.9139459402716024e-05
5683,590.1528786210001,6.4225,1.913334135975315e-05
5684,590.2506853220002,5.9859,1.9127157431172843e-05
5685,590.3486566920001,6.5012,1.912109235567905e-05
5686,590.448478635999,6.36,1.91150654908642e-05
5687,590.5508450500001,5.6131,1.9108915455802466e-05
5688,590.6497207329994,6.3567,1.9102582048580314e-05
5689,590.742146610999,6.1638,1.9096462858580238e-05
5690,590.8408255199993,6.1461,1.9090778162345703e-05
5691,590.9395936689998,5.8189,1.9084682467839544e-05
5692,591.0379111769998,4.4511,1.9078591459629696e-05
5693,591.1386978999999,6.2835,1.907251199987659e-05
5694,591.2373540529989,5.9774,1.9066302088765414e-05
5695,591.3351885909997,5.0963,1.9060209896605007e-05
5696,591.4329608529988,5.6751,1.905416796117281e-05
5697,591.5298683959991,6.0884,1.9048122454938318e-05
5698,591.6264250019995,5.411,1.9042118385246954e-05
5699,591.7245177219993,6.5705,1.9036189248024727e-05
5700,591.8210148469989,4.4405,1.90301463465432e-05
5701,591.9188769079992,5.2006,1.9024173566604976e-05
5702,592.0160082950006,5.8833,1.9018139996851907e-05
5703,592.1131900239998,6.9561,1.9012139199753114e-05
5704,592.211172976,6.1954,1.9006142232469137e-05
5705,592.3112624240002,6.2321,1.900006378537034e-05
5706,592.4088218329998,4.9367,1.8993919354567914e-05
5707,592.5072833260001,6.0279,1.8987890339444507e-05
5708,592.6063320569992,5.6509,1.8981812671481525e-05
5709,592.703917973,5.5628,1.8975702278765445e-05
5710,592.8014362499998,5.2535,1.896965692203706e-05
5711,592.899410561,5.3704,1.8963653993395058e-05
5712,592.9961236830004,4.6293,1.8957613416543253e-05
5713,593.0934054979989,5.769,1.89516381603704e-05
5714,593.1926854329995,5.8639,1.8945638468456783e-05
5715,593.2912452500004,6.0606,1.8939506432592635e-05
5716,593.3872928509991,4.098,1.893342078302474e-05
5717,593.483181485999,4.9051,1.892748428783958e-05
5718,593.5801954369999,6.4346,1.89215779185803e-05
5719,593.6761965900005,4.7649,1.8915588341419777e-05
5720,593.7730351930004,6.1106,1.8909649235925984e-05
5721,593.8721163560003,4.8355,1.8903677769321015e-05
5722,593.9699421719997,5.8065,1.889756988086424e-05
5723,594.0700731149991,6.2448,1.8891524603765487e-05
5724,594.1700019199998,6.5331,1.88853553744445e-05
5725,594.2744034280004,5.8646,1.887916727814818e-05
5726,594.3667439170003,6.1582,1.8872734218888878e-05
5727,594.4643193150005,5.4381,1.8867041737963005e-05
5728,594.5615848990001,5.7178,1.8861005440061787e-05
5729,594.658885597999,6.8125,1.885500000506179e-05
5730,594.7511740350001,6.4888,1.8849000941481453e-05
5731,594.8481759610004,5.5848,1.8843312294197578e-05
5732,594.9460411809996,4.2077,1.8837303873024663e-05
5733,595.043129964999,5.4309,1.8831272794567907e-05
5734,595.1365302949998,6.81,1.8825286618642025e-05
5735,595.2339148449992,6.5316,1.881953159722225e-05
5736,595.3311055960003,5.82,1.881349341734575e-05
5737,595.4281664600003,6.2308,1.8807502066419717e-05
5738,595.5262835350004,5.06,1.880151428469134e-05
5739,595.6252648689988,5.8088,1.8795459952345683e-05
5740,595.723660018999,6.1252,1.8789346003765484e-05
5741,595.8226138760001,6.0464,1.87832316125926e-05
5742,595.9176604250006,5.3335,1.877717087802472e-05
5743,596.0139768739991,5.2711,1.8771288612839543e-05
5744,596.1120293479999,6.7966,1.87653455191358e-05
5745,596.2109194160003,5.1451,1.875931051222223e-05
5746,596.308780899999,5.1868,1.8753193466481555e-05
5747,596.4066966499995,5.5,1.874714096314816e-05
5748,596.5046079120002,6.0097,1.874110906024692e-05
5749,596.605365940999,4.9618,1.873505708327168e-05
5750,596.7030143989996,5.264,1.872881607191361e-05
5751,596.8003583779991,5.0847,1.8722814735617284e-05
5752,596.9004792390006,6.0002,1.871680290500002e-05
5753,597.0020147439991,6.3125,1.871063401154319e-05
5754,597.1026006659995,6.8105,1.870436674746919e-05
5755,597.2009411290001,5.4621,1.8698159305246955e-05
5756,597.299534799,5.305,1.869206994648154e-05
5757,597.3967289169996,5.1229,1.8685985373703722e-05
5758,597.496105926999,6.9063,1.8679973845740805e-05
5759,597.5937738499997,4.9466,1.8673859049999974e-05
5760,597.6915689500001,5.8745,1.8667824782963033e-05
5761,597.7881932159999,5.4422,1.866180590277778e-05
5762,597.8852502159989,6.1158,1.865582917376551e-05
5763,597.9833090209995,5.5882,1.8649837144691368e-05
5764,598.0750574169997,6.2284,1.8643744097530934e-05
5765,598.1751294900005,5.966,1.8638139545185225e-05
5766,598.274406515,5.1411,1.8631953527345693e-05
5767,598.3744703199991,6.3299,1.8625816854444476e-05
5768,598.4746571769992,5.7837,1.86196223179013e-05
5769,598.5733005250004,5.8803,1.8613449424382688e-05
5770,598.6695135859991,5.671,1.8607363997037023e-05
5771,598.7694564199992,6.5703,1.8601417231666683e-05
5772,598.8680077230001,5.4673,1.8595273512160526e-05
5773,598.9665510689993,6.0018,1.8589162505432113e-05
5774,599.0658711579999,5.4723,1.8583095966975335e-05
5775,599.1661426800001,6.4345,1.8576948828024765e-05
5776,599.2640655359992,5.9807,1.8570775206111156e-05
5777,599.3641113390004,5.8412,1.8564716483765493e-05
5778,599.4651350709992,6.0688,1.855852262999998e-05
5779,599.5627366129993,6.5807,1.855229026858024e-05
5780,599.6626894990004,6.1147,1.8546284940802488e-05
5781,599.7603353159993,6.3299,1.854012448401231e-05
5782,599.859244321,6.1748,1.8534088829876596e-05
5783,599.9574953279989,5.6051,1.852799295629632e-05
5784,600.0554624649994,5.7836,1.8521919539444515e-05
5785,600.156665913999,5.5952,1.851587278783949e-05
5786,600.2546591230002,5.9823,1.8509633222469192e-05
5787,600.3459328209992,6.3262,1.8503574461666728e-05
5788,600.4433572500002,4.8987,1.8497964340802493e-05
5789,600.5416332570003,6.0915,1.8491926443827235e-05
5790,600.638593325999,5.8921,1.8485858010246914e-05
5791,600.7351752800005,5.6797,1.8479877257654334e-05
5792,600.8329731689992,5.781,1.847391877364204e-05
5793,600.9306581669989,5.9173,1.846788438216051e-05
5794,601.0285998449999,6.6374,1.846185577148154e-05
5795,601.1267381950001,5.0119,1.8455801585617305e-05
5796,601.2254306159994,6.0676,1.844973990475309e-05
5797,601.3229236440002,5.6158,1.844365393635801e-05
5798,601.41961257,6.022,1.8437629126851848e-05
5799,601.5124752800002,6.3094,1.8431670207777822e-05
5800,601.6098705209988,4.0892,1.8425935342098838e-05
5801,601.7013551719992,6.2566,1.8419915561851913e-05
5802,601.7981484619995,5.6465,1.8414296067839482e-05
5803,601.8946136039995,5.213,1.8408293691913576e-05
5804,601.991873248,4.7318,1.8402342947407463e-05
5805,602.0903119199993,6.0626,1.8396345795308662e-05
5806,602.1900257010002,6.2584,1.8390266598703703e-05
5807,602.2904857869999,6.7179,1.8384105294814875e-05
5808,602.3882738169996,5.6373,1.837791672561735e-05
5809,602.4894751920001,6.5741,1.837186449993831e-05
5810,602.5876470660005,4.7576,1.8365627630987714e-05
5811,602.687539909999,6.7776,1.835955875456791e-05
5812,602.787206781999,5.6283,1.8353400117962954e-05
5813,602.8830885209991,5.8943,1.8347245908148186e-05
5814,602.9802006360005,6.2062,1.8341238258209937e-05
5815,603.0774005999992,6.1178,1.8335336174567953e-05
5816,603.1783425689991,5.7008,1.832932792234569e-05
5817,603.2707447409994,5.7373,1.8323046219135826e-05
5818,603.3690141490006,5.712,1.8317407478209897e-05
5819,603.4669242109994,5.8299,1.831133307703702e-05
5820,603.564835195999,5.2852,1.8305292991234534e-05
5821,603.6634896710002,5.7305,1.8299238789567884e-05
5822,603.7600460619997,6.2251,1.8293130069753124e-05
5823,603.8605354539995,6.53,1.8287190312098745e-05
5824,603.9589324209992,5.7235,1.828100110419756e-05
5825,604.0584823690006,4.6283,1.8274873467037057e-05
5826,604.1577125029999,6.7463,1.8268778427469153e-05
5827,604.2551245880004,5.2837,1.8262650549567872e-05
5828,604.3521945619996,6.4917,1.8256627428086458e-05
5829,604.4482289110001,4.9227,1.8250635018703745e-05
5830,604.5459260360003,4.2783,1.8244703824691355e-05
5831,604.6414331670003,4.5369,1.8238675404629672e-05
5832,604.7406568850001,5.9224,1.8232775526975288e-05
5833,604.844896663999,6.9325,1.8226659487654392e-05
5834,604.9448372349998,5.8746,1.8220213965308702e-05
5835,605.0425574439996,6.3484,1.821405299499997e-05
5836,605.1412453239991,5.5483,1.82080246837655e-05
5837,605.2329094859997,6.0855,1.8201936562839554e-05
5838,605.3295119289996,5.1266,1.8196291387777798e-05
5839,605.4279439700003,5.5405,1.819030418320993e-05
5840,605.5237305539995,6.0966,1.8184245299074145e-05
5841,605.6198159590003,5.7943,1.8178317216358027e-05
5842,605.717787775,5.7989,1.8172393821419792e-05
5843,605.8189220719996,5.4474,1.8166347252283994e-05
5844,605.9190491999998,6.455,1.8160123934135804e-05
5845,606.0157802369995,5.8104,1.8153932789814855e-05
5846,606.1098768849988,5.997,1.8147956347962957e-05
5847,606.2080596319993,6.3846,1.8142138371975333e-05
5848,606.3058554950003,6.6728,1.8136090750925933e-05
5849,606.4032948139993,5.9484,1.8130038314629705e-05
5850,606.4988022830003,5.4705,1.8124036837037094e-05
5851,606.5957721199993,5.7176,1.8118129389567913e-05
5852,606.6932957299996,4.281,1.8112137402901264e-05
5853,606.7896950670001,5.8685,1.8106125177654364e-05
5854,606.885540108,4.9852,1.8100178323271666e-05
5855,606.982934742,6.0853,1.8094256632592666e-05
5856,607.0823597220005,6.2374,1.808825181425927e-05
5857,607.1795600120004,5.3788,1.8082118087901268e-05
5858,607.2772787569993,5.4722,1.8076118131913615e-05
5859,607.3748357759996,5.0581,1.807008529432096e-05
5860,607.473398488999,5.7808,1.8064065267469155e-05
5861,607.5719224339991,5.784,1.805798510901235e-05
5862,607.6706588019988,6.2273,1.8051886042901207e-05
5863,607.7674026999994,5.886,1.8045799225246925e-05
5864,607.866355053,5.5775,1.803981990191359e-05
5865,607.9594444880004,6.8982,1.80337168485185e-05
5866,608.0564330180005,5.8466,1.802798380722222e-05
5867,608.1526078229999,6.2014,1.8021989990864225e-05
5868,608.2489701239992,6.3393,1.8016056733086424e-05
5869,608.3468705899995,5.8757,1.801010667722219e-05
5870,608.445427437,6.5069,1.800405607716051e-05
5871,608.543397256999,6.38,1.7997981707345658e-05
5872,608.6437497899988,6.1194,1.799191650067904e-05
5873,608.7418966650002,4.5548,1.7985744597839537e-05
5874,608.8393629290003,5.5481,1.79796776171605e-05
5875,608.9370149879996,5.5159,1.797367228203706e-05
5876,609.028353882999,6.6879,1.7967630640617323e-05
5877,609.1287484169989,6.1074,1.796200635672836e-05
5878,609.2294507040006,6.2607,1.7955798444321053e-05
5879,609.3254466569997,5.8428,1.794958609716054e-05
5880,609.4253374460004,5.2448,1.7943648319444466e-05
5881,609.522294422999,5.1096,1.793749053049385e-05
5882,609.619554895,5.8993,1.793148339049389e-05
5883,609.714476064999,2.6782,1.7925481482407457e-05
5884,609.815987820999,6.6649,1.7919625101790133e-05
5885,609.9160849769996,5.2294,1.7913366073333372e-05
5886,610.01373857,5.6759,1.7907185663888875e-05
5887,610.1112004219995,5.7742,1.790116018580249e-05
5888,610.2086055769996,5.8452,1.7895149980308647e-05
5889,610.3063382149994,6.4035,1.788912112901241e-05
5890,610.4052075500003,5.6774,1.7883104973580313e-05
5891,610.5041360119994,5.6002,1.787700005462969e-05
5892,610.6011968089988,5.8068,1.7870897591851926e-05
5893,610.7018455389989,6.4564,1.7864885217407467e-05
5894,610.7992944830003,4.8176,1.7858694886790095e-05
5895,610.8945787119992,3.7086,1.7852674118395035e-05
5896,610.992756878999,5.8138,1.784678582728399e-05
5897,611.0910621980001,5.2177,1.784072592370368e-05
5898,611.1893584369991,5.9475,1.7834662233950598e-05
5899,611.2865001379996,4.897,1.782860640345686e-05
5900,611.3850113650005,6.0314,1.7822588558888857e-05
5901,611.4815917359992,4.8247,1.7816519660925934e-05
5902,611.5782959939988,5.6384,1.7810548414074085e-05
5903,611.6772933849988,6.3166,1.780457873358029e-05
5904,611.7754723090002,4.1426,1.7798475743827147e-05
5905,611.8709606129996,6.245,1.7792415943703768e-05
5906,611.9678520380003,5.4666,1.7786510510740763e-05
5907,612.0666563199993,6.18,1.778054137376549e-05
5908,612.161815907999,4.5866,1.7774390826234595e-05
5909,612.2587859510004,6.3511,1.7768551627901215e-05
5910,612.3592944049997,6.7639,1.776258099814815e-05
5911,612.4571047150002,5.617,1.7756389611851866e-05
5912,612.5546347580002,5.2607,1.7750339892222262e-05
5913,612.6514801609992,5.6674,1.7744327488827135e-05
5914,612.7500714879989,6.1099,1.7738342515000044e-05
5915,612.8483970029993,5.7835,1.77322541383334e-05
5916,612.9474471889989,6.2134,1.7726192216728404e-05
5917,613.0439286740002,5.472,1.7720081449382703e-05
5918,613.1426128189996,6.6446,1.7714111838641985e-05
5919,613.2414444570004,6.6648,1.7708030242839514e-05
5920,613.338528364,5.9966,1.7701928085246965e-05
5921,613.437377025999,5.5182,1.7695928520617357e-05
5922,613.5303789600002,6.3538,1.7689839880370383e-05
5923,613.629754661999,5.6752,1.7684100071049407e-05
5924,613.7279811049993,5.6692,1.767792818537039e-05
5925,613.8233698189997,5.5684,1.767189201e-05
5926,613.9207797340005,5.0779,1.766601174981487e-05
5927,614.0190634440005,5.9062,1.765999353117282e-05
5928,614.1156871589992,4.9373,1.7653919734691414e-05
5929,614.2132210189993,6.0624,1.7647959374012374e-05
5930,614.3129156979994,6.3072,1.7641937576666657e-05
5931,614.4113295919997,5.8987,1.763578966172847e-05
5932,614.5097994499993,6.3512,1.7629716143024717e-05
5933,614.607241189,4.7752,1.762359809870377e-05
5934,614.7032049560003,5.3192,1.761761569617282e-05
5935,614.8004188060004,6.7249,1.7611689196913594e-05
5936,614.8995504459999,5.1992,1.7605684596419787e-05
5937,614.9962792839997,5.7297,1.7599586225432074e-05
5938,615.0884630609999,6.2113,1.759360680895065e-05
5939,615.1877083290001,5.3059,1.758791724240747e-05
5940,615.2849696119993,4.8319,1.7581789868642023e-05
5941,615.3828547899993,6.2252,1.7575778061049458e-05
5942,615.4803132359993,4.7701,1.7569747798580234e-05
5943,615.5773471039993,5.5312,1.756372618043214e-05
5944,615.6764038620004,5.7956,1.7557729595308632e-05
5945,615.7750856330003,5.6221,1.755161443518526e-05
5946,615.8715325989997,5.23,1.7545529269567916e-05
5947,615.9679912909996,4.8482,1.7539581982037018e-05
5948,616.0691882499996,6.1786,1.7533624079444484e-05
5949,616.1666494549991,5.9259,1.752736110561733e-05
5950,616.2627212480002,3.0399,1.7521360711604907e-05
5951,616.3545122289997,6.0021,1.7515418204135846e-05
5952,616.4532794009992,6.2577,1.750977661129627e-05
5953,616.5489902159989,5.4651,1.7503664733827175e-05
5954,616.6462416319991,6.113,1.7497716441419722e-05
5955,616.7453286380005,5.8448,1.7491738535308632e-05
5956,616.8441319489993,5.5639,1.748563936555563e-05
5957,616.9435624369999,5.8333,1.7479531013580268e-05
5958,617.0401764359995,6.5598,1.74734124707408e-05
5959,617.1357431659999,6.3649,1.7467430888148184e-05
5960,617.2337137569994,6.1653,1.7461531197345667e-05
5961,617.3317919870005,5.3385,1.7455486138888878e-05
5962,617.4287591439988,5.4887,1.7449430894382683e-05
5963,617.5263480899994,5.0755,1.7443443166358058e-05
5964,617.6240322729991,5.9992,1.7437428746172912e-05
5965,617.7160127999996,5.7033,1.7431393140061768e-05
5966,617.8127897169998,5.1798,1.742573254450623e-05
5967,617.910645082,6.0567,1.7419743254506194e-05
5968,618.0093883579993,5.2671,1.7413716307407446e-05
5969,618.1060879140005,6.6006,1.7407612554012347e-05
5970,618.2038371649996,4.8101,1.7401638520123465e-05
5971,618.302857957,6.7274,1.7395601558271575e-05
5972,618.4012493279988,6.4945,1.7389490991111157e-05
5973,618.49910447,6.054,1.7383414005000058e-05
5974,618.596525465,6.3162,1.7377377019382734e-05
5975,618.6957872139992,6.4449,1.7371361700061805e-05
5976,618.7880459850003,5.6923,1.736524495864199e-05
5977,618.8854905989992,5.8605,1.7359542946913636e-05
5978,618.983308764,5.4537,1.7353527150123488e-05
5979,619.080902353,6.677,1.7347494566481513e-05
5980,619.1803751879997,5.7221,1.7341465596543266e-05
5981,619.280781264999,5.7283,1.733533086277784e-05
5982,619.3811691150004,6.144,1.732913589895069e-05
5983,619.4806464949997,6.1806,1.7322900335432084e-05
5984,619.5782365140003,6.4989,1.7316797386666724e-05
5985,619.6740999049998,5.1773,1.7310754217098835e-05
5986,619.7706126409994,3.8418,1.7304848266851844e-05
5987,619.8673667049989,6.0575,1.7298896194012328e-05
5988,619.9661519000001,6.7504,1.729292093222228e-05
5989,620.0656724809996,5.3171,1.728681243660492e-05
5990,620.1655480869995,5.8457,1.728067176327161e-05
5991,620.2648905690003,6.4429,1.7274519029753134e-05
5992,620.3662476440004,5.9333,1.726838325407406e-05
5993,620.462931221,6.4964,1.726209866395061e-05
5994,620.5591306690003,6.5747,1.7256147764691388e-05
5995,620.6570175809993,5.9864,1.7250218827098758e-05
5996,620.7535469979994,4.9907,1.7244178501543258e-05
5997,620.8525231669992,5.9177,1.7238214001790094e-05
5998,620.949078194999,5.446,1.7232101370987658e-05
5999,621.048011986999,5.7213,1.722613434358029e-05
6000,621.1466796669993,5.8152,1.7220045553703707e-05
6001,621.2447321029995,5.963,1.7213960592530892e-05
6002,621.3456466440002,6.0762,1.7207899410555618e-05
6003,621.4440167089997,5.5238,1.7201677798765458e-05
6004,621.5421430040005,5.3521,1.71955915982716e-05
6005,621.6407477779994,6.3531,1.7189470502962984e-05
6006,621.7383739809993,5.0125,1.718341875271602e-05
6007,621.8371176189994,5.9607,1.7177422149938323e-05
6008,621.9363239880004,5.7043,1.7171323382901256e-05
6009,622.0338243909991,3.6623,1.716520097827161e-05
6010,622.1332430069997,6.0006,1.7159193428518577e-05
6011,622.2316921239999,5.2545,1.7152993475679013e-05
6012,622.3300868869992,5.6773,1.714697080808643e-05
6013,622.4259958799994,5.6062,1.7140896015370354e-05
6014,622.5245203699997,4.9071,1.7134955539753112e-05
6015,622.6222952400003,6.8345,1.712889463506178e-05
6016,622.7202940099996,5.02,1.7122860182284013e-05
6017,622.8180159370004,5.47,1.7116799978086396e-05
6018,622.9160447880004,5.911,1.71107714940741e-05
6019,623.0155605700002,5.8278,1.7104727531913577e-05
6020,623.1136603989999,5.9231,1.7098587744814814e-05
6021,623.2101165469994,6.152,1.7092528945987723e-05
6022,623.3087290570002,5.9256,1.7086566680617255e-05
6023,623.4062942,4.0188,1.7080492968086476e-05
6024,623.5050614789998,6.3253,1.707446459456791e-05
6025,623.6010165930002,6.4563,1.7068356044074106e-05
6026,623.6916605940005,5.9178,1.7062433452530837e-05
6027,623.7897151050001,3.9344,1.7056877782963033e-05
6028,623.8869647890006,5.5104,1.705079513623461e-05
6029,623.9861534279989,5.731,1.7044792071543203e-05
6030,624.0857613979988,5.745,1.7038668307037076e-05
6031,624.1856611089988,6.7115,1.7032519176481526e-05
6032,624.284298995999,6.028,1.70263631019136e-05
6033,624.3820305850004,5.7491,1.7020264811913584e-05
6034,624.4825332050004,5.9001,1.7014235864259303e-05
6035,624.5834648069995,5.975,1.7008024882592576e-05
6036,624.6804126339994,5.5596,1.700180729055555e-05
6037,624.7775950809992,6.0187,1.6995811419876618e-05
6038,624.8761152429997,5.8249,1.6989786768086498e-05
6039,624.9745625159994,5.3396,1.6983736415061763e-05
6040,625.0726171240003,5.7627,1.6977665545802528e-05
6041,625.1710836969996,6.4286,1.6971614208086417e-05
6042,625.270043949,4.9322,1.6965541240802445e-05
6043,625.3695474899996,5.4382,1.695942491993826e-05
6044,625.4665032659996,6.479,1.695328587944448e-05
6045,625.564798759,5.7198,1.6947282264567953e-05
6046,625.6613824519991,5.9702,1.6941215000123532e-05
6047,625.7592856699994,4.8881,1.693525324061727e-05
6048,625.856216184,6.2594,1.6929215975432173e-05
6049,625.9550041290004,5.6005,1.6923238387530938e-05
6050,626.0544563999993,6.0381,1.69171287262963e-05
6051,626.154712829999,6.1696,1.6910998756728436e-05
6052,626.2560749349996,5.6334,1.6904752198703745e-05
6053,626.352941707999,6.2632,1.6898541242963005e-05
6054,626.452284723,6.3385,1.689257070148145e-05
6055,626.5441199559991,6.1577,1.6886382439938253e-05
6056,626.6425835949995,5.9395,1.6880791243950593e-05
6057,626.7378350910003,6.5936,1.6874688435432123e-05
6058,626.8358537019994,5.9025,1.6868805775493795e-05
6059,626.933172903,6.4283,1.6862762451604974e-05
6060,627.0314624389994,5.6552,1.685675881117288e-05
6061,627.1319990359989,6.8637,1.6850655295432117e-05
6062,627.229265394999,6.0051,1.6844499224074145e-05
6063,627.3277747749999,5.72,1.6838478801358032e-05
6064,627.4258011540005,5.8479,1.683240554425931e-05
6065,627.5232815990003,5.5084,1.682635044067899e-05
6066,627.6193720009996,5.4413,1.682033072481486e-05
6067,627.7170926119998,5.21,1.6814394456358085e-05
6068,627.8165305839993,5.6225,1.6808359958148133e-05
6069,627.9150860419995,6.1856,1.6802166702839568e-05
6070,628.0137970220003,6.5383,1.6796149074074113e-05
6071,628.1098191330002,6.6677,1.679005219709875e-05
6072,628.2050653469996,6.3797,1.678412695790131e-05
6073,628.3020912749998,5.7731,1.6778245236111147e-05
6074,628.3996182589999,6.2701,1.6772255626049372e-05
6075,628.4956919849992,6.1245,1.6766224336543247e-05
6076,628.5957192549995,6.0937,1.676030057617285e-05
6077,628.6948684759991,5.6692,1.6754130349320997e-05
6078,628.7930499909999,5.5475,1.674800335308646e-05
6079,628.8934237939993,5.9011,1.6741941057654333e-05
6080,628.9909306869995,5.8623,1.6735755205617255e-05
6081,629.0881247929992,6.1294,1.672973268154327e-05
6082,629.1873892179992,6.2086,1.6723733767037093e-05
6083,629.2843984070005,5.2602,1.6717609023024712e-05
6084,629.3812568590001,5.551,1.6711583660185226e-05
6085,629.4733189239996,5.5296,1.6705641173888875e-05
6086,629.5712424869998,5.4293,1.6699976998888926e-05
6087,629.6714689969995,5.6982,1.669391245098762e-05
6088,629.7686692959996,5.7106,1.668773119864196e-05
6089,629.8660535149993,6.0364,1.6681725846666705e-05
6090,629.9649178380005,6.2676,1.6675720002839524e-05
6091,630.0681444729998,5.8358,1.6669620894753068e-05
6092,630.167255942999,4.3726,1.6663248407160465e-05
6093,630.265221276999,6.6696,1.665713206074071e-05
6094,630.3645764840003,4.6558,1.6651078853148177e-05
6095,630.4568211000005,5.86,1.6644946026666687e-05
6096,630.5536088190001,5.94,1.6639267119691327e-05
6097,630.6509965699988,6.5664,1.6633270594074147e-05
6098,630.7481199880003,5.6738,1.6627271362222242e-05
6099,630.8483342149993,6.2604,1.6621251332654303e-05
6100,630.9458380519991,5.8221,1.6615080506975306e-05
6101,631.0440816890004,5.2595,1.660905948839509e-05
6102,631.1421401610005,4.8055,1.66029935421605e-05
6103,631.2410131880006,6.0435,1.6596944477901217e-05
6104,631.3403028829998,6.4745,1.659085304598766e-05
6105,631.4361139859993,4.1388,1.658471634364195e-05
6106,631.5345556520006,6.0657,1.6578788072407455e-05
6107,631.6335658259995,5.8949,1.657272123327161e-05
6108,631.7304775939992,6.5429,1.6566608604135797e-05
6109,631.8308357739988,5.9079,1.656059844530869e-05
6110,631.9292640069998,5.641,1.655443875728395e-05
6111,632.0290597059993,5.8313,1.6548362068888873e-05
6112,632.1282441849999,5.8794,1.6542206713888904e-05
6113,632.2263425959991,5.1336,1.6536081546851895e-05
6114,632.3256457570005,6.2507,1.653000796037035e-05
6115,632.4230063699997,5.8714,1.6523892128888868e-05
6116,632.5188704949996,5.0401,1.651787830561733e-05
6117,632.6159447150003,6.8337,1.6511957110925984e-05
6118,632.7133922510002,6.072,1.650598003802467e-05
6119,632.811869145,6.2965,1.6499953276296326e-05
6120,632.9089307949998,4.8447,1.6493867076111136e-05
6121,633.0047390500004,5.1536,1.6487882953765454e-05
6122,633.1028312599992,6.039,1.648196380302467e-05
6123,633.2015462219988,6.7839,1.6475912684691363e-05
6124,633.3015974720001,6.6595,1.6469823412098777e-05
6125,633.3987041759992,4.5049,1.6463632962037016e-05
6126,633.4963616349996,6.1907,1.6457635110617298e-05
6127,633.5925373009995,5.7434,1.645161205283947e-05
6128,633.6903793290003,5.4523,1.6445676264135873e-05
6129,633.7872880710001,5.5981,1.6439646099876575e-05
6130,633.8878715520004,6.1047,1.6433665760246913e-05
6131,633.9893420190001,6.3333,1.6427413222592558e-05
6132,634.0883351369994,5.7517,1.6421138862469105e-05
6133,634.1876749089988,5.9748,1.6415078671975325e-05
6134,634.2853147799997,6.2626,1.640894778456787e-05
6135,634.3870565389989,6.6189,1.6402916144259305e-05
6136,634.4871647629989,5.7469,1.6396643323642025e-05
6137,634.588046285,5.3051,1.639046816185182e-05
6138,634.6851214719991,6.485,1.6384231450555615e-05
6139,634.7828469389988,6.1609,1.6378240613024742e-05
6140,634.8823498519996,5.6249,1.6372210664012417e-05
6141,634.9807973440002,6.0688,1.636607522777776e-05
6142,635.0789535330005,6.436,1.6359976471728407e-05
6143,635.178948204999,6.5718,1.6353941319938278e-05
6144,635.2763926219995,6.1533,1.634776747067906e-05
6145,635.3749810190002,5.5139,1.6341740153950663e-05
6146,635.4715972329996,5.2559,1.6335661767407483e-05
6147,635.5712237709995,4.8756,1.632968004500004e-05
6148,635.6685200739994,6.0977,1.632354354320993e-05
6149,635.7662528620003,5.6271,1.631752903172847e-05
6150,635.8646509480004,6.0052,1.6311501560185206e-05
6151,635.9655704920006,6.0244,1.630542941382721e-05
6152,636.0634925519989,6.4884,1.6299210076604927e-05
6153,636.1603792839996,6.6154,1.6293159501543237e-05
6154,636.2587937690005,6.1718,1.6287183598395044e-05
6155,636.3574651589988,7.0941,1.628111251598764e-05
6156,636.4580134819989,6.4085,1.6275012622592596e-05
6157,636.5545433539992,4.8478,1.6268805490246992e-05
6158,636.6523983039988,4.9163,1.626283352395059e-05
6159,636.7512156659996,5.1668,1.625679893148151e-05
6160,636.8495687579998,4.9579,1.6250710115864198e-05
6161,636.946238520999,5.4615,1.6244630886728407e-05
6162,637.042009757999,5.5889,1.6238659626419745e-05
6163,637.1413697810003,6.6058,1.6232750017222238e-05
6164,637.2423171890005,5.6889,1.6226623398086438e-05
6165,637.3407652269998,5.5492,1.622039551858024e-05
6166,637.4360928469996,5.0267,1.6214313503641966e-05
6167,637.5326117479999,6.6398,1.620842092753085e-05
6168,637.6295942599991,5.701,1.620246969296294e-05
6169,637.7267316929992,6.0585,1.6196485713271614e-05
6170,637.8232044010001,6.0432,1.6190488804938277e-05
6171,637.9180441049994,5.6947,1.6184532673765424e-05
6172,638.0156783789989,6.4691,1.617868113203707e-05
6173,638.1127425310005,6.293,1.6172666296975357e-05
6174,638.2103551979999,5.6516,1.6166658258827157e-05
6175,638.306579185999,6.6019,1.6160641202037075e-05
6176,638.405944483,5.6232,1.6154691425740736e-05
6177,638.5025895540002,5.1386,1.6148559647530936e-05
6178,638.5944221459995,6.1387,1.6142591761543286e-05
6179,638.6932366359997,5.0585,1.6136934996481534e-05
6180,638.7919730409994,5.8312,1.6130824538580293e-05
6181,638.8920201090004,6.864,1.612473804845683e-05
6182,638.9909793539991,5.7567,1.6118563198148122e-05
6183,639.0863397889989,5.0864,1.6112447047716063e-05
6184,639.1825744550006,6.084,1.6106551014259307e-05
6185,639.276803617,3.7615,1.6100615883024713e-05
6186,639.372884204,5.0157,1.6094787040925933e-05
6187,639.4702363269989,5.8242,1.608886880302466e-05
6188,639.5697083920004,5.4983,1.6082844919259245e-05
6189,639.6662265020004,4.6074,1.6076721492345655e-05
6190,639.7629791479994,6.8544,1.607076284938277e-05
6191,639.8606520029989,5.0946,1.606479608104935e-05
6192,639.9587635759999,6.2783,1.605870639419753e-05
6193,640.0578623609999,5.6217,1.605271208975314e-05
6194,640.1549404870002,6.4057,1.6046591989197512e-05
6195,640.2529829779996,5.5889,1.6040597070493872e-05
6196,640.3512198119988,6.3232,1.603454600882714e-05
6197,640.4486689619989,6.2363,1.6028490838518538e-05
6198,640.5450859680004,6.1588,1.6022475857530873e-05
6199,640.6370729729988,5.8125,1.6016516635246926e-05
6200,640.7337227699991,5.3592,1.6010837196543232e-05
6201,640.8325080609993,6.2083,1.6004867340432072e-05
6202,640.9301406710001,5.7627,1.599877765654319e-05
6203,641.0282420109997,6.6602,1.5992747770925897e-05
6204,641.1249229339992,6.4873,1.5986699140432148e-05
6205,641.2217145159993,5.2717,1.598071769456791e-05
6206,641.3200084620003,6.2664,1.597474619629636e-05
6207,641.4186250040002,6.6716,1.5968692935740804e-05
6208,641.5158760720005,5.3053,1.5962527947407424e-05
6209,641.6149623170004,6.1356,1.5956586632160503e-05
6210,641.7117663709996,5.6724,1.5950439348888957e-05
6211,641.8078140580001,6.7656,1.5944494717160513e-05
6212,641.9041905289996,4.8128,1.593856671783956e-05
6213,642.000661778,6.2378,1.5932621390555614e-05
6214,642.0967913820004,5.5368,1.592666068641982e-05
6215,642.1952470679989,5.5299,1.5920719554506148e-05
6216,642.2933026150004,5.6451,1.5914662869938275e-05
6217,642.3897649729988,4.8795,1.5908605515246956e-05
6218,642.4883146009997,6.0568,1.590263759938274e-05
6219,642.5865762119993,5.7155,1.5896569036851898e-05
6220,642.6852671039996,6.1703,1.5890492481296265e-05
6221,642.7830674069992,5.2799,1.588440201592597e-05
6222,642.8792290820002,5.8538,1.5878369305308654e-05
6223,642.9744380550001,5.9304,1.587243328753085e-05
6224,643.071422527999,4.8904,1.5866556435370355e-05
6225,643.1684543399988,5.5427,1.5860572334753064e-05
6226,643.2650044660004,5.584,1.5854572364259308e-05
6227,643.3634231859996,5.8632,1.5848618293518518e-05
6228,643.4628407210002,5.7372,1.5842548910740796e-05
6229,643.5616119160004,6.2994,1.583641074864194e-05
6230,643.6604621329989,6.1458,1.5830250637037003e-05
6231,643.760945516,5.7067,1.5824206727530832e-05
6232,643.8589301209995,5.4948,1.5818014193024665e-05
6233,643.9567585610002,6.0854,1.5811956703024678e-05
6234,644.0569615530003,6.2354,1.580591899462967e-05
6235,644.1564805090002,6.634,1.5799734725185232e-05
6236,644.2537129449993,6.0786,1.579359673185188e-05
6237,644.3506436489988,5.7088,1.5787590992716072e-05
6238,644.4467148330004,5.4127,1.5781609789753055e-05
6239,644.543141488999,5.7856,1.5775665161975295e-05
6240,644.637686692,4.8962,1.5769726770864218e-05
6241,644.7352556360001,6.4695,1.576387259216051e-05
6242,644.8329579549991,5.29,1.5757866871728404e-05
6243,644.9307636729991,5.1563,1.5751827536296333e-05
6244,645.028428702999,6.2829,1.574579091950617e-05
6245,645.128792137999,6.4253,1.5739723411234642e-05
6246,645.2300678249994,6.4444,1.5733572229629644e-05
6247,645.3284290709998,5.7876,1.5727299080000068e-05
6248,645.4272107489996,6.2916,1.5721252740185165e-05
6249,645.5272172879995,5.5139,1.5715161096975323e-05
6250,645.6237133909999,5.4668,1.57089680490741e-05
6251,645.7213697999996,6.4786,1.5703009545987683e-05
6252,645.8183010829998,4.3844,1.5696993652901242e-05
6253,645.9139633269988,6.1566,1.5691009039753147e-05
6254,646.0097548199992,5.564,1.56851028861729e-05
6255,646.1078496850005,6.1284,1.5679192153209915e-05
6256,646.2046720429989,4.674,1.567313661888886e-05
6257,646.3030282050004,7.0008,1.566715155277782e-05
6258,646.4023228719998,6.566,1.5661087623888937e-05
6259,646.4997866239992,6.4338,1.5654960732716085e-05
6260,646.5992641680004,5.5651,1.5648948106481504e-05
6261,646.6989145610005,6.2328,1.564278980432099e-05
6262,646.7961482859992,5.5112,1.5636655133827203e-05
6263,646.8932606420003,5.9893,1.563064244512347e-05
6264,646.9922779489989,6.1398,1.562464381012343e-05
6265,647.0908820940003,5.3054,1.5618542636049354e-05
6266,647.1881126429998,6.031,1.5612405506913596e-05
6267,647.2876908010003,4.6203,1.5606442738580318e-05
6268,647.3862343359997,6.9502,1.5600306172530925e-05
6269,647.482948507999,6.2935,1.559422168327167e-05
6270,647.5825513330001,6.3793,1.558824358086423e-05
6271,647.6791312879996,5.1429,1.558206013549386e-05
6272,647.7761303480002,6.0281,1.5576128658456828e-05
6273,647.8729978079991,5.0038,1.557014743697538e-05
6274,647.965145958,6.4854,1.556417516759256e-05
6275,648.0647598470005,7.041,1.5558499609074088e-05
6276,648.1606380430003,6.0492,1.5552347239382687e-05
6277,648.258088782999,6.4053,1.5546409640123505e-05
6278,648.3555932309991,6.2578,1.554040584228393e-05
6279,648.4533897199999,5.8465,1.5534379150493815e-05
6280,648.5516902660002,6.8375,1.5528336236604983e-05
6281,648.6499412109988,6.2214,1.5522278710123484e-05
6282,648.7490758879994,6.4033,1.551621512000004e-05
6283,648.8476140849998,6.4113,1.5510096729074148e-05
6284,648.943642070999,3.3329,1.5504013942345748e-05
6285,649.0417149709992,6.2098,1.5498081392098796e-05
6286,649.1390409169999,6.663,1.549202352345685e-05
6287,649.2318221099995,6.4172,1.548601889944441e-05
6288,649.3299449249989,5.2756,1.548024413302469e-05
6289,649.4292843700005,6.5394,1.5474236518518558e-05
6290,649.5309716970005,6.3978,1.5468112652901213e-05
6291,649.6287687250006,4.9945,1.5461833037098798e-05
6292,649.7253793439995,7.2611,1.5455785341666658e-05
6293,649.8246454210002,6.2166,1.5449798212284018e-05
6294,649.9228918690005,5.4143,1.5443697197777756e-05
6295,650.0248842849996,6.3068,1.543763230604939e-05
6296,650.1236234949993,6.4927,1.543129148697528e-05
6297,650.2215458390001,4.8526,1.5425247681296356e-05
6298,650.3186696519988,6.1801,1.5419206114753072e-05
6299,650.4171058009997,5.1501,1.5413200571234642e-05
6300,650.5142727860002,6.5881,1.5407119279320965e-05
6301,650.6129268639997,5.6551,1.5401116837222247e-05
6302,650.711077517999,4.3891,1.5395039196296295e-05
6303,650.8095329759999,6.0533,1.538898810302473e-05
6304,650.9088198299996,6.2934,1.538291973012343e-05
6305,651.0081336410003,5.0126,1.537678640598766e-05
6306,651.1070550690001,6.3338,1.537065482901232e-05
6307,651.2040188659994,5.577,1.5364518476172847e-05
6308,651.298994069999,5.9565,1.5358547189320975e-05
6309,651.3957159319998,6.1302,1.535268794444445e-05
6310,651.488105851,5.7886,1.5346726705432123e-05
6311,651.5872929239995,7.1703,1.5341033747345702e-05
6312,651.6843967940003,5.8174,1.5334902914259326e-05
6313,651.7782448010003,6.4895,1.5328890342407476e-05
6314,651.8774179399988,6.01,1.5323130123888856e-05
6315,651.9799421879998,6.4347,1.5316972461728423e-05
6316,652.0778060749999,5.0712,1.531061817703709e-05
6317,652.1763724939992,6.7852,1.5304609484938275e-05
6318,652.2759156749999,6.1499,1.5298539279938266e-05
6319,652.3730928040004,5.9752,1.529238872216051e-05
6320,652.4713297099988,6.0778,1.528638817950622e-05
6321,652.5678447699993,5.7749,1.5280334240555537e-05
6322,652.6645493020005,5.7566,1.527436673901242e-05
6323,652.7609156809995,4.6582,1.526839003629633e-05
6324,652.85804938,4.6638,1.5262441524938244e-05
6325,652.9517053549989,5.8121,1.5256450009135869e-05
6326,653.0521106279994,6.637,1.5250698718024675e-05
6327,653.1519250029996,5.9689,1.5244484418086402e-05
6328,653.2514351680002,6.4363,1.523832313265437e-05
6329,653.3502335499998,5.9173,1.5232177939012365e-05
6330,653.4494621470003,5.8425,1.522607512209881e-05
6331,653.5489592819995,6.5789,1.5219949603703675e-05
6332,653.6496090259989,5.3211,1.5213810531790112e-05
6333,653.749567683999,5.2535,1.5207602937407389e-05
6334,653.8471294030005,6.1277,1.5201433022592615e-05
6335,653.9476342260004,6.6214,1.519540134333331e-05
6336,654.0461361509988,4.3454,1.5189208639876595e-05
6337,654.1378378310001,6.019,1.5183122287222251e-05
6338,654.2372341110004,6.4114,1.5177471512407454e-05
6339,654.3354453089996,6.7197,1.517133414888896e-05
6340,654.432524066,5.8379,1.5165271724506202e-05
6341,654.524486672999,6.13,1.5159269531234566e-05
6342,654.6222883930004,5.0801,1.5153600912222199e-05
6343,654.7197651869992,5.4777,1.5147558697592646e-05
6344,654.8162369969996,5.1601,1.5141535191419786e-05
6345,654.9126645719989,6.4858,1.513558749481479e-05
6346,655.0108270799992,5.7301,1.5129635104135842e-05
6347,655.1054605720001,4.1273,1.5123571277469112e-05
6348,655.2022333759996,6.4081,1.511771112592596e-05
6349,655.2971370619998,5.6626,1.5111760466666675e-05
6350,655.3959772779999,6.4835,1.5105880600000028e-05
6351,655.4922936080002,5.7613,1.5099796089321044e-05
6352,655.5908365039995,5.3436,1.5093848029382684e-05
6353,655.6900019559998,5.5279,1.5087763916975367e-05
6354,655.7872225869996,5.3238,1.508165107117287e-05
6355,655.884485008999,5.7071,1.5075647622530865e-05
6356,655.9815253409997,5.3632,1.5069638740061786e-05
6357,656.0810901360001,6.0946,1.506364472635804e-05
6358,656.1768513770003,5.4463,1.5057506323580273e-05
6359,656.2734738580002,5.5883,1.5051579531975313e-05
6360,656.3711776809996,6.7072,1.5045624850493894e-05
6361,656.4706633299993,5.5439,1.5039596736296291e-05
6362,656.5680962549995,5.9941,1.5033460958271622e-05
6363,656.6652369109997,6.8153,1.5027427300000018e-05
6364,656.7640118340005,5.8586,1.5021438997469145e-05
6365,656.8589810109988,4.1787,1.501533155722225e-05
6366,656.9564273550004,6.4147,1.5009472914382711e-05
6367,657.0533357559998,6.1177,1.5003478393333398e-05
6368,657.1520627680002,6.2342,1.4997480797222203e-05
6369,657.2510579190002,5.4484,1.4991400957469188e-05
6370,657.3515053800002,6.3002,1.4985291003765416e-05
6371,657.4509709689992,5.3025,1.4979091351666669e-05
6372,657.5494588500005,6.2046,1.4972943806975354e-05
6373,657.6486257710003,6.6324,1.4966863803456815e-05
6374,657.7460730900002,6.3536,1.4960750739321023e-05
6375,657.8416319449989,4.9774,1.4954732994753084e-05
6376,657.9385955849993,6.2281,1.494881648654321e-05
6377,658.035114372,4.5501,1.4942844100925957e-05
6378,658.1316372660003,6.3983,1.4936875966728441e-05
6379,658.2269223989988,6.1207,1.4930924173456817e-05
6380,658.3239502319993,4.8064,1.4925039523518591e-05
6381,658.419901326999,4.8585,1.4919052449876525e-05
6382,658.517901887999,6.6843,1.4913132908950617e-05
6383,658.6158685729988,5.7009,1.4907076570000045e-05
6384,658.7094882479996,6.669,1.490104159969139e-05
6385,658.8098512079996,6.8471,1.4895260762839514e-05
6386,658.9082385809998,6.1863,1.4889059127592619e-05
6387,659.0073367959994,5.8419,1.488298484672837e-05
6388,659.1039316650003,4.9185,1.4876875386975325e-05
6389,659.2032552759993,5.7697,1.4870907920061722e-05
6390,659.3035286630002,5.0257,1.4864786706851829e-05
6391,659.4006717569991,6.4517,1.4858596243888945e-05
6392,659.4993418859995,5.9314,1.4852589359074114e-05
6393,659.5978871360003,6.1143,1.4846436894259336e-05
6394,659.6944957750002,5.2598,1.4840414892592597e-05
6395,659.793530383,5.6192,1.4834452017037082e-05
6396,659.8925371669993,6.2668,1.4828332865432166e-05
6397,659.9903928290005,6.3979,1.4822230115555557e-05
6398,660.0876032790002,5.7629,1.4816180004753072e-05
6399,660.1874435770005,5.7624,1.4810175950308658e-05
6400,660.2857781809998,5.8452,1.4804026339259308e-05
6401,660.3831079930005,5.0867,1.4797947777716092e-05
6402,660.4798676560004,5.4557,1.4791953933703733e-05
6403,660.5766302399988,5.816,1.4785972213703758e-05
6404,660.6738621040004,4.8829,1.4779992453641955e-05
6405,660.7735623979988,5.4618,1.4773997266481532e-05
6406,660.8713381550006,5.7354,1.476784282796298e-05
6407,660.9698525120002,6.4252,1.4761816924629663e-05
6408,661.0669986470002,6.3984,1.4755731488580244e-05
6409,661.1662638119997,5.9185,1.474973303432105e-05
6410,661.2639825509996,5.4821,1.4743602808086487e-05
6411,661.3627473249999,6.4348,1.4737576047530832e-05
6412,661.4609322809993,6.4969,1.4731481213333343e-05
6413,661.5580958520004,6.159,1.4725411334753114e-05
6414,661.6554982580001,5.9712,1.4719416862407465e-05
6415,661.7531277329999,5.8303,1.4713405299259231e-05
6416,661.8506552719991,6.4505,1.4707387676234597e-05
6417,661.9489003079998,5.9913,1.4701359252901203e-05
6418,662.0400496629991,6.1927,1.4695297010370334e-05
6419,662.1360614189998,6.5215,1.4689682422777756e-05
6420,662.234443329,6.2111,1.4683737591913648e-05
6421,662.3320516040003,6.6433,1.4677675990679063e-05
6422,662.4316114430003,6.9382,1.4671634074074075e-05
6423,662.5294402849995,6.2583,1.466549454327159e-05
6424,662.6265693730002,5.6439,1.4659451799074147e-05
6425,662.7243349879991,6.8429,1.4653465619753154e-05
6426,662.8214375509997,6.0912,1.4647427300493898e-05
6427,662.9174999669995,6.0977,1.4641431393209943e-05
6428,663.0149114579999,6.5282,1.4635492263518535e-05
6429,663.1103571040003,4.9629,1.4629489605246965e-05
6430,663.2086838760006,6.6406,1.4623597828086411e-05
6431,663.3063054659997,6.1596,1.4617525444938323e-05
6432,663.4036248640004,5.9725,1.4611495196728403e-05
6433,663.5024520280003,6.3673,1.460549365320989e-05
6434,663.5988545469991,4.3309,1.4599393769320968e-05
6435,663.6973188419997,5.596,1.4593430526604912e-05
6436,663.7955235629997,5.8574,1.4587362855246944e-05
6437,663.8945218909994,5.6474,1.4581313374135812e-05
6438,663.9942206449996,6.816,1.4575196295000066e-05
6439,664.0918148599994,5.0404,1.456904256512352e-05
6440,664.1874343460004,4.9869,1.4563010882098798e-05
6441,664.2858268219989,5.985,1.4557105121419812e-05
6442,664.3843557389991,6.4863,1.4551043742963033e-05
6443,664.4832809500003,6.118,1.454495899864205e-05
6444,664.5827900799995,5.8829,1.4538850609012371e-05
6445,664.6781204670006,4.406,1.453271909845676e-05
6446,664.7747392469992,5.1417,1.4526808209320959e-05
6447,664.871349092,5.8852,1.4520860582654306e-05
6448,664.965919712,5.5028,1.451489093518516e-05
6449,665.0634161130001,5.9067,1.4509048446728423e-05
6450,665.1628568470005,6.7189,1.4503046001543257e-05
6451,665.261014656,5.3195,1.4496907767839552e-05
6452,665.358578456,5.6997,1.4490843429629657e-05
6453,665.4533706099992,5.9855,1.4484817633209912e-05
6454,665.5511477109994,6.1218,1.447895644290131e-05
6455,665.6481985279988,5.846,1.4472920886666635e-05
6456,665.7481089169996,6.1147,1.4466927866234626e-05
6457,665.845252879999,6.7015,1.4460704296975285e-05
6458,665.9401759449993,5.0354,1.4454781779567954e-05
6459,666.0370860000003,5.0187,1.444891125030861e-05
6460,666.1342471389999,5.28,1.4442935071419812e-05
6461,666.2317752589988,5.7348,1.443692327265429e-05
6462,666.329891759,6.2345,1.44309105837654e-05
6463,666.4311797640003,5.9748,1.442485813438278e-05
6464,666.5291665599998,6.5566,1.4418618165185156e-05
6465,666.6297998930004,6.4671,1.4412568220679063e-05
6466,666.727029275,5.0715,1.440635967493827e-05
6467,666.8265382819991,5.5209,1.4400332865802458e-05
6468,666.9236346899997,5.3364,1.4394143610925987e-05
6469,667.0214513039991,6.7023,1.4388196949012351e-05
6470,667.1187348860003,5.9415,1.4382172098765428e-05
6471,667.2183874629991,5.5044,1.4376170329074112e-05
6472,667.3190655380004,6.1548,1.4370021114629684e-05
6473,667.416939675999,6.9862,1.4363811660493891e-05
6474,667.5144537649994,6.2879,1.4357747461234583e-05
6475,667.6139683849997,5.958,1.4351730399691326e-05
6476,667.7137960969994,5.5696,1.4345593175308686e-05
6477,667.8119673729998,4.8309,1.4339428469259331e-05
6478,667.9082496999999,5.1807,1.4333374389074111e-05
6479,668.0006177590003,6.5515,1.4327411449814893e-05
6480,668.099079824,5.4692,1.4321724413024706e-05
6481,668.1956318699995,5.1882,1.4315598914012367e-05
6482,668.2931354809989,5.8679,1.4309689850617336e-05
6483,668.3942399579992,6.4459,1.4303672314259237e-05
6484,668.4943601739997,6.288,1.4297438238456805e-05
6485,668.592673014,5.3653,1.4291268985925965e-05
6486,668.6910339799997,6.4497,1.4285169029691348e-05
6487,668.7900149289999,5.388,1.427911508530862e-05
6488,668.888982601,5.3845,1.4272959577160522e-05
6489,668.9879118709996,5.8076,1.4266887081543201e-05
6490,669.0864689129994,5.8562,1.4260764995123516e-05
6491,669.1856052849998,6.1963,1.4254702015123483e-05
6492,669.2836475080003,6.0733,1.4248585266851916e-05
6493,669.3809650769999,4.8181,1.4242519828703737e-05
6494,669.4805699789995,6.2285,1.4236509518765428e-05
6495,669.5818918269997,5.6157,1.4230370542098758e-05
6496,669.6835737279998,6.4595,1.4224056986913636e-05
6497,669.7810429290003,5.7593,1.4217837873086492e-05
6498,669.8725331400001,6.4555,1.421181768222225e-05
6499,669.9710350619989,5.8654,1.4206188147098732e-05
6500,670.0675711069998,5.8387,1.4200095199321035e-05
6501,670.1656560640004,5.4378,1.419412495302474e-05
6502,670.2644602950004,5.6383,1.4188081805246883e-05
6503,670.3651589159999,6.3741,1.4181977580679073e-05
6504,670.4645859849988,5.4664,1.4175773925370339e-05
6505,670.5618323250001,5.8765,1.4169626679938263e-05
6506,670.6570371729995,4.5133,1.416363244018522e-05
6507,670.7557033969988,5.0757,1.4157745604876527e-05
6508,670.8522996310003,4.5984,1.4151658148827135e-05
6509,670.9488692359992,6.2198,1.4145700664444517e-05
6510,671.048152071,5.3553,1.413973134623457e-05
6511,671.1451133659994,5.8969,1.4133597965679029e-05
6512,671.2455708279995,6.0739,1.4127612042469163e-05
6513,671.3438820899992,6.2102,1.4121421579629673e-05
6514,671.4426353769995,5.6913,1.4115348191234611e-05
6515,671.5417724790004,6.1531,1.4109252929444472e-05
6516,671.6401072159988,5.603,1.4103143448518508e-05
6517,671.7366486079991,5.9674,1.4097027003642021e-05
6518,671.831401808,5.3355,1.4091108732037006e-05
6519,671.9267968789991,5.2192,1.4085253600308613e-05
6520,672.0247265090002,6.1019,1.4079366284074047e-05
6521,672.1269405059993,5.7874,1.40733337840124e-05
6522,672.2239308469998,5.6294,1.4067019916481539e-05
6523,672.322745989999,6.1458,1.4061027618148121e-05
6524,672.4230591189989,6.0328,1.4054930733209853e-05
6525,672.5199665359996,5.9492,1.4048749917839566e-05
6526,672.617895084999,5.8481,1.404275137030866e-05
6527,672.7161991979992,6.358,1.4036711418765453e-05
6528,672.8150813289994,6.6217,1.4030648740061697e-05
6529,672.9135972719996,5.9324,1.4024544990123461e-05
6530,673.0103627949993,5.9069,1.4018456351790138e-05
6531,673.1080211629996,6.1166,1.4012477577654392e-05
6532,673.2059649049988,6.4335,1.4006455514074085e-05
6533,673.3063566219989,6.4331,1.4000405813827166e-05
6534,673.4050464899992,6.2571,1.399421401290123e-05
6535,673.506472531999,6.3043,1.398812110197536e-05
6536,673.6052446649992,6.7576,1.3981862554567976e-05
6537,673.7036905040004,5.3215,1.3975756763148178e-05
6538,673.8018281639997,6.3409,1.3969689651851887e-05
6539,673.8991865899989,6.2806,1.3963624507160478e-05
6540,673.9964331869996,6.2537,1.3957622535555609e-05
6541,674.0915625039997,6.442,1.395160001012345e-05
6542,674.1890950910001,5.2623,1.3945737710802503e-05
6543,674.2886328200002,6.2569,1.3939726069506215e-05
6544,674.3866652010001,6.0555,1.39335902873457e-05
6545,674.4827778710005,5.7121,1.3927529433209918e-05
6546,674.5789184559999,5.6763,1.3921595089197559e-05
6547,674.6773286829994,6.4203,1.3915666382962977e-05
6548,674.7750763799995,3.9542,1.3909595840432077e-05
6549,674.8715214509994,5.4356,1.390355426969142e-05
6550,674.9692945739989,6.4964,1.3897595277716125e-05
6551,675.0677926440003,6.0599,1.3891566462345712e-05
6552,675.1652386240003,5.4562,1.3885490125061733e-05
6553,675.2647700750003,5.5755,1.3879465920185175e-05
6554,675.3642524160005,6.0344,1.3873331038148202e-05
6555,675.4640575009998,5.837,1.3867184481975336e-05
6556,675.5632129719997,6.1606,1.3861032686234604e-05
6557,675.6603186359989,4.7788,1.3854893115925916e-05
6558,675.7595155149993,7.0252,1.3848891854876578e-05
6559,675.856448397999,6.4853,1.3842793666605009e-05
6560,675.954617591,6.7834,1.3836802313950597e-05
6561,676.0514358359997,5.4392,1.3830756314382708e-05
6562,676.149951542,5.7824,1.3824765181234623e-05
6563,676.245977573999,6.2271,1.3818681775864218e-05
6564,676.3435895570001,4.8175,1.3812749259999985e-05
6565,676.4433781749995,5.3946,1.3806731956357998e-05
6566,676.5422996059988,4.1503,1.3800584361913622e-05
6567,676.6415231680003,5.8876,1.3794467024938262e-05
6568,676.7379721439993,5.9761,1.378834351419755e-05
6569,676.8345903239988,5.5463,1.3782380031296294e-05
6570,676.9345228559996,5.4215,1.3776412923950632e-05
6571,677.0321345680004,4.7716,1.377025870765431e-05
6572,677.132731964999,6.1102,1.3764222972345742e-05
6573,677.2307779530001,5.1685,1.375803254703706e-05
6574,677.329344627,6.3663,1.3751970712345735e-05
6575,677.4275279249996,5.5304,1.3745885801358055e-05
6576,677.5249820240006,6.6916,1.3739823714876603e-05
6577,677.6264360669993,4.9587,1.37338067533333e-05
6578,677.7233591539989,5.976,1.3727545398888864e-05
6579,677.8223727379991,6.0462,1.372156931759267e-05
6580,677.9210221649992,6.2102,1.371544865037041e-05
6581,678.0186677269994,5.7689,1.3709371052592574e-05
6582,678.1150703410003,6.2304,1.3703333721604966e-05
6583,678.214832832,6.5482,1.3697378409938266e-05
6584,678.3130372060004,6.005,1.3691225633271676e-05
6585,678.410405872999,6.1724,1.368516445432098e-05
6586,678.5091996480005,5.0689,1.367915885339513e-05
6587,678.6022056660004,6.8191,1.3673044136604957e-05
6588,678.7008074599999,5.4796,1.3667312602777842e-05
6589,678.7983906979989,5.8387,1.3661221392777846e-05
6590,678.8953349089988,5.7799,1.3655204533827231e-05
6591,678.9919323359991,5.8465,1.3649220085000008e-05
6592,679.0915305189992,6.8916,1.3643255278642036e-05
6593,679.1915577849995,6.1384,1.3637122892345655e-05
6594,679.2903970009993,6.3789,1.3630929660555608e-05
6595,679.390076869,6.3815,1.362483430240743e-05
6596,679.4881030699999,5.6356,1.3618679640123422e-05
6597,679.5856945479991,5.1382,1.3612635115925942e-05
6598,679.6846670960003,6.0362,1.3606595439753139e-05
6599,679.7818502680002,5.3388,1.3600504012530884e-05
6600,679.8801564650003,6.7254,1.3594495029197496e-05
6601,679.9793013509989,6.4866,1.3588420598518586e-05
6602,680.0767040449991,5.8204,1.3582300500987644e-05
6603,680.1730091959998,5.5038,1.3576288853950653e-05
6604,680.2684664419994,5.8765,1.357035105037034e-05
6605,680.3657146200003,5.3998,1.356444907635806e-05
6606,680.4564465639996,5.7094,1.3558446098209904e-05
6607,680.5568542669989,6.195,1.3552858846666633e-05
6608,680.6538176689992,5.7652,1.3546656155802473e-05
6609,680.7534972379999,4.9235,1.3540660833024709e-05
6610,680.8510045210005,5.5354,1.3534515843395058e-05
6611,680.9465185360004,5.5657,1.3528487380246902e-05
6612,681.0425314900003,5.8938,1.3522598257777758e-05
6613,681.1398614360005,5.7584,1.3516671452592578e-05
6614,681.2394207769994,5.9807,1.351066688925927e-05
6615,681.3379406639997,6.6696,1.35045244923457e-05
6616,681.4341198490001,5.7408,1.3498434326666703e-05
6617,681.5322533229992,5.7945,1.3492490666481494e-05
6618,681.6294468209999,5.9044,1.3486442873580263e-05
6619,681.7256703740004,4.5079,1.3480448840678994e-05
6620,681.823055928,5.7204,1.3474499165432114e-05
6621,681.921690223,5.9877,1.3468495547654298e-05
6622,682.020850637,5.9588,1.3462412199382756e-05
6623,682.1196326629997,6.2252,1.345628903475306e-05
6624,682.2174278679995,6.4369,1.3450182425308693e-05
6625,682.3144673009992,4.0241,1.3444152935432087e-05
6626,682.4130262139988,5.2648,1.3438162555987648e-05
6627,682.5110871180004,6.5859,1.3432076801666737e-05
6628,682.6093229139988,5.4729,1.3426026707469152e-05
6629,682.7049637759992,5.5648,1.3419948808641941e-05
6630,682.8033910100003,4.8627,1.3414050921666649e-05
6631,682.9014628200002,6.202,1.3407986309814841e-05
6632,683.0006123049989,6.6873,1.340193118061731e-05
6633,683.1001479530005,6.5625,1.339575531493828e-05
6634,683.1981031309988,5.5064,1.3389661966728367e-05
6635,683.2941311239993,3.9238,1.3383611303950628e-05
6636,683.3922200879988,5.8632,1.33776711544445e-05
6637,683.4905783209997,5.0205,1.3371636660925968e-05
6638,683.5909099359997,5.4803,1.3365560967716045e-05
6639,683.6905447459994,5.5199,1.3359372537222193e-05
6640,683.7894455909991,5.7186,1.335321320901231e-05
6641,683.8885703759988,4.5702,1.3347043620123495e-05
6642,683.9843920469993,4.6457,1.3340981779814865e-05
6643,684.0798822239994,4.622,1.3335056268395107e-05
6644,684.1781327669996,6.191,1.3329176047160486e-05
6645,684.2740898579996,4.1839,1.3323132184938276e-05
6646,684.3710110199991,7.0836,1.331718411790125e-05
6647,684.468403973,5.6886,1.3311215448024716e-05
6648,684.5646756019996,5.822,1.3305200947098783e-05
6649,684.6633734469997,5.7854,1.3299246914259334e-05
6650,684.7609802779989,5.2656,1.3293168375061731e-05
6651,684.8577560819995,5.3303,1.3287139718518515e-05
6652,684.955527750999,5.4494,1.3281162043888879e-05
6653,685.0549628019999,5.8046,1.3275133897407465e-05
6654,685.1495281299995,5.4509,1.326899130802472e-05
6655,685.2448415489998,5.1269,1.3263144618024709e-05
6656,685.3445834969989,7.0341,1.3257262202284021e-05
6657,685.4427880900002,5.4279,1.325111983450617e-05
6658,685.5419111449992,6.2016,1.3245058159691326e-05
6659,685.639786189,6.2287,1.3238936212592645e-05
6660,685.7358156760001,5.3559,1.3232887737407463e-05
6661,685.8352940619989,5.5646,1.3226961882901268e-05
6662,685.9348180010002,5.4076,1.3220827523395046e-05
6663,686.0347564589993,6.4421,1.3214684372530911e-05
6664,686.1340817559994,5.5405,1.3208498333456809e-05
6665,686.231542644,5.124,1.3202373677962964e-05
6666,686.3300448110003,6.2589,1.319635896814822e-05
6667,686.426031990999,4.7456,1.3190291720185188e-05
6668,686.522712992999,6.0599,1.3184349459629685e-05
6669,686.6221431649992,5.9593,1.317839318913583e-05
6670,686.7212064409996,6.4984,1.3172248305555613e-05
6671,686.8177949689998,5.911,1.3166145228456845e-05
6672,686.9144570629996,5.7485,1.3160168038950677e-05
6673,687.0122948449989,5.7611,1.3154205545802534e-05
6674,687.111432877,6.5461,1.3148178781728371e-05
6675,687.2114218940005,6.0014,1.3142061179444425e-05
6676,687.3123078829994,3.8639,1.3135880991481536e-05
6677,687.4102250010001,5.2001,1.3129656906172883e-05
6678,687.5101666310002,5.7561,1.3123614533888928e-05
6679,687.6087709669991,5.142,1.3117444062160566e-05
6680,687.7063954209989,5.6575,1.3111351368209929e-05
6681,687.8057342819993,5.7692,1.3105312265432102e-05
6682,687.9013971249988,5.878,1.3099187555000059e-05
6683,688.0001317009992,6.3452,1.3093287170493817e-05
6684,688.0925977770003,6.3898,1.3087200493950669e-05
6685,688.1897845589992,5.9438,1.3081486786296287e-05
6686,688.287634884,6.5047,1.3075486001790177e-05
6687,688.3864295969997,6.4184,1.3069379134506194e-05
6688,688.4827990659996,6.6021,1.3063356058148179e-05
6689,688.5782639030003,6.4074,1.3057404119197508e-05
6690,688.6752930410003,5.2267,1.3051492440000057e-05
6691,688.7725013210002,5.8579,1.304551221308643e-05
6692,688.8705897389991,6.2583,1.3039515981728401e-05
6693,688.9659196619996,5.302,1.3033466356049378e-05
6694,689.0634695850003,6.3777,1.3027561446296327e-05
6695,689.1591010819993,5.233,1.3021553329012315e-05
6696,689.2551760699989,5.8474,1.3015651471790158e-05
6697,689.3534353439991,6.0132,1.3009720072345716e-05
6698,689.4514179149992,6.083,1.30036593646296e-05
6699,689.5525617759995,5.6676,1.2997609229629614e-05
6700,689.6502304389996,5.0803,1.299136445382716e-05
6701,689.7486806300003,6.8946,1.298533199290129e-05
6702,689.8458115800004,4.8672,1.2979253121481554e-05
6703,689.944400893999,5.5167,1.2973256117345755e-05
6704,690.0443479779988,6.3935,1.2967181285493896e-05
6705,690.1432471569988,5.993,1.2961022892469138e-05
6706,690.2401864959993,4.7929,1.2954919602654381e-05
6707,690.3389561879994,5.647,1.2948909651358022e-05
6708,690.4365886229989,5.4425,1.2942819354567954e-05
6709,690.534907625999,5.5883,1.2936796987037102e-05
6710,690.6298817570005,5.3066,1.293072800740739e-05
6711,690.7303601049989,5.5031,1.2924851659197569e-05
6712,690.8294307020005,6.5006,1.291867419432099e-05
6713,690.9292668859998,4.7162,1.291252812006175e-05
6714,691.028023040999,4.7496,1.2906383219444452e-05
6715,691.1287832279995,6.6111,1.2900278355740808e-05
6716,691.2284594289995,6.0579,1.2894056431111078e-05
6717,691.3230778300003,4.91,1.2887909419753074e-05
6718,691.42155078,5.0701,1.288205918611109e-05
6719,691.5196691420006,6.1236,1.2876007105123456e-05
6720,691.6159176379988,3.4413,1.2869946137407397e-05
6721,691.7152921029992,6.5896,1.2863989924567866e-05
6722,691.8131364290002,5.937,1.2857869003086486e-05
6723,691.9132675929995,6.4235,1.2851822550802455e-05
6724,692.0097341250003,4.7955,1.2845649217222245e-05
6725,692.107869894,5.2939,1.2839681901543237e-05
6726,692.2063138180001,6.2403,1.2833629441296313e-05
6727,692.3077156279996,5.7408,1.2827545706851863e-05
6728,692.4064989639992,6.3804,1.2821299071605004e-05
6729,692.5041974750002,5.9785,1.2815197101172877e-05
6730,692.6004592159989,4.5291,1.2809155769691417e-05
6731,692.6979565959991,6.3835,1.2803210478024747e-05
6732,692.7976158419988,6.4425,1.2797198358333351e-05
6733,692.896610668,6.0644,1.279105728740747e-05
6734,692.9953323129994,5.5257,1.2784938149197506e-05
6735,693.0915725619998,5.9699,1.277885135475308e-05
6736,693.1888683079997,5.9475,1.2772902699444439e-05
6737,693.2868760439997,5.2464,1.27668945000618e-05
6738,693.383432347,4.4424,1.2760856211728389e-05
6739,693.4815625310002,6.0063,1.2754897497654361e-05
6740,693.577344424999,4.1677,1.2748832978888885e-05
6741,693.6752724509988,6.6905,1.2742909904629618e-05
6742,693.7722375929989,5.1124,1.2736861680802498e-05
6743,693.8710764179996,6.6475,1.2730882093888951e-05
6744,693.970563851999,6.6129,1.2724728160987697e-05
6745,694.068181663999,5.6766,1.271865455425923e-05
6746,694.1666831759994,5.4714,1.2712630597469133e-05
6747,694.2654217029994,5.2823,1.2706547373580313e-05
6748,694.3646240039998,5.9813,1.270045132191357e-05
6749,694.4617036599993,6.1677,1.2694328267037092e-05
6750,694.5579008309996,5.1148,1.2688335751543178e-05
6751,694.6564730230002,6.1316,1.2682395022098765e-05
6752,694.7551163320004,5.9761,1.267631251870367e-05
6753,694.8495188899997,4.541,1.2670225014567955e-05
6754,694.944840238999,5.3167,1.2664362313271678e-05
6755,695.0434252729992,5.6667,1.265850666462961e-05
6756,695.1394923110001,5.08,1.2652437207530898e-05
6757,695.237298140999,5.8129,1.2646483148271637e-05
6758,695.3335610470003,6.1275,1.2640455292407472e-05
6759,695.4306928669994,6.6234,1.2634506866296325e-05
6760,695.527303167999,5.1056,1.2628525021913628e-05
6761,695.6260338020002,6.2376,1.2622556230370396e-05
6762,695.7254155840001,5.8873,1.2616461978580302e-05
6763,695.8253749719988,5.0013,1.261032207604937e-05
6764,695.9230063199993,5.7806,1.2604152382345664e-05
6765,696.0222821989992,5.2254,1.2598126855617259e-05
6766,696.1191084999991,5.7642,1.259200587253086e-05
6767,696.2170640149998,6.6339,1.2586022835493854e-05
6768,696.3146086340003,6.5708,1.2579991910432137e-05
6769,696.4125168129995,5.5646,1.257395677351853e-05
6770,696.5098586929998,5.7102,1.2567909100617265e-05
6771,696.6077465540002,5.6054,1.2561904101790162e-05
6772,696.7059670210001,6.098,1.2555846579814807e-05
6773,696.8018717849991,5.5536,1.2549785813456833e-05
6774,696.898577091999,5.9928,1.2543872624074077e-05
6775,696.9972672200001,5.7297,1.2537916468888882e-05
6776,697.0932327289993,6.1125,1.2531801407283999e-05
6777,697.1868873309995,5.8453,1.25258939979012e-05
6778,697.2853644789993,5.6753,1.2520103808209916e-05
6779,697.3828696969995,6.4797,1.2514038452037074e-05
6780,697.479015253999,5.9374,1.2508017006419792e-05
6781,697.5778479809996,5.9386,1.2502069701172836e-05
6782,697.6768460490002,6.2478,1.2495986908395057e-05
6783,697.7755802379997,6.1158,1.2489867434321052e-05
6784,697.8730625529988,5.0869,1.248377488438272e-05
6785,697.9691110450003,6.1179,1.2477676700432144e-05
6786,698.0644609079991,5.5483,1.2471818682345738e-05
6787,698.1597740540001,4.4635,1.2465931249444446e-05
6788,698.2554646579993,3.7107,1.2460054897777761e-05
6789,698.3538317809998,6.2515,1.2454147812098837e-05
6790,698.4535075509993,5.8682,1.2448063828827195e-05
6791,698.5520632360003,6.5021,1.2441922048950644e-05
6792,698.6500441629996,5.8073,1.2435843214567894e-05
6793,698.748389037999,5.724,1.2429795948086458e-05
6794,698.8458038899989,4.7363,1.2423728526666739e-05
6795,698.9441119629992,5.2369,1.2417711107469182e-05
6796,699.0436085010006,5.6841,1.2411653635246895e-05
6797,699.1407049230002,6.1902,1.2405499130123465e-05
6798,699.238401691,6.2855,1.239949320512343e-05
6799,699.3364791599997,5.8467,1.23934774183951e-05
6800,699.4344044129994,5.6265,1.2387380380679008e-05
6801,699.5343260199988,6.7554,1.2381371753518567e-05
6802,699.6325966839995,5.4618,1.2375203911481514e-05
6803,699.7275085429992,6.0368,1.2369140290308712e-05
6804,699.8250099819998,5.9991,1.2363269457222214e-05
6805,699.9220112889998,6.1789,1.235726698086418e-05
6806,700.0218067009992,6.1819,1.2351275084938268e-05
6807,700.1195907660003,5.422,1.2345118366234536e-05
6808,700.2171140270002,6.1939,1.2339078280740719e-05
6809,700.3174407629995,5.406,1.2333057341419824e-05
6810,700.4145108569992,5.6465,1.2326858291851884e-05
6811,700.5113591030004,5.7615,1.2320875809382754e-05
6812,700.6096769830001,5.3117,1.231489992925926e-05
6813,700.7074274229999,5.3062,1.2308817238888903e-05
6814,700.8064040819991,5.4172,1.2302793893580279e-05
6815,700.9040280520003,5.3229,1.2296674269074049e-05
6816,701.0036977429991,6.3181,1.2290643397839484e-05
6817,701.100272918,6.4168,1.228442980925924e-05
6818,701.1963700759989,5.2138,1.2278524372098748e-05
6819,701.293170039,6.5994,1.227259114524691e-05
6820,701.3892544760001,4.944,1.2266640274506187e-05
6821,701.4867702379997,5.2789,1.2260689858271634e-05
6822,701.5839786689994,5.855,1.2254684024506158e-05
6823,701.6814877079996,6.052,1.224861895339512e-05
6824,701.7782273640005,4.7327,1.224267168141972e-05
6825,701.8758399199996,5.6916,1.2236690507592652e-05
6826,701.974283350999,6.8513,1.2230667390123458e-05
6827,702.073129471999,5.7162,1.2224600042592655e-05
6828,702.1723881119997,6.0948,1.2218492441666673e-05
6829,702.2702012770005,6.1559,1.2212364873395122e-05
6830,702.3696314549998,6.1104,1.220632258938268e-05
6831,702.4699297679999,6.9988,1.2200194478703758e-05
6832,702.5694160580006,4.9929,1.2194019937963019e-05
6833,702.6694461940006,6.2627,1.218786179123459e-05
6834,702.766887587999,4.9717,1.2181689625493859e-05
6835,702.8632417039989,5.724,1.2175665522407393e-05
6836,702.9626984089991,6.6365,1.2169714460123494e-05
6837,703.0592551169993,5.4297,1.2163588600432163e-05
6838,703.1581753829996,5.6129,1.2157607250987724e-05
6839,703.2560089580002,6.2191,1.215152846543215e-05
6840,703.3550319959995,4.6982,1.2145484491666704e-05
6841,703.4538503610001,6.3139,1.2139361776481556e-05
6842,703.5515801279998,5.7827,1.213327672327158e-05
6843,703.6490256819998,4.3981,1.2127236355061788e-05
6844,703.7492056809988,6.3124,1.2121213773580282e-05
6845,703.8452959650003,5.9763,1.211503414672846e-05
6846,703.940669611,5.8184,1.210909287148146e-05
6847,704.0381100180002,5.8598,1.2103196356049439e-05
6848,704.1358435719994,6.2052,1.2097197418888867e-05
6849,704.2324120989997,5.7924,1.209117303296302e-05
6850,704.3297473099992,5.9689,1.208520286123463e-05
6851,704.4218477109989,5.7768,1.2079192082654367e-05
6852,704.5180732699991,5.362,1.2073523987098751e-05
6853,704.6110469899995,5.0321,1.2067573520185244e-05
6854,704.7083938390006,5.746,1.206180866802467e-05
6855,704.807963833,5.445,1.2055812991419785e-05
6856,704.9052888320002,5.998,1.2049681889691355e-05
6857,704.9995976640002,6.6146,1.2043672324320992e-05
6858,705.097296332,5.6421,1.2037842564320978e-05
6859,705.1934595929997,5.2383,1.2031833428950618e-05
6860,705.2903862889998,5.9591,1.2025882594012322e-05
6861,705.3879969600002,5.0241,1.2019885091851818e-05
6862,705.4843967510005,5.9986,1.2013877705185223e-05
6863,705.8961072179991,6.5324,1.2007925041790136e-05
6864,705.9916405109998,5.2333,1.1982505943395067e-05
6865,706.0826215950001,6.0917,1.1976599835308638e-05
6866,706.1805510639988,5.6798,1.1971002829567973e-05
6867,706.2781225079998,6.2657,1.1964943708765497e-05
6868,706.3733419069995,5.6277,1.195893408882714e-05
6869,706.4723665749989,6.1749,1.195304030432105e-05
6870,706.5706503339989,6.4291,1.1946910255740778e-05
6871,706.6707295699998,5.6152,1.1940862176172884e-05
6872,706.7667174889993,5.762,1.1934688025432122e-05
6873,706.8625806759992,5.1232,1.1928744049814838e-05
6874,706.9575723010003,5.8859,1.1922839052037071e-05
6875,707.0538820929996,5.8617,1.1916973631666707e-05
6876,707.1525899349999,6.2003,1.1911031310246923e-05
6877,707.2487777639999,4.3265,1.1904948014012401e-05
6878,707.3456496170002,6.0574,1.1898998184938304e-05
6879,707.4438695659992,5.3783,1.1893025347839577e-05
6880,707.5435780899988,6.1336,1.1886964167222259e-05
6881,707.6432414230003,6.0665,1.188081699074078e-05
6882,707.7404601449998,4.751,1.187466220006172e-05
6883,707.8380025789993,6.1817,1.1868651680617271e-05
6884,707.9341661130002,5.7201,1.1862645419074103e-05
6885,708.0306360159993,5.1527,1.1856707626172835e-05
6886,708.129160008999,6.4297,1.1850747999012385e-05
6887,708.2279645649996,6.1502,1.1844669324567869e-05
6888,708.3234046769994,5.8946,1.1838558180370346e-05
6889,708.4200782039989,5.4628,1.1832662373950642e-05
6890,708.5177819299988,6.1768,1.1826700839938321e-05
6891,708.6144230360005,6.5883,1.1820644844135842e-05
6892,708.7117920250002,5.3816,1.1814699851172829e-05
6893,708.8110164789996,6.4027,1.1808686767530902e-05
6894,708.9104123729994,5.0531,1.1802584050740811e-05
6895,709.0071953289989,5.735,1.1796377095370414e-05
6896,709.1046534239995,6.0269,1.179046868246913e-05
6897,709.2000902149994,5.0231,1.1784456992963e-05
6898,709.2943859869993,5.5671,1.1778549280740808e-05
6899,709.3904415460001,5.5009,1.1772737265061694e-05
6900,709.4862450609999,4.3502,1.176680903524694e-05
6901,709.5832684750003,5.3331,1.1760884942839567e-05
6902,709.6784753779993,6.8098,1.1754902628456843e-05
6903,709.7747536759998,6.0675,1.174902774290123e-05
6904,709.8735764680005,6.1526,1.1743092002407474e-05
6905,709.9729445929988,6.3357,1.1736983331234619e-05
6906,710.070667086,6.1978,1.1730850787222197e-05
6907,710.169740456,6.7121,1.1724819315123448e-05
6908,710.2666642730001,5.6284,1.1718699210925904e-05
6909,710.3642542140005,5.8348,1.1712717156358088e-05
6910,710.4631575049989,4.3903,1.170669316500001e-05
6911,710.5625452179993,6.3636,1.1700589913703703e-05
6912,710.6617313900006,5.4527,1.1694463402592632e-05
6913,710.7589230840003,5.4702,1.1688336345370415e-05
6914,710.8601994259989,6.3659,1.1682326882777783e-05
6915,710.9600809740004,6.3445,1.1676086166666727e-05
6916,711.0583241940003,6.0001,1.1669911357407448e-05
6917,711.1560887329997,6.4765,1.1663853589259276e-05
6918,711.2531165090004,4.9219,1.1657815580308606e-05
6919,711.3486317480001,5.3119,1.165183359679018e-05
6920,711.4464286130005,6.2228,1.1645928853395049e-05
6921,711.5424128639988,5.3217,1.1639902437901235e-05
6922,711.6403548769995,5.3629,1.1633971429382768e-05
6923,711.7385846149991,5.969,1.1627930043456825e-05
6924,711.8358823309991,5.6426,1.162186189407406e-05
6925,711.9339038210001,6.0604,1.1615850656851896e-05
6926,712.0297245719994,4.0497,1.1609804101543226e-05
6927,712.1253894519996,5.9124,1.1603887155493841e-05
6928,712.2218135959993,5.9562,1.1597990329135788e-05
6929,712.3205455080006,5.7603,1.15920402938889e-05
6930,712.4175897419991,5.9878,1.1585945993086473e-05
6931,712.5139867769994,5.963,1.1579948192222195e-05
6932,712.6106020919997,5.8238,1.1574002848580261e-05
6933,712.7026673159999,5.4618,1.1568049811481545e-05
6934,712.8001470549989,6.8706,1.1562350352469142e-05
6935,712.8949402409999,5.4162,1.1556322372716077e-05
6936,712.9920343350004,5.5865,1.1550479853271617e-05
6937,713.0896514060005,6.3641,1.1544490839074052e-05
6938,713.1875925139993,4.7915,1.1538453938642025e-05
6939,713.284125139,5.5412,1.153241814246917e-05
6940,713.3794643189995,5.8203,1.1526455185617291e-05
6941,713.475668653,6.2002,1.1520568355925904e-05
6942,713.5716237340002,5.203,1.1514629046604919e-05
6943,713.6676511459991,4.9128,1.1508713454506147e-05
6944,713.7622125899998,4.9805,1.1502786494691376e-05
6945,713.8602750509999,4.9679,1.1496937412530878e-05
6946,713.9570481789997,5.8311,1.149089177648151e-05
6947,714.0546405940004,5.9435,1.1484904837222227e-05
6948,714.1499734680001,4.7148,1.1478895774753145e-05
6949,714.2448671839993,5.8892,1.1473008591666695e-05
6950,714.3427777140005,5.9818,1.1467142158148203e-05
6951,714.438277874,5.5577,1.1461062779321036e-05
6952,714.5335887479996,6.481,1.1455204561975341e-05
6953,714.6307552159997,6.0208,1.14493255610494e-05
6954,714.7295955640002,5.6089,1.1443335952283935e-05
6955,714.8286142109991,5.9015,1.1437231868456837e-05
6956,714.9234605299989,4.7807,1.1431121429012381e-05
6957,715.0206031969992,6.3846,1.14252511214198e-05
6958,715.115925226999,6.1051,1.1419267150432112e-05
6959,715.2121163659995,6.1104,1.1413376014506194e-05
6960,715.3081019319998,5.5334,1.1407451963950623e-05
6961,715.4044847269997,6.1414,1.1401520699753093e-05
6962,715.5018631759995,6.569,1.1395571356111129e-05
6963,715.5995171679988,4.7405,1.1389561509814811e-05
6964,715.6976391859989,6.381,1.1383532833580246e-05
6965,715.7922317979992,5.4668,1.1377468947530923e-05
6966,715.8905015969995,5.8592,1.1371631301790109e-05
6967,715.9906721419993,6.8025,1.136558520753091e-05
6968,716.088389814,4.8215,1.1359400434012396e-05
6969,716.186166047999,5.4899,1.135334728487657e-05
6970,716.2826225070003,5.4633,1.1347319412222229e-05
6971,716.3778493600003,5.4758,1.1341356861604918e-05
6972,716.4729700989992,5.46,1.1335475295185194e-05
6973,716.5688815270005,5.9284,1.1329604617530891e-05
6974,716.6675111139994,6.0825,1.1323671669753128e-05
6975,716.7655750140002,6.0418,1.1317602913703712e-05
6976,716.8633243969998,6.4979,1.1311554727654305e-05
6977,716.9604777149998,5.2275,1.1305525313888932e-05
6978,717.0569396619994,5.6019,1.1299502336790135e-05
6979,717.1477180639995,6.3181,1.1293564792716066e-05
6980,717.2423763690003,5.905,1.1287979919321e-05
6981,717.3409568339994,5.9543,1.1282111896543263e-05
6982,717.4393894999994,6.2652,1.1276047280493856e-05
6983,717.5357603100001,4.7034,1.1269959631172916e-05
6984,717.6305401999998,5.8523,1.126400769956793e-05
6985,717.7252958909994,5.7753,1.1258160859691391e-05
6986,717.8225050740002,6.0218,1.1252311445617314e-05
6987,717.9203719399993,6.2313,1.124631893290129e-05
6988,718.0189328209999,5.6718,1.1240265367037012e-05
6989,718.1162937480003,5.6859,1.1234184921666741e-05
6990,718.2118300049988,5.9765,1.1228180384629622e-05
6991,718.3099254529989,5.3859,1.122227250888893e-05
6992,718.4078251520004,5.4479,1.1216228763456838e-05
6993,718.5030314830001,5.3263,1.1210170860308667e-05
6994,718.594858598999,6.2875,1.1204289048271588e-05
6995,718.693344035999,5.9192,1.119865361228401e-05
6996,718.7891285959995,4.2733,1.1192535798888942e-05
6997,718.8863798250004,5.0253,1.1186627456975284e-05
6998,718.9811697860005,5.6638,1.1180638125679027e-05
6999,719.07941441,6.2412,1.1174772348827162e-05
7000,719.1782798929999,5.8797,1.1168727479876617e-05
7001,719.275074707999,5.3888,1.1162621760246944e-05
7002,719.3725694080003,6.0559,1.1156640554691416e-05
7003,719.468733841999,6.2908,1.1150628637098836e-05
7004,719.5635926639989,6.1272,1.1144695697098822e-05
7005,719.6625931500002,5.4505,1.1138826615555626e-05
7006,719.761184039,5.3918,1.1132728432284028e-05
7007,719.8572924250002,6.3414,1.1126633331604925e-05
7008,719.9570323589996,6.0646,1.112071316895068e-05
7009,720.0568251959994,6.1412,1.1114546862098806e-05
7010,720.1524963119991,5.4487,1.1108390030802546e-05
7011,720.2488898089996,5.2284,1.110247503956796e-05
7012,720.3458313230003,5.5858,1.1096527301419829e-05
7013,720.4428174229997,5.6078,1.1090549484444501e-05
7014,720.5351532889999,6.6032,1.1084556608456758e-05
7015,720.632048170999,5.5355,1.1078870517901268e-05
7016,720.728418748,5.9274,1.1072871684629693e-05
7017,720.8268747290003,6.4822,1.1066933225246889e-05
7018,720.9263128029997,5.8337,1.1060865291172851e-05
7019,721.0222178290005,3.9496,1.1054723096172826e-05
7020,721.1204090539995,6.251,1.1048779896666672e-05
7021,721.219677695999,6.2033,1.1042723943827144e-05
7022,721.3185984310003,5.4639,1.1036602612839487e-05
7023,721.4147256590004,6.0351,1.103049402012346e-05
7024,721.5129095259999,5.8963,1.1024561636913632e-05
7025,721.610599837999,6.7128,1.1018500439567902e-05
7026,721.7088528629993,6.0629,1.1012479441543284e-05
7027,721.8079823489988,5.4916,1.1006403141604949e-05
7028,721.9062407250003,6.419,1.1000296952037009e-05
7029,722.0039565819989,5.6996,1.0994188769506237e-05
7030,722.1013160620005,6.2051,1.0988187313148191e-05
7031,722.1972972059993,5.1857,1.0982191203888931e-05
7032,722.2958768970002,6.5972,1.0976255252160538e-05
7033,722.3928922979994,6.471,1.0970177407592658e-05
7034,722.4875600319992,5.5657,1.0964185689691353e-05
7035,722.586870137,5.9462,1.0958335335000003e-05
7036,722.6874631749997,6.5494,1.0952219665246894e-05
7037,722.785678586999,5.0272,1.094598730827166e-05
7038,722.8841243819988,5.9145,1.0939942341666648e-05
7039,722.9812353019988,4.767,1.0933871515308619e-05
7040,723.0784711029992,5.7025,1.0927865995802533e-05
7041,723.1765445609999,6.7463,1.0921858257407387e-05
7042,723.2735087469991,5.9928,1.0915814656851853e-05
7043,723.3712610839993,7.1618,1.0909822781481532e-05
7044,723.4696149039992,6.5541,1.0903802461728413e-05
7045,723.5660864910005,5.3087,1.0897653377345662e-05
7046,723.6625676660005,5.6841,1.0891756550185234e-05
7047,723.7580891159996,6.0634,1.0885802486913638e-05
7048,723.856595498999,5.7739,1.0879915567839583e-05
7049,723.9556354319993,5.9976,1.0873842620432112e-05
7050,724.052993579,5.3825,1.0867732963888893e-05
7051,724.1472884699997,5.9029,1.086169241080252e-05
7052,724.2474449919991,6.1439,1.0855870163209874e-05
7053,724.3457051360001,6.1176,1.0849717814691402e-05
7054,724.4421115959994,5.5901,1.0843649660308657e-05
7055,724.5405194659998,6.414,1.0837688085432068e-05
7056,724.6370654700004,6.0333,1.08316195407408e-05
7057,724.7351797579995,5.7516,1.0825657054259258e-05
7058,724.8318486480002,5.7026,1.081959901481488e-05
7059,724.9287475789988,5.9685,1.0813633685246948e-05
7060,725.0250125959992,6.1517,1.0807658481419786e-05
7061,725.1214554620001,6.7207,1.0801699336234605e-05
7062,725.2150783399993,3.6851,1.0795748602160505e-05
7063,725.3101769929999,5.4629,1.0789970000740723e-05
7064,725.4067615860004,4.6999,1.0784102432160492e-05
7065,725.5010386089998,5.0072,1.0778145632284014e-05
7066,725.5981744349992,5.7757,1.0772318598333353e-05
7067,725.6988277790006,6.3077,1.0766334802037031e-05
7068,725.796861122999,6.1738,1.0760124421913582e-05
7069,725.8952106559991,5.6722,1.0754051488395112e-05
7070,725.9918132080002,6.3255,1.0748003159567949e-05
7071,726.0895848229993,6.1133,1.0742028839691375e-05
7072,726.1887761099988,6.6431,1.0736001642901305e-05
7073,726.2858562290003,5.7275,1.0729879987777818e-05
7074,726.381886367999,5.1181,1.0723881012407466e-05
7075,726.4778120999999,5.9391,1.0717949528950637e-05
7076,726.5754605919992,6.7931,1.0712028746666641e-05
7077,726.6759433120005,5.9142,1.0705996267839558e-05
7078,726.7740573110004,5.7283,1.0699797534567935e-05
7079,726.8724917439995,6.23,1.069373708796303e-05
7080,726.9714324830002,6.014,1.0687671338271593e-05
7081,727.0703495399994,6.5353,1.0681565566234592e-05
7082,727.1655422000003,4.2739,1.0675456085925956e-05
7083,727.264180745,6.4536,1.066956350944442e-05
7084,727.361561488,5.7941,1.0663479298827167e-05
7085,727.4594499569994,6.4491,1.0657477732037042e-05
7086,727.5560787800005,4.622,1.0651446776049357e-05
7087,727.6538642649994,5.6687,1.064546369462968e-05
7088,727.7519857089992,6.1678,1.0639426498703725e-05
7089,727.8465021289994,4.8071,1.0633379123024768e-05
7090,727.9457613249997,6.2146,1.0627536319197595e-05
7091,728.0429499689999,5.2715,1.0621423661604924e-05
7092,728.140179864,6.0983,1.0615425537654333e-05
7093,728.2365950029998,6.6228,1.0609411235061794e-05
7094,728.3343955839991,3.9559,1.0603465235123433e-05
7095,728.4303191119998,4.3801,1.059742179129629e-05
7096,728.5281383199999,6.2929,1.0591497953395063e-05
7097,728.6273625929989,6.3889,1.0585471876358027e-05
7098,728.7245041040005,6.05,1.0579349002963019e-05
7099,728.8207332919992,6.4342,1.0573340595555586e-05
7100,728.918270107999,6.4736,1.056739929716048e-05
7101,729.0158467620004,5.4642,1.0561391008024745e-05
7102,729.1136879869991,4.8443,1.0555359988703672e-05
7103,729.2113440079993,6.0555,1.0549323637592633e-05
7104,729.3079046019993,5.8186,1.0543298058456785e-05
7105,729.4044375599988,6.3951,1.053732848135805e-05
7106,729.5004270770005,6.099,1.0531373498765507e-05
7107,729.5977711579999,4.0172,1.0525454215555586e-05
7108,729.6950647140002,5.9695,1.0519437498024659e-05
7109,729.7915003569997,6.851,1.0513414041111157e-05
7110,729.8893590789994,5.6778,1.0507481341728409e-05
7111,729.9859299540003,5.9133,1.0501443397777755e-05
7112,730.0845377650003,6.5833,1.0495475616975299e-05
7113,730.181256292999,5.7934,1.0489387894691321e-05
7114,730.2765265919988,5.234,1.048341197506174e-05
7115,730.3729120600001,6.6855,1.0477533113209892e-05
7116,730.4688832039992,5.5396,1.047159302481484e-05
7117,730.5654316429991,4.7121,1.0465662837037082e-05
7118,730.6618983129993,4.2268,1.0459701736358008e-05
7119,730.7582423439999,4.7244,1.0453752839506214e-05
7120,730.8503199259994,6.7341,1.0447806172283937e-05
7121,730.9470723639988,5.3022,1.0442127633086447e-05
7122,731.046390780999,6.0816,1.0436145155987714e-05
7123,731.1442991450003,6.0091,1.0430021038580239e-05
7124,731.2435754839989,5.8819,1.0423982215987638e-05
7125,731.3421781109992,6.0929,1.041785209308649e-05
7126,731.4403751480004,5.7826,1.0411755409135771e-05
7127,731.5374272789995,5.4067,1.040569195382718e-05
7128,731.633853976,6.2989,1.0399702344876561e-05
7129,731.7307343329994,5.8063,1.03937586603087e-05
7130,731.8283741300002,5.5483,1.0387766657654369e-05
7131,731.9251650860006,6.1799,1.0381745769814805e-05
7132,732.0240011080004,5.5236,1.0375776960925937e-05
7133,732.1198793919993,5.5472,1.0369674020925973e-05
7134,732.2115604819992,6.3277,1.0363746703271632e-05
7135,732.3103054849998,5.2896,1.0358112172839524e-05
7136,732.4108991270004,6.2743,1.0351994964691392e-05
7137,732.5114697640001,5.8801,1.0345800119074077e-05
7138,732.610363971,6.455,1.0339585422592634e-05
7139,732.709466192,5.8377,1.03334706407408e-05
7140,732.8053205870001,4.9726,1.0327356191234605e-05
7141,732.9020540769998,5.1698,1.0321435195123458e-05
7142,732.9981444169989,6.5353,1.0315470119321058e-05
7143,733.0954997329991,5.9576,1.0309532366358054e-05
7144,733.1929888760005,6.2405,1.0303523740555571e-05
7145,733.2874764699991,5.56,1.0297512590617275e-05
7146,733.3840567349998,5.157,1.0291668809999983e-05
7147,733.4817281180003,6.2686,1.0285715685802443e-05
7148,733.5792452379992,4.7743,1.0279685572962943e-05
7149,733.6787528360001,6.2311,1.0273666178333353e-05
7150,733.7770740060005,6.2154,1.0267454788765441e-05
7151,733.8734272050006,6.0865,1.0261452270432092e-05
7152,733.9715850819994,5.5593,1.025550286012349e-05
7153,734.0676649220004,6.541,1.0249447622098746e-05
7154,734.1652235749989,6.3048,1.024350729197528e-05
7155,734.2622373159993,5.9079,1.023749633648145e-05
7156,734.3593859430002,5.1412,1.0231511212407413e-05
7157,734.4541921559994,6.4231,1.0225508975185177e-05
7158,734.5514687750001,6.6891,1.0219646765802471e-05
7159,734.6471335610004,6.1881,1.0213661897407384e-05
7160,734.743628414999,5.6557,1.0207737430000076e-05
7161,734.8398973059993,6.4419,1.0201789500308651e-05
7162,734.9374238340006,4.6512,1.0195850013024705e-05
7163,735.0342200260002,5.8513,1.0189827248333344e-05
7164,735.1333425339999,6.3619,1.0183860078703689e-05
7165,735.2295201319994,5.9286,1.0177754820679069e-05
7166,735.3277966650003,6.1786,1.017180781592591e-05
7167,735.4239554590004,5.9461,1.0165737262037106e-05
7168,735.5228531369994,6.5232,1.015979907796295e-05
7169,735.6220014869996,5.5777,1.0153696040123478e-05
7170,735.7191286729994,5.1582,1.014758343598765e-05
7171,735.8161887909991,5.338,1.0141585132098808e-05
7172,735.913991808,5.5686,1.0135596692962956e-05
7173,736.0098463060003,5.817,1.0129555045370448e-05
7174,736.101896184,6.4806,1.0123632601851929e-05
7175,736.1994407439997,5.2756,1.0117971966481516e-05
7176,736.2944397779993,6.2801,1.0111927971481494e-05
7177,736.3864746790005,6.192,1.010605653475315e-05
7178,736.4844443599995,5.264,1.0100397067160572e-05
7179,736.5809224579989,6.3041,1.0094337124444475e-05
7180,736.6806947099994,5.9013,1.0088369215123455e-05
7181,736.7758780749991,5.085,1.0082229325802538e-05
7182,736.8709063749993,5.6304,1.007634439320987e-05
7183,736.9692798039996,6.2032,1.007047499969135e-05
7184,737.063729685,4.5072,1.0064415043888864e-05
7185,737.1618411839991,5.9232,1.0058573792716124e-05
7186,737.2572203569998,3.1992,1.0052532312098761e-05
7187,737.3554354409989,4.8751,1.0046622871913552e-05
7188,737.4548654129994,6.7262,1.0040569497592561e-05
7189,737.552224957999,5.4991,1.0034360963333406e-05
7190,737.6501386170003,6.1819,1.002841291802466e-05
7191,737.7472487989999,6.2796,1.0022377393333393e-05
7192,737.8441522180001,5.3118,1.0016389178765485e-05
7193,737.940467131999,5.9185,1.0010413471543217e-05
7194,738.0372123340003,5.2845,1.000442834518523e-05
7195,738.1332584539996,5.9401,9.998484102283955e-06
7196,738.2249646599994,6.5587,9.992562657592618e-06
7197,738.3223795720005,6.1716,9.986899850185261e-06
7198,738.4200938369995,5.8244,9.980879467284015e-06
7199,738.5182669829992,4.7423,9.97485940487658e-06
7200,738.6173854150002,5.7677,9.96878598358027e-06
7201,738.7175641559988,6.0699,9.962679249999978e-06
7202,738.8164270889993,5.0064,9.956498156049444e-06
7203,738.9129501209991,4.2705,9.950379264197562e-06
7204,739.009147110999,5.8276,9.944423191358016e-06
7205,739.105535671999,5.9892,9.938492069197514e-06
7206,739.2014058799996,5.5971,9.932544017963013e-06
7207,739.2957424399992,5.9222,9.926628263765452e-06
7208,739.3909156609989,4.153,9.920793671111107e-06
7209,739.4864346859995,6.2271,9.914929790246913e-06
7210,739.5844273719995,5.6179,9.909031615864223e-06
7211,739.6817512609996,5.7987,9.902979154444497e-06
7212,739.779667978999,6.5122,9.896977573580218e-06
7213,739.8770905769998,4.4239,9.890943743148119e-06
7214,739.972909013999,5.0723,9.884908628703748e-06
7215,740.0701222280004,5.9532,9.878993605370401e-06
7216,740.166028091,5.115,9.872996755617287e-06
7217,740.264395999,6.0236,9.867086934135855e-06
7218,740.3617922909998,5.367,9.861010125925957e-06
7219,740.4584470360005,6.0267,9.85500278611114e-06
7220,740.5539905599999,5.0036,9.849031063024738e-06
7221,740.6520295850005,4.8139,9.843116453827222e-06
7222,740.7503702840004,6.2238,9.83708464228394e-06
7223,740.8417756460003,6.2402,9.831022724876542e-06
7224,740.9389331459988,6.0716,9.82538230820988e-06
7225,741.0347990989994,6.6993,9.819374663456759e-06
7226,741.1320678029988,6.1287,9.813457927716125e-06
7227,741.2296773159997,5.8229,9.807452226419783e-06
7228,741.3279081299988,5.7497,9.801435646851909e-06
7229,741.4261886080003,5.9475,9.795361285432142e-06
7230,741.521398982999,5.9482,9.789297563950606e-06
7231,741.6162820239988,5.06,9.783404236728461e-06
7232,741.7140323459989,6.1662,9.777548023024746e-06
7233,741.8103394850004,4.6583,9.77152304703704e-06
7234,741.9060338029994,5.514,9.765563112222271e-06
7235,742.0040793619992,6.3111,9.759661292654316e-06
7236,742.1001446509999,5.077,9.753630581234586e-06
7237,742.1977996160003,5.4967,9.747683294567934e-06
7238,742.2956363949997,5.6529,9.741667127098842e-06
7239,742.3927921209997,5.2723,9.735627882530901e-06
7240,742.4889730350005,5.5577,9.729626807716102e-06
7241,742.5870628889988,6.1886,9.723691085308717e-06
7242,742.6835300290004,6.1596,9.717654069321008e-06
7243,742.779022191,5.438,9.711671823703716e-06
7244,742.87639304,6.0822,9.705786399629651e-06
7245,742.9732121119996,4.8,9.699773700493792e-06
7246,743.0687036029994,5.7845,9.693801078888942e-06
7247,743.1653014679996,5.2012,9.68789967030862e-06
7248,743.2616641280001,6.1453,9.68193599117288e-06
7249,743.3605210400001,6.3203,9.675993565555541e-06
7250,743.457321644999,6.3159,9.669889960185197e-06
7251,743.5558881319994,5.8936,9.663907379629645e-06
7252,743.6534306470003,6.3009,9.657830244876564e-06
7253,743.748625672999,6.572,9.651799039320959e-06
7254,743.8462498209992,6.4416,9.645927371666742e-06
7255,743.9436726370004,5.331,9.639892995185251e-06
7256,744.043695843,5.964,9.63388814259265e-06
7257,744.1407744789994,5.9161,9.627718015000015e-06
7258,744.2353999890001,3.8105,9.621716529444496e-06
7259,744.3320778319994,5.6838,9.615876787283922e-06
7260,744.4312408589994,6.2602,9.609912482160494e-06
7261,744.5300669839999,3.9604,9.60379885864201e-06
7262,744.6300018339989,5.5664,9.597690301913565e-06
7263,744.7214520159996,5.9901,9.591527685555618e-06
7264,744.8207247150003,4.7793,9.585891601358032e-06
7265,744.9191845839996,5.8861,9.579750813086492e-06
7266,745.0189332989994,5.0149,9.573680232777766e-06
7267,745.1176813250004,6.1978,9.567528223641953e-06
7268,745.2136502249996,5.9911,9.561429777654385e-06
7269,745.3097997589994,4.7745,9.555491936296363e-06
7270,745.4017958439999,6.7448,9.54956498567905e-06
7271,745.4973019939989,4.6656,9.543898567962972e-06
7272,745.596919005,5.1213,9.537969582284007e-06
7273,745.6931528650002,5.0649,9.531830535308673e-06
7274,745.7914826489996,6.3691,9.525884374382787e-06
7275,745.8896213129992,6.0922,9.519831408086494e-06
7276,745.989555565,6.2593,9.513764719629675e-06
7277,746.087088241,6.3373,9.507605133950604e-06
7278,746.1872973989994,5.9505,9.501581283642019e-06
7279,746.2836473869993,5.8096,9.495396328086458e-06
7280,746.3811608569995,5.7442,9.489445830000071e-06
7281,746.4795432009996,5.8372,9.483428753148117e-06
7282,746.577095908,5.7721,9.477364081296264e-06
7283,746.6752387079996,5.8169,9.471320113827215e-06
7284,746.7698434659997,5.373,9.465276369753078e-06
7285,746.8659870520005,6.3466,9.45943720882721e-06
7286,746.9637096549995,6.2012,9.453491455370444e-06
7287,747.0548529240004,5.7241,9.447471876172825e-06
7288,747.1541303829999,5.9511,9.441856595925923e-06
7289,747.2515357760003,5.7932,9.435719325617277e-06
7290,747.3496153269989,6.3754,9.429711098148209e-06
7291,747.4490502629997,6.2646,9.423651151234624e-06
7292,747.5442988670002,5.7361,9.417529602777802e-06
7293,747.6401505419999,5.445,9.411624555740794e-06
7294,747.7348286050001,5.0237,9.405718899321009e-06
7295,747.8310971139999,6.0692,9.399872826851841e-06
7296,747.925937001999,4.9125,9.393920668703743e-06
7297,748.0223511269996,6.3521,9.388063750987691e-06
7298,748.1196174019988,5.7755,9.382115004197577e-06
7299,748.2177511810005,6.0596,9.37611705685188e-06
7300,748.3176191780003,6.1051,9.37006611320994e-06
7301,748.414516589999,6.0937,9.363898191605014e-06
7302,748.5105747670004,5.7836,9.357908044629665e-06
7303,748.6059854800005,5.5931,9.351985345925913e-06
7304,748.7017732690001,5.519,9.34608698623457e-06
7305,748.792943512999,6.7163,9.34017354154318e-06
7306,748.888737625999,4.8337,9.334566453271581e-06
7307,748.9883008699999,6.1393,9.328627290555524e-06
7308,749.0843623540004,6.1289,9.322505197592645e-06
7309,749.1823978259999,5.9758,9.316563391543198e-06
7310,749.2800949829998,5.5326,9.310520198024719e-06
7311,749.3764218689994,6.2673,9.304476596481538e-06
7312,749.4715364999993,4.9774,9.298540307901232e-06
7313,749.5675120519991,6.7967,9.292660317530843e-06
7314,749.6638041440001,4.8967,9.28674157506178e-06
7315,749.7616923120004,5.8555,9.280801381728454e-06
7316,749.8597484559996,5.8829,9.27476151450618e-06
7317,749.9578127829991,6.7782,9.268701538395125e-06
7318,750.0525154829993,6.783,9.262648251604916e-06
7319,750.1505868940003,6.2752,9.256791998642022e-06
7320,750.2487533169988,5.954,9.250747912777757e-06
7321,750.3456329269993,6.4864,9.244695604382758e-06
7322,750.4369615510004,5.8213,9.238682876296334e-06
7323,750.5352117319999,4.8622,9.233081206543215e-06
7324,750.6337893349992,5.7085,9.227000465370345e-06
7325,750.7297239700001,5.7509,9.220918491975322e-06
7326,750.8256416169988,5.7425,9.214986802407461e-06
7327,750.9247018329988,5.594,9.209067479382782e-06
7328,751.0243369219988,6.7647,9.202967559382764e-06
7329,751.1206696419995,5.261,9.196822016851853e-06
7330,751.2187565429995,5.5618,9.190855437901286e-06
7331,751.3164385179989,5.6654,9.184814294876559e-06
7332,751.4134290139991,5.7083,9.178781878642024e-06
7333,751.509680580999,4.073,9.17278917790122e-06
7334,751.606129586,6.2507,9.166846294320963e-06
7335,751.7029995619996,5.8098,9.160896080740805e-06
7336,751.8020921089992,5.546,9.154928900864174e-06
7337,751.8992144570002,5.9899,9.148809195864183e-06
7338,751.9944716579994,4.7578,9.142799520308654e-06
7339,752.0905128689992,5.4537,9.13691357598767e-06
7340,752.1879970129994,6.2277,9.130988691728404e-06
7341,752.2835580049996,5.6162,9.124990202777822e-06
7342,752.3791581280002,6.561,9.119078303209916e-06
7343,752.4772512179989,5.1322,9.113180764753105e-06
7344,752.5745168159992,5.8277,9.107140334814784e-06
7345,752.6729275460002,5.1653,9.101127721728459e-06
7346,752.7710647690001,6.8756,9.095061588765402e-06
7347,752.8671134399992,5.2506,9.08898835537036e-06
7348,752.9625658839996,5.876,9.08306229401239e-06
7349,753.0571886819998,4.4814,9.07717222740746e-06
7350,753.1542521739993,5.0977,9.071318297654352e-06
7351,753.2512435429999,5.3312,9.065331160740759e-06
7352,753.3474186740004,6.0433,9.059341808703753e-06
7353,753.4453562540002,5.5812,9.053408117283935e-06
7354,753.5431618629991,5.8181,9.047375296481453e-06
7355,753.6399295150004,6.1562,9.041325093765429e-06
7356,753.7380428069991,5.3767,9.03535334555553e-06
7357,753.834786812,4.7732,9.0293000241358e-06
7358,753.9310277900004,4.8633,9.023332463024709e-06
7359,754.0277606300006,6.1093,9.017390837777756e-06
7360,754.119182082999,5.9242,9.011429514691406e-06
7361,754.2166518430004,5.7941,9.005791113456807e-06
7362,754.3131634990004,6.1223,8.999763073703705e-06
7363,754.4107961810005,6.9348,8.993796874876553e-06
7364,754.508045790999,5.6406,8.987779503518534e-06
7365,754.6026585519994,4.7423,8.981757015308628e-06
7366,754.6992305299991,5.4647,8.975917863086397e-06
7367,754.795561076,4.4363,8.969973489506234e-06
7368,754.8930291550005,6.1403,8.964022348271572e-06
7369,754.9895228149999,6.2389,8.958002299382706e-06
7370,755.0865975729994,6.5634,8.952019870987637e-06
7371,755.1784930539998,6.0871,8.946062444074077e-06
7372,755.2742396510002,4.9402,8.940391015617306e-06
7373,755.3696410800003,4.847,8.934467702469147e-06
7374,755.4678488379996,6.087,8.928585405925937e-06
7375,755.5646385170003,5.5794,8.92253216796302e-06
7376,755.6605689549997,5.5134,8.916543788209875e-06
7377,755.760692066,5.4189,8.910610586728447e-06
7378,755.8594428180004,5.8094,8.904445615679058e-06
7379,755.9571506579996,4.997,8.898347300555543e-06
7380,756.0554131979989,6.049,8.892322286234545e-06
7381,756.1516434940004,5.6413,8.886261966543225e-06
7382,756.2490038069991,6.426,8.880311296605014e-06
7383,756.3458759280002,5.2584,8.874293570432112e-06
7384,756.443876194,6.871,8.868315812345668e-06
7385,756.5390524060003,6.235,8.862275696543226e-06
7386,756.6369093640005,6.1578,8.856390166975298e-06
7387,756.7342198469996,6.1992,8.850358074444409e-06
7388,756.8320428779989,6.3454,8.844341254753092e-06
7389,756.9281771669994,5.6587,8.83831703413588e-06
7390,757.0266548239997,5.4408,8.832380526234635e-06
7391,757.1218009450004,3.2151,8.826313018950639e-06
7392,757.2132310790003,6.4866,8.82042034845676e-06
7393,757.3117440679998,6.5177,8.814768596111105e-06
7394,757.4084294259992,6.5955,8.808700899753153e-06
7395,757.5053257990003,5.646,8.802732671913616e-06
7396,757.6015017419995,6.266,8.796750551666694e-06
7397,757.6967049129998,5.3079,8.790810574012393e-06
7398,757.7935576149994,5.091,8.7849282524692e-06
7399,757.8924013010001,5.7687,8.778963047469142e-06
7400,757.991162151,5.7268,8.772867585246919e-06
7401,758.08883694,5.9322,8.766771737222213e-06
7402,758.1833840210002,6.9231,8.760738034259275e-06
7403,758.2795291740003,5.9794,8.754887475740731e-06
7404,758.3768041709991,5.9613,8.748965286975276e-06
7405,758.4737528679998,6.8481,8.742959169012355e-06
7406,758.5716299569995,6.0899,8.736971486851858e-06
7407,758.6675444430002,4.8569,8.730937230555603e-06
7408,758.764799388,6.6935,8.725014921913577e-06
7409,758.8624110689998,5.7179,8.719007986913613e-06
7410,758.9618972919998,6.1086,8.712988481172851e-06
7411,759.0597252440002,5.6222,8.706851697839558e-06
7412,759.156188338,6.1928,8.700803453333339e-06
7413,759.2552121459994,6.5325,8.694847440987652e-06
7414,759.3543057940005,7.0419,8.688737167407407e-06
7415,759.4499514159997,5.4213,8.682616740432109e-06
7416,759.5465042579999,6.2913,8.676704453209932e-06
7417,759.6436327249994,5.814,8.67074090376544e-06
7418,759.7342714999995,6.3829,8.664755591851892e-06
7419,759.8298755710002,5.4995,8.659180275802513e-06
7420,759.9265590390005,6.0354,8.653252844814808e-06
7421,760.0222031430003,5.6204,8.647291051358008e-06
7422,760.1186883739992,6.188,8.641374447222267e-06
7423,760.2156791220004,6.2365,8.635439676111079e-06
7424,760.3121492640003,6.1105,8.629442021358025e-06
7425,760.4086556639995,6.773,8.62348081944444e-06
7426,760.5066866590005,5.2548,8.617529727037065e-06
7427,760.6015381939997,3.2775,8.611486181790152e-06
7428,760.7010371079996,6.2669,8.605622059321044e-06
7429,760.8007559149992,6.4457,8.59949217975307e-06
7430,760.8985259669989,5.3319,8.593334906481464e-06
7431,760.9952123429994,5.4316,8.587293346605002e-06
7432,761.0925060579993,5.9869,8.581328382222208e-06
7433,761.1887511269997,4.8451,8.575320339444454e-06
7434,761.2876701530004,5.3317,8.569382053580211e-06
7435,761.3851674329999,5.9586,8.563272681790124e-06
7436,761.4835223640002,6.0598,8.557254368518519e-06
7437,761.5810574730003,4.5492,8.551183463580258e-06
7438,761.6787551050002,6.2317,8.545165603703782e-06
7439,761.7765914190004,6.3787,8.539139378950651e-06
7440,761.8747674539991,6.2619,8.533091732592596e-06
7441,761.9727883510004,6.6028,8.527043114012328e-06
7442,762.0704297989996,6.3246,8.520986573703676e-06
7443,762.168493060999,6.1163,8.514960452592636e-06
7444,762.265399689999,6.0465,8.508907709876529e-06
7445,762.3617770159999,5.6863,8.502909777962936e-06
7446,762.4574294169997,5.6743,8.496957611481505e-06
7447,762.5549403579989,5.2175,8.49104771432102e-06
7448,762.6524608269992,5.506,8.485049132283995e-06
7449,762.7514139119994,6.1229,8.47902170820985e-06
7450,762.8509265209996,6.2557,8.47292238080245e-06
7451,762.9479966750005,6.1922,8.466788920432122e-06
7452,763.0453135669995,6.3226,8.460777727407471e-06
7453,763.1449794669988,6.381,8.454774174197606e-06
7454,763.2421175979998,4.7247,8.448621112777766e-06
7455,763.3396795979988,6.0073,8.442622901296281e-06
7456,763.4397676259996,6.4098,8.436605091111111e-06
7457,763.5348851899998,5.1119,8.43044153839513e-06
7458,763.6343011589997,5.7433,8.42454169067906e-06
7459,763.7314116599991,7.0496,8.418418410740708e-06
7460,763.8297234359998,5.2471,8.412414739259251e-06
7461,763.9275898569995,5.3568,8.406357910555557e-06
7462,764.0264926,5.4875,8.40031248944449e-06
7463,764.1238890429995,6.2686,8.394218379938329e-06
7464,764.2201595259994,4.7087,8.388205644691376e-06
7465,764.318213302,5.0674,8.382236256419795e-06
7466,764.4145037830003,5.7652,8.37619451858026e-06
7467,764.5116189660002,5.8,8.370246840555568e-06
7468,764.6101578639991,5.7596,8.364264372901204e-06
7469,764.7079969579991,6.1297,8.35817010358032e-06
7470,764.805110587,5.7571,8.352137166358027e-06
7471,764.9028487889991,6.2701,8.346141288950631e-06
7472,765.0016291789998,5.9316,8.340113151604929e-06
7473,765.0988787679998,5.4767,8.334020157901229e-06
7474,765.1956530240004,4.5414,8.328015489074054e-06
7475,765.2940572730004,6.2328,8.322034558888936e-06
7476,765.3915859970002,6.7779,8.3159668466667e-06
7477,765.489099725999,5.6454,8.309943417160542e-06
7478,765.5860382289993,6.5719,8.303923231172872e-06
7479,765.6840719299998,4.8578,8.297937643086428e-06
7480,765.7815576800003,5.8489,8.291895091049385e-06
7481,765.8781045479991,5.8138,8.285863509074127e-06
7482,765.975027860999,5.308,8.279902735246898e-06
7483,766.0736627759998,6.6199,8.273924995432093e-06
7484,766.1699048930004,4.4,8.267842820370431e-06
7485,766.2669989789993,6.5585,8.26189175623464e-06
7486,766.3670546470003,5.4088,8.255913046419822e-06
7487,766.4659572339988,5.076,8.249737745740793e-06
7488,766.5632807759994,6.2966,8.243624043641967e-06
7489,766.6616940069998,5.8283,8.237605244012343e-06
7490,766.7589703539998,6.2731,8.231542525185165e-06
7491,766.8538500659997,6.2135,8.225537610864258e-06
7492,766.9515430560004,6.2216,8.219671778024684e-06
7493,767.0479848920004,6.1751,8.213649260864214e-06
7494,767.1463966899992,6.0466,8.207689403395114e-06
7495,767.2443088119999,6.5962,8.201628691543273e-06
7496,767.3427222890004,5.1834,8.195584410493806e-06
7497,767.4405700059997,5.4412,8.189507603827134e-06
7498,767.5400375280005,6.4275,8.183464613148206e-06
7499,767.6385781879999,6.0651,8.177336825987659e-06
7500,767.7348658749997,4.949,8.171233531666639e-06
7501,767.8315003249991,5.7806,8.165281365370365e-06
7502,767.9272101759998,5.7896,8.159332813271631e-06
7503,768.0246785679992,3.774,8.153420960617254e-06
7504,768.1189896830001,6.4974,8.147406443148176e-06
7505,768.2119924830004,5.1469,8.141576675740715e-06
7506,768.3098945080001,5.6163,8.135828391790107e-06
7507,768.4083071579989,6.1584,8.12980483209876e-06
7508,768.5049246569997,5.512,8.123726390061692e-06
7509,768.6028333020004,5.9683,8.117757622284006e-06
7510,768.7011794339996,5.5457,8.111712745432087e-06
7511,768.7996293710003,6.4907,8.10564754574073e-06
7512,768.8957565719993,5.7475,8.099570097839531e-06
7513,768.9931705759991,6.4142,8.093633732962953e-06
7514,769.0897738109998,5.5722,8.087623150123464e-06
7515,769.1866958049995,7.0372,8.081659901913613e-06
7516,769.2811835199991,5.4589,8.075681976111183e-06
7517,769.3774736249998,6.0069,8.069836417469135e-06
7518,769.4748141269993,4.7443,8.06389607907409e-06
7519,769.5737054620004,6.7501,8.057891980308657e-06
7520,769.669403337999,5.6974,8.051793406543262e-06
7521,769.7634889399997,3.8659,8.045877765802468e-06
7522,769.8602492320006,6.2948,8.040063873148162e-06
7523,769.9578305609994,5.8388,8.034103859259229e-06
7524,770.0574202829994,5.8274,8.028070545308619e-06
7525,770.1526822889991,6.0616,8.02194418617288e-06
7526,770.2489998389992,7.1973,8.01604258148147e-06
7527,770.3442192219991,5.1877,8.010095516234556e-06
7528,770.4394407769996,4.3161,8.004221694876563e-06
7529,770.5376552950001,5.6436,7.99834960771612e-06
7530,770.637241245,5.3339,7.99229887376548e-06
7531,770.7369171350001,6.1798,7.986140337222232e-06
7532,770.8359971770005,6.0414,7.979993077160542e-06
7533,770.9332256779999,5.081,7.973873965061718e-06
7534,771.0308334799993,5.1983,7.967858882962947e-06
7535,771.1271911370004,5.2202,7.961834295185194e-06
7536,771.2245256639999,6.1939,7.955895721419732e-06
7537,771.3215972790003,5.6074,7.949891493827178e-06
7538,771.4208595199998,5.7318,7.943891345061794e-06
7539,771.5199151380002,6.1029,7.937762830246987e-06
7540,771.6194520529989,6.4229,7.931649343518526e-06
7541,771.7161401960002,6.0594,7.925515441296356e-06
7542,771.8136863139989,6.2959,7.919540994691355e-06
7543,771.9098896329997,5.0196,7.913519722592638e-06
7544,772.0074424039994,6.3727,7.907574827777802e-06
7545,772.1049289570001,5.6639,7.901560827839506e-06
7546,772.2022563909995,5.9622,7.895541631234642e-06
7547,772.2990345639992,5.837,7.889535536358068e-06
7548,772.395877601999,5.5664,7.883558623456855e-06
7549,772.4919322690002,4.9718,7.877576402962955e-06
7550,772.5907340699996,6.6246,7.871643066666679e-06
7551,772.6894959519996,6.3133,7.865550706111086e-06
7552,772.7876219230002,5.3205,7.859450261604918e-06
7553,772.8850425809997,5.3683,7.853393041172868e-06
7554,772.9830618630003,5.8616,7.847384623950637e-06
7555,773.0806374749991,5.5486,7.841340113456768e-06
7556,773.1718012689998,5.8727,7.835308649567945e-06
7557,773.2697714289989,5.6601,7.829695315432095e-06
7558,773.3685094569992,6.2255,7.823640052962938e-06
7559,773.4661072870003,5.5504,7.817545935679027e-06
7560,773.5628865849994,4.7934,7.811514765370375e-06
7561,773.6605910639992,6.0734,7.805542261913607e-06
7562,773.7574348059989,6.4838,7.799510558148137e-06
7563,773.8568779649995,5.9007,7.793533916419733e-06
7564,773.9547114689994,5.491,7.787403008888861e-06
7565,774.0514715009995,5.6078,7.781356004321023e-06
7566,774.149872562999,6.2717,7.775373752037024e-06
7567,774.2462143409994,5.6732,7.76931466141978e-06
7568,774.3448022190005,5.904,7.763359895987627e-06
7569,774.4437032829992,5.4599,7.757282275370354e-06
7570,774.5419890329995,5.7804,7.751187743703704e-06
7571,774.6367213609992,5.6615,7.745107469321023e-06
7572,774.7319974419988,5.5916,7.739248031419739e-06
7573,774.8284773739997,5.1013,7.733370753765506e-06
7574,774.9242422829993,4.5794,7.727419893086491e-06
7575,775.0210191499991,5.7236,7.721503973765453e-06
7576,775.1187079629999,5.6441,7.715530948641942e-06
7577,775.2146589509994,5.0829,7.70951000913578e-06
7578,775.3097271369988,5.6674,7.703583418086413e-06
7579,775.4059815799992,6.3413,7.69769897555554e-06
7580,775.5031441829997,5.2419,7.691765902777831e-06
7581,775.598821010999,6.0311,7.685772027963018e-06
7582,775.6972346450002,5.9158,7.679858036234588e-06
7583,775.7966695979994,5.848,7.673797807222254e-06
7584,775.8923697899991,6.0364,7.667662858148217e-06
7585,775.9888682679994,6.4645,7.661737186604956e-06
7586,776.0860061160001,6.0648,7.65579078364198e-06
7587,776.1838911140003,5.898,7.64979469006173e-06
7588,776.2798134330005,3.3018,7.643763850000041e-06
7589,776.3761956950002,4.2358,7.637821882283979e-06
7590,776.4721426759988,5.9863,7.631879874197583e-06
7591,776.570541351999,5.8564,7.625950094506162e-06
7592,776.6672439649992,5.5883,7.619884111728415e-06
7593,776.7665567490003,6.8869,7.61390689024688e-06
7594,776.8647842319988,4.6216,7.6077870085185905e-06
7595,776.9631066210004,6.8455,7.6017186608025425e-06
7596,777.0605990570002,5.9115,7.595655088024739e-06
7597,777.1555737479994,5.3952,7.589632546234588e-06
7598,777.2527756639993,6.3518,7.583763246543246e-06
7599,777.3488428460005,5.9639,7.577772071481487e-06
7600,777.4481476929996,6.0642,7.571827719074137e-06
7601,777.5445948220004,5.2465,7.5657182167900906e-06
7602,777.6397154379993,4.8453,7.559759023518576e-06
7603,777.7366813829994,6.9886,7.553882238518534e-06
7604,777.8332983079999,5.5681,7.547900271913561e-06
7605,777.9285172199998,5.9857,7.541939011728427e-06
7606,778.025470646,5.1609,7.536055937407471e-06
7607,778.1224161729988,5.5208,7.530074438456813e-06
7608,778.220455576,6.0652,7.524088202037072e-06
7609,778.3159552100005,5.0217,7.518044465432134e-06
7610,778.4128223120006,5.806,7.5121401751852175e-06
7611,778.5102687500003,6.4444,7.506170565987719e-06
7612,778.6086768419991,6.3389,7.500154822037075e-06
7613,778.7065299810001,5.4471,7.494079386543257e-06
7614,778.8048344349991,6.4843,7.488035338580213e-06
7615,778.9010409379989,7.1711,7.481969972407421e-06
7616,778.9970643069992,5.652,7.476033620061773e-06
7617,779.0935478920001,5.5151,7.470100902283989e-06
7618,779.1904401350002,5.8402,7.464140156728461e-06
7619,779.2886382969991,5.7855,7.4581595374691505e-06
7620,779.3876934210002,6.102,7.452098402839475e-06
7621,779.4843619809999,6.0254,7.445990115123514e-06
7622,779.5812992600004,6.6491,7.440020863086495e-06
7623,779.6782852329998,5.8879,7.434026838950614e-06
7624,779.7758527770002,6.4626,7.428048600925952e-06
7625,779.8723377469996,5.8967,7.422033921604992e-06
7626,779.9672183439998,3.9942,7.416065463086491e-06
7627,780.061982403,6.3915,7.410207416049409e-06
7628,780.1589478320002,5.782,7.404356514876604e-06
7629,780.2563581489994,5.8719,7.398387696111181e-06
7630,780.3542135899988,6.1082,7.392373187530899e-06
7631,780.4502517099991,6.0685,7.38633003376542e-06
7632,780.5472398319998,5.4356,7.380393395308682e-06
7633,780.6444072539998,4.5827,7.374412274567916e-06
7634,780.7412827539993,5.6504,7.368412861913631e-06
7635,780.8386134039993,5.6795,7.362432573209943e-06
7636,780.9351120749998,5.0852,7.3564267779012765e-06
7637,781.0329678750004,5.883,7.350466940987655e-06
7638,781.1307347959992,5.6006,7.34442657228393e-06
7639,781.2249425789996,4.3492,7.338387647098754e-06
7640,781.3209305969995,5.7108,7.332567513888949e-06
7641,781.4190428290003,6.7291,7.326647011666666e-06
7642,781.5158914919994,6.245,7.320603265802506e-06
7643,781.6141103099999,6.1928,7.31461234845685e-06
7644,781.7115516039994,6.8064,7.308561108086426e-06
7645,781.809244525999,6.3379,7.302547807716065e-06
7646,781.9074622749995,5.5442,7.296517264691416e-06
7647,782.0048133639993,6.383,7.29044747833339e-06
7648,782.1037704279988,6.6312,7.284435631358022e-06
7649,782.2021774959994,6.8477,7.278336102962957e-06
7650,782.2999759399991,5.4109,7.272260343888887e-06
7651,782.3961591379993,6.0137,7.266226723703778e-06
7652,782.4938463750004,6.4944,7.260281852654377e-06
7653,782.5927044069995,6.0013,7.2542561508025405e-06
7654,782.690126133999,5.6957,7.248152590432089e-06
7655,782.7860415609994,5.7172,7.242132332777807e-06
7656,782.884328524,5.6305,7.236213647654299e-06
7657,782.9837653159993,6.8551,7.230146924814874e-06
7658,783.0821364709991,5.97,7.224008300308699e-06
7659,783.1782027649988,4.9051,7.2179228631481295e-06
7660,783.2754278760003,5.7726,7.2120017480864166e-06
7661,783.3669121999992,6.6097,7.206004134012362e-06
7662,783.4651801090004,5.7869,7.200370824074087e-06
7663,783.5634840319999,5.0301,7.194287871604982e-06
7664,783.6597676889996,5.5534,7.188227912098832e-06
7665,783.7552569139989,6.0588,7.182280373950606e-06
7666,783.852644822,5.8396,7.1763813211111256e-06
7667,783.9440794419988,6.3296,7.170375763086479e-06
7668,784.0422843020006,4.8462,7.164745416049401e-06
7669,784.1383112179992,5.952,7.15867328092591e-06
7670,784.2356433330006,6.5442,7.152743851296312e-06
7671,784.3315231500001,6.7631,7.14672733030865e-06
7672,784.4268047499991,5.5835,7.140807646543224e-06
7673,784.5228715419998,6.2433,7.134935554506206e-06
7674,784.6190508399995,5.888,7.1290053405555445e-06
7675,784.7164735450006,6.2788,7.123061830987715e-06
7676,784.8116280779996,4.9333,7.11705683864205e-06
7677,784.9087042459996,6.5768,7.111176237098738e-06
7678,785.0055685089992,5.4862,7.1051946214814705e-06
7679,785.1038670670005,6.1891,7.0991935649383055e-06
7680,785.2033077109991,6.3056,7.093140260555553e-06
7681,785.2986869269989,6.7223,7.087001276851857e-06
7682,785.3969902019999,5.8635,7.0811009161111606e-06
7683,785.4937003599989,5.6867,7.075047875308616e-06
7684,785.592580863,5.5278,7.069075412963022e-06
7685,785.6904373059988,6.1086,7.062984138395079e-06
7686,785.7891108229996,5.5401,7.056923614629657e-06
7687,785.8847723250001,5.598,7.0508382195061566e-06
7688,785.978386757999,5.4708,7.044932309938279e-06
7689,786.0745863419997,6.1066,7.039145495493899e-06
7690,786.1702893000001,5.8206,7.0332190182098524e-06
7691,786.2671231389995,6.3015,7.027311943642034e-06
7692,786.3642283360005,5.7471,7.0213389809259175e-06
7693,786.4621793789993,6.5756,7.015338068209914e-06
7694,786.5617196299991,5.8682,7.009296956358063e-06
7695,786.6585364809998,5.8457,7.003138809629639e-06
7696,786.7533385909992,6.0652,6.997163601543233e-06
7697,786.8500199139999,4.6769,6.991312909876574e-06
7698,786.9467413990005,6.2462,6.98535333129628e-06
7699,787.0420416460001,6.5597,6.979378353024701e-06
7700,787.1362076519999,6.2672,6.973493937283942e-06
7701,787.233780651999,6.6087,6.967675438950605e-06
7702,787.3320778879988,6.8806,6.96167159425925e-06
7703,787.4298243230005,6.7422,6.9556002667284296e-06
7704,787.5271464429989,6.0987,6.949557746975299e-06
7705,787.6180531890004,6.443,6.943546955370401e-06
7706,787.7158375340005,6.7396,6.93796071567906e-06
7707,787.8138742680003,6.1719,6.9318962791358355e-06
7708,787.9114640400003,6.0445,6.925850890925906e-06
7709,788.0080370079995,5.3481,6.919831274259242e-06
7710,788.1060495689999,5.8398,6.913866729876611e-06
7711,788.2033561349999,5.3903,6.907818742037092e-06
7712,788.3002488950005,5.3195,6.901811576419814e-06
7713,788.3974606880001,5.172,6.8958195574073845e-06
7714,788.4941711310003,4.335,6.889827567345741e-06
7715,788.5885067629988,6.4097,6.883859272716054e-06
7716,788.6833797170002,5.5146,6.878027500493816e-06
7717,788.7797175180003,6.378,6.872183114506181e-06
7718,788.8762702530003,6.2877,6.866238869753133e-06
7719,788.9745609229994,5.9791,6.8602811978395524e-06
7720,789.0707078889991,6.0933,6.85422663216056e-06
7721,789.1642726589998,5.0819,6.8482761937654405e-06
7722,789.2632111219991,6.9661,6.842483182222225e-06
7723,789.3596533599994,5.8658,6.836395943580249e-06
7724,789.458178556999,5.7359,6.8304341964197605e-06
7725,789.5569835610004,6.381,6.8243568202469295e-06
7726,789.653952704999,5.5486,6.818253967160526e-06
7727,789.7504302489997,5.7475,6.812263762901272e-06
7728,789.8458429399998,6.0711,6.806319462222277e-06
7729,789.9427297019993,5.7926,6.80042409395063e-06
7730,790.0409411349992,5.7066,6.794445651172887e-06
7731,790.1387756179993,6.412,6.788377009444486e-06
7732,790.2351704100001,4.886,6.782342631419775e-06
7733,790.3309845089989,6.168,6.7763935740740525e-06
7734,790.4268297189992,5.2229,6.770476749012389e-06
7735,790.5220641239994,5.6003,6.764556294876545e-06
7736,790.6167487759994,5.7477,6.7586681521605685e-06
7737,790.7142731370004,6.1597,6.752832002530901e-06
7738,790.8124423659992,4.9413,6.746820541604932e-06
7739,790.90851062,5.0329,6.740761300493825e-06
7740,791.005826483999,6.2023,6.7348224529012905e-06
7741,791.1033394779988,6.0852,6.7288299055555285e-06
7742,791.1997930220004,5.6934,6.722808025432093e-06
7743,791.2956733899991,6.1963,6.716851491111115e-06
7744,791.3911570319997,4.9493,6.710920693580258e-06
7745,791.4886427359997,6.6089,6.7050242619136e-06
7746,791.5875242290003,6.0388,6.69901705314821e-06
7747,791.6870020179995,6.8304,6.692909764938293e-06
7748,791.7846743609989,5.3229,6.686779362962964e-06
7749,791.8826319259988,5.3446,6.680737555000038e-06
7750,791.9785989800002,5.7692,6.674696700925937e-06
7751,792.0737815739994,6.5642,6.668766897839507e-06
7752,792.1655274309996,5.9014,6.662887873827223e-06
7753,792.263397572,6.0073,6.657247496111074e-06
7754,792.3626525269992,6.2632,6.651173966049417e-06
7755,792.4610121379992,5.746,6.64506549938273e-06
7756,792.5566481789992,5.6711,6.638991280185258e-06
7757,792.6534969200002,6.5117,6.6330749576543336e-06
7758,792.7521489419996,6.386,6.627114262530848e-06
7759,792.8508808509996,5.7577,6.6210170200000365e-06
7760,792.9476883909992,5.6306,6.614925758518486e-06
7761,793.0445884000001,5.7553,6.608947311666652e-06
7762,793.1422660249991,5.8318,6.60296761654322e-06
7763,793.2413665719996,6.0946,6.596942711851817e-06
7764,793.3418493739991,5.7093,6.590815198271655e-06
7765,793.4413360620001,6.0973,6.584626059876531e-06
7766,793.5378285240004,3.7064,6.57847177327166e-06
7767,793.6333306529996,6.7125,6.572504554814834e-06
7768,793.7314644639991,4.9853,6.566619797283946e-06
7769,793.8303569079999,6.4454,6.560569161049418e-06
7770,793.9286270569992,5.9951,6.55446875549387e-06
7771,794.0243552359989,4.0079,6.548406323888939e-06
7772,794.1216517869998,6.7369,6.542474061234538e-06
7773,794.2184145739993,5.9053,6.536483447407477e-06
7774,794.3164341350002,6.6631,6.530504758148137e-06
7775,794.4148402779992,5.9605,6.5244625740741196e-06
7776,794.507264943999,6.4997,6.518381872407459e-06
7777,794.6052192440002,5.3797,6.512689332222283e-06
7778,794.7017733239991,5.7789,6.506636327283916e-06
7779,794.7988497539991,5.5539,6.50067227691355e-06
7780,794.8944499789995,4.3322,6.494686766543201e-06
7781,794.9911835269995,5.7878,6.488773041111118e-06
7782,795.0899615939998,6.9413,6.482806067345754e-06
7783,795.1880792129996,6.2203,6.476715183209847e-06
7784,795.2839643650004,5.7987,6.470664043271663e-06
7785,795.3817407280003,5.2208,6.464725770308661e-06
7786,795.477077947,5.6048,6.458697315802503e-06
7787,795.574470128,5.149,6.452808407345661e-06
7788,795.6693260869997,5.5808,6.446803437037052e-06
7789,795.768102348,4.8742,6.440937041790091e-06
7790,795.86582103,4.1676,6.434854784567934e-06
7791,795.9638233280002,6.1157,6.428812357839498e-06
7792,796.0616158329995,6.0976,6.422769799567918e-06
7793,796.1600110569998,6.6165,6.4167342332716484e-06
7794,796.2595364949993,6.417,6.410654415370421e-06
7795,796.3577081820004,6.0761,6.404513605493889e-06
7796,796.4563642350004,5.9955,6.3984548812963395e-06
7797,796.5539271569996,6.3381,6.392368240432106e-06
7798,796.6529090399999,5.8181,6.386322474135803e-06
7799,796.7445353669991,6.2774,6.380226561605012e-06
7800,796.8416257979989,5.6932,6.374588421666672e-06
7801,796.9396639389997,4.1976,6.368577481543192e-06
7802,797.0381534259996,5.1234,6.362529927716121e-06
7803,797.1375895189994,5.6484,6.356450481604986e-06
7804,797.2289422209997,5.6481,6.350318307839548e-06
7805,797.3266627909998,5.7477,6.3446900810494205e-06
7806,797.4250457509988,5.5687,6.338635187469183e-06
7807,797.5227148779995,5.4039,6.332562569197515e-06
7808,797.621224565999,5.7663,6.326536529567878e-06
7809,797.717340285999,5.5302,6.320461722098792e-06
7810,797.8158489779998,6.359,6.314521702777848e-06
7811,797.9143641359988,5.212,6.3084594067901345e-06
7812,798.0120235800005,6.2646,6.30237007407411e-06
7813,798.1083032719998,4.9702,6.29633518339508e-06
7814,798.2079009680001,6.3828,6.290388147345755e-06
7815,798.3048893689993,6.5867,6.2842446648148424e-06
7816,798.4016859909989,5.8839,6.278249153456833e-06
7817,798.5003564399995,4.7593,6.272277748703681e-06
7818,798.5991680480001,6.4941,6.266186890925946e-06
7819,798.6954786120004,6.4963,6.2600864660493645e-06
7820,798.7955984380005,6.1561,6.254139957654392e-06
7821,798.895295164999,6.0544,6.247969869938275e-06
7822,798.993693475999,6.4672,6.241807028209895e-06
7823,799.0918717549994,5.1591,6.235731572407394e-06
7824,799.1913538709996,5.847,6.229673833580213e-06
7825,799.2925211879992,5.6196,6.223543905864265e-06
7826,799.3899148870005,4.0551,6.217295344691415e-06
7827,799.4865472460006,5.6512,6.211268131296322e-06
7828,799.5835054279996,5.2184,6.205309744382698e-06
7829,799.6819193529991,5.713,6.19932267820994e-06
7830,799.7801290980005,5.5936,6.193251636975367e-06
7831,799.8798750679998,5.394,6.187197519753052e-06
7832,799.9777617849995,5.7868,6.181038249876592e-06
7833,800.075774936,5.2963,6.174988895493888e-06
7834,800.1727916939999,5.7435,6.168942278518558e-06
7835,800.2703922469991,5.009,6.162951720678978e-06
7836,800.3693312129999,6.071,6.156928690802543e-06
7837,800.4670284250005,5.9861,6.150831267716034e-06
7838,800.5645341119998,4.2891,6.144796219197569e-06
7839,800.6617054130002,6.3684,6.138766052345652e-06
7840,800.7572072990006,6.2337,6.132769248642045e-06
7841,800.8552595059991,6.3447,6.126875228580309e-06
7842,800.9531444619988,5.7577,6.120834669135783e-06
7843,801.050260905,6.3537,6.1147882339505856e-06
7844,801.1457714449989,5.5873,6.108785263024719e-06
7845,801.2408767119996,5.418,6.102884697530936e-06
7846,801.3387614539988,6.5647,6.097016801419764e-06
7847,801.4372699029991,5.9935,6.090985895740725e-06
7848,801.5345158969994,3.7226,6.0849068908024555e-06
7849,801.629921017,5.8412,6.078892144753101e-06
7850,801.7287427970005,6.0927,6.072997808024738e-06
7851,801.8262395809998,5.2287,6.0669155925308695e-06
7852,801.9240465099992,6.4532,6.0608947557407926e-06
7853,802.0216542950002,5.3494,6.054850393395078e-06
7854,802.118124183,5.3468,6.0488155937036935e-06
7855,802.2154377869992,6.4322,6.042866101111089e-06
7856,802.3116382899989,6.2304,6.036877489135872e-06
7857,802.4114159460005,5.8314,6.030929013456815e-06
7858,802.5083933410006,5.4535,6.0247792222221875e-06
7859,802.6057339279996,5.2632,6.0187723319135636e-06
7860,802.7036137920004,6.5748,6.012766255802443e-06
7861,802.8033886089997,5.5079,6.0067233101851585e-06
7862,802.9013638050001,4.2238,6.0005698296913884e-06
7863,803.0023299429995,6.6306,5.994520999321018e-06
7864,803.099664768999,4.3983,5.9882963570370206e-06
7865,803.2000405149993,5.2888,5.982281689567898e-06
7866,803.2984187519996,5.2947,5.976086532345682e-06
7867,803.3968235159991,5.3854,5.9700089998765255e-06
7868,803.4933626940001,5.3685,5.963892102345647e-06
7869,803.588760482,4.1988,5.957975121604992e-06
7870,803.6892953719998,6.2065,5.9520735977777685e-06
7871,803.7886481499991,6.7288,5.945885515000016e-06
7872,803.8859059139995,4.9713,5.93974635123456e-06
7873,803.9854497550004,6.2262,5.933728042777776e-06
7874,804.0840033479999,7.0425,5.927604935740766e-06
7875,804.1808659180006,5.8801,5.921512719629662e-06
7876,804.2803619419992,5.4872,5.9155331072839495e-06
7877,804.3800797469994,5.6068,5.909336713641972e-06
7878,804.4798473970004,6.1462,5.903254333395048e-06
7879,804.5786991139994,5.9711,5.897094559135846e-06
7880,804.6759177259992,6.4013,5.890987815864269e-06
7881,804.7776934149988,5.6268,5.884967898456789e-06
7882,804.8764755920001,6.6442,5.878666452469172e-06
7883,804.9727296830006,6.0688,5.8726020398147786e-06
7884,805.0709202519993,6.4273,5.8666528210493566e-06
7885,805.1702928279992,5.7592,5.8606119011728635e-06
7886,805.2685047639989,6.3601,5.854466706358058e-06
7887,805.3701340120006,6.3042,5.84841033425933e-06
7888,805.4701049089999,4.833,5.842139046790179e-06
7889,805.5663765709996,3.9844,5.8359620130247595e-06
7890,805.6658518019995,6.7299,5.830001641481519e-06
7891,805.7630821780003,5.7183,5.8238664105555284e-06
7892,805.8619492489997,6.2203,5.817868649753144e-06
7893,805.9618904670006,6.6534,5.8117777848765155e-06
7894,806.0620426389996,5.2983,5.805604627839561e-06
7895,806.1601583629999,6.5534,5.799357313827153e-06
7896,806.2601266500005,5.629,5.7933674259259715e-06
7897,806.3594733329992,6.3955,5.78719554512353e-06
7898,806.4577601469991,5.4646,5.780994576481458e-06
7899,806.5543922239995,5.7145,5.7749764985185915e-06
7900,806.6547195410003,6.496,5.769011966728422e-06
7901,806.755038759,5.9012,5.7628485235185214e-06
7902,806.8545774100003,5.2303,5.7566469572222225e-06
7903,806.9575898179992,6.2592,5.7505053898148645e-06
7904,807.057192577,6.07,5.744146514074106e-06
7905,807.1578810999999,6.63,5.737993451604984e-06
7906,807.2571491910003,6.3703,5.7317765977778545e-06
7907,807.357389752,6.3604,5.725654624321003e-06
7908,807.4561089399995,5.5569,5.71946308623455e-06
7909,807.5484383820003,5.8616,5.713360279135788e-06
7910,807.6456670890002,5.2263,5.7076770964815504e-06
7911,807.7434131680002,4.9074,5.701667003086408e-06
7912,807.843189969999,6.2244,5.6956360211110946e-06
7913,807.9404224209993,6.1016,5.689483120617251e-06
7914,808.0308582990001,6.732,5.683461413209895e-06
7915,808.1293826990004,5.4387,5.677906204321032e-06
7916,808.2261165429991,6.0135,5.671802931666647e-06
7917,808.3217770629999,4.5558,5.665830692037105e-06
7918,808.4201082119998,5.8882,5.659916804012411e-06
7919,808.5194143129993,6.4224,5.653862887345695e-06
7920,808.6188978819991,5.6457,5.647738249506152e-06
7921,808.7173898279998,5.7549,5.641602191728429e-06
7922,808.8157776059998,5.199,5.6355151493826915e-06
7923,808.9146213200002,6.6111,5.629436534012328e-06
7924,809.0133512299999,4.669,5.623334707962935e-06
7925,809.1124190329992,5.5454,5.617240120185174e-06
7926,809.2112664359993,5.7129,5.611090671172858e-06
7927,809.3078818529993,6.6616,5.605011592901243e-06
7928,809.4078548019988,5.4164,5.599059399444428e-06
7929,809.5085624109997,5.1521,5.5928849131481775e-06
7930,809.6108099510002,5.6088,5.586686024691384e-06
7931,809.7123483289997,6.7327,5.580365859321002e-06
7932,809.8105601369989,5.9956,5.574100732222254e-06
7933,809.9099352979993,5.99,5.568037232839551e-06
7934,810.0076335079993,6.471,5.5619013684567845e-06
7935,810.1074307639992,6.2699,5.555853730740729e-06
7936,810.2036692109996,4.2013,5.549707624629635e-06
7937,810.3019610640004,6.1722,5.543757575864173e-06
7938,810.4055251360005,5.9641,5.5376360463580745e-06
7939,810.4972084000001,6.0816,5.531309523271655e-06
7940,810.5972222870005,6.7463,5.525657445802529e-06
7941,810.694878414999,5.3183,5.5194833877160345e-06
7942,810.7899653450004,5.5331,5.513438376172886e-06
7943,810.8868945739996,5.6744,5.507569911481447e-06
7944,810.9858377349992,5.3921,5.501591313765442e-06
7945,811.0854231960002,5.8454,5.495482322839512e-06
7946,811.1849935379996,5.9414,5.489326419567953e-06
7947,811.2858064150005,6.6709,5.483187818888858e-06
7948,811.3862775029993,4.5169,5.476909890370352e-06
7949,811.4860721699988,5.7851,5.470749135987674e-06
7950,811.5830727110006,5.2229,5.464593290432085e-06
7951,811.6821254879997,6.1762,5.458603316666638e-06
7952,811.7823722680005,4.8454,5.452504494506222e-06
7953,811.8784041069994,5.5215,5.446315002962948e-06
7954,811.9768775209996,4.0715,5.440352636296331e-06
7955,812.0764722599997,6.31,5.4342422684568405e-06
7956,812.1775798359995,5.813,5.428159623086482e-06
7957,812.2758350959994,4.8448,5.421928790370368e-06
7958,812.3795334759998,6.7244,5.415847457407375e-06
7959,812.4784131739998,5.9342,5.409459136790135e-06
7960,812.5765801699999,6.1761,5.403340715987681e-06
7961,812.6777885880001,5.9564,5.397286010432107e-06
7962,812.775968468999,5.7374,5.391040298703687e-06
7963,812.8737182299992,5.6855,5.384987387839524e-06
7964,812.9727702719993,5.7046,5.378883762407411e-06
7965,813.0722705899989,5.8754,5.372838539012409e-06
7966,813.1690312350001,5.675,5.366661701296316e-06
7967,813.2669935100002,5.0195,5.360718627283928e-06
7968,813.3633541069994,3.993,5.354667241790145e-06
7969,813.4607178599999,4.7656,5.348712597592626e-06
7970,813.5582916349995,5.7614,5.342706795061781e-06
7971,813.6559729189994,5.2294,5.336622677777769e-06
7972,813.7544436560001,6.2911,5.330652600617292e-06
7973,813.8533589899998,5.5624,5.324581647777854e-06
7974,813.9496927330001,5.7535,5.318467752901296e-06
7975,814.0440014039996,3.7287,5.312520719259323e-06
7976,814.140836868999,6.6193,5.3066969738271525e-06
7977,814.2389484769992,5.0417,5.300721073333337e-06
7978,814.3417663540004,4.5821,5.294665095370427e-06
7979,814.4409152259996,6.1427,5.288318882160492e-06
7980,814.5392932720006,6.4727,5.282197717530868e-06
7981,814.6387313679988,5.9339,5.276131384753058e-06
7982,814.7310763080004,6.1087,5.269997717839514e-06
7983,814.832136609999,6.0188,5.264315075925913e-06
7984,814.930430512999,5.4053,5.258038902098789e-06
7985,815.0290855069998,5.8647,5.2519811690123155e-06
7986,815.1292903819995,5.8386,5.245895463271672e-06
7987,815.2279592699997,6.0708,5.239719007469135e-06
7988,815.3252414549988,5.3405,5.233621362901242e-06
7989,815.4240616890002,5.8914,5.2276207243209695e-06
7990,815.5233067619993,5.7944,5.2215123119136176e-06
7991,815.6204168450004,5.7639,5.215398862160498e-06
7992,815.7182355000004,5.919,5.209385236111092e-06
7993,815.8162621030006,5.6089,5.203355802469212e-06
7994,815.9080208140003,5.8598,5.197304235740758e-06
7995,816.0086837599993,5.915,5.1916607446914174e-06
7996,816.101624425999,5.8144,5.185414310061798e-06
7997,816.1996093969992,5.8589,5.179704508456756e-06
7998,816.2971170799992,6.3014,5.173646971049418e-06
7999,816.3959438839993,5.8993,5.167611907654307e-06
8000,816.4927548699998,6.4921,5.161517020864221e-06
8001,816.5911831779995,5.6288,5.15554196351859e-06
8002,816.6891242849997,5.2696,5.149463902839502e-06
8003,816.7883989780003,5.8428,5.143425675370378e-06
8004,816.8852042210001,6.4811,5.13729377888888e-06
8005,816.9834125830002,5.9682,5.131320445864246e-06
8006,817.0778801819997,4.6356,5.125209328395086e-06
8007,817.1738322210003,5.8355,5.119410314321016e-06
8008,817.2705891779988,4.1251,5.113497813456852e-06
8009,817.369194081999,6.6228,5.107526858641959e-06
8010,817.4683123899995,5.8136,5.101443024814889e-06
8011,817.5669690590003,5.4535,5.095338739814859e-06
8012,817.6650544450004,6.2687,5.089231812345685e-06
8013,817.7659967969994,5.8213,5.083176762160563e-06
8014,817.865367716,6.2725,5.0769511314197604e-06
8015,817.9644207999991,6.4497,5.070812952777759e-06
8016,818.0637475820004,4.929,5.064709562839537e-06
8017,818.1607230600002,4.6512,5.058580643703692e-06
8018,818.2580817919988,5.423,5.052590590246969e-06
8019,818.3585088780001,5.9563,5.046579833827164e-06
8020,818.4523326569997,6.6558,5.0403823880246784e-06
8021,818.5525049949993,5.9973,5.034585238209943e-06
8022,818.6509299970003,5.5149,5.028396557098758e-06
8023,818.7486096709999,4.8045,5.022333419197528e-06
8024,818.8470520379997,6.4448,5.0162831161111315e-06
8025,818.9447036689999,5.026,5.0102257363580706e-06
8026,819.0423478949997,6.389,5.004199750246924e-06
8027,819.1389610759998,5.8621,4.998162476172913e-06
8028,819.2338237089989,5.2971,4.992205742222228e-06
8029,819.3343519850005,4.2834,4.986338606728435e-06
8030,819.4331735750002,6.3715,4.9800777412346396e-06
8031,819.5341950059992,6.081,4.97404786969139e-06
8032,819.6345773840003,5.1587,4.96780945777775e-06
8033,819.7324559200006,5.8138,4.961598625308689e-06
8034,819.8240094039993,6.1205,4.955569386913656e-06
8035,819.9235798659993,5.6348,4.949928953827132e-06
8036,820.02073595,5.6514,4.943766797469152e-06
8037,820.1203924450001,6.0194,4.937765523950644e-06
8038,820.2240988659996,6.6083,4.931559997592583e-06
8039,820.3230424789999,5.5661,4.925193536358019e-06
8040,820.4233718100004,5.7393,4.919107840185261e-06
8041,820.5233268150005,4.6529,4.912934259074053e-06
8042,820.6229692519992,6.4891,4.906723660864216e-06
8043,820.7215526759992,6.437,4.900590133456828e-06
8044,820.8215382059989,4.5269,4.894505433642027e-06
8045,820.9193293019998,5.9187,4.888335749691364e-06
8046,821.0180868619991,6.251,4.882296889382693e-06
8047,821.1180698179996,5.3544,4.876201215493881e-06
8048,821.2154702690004,5.7029,4.869988003703701e-06
8049,821.3124688089993,5.2697,4.864020993641977e-06
8050,821.408542145,5.0616,4.858034127654393e-06
8051,821.5084710270003,6.3351,4.852097881481471e-06
8052,821.6096547239995,6.0242,4.845928478888945e-06
8053,821.7090719749995,5.8176,4.839687499506234e-06
8054,821.808365298999,5.7926,4.833471817345647e-06
8055,821.9074792129995,6.2104,4.827365586049415e-06
8056,822.000110506,7.0226,4.8213055455555715e-06
8057,822.0972739469998,5.1201,4.815601328271574e-06
8058,822.1956949199994,5.6698,4.809555690185164e-06
8059,822.2938840940005,6.0332,4.803514023765443e-06
8060,822.3902653919995,6.5711,4.797451491111154e-06
8061,822.4904514730006,5.9372,4.791506935678985e-06
8062,822.5908839290005,5.5919,4.7853307291975795e-06
8063,822.6883813410004,5.1811,4.7791123153704435e-06
8064,822.7864639529998,6.9866,4.773101971172822e-06
8065,822.8875447249993,5.7535,4.767046360061783e-06
8066,822.9884663920002,6.1818,4.760811801358084e-06
8067,823.0877888750001,6.4396,4.754574688642022e-06
8068,823.1867679280003,6.0892,4.748448416296331e-06
8069,823.288716744999,4.8466,4.742335293950634e-06
8070,823.388531827999,3.3601,4.736037795123427e-06
8071,823.487622315999,5.8783,4.729865559074148e-06
8072,823.5863707379995,5.7876,4.723775227222277e-06
8073,823.6832256769994,5.786,4.717670165679056e-06
8074,823.7830488050004,4.6456,4.711688526604907e-06
8075,823.8821908139998,5.4929,4.705518406172915e-06
8076,823.9780638079992,5.4172,4.69940089012344e-06
8077,824.0772921299995,6.8803,4.693477895802467e-06
8078,824.1751877779989,5.0008,4.687360188950657e-06
8079,824.274261302,5.7556,4.681317274197583e-06
8080,824.3754366899993,6.4304,4.675195899629631e-06
8081,824.4755707169988,6.2154,4.668967609753133e-06
8082,824.5726558440001,4.7381,4.662790622037111e-06
8083,824.671302531,5.474,4.656777742407425e-06
8084,824.7712035530003,5.6275,4.650701461728374e-06
8085,824.872898440999,6.1518,4.644530080246945e-06
8086,824.9697191710002,6.4219,4.638259799259326e-06
8087,825.0680150209992,5.5589,4.632265266851887e-06
8088,825.1676045059994,5.7318,4.626200064876573e-06
8089,825.2651210069998,5.8846,4.620071840000034e-06
8090,825.364414013,6.227,4.613977223271598e-06
8091,825.4648290799996,6.3576,4.607879794259223e-06
8092,825.5642203650004,4.8427,4.601723171172911e-06
8093,825.6628047920003,6.0051,4.595591457222281e-06
8094,825.7607651679991,6.3036,4.589503567160563e-06
8095,825.8618366440005,6.4189,4.583442513518588e-06
8096,825.9609828499997,5.1422,4.577209393209847e-06
8097,826.0606455349989,6.2129,4.571081246666736e-06
8098,826.1589723090001,6.0363,4.5649375966049904e-06
8099,826.2565468109988,5.9258,4.558808626913596e-06
8100,826.3566610229991,5.7405,4.552844032283965e-06
8101,826.4573401559992,5.1773,4.5466041016666575e-06
8102,826.5557506209989,6.0488,4.540439146172887e-06
8103,826.6557067159993,5.8474,4.534361234691347e-06
8104,826.756312079,6.6331,4.528211505308649e-06
8105,826.8542368959988,5.9738,4.521998994876547e-06
8106,826.9526013750001,5.6779,4.51594482166664e-06
8107,827.051082693999,6.2593,4.509880228086466e-06
8108,827.1496350699999,6.2535,4.503805562777796e-06
8109,827.2479182429997,5.1522,4.49771804104942e-06
8110,827.3473591029997,5.407,4.491643833271602e-06
8111,827.4441536969989,4.7619,4.485510844382768e-06
8112,827.5417358100003,5.8799,4.479523159135834e-06
8113,827.6388256709997,6.5633,4.473504101728459e-06
8114,827.7375285279995,5.749,4.467510837345723e-06
8115,827.8355709150001,6.1154,4.46142887938269e-06
8116,827.933710673,6.0456,4.4553793204938135e-06
8117,828.0313428709997,4.6695,4.449248002592643e-06
8118,828.1295419059988,4.9907,4.4432827635185355e-06
8119,828.2283081709993,6.4522,4.437218406049365e-06
8120,828.3261555099998,6.9189,4.431128446975341e-06
8121,828.4249788319994,6.3009,4.425082911111084e-06
8122,828.5235479519997,5.697,4.418991373333348e-06
8123,828.6245087859988,6.3246,4.412882512222294e-06
8124,828.7217719149994,6.2481,4.406674746543205e-06
8125,828.8196919139991,6.3759,4.400667011851833e-06
8126,828.9177312789998,4.573,4.394630442283987e-06
8127,829.0163143669997,5.7419,4.388561949629627e-06
8128,829.1154228140003,5.5257,4.382489269691414e-06
8129,829.2138391529988,5.7897,4.3763773285184994e-06
8130,829.3112597799991,5.0824,4.37029106166667e-06
8131,829.4104284139994,5.9887,4.36427972648149e-06
8132,829.5087202409995,6.0876,4.358104257037071e-06
8133,829.6051284139994,5.5454,4.352086293456859e-06
8134,829.704534638,5.791,4.346124917777799e-06
8135,829.8019559989989,4.1872,4.339962608703751e-06
8136,829.8973041369991,4.5972,4.3339531017284555e-06
8137,829.9992554740002,4.6914,4.328094512962977e-06
8138,830.0983155169997,6.5901,4.321822724938257e-06
8139,830.1973154819989,4.9806,4.315698486419778e-06
8140,830.2960772530005,5.9448,4.309593909135773e-06
8141,830.3930663499996,5.9605,4.30349261339511e-06
8142,830.4892063129992,3.1887,4.297498756604912e-06
8143,830.5874397240004,6.518,4.291557525617284e-06
8144,830.6864660560004,5.5415,4.285504660493855e-06
8145,830.78402302,4.9762,4.279391109382713e-06
8146,830.882609377999,5.2771,4.27336917475315e-06
8147,830.9840493009997,6.3505,4.267293122839527e-06
8148,831.0851517419997,5.9321,4.261036492592629e-06
8149,831.183928638,5.8542,4.25477677413581e-06
8150,831.2811581189999,6.2315,4.2486745367901145e-06
8151,831.3740307059998,5.9154,4.242678527777827e-06
8152,831.4747982789995,5.7964,4.236907652777833e-06
8153,831.5746647790002,4.1174,4.2307379543827075e-06
8154,831.6729853239995,5.4053,4.224563441605006e-06
8155,831.7717493629989,4.7149,4.218500393703778e-06
8156,831.8721254079992,5.3708,4.21239950549388e-06
8157,831.9699409749992,6.4033,4.206201764074063e-06
8158,832.0687990379993,5.9925,4.200152615432085e-06
8159,832.1665462959991,5.328,4.194059991111127e-06
8160,832.263289475999,6.3452,4.1880288945062466e-06
8161,832.3626985319988,5.1546,4.182060942654331e-06
8162,832.4626296459992,7.1029,4.175860539012377e-06
8163,832.5620450530005,6.7624,4.169769778703725e-06
8164,832.6612237339996,4.9265,4.163621916851851e-06
8165,832.7583791439993,5.9231,4.157489229691358e-06
8166,832.8537299449999,6.3184,4.151496193765492e-06
8167,832.9484704949991,5.4537,4.145606198333352e-06
8168,833.0458811320004,4.916,4.139760071790122e-06
8169,833.1458960629989,6.4919,4.133744806234591e-06
8170,833.2431932540003,6.107,4.127565627407387e-06
8171,833.3457300800001,6.3607,4.121512751728434e-06
8172,833.4433552480004,6.4092,4.1152340633950346e-06
8173,833.5419547479996,6.0793,4.109217080617278e-06
8174,833.6394931169998,5.2189,4.103125141604952e-06
8175,833.7364806749993,6.1255,4.097110431172874e-06
8176,833.8276962910004,5.8668,4.091118044259279e-06
8177,833.9258720479993,6.9947,4.085515037222198e-06
8178,834.0255814009997,5.7721,4.079435643024687e-06
8179,834.1237198170002,5.3571,4.073224163086459e-06
8180,834.2208775219988,5.2057,4.067221428395102e-06
8181,834.3190452599993,6.1857,4.0612140123456485e-06
8182,834.4157056410004,5.6187,4.055157575925994e-06
8183,834.5114010329999,3.0075,4.04919683876544e-06
8184,834.6118719440001,5.8919,4.04327676555562e-06
8185,834.7103733189997,5.808,4.0370980508642245e-06
8186,834.8101626160005,5.6072,4.031003484074119e-06
8187,834.9106012470002,6.7478,4.024851477345659e-06
8188,835.0095647509988,5.9767,4.018612711543251e-06
8189,835.1075758070001,4.6206,4.012530923827185e-06
8190,835.2057947289995,4.9478,4.006489873456843e-06
8191,835.3057946329991,6.4116,4.0004153414198e-06
8192,835.4060098560003,5.5637,3.994201573148215e-06
8193,835.5022542080005,5.3489,3.988055373271587e-06
8194,835.6003570689991,6.5655,3.9821190391975735e-06
8195,835.6977433199991,5.8376,3.976065681358088e-06
8196,835.7983249099998,6.2716,3.9700385992592235e-06
8197,835.8969138409993,6.3235,3.963847667160553e-06
8198,835.9936753950005,5.8302,3.957758030740782e-06
8199,836.0911898489994,5.214,3.95178386413585e-06
8200,836.190203786,5.9559,3.945767851172838e-06
8201,836.2897117159991,6.7069,3.939650461296329e-06
8202,836.3875515580003,6.3067,3.933521072530882e-06
8203,836.4837402249996,6.0014,3.9274692592593035e-06
8204,836.5830399179995,6.4779,3.921532849320963e-06
8205,836.682718729,6.0283,3.9154028393827645e-06
8206,836.7822863389993,5.8699,3.909258651172892e-06
8207,836.8790955149998,5.824,3.903116203209944e-06
8208,836.9753913120003,5.035,3.89711890462961e-06
8209,837.0714828729997,5.4492,3.89118989117288e-06
8210,837.1702814429991,5.7191,3.8852507880246915e-06
8211,837.2654433549997,4.4721,3.879158352530882e-06
8212,837.3642706360006,5.5771,3.873277367716066e-06
8213,837.4657438909999,6.2278,3.86718755222229e-06
8214,837.5666751949993,5.0721,3.860933610987649e-06
8215,837.6645132220001,5.2657,3.854693869321008e-06
8216,837.7610248029996,5.4935,3.848647095864194e-06
8217,837.8571862549998,6.7302,3.842685312407457e-06
8218,837.9540949929997,5.4187,3.8367494147531266e-06
8219,838.0514073399991,6.584,3.830711241851892e-06
8220,838.1519939919999,6.0048,3.824771906543273e-06
8221,838.2481877419996,5.7974,3.818548219876589e-06
8222,838.3430493989999,6.0479,3.8126050589506357e-06
8223,838.4403485940002,6.709,3.80675688351852e-06
8224,838.5385833479995,5.9218,3.8007629090124176e-06
8225,838.6362107679997,6.0557,3.794699203271651e-06
8226,838.7327127829994,5.687,3.788666222345666e-06
8227,838.8308246260003,5.3512,3.7826989186420136e-06
8228,838.9280441169994,6.5624,3.7766617932098626e-06
8229,839.0273073009994,5.7288,3.770651984259305e-06
8230,839.1257642269993,5.9381,3.764539156296271e-06
8231,839.2255406690001,5.6184,3.7584596226543587e-06
8232,839.3236846790005,6.126,3.7522892969753476e-06
8233,839.4218964060001,6.092,3.7462312343827575e-06
8234,839.520613183,6.301,3.7401529400617806e-06
8235,839.619213480999,5.7277,3.7340269720988087e-06
8236,839.7177490599988,5.4698,3.727985514012322e-06
8237,839.8179900719988,5.7018,3.7219151942592346e-06
8238,839.9154771439989,6.6856,3.7157225507408024e-06
8239,840.0108980149998,3.7779,3.709702916666635e-06
8240,840.1097942319993,5.3509,3.703797254135827e-06
8241,840.2091162039997,6.3527,3.6977021374073993e-06
8242,840.3077582450005,5.0414,3.6915660591975986e-06
8243,840.4075579569999,6.4551,3.6854890479630035e-06
8244,840.505898297999,6.6035,3.679331222777782e-06
8245,840.6043241610005,5.7019,3.6732485291358255e-06
8246,840.703212639999,6.2432,3.6671834694444406e-06
8247,840.8007780449989,6.2358,3.6610794570987982e-06
8248,840.9017899379996,6.4385,3.655056115370442e-06
8249,840.9983060449995,6.997,3.6487640570987747e-06
8250,841.0966051169999,6.3953,3.6428492373457134e-06
8251,841.1948749849998,5.3281,3.6367589276542934e-06
8252,841.2934287089993,5.9843,3.6307254652469814e-06
8253,841.3921162179995,5.9239,3.6246461358024563e-06
8254,841.4924084659997,5.8961,3.618545772901205e-06
8255,841.5922721619991,6.099,3.612376247963001e-06
8256,841.691211501,6.2286,3.606177162283969e-06
8257,841.7916827649988,6.3022,3.6000564054938903e-06
8258,841.8887861589992,5.6769,3.5938919475308865e-06
8259,841.9812166619995,6.3652,3.587880230802454e-06
8260,842.0785736300004,5.6972,3.582179139567965e-06
8261,842.1771558330001,6.5169,3.5761725483333063e-06
8262,842.2696686099989,6.4625,3.5700650482716424e-06
8263,842.3692097900002,5.4175,3.564391478642021e-06
8264,842.4691799230004,5.2308,3.5582232420370843e-06
8265,842.5685740249992,4.8938,3.5520091017283818e-06
8266,842.6679030430005,5.7145,3.5459358420987967e-06
8267,842.7663194060005,5.012,3.5397578162963017e-06
8268,842.865785852,5.6967,3.5337187104938995e-06
8269,842.9626663130002,5.853,3.5275867738888633e-06
8270,843.0587501159989,5.3593,3.521589336358061e-06
8271,843.1558815280005,5.3604,3.515672751604998e-06
8272,843.2552815809995,6.6075,3.5096810783333822e-06
8273,843.3538830929992,5.9946,3.5035498464197736e-06
8274,843.4538109709993,4.6895,3.497449129259328e-06
8275,843.5533464620003,5.8563,3.4912799953703888e-06
8276,843.6523877719992,5.475,3.4851475746296435e-06
8277,843.750378486,5.4018,3.4790162659876947e-06
8278,843.8480106890001,6.1988,3.4729787298148244e-06
8279,843.9472954329995,6.3604,3.4669408724691765e-06
8280,844.0447851049994,5.5096,3.460825835432102e-06
8281,844.1366368500003,7.1805,3.4547704569753092e-06
8282,844.232911002,6.0553,3.449121421604945e-06
8283,844.3325458380004,6.1153,3.443174092345647e-06
8284,844.4321232530001,5.7345,3.437051741790176e-06
8285,844.5296805429989,5.0406,3.4308983675926386e-06
8286,844.6219201549993,6.2347,3.424872156172815e-06
8287,844.7227542820001,4.3967,3.4191845538889213e-06
8288,844.8193258459996,5.219,3.412948928456855e-06
8289,844.9173702669996,6.1776,3.406990316172909e-06
8290,845.0189758870001,6.1611,3.400953094506232e-06
8291,845.1175054209998,4.2043,3.3946814984567586e-06
8292,845.2147190710002,4.5913,3.388595649012355e-06
8293,845.3153318410004,5.8799,3.3825831259259257e-06
8294,845.4139695180002,5.7831,3.3763871300000306e-06
8295,845.5125804999989,5.5657,3.370280531419745e-06
8296,845.6131912460005,5.8833,3.3641966278394834e-06
8297,845.7103659570002,5.6531,3.357990216790102e-06
8298,845.8085922129994,6.4597,3.3519808258641926e-06
8299,845.9051601890005,5.4911,3.345925669197564e-06
8300,845.9976762879996,5.7542,3.339958593333331e-06
8301,846.0955089130002,5.4016,3.3342665802469307e-06
8302,846.1921942199988,5.7964,3.328211339876586e-06
8303,846.289117295999,4.8415,3.322249376728398e-06
8304,846.3868241090004,6.0027,3.316269427592644e-06
8305,846.4858467979993,6.3327,3.3102242753086763e-06
8306,846.5845269969996,6.6023,3.304125422469212e-06
8307,846.6839648000005,5.7106,3.2980277956790207e-06
8308,846.780696808999,5.5872,3.2918818711729084e-06
8309,846.880298868,6.1288,3.2859213106173627e-06
8310,846.9789724549992,5.0365,3.2797350551234897e-06
8311,847.0773947839989,6.1713,3.2736668078395707e-06
8312,847.1769606329999,6.1728,3.2676195391975862e-06
8313,847.2745953779995,5.8832,3.2614689641975947e-06
8314,847.374106706,6.2658,3.2554386667284277e-06
8315,847.4731153829998,6.0886,3.2492909159259677e-06
8316,847.5708142169988,5.8488,3.2431741975308517e-06
8317,847.670749122999,6.2332,3.2371362940740447e-06
8318,847.7710505659998,6.5336,3.2309772895061765e-06
8319,847.8677794399991,5.0286,3.2247647167901906e-06
8320,847.9676933729988,5.5998,3.218806510308636e-06
8321,848.0642691550001,5.1789,3.2126662959258925e-06
8322,848.1627766700003,5.402,3.206669052098821e-06
8323,848.2601107869996,4.4171,3.2006100393209615e-06
8324,848.3581977969989,6.0472,3.1946030512963354e-06
8325,848.4565170240003,6.1663,3.188539399135815e-06
8326,848.5578903049991,6.142,3.1824695732099397e-06
8327,848.6586690549993,5.3461,3.176228486234567e-06
8328,848.7611425840005,5.9615,3.169933470740766e-06
8329,848.8590829919995,6.4475,3.1636844933950416e-06
8330,848.9510827769991,6.035,3.1576186827160294e-06
8331,849.0500412010006,5.3183,3.1519581724691825e-06
8332,849.1513093230005,5.523,3.1458323679629585e-06
8333,849.2436845579996,6.0156,3.1395979832716527e-06
8334,849.3458760519989,6.3739,3.1339052090124056e-06
8335,849.4453853199993,5.4717,3.127568079135801e-06
8336,849.5459085319999,6.8628,3.121433719506184e-06
8337,849.6443949149998,6.2838,3.115232811975305e-06
8338,849.742323258999,6.1253,3.109143762469191e-06
8339,849.8428588770003,5.4114,3.103082362654336e-06
8340,849.9394336909991,4.346,3.0968998774074222e-06
8341,850.0362830169997,6.066,3.0909254492593244e-06
8342,850.1362068059989,6.5875,3.0849532920370794e-06
8343,850.2349036800006,6.3033,3.078793684444464e-06
8344,850.3335314819997,4.95,3.0726953673456573e-06
8345,850.4315390219999,3.6413,3.0665843515431837e-06
8346,850.5294368750001,5.3899,3.0605566442592326e-06
8347,850.6293676049991,5.5487,3.054515940308689e-06
8348,850.7272622679993,6.333,3.048353494444506e-06
8349,850.8275893320006,6.0853,3.0423160525308803e-06
8350,850.9286073559997,6.3451,3.036112328209917e-06
8351,851.0266395380004,6.3239,3.0298809710493982e-06
8352,851.1227824439993,6.0483,3.0238351301234368e-06
8353,851.2214037239992,5.2098,3.017893530740712e-06
8354,851.3201900509994,4.9174,3.0118136071604687e-06
8355,851.4183042900004,5.1724,3.0056988576543044e-06
8356,851.5172064769995,5.2223,2.999647929876537e-06
8357,851.6171555349993,6.3065,2.993480098703677e-06
8358,851.716231245,5.9249,2.987381867160477e-06
8359,851.815428594,5.5749,2.9812574845061726e-06
8360,851.9142260539993,6.0972,2.9751429727160996e-06
8361,852.012978327999,6.2682,2.9690271343210007e-06
8362,852.1097886610005,5.8856,2.9629523364197943e-06
8363,852.2081553539992,6.4049,2.9569556656790344e-06
8364,852.308475762,6.0678,2.95089675037038e-06
8365,852.407204264,5.9543,2.9447064282098426e-06
8366,852.5038945069991,5.2824,2.938566579629687e-06
8367,852.6041271619997,5.9861,2.9326398185185124e-06
8368,852.7034735739999,5.856,2.9264649436419932e-06
8369,852.8043309309996,5.7593,2.920327488086455e-06
8370,852.9021007979991,6.2672,2.914105097222236e-06
8371,853.0002814399995,6.4251,2.908049082654296e-06
8372,853.0971245540004,6.3252,2.901996489876585e-06
8373,853.1946083570001,4.651,2.8960049633333043e-06
8374,853.2976794999995,6.4285,2.8900000467284473e-06
8375,853.3989081420004,5.7969,2.8836178768518575e-06
8376,853.4982191799991,6.3928,2.8773924906790094e-06
8377,853.5966201119991,5.3242,2.8712604465431724e-06
8378,853.696146119999,6.4188,2.8651814302468884e-06
8379,853.8012528069994,6.7462,2.859043201419753e-06
8380,853.8983520379988,4.976,2.8524924572221944e-06
8381,853.9969477880004,4.9858,2.846564390061801e-06
8382,854.0943762930001,6.2678,2.840484152963013e-06
8383,854.1923873180003,5.1374,2.8344603240123944e-06
8384,854.2846640339994,6.2842,2.8283752853086375e-06
8385,854.384491019,6.0706,2.8226646605555408e-06
8386,854.484103449,6.1621,2.8165229012345807e-06
8387,854.5827501099993,6.9319,2.810405095987684e-06
8388,854.6752460030002,5.8692,2.8043162960493865e-06
8389,854.7742568949998,4.8807,2.7986104635802812e-06
8390,854.8708859269991,5.6815,2.7924967081481235e-06
8391,854.9714437780003,5.9628,2.7865236254937922e-06
8392,855.0690806330003,4.734,2.7803373782716135e-06
8393,855.1678627290003,6.0214,2.7742924869135876e-06
8394,855.2674251909993,6.4055,2.7682081088889033e-06
8395,855.3650386709996,5.973,2.7620610646296453e-06
8396,855.4631109250004,4.9154,2.756019385493841e-06
8397,855.5609411780006,6.3637,2.749971093827175e-06
8398,855.6583535890004,5.7859,2.7439373274691983e-06
8399,855.7544970729996,3.8945,2.737905559876519e-06
8400,855.8525805850004,5.3437,2.7319889106790177e-06
8401,855.9500867429997,6.4683,2.7258943391358483e-06
8402,856.048873058,6.1734,2.7198937145679782e-06
8403,856.1503426710005,6.3952,2.7137904159877105e-06
8404,856.2482924260003,4.7171,2.7075471400617112e-06
8405,856.3473869749996,5.5156,2.701493290123497e-06
8406,856.4475105999991,6.2092,2.6953853901851955e-06
8407,856.5404273280001,6.3553,2.6892081312346107e-06
8408,856.6391458529997,6.3346,2.683472959321015e-06
8409,856.7374056549997,6.297,2.6773049412346427e-06
8410,856.836185696,5.4702,2.671322337530874e-06
8411,856.9340801189992,6.6609,2.665184822839545e-06
8412,857.0323674829997,4.9388,2.6591725222840092e-06
8413,857.1297758380006,5.9625,2.653101335802455e-06
8414,857.2300631019989,6.5094,2.6470686004320678e-06
8415,857.3296665679991,6.4007,2.6409022287654463e-06
8416,857.4285285419992,6.0648,2.634752838765414e-06
8417,857.5316000809999,5.4951,2.6286431701234405e-06
8418,857.6279206210002,3.9196,2.6222904715432595e-06
8419,857.7268378919998,5.8805,2.6163299227777937e-06
8420,857.8249905619996,5.4497,2.6102424234567823e-06
8421,857.9221008129989,6.475,2.6041769922222237e-06
8422,858.0178040390001,4.7972,2.598177414444458e-06
8423,858.1157853959994,6.0303,2.592265308518488e-06
8424,858.2118973300003,5.4324,2.5862351115432114e-06
8425,858.308369041999,5.8913,2.580280752530889e-06
8426,858.4084914340001,6.15,2.574338406358029e-06
8427,858.5080614990002,5.6642,2.568141206419805e-06
8428,858.6062249309998,5.7492,2.5619925718519123e-06
8429,858.705403386999,4.9977,2.5559272562963143e-06
8430,858.802519548999,6.4473,2.549813646481558e-06
8431,858.9026596780004,5.9286,2.5438334496914074e-06
8432,859.001056875999,5.9393,2.5376265533334054e-06
8433,859.1011528830004,6.7941,2.531574430185185e-06
8434,859.192934327999,5.7741,2.525409252345673e-06
8435,859.2912762529995,5.7418,2.519755804382784e-06
8436,859.3891069359997,5.2385,2.5136691533950875e-06
8437,859.4881959720005,6.2085,2.507621763580226e-06
8438,859.5883959909988,6.2666,2.5015092141357945e-06
8439,859.685927270999,6.1177,2.4953248230864147e-06
8440,859.7835156990004,6.2839,2.489226742407391e-06
8441,859.8819355619999,6.0567,2.4832807593827113e-06
8442,859.982304142999,6.5113,2.4771859557407627e-06
8443,860.0808028390002,5.3768,2.4710093545062042e-06
8444,860.1784906419998,6.081,2.464929394382687e-06
8445,860.2759663969991,6.0139,2.4588319510493672e-06
8446,860.3754577170002,6.0159,2.4528732262962984e-06
8447,860.4754263639988,5.5294,2.4467418344444493e-06
8448,860.5750980479988,6.2268,2.440528222716104e-06
8449,860.6731513609993,5.7849,2.4344160380247506e-06
8450,860.7717726319988,5.6414,2.428362552777741e-06
8451,860.8684489379993,5.9711,2.4222899830864565e-06
8452,860.9647424129998,5.4979,2.416311408086486e-06
8453,861.061687165,5.8166,2.4103577019753686e-06
8454,861.159853834999,5.8544,2.404377376728412e-06
8455,861.2563116269994,5.1315,2.3983254472222827e-06
8456,861.3582055669995,5.3379,2.392365385555567e-06
8457,861.4557086509994,6.2329,2.3860756416050013e-06
8458,861.5541149170003,5.9658,2.38005879679018e-06
8459,861.6496316239991,4.5692,2.373985427037062e-06
8460,861.7506755679988,6.402,2.3680705910494095e-06
8461,861.8487457760002,5.5533,2.3618502162345845e-06
8462,861.9488394069995,5.4445,2.355763757469154e-06
8463,862.0451620040003,5.8439,2.3496055604938394e-06
8464,862.1444066789991,5.8588,2.3436628256173153e-06
8465,862.2432455420003,6.165,2.3375450248148134e-06
8466,862.338899467999,4.6091,2.3314438129630243e-06
8467,862.4366108710001,4.8871,2.325531467098768e-06
8468,862.5351548979997,6.3556,2.3195075703087153e-06
8469,862.6341038869996,6.0169,2.3134257098765268e-06
8470,862.7309524390002,6.1444,2.307318759938337e-06
8471,862.8296140279999,5.6645,2.301342064691331e-06
8472,862.929131597999,5.4601,2.295241382963009e-06
8473,863.0264098890002,6.5742,2.2891078279630108e-06
8474,863.1237426079988,6.2053,2.2830965029629338e-06
8475,863.2245403340003,4.9277,2.2770804661110924e-06
8476,863.3251730339998,6.2053,2.270877995802545e-06
8477,863.4266525319999,6.3917,2.2646673924074656e-06
8478,863.5243976950005,6.5694,2.2583905038272067e-06
8479,863.625339364,6.3234,2.25235639530868e-06
8480,863.7229771019993,5.4572,2.2460756103703683e-06
8481,863.8211389529988,5.4573,2.2400748825925856e-06
8482,863.9198158729996,5.871,2.2340045229629848e-06
8483,864.0213128129999,6.1733,2.2279167412963043e-06
8484,864.1211280200005,7.1336,2.221682225925986e-06
8485,864.2191787419997,6.4121,2.2154735304938225e-06
8486,864.3191488499997,6.7263,2.2094553285802954e-06
8487,864.418772609999,5.2859,2.2032952557407227e-06
8488,864.5189825399993,6.0718,2.197155679876589e-06
8489,864.6171928149997,5.779,2.190960059074143e-06
8490,864.7167418230001,5.5065,2.1848911791975847e-06
8491,864.8184332540004,6.738,2.178752977716042e-06
8492,864.9173459499998,5.5377,2.172484875432074e-06
8493,865.0235285380004,6.4706,2.1663324685185336e-06
8494,865.1218849199995,6.4015,2.1597643825926163e-06
8495,865.2181554349991,6.0378,2.153749582839515e-06
8496,865.3170683569988,6.0476,2.1478021227778035e-06
8497,865.4154926009996,5.0205,2.141705134876537e-06
8498,865.5137264209989,6.314,2.1356142693826907e-06
8499,865.6126713800004,5.9623,2.129554321666738e-06
8500,865.7121447529989,6.4641,2.1234492550617825e-06
8501,865.8098746729993,3.8949,2.1173149096295973e-06
8502,865.9064577179997,4.6769,2.1112766746296363e-06
8503,866.0068300839994,5.6164,2.1052488765431976e-06
8504,866.1079070790001,5.9134,2.0991244161111477e-06
8505,866.2049381029992,5.4171,2.0928935778394776e-06
8506,866.305965866999,6.3502,2.0868763982716587e-06
8507,866.4051527560005,5.9759,2.0806575464815016e-06
8508,866.5053612869997,5.8183,2.074532641543242e-06
8509,866.6044977780002,5.6164,2.068350596049373e-06
8510,866.7015084579998,6.3614,2.062210533950626e-06
8511,866.8004593499991,6.2942,2.0562234864814567e-06
8512,866.9006692599996,5.9842,2.0501370751852546e-06
8513,866.9988819159989,5.68,2.0439477348148162e-06
8514,867.0975904299994,4.9931,2.0378888246296467e-06
8515,867.1969684529995,4.9108,2.031782148642042e-06
8516,867.2931472969995,5.4683,2.025649032592597e-06
8517,867.392908722999,6.3389,2.0197081346913504e-06
8518,867.492034199,5.4667,2.013559813271576e-06
8519,867.5919125799992,6.4874,2.0074377396296197e-06
8520,867.6895373749994,6.8838,2.0012154578395283e-06
8521,867.7877951230003,5.3336,1.995253421111087e-06
8522,867.8861721699996,6.1637,1.9891839785802337e-06
8523,867.9829579759989,5.3838,1.983103498456823e-06
8524,868.0804990249999,5.7242,1.977123763950589e-06
8525,868.1812484000002,5.0868,1.9711169491358595e-06
8526,868.2790177299994,5.7471,1.9649130709876783e-06
8527,868.3779896710003,6.1023,1.9588601956790296e-06
8528,868.4780526699997,6.1941,1.9527425145679456e-06
8529,868.5757463819991,5.4388,1.9465827941357817e-06
8530,868.6745263619996,6.1395,1.940544548642048e-06
8531,868.7732631119998,5.465,1.9344417739506017e-06
8532,868.872601825,6.5964,1.928361759938291e-06
8533,868.973943859999,5.7396,1.9222232868518707e-06
8534,869.0723471429992,6.2158,1.915977024197596e-06
8535,869.1697918779992,5.721,1.909883221234604e-06
8536,869.2699637289988,5.8694,1.9038771250617148e-06
8537,869.3696338310001,6.6793,1.8977023054320642e-06
8538,869.4667849329999,5.692,1.8915500715432688e-06
8539,869.5674122879991,5.4594,1.885542654876593e-06
8540,869.6650716169988,4.6193,1.8793360603703403e-06
8541,869.7642742869994,5.7163,1.873289274506218e-06
8542,869.8603790159996,5.3346,1.8671737604938566e-06
8543,869.9617867069992,6.5544,1.8612448248148673e-06
8544,870.0611961449995,5.9479,1.8549831418518515e-06
8545,870.1605452229996,6.0945,1.8488520271605415e-06
8546,870.2592225959997,6.1998,1.8427221118519023e-06
8547,870.3542595819999,3.9412,1.8366220466049078e-06
8548,870.4528321809994,5.2977,1.8307557800617826e-06
8549,870.5517426989991,6.2631,1.8246776847530623e-06
8550,870.6506582599995,6.2527,1.8185766075308531e-06
8551,870.7499950509991,6.0879,1.8124684882098508e-06
8552,870.8473295200001,6.0954,1.806336478148185e-06
8553,870.9461852240001,6.0498,1.8003135684567575e-06
8554,871.0423739359994,6.4574,1.794215570555563e-06
8555,871.1409868209994,5.6462,1.7882816654321066e-06
8556,871.2399223720004,6.0349,1.7821714608642126e-06
8557,871.3394588520005,6.6375,1.7760927882715828e-06
8558,871.4384361840002,5.0823,1.769948932160559e-06
8559,871.5313128819998,6.664,1.7638406990123647e-06
8560,871.6294621159996,6.3428,1.758105738148136e-06
8561,871.7319192269988,5.6361,1.7520500383334027e-06
8562,871.8322057829992,6.0946,1.745724768333401e-06
8563,871.930858149999,6.4433,1.7395332812963183e-06
8564,872.0280260910004,4.5144,1.733379936975349e-06
8565,872.1245689839998,3.2428,1.7274387129012304e-06
8566,872.2213585819991,4.7517,1.7214724960493534e-06
8567,872.3207313479998,6.1474,1.7155133982098836e-06
8568,872.4201054739988,6.3121,1.7093720546913715e-06
8569,872.5170168209988,5.6073,1.7032354460494448e-06
8570,872.615636646,6.0383,1.6972564151234826e-06
8571,872.7146459659998,6.4192,1.6911898587037345e-06
8572,872.8142468200003,6.1544,1.685066700740745e-06
8573,872.9140104119997,5.9847,1.6789131754321286e-06
8574,873.0129315599988,6.3097,1.6727516058641811e-06
8575,873.1121537679992,5.3153,1.6666503925309218e-06
8576,873.2092269290006,5.2464,1.6605296895062405e-06
8577,873.3071653110001,4.8124,1.6545163860494372e-06
8578,873.4060184729988,6.3041,1.6484759182098908e-06
8579,873.5054614769997,5.2856,1.6423920951235016e-06
8580,873.6028361259996,4.2717,1.6362367567901937e-06
8581,873.701602219,5.2885,1.6301949646296833e-06
8582,873.799560296,6.1034,1.6241076783950815e-06
8583,873.8969216429996,6.1458,1.618089338024692e-06
8584,873.9947312139993,5.0014,1.612076351419789e-06
8585,874.0916081479991,5.926,1.6060460777778118e-06
8586,874.1883443490005,5.6074,1.6000582195062452e-06
8587,874.2846179489989,4.8296,1.5940763779629664e-06
8588,874.3825361250001,4.6622,1.5881384116666454e-06
8589,874.4799142560005,5.4332,1.5820854311111632e-06
8590,874.5800242820005,4.4642,1.5760788894444155e-06
8591,874.6787523200001,6.1985,1.5699082397530929e-06
8592,874.7812896180003,5.2107,1.5638103981482244e-06
8593,874.8796552709991,5.6851,1.5574954502469096e-06
8594,874.9768429529995,5.5969,1.5513530012963128e-06
8595,875.0751826079995,5.7244,1.5454165112346376e-06
8596,875.172769724999,6.1183,1.539349619135777e-06
8597,875.2716436270002,6.3896,1.5333273916666612e-06
8598,875.368479544999,6.0068,1.5272356121605047e-06
8599,875.467491641999,6.4931,1.5212393325308772e-06
8600,875.565272890999,5.8358,1.5151297412963395e-06
8601,875.6639701259992,6.2026,1.5090930811729132e-06
8602,875.7609610569998,5.7393,1.5029948025926667e-06
8603,875.8606726090002,5.8443,1.497006776666643e-06
8604,875.9620480039994,6.1183,1.4908654310494486e-06
8605,876.0632095059991,5.4664,1.4846103668518185e-06
8606,876.1629407010005,5.5183,1.478361905987702e-06
8607,876.2619455209988,6.3029,1.4722084464198317e-06
8608,876.3594980779999,5.9268,1.4660915069752813e-06
8609,876.4572868550003,6.836,1.4600601555555871e-06
8610,876.5598286379991,5.5611,1.4540278156790822e-06
8611,876.6585575270001,5.7157,1.4477041949999991e-06
8612,876.7590710669992,6.2575,1.441607615617252e-06
8613,876.8586602710002,5.517,1.4354038250000757e-06
8614,876.9590615839988,6.7429,1.4292318667284477e-06
8615,877.0592376730001,5.7196,1.423054093024745e-06
8616,877.1591958249992,6.2921,1.4168214764197719e-06
8617,877.2577207060003,6.3406,1.4107061995061622e-06
8618,877.3570299999992,5.4644,1.4046210701234297e-06
8619,877.4543371759992,6.6162,1.3984943078395651e-06
8620,877.5549631220001,5.4324,1.3924733843209692e-06
8621,877.653840514,6.3123,1.3862077181482081e-06
8622,877.7534895690005,4.5301,1.380163427222192e-06
8623,877.8508696839999,6.4276,1.3739698482098607e-06
8624,877.9474609400004,6.1371,1.3680133601851996e-06
8625,878.0455178439988,4.9155,1.362049734197518e-06
8626,878.1436544509997,6.1697,1.3559986725309004e-06
8627,878.2395750470005,5.4662,1.3499330814197464e-06
8628,878.3378196920003,5.5833,1.3440116943209791e-06
8629,878.4359171140004,4.9785,1.337948489444446e-06
8630,878.5346594379989,5.4289,1.3319040537655036e-06
8631,878.6334215329989,6.0022,1.3257469690741375e-06
8632,878.7326029659998,6.5426,1.3197009720987585e-06
8633,878.830272362,5.7209,1.3135762483333037e-06
8634,878.9213674740004,6.8291,1.3075508032099226e-06
8635,879.0167343310004,3.4259,1.3019506677160898e-06
8636,879.1150535910001,6.5641,1.296034255123524e-06
8637,879.2109909549999,6.1514,1.2899707285802754e-06
8638,879.3091248709989,5.4348,1.2840463509876998e-06
8639,879.4079659239997,6.3183,1.2779916848148222e-06
8640,879.5049368309992,5.5738,1.2718907908024603e-06
8641,879.6056399669997,5.5877,1.2658279611728884e-06
8642,879.7054512579998,6.4635,1.25967382185182e-06
8643,879.8079944330002,6.3517,1.253535643024667e-06
8644,879.9082451319991,5.6284,1.247201429320999e-06
8645,880.0059399429992,5.1683,1.2410058119753043e-06
8646,880.0973067180003,6.4435,1.2349093096296782e-06
8647,880.196941442,5.2864,1.2293549677778404e-06
8648,880.2961896409997,5.5125,1.2231881514814913e-06
8649,880.396508853999,5.8079,1.217052129321039e-06
8650,880.4926788150005,5.0687,1.2108728675308545e-06
8651,880.5903433589992,5.6959,1.204892453580314e-06
8652,880.688770159999,4.8401,1.1988941895062333e-06
8653,880.7884191550002,5.4683,1.1928165250000012e-06
8654,880.8867454659994,4.9017,1.186612566111145e-06
8655,880.9842944819993,5.987,1.1806079449999952e-06
8656,881.0818810889996,6.1946,1.1745866183333897e-06
8657,881.1789776349997,5.8733,1.16855688660496e-06
8658,881.2757913980004,4.5054,1.1625684635185484e-06
8659,881.3752673409999,6.2437,1.156591075802488e-06
8660,881.4735802449995,5.3905,1.1504593496913517e-06
8661,881.5715474939989,5.8771,1.1443766961111768e-06
8662,881.6718457299994,6.1987,1.1383430699383412e-06
8663,881.7695130199991,4.9308,1.1321356589506171e-06
8664,881.8656229799999,6.2947,1.1261134973456488e-06
8665,881.9654942540001,5.3779,1.1201575946914233e-06
8666,882.0611525619988,6.6277,1.1140127932099453e-06
8667,882.1599754580002,4.7262,1.1081082262963171e-06
8668,882.2576886389998,6.0245,1.1020181863579948e-06
8669,882.3545819390001,4.635,1.0959832838888795e-06
8670,882.4515548679992,5.0172,1.0899981886420107e-06
8671,882.5511543579996,5.8702,1.0840036093827888e-06
8672,882.6507681319999,4.8862,1.0778763350000721e-06
8673,882.748529565999,5.9323,1.071719756358075e-06
8674,882.8486822279992,6.0279,1.0656855977160596e-06
8675,882.946583564999,4.453,1.0594971840123702e-06
8676,883.0417273349995,4.9636,1.0534562754321408e-06
8677,883.1388536089999,5.9085,1.0475798619752842e-06
8678,883.2340147579998,5.5642,1.04160082203702e-06
8679,883.3314718419988,5.7335,1.035709859753059e-06
8680,883.4303304219993,5.6485,1.029692343024663e-06
8681,883.5278975279998,6.1018,1.0235996696913718e-06
8682,883.6259358339994,5.4757,1.017563406975358e-06
8683,883.7222549999988,2.2832,1.0115190402468887e-06
8684,883.8219829499994,5.4288,1.0055581908024747e-06
8685,883.9215476190002,6.1333,9.99365760740767e-07
8686,884.019944837999,6.0082,9.932719497531106e-07
8687,884.1129109100002,4.8629,9.87209337716105e-07
8688,884.213199591999,6.3583,9.814769064814765e-07
8689,884.310811506999,5.7681,9.75276528148178e-07
8690,884.4084779940004,5.1992,9.69246534938334e-07
8691,884.5056334130004,5.6287,9.632133014197353e-07
8692,884.6043810669998,6.2021,9.572067472222834e-07
8693,884.7012249769996,3.7471,9.510842089505867e-07
8694,884.7987881739991,5.2566,9.451314445061477e-07
8695,884.8955828189992,5.1661,9.391270333333202e-07
8696,884.9953768889991,6.0192,9.33114655987688e-07
8697,885.0941041410006,5.2029,9.26997672407387e-07
8698,885.192011277999,6.0324,9.208999184568134e-07
8699,885.2905904090003,6.2209,9.148498787654725e-07
8700,885.3868589840004,6.4978,9.087667804321687e-07
8701,885.4865487349998,6.1368,9.028183165431913e-07
8702,885.584782938,6.4345,8.966773705556153e-07
8703,885.6829995190001,6.0604,8.906000241358347e-07
8704,885.7821207409997,6.0303,8.845329617283682e-07
8705,885.8809599510005,6.2484,8.784265659259882e-07
8706,885.9794072099994,4.9199,8.723249321605009e-07
8707,886.0764938299999,5.376,8.662533454321164e-07
8708,886.1763798760003,6.2804,8.60254098765445e-07
8709,886.2752025539994,6.8787,8.540989553086632e-07
8710,886.3732803940002,5.4346,8.479981976543705e-07
8711,886.4713677149994,5.7314,8.4193233172839e-07
8712,886.5711477820005,5.6469,8.358363441975269e-07
8713,886.6679214510004,6.0212,8.297172624074479e-07
8714,886.7660293600002,5.506,8.237314866666457e-07
8715,886.8639556229991,4.9092,8.176839789506119e-07
8716,886.9675228809992,6.4599,8.116358603086904e-07
8717,887.0641936190004,6.073,8.052497564197292e-07
8718,887.1648113939991,5.9171,7.99211104506159e-07
8719,887.2631507919996,6.2877,7.930795204321606e-07
8720,887.3642134229995,7.1517,7.870101439506061e-07
8721,887.4665289789991,5.2396,7.807167099382895e-07
8722,887.5636364780003,4.5387,7.744510325926658e-07
8723,887.6624137069994,6.2779,7.684455498147835e-07
8724,887.7606516029991,6.2373,7.623576395061393e-07
8725,887.8591393030001,6.2812,7.562996873457461e-07
8726,887.957437953999,6.2841,7.50219186358081e-07
8727,888.0565271359992,6.4402,7.441411588271496e-07
8728,888.1553623529999,6.2691,7.380269906789861e-07
8729,888.2569563340003,6.3217,7.319344996296496e-07
8730,888.357833823,6.2166,7.256639558641975e-07
8731,888.4577525019995,6.0118,7.194248263580061e-07
8732,888.5498811329999,6.1027,7.132654701234532e-07
8733,888.6475653929992,5.4816,7.075805777160771e-07
8734,888.7448815919997,6.1553,7.015484414197415e-07
8735,888.8411889639992,5.7799,6.955431334568441e-07
8736,888.940683408,6.4258,6.895879664197857e-07
8737,889.0394648450001,5.9911,6.834535751852278e-07
8738,889.1368890640006,5.3973,6.773636272839501e-07
8739,889.2354992820001,6.0507,6.713299387654748e-07
8740,889.3330366270002,5.7276,6.652556593826964e-07
8741,889.4298258719991,5.959,6.59230225432067e-07
8742,889.5288697840006,5.4285,6.532584993209745e-07
8743,889.6304273719998,5.5912,6.47145200370386e-07
8744,889.7310041199999,5.8187,6.408808425308999e-07
8745,889.8291671019997,5.3475,6.346695353703913e-07
8746,889.9304541769998,6.6978,6.286021536420272e-07
8747,890.0291546049993,6.4059,6.222941551852379e-07
8748,890.1295831309999,6.1853,6.162509358641655e-07
8749,890.2301999449992,6.2661,6.10066641358098e-07
8750,890.3227436839989,6.2594,6.037789535184856e-07
8751,890.4221109930004,5.054,5.981537698148742e-07
8752,890.5210305199998,6.3843,5.919454691358628e-07
8753,890.6190067049993,6.3744,5.858974875926293e-07
8754,890.7163696209991,6.0806,5.798599350000155e-07
8755,890.8134368049996,4.4041,5.738269311110822e-07
8756,890.9139554390003,5.6978,5.678428873457431e-07
8757,891.0132823269996,5.3479,5.616446481481352e-07
8758,891.112227227999,6.125,5.555139455556136e-07
8759,891.2105750480005,4.1248,5.494023433950556e-07
8760,891.3072828579989,4.88,5.433282272839791e-07
8761,891.4048593909993,5.2505,5.373584501234707e-07
8762,891.5037276570001,5.9627,5.313329730864847e-07
8763,891.6025951339998,6.0322,5.252356796913382e-07
8764,891.7029997689988,6.5134,5.191406833950585e-07
8765,891.8013888959995,6.7452,5.129462066666591e-07
8766,891.8977973309993,6.4795,5.06870084691402e-07
8767,891.9960632700004,5.8892,5.009068146296425e-07
8768,892.095793339,6.1143,4.948533210494211e-07
8769,892.1969971750004,6.3419,4.886514161728306e-07
8770,892.2971366349993,5.4387,4.8245223154324e-07
8771,892.3957832159995,5.0484,4.76260173518539e-07
8772,892.4955469389988,4.9783,4.7016805037036203e-07
8773,892.5948271750003,6.713,4.640195800617031e-07
8774,892.6944668369997,5.7482,4.578891724074219e-07
8775,892.7918585379994,6.4958,4.5173124141978385e-07
8776,892.8880693680003,4.715,4.4571906827166057e-07
8777,892.9840943489999,6.5648,4.397806530864801e-07
8778,893.081746545,6.4669,4.338488116666872e-07
8779,893.1794780069995,5.2174,4.2783055759262893e-07
8780,893.2776713759995,5.398,4.2179480172847006e-07
8781,893.3772514789998,6.212,4.1573110444443343e-07
8782,893.4762252769997,3.5707,4.09557683456846e-07
8783,893.5755667680005,6.2637,4.0347829197535103e-07
8784,893.6764401580003,6.4936,3.973429884568558e-07
8785,893.7744447099994,4.2203,3.910658331481909e-07
8786,893.872968308,5.8205,3.8507100172842094e-07
8787,893.971035229999,6.3027,3.789931200000485e-07
8788,894.0688627399995,5.1879,3.7294041030870863e-07
8789,894.165703179,5.1211,3.669013198765392e-07
8790,894.2661350999988,5.5529,3.6092573771608905e-07
8791,894.3647112679992,6.2037,3.547178495061698e-07
8792,894.462545680999,5.8235,3.486368404938489e-07
8793,894.5630275579988,5.4831,3.4260017135800403e-07
8794,894.6642154109995,5.6379,3.363672314815547e-07
8795,894.7609023690002,6.0692,3.30120482716062e-07
8796,894.8613200300006,6.5359,3.241691918518919e-07
8797,894.960284626999,6.0777,3.179789740740624e-07
8798,895.0580066940001,6.2345,3.1186652314811884e-07
8799,895.1551010399999,5.7358,3.0584166061729535e-07
8800,895.2543929169988,6.5757,2.998167943826902e-07
8801,895.3549571579988,6.0313,2.937274591358008e-07
8802,895.4554796569992,5.6374,2.8751341450616863e-07
8803,895.5526568379992,4.813,2.8128772648145507e-07
8804,895.6495726859994,6.0882,2.7528992629626827e-07
8805,895.7484816960005,5.7139,2.6931451456793653e-07
8806,895.8455516649992,4.857,2.632190304321713e-07
8807,895.9444028300004,5.4359,2.5721849302465793e-07
8808,896.0431413030001,5.9206,2.511333008642147e-07
8809,896.1425426980004,5.527,2.450279562963509e-07
8810,896.2398249540001,4.8268,2.3883271827159216e-07
8811,896.3383484850001,5.8657,2.3288766703702947e-07
8812,896.4409124220001,6.2424,2.268015823456482e-07
8813,896.5403301019996,6.3129,2.204550709876352e-07
8814,896.6384077130006,4.475,2.143292691357879e-07
8815,896.7364169609991,5.6482,2.082815627160506e-07
8816,896.8351604439995,6.1682,2.022245314814708e-07
8817,896.9344061169995,6.2757,1.9615006611117815e-07
8818,897.0335503770002,5.8828,1.90011672098811e-07
8819,897.1335708629995,5.9134,1.8388949234565689e-07
8820,897.2306569199991,5.9939,1.7772894432103726e-07
8821,897.3283855289992,5.4553,1.716450524691049e-07
8822,897.4245097999992,5.6648,1.6568041759265073e-07
8823,897.5214455659989,5.9794,1.5974292493826093e-07
8824,897.6194953720005,7.0571,1.5377769271601726e-07
8825,897.7161375369997,5.8887,1.4772688345686126e-07
8826,897.8157239809989,5.173,1.417500672840022e-07
8827,897.9118427439989,6.3318,1.3561390111113125e-07
8828,898.0075649239989,4.5743,1.2966475074072116e-07
8829,898.106847654999,6.1611,1.2376403148147698e-07
8830,898.204607194999,5.3902,1.176467752469046e-07
8831,898.2998619139998,6.3805,1.1160229814822231e-07
8832,898.3970182939993,5.68,1.0571260018518714e-07
8833,898.4967029139989,6.0956,9.972721796298045e-08
8834,898.5942919099998,5.8143,9.358027790127844e-08
8835,898.6912417849999,6.5895,8.755430993825364e-08
8836,898.7902051259989,5.4779,8.1555462901306e-08
8837,898.8889755149994,5.9472,7.544833061728928e-08
8838,898.9889270149997,6.048,6.935437654321253e-08
8839,899.0901061109998,6.411,6.319537345680915e-08
8840,899.1887295010001,6.0876,5.694573086421629e-08
8841,899.2874927600005,6.2378,5.085473222225523e-08
8842,899.392360808999,5.3962,4.4753508395112276e-08
8843,899.489767736999,6.0137,3.8288199753139245e-08
8844,899.5899738669996,5.7559,3.227909975313526e-08
8845,899.6888294910004,4.7803,2.607643425927564e-08
8846,899.7817233980004,6.2121,1.992537074071432e-08
8847,899.8780696049998,5.286,1.4270848950675985e-08
8848,899.9753939729999,5.9292,8.28657129631205e-09
8849,900.0726194399995,5.8571,2.300025061802158e-09
